Open_time,Open,High,Low,Close,Volume,Close_time,Quote_asset_volume,Number_of_trades,Taker_buy_base_asset_volume,Taker_buy_quote_asset_volume
2025-01-01 00:00:00,3337.78,3365.71,3335.84,3363.7,8894.4444,2025-01-01 00:59:59.999,29821272.008211,54290,5447.5324,18265028.781159
2025-01-01 01:00:00,3363.69,3366.4,3342.67,3346.54,6138.1376,2025-01-01 01:59:59.999,20594980.615146,46722,3381.6276,11348564.273757
2025-01-01 02:00:00,3346.54,3368.42,3346.35,3362.61,8775.81,2025-01-01 02:59:59.999,29461419.591325,44926,4749.999,15945033.486324
2025-01-01 03:00:00,3362.61,3363.72,3351.0,3355.2,4025.4646,2025-01-01 03:59:59.999,13514045.153526,22334,2120.5609,7118731.551924
2025-01-01 04:00:00,3355.2,3356.61,3339.45,3341.14,4626.6506,2025-01-01 04:59:59.999,15488161.894969,22341,2331.6731,7805696.979522
2025-01-01 05:00:00,3341.14,3351.57,3340.02,3345.41,3247.0621,2025-01-01 05:59:59.999,10867391.533464,21388,1894.0039,6338939.554774
2025-01-01 06:00:00,3345.41,3348.0,3336.88,3346.6,6325.1491,2025-01-01 06:59:59.999,21140695.620565,25641,2074.2864,6934002.717033
2025-01-01 07:00:00,3346.61,3350.49,3339.35,3347.12,5869.4211,2025-01-01 07:59:59.999,19625068.233604,19809,3939.0253,13171481.48967
2025-01-01 08:00:00,3347.11,3348.84,3331.56,3337.01,8469.9751,2025-01-01 08:59:59.999,28278767.529896,46052,3837.9354,12812434.753562
2025-01-01 09:00:00,3337.0,3341.0,3313.88,3334.64,18722.6924,2025-01-01 09:59:59.999,62229421.935142,83422,8514.2489,28301959.23416
2025-01-01 10:00:00,3334.83,3338.82,3325.7,3326.69,5694.9502,2025-01-01 10:59:59.999,18977736.862663,37356,2123.9246,7079453.78606
2025-01-01 11:00:00,3326.69,3348.35,3323.71,3341.0,6732.5827,2025-01-01 11:59:59.999,22454456.62237,44031,4415.7242,14726137.391435
2025-01-01 12:00:00,3341.01,3352.31,3338.58,3347.46,5866.8953,2025-01-01 12:59:59.999,19637051.889393,41652,3404.9374,11397019.591878
2025-01-01 13:00:00,3347.46,3353.5,3332.51,3343.37,6632.2317,2025-01-01 13:59:59.999,22160117.15103,42125,3538.8257,11823762.262911
2025-01-01 14:00:00,3343.37,3359.37,3328.2,3345.86,10728.9812,2025-01-01 14:59:59.999,35871017.645023,92956,5302.2369,17732886.056626
2025-01-01 15:00:00,3345.86,3355.91,3333.42,3352.93,7671.632,2025-01-01 15:59:59.999,25666642.189719,61491,4245.4013,14205594.37625
2025-01-01 16:00:00,3352.93,3357.19,3332.26,3338.68,9897.787,2025-01-01 16:59:59.999,33103234.857482,80587,4475.8184,14970001.110951
2025-01-01 17:00:00,3338.68,3344.81,3323.03,3343.7,6245.6219,2025-01-01 17:59:59.999,20822635.175179,65178,3590.1183,11971872.889975
2025-01-01 18:00:00,3343.71,3352.0,3333.26,3348.57,7571.9247,2025-01-01 18:59:59.999,25315460.403247,60088,4353.2154,14553928.918721
2025-01-01 19:00:00,3348.57,3364.14,3337.92,3356.55,12249.5259,2025-01-01 19:59:59.999,41051947.292541,82872,7126.9666,23890123.638599
2025-01-01 20:00:00,3356.56,3362.6,3352.0,3360.4,9048.4681,2025-01-01 20:59:59.999,30383639.19228,49214,6017.4775,20206221.204971
2025-01-01 21:00:00,3360.41,3371.39,3353.76,3368.39,8283.2453,2025-01-01 21:59:59.999,27849157.361957,41273,4330.8091,14562782.239581
2025-01-01 22:00:00,3368.39,3374.85,3359.0,3361.63,12395.1235,2025-01-01 22:59:59.999,41727676.955827,40430,5080.9531,17106176.979216
2025-01-01 23:00:00,3361.63,3366.79,3352.66,3360.38,6124.8096,2025-01-01 23:59:59.999,20571397.981406,56041,3220.7203,10817425.018403
2025-01-02 00:00:00,3360.39,3400.0,3354.5,3389.92,25353.4495,2025-01-02 00:59:59.999,85833727.021767,126206,14624.3318,49526369.545417
2025-01-02 01:00:00,3389.91,3405.6,3377.72,3383.92,12042.4553,2025-01-02 01:59:59.999,40868396.324894,87332,5309.9152,18015056.479195
2025-01-02 02:00:00,3383.93,3398.5,3378.0,3398.49,6649.5622,2025-01-02 02:59:59.999,22533126.768687,54839,3670.8299,12439268.226343
2025-01-02 03:00:00,3398.49,3401.99,3387.23,3388.55,8153.031,2025-01-02 03:59:59.999,27656839.097025,44994,3086.1367,10470858.041059
2025-01-02 04:00:00,3388.54,3427.54,3388.0,3417.69,21263.6161,2025-01-02 04:59:59.999,72391803.217634,94261,11895.905,40516492.867238
2025-01-02 05:00:00,3417.69,3419.14,3403.99,3412.39,9082.2648,2025-01-02 05:59:59.999,30991011.984784,51456,3921.4996,13381258.412487
2025-01-02 06:00:00,3412.4,3415.68,3402.13,3410.37,6764.2091,2025-01-02 06:59:59.999,23048339.477133,50806,3308.9221,11274674.172111
2025-01-02 07:00:00,3410.37,3422.0,3408.79,3420.05,8269.1047,2025-01-02 07:59:59.999,28252863.243661,42236,4209.446,14381999.094498
2025-01-02 08:00:00,3420.06,3442.62,3414.21,3437.93,12781.0633,2025-01-02 08:59:59.999,43804109.260711,65582,6917.5515,23713664.618287
2025-01-02 09:00:00,3437.92,3470.0,3434.4,3467.95,16975.8994,2025-01-02 09:59:59.999,58542885.090223,100841,9183.4391,31683255.988959
2025-01-02 10:00:00,3467.94,3476.0,3457.99,3468.81,13175.5473,2025-01-02 10:59:59.999,45685126.303361,93224,6601.0814,22889810.197357
2025-01-02 11:00:00,3468.81,3475.0,3456.87,3471.18,8525.1221,2025-01-02 11:59:59.999,29556505.943438,61055,3599.5706,12481220.583463
2025-01-02 12:00:00,3471.18,3481.14,3465.93,3480.48,11713.9902,2025-01-02 12:59:59.999,40709693.06386,64061,6604.3999,22952077.648467
2025-01-02 13:00:00,3480.48,3484.4,3459.44,3465.85,17496.4264,2025-01-02 13:59:59.999,60701567.740016,88617,6833.0186,23705533.381475
2025-01-02 14:00:00,3465.86,3509.99,3440.38,3495.19,48467.5536,2025-01-02 14:59:59.999,168408230.173653,281276,26008.4103,90396144.577688
2025-01-02 15:00:00,3495.15,3496.26,3456.52,3463.51,22439.9878,2025-01-02 15:59:59.999,77915212.415771,236083,9772.9855,33933137.533989
2025-01-02 16:00:00,3463.52,3491.19,3448.6,3469.54,20071.7158,2025-01-02 16:59:59.999,69727785.40037,153704,9939.2854,34538620.041251
2025-01-02 17:00:00,3469.54,3478.95,3428.99,3450.46,19324.2089,2025-01-02 17:59:59.999,66716679.19113,180336,8934.4566,30827287.818543
2025-01-02 18:00:00,3450.42,3465.53,3440.21,3465.24,10697.789,2025-01-02 18:59:59.999,36965501.309991,95569,6056.3834,20928337.158971
2025-01-02 19:00:00,3465.23,3474.69,3459.13,3463.18,9031.3711,2025-01-02 19:59:59.999,31307112.830875,99256,4263.5035,14781854.66277
2025-01-02 20:00:00,3463.18,3475.28,3452.04,3453.0,7230.9041,2025-01-02 20:59:59.999,25040374.742552,101053,3163.6262,10958210.657571
2025-01-02 21:00:00,3453.0,3455.93,3443.01,3454.2,6454.7338,2025-01-02 21:59:59.999,22268213.059854,65509,3093.6518,10672660.603515
2025-01-02 22:00:00,3454.2,3454.2,3421.79,3440.61,9097.7128,2025-01-02 22:59:59.999,31267872.324324,70592,4003.6014,13759937.616604
2025-01-02 23:00:00,3440.6,3456.99,3437.49,3455.67,7571.1691,2025-01-02 23:59:59.999,26093256.177168,64187,4042.4112,13933325.594707
2025-01-03 00:00:00,3455.68,3466.54,3446.75,3449.22,6987.2027,2025-01-03 00:59:59.999,24142989.449582,73135,3396.5806,11739650.408758
2025-01-03 01:00:00,3449.22,3465.59,3442.62,3464.83,7084.8117,2025-01-03 01:59:59.999,24474943.399401,64695,4036.1842,13946072.99341
2025-01-03 02:00:00,3464.83,3477.03,3457.04,3457.95,9491.4632,2025-01-03 02:59:59.999,32922745.205763,53028,6240.519,21648409.788808
2025-01-03 03:00:00,3457.96,3472.89,3456.02,3470.16,6813.8043,2025-01-03 03:59:59.999,23598958.907796,38355,4179.0944,14472443.127251
2025-01-03 04:00:00,3470.17,3470.94,3456.0,3458.38,4721.452,2025-01-03 04:59:59.999,16349479.601711,40012,2051.9729,7105399.699152
2025-01-03 05:00:00,3458.39,3460.51,3444.81,3455.98,5278.9939,2025-01-03 05:59:59.999,18224670.185645,50853,2329.2645,8041955.393571
2025-01-03 06:00:00,3455.98,3461.51,3442.0,3442.6,6067.3688,2025-01-03 06:59:59.999,20938264.106128,48851,2203.1869,7605052.989998
2025-01-03 07:00:00,3442.59,3444.4,3432.44,3433.27,10366.9208,2025-01-03 07:59:59.999,35641678.485103,55948,3973.0416,13657393.63383
2025-01-03 08:00:00,3433.27,3442.51,3423.44,3430.2,9863.8558,2025-01-03 08:59:59.999,33857666.905957,57564,4307.3348,14787774.568707
2025-01-03 09:00:00,3430.2,3450.85,3429.11,3443.62,8419.4183,2025-01-03 09:59:59.999,28985991.868614,65712,4607.357,15861277.17215
2025-01-03 10:00:00,3443.63,3452.0,3438.59,3446.01,6043.2111,2025-01-03 10:59:59.999,20819663.204465,45253,3068.6576,10572367.992155
2025-01-03 11:00:00,3446.0,3468.01,3446.0,3465.62,8910.8343,2025-01-03 11:59:59.999,30819533.635978,57913,4943.3177,17096915.145511
2025-01-03 12:00:00,3465.61,3476.53,3461.26,3463.83,9335.3841,2025-01-03 12:59:59.999,32375135.988769,68247,4156.0366,14416091.263957
2025-01-03 13:00:00,3463.83,3498.38,3463.51,3481.85,20429.6258,2025-01-03 13:59:59.999,71206359.75484,149023,10380.6026,36184248.790632
2025-01-03 14:00:00,3481.86,3536.64,3481.61,3527.19,40404.7648,2025-01-03 14:59:59.999,142090519.458483,261830,22742.4826,79954582.846487
2025-01-03 15:00:00,3527.19,3576.0,3520.09,3565.13,43427.6596,2025-01-03 15:59:59.999,154140075.328199,272831,21926.337,77840800.115757
2025-01-03 16:00:00,3565.14,3598.8,3565.14,3584.28,36438.0576,2025-01-03 16:59:59.999,130641816.16462,237465,16635.2892,59637472.297198
2025-01-03 17:00:00,3584.28,3593.45,3573.6,3575.47,17057.277,2025-01-03 17:59:59.999,61098722.475532,109883,8528.9518,30553285.535518
2025-01-03 18:00:00,3575.47,3617.5,3574.08,3605.59,21918.6992,2025-01-03 18:59:59.999,78950409.875628,146308,11856.7947,42702913.702416
2025-01-03 19:00:00,3605.59,3630.0,3602.24,3622.83,16233.7184,2025-01-03 19:59:59.999,58744755.854046,123501,9043.8938,32722865.887784
2025-01-03 20:00:00,3622.82,3623.44,3600.0,3600.57,12673.3172,2025-01-03 20:59:59.999,45739737.372632,99102,5118.1165,18472522.168511
2025-01-03 21:00:00,3600.57,3616.69,3595.0,3614.39,9275.1467,2025-01-03 21:59:59.999,33477884.711323,75489,5137.6224,18545208.411735
2025-01-03 22:00:00,3614.38,3624.38,3610.21,3616.18,9072.8703,2025-01-03 22:59:59.999,32829134.083733,52573,4959.1374,17946628.460104
2025-01-03 23:00:00,3616.19,3617.72,3604.63,3609.01,7725.2028,2025-01-03 23:59:59.999,27882765.077866,46240,3372.2992,12170893.637562
2025-01-04 00:00:00,3609.0,3620.86,3601.81,3602.41,8720.3463,2025-01-04 00:59:59.999,31474026.323655,55923,3964.8751,14313680.844769
2025-01-04 01:00:00,3602.42,3604.11,3579.92,3596.27,12627.9075,2025-01-04 01:59:59.999,45333984.042005,72687,5569.2102,19991672.288732
2025-01-04 02:00:00,3596.28,3600.0,3582.88,3596.4,5799.9804,2025-01-04 02:59:59.999,20833041.859226,46402,3094.7088,11117234.947316
2025-01-04 03:00:00,3596.4,3600.42,3591.0,3597.97,4911.3179,2025-01-04 03:59:59.999,17659059.167705,36148,2778.9014,9991144.413437
2025-01-04 04:00:00,3597.98,3597.98,3584.16,3591.47,6145.7455,2025-01-04 04:59:59.999,22059143.802944,35558,3396.9739,12192567.002025
2025-01-04 05:00:00,3591.48,3597.01,3586.71,3596.65,6759.1067,2025-01-04 05:59:59.999,24284563.82033,32206,4182.8293,15029597.17947
2025-01-04 06:00:00,3596.66,3607.13,3595.2,3600.61,8055.571,2025-01-04 06:59:59.999,29000885.850275,36769,4745.75,17085795.000413
2025-01-04 07:00:00,3600.61,3609.81,3593.2,3594.04,8427.0417,2025-01-04 07:59:59.999,30351249.45913,40112,4857.7653,17499003.470446
2025-01-04 08:00:00,3594.05,3603.62,3585.0,3585.01,8414.6727,2025-01-04 08:59:59.999,30240674.032951,42354,4921.6144,17687641.310541
2025-01-04 09:00:00,3585.01,3595.58,3583.73,3589.55,5935.4402,2025-01-04 09:59:59.999,21305117.580622,42474,2591.8843,9302283.87814
2025-01-04 10:00:00,3589.55,3592.57,3572.42,3588.09,6155.1131,2025-01-04 10:59:59.999,22041095.34113,51946,2875.9573,10298908.190447
2025-01-04 11:00:00,3588.08,3605.57,3585.0,3602.01,6166.174,2025-01-04 11:59:59.999,22166750.258089,41366,3755.6335,13503347.704274
2025-01-04 12:00:00,3602.01,3644.4,3600.62,3635.52,19709.5732,2025-01-04 12:59:59.999,71507914.09204,126280,10957.4294,39755634.522441
2025-01-04 13:00:00,3635.53,3649.66,3626.32,3644.0,15195.3965,2025-01-04 13:59:59.999,55284924.628556,95303,7562.8753,27520779.074179
2025-01-04 14:00:00,3644.0,3647.03,3633.1,3636.99,10596.9781,2025-01-04 14:59:59.999,38580681.080804,59132,4416.638,16081763.591851
2025-01-04 15:00:00,3637.0,3663.25,3592.06,3607.81,29445.2197,2025-01-04 15:59:59.999,106648993.303656,188909,13463.5102,48776760.262689
2025-01-04 16:00:00,3607.81,3628.23,3601.62,3622.09,13219.1063,2025-01-04 16:59:59.999,47827738.443847,105077,6798.6928,24602893.339803
2025-01-04 17:00:00,3622.09,3634.1,3620.01,3633.31,7443.0027,2025-01-04 17:59:59.999,26998236.237483,76304,3801.4132,13789413.11623
2025-01-04 18:00:00,3633.32,3644.54,3619.61,3626.73,5942.0122,2025-01-04 18:59:59.999,21590264.1649,65937,2586.3725,9398707.094319
2025-01-04 19:00:00,3626.73,3639.39,3624.24,3631.14,5014.6305,2025-01-04 19:59:59.999,18207719.765591,60202,2482.7301,9013590.36813
2025-01-04 20:00:00,3631.13,3668.0,3631.13,3660.47,11788.1643,2025-01-04 20:59:59.999,43062556.114261,95606,6587.2268,24063454.80717
2025-01-04 21:00:00,3660.47,3671.6,3654.73,3658.11,10460.5936,2025-01-04 21:59:59.999,38311789.088263,73304,5797.6858,21235880.574196
2025-01-04 22:00:00,3658.12,3662.92,3646.0,3660.09,5837.6981,2025-01-04 22:59:59.999,21332720.938157,46169,2417.2142,8836145.059877
2025-01-04 23:00:00,3660.08,3665.75,3651.12,3656.88,6495.5211,2025-01-04 23:59:59.999,23761675.464217,41687,3215.2565,11762963.045991
2025-01-05 00:00:00,3656.88,3675.25,3648.32,3650.11,7721.2453,2025-01-05 00:59:59.999,28260957.018666,67691,4044.929,14809405.452431
2025-01-05 01:00:00,3650.11,3651.35,3631.28,3636.78,7251.8803,2025-01-05 01:59:59.999,26402221.58469,64621,2960.41,10780565.935369
2025-01-05 02:00:00,3636.79,3645.37,3635.0,3641.41,3940.0888,2025-01-05 02:59:59.999,14340201.856916,41384,1806.2136,6573558.055997
2025-01-05 03:00:00,3641.42,3641.56,3629.66,3637.79,4257.575,2025-01-05 03:59:59.999,15474331.532559,32044,1833.3715,6662327.088427
2025-01-05 04:00:00,3637.79,3650.44,3637.17,3644.3,5267.2416,2025-01-05 04:59:59.999,19195405.678746,43604,3219.2319,11732414.633355
2025-01-05 05:00:00,3644.31,3644.31,3631.14,3632.65,3565.7741,2025-01-05 05:59:59.999,12965828.190511,45357,1503.6689,5468655.508504
2025-01-05 06:00:00,3632.65,3641.83,3629.0,3639.08,2493.9537,2025-01-05 06:59:59.999,9067969.780135,32778,1524.2145,5542367.747136
2025-01-05 07:00:00,3639.09,3641.26,3630.2,3631.56,3206.8857,2025-01-05 07:59:59.999,11655140.289182,34743,1837.6319,6678416.801092
2025-01-05 08:00:00,3631.55,3633.29,3607.35,3620.01,10062.2175,2025-01-05 08:59:59.999,36411422.485464,80921,4783.1955,17309609.754155
2025-01-05 09:00:00,3620.0,3623.4,3605.0,3609.46,6934.7639,2025-01-05 09:59:59.999,25065028.713056,54853,3495.2434,12636776.790812
2025-01-05 10:00:00,3609.49,3618.12,3603.33,3615.62,6390.2224,2025-01-05 10:59:59.999,23085597.732127,71008,3531.6887,12760197.983412
2025-01-05 11:00:00,3615.61,3620.96,3609.61,3613.47,5702.4335,2025-01-05 11:59:59.999,20604386.110491,43079,3209.7752,11599080.700825
2025-01-05 12:00:00,3613.46,3622.82,3605.0,3614.08,6026.4379,2025-01-05 12:59:59.999,21782948.434091,46776,3425.8809,12385070.817633
2025-01-05 13:00:00,3614.13,3627.5,3612.74,3614.65,5317.1915,2025-01-05 13:59:59.999,19249948.89714,48061,3049.7442,11041511.839885
2025-01-05 14:00:00,3614.67,3628.15,3593.7,3623.11,16124.9013,2025-01-05 14:59:59.999,58170596.047607,119937,6896.6426,24885140.778615
2025-01-05 15:00:00,3623.12,3638.77,3619.43,3629.6,10598.325,2025-01-05 15:59:59.999,38472537.995572,87726,5671.7543,20591334.329394
2025-01-05 16:00:00,3629.6,3641.12,3624.51,3628.01,8603.3835,2025-01-05 16:59:59.999,31252208.465448,90366,4235.4492,15387389.765018
2025-01-05 17:00:00,3628.02,3648.11,3622.47,3627.81,7556.8965,2025-01-05 17:59:59.999,27469672.565652,76284,3678.74,13376805.771481
2025-01-05 18:00:00,3627.81,3632.91,3613.04,3630.75,6588.636,2025-01-05 18:59:59.999,23867416.900207,61908,2952.6524,10697735.432378
2025-01-05 19:00:00,3630.75,3639.67,3626.51,3637.78,4983.438,2025-01-05 19:59:59.999,18110094.579412,59469,2619.5986,9519489.595553
2025-01-05 20:00:00,3637.78,3656.88,3629.5,3635.77,7618.656,2025-01-05 20:59:59.999,27757896.509835,80006,3544.9083,12915739.222016
2025-01-05 21:00:00,3635.77,3648.4,3634.13,3645.66,4085.5397,2025-01-05 21:59:59.999,14875024.104436,57378,2043.1162,7439896.644286
2025-01-05 22:00:00,3645.65,3649.49,3634.78,3645.32,4857.2098,2025-01-05 22:59:59.999,17690090.049176,42164,1902.3011,6927815.800329
2025-01-05 23:00:00,3645.32,3656.0,3633.0,3635.99,6289.2771,2025-01-05 23:59:59.999,22920647.27955,79034,3131.0139,11414048.821903
2025-01-06 00:00:00,3636.0,3655.62,3621.15,3621.74,8638.5392,2025-01-06 00:59:59.999,31416280.186815,137592,3703.6032,13471646.889275
2025-01-06 01:00:00,3621.74,3655.58,3610.63,3648.84,10083.4556,2025-01-06 01:59:59.999,36590278.691827,117033,5122.5545,18591886.544041
2025-01-06 02:00:00,3648.83,3684.03,3645.01,3658.46,24484.5836,2025-01-06 02:59:59.999,89862250.307145,224880,12518.7295,45946160.735591
2025-01-06 03:00:00,3658.45,3675.0,3654.3,3664.92,7108.9878,2025-01-06 03:59:59.999,26066552.40477,69158,3315.9117,12158566.876288
2025-01-06 04:00:00,3664.92,3678.79,3660.01,3672.68,8059.5478,2025-01-06 04:59:59.999,29552742.612833,60247,3218.7433,11805733.796344
2025-01-06 05:00:00,3672.67,3698.04,3667.29,3680.61,13438.1539,2025-01-06 05:59:59.999,49523765.683325,80274,7301.562,26908965.786644
2025-01-06 06:00:00,3680.61,3684.98,3665.61,3666.22,9560.6493,2025-01-06 06:59:59.999,35114545.234278,61505,4539.2324,16672576.748706
2025-01-06 07:00:00,3666.22,3668.45,3642.6,3650.75,12947.0168,2025-01-06 07:59:59.999,47292597.533305,89258,5375.3874,19635350.43619
2025-01-06 08:00:00,3650.75,3662.73,3636.41,3640.9,11828.1837,2025-01-06 08:59:59.999,43142560.353398,81702,5066.6586,18486403.139726
2025-01-06 09:00:00,3640.89,3650.0,3640.38,3644.75,7532.7706,2025-01-06 09:59:59.999,27458803.760181,59474,4392.0926,16011017.199055
2025-01-06 10:00:00,3644.75,3646.48,3633.0,3637.87,9231.291,2025-01-06 10:59:59.999,33593126.935209,67318,4446.2748,16180507.135021
2025-01-06 11:00:00,3637.88,3659.58,3636.0,3654.52,7279.3633,2025-01-06 11:59:59.999,26563755.928912,61183,4313.8611,15738715.064124
2025-01-06 12:00:00,3654.51,3663.11,3641.73,3642.52,7854.6157,2025-01-06 12:59:59.999,28696546.4268,79647,4114.8694,15034629.093068
2025-01-06 13:00:00,3642.52,3653.17,3625.27,3651.03,11920.5926,2025-01-06 13:59:59.999,43390389.766594,111005,6529.7222,23769331.724728
2025-01-06 14:00:00,3651.03,3702.8,3622.1,3685.47,39793.0032,2025-01-06 14:59:59.999,145558590.271699,277654,20626.7811,75480444.918221
2025-01-06 15:00:00,3685.48,3714.49,3671.11,3714.45,38122.313,2025-01-06 15:59:59.999,140822431.90977,286035,19717.6085,72847944.744184
2025-01-06 16:00:00,3714.45,3744.83,3691.19,3710.18,35457.3293,2025-01-06 16:59:59.999,131948667.115452,239664,18323.9173,68204805.987275
2025-01-06 17:00:00,3710.18,3710.19,3655.55,3673.87,22148.2314,2025-01-06 17:59:59.999,81513831.747663,199820,10705.8493,39402276.622243
2025-01-06 18:00:00,3673.86,3692.3,3662.14,3682.22,8783.3147,2025-01-06 18:59:59.999,32323422.799457,82381,4901.1671,18039991.861951
2025-01-06 19:00:00,3682.23,3695.51,3675.36,3687.44,5775.7957,2025-01-06 19:59:59.999,21307653.594387,81587,2924.0014,10788057.860313
2025-01-06 20:00:00,3687.44,3703.38,3672.68,3683.49,9805.4595,2025-01-06 20:59:59.999,36160998.317212,97213,5045.0566,18607073.452275
2025-01-06 21:00:00,3683.41,3689.2,3666.37,3667.16,8740.3237,2025-01-06 21:59:59.999,32118231.692469,84340,4728.866,17378305.464012
2025-01-06 22:00:00,3667.17,3683.67,3667.0,3678.52,5738.7596,2025-01-06 22:59:59.999,21094114.574884,38669,3161.8658,11621251.224928
2025-01-06 23:00:00,3678.52,3687.74,3668.69,3687.45,5310.0838,2025-01-06 23:59:59.999,19530685.453684,66234,2730.3038,10041128.650348
2025-01-07 00:00:00,3687.44,3693.67,3673.04,3675.14,9549.757,2025-01-07 00:59:59.999,35163808.735864,89815,4812.472,17718374.007358
2025-01-07 01:00:00,3675.14,3696.27,3663.0,3694.55,7285.253,2025-01-07 01:59:59.999,26818823.362138,65027,3748.2259,13801448.307064
2025-01-07 02:00:00,3694.55,3700.86,3676.0,3678.07,5392.2517,2025-01-07 02:59:59.999,19891342.981243,57925,2644.8766,9756997.089789
2025-01-07 03:00:00,3678.07,3688.68,3674.24,3682.25,5464.8177,2025-01-07 03:59:59.999,20120780.419674,57555,2693.1776,9915481.236735
2025-01-07 04:00:00,3682.25,3685.92,3673.51,3673.52,3573.3921,2025-01-07 04:59:59.999,13151537.126734,26599,1628.0836,5992703.18133
2025-01-07 05:00:00,3673.51,3676.91,3659.0,3669.38,7338.6124,2025-01-07 05:59:59.999,26918064.239718,58074,3217.7755,11804546.512616
2025-01-07 06:00:00,3669.37,3675.52,3664.43,3672.6,4213.4243,2025-01-07 06:59:59.999,15467680.098915,36099,2298.2649,8436870.730389
2025-01-07 07:00:00,3672.61,3680.0,3662.8,3667.77,5648.3919,2025-01-07 07:59:59.999,20731827.447113,39628,2085.675,7657499.786817
2025-01-07 08:00:00,3667.78,3679.27,3660.33,3674.63,6959.3098,2025-01-07 08:59:59.999,25536573.036721,42894,3781.4342,13876467.083798
2025-01-07 09:00:00,3674.63,3676.74,3652.8,3661.09,8630.073,2025-01-07 09:59:59.999,31622523.51361,61164,3669.6206,13445770.598594
2025-01-07 10:00:00,3661.08,3665.31,3651.54,3657.61,6950.9515,2025-01-07 10:59:59.999,25427550.564331,48564,3500.8673,12806923.534675
2025-01-07 11:00:00,3657.6,3658.59,3625.55,3639.27,15576.5266,2025-01-07 11:59:59.999,56696837.710074,109315,6886.6614,25073009.473555
2025-01-07 12:00:00,3639.28,3643.16,3626.07,3633.42,9322.2855,2025-01-07 12:59:59.999,33877986.622234,78409,4472.3388,16254272.398189
2025-01-07 13:00:00,3633.42,3645.95,3631.0,3636.0,11886.0966,2025-01-07 13:59:59.999,43260478.804036,64651,7829.6513,28500799.065566
2025-01-07 14:00:00,3636.0,3642.0,3532.41,3568.75,40590.9625,2025-01-07 14:59:59.999,146297934.702701,233928,17036.7863,61425160.3411
2025-01-07 15:00:00,3568.75,3582.4,3413.81,3462.64,175958.0091,2025-01-07 15:59:59.999,615865162.7558111,827059,81336.5735,284739958.110649
2025-01-07 16:00:00,3462.65,3491.7,3448.74,3458.06,39325.1035,2025-01-07 16:59:59.999,136394736.948637,259636,17938.9839,62232132.632205
2025-01-07 17:00:00,3458.07,3470.28,3420.0,3442.55,32622.0802,2025-01-07 17:59:59.999,112498612.028883,242229,13999.3488,48277614.74299
2025-01-07 18:00:00,3442.56,3458.96,3413.11,3421.82,24724.3267,2025-01-07 18:59:59.999,84817231.555188,211603,12402.5168,42550900.409236
2025-01-07 19:00:00,3421.82,3438.01,3372.71,3385.67,40578.2809,2025-01-07 19:59:59.999,138166848.282968,271316,18464.399,62869480.468851
2025-01-07 20:00:00,3385.68,3400.9,3364.85,3396.62,29685.6682,2025-01-07 20:59:59.999,100444389.060042,289201,14817.2498,50141713.789097
2025-01-07 21:00:00,3396.61,3414.04,3361.77,3363.32,23011.093,2025-01-07 21:59:59.999,78009604.366066,150231,10985.7861,37259850.552198
2025-01-07 22:00:00,3363.31,3397.67,3356.31,3396.7,15975.0119,2025-01-07 22:59:59.999,53969985.423674,117416,8296.5757,28034834.171164
2025-01-07 23:00:00,3396.7,3396.7,3374.67,3381.31,11281.6083,2025-01-07 23:59:59.999,38168436.371641,100363,6006.1056,20320467.796844
2025-01-08 00:00:00,3381.31,3415.1,3378.23,3411.71,16300.7594,2025-01-08 00:59:59.999,55460594.051392,112972,8967.4856,30508980.250366
2025-01-08 01:00:00,3411.71,3411.72,3375.01,3391.32,12559.7522,2025-01-08 01:59:59.999,42609057.641289,106228,5394.7418,18295641.101944
2025-01-08 02:00:00,3391.32,3404.78,3382.73,3382.9,11179.4043,2025-01-08 02:59:59.999,37948555.015068,113700,4768.2939,16186886.144534
2025-01-08 03:00:00,3382.9,3387.94,3343.22,3360.31,31992.3981,2025-01-08 03:59:59.999,107603979.313773,254129,13119.1372,44137702.649971
2025-01-08 04:00:00,3360.31,3373.14,3342.76,3348.12,19029.7933,2025-01-08 04:59:59.999,63840126.587048,162818,7319.4161,24556660.79359
2025-01-08 05:00:00,3348.12,3373.0,3336.95,3351.41,18943.3303,2025-01-08 05:59:59.999,63550481.553762,130132,8674.665,29102924.837494
2025-01-08 06:00:00,3351.41,3362.37,3307.1,3308.77,35109.8738,2025-01-08 06:59:59.999,116873180.663282,200427,14814.201,49331900.022433
2025-01-08 07:00:00,3308.77,3359.37,3306.41,3354.59,23788.447,2025-01-08 07:59:59.999,79366441.378957,138165,14022.3226,46802777.151601
2025-01-08 08:00:00,3354.59,3376.85,3351.01,3366.14,17986.478,2025-01-08 08:59:59.999,60520668.730795,110457,10481.2474,35264998.336949
2025-01-08 09:00:00,3366.13,3374.28,3346.2,3347.48,11564.1915,2025-01-08 09:59:59.999,38883093.107211,81558,5709.506,19199589.548275
2025-01-08 10:00:00,3347.48,3373.37,3346.91,3362.45,9384.1924,2025-01-08 10:59:59.999,31536717.132319,77975,4559.543,15324624.482555
2025-01-08 11:00:00,3362.45,3367.81,3323.0,3349.79,17172.4943,2025-01-08 11:59:59.999,57394344.385535,150476,8107.5812,27105468.666694
2025-01-08 12:00:00,3349.78,3360.91,3338.83,3339.62,11019.1562,2025-01-08 12:59:59.999,36915943.809577,139554,5571.6444,18668204.338991
2025-01-08 13:00:00,3339.61,3366.54,3339.61,3358.25,21452.5986,2025-01-08 13:59:59.999,72056339.712413,164285,10062.2788,33794367.073967
2025-01-08 14:00:00,3358.25,3381.6,3347.66,3369.53,36293.0925,2025-01-08 14:59:59.999,122026959.229041,263527,16070.4602,54043248.885345
2025-01-08 15:00:00,3369.54,3386.36,3332.55,3346.73,41700.7057,2025-01-08 15:59:59.999,139726786.191297,253688,17033.13,57116048.423953
2025-01-08 16:00:00,3346.72,3347.68,3311.71,3314.03,26561.8171,2025-01-08 16:59:59.999,88472811.743745,193013,12108.8555,40338795.624144
2025-01-08 17:00:00,3314.03,3320.1,3208.2,3263.06,114192.1444,2025-01-08 17:59:59.999,371881126.74403906,527873,51131.8003,166332875.257512
2025-01-08 18:00:00,3263.06,3330.98,3259.1,3282.83,39039.0985,2025-01-08 18:59:59.999,128593286.993595,251690,19919.8634,65615857.565443
2025-01-08 19:00:00,3282.84,3310.0,3272.05,3280.68,22809.3997,2025-01-08 19:59:59.999,75064020.226685,114444,11072.2093,36446518.74574
2025-01-08 20:00:00,3280.68,3292.14,3266.08,3285.68,11729.2775,2025-01-08 20:59:59.999,38472939.832013,68807,5477.6619,17968037.352408
2025-01-08 21:00:00,3285.68,3305.31,3270.0,3299.35,15413.6005,2025-01-08 21:59:59.999,50740172.4198,70619,9313.2107,30671362.991318
2025-01-08 22:00:00,3299.35,3334.15,3299.01,3333.14,13115.6852,2025-01-08 22:59:59.999,43524126.16925,47701,8381.541,27820213.820345
2025-01-08 23:00:00,3333.13,3334.8,3316.67,3327.29,6412.2722,2025-01-08 23:59:59.999,21320435.024773,31959,3496.4306,11626094.352807
2025-01-09 00:00:00,3327.29,3343.2,3318.21,3342.2,7581.3299,2025-01-09 00:59:59.999,25236089.684406,63886,4365.8084,14531299.558996
2025-01-09 01:00:00,3342.2,3357.27,3335.54,3345.96,9720.2156,2025-01-09 01:59:59.999,32546428.759025,89521,5110.9269,17111155.01117
2025-01-09 02:00:00,3345.96,3351.22,3306.5,3341.18,25042.5614,2025-01-09 02:59:59.999,83346190.905862,194588,12060.4678,40134892.570939
2025-01-09 03:00:00,3341.19,3342.49,3317.19,3324.74,9884.4092,2025-01-09 03:59:59.999,32874719.020403,73525,4576.0412,15219860.810658
2025-01-09 04:00:00,3324.71,3343.23,3312.13,3340.3,9291.5614,2025-01-09 04:59:59.999,30882460.028657,68615,4195.2076,13947082.242309
2025-01-09 05:00:00,3340.3,3343.36,3325.06,3328.87,8953.9185,2025-01-09 05:59:59.999,29870222.236804,69973,4582.2409,15293907.718131
2025-01-09 06:00:00,3328.86,3334.99,3315.26,3316.21,9212.1338,2025-01-09 06:59:59.999,30630731.766148,62699,4756.8717,15820979.1093
2025-01-09 07:00:00,3316.21,3324.43,3281.96,3288.71,21420.9516,2025-01-09 07:59:59.999,70630064.518425,135959,8461.2965,27899686.033682
2025-01-09 08:00:00,3288.71,3327.2,3265.77,3309.91,28998.0043,2025-01-09 08:59:59.999,95536368.231188,163993,15062.8271,49642848.758912
2025-01-09 09:00:00,3309.92,3327.75,3306.93,3318.1,13185.9131,2025-01-09 09:59:59.999,43781672.528913,91789,7308.2648,24265948.603701
2025-01-09 10:00:00,3318.11,3322.11,3284.88,3311.56,16748.1018,2025-01-09 10:59:59.999,55341837.851952,111750,7039.3322,23261423.40744
2025-01-09 11:00:00,3311.57,3326.72,3293.5,3301.41,9477.9267,2025-01-09 11:59:59.999,31368057.837962,121461,4142.7224,13711588.673424
2025-01-09 12:00:00,3301.41,3310.31,3280.86,3296.2,10210.5769,2025-01-09 12:59:59.999,33673251.946826,115699,4496.7987,14831239.274824
2025-01-09 13:00:00,3296.21,3298.99,3213.0,3221.04,45027.4256,2025-01-09 13:59:59.999,146436685.810021,293491,18238.991,59321572.301157
2025-01-09 14:00:00,3221.04,3253.2,3210.28,3251.3,41712.5213,2025-01-09 14:59:59.999,134934466.347283,292323,21850.1231,70693382.938483
2025-01-09 15:00:00,3251.3,3337.0,3244.29,3320.58,32545.3779,2025-01-09 15:59:59.999,107188691.455494,232673,18137.5732,59742439.7378
2025-01-09 16:00:00,3320.57,3327.91,3288.01,3302.76,24390.6587,2025-01-09 16:59:59.999,80696966.529321,144178,12273.2609,40603896.405523
2025-01-09 17:00:00,3302.75,3304.4,3235.8,3250.48,25390.063,2025-01-09 17:59:59.999,82941160.031268,223111,11286.8346,36867189.835772
2025-01-09 18:00:00,3250.46,3270.35,3245.63,3260.16,14587.1581,2025-01-09 18:59:59.999,47540148.421184,132404,8095.0134,26383686.98351
2025-01-09 19:00:00,3260.17,3268.79,3190.82,3195.63,36953.3121,2025-01-09 19:59:59.999,119075739.701963,197256,15342.6093,49467112.998047
2025-01-09 20:00:00,3195.63,3214.4,3158.0,3195.55,54616.7903,2025-01-09 20:59:59.999,173904423.620454,400109,24549.9192,78180681.381598
2025-01-09 21:00:00,3195.55,3226.29,3190.21,3207.43,16850.589,2025-01-09 21:59:59.999,54088112.412695,167684,8477.1296,27211014.80804
2025-01-09 22:00:00,3207.43,3239.59,3187.58,3224.24,20748.2553,2025-01-09 22:59:59.999,66590528.813094,125824,8369.8744,26900215.203252
2025-01-09 23:00:00,3224.23,3233.33,3209.99,3219.2,9268.6692,2025-01-09 23:59:59.999,29843661.25502,113378,5013.5997,16142005.716011
2025-01-10 00:00:00,3219.2,3233.79,3214.11,3222.98,8720.494,2025-01-10 00:59:59.999,28111749.906287,119566,4346.1606,14011343.18228
2025-01-10 01:00:00,3222.98,3240.24,3213.74,3237.29,10481.3848,2025-01-10 01:59:59.999,33825752.783552,117811,5880.0928,18978505.755146
2025-01-10 02:00:00,3237.29,3260.47,3230.89,3241.47,11765.7733,2025-01-10 02:59:59.999,38188302.663801,110644,6664.2401,21629916.539237
2025-01-10 03:00:00,3241.48,3256.0,3239.16,3254.37,7758.615,2025-01-10 03:59:59.999,25200547.608695,80159,3595.1754,11676174.201889
2025-01-10 04:00:00,3254.36,3265.08,3246.84,3254.2,8337.3664,2025-01-10 04:59:59.999,27134658.123578,79235,3323.8585,10819667.285065
2025-01-10 05:00:00,3254.21,3281.57,3242.4,3264.18,11603.6494,2025-01-10 05:59:59.999,37861975.813085,106389,6135.112,20028508.307469
2025-01-10 06:00:00,3264.19,3280.97,3260.0,3278.39,9624.4359,2025-01-10 06:59:59.999,31470076.691092,101692,4017.5105,13140026.434744
2025-01-10 07:00:00,3278.38,3313.65,3271.02,3296.29,24701.258,2025-01-10 07:59:59.999,81320999.900928,143661,12339.1382,40643468.440382
2025-01-10 08:00:00,3296.29,3302.0,3288.12,3296.31,14474.4792,2025-01-10 08:59:59.999,47700634.342586,86981,7303.0032,24067611.741553
2025-01-10 09:00:00,3296.31,3310.8,3290.5,3302.45,15979.6805,2025-01-10 09:59:59.999,52764354.878826,85489,8531.5391,28176465.8942
2025-01-10 10:00:00,3302.45,3321.25,3297.84,3318.54,10522.1835,2025-01-10 10:59:59.999,34805301.763155,68189,4915.0658,16263429.204754
2025-01-10 11:00:00,3318.53,3320.8,3295.74,3311.65,17363.6052,2025-01-10 11:59:59.999,57442631.650317,78552,6277.6661,20775498.623305
2025-01-10 12:00:00,3311.64,3312.52,3293.1,3310.73,10621.6203,2025-01-10 12:59:59.999,35079199.430125,74057,3628.3639,11983767.069695
2025-01-10 13:00:00,3310.73,3317.03,3215.76,3244.24,80403.3222,2025-01-10 13:59:59.999,261556165.843931,349346,36790.4958,119639354.377235
2025-01-10 14:00:00,3244.23,3279.39,3235.75,3257.01,40048.9256,2025-01-10 14:59:59.999,130383287.104524,303251,20916.0127,68089871.702612
2025-01-10 15:00:00,3257.0,3276.34,3193.97,3245.14,57697.7222,2025-01-10 15:59:59.999,186544009.237382,381841,29424.9328,95146778.569148
2025-01-10 16:00:00,3245.15,3261.84,3232.2,3247.48,23216.5797,2025-01-10 16:59:59.999,75341428.639606,207166,13151.1135,42682420.335857
2025-01-10 17:00:00,3247.48,3322.49,3242.52,3315.07,30344.343,2025-01-10 17:59:59.999,99650980.495794,204518,15367.2269,50488832.819705
2025-01-10 18:00:00,3315.06,3315.06,3281.43,3286.67,22616.7283,2025-01-10 18:59:59.999,74590153.472033,175217,9715.1382,32039127.311746
2025-01-10 19:00:00,3286.67,3299.27,3270.55,3295.66,11624.6174,2025-01-10 19:59:59.999,38198907.349951,106755,6099.9478,20048260.373936
2025-01-10 20:00:00,3295.65,3295.65,3257.38,3259.59,10231.9101,2025-01-10 20:59:59.999,33472690.791354,101575,4827.7526,15795016.639173
2025-01-10 21:00:00,3259.57,3274.4,3256.9,3264.85,5626.5976,2025-01-10 21:59:59.999,18374119.484875,41544,3419.041,11164312.577521
2025-01-10 22:00:00,3264.85,3281.37,3260.0,3273.62,6197.2518,2025-01-10 22:59:59.999,20254342.454972,35403,3623.4689,11841904.870512
2025-01-10 23:00:00,3273.61,3275.53,3264.77,3267.04,4179.5899,2025-01-10 23:59:59.999,13668321.241539,40077,2227.1285,7283228.41121
2025-01-11 00:00:00,3267.05,3270.0,3257.42,3265.55,5538.7822,2025-01-11 00:59:59.999,18078364.465456,49425,2666.7841,8705487.316617
2025-01-11 01:00:00,3265.55,3267.72,3236.54,3245.64,7443.4878,2025-01-11 01:59:59.999,24187195.930332,68918,3012.441,9788389.486063
2025-01-11 02:00:00,3245.65,3252.24,3237.6,3247.96,5068.2413,2025-01-11 02:59:59.999,16450649.055574,45099,2658.7571,8630683.520919
2025-01-11 03:00:00,3247.96,3248.56,3231.83,3236.8,5534.5624,2025-01-11 03:59:59.999,17927954.719103,42004,2104.2172,6814855.002006
2025-01-11 04:00:00,3236.8,3243.0,3230.0,3239.11,4481.0077,2025-01-11 04:59:59.999,14502011.810808,39875,2122.1704,6869485.377137
2025-01-11 05:00:00,3239.08,3246.22,3233.0,3246.0,3681.7333,2025-01-11 05:59:59.999,11929451.500878,33543,1824.5037,5912407.444097
2025-01-11 06:00:00,3246.0,3251.13,3237.95,3238.06,4764.008,2025-01-11 06:59:59.999,15463963.87551,37625,2243.8999,7284555.928491
2025-01-11 07:00:00,3238.06,3244.58,3222.73,3235.72,9117.1608,2025-01-11 07:59:59.999,29462678.115106,44098,2741.1343,8862899.815929
2025-01-11 08:00:00,3235.72,3240.3,3217.56,3224.64,9500.0823,2025-01-11 08:59:59.999,30683854.598345,47783,3622.6598,11699730.024933
2025-01-11 09:00:00,3224.64,3244.41,3223.53,3244.0,5395.231,2025-01-11 09:59:59.999,17451051.507772,44544,2895.876,9367370.519302
2025-01-11 10:00:00,3244.0,3256.1,3243.06,3256.1,6713.2099,2025-01-11 10:59:59.999,21813299.25903,55223,3076.0125,9995999.92063
2025-01-11 11:00:00,3256.09,3280.5,3254.04,3273.81,12319.6434,2025-01-11 11:59:59.999,40247977.970441,71020,8084.9223,26402380.388116
2025-01-11 12:00:00,3273.81,3281.23,3267.45,3272.6,4777.0516,2025-01-11 12:59:59.999,15643909.693156,47376,2172.6761,7115283.429995
2025-01-11 13:00:00,3272.6,3275.62,3258.3,3267.61,8357.3724,2025-01-11 13:59:59.999,27287282.037222,51522,3333.9479,10888977.617303
2025-01-11 14:00:00,3267.62,3280.0,3258.36,3278.52,5322.3801,2025-01-11 14:59:59.999,17401013.040237,49575,2932.5278,9589010.949351
2025-01-11 15:00:00,3278.52,3282.94,3266.5,3271.33,4119.3617,2025-01-11 15:59:59.999,13486013.243468,44694,2021.4597,6619205.031368
2025-01-11 16:00:00,3271.33,3277.9,3262.0,3274.99,5486.8559,2025-01-11 16:59:59.999,17946488.624217,60110,2952.7529,9658944.814272
2025-01-11 17:00:00,3275.0,3275.78,3259.06,3271.79,5795.2263,2025-01-11 17:59:59.999,18946730.124101,66678,2911.5903,9518747.858079
2025-01-11 18:00:00,3271.78,3280.94,3267.51,3278.37,5100.0272,2025-01-11 18:59:59.999,16699765.044208,43129,2443.5822,8002570.275136
2025-01-11 19:00:00,3278.37,3283.54,3269.6,3278.45,4291.9093,2025-01-11 19:59:59.999,14062125.336144,41377,2008.9776,6584422.819344
2025-01-11 20:00:00,3278.46,3300.69,3275.84,3299.54,6442.2651,2025-01-11 20:59:59.999,21190653.071077,55802,3801.2537,12507111.250561
2025-01-11 21:00:00,3299.54,3320.18,3299.22,3307.1,12280.4578,2025-01-11 21:59:59.999,40651707.116609,80287,7808.3277,25852006.718978
2025-01-11 22:00:00,3307.1,3308.5,3286.25,3288.67,5714.0729,2025-01-11 22:59:59.999,18833452.604797,44858,2573.4597,8481668.488877
2025-01-11 23:00:00,3288.68,3294.43,3281.36,3282.83,4435.6183,2025-01-11 23:59:59.999,14585702.614671,44212,2188.8537,7197983.146487
2025-01-12 00:00:00,3282.83,3286.98,3278.7,3283.37,4544.4493,2025-01-12 00:59:59.999,14919945.540513,52172,2176.4593,7145321.841381
2025-01-12 01:00:00,3283.38,3289.41,3274.12,3289.08,4680.602,2025-01-12 01:59:59.999,15361077.459832,40067,2058.4512,6756308.612794
2025-01-12 02:00:00,3289.08,3289.94,3279.64,3289.79,3637.4813,2025-01-12 02:59:59.999,11949189.664944,27182,2435.2507,8000009.51647
2025-01-12 03:00:00,3289.78,3290.91,3278.35,3286.0,3475.8512,2025-01-12 03:59:59.999,11413891.355517,31254,1868.6312,6136219.339771
2025-01-12 04:00:00,3286.0,3289.41,3278.89,3283.49,5420.0322,2025-01-12 04:59:59.999,17795289.825949,22925,1986.8334,6526127.924138
2025-01-12 05:00:00,3283.5,3285.28,3274.28,3279.8,2907.8463,2025-01-12 05:59:59.999,9538049.517798,24133,1625.142,5330806.10773
2025-01-12 06:00:00,3279.81,3281.33,3267.37,3270.33,4761.3496,2025-01-12 06:59:59.999,15588597.431341,30927,2892.5025,9471613.852012
2025-01-12 07:00:00,3270.33,3274.0,3263.49,3266.87,4012.1655,2025-01-12 07:59:59.999,13114339.836726,38152,2058.2742,6728819.386353
2025-01-12 08:00:00,3266.87,3271.36,3235.47,3239.98,10302.4579,2025-01-12 08:59:59.999,33501297.9974,53282,4488.0955,14595902.462854
2025-01-12 09:00:00,3239.98,3244.95,3224.49,3238.67,9390.8735,2025-01-12 09:59:59.999,30384926.6475,61397,4015.0017,12993799.43531
2025-01-12 10:00:00,3238.67,3246.31,3234.21,3244.62,4606.0124,2025-01-12 10:59:59.999,14926106.37116,38741,2052.2537,6651001.654933
2025-01-12 11:00:00,3244.63,3258.38,3241.5,3253.02,5827.9847,2025-01-12 11:59:59.999,18944799.509585,39072,2934.3684,9537784.375465
2025-01-12 12:00:00,3253.03,3265.52,3247.97,3250.61,5857.2876,2025-01-12 12:59:59.999,19075406.776431,46110,2282.1041,7433042.950387
2025-01-12 13:00:00,3250.6,3271.38,3247.89,3267.09,13713.8462,2025-01-12 13:59:59.999,44668642.939577,66231,5616.9954,18304691.76596
2025-01-12 14:00:00,3267.09,3280.78,3266.0,3269.1,14599.7319,2025-01-12 14:59:59.999,47806986.43322,72937,9598.9145,31431876.993496
2025-01-12 15:00:00,3269.09,3296.14,3265.5,3285.68,11733.1916,2025-01-12 15:59:59.999,38546757.587738,78857,6426.3208,21115780.977139
2025-01-12 16:00:00,3285.68,3288.0,3268.66,3281.67,6474.2858,2025-01-12 16:59:59.999,21221425.483284,58219,2488.4818,8157120.562423
2025-01-12 17:00:00,3281.67,3292.43,3278.37,3288.57,8791.4505,2025-01-12 17:59:59.999,28895078.311027,49988,4024.0746,13225410.440923
2025-01-12 18:00:00,3288.57,3300.0,3280.74,3285.15,6115.9876,2025-01-12 18:59:59.999,20130844.594944,44881,2488.8902,8191929.189541
2025-01-12 19:00:00,3285.15,3288.97,3276.89,3280.12,4183.7122,2025-01-12 19:59:59.999,13732076.3312,34573,2034.1089,6676652.421789
2025-01-12 20:00:00,3280.11,3289.31,3273.58,3281.67,4244.7552,2025-01-12 20:59:59.999,13930829.798091,43314,2026.451,6651229.982414
2025-01-12 21:00:00,3281.66,3282.94,3263.52,3266.28,6758.2345,2025-01-12 21:59:59.999,22110796.725375,54686,2457.9938,8040645.470038
2025-01-12 22:00:00,3266.27,3268.2,3234.38,3240.62,13279.9258,2025-01-12 22:59:59.999,43100705.357255,84906,5235.3429,16987443.313536
2025-01-12 23:00:00,3240.62,3269.22,3239.23,3267.3,5560.4561,2025-01-12 23:59:59.999,18094650.54938,57902,3041.5914,9900468.737133
2025-01-13 00:00:00,3267.3,3339.0,3265.51,3308.56,27882.9084,2025-01-13 00:59:59.999,92356170.291998,174117,15945.8851,52810405.460232
2025-01-13 01:00:00,3308.55,3312.4,3252.77,3261.48,22011.3895,2025-01-13 01:59:59.999,72304410.479194,161755,10385.6677,34123104.553516
2025-01-13 02:00:00,3261.47,3270.95,3237.0,3255.96,15001.7336,2025-01-13 02:59:59.999,48798784.226441,122649,7412.9655,24121304.060841
2025-01-13 03:00:00,3255.96,3267.33,3235.69,3242.72,9997.4831,2025-01-13 03:59:59.999,32505489.020563,104272,4341.8784,14121320.723536
2025-01-13 04:00:00,3242.73,3260.49,3238.77,3239.01,12135.1919,2025-01-13 04:59:59.999,39419344.008029,84535,6477.6372,21045272.97269
2025-01-13 05:00:00,3239.01,3239.01,3213.0,3225.83,15743.3482,2025-01-13 05:59:59.999,50753318.811457,94899,7683.0351,24767119.570283
2025-01-13 06:00:00,3225.82,3233.53,3181.3,3191.36,19412.2615,2025-01-13 06:59:59.999,62170954.260828,149668,8139.2571,26075532.989871
2025-01-13 07:00:00,3191.37,3209.74,3183.5,3201.66,12775.6445,2025-01-13 07:59:59.999,40862945.060768,91991,6656.5694,21295677.930281
2025-01-13 08:00:00,3201.66,3205.9,3161.7,3169.36,19169.4537,2025-01-13 08:59:59.999,60927927.92765,131267,8618.1586,27391109.294844
2025-01-13 09:00:00,3169.36,3176.98,3124.18,3155.8,39329.0438,2025-01-13 09:59:59.999,124143428.297966,257812,17816.9882,56268594.863006
2025-01-13 10:00:00,3155.81,3156.84,3106.74,3118.61,44194.6647,2025-01-13 10:59:59.999,138181068.257189,273060,22404.168,70068122.916611
2025-01-13 11:00:00,3118.61,3123.81,3055.88,3057.16,65456.7109,2025-01-13 11:59:59.999,202021611.407936,331847,28916.3433,89253021.415433
2025-01-13 12:00:00,3057.15,3085.54,3040.0,3046.96,43707.9838,2025-01-13 12:59:59.999,133739439.571645,324274,22383.7993,68514263.054803
2025-01-13 13:00:00,3046.97,3091.38,3033.05,3060.05,35718.1624,2025-01-13 13:59:59.999,109633188.44131,250538,18620.136,57168123.933822
2025-01-13 14:00:00,3060.05,3060.98,2920.0,3034.41,159871.081,2025-01-13 14:59:59.999,480422716.903205,572227,71576.6835,215143801.396438
2025-01-13 15:00:00,3034.4,3078.04,3026.01,3049.0,68354.3412,2025-01-13 15:59:59.999,208874910.9924,329835,32209.7005,98435667.109214
2025-01-13 16:00:00,3049.01,3060.51,3005.68,3009.91,41451.9942,2025-01-13 16:59:59.999,125728801.695071,228426,19764.944,59960615.519979
2025-01-13 17:00:00,3009.91,3037.08,3004.2,3020.79,31014.2351,2025-01-13 17:59:59.999,93570664.891013,193152,17364.4225,52378753.305115
2025-01-13 18:00:00,3020.79,3034.23,2986.4,3007.6,35346.8651,2025-01-13 18:59:59.999,106215170.718061,247482,17416.5694,52334316.484557
2025-01-13 19:00:00,3007.61,3037.91,2993.0,3025.07,26030.7461,2025-01-13 19:59:59.999,78554550.558678,215934,13672.4139,41260146.339174
2025-01-13 20:00:00,3025.06,3104.85,3011.71,3091.36,33191.6844,2025-01-13 20:59:59.999,101592525.901149,216079,19059.3444,58341406.8057
2025-01-13 21:00:00,3091.36,3120.01,3083.13,3114.39,41226.7796,2025-01-13 21:59:59.999,127898037.52823,204140,20161.9008,62561776.560087
2025-01-13 22:00:00,3114.39,3143.2,3112.71,3131.96,19047.802,2025-01-13 22:59:59.999,59590474.668852,85677,10257.5781,32086121.632734
2025-01-13 23:00:00,3131.97,3140.99,3126.0,3137.51,7836.0582,2025-01-13 23:59:59.999,24558701.234806,54612,3670.7554,11505220.318701
2025-01-14 00:00:00,3137.51,3148.54,3125.65,3134.3,12504.907,2025-01-14 00:59:59.999,39200859.288978,96364,6169.3002,19342874.866068
2025-01-14 01:00:00,3134.31,3159.6,3133.69,3139.52,14586.5947,2025-01-14 01:59:59.999,45921048.620611,105754,7271.5975,22895322.62197
2025-01-14 02:00:00,3139.51,3167.38,3132.11,3157.36,12143.3603,2025-01-14 02:59:59.999,38321228.644896,108957,6118.8188,19310510.467245
2025-01-14 03:00:00,3157.36,3175.51,3155.0,3158.87,10452.1066,2025-01-14 03:59:59.999,33083070.675411,81546,4244.7333,13436837.574444
2025-01-14 04:00:00,3158.87,3175.0,3158.86,3172.96,7903.4749,2025-01-14 04:59:59.999,25022171.173159,50622,3755.9985,11892606.213998
2025-01-14 05:00:00,3172.96,3182.69,3159.6,3161.99,10046.3709,2025-01-14 05:59:59.999,31875954.406195,68581,4028.1772,12778208.466886
2025-01-14 06:00:00,3162.0,3187.95,3158.18,3183.91,8560.6063,2025-01-14 06:59:59.999,27180252.083008,68824,4489.6309,14257379.262289
2025-01-14 07:00:00,3183.91,3190.07,3171.01,3171.53,8068.483,2025-01-14 07:59:59.999,25657113.809689,53857,3886.5265,12360930.511806
2025-01-14 08:00:00,3171.53,3192.6,3169.41,3183.78,15312.8645,2025-01-14 08:59:59.999,48738272.472545,95463,8372.1058,26653884.072234
2025-01-14 09:00:00,3183.78,3256.67,3178.27,3243.89,38015.3134,2025-01-14 09:59:59.999,122708231.200102,197035,21017.0021,67803055.937235
2025-01-14 10:00:00,3243.9,3244.83,3219.97,3235.31,18555.5103,2025-01-14 10:59:59.999,59938699.865462,109871,9052.9971,29243401.601623
2025-01-14 11:00:00,3235.31,3235.62,3210.77,3217.62,10058.8023,2025-01-14 11:59:59.999,32395881.07929,68248,4492.9091,14471193.462813
2025-01-14 12:00:00,3217.61,3220.08,3180.59,3183.32,21352.7501,2025-01-14 12:59:59.999,68218511.404672,105191,7771.3658,24824222.477444
2025-01-14 13:00:00,3183.33,3233.18,3178.11,3208.7,39577.1601,2025-01-14 13:59:59.999,126999897.665967,222453,20085.8655,64454664.160305
2025-01-14 14:00:00,3208.71,3233.27,3187.1,3191.56,41858.5887,2025-01-14 14:59:59.999,134436254.803339,210432,17796.0565,57159145.885188
2025-01-14 15:00:00,3191.56,3216.11,3187.08,3199.45,18096.0346,2025-01-14 15:59:59.999,57983935.993789,125148,8665.4219,27760052.130059
2025-01-14 16:00:00,3199.45,3203.88,3172.12,3191.13,19722.4958,2025-01-14 16:59:59.999,62864987.043967,151462,8939.4486,28502418.21549
2025-01-14 17:00:00,3191.12,3212.99,3184.02,3212.6,14614.026,2025-01-14 17:59:59.999,46806261.128416,107050,8125.9637,26032392.161026
2025-01-14 18:00:00,3212.6,3232.93,3207.23,3225.01,12052.0055,2025-01-14 18:59:59.999,38811268.400406,95993,6195.617,19953219.906801
2025-01-14 19:00:00,3225.0,3235.99,3212.53,3214.38,10542.0126,2025-01-14 19:59:59.999,33986598.159309,82694,5703.1488,18384822.936416
2025-01-14 20:00:00,3214.37,3226.29,3194.86,3222.44,11305.8583,2025-01-14 20:59:59.999,36324885.581951,104100,5156.5403,16568319.614169
2025-01-14 21:00:00,3222.45,3234.0,3212.0,3216.04,7408.4828,2025-01-14 21:59:59.999,23878992.377924,53046,3661.5501,11805037.134618
2025-01-14 22:00:00,3216.04,3240.69,3213.83,3235.41,6446.6236,2025-01-14 22:59:59.999,20808468.638156,36705,3576.2659,11541927.722681
2025-01-14 23:00:00,3235.41,3238.0,3222.63,3225.63,5124.0194,2025-01-14 23:59:59.999,16552676.381784,46889,2266.3194,7321618.274436
2025-01-15 00:00:00,3225.63,3242.65,3217.5,3221.79,10886.1282,2025-01-15 00:59:59.999,35133745.494136,88189,5056.5145,16321564.087614
2025-01-15 01:00:00,3221.79,3245.77,3217.5,3230.33,18839.5294,2025-01-15 01:59:59.999,60906081.866978,109558,8831.903,28550538.629752
2025-01-15 02:00:00,3230.34,3240.0,3205.17,3213.09,13913.3244,2025-01-15 02:59:59.999,44774028.012259,94638,5979.3679,19246814.413667
2025-01-15 03:00:00,3213.1,3241.37,3208.4,3240.79,10208.0462,2025-01-15 03:59:59.999,32881955.392425,65773,4282.8866,13800603.324349
2025-01-15 04:00:00,3240.8,3252.35,3222.31,3226.41,10061.384,2025-01-15 04:59:59.999,32554308.023312,71775,4995.0889,16163157.782484
2025-01-15 05:00:00,3226.4,3235.5,3215.73,3230.32,7581.5049,2025-01-15 05:59:59.999,24454951.524002,52266,2919.0711,9416491.666211
2025-01-15 06:00:00,3230.31,3233.18,3216.62,3230.29,7189.0144,2025-01-15 06:59:59.999,23174537.449966,44492,3085.1095,9946859.402225
2025-01-15 07:00:00,3230.29,3250.92,3230.29,3233.3,11190.0899,2025-01-15 07:59:59.999,36245452.810269,64721,5682.7761,18406326.647416
2025-01-15 08:00:00,3233.3,3248.55,3230.5,3232.63,8482.1708,2025-01-15 08:59:59.999,27465238.764898,58916,3587.5033,11614886.068075
2025-01-15 09:00:00,3232.64,3237.63,3196.71,3199.52,12325.7353,2025-01-15 09:59:59.999,39634217.791983,84036,4587.784,14752561.13771
2025-01-15 10:00:00,3199.52,3218.61,3198.19,3209.5,9279.9467,2025-01-15 10:59:59.999,29789770.137628,50220,4994.9389,16033407.495153
2025-01-15 11:00:00,3209.51,3210.23,3186.36,3199.6,11051.1664,2025-01-15 11:59:59.999,35327102.5428,91510,4743.2973,15162937.61663
2025-01-15 12:00:00,3199.61,3211.91,3186.73,3202.63,10724.6079,2025-01-15 12:59:59.999,34289149.182715,86921,5537.1566,17708499.144095
2025-01-15 13:00:00,3202.63,3299.07,3202.22,3298.94,63216.9132,2025-01-15 13:59:59.999,206384423.170993,254530,35518.7644,115939069.567916
2025-01-15 14:00:00,3298.93,3331.78,3276.03,3329.48,51262.6101,2025-01-15 14:59:59.999,169147281.510467,287891,26362.2394,87026650.650538
2025-01-15 15:00:00,3329.49,3353.82,3324.98,3334.47,41882.4121,2025-01-15 15:59:59.999,139889997.410572,258754,21852.0529,72990403.574588
2025-01-15 16:00:00,3334.47,3366.54,3334.2,3339.49,25666.0218,2025-01-15 16:59:59.999,85971369.368499,178732,13066.7568,43783817.869906
2025-01-15 17:00:00,3339.49,3358.95,3323.91,3325.81,16436.6907,2025-01-15 17:59:59.999,54949133.208569,106051,7218.1373,24143048.103055
2025-01-15 18:00:00,3325.82,3375.71,3325.82,3372.31,13727.1344,2025-01-15 18:59:59.999,46024775.84814,90908,7377.0296,24733017.234139
2025-01-15 19:00:00,3372.32,3442.59,3368.37,3434.99,36412.04,2025-01-15 19:59:59.999,124211686.047886,158593,20831.3552,71061783.693088
2025-01-15 20:00:00,3434.99,3473.75,3432.54,3434.01,38976.3346,2025-01-15 20:59:59.999,134410661.585645,180188,19461.723,67122987.66423
2025-01-15 21:00:00,3434.04,3447.0,3425.15,3432.41,13157.4547,2025-01-15 21:59:59.999,45226141.50919,76083,6427.1327,22096203.081437
2025-01-15 22:00:00,3432.4,3435.9,3418.4,3430.78,8235.4263,2025-01-15 22:59:59.999,28224589.623615,47836,3920.4346,13435480.556869
2025-01-15 23:00:00,3430.79,3454.11,3420.61,3451.52,13482.3476,2025-01-15 23:59:59.999,46336759.089824,86907,7662.6947,26345905.994921
2025-01-16 00:00:00,3451.51,3460.79,3388.5,3398.82,33723.1161,2025-01-16 00:59:59.999,115184049.500422,182099,15478.3459,52885285.470885
2025-01-16 01:00:00,3398.82,3413.43,3392.62,3403.37,13357.8024,2025-01-16 01:59:59.999,45458936.008144,85093,6865.5052,23366829.609329
2025-01-16 02:00:00,3403.37,3406.0,3381.6,3384.83,12537.1582,2025-01-16 02:59:59.999,42535434.807922,70800,5237.9414,17770722.944637
2025-01-16 03:00:00,3384.83,3387.88,3346.0,3363.38,20397.5497,2025-01-16 03:59:59.999,68621289.027729,100668,7601.6283,25573538.433877
2025-01-16 04:00:00,3363.38,3375.8,3362.0,3375.04,8312.1212,2025-01-16 04:59:59.999,28013482.779089,46365,3785.1547,12757581.587492
2025-01-16 05:00:00,3375.04,3377.5,3366.0,3368.39,6031.7953,2025-01-16 05:59:59.999,20331713.414683,33907,2088.6244,7042404.14229
2025-01-16 06:00:00,3368.4,3388.44,3363.21,3380.78,8375.8276,2025-01-16 06:59:59.999,28279391.013331,51698,4844.2796,16360154.526692
2025-01-16 07:00:00,3380.78,3391.5,3378.0,3384.3,12892.7645,2025-01-16 07:59:59.999,43627056.827958,45227,7833.1141,26509752.299761
2025-01-16 08:00:00,3384.3,3385.84,3303.2,3316.2,39136.7594,2025-01-16 08:59:59.999,130585887.867803,137081,14953.1012,49971077.352413
2025-01-16 09:00:00,3316.21,3338.31,3300.21,3336.23,20061.7705,2025-01-16 09:59:59.999,66496598.662506,97196,10133.0032,33610093.532046
2025-01-16 10:00:00,3336.22,3342.63,3329.04,3334.05,7719.9561,2025-01-16 10:59:59.999,25752158.937206,45128,3718.4922,12405090.559582
2025-01-16 11:00:00,3334.06,3356.0,3321.51,3351.27,15050.5856,2025-01-16 11:59:59.999,50247377.992978,105623,8542.6136,28530294.057327
2025-01-16 12:00:00,3351.26,3365.16,3341.65,3357.5,20590.1608,2025-01-16 12:59:59.999,69061465.433085,119341,11379.9417,38170616.558192
2025-01-16 13:00:00,3357.5,3359.03,3308.05,3328.61,32569.1366,2025-01-16 13:59:59.999,108517407.219345,162842,15519.2019,51708348.560374
2025-01-16 14:00:00,3328.62,3343.0,3265.44,3277.14,53199.9031,2025-01-16 14:59:59.999,175467657.301529,290065,25121.0434,82906718.072659
2025-01-16 15:00:00,3277.14,3333.21,3269.7,3333.04,37060.1033,2025-01-16 15:59:59.999,122270729.699311,200459,19354.9133,63866236.999674
2025-01-16 16:00:00,3333.02,3361.72,3330.4,3340.41,27181.336,2025-01-16 16:59:59.999,90911623.880625,163497,15229.7751,50941751.945299
2025-01-16 17:00:00,3340.4,3365.95,3330.9,3343.86,15737.5176,2025-01-16 17:59:59.999,52648694.495762,139696,7454.7067,24942860.20861
2025-01-16 18:00:00,3343.86,3350.89,3310.47,3325.97,14342.1766,2025-01-16 18:59:59.999,47720262.659234,118436,6645.4344,22113881.811235
2025-01-16 19:00:00,3325.96,3346.2,3319.5,3344.81,9346.9564,2025-01-16 19:59:59.999,31144797.784192,83112,5532.9658,18437837.441063
2025-01-16 20:00:00,3344.81,3354.01,3326.23,3337.33,13577.9781,2025-01-16 20:59:59.999,45329183.24836,111756,7802.114,26046744.542414
2025-01-16 21:00:00,3337.34,3337.94,3311.92,3320.08,10260.0138,2025-01-16 21:59:59.999,34091752.474906,84229,4634.8884,15400320.256662
2025-01-16 22:00:00,3320.08,3320.09,3269.0,3297.62,19217.3647,2025-01-16 22:59:59.999,63222348.711903,101260,8931.7388,29372589.452081
2025-01-16 23:00:00,3297.62,3312.27,3290.6,3308.05,20602.8251,2025-01-16 23:59:59.999,67993274.326828,91929,8981.3448,29645488.063727
2025-01-17 00:00:00,3308.04,3317.86,3307.5,3313.68,7509.1143,2025-01-17 00:59:59.999,24871914.612208,69604,3593.6876,11902938.962311
2025-01-17 01:00:00,3313.68,3391.02,3313.68,3386.31,42469.8212,2025-01-17 01:59:59.999,142885436.165972,186156,25059.0581,84322812.499612
2025-01-17 02:00:00,3386.3,3397.66,3355.0,3373.3,35791.6996,2025-01-17 02:59:59.999,120972453.679523,153975,17688.9811,59804895.545726
2025-01-17 03:00:00,3373.31,3377.49,3358.66,3361.01,11428.7934,2025-01-17 03:59:59.999,38503428.617075,64406,5303.5703,17871789.258848
2025-01-17 04:00:00,3361.01,3372.47,3347.79,3371.07,9271.8862,2025-01-17 04:59:59.999,31146226.372849,55561,4578.836,15388714.014385
2025-01-17 05:00:00,3371.07,3376.51,3359.28,3366.71,23978.1347,2025-01-17 05:59:59.999,80761278.595349,69607,12622.4263,42517506.545768
2025-01-17 06:00:00,3366.7,3376.0,3364.47,3367.44,8060.1814,2025-01-17 06:59:59.999,27169821.714792,56399,4040.8448,13623188.417303
2025-01-17 07:00:00,3367.44,3389.11,3363.0,3373.14,10647.7495,2025-01-17 07:59:59.999,35930928.067763,61535,6387.7737,21558152.163846
2025-01-17 08:00:00,3373.14,3413.86,3372.52,3407.33,19774.3783,2025-01-17 08:59:59.999,67053792.847599,117052,10663.7716,36162617.339377
2025-01-17 09:00:00,3407.33,3415.14,3400.64,3404.12,16134.37,2025-01-17 09:59:59.999,54972987.35329,108197,8419.6178,28684066.520874
2025-01-17 10:00:00,3404.12,3439.0,3403.01,3427.47,20830.7865,2025-01-17 10:59:59.999,71310341.98534,127407,12190.1067,41719957.687476
2025-01-17 11:00:00,3427.47,3430.0,3416.68,3423.24,13746.7974,2025-01-17 11:59:59.999,47086253.836562,73280,7204.3863,24679083.739326
2025-01-17 12:00:00,3423.25,3426.2,3400.69,3407.63,19499.6644,2025-01-17 12:59:59.999,66595340.494137,114436,9728.9187,33223088.971493
2025-01-17 13:00:00,3407.64,3424.0,3395.14,3402.0,17785.3649,2025-01-17 13:59:59.999,60630863.087623,137367,7864.4875,26818905.933448
2025-01-17 14:00:00,3402.0,3433.09,3401.9,3428.87,44710.3642,2025-01-17 14:59:59.999,152834270.328397,298859,24236.0769,82839899.847323
2025-01-17 15:00:00,3428.86,3450.53,3404.24,3421.8,37281.2983,2025-01-17 15:59:59.999,127853978.96843,294984,17983.8693,61699813.026663
2025-01-17 16:00:00,3421.8,3448.5,3411.83,3437.74,25169.2311,2025-01-17 16:59:59.999,86484815.69295,191899,12210.6863,41957107.381027
2025-01-17 17:00:00,3437.74,3443.2,3407.63,3414.41,19104.6205,2025-01-17 17:59:59.999,65431081.903595,160230,8393.7908,28751308.666472
2025-01-17 18:00:00,3414.41,3429.88,3410.18,3411.54,9502.338,2025-01-17 18:59:59.999,32489318.221326,102548,4366.1838,14928314.714699
2025-01-17 19:00:00,3411.53,3443.87,3410.78,3432.11,15642.0075,2025-01-17 19:59:59.999,53617283.585796,124681,7730.6697,26496694.777277
2025-01-17 20:00:00,3432.1,3525.0,3425.9,3514.81,63777.868,2025-01-17 20:59:59.999,222505893.510831,316088,35954.8255,125422288.703002
2025-01-17 21:00:00,3514.8,3525.72,3466.84,3473.58,24456.7291,2025-01-17 21:59:59.999,85500934.166137,151618,11292.3641,39485176.863027
2025-01-17 22:00:00,3473.58,3487.51,3467.8,3470.21,12843.8005,2025-01-17 22:59:59.999,44671729.605427,70833,6978.1708,24272447.818315
2025-01-17 23:00:00,3470.22,3485.52,3462.85,3473.63,9133.1823,2025-01-17 23:59:59.999,31733093.896122,59160,4808.4096,16705734.758848
2025-01-18 00:00:00,3473.64,3494.39,3469.15,3487.71,9543.1177,2025-01-18 00:59:59.999,33208111.026136,66536,5414.9135,18843030.317605
2025-01-18 01:00:00,3487.71,3487.71,3455.44,3466.31,12798.0584,2025-01-18 01:59:59.999,44412082.606668,74640,5575.5383,19355402.439922
2025-01-18 02:00:00,3466.31,3475.0,3447.72,3451.36,10614.2665,2025-01-18 02:59:59.999,36746182.242528,63395,4357.3302,15087676.907813
2025-01-18 03:00:00,3451.39,3456.3,3368.06,3384.07,39347.2863,2025-01-18 03:59:59.999,133936548.816849,206147,18283.1243,62199361.108324
2025-01-18 04:00:00,3384.08,3395.49,3350.9,3365.69,30154.9392,2025-01-18 04:59:59.999,101608003.38877,203179,16511.729,55620739.176143
2025-01-18 05:00:00,3365.69,3371.07,3290.01,3294.0,48600.5148,2025-01-18 05:59:59.999,161650346.774761,270168,20790.3734,69138032.523777
2025-01-18 06:00:00,3294.0,3340.39,3292.54,3313.52,32512.7869,2025-01-18 06:59:59.999,107948985.904186,198854,16944.4114,56258790.930521
2025-01-18 07:00:00,3313.52,3315.32,3281.09,3287.63,24832.0709,2025-01-18 07:59:59.999,81846136.95937,170733,12535.859,41322331.928511
2025-01-18 08:00:00,3287.64,3295.77,3251.65,3293.21,33118.5022,2025-01-18 08:59:59.999,108451033.833955,222238,16155.006,52914176.501485
2025-01-18 09:00:00,3293.21,3301.2,3252.8,3270.97,26513.2941,2025-01-18 09:59:59.999,86864982.983378,169837,12949.3927,42451380.736723
2025-01-18 10:00:00,3270.97,3278.42,3227.0,3267.1,55640.29,2025-01-18 10:59:59.999,180954208.748448,276097,25219.5996,82023323.698232
2025-01-18 11:00:00,3267.09,3324.1,3249.1,3311.62,38230.5492,2025-01-18 11:59:59.999,125861908.707799,193941,23192.3757,76368108.979436
2025-01-18 12:00:00,3311.63,3322.44,3274.17,3289.9,30302.6872,2025-01-18 12:59:59.999,99890293.831429,157138,14510.4398,47835842.073265
2025-01-18 13:00:00,3289.9,3323.53,3280.04,3323.38,23027.9115,2025-01-18 13:59:59.999,76118758.088091,132150,12099.7451,39994215.377057
2025-01-18 14:00:00,3323.38,3326.99,3289.36,3297.5,20064.6455,2025-01-18 14:59:59.999,66346026.56216,147961,8601.5878,28442116.555754
2025-01-18 15:00:00,3297.5,3347.34,3285.16,3307.07,47731.015,2025-01-18 15:59:59.999,158672215.954318,244227,22946.3699,76271533.927156
2025-01-18 16:00:00,3307.07,3316.62,3253.89,3253.89,53409.0067,2025-01-18 16:59:59.999,175460925.930067,315474,23018.1975,75649136.841829
2025-01-18 17:00:00,3253.9,3285.93,3253.46,3258.2,18355.0205,2025-01-18 17:59:59.999,60052793.454841,176174,8182.2418,26785904.880065
2025-01-18 18:00:00,3258.2,3284.27,3250.0,3264.78,16147.7407,2025-01-18 18:59:59.999,52776190.390235,164023,8570.1619,28016620.663673
2025-01-18 19:00:00,3264.77,3293.23,3261.5,3290.2,14294.3793,2025-01-18 19:59:59.999,46917472.213488,122183,8132.0029,26692425.44994
2025-01-18 20:00:00,3290.21,3291.96,3258.37,3266.02,12584.5613,2025-01-18 20:59:59.999,41182506.228575,108548,6326.0209,20703094.892469
2025-01-18 21:00:00,3266.02,3285.93,3263.59,3274.72,8862.5461,2025-01-18 21:59:59.999,29054727.337738,74292,4480.0504,14685666.550857
2025-01-18 22:00:00,3274.72,3288.39,3271.62,3280.46,9214.0718,2025-01-18 22:59:59.999,30246270.106013,57793,4354.8913,14292938.779864
2025-01-18 23:00:00,3280.47,3321.11,3279.45,3307.71,18297.8663,2025-01-18 23:59:59.999,60426949.674616,115659,10602.9667,35018438.27725
2025-01-19 00:00:00,3307.71,3322.85,3298.71,3316.3,15489.0175,2025-01-19 00:59:59.999,51292710.518,108535,8099.7297,26825448.651833
2025-01-19 01:00:00,3316.3,3365.93,3314.07,3353.3,31236.1906,2025-01-19 01:59:59.999,104570000.720258,186738,17613.7923,58974284.829308
2025-01-19 02:00:00,3353.3,3378.11,3347.94,3353.41,20917.018,2025-01-19 02:59:59.999,70272894.6961,124502,11330.4669,38064608.430091
2025-01-19 03:00:00,3353.4,3365.82,3333.0,3335.47,17747.9287,2025-01-19 03:59:59.999,59369611.407222,131164,8053.5307,26943962.953261
2025-01-19 04:00:00,3335.47,3337.95,3276.99,3283.51,46369.4594,2025-01-19 04:59:59.999,153022026.601534,251142,19076.8629,62961368.916006
2025-01-19 05:00:00,3283.51,3301.13,3259.9,3299.91,24254.8774,2025-01-19 05:59:59.999,79496183.468481,169885,12256.2701,40192522.959042
2025-01-19 06:00:00,3299.92,3301.0,3282.49,3283.44,20427.1744,2025-01-19 06:59:59.999,67243882.566025,97512,12074.5361,39742240.779542
2025-01-19 07:00:00,3283.44,3293.29,3263.0,3276.06,25129.6359,2025-01-19 07:59:59.999,82315920.637677,137431,10960.9586,35925019.233228
2025-01-19 08:00:00,3276.06,3277.53,3215.81,3221.9,47929.5451,2025-01-19 08:59:59.999,155338832.165248,256599,20158.3612,65297931.041566
2025-01-19 09:00:00,3221.9,3233.77,3143.02,3226.0,105144.5117,2025-01-19 09:59:59.999,334326824.398191,513435,49448.8923,157250708.618872
2025-01-19 10:00:00,3226.01,3226.89,3172.97,3174.7,51453.0068,2025-01-19 10:59:59.999,164302728.956704,274591,21268.9799,67918827.506209
2025-01-19 11:00:00,3174.7,3188.9,3130.48,3149.97,50955.6276,2025-01-19 11:59:59.999,160995634.806357,297513,24639.6089,77865343.530548
2025-01-19 12:00:00,3149.98,3211.55,3145.0,3205.9,38838.6903,2025-01-19 12:59:59.999,123520547.222871,243993,21165.0397,67320446.760592
2025-01-19 13:00:00,3205.9,3279.0,3193.1,3276.99,52675.9772,2025-01-19 13:59:59.999,170011394.27478,248215,28302.8654,91402581.110967
2025-01-19 14:00:00,3276.99,3397.7,3259.35,3381.16,191257.8743,2025-01-19 14:59:59.999,639631253.33958,731238,100384.0997,335819958.636626
2025-01-19 15:00:00,3381.15,3426.05,3353.17,3383.68,84070.5422,2025-01-19 15:59:59.999,285084484.961238,353300,43188.7947,146505872.054076
2025-01-19 16:00:00,3383.68,3424.43,3378.11,3410.74,49594.8858,2025-01-19 16:59:59.999,168955655.78115,226878,27011.6593,92032682.107928
2025-01-19 17:00:00,3410.74,3447.7,3385.52,3442.39,43944.6676,2025-01-19 17:59:59.999,150227037.944548,251158,24121.2412,82488614.190637
2025-01-19 18:00:00,3442.38,3448.99,3406.62,3432.73,25075.6922,2025-01-19 18:59:59.999,85851661.293069,146622,12611.5692,43175003.132453
2025-01-19 19:00:00,3432.73,3432.76,3407.05,3418.92,14625.0314,2025-01-19 19:59:59.999,50037682.719424,107215,6756.4787,23118706.924972
2025-01-19 20:00:00,3418.93,3431.82,3361.4,3377.67,28343.5073,2025-01-19 20:59:59.999,96403676.218117,187243,12304.7124,41856278.851275
2025-01-19 21:00:00,3377.66,3378.96,3208.0,3233.0,130221.2604,2025-01-19 21:59:59.999,426833624.248316,633111,54861.7204,179700796.504736
2025-01-19 22:00:00,3233.0,3312.81,3156.7,3266.65,109082.7312,2025-01-19 22:59:59.999,353011501.013863,640238,51618.2754,167212115.253822
2025-01-19 23:00:00,3266.66,3266.81,3160.76,3215.12,117516.6687,2025-01-19 23:59:59.999,376543911.05357695,746555,54623.9855,175062155.922696
2025-01-20 00:00:00,3215.2,3226.0,3142.78,3170.9,121008.5413,2025-01-20 00:59:59.999,385382334.344457,665924,56940.6507,181335600.944706
2025-01-20 01:00:00,3170.91,3221.04,3166.22,3201.01,63258.2751,2025-01-20 01:59:59.999,202047540.541146,493000,30342.6529,96922655.186251
2025-01-20 02:00:00,3201.01,3274.8,3196.92,3245.07,57397.1934,2025-01-20 02:59:59.999,186259885.666773,359949,28059.1724,91016176.572078
2025-01-20 03:00:00,3245.07,3280.75,3228.06,3272.34,32465.9972,2025-01-20 03:59:59.999,105795940.52945,305086,16550.8621,53950724.904706
2025-01-20 04:00:00,3272.3,3300.0,3250.66,3270.73,23552.6098,2025-01-20 04:59:59.999,77042548.17818,244236,12380.6323,40522569.522497
2025-01-20 05:00:00,3270.73,3320.0,3267.38,3291.33,28057.2762,2025-01-20 05:59:59.999,92333943.937651,272221,13186.0956,43397662.458297
2025-01-20 06:00:00,3291.33,3453.69,3286.2,3416.01,89600.0067,2025-01-20 06:59:59.999,302409300.182747,451619,51460.5129,173692438.771399
2025-01-20 07:00:00,3416.02,3441.82,3351.09,3382.59,91256.958,2025-01-20 07:59:59.999,310754636.382059,425582,47419.2478,161501692.285373
2025-01-20 08:00:00,3382.58,3413.3,3380.0,3392.43,26773.5761,2025-01-20 08:59:59.999,90955145.044489,152467,14213.3823,48288291.433114
2025-01-20 09:00:00,3392.43,3412.28,3352.5,3364.0,40084.8496,2025-01-20 09:59:59.999,135486752.370771,187064,19988.2629,67577656.183273
2025-01-20 10:00:00,3364.01,3391.16,3340.33,3353.42,34784.3584,2025-01-20 10:59:59.999,117197310.754018,152922,17276.0711,58222247.072352
2025-01-20 11:00:00,3353.42,3388.63,3334.32,3375.43,29826.0765,2025-01-20 11:59:59.999,100334846.689426,166970,15310.4625,51515136.534757
2025-01-20 12:00:00,3375.42,3379.34,3257.2,3304.02,64315.9086,2025-01-20 12:59:59.999,212529992.533432,339168,30028.7631,99236610.480886
2025-01-20 13:00:00,3304.02,3355.0,3295.17,3342.99,37326.2638,2025-01-20 13:59:59.999,124153387.998476,262686,19435.7962,64649415.761461
2025-01-20 14:00:00,3342.99,3361.98,3330.29,3359.4,25916.2554,2025-01-20 14:59:59.999,86720177.975692,181620,12121.3856,40567152.090638
2025-01-20 15:00:00,3359.4,3379.94,3315.77,3335.9,39536.5265,2025-01-20 15:59:59.999,132444060.571389,298439,19029.8326,63775440.825211
2025-01-20 16:00:00,3335.91,3390.68,3277.74,3379.97,53946.9875,2025-01-20 16:59:59.999,180165097.897768,339051,27310.9675,91311502.822083
2025-01-20 17:00:00,3379.96,3383.85,3205.42,3292.93,161931.3324,2025-01-20 17:59:59.999,533107652.96515906,764158,74399.4499,245085483.604504
2025-01-20 18:00:00,3292.98,3342.69,3284.02,3330.53,42353.3875,2025-01-20 18:59:59.999,140239073.79087,303491,22053.3064,73037992.281016
2025-01-20 19:00:00,3330.53,3364.12,3308.41,3343.5,28105.9752,2025-01-20 19:59:59.999,93824270.523067,237457,15075.8877,50313810.1251
2025-01-20 20:00:00,3343.49,3344.5,3314.0,3320.24,12244.0639,2025-01-20 20:59:59.999,40792273.953967,144441,5654.5801,18838748.84164
2025-01-20 21:00:00,3320.23,3337.17,3279.76,3284.96,16198.8624,2025-01-20 21:59:59.999,53643470.119356,150758,6139.4961,20336953.320802
2025-01-20 22:00:00,3284.97,3324.46,3255.92,3318.49,18165.728,2025-01-20 22:59:59.999,59800232.375984,115864,9525.7974,31377777.050326
2025-01-20 23:00:00,3318.5,3320.84,3260.93,3284.0,20247.7719,2025-01-20 23:59:59.999,66600439.80528,123378,8769.4347,28846860.889516
2025-01-21 00:00:00,3283.99,3289.85,3221.02,3226.87,46276.4991,2025-01-21 00:59:59.999,150466082.123833,365452,19677.7202,64003639.401717
2025-01-21 01:00:00,3226.88,3260.96,3204.6,3250.63,43265.9768,2025-01-21 01:59:59.999,139924406.048335,356701,20813.3862,67343434.110664
2025-01-21 02:00:00,3250.62,3273.16,3228.5,3257.94,24789.943,2025-01-21 02:59:59.999,80680939.144212,223789,12676.0822,41264402.884414
2025-01-21 03:00:00,3257.94,3270.0,3249.06,3262.6,19140.9358,2025-01-21 03:59:59.999,62402803.943785,130046,10101.6846,32939283.760011
2025-01-21 04:00:00,3262.6,3262.76,3213.82,3247.15,20738.9753,2025-01-21 04:59:59.999,67186948.903708,145178,9409.105,30483956.900411
2025-01-21 05:00:00,3247.15,3254.13,3217.07,3225.13,14843.0809,2025-01-21 05:59:59.999,48034383.491127,112688,6652.7353,21532160.708298
2025-01-21 06:00:00,3225.14,3254.2,3213.03,3241.99,20222.0515,2025-01-21 06:59:59.999,65442348.462994,126002,11277.5734,36509304.131364
2025-01-21 07:00:00,3241.99,3266.24,3235.37,3254.7,15558.0566,2025-01-21 07:59:59.999,50616733.060035,98598,8309.9905,27035010.943779
2025-01-21 08:00:00,3254.7,3263.28,3234.48,3254.14,16980.3298,2025-01-21 08:59:59.999,55215812.500384,99888,9016.4952,29323680.548271
2025-01-21 09:00:00,3254.13,3277.0,3250.92,3276.66,18582.6896,2025-01-21 09:59:59.999,60688928.512968,143999,9741.7018,31818687.884538
2025-01-21 10:00:00,3276.66,3310.0,3271.39,3303.11,24211.1483,2025-01-21 10:59:59.999,79720835.851361,149843,14378.1725,47353598.184053
2025-01-21 11:00:00,3303.09,3314.0,3292.71,3305.07,22737.4085,2025-01-21 11:59:59.999,75133970.139875,136896,9848.5683,32551578.830192
2025-01-21 12:00:00,3305.07,3326.74,3293.59,3307.19,29151.6409,2025-01-21 12:59:59.999,96439579.746206,147725,15512.8867,51330017.250576
2025-01-21 13:00:00,3307.19,3314.99,3290.0,3309.68,18247.497,2025-01-21 13:59:59.999,60243753.072153,110424,9043.9482,29860400.600255
2025-01-21 14:00:00,3309.69,3335.44,3279.09,3289.41,46772.5606,2025-01-21 14:59:59.999,154687000.212878,228579,19968.2759,66034021.186628
2025-01-21 15:00:00,3289.42,3302.09,3265.11,3295.1,27063.3701,2025-01-21 15:59:59.999,88925589.848715,210831,12699.3404,41738204.43267
2025-01-21 16:00:00,3295.1,3349.17,3290.5,3313.85,34589.3161,2025-01-21 16:59:59.999,115030781.143394,222524,18077.276,60120241.755578
2025-01-21 17:00:00,3313.85,3356.59,3307.81,3351.0,20466.3539,2025-01-21 17:59:59.999,68130193.497307,125956,11854.8244,39466301.511321
2025-01-21 18:00:00,3351.0,3368.0,3330.74,3345.76,21973.6098,2025-01-21 18:59:59.999,73608685.577631,140847,11616.8171,38927858.177294
2025-01-21 19:00:00,3345.75,3346.63,3318.0,3332.16,14995.3714,2025-01-21 19:59:59.999,49939689.109312,101312,7602.4903,25319332.693567
2025-01-21 20:00:00,3332.16,3339.49,3304.01,3314.39,11131.4679,2025-01-21 20:59:59.999,36938889.497799,97519,5188.9139,17220505.153728
2025-01-21 21:00:00,3314.39,3336.5,3302.03,3331.9,12215.3789,2025-01-21 21:59:59.999,40525469.717584,80981,6233.1334,20681608.768769
2025-01-21 22:00:00,3331.9,3347.12,3326.7,3333.74,8771.2347,2025-01-21 22:59:59.999,29256043.899619,58183,4233.6803,14122569.701035
2025-01-21 23:00:00,3333.75,3334.89,3308.11,3327.54,15981.1548,2025-01-21 23:59:59.999,53077712.162444,138996,7158.826,23775859.366315
2025-01-22 00:00:00,3327.55,3365.99,3323.37,3361.54,17379.4894,2025-01-22 00:59:59.999,58061142.026625,144328,9951.647,33259064.311251
2025-01-22 01:00:00,3361.54,3361.55,3321.31,3328.84,16728.477,2025-01-22 01:59:59.999,55875080.187797,126056,8407.5543,28088049.401162
2025-01-22 02:00:00,3328.84,3347.0,3322.0,3343.77,15037.2716,2025-01-22 02:59:59.999,50182858.087415,85466,7777.878,25956127.191675
2025-01-22 03:00:00,3343.76,3348.0,3327.0,3330.98,11103.2117,2025-01-22 03:59:59.999,37071475.815748,74594,5528.9061,18462008.676257
2025-01-22 04:00:00,3330.98,3333.1,3316.18,3331.96,8867.4232,2025-01-22 04:59:59.999,29491976.421469,60078,4184.9892,13919382.701851
2025-01-22 05:00:00,3331.96,3339.59,3317.0,3318.5,8801.1286,2025-01-22 05:59:59.999,29281264.007372,52476,3649.949,12149114.263487
2025-01-22 06:00:00,3318.49,3324.27,3303.0,3309.39,12199.9269,2025-01-22 06:59:59.999,40393428.28514,70948,4299.6589,14241584.922389
2025-01-22 07:00:00,3309.39,3311.0,3287.0,3288.07,20719.9999,2025-01-22 07:59:59.999,68355700.514363,88134,7936.7618,26182394.529386
2025-01-22 08:00:00,3288.08,3301.56,3273.83,3299.56,19940.8671,2025-01-22 08:59:59.999,65594638.259759,100564,9114.6662,29983076.24047
2025-01-22 09:00:00,3299.56,3304.25,3290.37,3298.55,10535.755,2025-01-22 09:59:59.999,34735879.178067,52969,5108.1283,16841402.725483
2025-01-22 10:00:00,3298.55,3308.17,3289.14,3308.09,10826.8023,2025-01-22 10:59:59.999,35728688.304111,51958,5227.4665,17252762.568031
2025-01-22 11:00:00,3308.09,3329.99,3304.51,3326.55,11276.7626,2025-01-22 11:59:59.999,37393614.775461,60209,5951.7631,19735361.433837
2025-01-22 12:00:00,3326.55,3332.7,3311.5,3316.97,8087.6257,2025-01-22 12:59:59.999,26854890.512172,63955,4187.41,13905051.758768
2025-01-22 13:00:00,3316.97,3319.29,3280.19,3284.15,17959.6925,2025-01-22 13:59:59.999,59237810.251726,120752,7957.453,26247664.909661
2025-01-22 14:00:00,3284.15,3312.22,3267.17,3293.97,28070.9566,2025-01-22 14:59:59.999,92292097.191011,185949,12675.308,41680594.016319
2025-01-22 15:00:00,3293.97,3305.68,3270.0,3278.39,23694.5576,2025-01-22 15:59:59.999,77841273.961475,149127,10093.375,33169289.498298
2025-01-22 16:00:00,3278.39,3283.11,3259.93,3277.9,19860.2333,2025-01-22 16:59:59.999,64982011.695111,120568,9329.7865,30531536.339236
2025-01-22 17:00:00,3277.9,3287.49,3272.16,3285.39,8676.2212,2025-01-22 17:59:59.999,28472002.594097,62153,4685.1242,15372925.241943
2025-01-22 18:00:00,3285.4,3291.3,3239.4,3249.93,16645.9697,2025-01-22 18:59:59.999,54320041.943068,88518,6818.6982,22271398.795775
2025-01-22 19:00:00,3249.94,3280.65,3248.3,3261.99,16388.7323,2025-01-22 19:59:59.999,53524972.908731,110521,8303.854,27117909.607986
2025-01-22 20:00:00,3262.0,3276.6,3253.79,3256.61,11364.2789,2025-01-22 20:59:59.999,37108552.680193,101416,5727.1318,18701063.80417
2025-01-22 21:00:00,3256.6,3264.87,3241.37,3259.32,11848.073,2025-01-22 21:59:59.999,38521781.559793,67148,5753.0163,18706705.238875
2025-01-22 22:00:00,3259.32,3266.36,3233.02,3238.89,9809.5006,2025-01-22 22:59:59.999,31893477.955926,52640,4563.4803,14840665.961774
2025-01-22 23:00:00,3238.89,3246.87,3222.85,3242.6,13417.7931,2025-01-22 23:59:59.999,43433712.079929,97144,6248.7543,20229686.366479
2025-01-23 00:00:00,3242.61,3261.34,3238.21,3253.62,13267.2913,2025-01-23 00:59:59.999,43139930.194161,113921,6739.2182,21915455.523818
2025-01-23 01:00:00,3253.62,3258.38,3220.43,3235.26,15286.5526,2025-01-23 01:59:59.999,49527575.116361,116603,6938.1251,22477944.075001
2025-01-23 02:00:00,3235.27,3237.38,3204.18,3223.13,25069.0676,2025-01-23 02:59:59.999,80680652.561502,181854,12102.9043,38951875.866965
2025-01-23 03:00:00,3223.13,3243.22,3215.77,3226.92,13015.9703,2025-01-23 03:59:59.999,42077965.775507,90776,6600.1872,21337403.47117
2025-01-23 04:00:00,3227.0,3231.72,3185.0,3197.5,24050.628,2025-01-23 04:59:59.999,77040658.422056,144944,9442.1589,30242361.772805
2025-01-23 05:00:00,3197.51,3221.32,3196.61,3215.0,9634.7759,2025-01-23 05:59:59.999,30938841.802178,73431,5337.1249,17137418.344264
2025-01-23 06:00:00,3215.0,3225.28,3204.81,3208.1,8953.3819,2025-01-23 06:59:59.999,28792249.050648,59851,4822.8831,15509323.017208
2025-01-23 07:00:00,3208.11,3234.0,3199.0,3233.48,13235.6793,2025-01-23 07:59:59.999,42600357.28067,73365,8063.8828,25954599.827313
2025-01-23 08:00:00,3233.48,3233.65,3208.63,3210.05,10795.8948,2025-01-23 08:59:59.999,34793760.246025,68596,5668.9229,18272382.280578
2025-01-23 09:00:00,3210.06,3221.76,3192.09,3197.01,12553.0511,2025-01-23 09:59:59.999,40283062.836164,80126,6613.9638,21228172.031004
2025-01-23 10:00:00,3197.01,3213.37,3188.89,3203.99,15495.8935,2025-01-23 10:59:59.999,49581302.561995,94607,7420.8823,23743429.39215
2025-01-23 11:00:00,3204.0,3216.75,3195.35,3213.08,15469.8645,2025-01-23 11:59:59.999,49615772.005433,71383,5840.0078,18735031.756028
2025-01-23 12:00:00,3213.08,3218.18,3189.69,3203.75,22116.2686,2025-01-23 12:59:59.999,70870055.347436,104502,10414.2083,33371472.09968
2025-01-23 13:00:00,3203.75,3243.0,3202.01,3233.99,25620.2224,2025-01-23 13:59:59.999,82600658.875687,124303,12937.6256,41722688.260282
2025-01-23 14:00:00,3233.99,3286.72,3222.66,3275.55,53034.3117,2025-01-23 14:59:59.999,172817995.714781,238093,28374.4487,92429984.415848
2025-01-23 15:00:00,3275.55,3282.0,3225.68,3259.33,61528.9591,2025-01-23 15:59:59.999,199898109.65952,294222,31215.1374,101408731.471049
2025-01-23 16:00:00,3259.33,3297.49,3252.5,3254.72,33511.4808,2025-01-23 16:59:59.999,109747887.963834,171284,17035.9888,55797805.274256
2025-01-23 17:00:00,3254.72,3272.0,3230.74,3265.85,18791.2023,2025-01-23 17:59:59.999,61027593.731493,121896,8931.0609,29005528.82108
2025-01-23 18:00:00,3265.85,3270.28,3235.29,3241.09,10949.8799,2025-01-23 18:59:59.999,35589573.089866,74362,5011.2174,16286316.754662
2025-01-23 19:00:00,3241.09,3246.88,3195.0,3204.98,22876.6148,2025-01-23 19:59:59.999,73538259.135111,130796,9972.3499,32062946.508582
2025-01-23 20:00:00,3204.98,3295.47,3196.25,3247.18,87094.9417,2025-01-23 20:59:59.999,283565547.387588,378364,45140.4283,146978783.985509
2025-01-23 21:00:00,3247.17,3255.86,3213.93,3248.56,26681.8711,2025-01-23 21:59:59.999,86399592.457949,181052,13852.7283,44872268.219394
2025-01-23 22:00:00,3248.56,3323.49,3246.25,3322.36,39373.9853,2025-01-23 22:59:59.999,129595363.406175,149617,21285.8108,70049753.693659
2025-01-23 23:00:00,3322.36,3347.97,3312.0,3338.21,27184.934,2025-01-23 23:59:59.999,90585158.458407,117972,13533.6761,45098758.855043
2025-01-24 00:00:00,3338.22,3349.6,3284.6,3285.42,23709.1834,2025-01-24 00:59:59.999,78607133.344008,175461,10880.7817,36086224.505766
2025-01-24 01:00:00,3285.42,3325.97,3284.27,3298.49,20655.3994,2025-01-24 01:59:59.999,68255839.336705,157506,10364.7759,34243035.250984
2025-01-24 02:00:00,3298.49,3313.9,3280.24,3285.41,13458.9643,2025-01-24 02:59:59.999,44389001.083375,143925,6203.4667,20465749.33957
2025-01-24 03:00:00,3285.41,3313.13,3275.9,3302.26,21996.9398,2025-01-24 03:59:59.999,72590256.952725,174259,9872.6986,32581405.876939
2025-01-24 04:00:00,3302.26,3340.4,3292.23,3333.4,17314.2984,2025-01-24 04:59:59.999,57477559.763901,126025,9393.2005,31186235.091471
2025-01-24 05:00:00,3333.4,3409.99,3329.3,3409.96,41052.5071,2025-01-24 05:59:59.999,138439963.935208,208491,22907.7571,77254027.443436
2025-01-24 06:00:00,3409.97,3421.0,3378.0,3386.4,35399.191,2025-01-24 06:59:59.999,120265683.311196,202728,15423.4794,52413528.672533
2025-01-24 07:00:00,3386.41,3401.0,3372.33,3380.8,17269.1118,2025-01-24 07:59:59.999,58504764.234312,115269,8907.3075,30176558.238986
2025-01-24 08:00:00,3380.79,3416.5,3374.68,3401.3,22720.9114,2025-01-24 08:59:59.999,77249583.503376,113943,11827.158,40218968.763598
2025-01-24 09:00:00,3401.29,3413.0,3391.68,3401.39,10977.3546,2025-01-24 09:59:59.999,37337375.031679,89313,5464.0735,18586545.476583
2025-01-24 10:00:00,3401.38,3415.0,3390.74,3413.4,13550.0405,2025-01-24 10:59:59.999,46085016.428266,89219,7291.4311,24801266.532582
2025-01-24 11:00:00,3413.39,3414.66,3392.39,3399.22,9836.5133,2025-01-24 11:59:59.999,33475300.228218,71972,4306.0843,14655680.680095
2025-01-24 12:00:00,3399.21,3405.0,3386.67,3404.0,11390.7722,2025-01-24 12:59:59.999,38662952.482974,67185,6031.8245,20474879.938929
2025-01-24 13:00:00,3404.0,3428.0,3391.16,3394.99,22276.1605,2025-01-24 13:59:59.999,75861106.702205,109739,12052.5367,41059235.200508
2025-01-24 14:00:00,3395.0,3422.7,3378.56,3399.66,23892.9911,2025-01-24 14:59:59.999,81217511.389542,161633,11389.5192,38730310.835045
2025-01-24 15:00:00,3399.67,3409.73,3355.67,3383.69,24718.0203,2025-01-24 15:59:59.999,83581395.088885,156699,10573.5743,35762434.051357
2025-01-24 16:00:00,3383.64,3397.87,3377.39,3380.2,13007.3395,2025-01-24 16:59:59.999,44078489.687555,75621,6757.6232,22900183.48281
2025-01-24 17:00:00,3380.2,3406.24,3373.1,3397.9,12660.6054,2025-01-24 17:59:59.999,42926325.270226,87474,5900.1905,20008703.015355
2025-01-24 18:00:00,3397.88,3409.4,3375.5,3381.49,12426.2516,2025-01-24 18:59:59.999,42144000.724832,82693,5425.0549,18408518.055863
2025-01-24 19:00:00,3381.49,3395.0,3365.0,3368.7,16780.4663,2025-01-24 19:59:59.999,56673567.591741,71633,7717.1059,26061038.940657
2025-01-24 20:00:00,3368.7,3378.79,3327.19,3329.28,27353.6222,2025-01-24 20:59:59.999,91649624.548977,118481,9938.6057,33297651.075642
2025-01-24 21:00:00,3329.29,3346.99,3323.49,3329.84,14875.3624,2025-01-24 21:59:59.999,49584819.028118,77381,5928.6962,19763059.62421
2025-01-24 22:00:00,3329.9,3336.88,3322.36,3325.73,9892.6289,2025-01-24 22:59:59.999,32931950.509536,44068,4897.3916,16302965.395703
2025-01-24 23:00:00,3325.72,3325.99,3304.11,3310.09,14309.6398,2025-01-24 23:59:59.999,47390077.513403,72851,5553.6665,18392609.557901
2025-01-25 00:00:00,3310.1,3313.98,3270.46,3273.97,23108.5811,2025-01-25 00:59:59.999,76063228.838446,152659,9088.8282,29936853.839894
2025-01-25 01:00:00,3273.97,3306.5,3268.66,3294.54,15590.1619,2025-01-25 01:59:59.999,51334571.853538,105211,7674.224,25261755.918653
2025-01-25 02:00:00,3294.54,3304.1,3289.33,3295.0,7449.8997,2025-01-25 02:59:59.999,24574139.892597,62616,3661.4606,12078364.415436
2025-01-25 03:00:00,3295.0,3325.0,3292.42,3319.44,10430.9198,2025-01-25 03:59:59.999,34526649.545971,66017,5933.9942,19646270.957307
2025-01-25 04:00:00,3319.43,3319.7,3298.02,3300.05,6364.7943,2025-01-25 04:59:59.999,21053740.852944,40959,2416.1877,7994720.466981
2025-01-25 05:00:00,3300.05,3302.87,3288.0,3296.51,6786.7468,2025-01-25 05:59:59.999,22362539.770626,51942,2819.7035,9292604.145439
2025-01-25 06:00:00,3296.5,3303.31,3283.82,3292.51,12678.8477,2025-01-25 06:59:59.999,41710610.591274,59382,6061.9545,19942587.165344
2025-01-25 07:00:00,3292.51,3295.45,3283.57,3291.53,6698.6295,2025-01-25 07:59:59.999,22038756.883643,53037,3587.7662,11803739.375279
2025-01-25 08:00:00,3291.52,3301.2,3282.62,3291.06,6385.095,2025-01-25 08:59:59.999,21030151.899012,42611,3558.7614,11724843.928717
2025-01-25 09:00:00,3291.06,3292.49,3281.35,3283.69,4070.1888,2025-01-25 09:59:59.999,13382615.7907,34858,1913.6937,6291847.503667
2025-01-25 10:00:00,3283.69,3298.24,3272.09,3295.53,8030.153,2025-01-25 10:59:59.999,26362964.793621,62707,4196.6125,13783618.079008
2025-01-25 11:00:00,3295.53,3311.5,3291.13,3306.91,7968.3326,2025-01-25 11:59:59.999,26297381.569334,50073,4810.8952,15881300.516493
2025-01-25 12:00:00,3306.91,3307.24,3294.24,3306.17,5747.1869,2025-01-25 12:59:59.999,18973713.967284,45567,2831.5751,9348136.596851
2025-01-25 13:00:00,3306.17,3310.1,3300.68,3307.83,5173.3324,2025-01-25 13:59:59.999,17097861.802033,47456,2658.5378,8786511.038614
2025-01-25 14:00:00,3307.82,3319.5,3298.45,3315.85,5379.9266,2025-01-25 14:59:59.999,17793330.755777,50245,2781.8871,9202343.483478
2025-01-25 15:00:00,3315.84,3345.0,3310.0,3334.62,20905.2441,2025-01-25 15:59:59.999,69608018.021822,98925,10097.3612,33611213.32117
2025-01-25 16:00:00,3334.62,3349.58,3330.64,3342.27,11132.2982,2025-01-25 16:59:59.999,37166375.001034,87272,4588.7308,15321967.806221
2025-01-25 17:00:00,3342.28,3346.19,3330.63,3344.17,9698.4607,2025-01-25 17:59:59.999,32375397.301992,68747,4202.4437,14028875.774621
2025-01-25 18:00:00,3344.16,3348.67,3335.6,3342.2,5796.8249,2025-01-25 18:59:59.999,19371162.812813,52165,2789.1991,9321295.669133
2025-01-25 19:00:00,3342.19,3344.45,3334.71,3340.3,4060.1633,2025-01-25 19:59:59.999,13562093.539606,39957,1565.1714,5228102.427144
2025-01-25 20:00:00,3340.29,3350.68,3335.8,3337.03,4459.9355,2025-01-25 20:59:59.999,14915671.344261,40754,2147.8005,7184109.796793
2025-01-25 21:00:00,3337.04,3342.72,3332.53,3339.43,5452.4066,2025-01-25 21:59:59.999,18195627.288037,47232,2216.9728,7398718.216383
2025-01-25 22:00:00,3339.43,3346.0,3332.1,3334.42,4858.5367,2025-01-25 22:59:59.999,16225763.345835,31524,1977.6247,6603914.226883
2025-01-25 23:00:00,3334.42,3337.0,3314.87,3318.77,10332.3754,2025-01-25 23:59:59.999,34361117.663244,64722,4548.0639,15125937.458145
2025-01-26 00:00:00,3318.76,3327.5,3313.9,3321.01,11681.2763,2025-01-26 00:59:59.999,38769862.084446,42461,4743.3046,15744195.300868
2025-01-26 01:00:00,3321.01,3337.78,3318.6,3331.18,6953.7509,2025-01-26 01:59:59.999,23159024.964871,44513,3575.0422,11906668.874618
2025-01-26 02:00:00,3331.18,3331.19,3318.14,3328.35,4353.555,2025-01-26 02:59:59.999,14471455.055921,41075,1733.3617,5761995.708276
2025-01-26 03:00:00,3328.4,3350.0,3326.36,3338.94,7632.2227,2025-01-26 03:59:59.999,25464580.963637,44004,4147.0834,13834564.061088
2025-01-26 04:00:00,3338.95,3362.0,3336.41,3352.27,11570.4191,2025-01-26 04:59:59.999,38796457.627857,66014,5694.4568,19092900.506245
2025-01-26 05:00:00,3352.27,3353.6,3338.0,3342.32,9181.0999,2025-01-26 05:59:59.999,30697858.034869,44940,3740.1936,12502368.703864
2025-01-26 06:00:00,3342.32,3348.01,3338.63,3341.85,5728.3281,2025-01-26 06:59:59.999,19153823.856442,39433,2724.8727,9112129.465263
2025-01-26 07:00:00,3341.85,3345.33,3330.3,3338.56,5495.8937,2025-01-26 07:59:59.999,18347562.027455,38374,2639.2758,8811536.34373
2025-01-26 08:00:00,3338.57,3343.45,3323.43,3332.08,6464.5738,2025-01-26 08:59:59.999,21552628.621376,44047,2818.829,9401918.820759
2025-01-26 09:00:00,3332.08,3332.49,3292.82,3298.5,17258.8861,2025-01-26 09:59:59.999,57099260.163286,81500,6226.9498,20599047.039217
2025-01-26 10:00:00,3298.5,3306.76,3295.81,3305.98,7225.4917,2025-01-26 10:59:59.999,23852784.634788,43328,3415.8853,11276642.816188
2025-01-26 11:00:00,3305.99,3316.55,3302.73,3312.3,6790.3126,2025-01-26 11:59:59.999,22474605.824369,43277,3820.202,12644279.828476
2025-01-26 12:00:00,3312.3,3312.3,3300.14,3307.77,7222.1993,2025-01-26 12:59:59.999,23869493.301562,38070,3697.5664,12219152.328467
2025-01-26 13:00:00,3307.76,3308.89,3299.66,3307.84,13719.0395,2025-01-26 13:59:59.999,45344332.30898,53589,7296.2972,24124585.586539
2025-01-26 14:00:00,3307.85,3313.16,3297.47,3311.09,7150.8868,2025-01-26 14:59:59.999,23623493.598478,38175,3623.5002,11969740.470954
2025-01-26 15:00:00,3311.09,3320.68,3308.74,3315.31,7303.5872,2025-01-26 15:59:59.999,24211673.206387,46029,3565.8526,11821157.198394
2025-01-26 16:00:00,3315.31,3320.0,3307.96,3315.82,6878.4304,2025-01-26 16:59:59.999,22797789.075065,42999,2499.7618,8285003.935303
2025-01-26 17:00:00,3315.83,3344.88,3315.36,3338.04,9465.0436,2025-01-26 17:59:59.999,31527511.069809,61765,4848.9541,16154987.249312
2025-01-26 18:00:00,3338.03,3342.92,3334.02,3337.16,8731.0488,2025-01-26 18:59:59.999,29151194.552197,51020,3642.7632,12161157.201574
2025-01-26 19:00:00,3337.17,3341.95,3329.62,3338.74,7563.7282,2025-01-26 19:59:59.999,25229262.424105,36958,3967.0699,13232423.538109
2025-01-26 20:00:00,3338.73,3342.34,3327.23,3329.67,5989.0255,2025-01-26 20:59:59.999,19982434.013529,43000,2321.4934,7747620.32934
2025-01-26 21:00:00,3329.68,3330.0,3291.35,3296.45,15535.9718,2025-01-26 21:59:59.999,51389605.948081,87799,5243.0833,17339449.81974
2025-01-26 22:00:00,3296.45,3309.87,3281.56,3288.16,19617.0181,2025-01-26 22:59:59.999,64617845.476777,87469,7687.8183,25312470.75066
2025-01-26 23:00:00,3288.16,3288.16,3230.0,3232.61,62653.6799,2025-01-26 23:59:59.999,203706478.779087,256486,23152.6616,75264691.950945
2025-01-27 00:00:00,3232.61,3253.91,3210.0,3214.12,40430.277,2025-01-27 00:59:59.999,130514358.111155,270178,15809.472,51033937.33248
2025-01-27 01:00:00,3214.13,3224.5,3188.01,3195.58,40088.2742,2025-01-27 01:59:59.999,128471515.597142,216321,17163.6978,55023890.333909
2025-01-27 02:00:00,3195.58,3195.58,3164.0,3170.82,44947.5781,2025-01-27 02:59:59.999,142901158.755895,253592,18366.3369,58392362.355071
2025-01-27 03:00:00,3170.82,3199.96,3160.71,3183.6,18286.2745,2025-01-27 03:59:59.999,58192952.402801,119298,8897.806,28327123.218301
2025-01-27 04:00:00,3183.6,3183.6,3155.15,3157.14,18969.6462,2025-01-27 04:59:59.999,60018328.19367,129141,7373.534,23330888.909764
2025-01-27 05:00:00,3157.14,3164.3,3115.0,3140.94,34610.6023,2025-01-27 05:59:59.999,108741198.134053,180890,13858.9525,43537248.957405
2025-01-27 06:00:00,3140.94,3151.39,3079.0,3084.05,54424.6119,2025-01-27 06:59:59.999,169058354.760489,261838,22652.0534,70376370.838291
2025-01-27 07:00:00,3084.06,3091.41,3020.01,3070.8,82983.5393,2025-01-27 07:59:59.999,253898238.682592,373682,39814.0197,121861250.496453
2025-01-27 08:00:00,3070.8,3073.54,3038.81,3066.01,32840.393,2025-01-27 08:59:59.999,100413891.822621,213917,14236.385,43539469.414234
2025-01-27 09:00:00,3066.01,3090.77,3058.43,3080.5,28351.4103,2025-01-27 09:59:59.999,87191176.653659,171552,14385.2491,44242556.740887
2025-01-27 10:00:00,3080.49,3081.5,3034.48,3038.39,28715.8025,2025-01-27 10:59:59.999,87770482.382763,179660,12261.7208,37481943.311416
2025-01-27 11:00:00,3038.4,3075.5,3037.65,3058.94,23511.9045,2025-01-27 11:59:59.999,71951885.816832,157060,10767.3312,32941569.146329
2025-01-27 12:00:00,3058.94,3122.87,3053.67,3103.13,32544.0653,2025-01-27 12:59:59.999,100384437.055054,201029,16135.3494,49787233.91656
2025-01-27 13:00:00,3103.13,3134.74,3088.85,3099.32,38081.5218,2025-01-27 13:59:59.999,118634796.407341,270035,18023.2998,56161920.217469
2025-01-27 14:00:00,3099.33,3146.61,3083.21,3137.51,33437.6619,2025-01-27 14:59:59.999,104290574.135338,291064,16866.1314,52624490.22072
2025-01-27 15:00:00,3137.51,3152.0,3112.0,3133.4,26579.6341,2025-01-27 15:59:59.999,83324706.161525,231925,12588.0871,39468834.040978
2025-01-27 16:00:00,3133.39,3133.39,3075.81,3084.0,32076.765,2025-01-27 16:59:59.999,99548984.21163,238950,15324.7466,47552067.881499
2025-01-27 17:00:00,3084.01,3099.08,3066.68,3072.7,21802.6252,2025-01-27 17:59:59.999,67261389.997763,181409,9825.7486,30315284.355671
2025-01-27 18:00:00,3072.7,3088.95,3046.68,3054.82,22192.7521,2025-01-27 18:59:59.999,68071549.369266,179660,9383.5092,28789577.988355
2025-01-27 19:00:00,3054.82,3081.99,3054.81,3075.93,15744.7873,2025-01-27 19:59:59.999,48350735.525749,141081,8440.4978,25918015.785414
2025-01-27 20:00:00,3075.93,3148.97,3073.13,3145.38,17465.546,2025-01-27 20:59:59.999,54389593.659737,161474,8984.3985,27966307.450803
2025-01-27 21:00:00,3145.37,3239.0,3142.0,3159.25,42463.1642,2025-01-27 21:59:59.999,135244204.251132,289179,23043.7708,73406637.426818
2025-01-27 22:00:00,3159.26,3181.5,3146.54,3170.95,11699.4138,2025-01-27 22:59:59.999,37049212.309022,93874,6220.5187,19699789.177968
2025-01-27 23:00:00,3170.95,3183.04,3160.0,3182.44,10756.5024,2025-01-27 23:59:59.999,34096845.309382,81695,4861.9658,15417026.620327
2025-01-28 00:00:00,3182.44,3203.89,3164.2,3167.28,22061.6655,2025-01-28 00:59:59.999,70240940.522894,133848,8331.7673,26531527.45457
2025-01-28 01:00:00,3167.29,3176.88,3151.62,3166.68,9690.8417,2025-01-28 01:59:59.999,30651205.337659,92056,5020.0413,15879102.877206
2025-01-28 02:00:00,3166.61,3199.77,3165.21,3192.83,10901.3584,2025-01-28 02:59:59.999,34733006.281099,116267,5992.5107,19093118.719163
2025-01-28 03:00:00,3192.83,3218.39,3175.73,3203.15,17076.5308,2025-01-28 03:59:59.999,54640102.063918,126601,9649.7588,30888556.643054
2025-01-28 04:00:00,3203.15,3223.01,3197.78,3212.37,10171.3758,2025-01-28 04:59:59.999,32658458.966527,99998,4836.4879,15533515.133898
2025-01-28 05:00:00,3212.38,3221.97,3209.0,3212.95,8238.4722,2025-01-28 05:59:59.999,26493779.943144,72698,4512.6164,14512007.88795
2025-01-28 06:00:00,3212.95,3215.41,3191.97,3195.0,9825.9125,2025-01-28 06:59:59.999,31478906.55849,80127,4383.1711,14043616.025785
2025-01-28 07:00:00,3194.99,3216.11,3188.8,3196.22,8640.7088,2025-01-28 07:59:59.999,27660373.752206,80498,4255.1897,13619466.87012
2025-01-28 08:00:00,3196.22,3205.45,3183.4,3198.4,8738.3625,2025-01-28 08:59:59.999,27910991.71397,92612,4827.7978,15419967.126687
2025-01-28 09:00:00,3198.4,3201.62,3184.22,3196.92,7625.5712,2025-01-28 09:59:59.999,24344791.002522,78272,3610.2956,11527514.10868
2025-01-28 10:00:00,3196.92,3208.0,3189.26,3194.38,7499.2033,2025-01-28 10:59:59.999,23990724.72052,71664,4048.9992,12954529.93883
2025-01-28 11:00:00,3194.39,3200.89,3177.1,3186.74,6064.658,2025-01-28 11:59:59.999,19341384.304551,70443,2782.1904,8876701.553103
2025-01-28 12:00:00,3186.75,3196.01,3166.4,3174.99,8315.1737,2025-01-28 12:59:59.999,26441835.203259,94267,3642.534,11587942.356718
2025-01-28 13:00:00,3174.99,3189.5,3170.49,3175.36,5771.4535,2025-01-28 13:59:59.999,18356378.829544,79602,3044.8881,9684579.200993
2025-01-28 14:00:00,3175.36,3180.5,3156.86,3172.31,18154.6623,2025-01-28 14:59:59.999,57515582.19846,195265,8912.0888,28239330.289086
2025-01-28 15:00:00,3172.32,3214.38,3171.2,3181.36,23867.2666,2025-01-28 15:59:59.999,76164161.108607,201451,13416.8282,42824370.726614
2025-01-28 16:00:00,3181.37,3182.98,3136.74,3150.81,20664.8284,2025-01-28 16:59:59.999,65260244.115693,192881,8408.826,26569073.792517
2025-01-28 17:00:00,3150.8,3182.77,3150.8,3167.62,17572.0853,2025-01-28 17:59:59.999,55658663.16347,153566,10541.4554,33382840.120954
2025-01-28 18:00:00,3167.62,3177.56,3141.0,3144.06,12785.9148,2025-01-28 18:59:59.999,40372223.595257,127321,7166.6147,22625285.967047
2025-01-28 19:00:00,3144.06,3150.49,3120.36,3147.31,19585.0183,2025-01-28 19:59:59.999,61437150.412471,144298,7883.4496,24731476.736793
2025-01-28 20:00:00,3147.31,3155.37,3093.03,3095.42,23944.2654,2025-01-28 20:59:59.999,74849434.422265,147997,10078.6379,31484075.484898
2025-01-28 21:00:00,3095.42,3115.27,3052.15,3053.51,31612.7075,2025-01-28 21:59:59.999,97502011.441428,199880,14208.529,43855557.406462
2025-01-28 22:00:00,3053.5,3091.06,3040.03,3084.16,28997.0754,2025-01-28 22:59:59.999,88862457.041494,168208,15380.6538,47164765.377645
2025-01-28 23:00:00,3084.15,3097.0,3053.84,3077.72,13154.6054,2025-01-28 23:59:59.999,40436929.475557,117154,5841.3954,17961286.924674
2025-01-29 00:00:00,3077.72,3117.43,3076.31,3110.14,13530.1419,2025-01-29 00:59:59.999,41915734.459256,141979,7211.0987,22337557.324155
2025-01-29 01:00:00,3110.15,3120.0,3099.21,3110.78,7998.1706,2025-01-29 01:59:59.999,24875421.537771,92520,3610.5239,11231405.660892
2025-01-29 02:00:00,3110.78,3129.43,3110.1,3114.1,8658.1699,2025-01-29 02:59:59.999,27002845.463285,83166,4337.6202,13531155.094613
2025-01-29 03:00:00,3114.1,3132.69,3108.15,3130.43,8379.2752,2025-01-29 03:59:59.999,26150142.813758,76826,4245.6394,13254781.651314
2025-01-29 04:00:00,3130.43,3140.0,3123.01,3124.33,8931.682,2025-01-29 04:59:59.999,27968970.061829,71735,3700.3996,11588484.897375
2025-01-29 05:00:00,3124.32,3134.41,3117.01,3131.0,6550.9005,2025-01-29 05:59:59.999,20477175.724667,57759,3081.3383,9634510.188128
2025-01-29 06:00:00,3131.0,3150.27,3128.65,3147.32,8795.4613,2025-01-29 06:59:59.999,27622896.114485,82488,4726.5094,14840735.186643
2025-01-29 07:00:00,3147.32,3160.0,3139.01,3156.89,7438.9456,2025-01-29 07:59:59.999,23431065.426921,61312,3802.6558,11979351.946692
2025-01-29 08:00:00,3156.88,3164.11,3143.35,3147.51,9373.1244,2025-01-29 08:59:59.999,29554795.679024,68537,3340.3796,10536435.234558
2025-01-29 09:00:00,3147.5,3148.46,3123.14,3130.32,8801.3608,2025-01-29 09:59:59.999,27590788.606163,87429,3849.3277,12063940.852563
2025-01-29 10:00:00,3130.32,3143.53,3119.8,3137.7,7587.6034,2025-01-29 10:59:59.999,23770145.307944,67064,4200.689,13161909.504835
2025-01-29 11:00:00,3137.7,3144.0,3132.03,3135.13,5536.0587,2025-01-29 11:59:59.999,17374114.781351,57333,2580.9113,8100667.967287
2025-01-29 12:00:00,3135.13,3140.38,3112.92,3118.7,11845.2882,2025-01-29 12:59:59.999,37029031.541575,84219,6002.7113,18765175.084565
2025-01-29 13:00:00,3118.71,3122.18,3089.26,3102.5,19797.0346,2025-01-29 13:59:59.999,61405873.659437,143658,9324.7554,28919970.286147
2025-01-29 14:00:00,3102.5,3116.9,3080.57,3096.62,18701.1968,2025-01-29 14:59:59.999,57959535.35642,186143,9292.4496,28806863.590349
2025-01-29 15:00:00,3096.62,3119.19,3094.16,3101.12,12913.7357,2025-01-29 15:59:59.999,40094347.626859,159748,6376.6343,19799722.151516
2025-01-29 16:00:00,3101.11,3105.34,3072.57,3086.09,13269.011,2025-01-29 16:59:59.999,40981678.694121,134595,6104.3626,18850976.117024
2025-01-29 17:00:00,3086.09,3132.08,3084.66,3111.59,12740.5843,2025-01-29 17:59:59.999,39682937.414543,149626,7109.1029,22135890.045692
2025-01-29 18:00:00,3111.6,3135.16,3089.64,3127.94,14390.7972,2025-01-29 18:59:59.999,44764287.938496,170306,7377.2563,22947853.408483
2025-01-29 19:00:00,3127.94,3153.22,3054.06,3126.5,98422.1625,2025-01-29 19:59:59.999,306004466.103924,577428,48698.4817,151455977.634406
2025-01-29 20:00:00,3126.49,3182.52,3091.0,3136.56,54864.0209,2025-01-29 20:59:59.999,171990470.299609,400912,26931.7248,84488270.185049
2025-01-29 21:00:00,3136.56,3163.36,3113.64,3140.61,28435.9521,2025-01-29 21:59:59.999,89263017.760666,169758,13850.6034,43484764.005205
2025-01-29 22:00:00,3140.6,3159.35,3124.5,3132.45,11785.2572,2025-01-29 22:59:59.999,36987487.341798,71046,6524.44,20475367.586432
2025-01-29 23:00:00,3132.45,3149.0,3109.5,3113.9,10991.3228,2025-01-29 23:59:59.999,34359416.035668,81782,4528.3083,14164734.777697
2025-01-30 00:00:00,3113.9,3127.18,3091.06,3124.42,14048.5705,2025-01-30 00:59:59.999,43651375.517133,76015,7191.0742,22358846.709354
2025-01-30 01:00:00,3124.42,3155.51,3121.0,3138.39,13511.1365,2025-01-30 01:59:59.999,42439422.76227,86224,7290.5501,22898537.270556
2025-01-30 02:00:00,3138.39,3155.37,3128.07,3155.37,13166.2832,2025-01-30 02:59:59.999,41411047.923763,63080,8186.5253,25758472.828832
2025-01-30 03:00:00,3155.36,3202.58,3153.64,3201.5,19041.8865,2025-01-30 03:59:59.999,60534386.691068,95042,12113.0315,38521200.22276
2025-01-30 04:00:00,3201.5,3215.73,3187.42,3196.81,16348.1275,2025-01-30 04:59:59.999,52344227.811938,90607,8248.5592,26414391.998183
2025-01-30 05:00:00,3196.83,3198.9,3182.75,3194.99,6973.1447,2025-01-30 05:59:59.999,22241737.904131,54547,2996.121,9557053.249391
2025-01-30 06:00:00,3194.99,3208.38,3184.68,3186.1,8506.3978,2025-01-30 06:59:59.999,27194899.866983,54304,4156.2368,13294644.222013
2025-01-30 07:00:00,3186.11,3194.8,3178.76,3191.04,9443.6084,2025-01-30 07:59:59.999,30080552.85856,73531,4056.9025,12924370.285687
2025-01-30 08:00:00,3191.04,3211.35,3181.1,3205.01,10707.1441,2025-01-30 08:59:59.999,34222649.709934,78789,5907.8615,18890030.561139
2025-01-30 09:00:00,3205.01,3229.82,3200.59,3221.54,15474.3777,2025-01-30 09:59:59.999,49739728.498879,113362,8556.5956,27506667.248526
2025-01-30 10:00:00,3221.55,3223.0,3207.76,3219.69,7730.8201,2025-01-30 10:59:59.999,24845254.200612,78718,3298.4771,10601336.819412
2025-01-30 11:00:00,3219.69,3227.8,3214.74,3222.71,9588.3875,2025-01-30 11:59:59.999,30893017.923593,69356,5296.951,17067953.448393
2025-01-30 12:00:00,3222.71,3224.28,3209.24,3220.01,8195.6106,2025-01-30 12:59:59.999,26361456.719624,75591,3844.0164,12365483.2525
2025-01-30 13:00:00,3220.0,3275.97,3215.76,3263.14,35312.3398,2025-01-30 13:59:59.999,114829410.378852,188142,20183.1221,65624384.712394
2025-01-30 14:00:00,3263.14,3281.0,3241.05,3271.24,40826.8424,2025-01-30 14:59:59.999,133131256.580249,216469,21487.0381,70098658.993312
2025-01-30 15:00:00,3271.23,3280.0,3248.31,3255.3,30854.1148,2025-01-30 15:59:59.999,100715642.967459,196836,14025.6088,45807633.573464
2025-01-30 16:00:00,3255.3,3279.95,3249.06,3278.93,14958.1308,2025-01-30 16:59:59.999,48813754.124427,97329,7327.9085,23918403.667422
2025-01-30 17:00:00,3278.94,3283.43,3257.42,3272.6,14140.3626,2025-01-30 17:59:59.999,46225484.340091,124150,6170.5432,20176490.357899
2025-01-30 18:00:00,3272.6,3276.97,3255.22,3270.34,11568.313,2025-01-30 18:59:59.999,37817715.693569,111023,5313.3974,17370069.613314
2025-01-30 19:00:00,3270.34,3276.27,3255.9,3271.61,8095.3391,2025-01-30 19:59:59.999,26457287.054737,88843,4040.0435,13204005.826425
2025-01-30 20:00:00,3271.6,3273.2,3228.68,3231.6,20815.1696,2025-01-30 20:59:59.999,67584666.278426,156095,9268.1234,30105936.508161
2025-01-30 21:00:00,3231.6,3248.13,3231.5,3244.35,7689.4888,2025-01-30 21:59:59.999,24912740.604237,83470,4128.6616,13377518.517543
2025-01-30 22:00:00,3244.35,3272.0,3238.28,3260.88,7185.0461,2025-01-30 22:59:59.999,23388997.398633,70165,4051.7758,13188457.478583
2025-01-30 23:00:00,3260.88,3270.0,3245.52,3247.39,6458.8402,2025-01-30 23:59:59.999,21049892.730514,69101,3345.0061,10904715.819313
2025-01-31 00:00:00,3247.38,3271.6,3237.23,3270.5,10592.0236,2025-01-31 00:59:59.999,34474445.100348,120964,6137.8912,19981127.51751
2025-01-31 01:00:00,3270.5,3273.89,3254.09,3270.63,8308.0162,2025-01-31 01:59:59.999,27131944.060678,88402,4340.0671,14175673.391462
2025-01-31 02:00:00,3270.63,3279.5,3247.37,3247.61,11293.6476,2025-01-31 02:59:59.999,36846744.70568,92196,5822.6773,19003291.949216
2025-01-31 03:00:00,3247.6,3247.61,3221.2,3230.65,14679.6715,2025-01-31 03:59:59.999,47455637.346788,114391,7104.6092,22962794.466045
2025-01-31 04:00:00,3230.65,3235.88,3213.8,3216.61,9004.3773,2025-01-31 04:59:59.999,29028743.024668,84023,3165.2248,10210541.056866
2025-01-31 05:00:00,3216.61,3248.93,3216.0,3245.32,7969.9571,2025-01-31 05:59:59.999,25790527.532741,77664,4919.2066,15917099.219864
2025-01-31 06:00:00,3245.32,3271.5,3241.62,3262.93,13003.4056,2025-01-31 06:59:59.999,42406562.456568,94151,8053.7514,26271404.112324
2025-01-31 07:00:00,3262.94,3276.93,3239.2,3241.63,20512.5934,2025-01-31 07:59:59.999,66881261.378838,98996,10788.4397,35176144.911744
2025-01-31 08:00:00,3241.63,3249.08,3234.05,3237.01,15422.324,2025-01-31 08:59:59.999,49957985.884996,103964,6594.45,21362176.224424
2025-01-31 09:00:00,3237.01,3271.33,3235.0,3266.4,14051.4631,2025-01-31 09:59:59.999,45754496.726359,108735,7788.2654,25376874.602269
2025-01-31 10:00:00,3266.4,3272.0,3256.57,3269.68,13877.8108,2025-01-31 10:59:59.999,45311970.174679,72325,7522.9287,24566960.02744
2025-01-31 11:00:00,3269.67,3338.55,3269.67,3335.16,50510.1667,2025-01-31 11:59:59.999,167254829.091533,290689,30776.955,101893902.381941
2025-01-31 12:00:00,3335.16,3359.72,3325.3,3350.69,39929.1247,2025-01-31 12:59:59.999,133589972.326383,243478,21197.2203,70919159.672979
2025-01-31 13:00:00,3350.7,3370.13,3341.49,3354.68,31071.6507,2025-01-31 13:59:59.999,104243433.431139,193936,17814.9459,59779665.428829
2025-01-31 14:00:00,3354.67,3374.02,3334.71,3351.11,43522.1941,2025-01-31 14:59:59.999,146086838.067062,258446,20075.2732,67382353.012279
2025-01-31 15:00:00,3351.11,3436.34,3351.11,3427.66,72263.7193,2025-01-31 15:59:59.999,245358550.026474,346209,45406.1089,154257656.51409
2025-01-31 16:00:00,3427.65,3437.31,3391.2,3403.09,51738.1014,2025-01-31 16:59:59.999,176422031.521869,211058,26899.512,91705022.167634
2025-01-31 17:00:00,3403.1,3405.45,3370.34,3375.88,20656.1508,2025-01-31 17:59:59.999,69994119.377237,134186,8960.5228,30369441.687566
2025-01-31 18:00:00,3375.87,3385.11,3294.97,3314.76,73301.1532,2025-01-31 18:59:59.999,244044528.508667,257619,36380.2034,121083629.11574
2025-01-31 19:00:00,3314.76,3345.84,3308.13,3339.08,38045.5815,2025-01-31 19:59:59.999,126474601.003065,222410,19997.5532,66486949.206273
2025-01-31 20:00:00,3339.07,3339.07,3285.68,3315.99,36053.0954,2025-01-31 20:59:59.999,119487083.20739,228676,17256.7688,57196270.746621
2025-01-31 21:00:00,3315.91,3320.6,3278.5,3319.12,26296.3003,2025-01-31 21:59:59.999,86806971.606259,167291,13315.8199,43963533.704469
2025-01-31 22:00:00,3319.12,3321.0,3282.0,3296.39,14799.1152,2025-01-31 22:59:59.999,48889451.24824,98034,7274.7056,24033339.173018
2025-01-31 23:00:00,3296.38,3302.82,3278.8,3300.99,11780.0126,2025-01-31 23:59:59.999,38787086.524082,95050,6051.9195,19925781.350898
2025-02-01 00:00:00,3300.99,3321.11,3288.35,3317.0,15325.8883,2025-02-01 00:59:59.999,50661782.600802,133513,8825.4342,29178030.181638
2025-02-01 01:00:00,3317.0,3331.98,3312.7,3313.11,10412.7877,2025-02-01 01:59:59.999,34594066.052285,95323,5988.408,19896376.437934
2025-02-01 02:00:00,3313.12,3325.53,3302.67,3306.2,8676.7715,2025-02-01 02:59:59.999,28744867.782359,85595,4084.9106,13541925.504
2025-02-01 03:00:00,3306.21,3309.9,3283.01,3291.97,10970.9011,2025-02-01 03:59:59.999,36143158.555112,104713,5538.8854,18249662.935481
2025-02-01 04:00:00,3291.97,3307.19,3285.0,3294.59,9971.9675,2025-02-01 04:59:59.999,32851073.792697,68344,5254.0012,17317304.137383
2025-02-01 05:00:00,3294.6,3303.44,3292.88,3299.73,5520.5009,2025-02-01 05:59:59.999,18214771.604163,52473,3154.4529,10407560.312159
2025-02-01 06:00:00,3299.72,3306.5,3273.44,3295.99,16866.1606,2025-02-01 06:59:59.999,55467511.351834,83564,7928.0509,26079479.83075
2025-02-01 07:00:00,3296.0,3301.04,3277.67,3280.1,5841.9413,2025-02-01 07:59:59.999,19211518.366938,73565,3040.592,10001163.25406
2025-02-01 08:00:00,3280.11,3286.31,3246.1,3268.48,21286.9499,2025-02-01 08:59:59.999,69488493.845198,167838,9130.5719,29821524.468833
2025-02-01 09:00:00,3268.48,3268.8,3224.01,3236.19,21390.2967,2025-02-01 09:59:59.999,69424441.667523,194134,9188.5792,29831657.233558
2025-02-01 10:00:00,3236.19,3252.5,3228.14,3234.31,11252.0839,2025-02-01 10:59:59.999,36473881.311977,124251,5853.1375,18976596.985836
2025-02-01 11:00:00,3234.31,3253.0,3230.0,3252.16,7296.742,2025-02-01 11:59:59.999,23669489.275906,98046,4154.4615,13479635.225749
2025-02-01 12:00:00,3252.17,3272.28,3246.67,3267.2,10024.596,2025-02-01 12:59:59.999,32681444.982896,88980,6358.4398,20728586.097121
2025-02-01 13:00:00,3267.2,3273.15,3242.15,3246.21,8349.5062,2025-02-01 13:59:59.999,27210409.183836,95480,3591.5385,11706535.377334
2025-02-01 14:00:00,3246.21,3256.46,3234.53,3238.8,10290.2676,2025-02-01 14:59:59.999,33407517.685065,115370,5638.7533,18309144.003067
2025-02-01 15:00:00,3238.8,3258.59,3228.93,3250.99,13629.6263,2025-02-01 15:59:59.999,44234243.899916,123564,7180.5001,23320811.669468
2025-02-01 16:00:00,3251.0,3266.46,3240.42,3243.01,9858.2123,2025-02-01 16:59:59.999,32096082.277146,112589,5387.2012,17544783.832102
2025-02-01 17:00:00,3243.01,3266.66,3243.0,3262.24,8133.8623,2025-02-01 17:59:59.999,26500402.325765,90971,4286.677,13965577.975128
2025-02-01 18:00:00,3262.24,3267.24,3240.1,3242.04,8219.5568,2025-02-01 18:59:59.999,26755437.587048,108590,3538.1264,11518917.256238
2025-02-01 19:00:00,3242.05,3244.46,3178.07,3197.08,34326.7725,2025-02-01 19:59:59.999,110007308.594869,208553,13805.1141,44236904.052522
2025-02-01 20:00:00,3197.09,3197.09,3151.71,3164.01,33905.4566,2025-02-01 20:59:59.999,107494804.104124,222345,15298.544,48502015.954712
2025-02-01 21:00:00,3164.0,3179.49,3142.72,3149.8,21287.4656,2025-02-01 21:59:59.999,67338628.385014,164304,10409.3155,32940778.35561
2025-02-01 22:00:00,3149.79,3162.38,3125.0,3137.94,18229.4243,2025-02-01 22:59:59.999,57255654.337105,115695,7964.5098,25016959.320927
2025-02-01 23:00:00,3137.94,3139.33,3101.7,3117.54,32997.5146,2025-02-01 23:59:59.999,102918937.296323,172896,15074.1535,47023938.993493
2025-02-02 00:00:00,3117.54,3156.68,3111.8,3151.46,15737.4606,2025-02-02 00:59:59.999,49424044.456767,154556,9157.4525,28762946.2357
2025-02-02 01:00:00,3151.47,3163.2,3143.47,3152.49,9880.5708,2025-02-02 01:59:59.999,31164302.634532,100194,5352.9904,16885594.829546
2025-02-02 02:00:00,3152.5,3152.92,3113.69,3115.81,14174.0312,2025-02-02 02:59:59.999,44348721.559536,134351,6671.0284,20863242.360091
2025-02-02 03:00:00,3115.82,3128.84,3069.36,3077.97,50147.3265,2025-02-02 03:59:59.999,155005534.838015,341207,21034.6131,65023073.750553
2025-02-02 04:00:00,3077.98,3111.53,3075.0,3096.56,27495.3343,2025-02-02 04:59:59.999,85054150.510862,202896,14194.1397,43942399.346101
2025-02-02 05:00:00,3096.56,3123.53,3093.64,3119.72,12802.1706,2025-02-02 05:59:59.999,39805688.992859,135371,6798.4601,21141851.313393
2025-02-02 06:00:00,3119.72,3139.0,3111.09,3114.99,16905.8627,2025-02-02 06:59:59.999,52814007.32906,132628,8235.5719,25737899.235946
2025-02-02 07:00:00,3114.99,3115.09,3082.82,3101.51,22039.9699,2025-02-02 07:59:59.999,68224052.407601,184256,10463.5987,32392514.744978
2025-02-02 08:00:00,3101.5,3124.13,3090.25,3110.01,13826.8299,2025-02-02 08:59:59.999,42960666.685476,136667,6478.4236,20131261.461135
2025-02-02 09:00:00,3110.0,3112.04,3096.33,3111.29,9661.4066,2025-02-02 09:59:59.999,29996015.034904,103560,4755.8877,14767623.856441
2025-02-02 10:00:00,3111.3,3111.43,3091.1,3104.47,11975.132,2025-02-02 10:59:59.999,37130069.648428,113672,6906.8358,21417175.500824
2025-02-02 11:00:00,3104.48,3112.89,3052.19,3064.86,38775.4157,2025-02-02 11:59:59.999,119242286.835377,247792,17724.563,54541687.304399
2025-02-02 12:00:00,3064.87,3080.39,3050.64,3052.39,41132.0816,2025-02-02 12:59:59.999,126047866.609143,213535,20557.8761,63021629.232321
2025-02-02 13:00:00,3052.4,3088.13,3052.4,3087.47,22373.8455,2025-02-02 13:59:59.999,68739760.055841,174517,11843.6462,36397709.283047
2025-02-02 14:00:00,3087.47,3101.92,3082.23,3087.07,25861.5024,2025-02-02 14:59:59.999,79999814.626139,158726,13818.7469,42749220.848236
2025-02-02 15:00:00,3087.08,3087.08,3061.41,3081.19,21005.6924,2025-02-02 15:59:59.999,64632179.435463,178783,10551.0799,32472195.41339
2025-02-02 16:00:00,3081.18,3082.02,3003.53,3015.9,60130.3662,2025-02-02 16:59:59.999,182760125.058157,380897,22760.7113,69167604.573349
2025-02-02 17:00:00,3015.9,3037.0,2951.58,2972.99,117492.0522,2025-02-02 17:59:59.999,351743655.310323,487728,52163.6411,156217243.144543
2025-02-02 18:00:00,2972.99,2990.5,2916.66,2928.36,103529.5935,2025-02-02 18:59:59.999,305497311.911555,445399,49798.7285,147017881.68913
2025-02-02 19:00:00,2928.36,2984.0,2894.4,2958.9,90011.2213,2025-02-02 19:59:59.999,263937477.962081,415577,46936.0864,137728179.65676
2025-02-02 20:00:00,2958.91,2987.68,2943.34,2950.64,27865.7672,2025-02-02 20:59:59.999,82658757.254612,210622,14628.7814,43406032.479811
2025-02-02 21:00:00,2950.64,2956.82,2896.4,2907.9,48138.9116,2025-02-02 21:59:59.999,140651024.425171,280067,22306.7844,65167160.998683
2025-02-02 22:00:00,2907.9,2937.17,2750.71,2875.46,119539.8168,2025-02-02 22:59:59.999,341166082.339642,460875,50767.1853,145042129.7571
2025-02-02 23:00:00,2875.46,2875.46,2778.49,2869.68,130303.5685,2025-02-02 23:59:59.999,368427142.470212,580687,61082.2745,172748633.82683
2025-02-03 00:00:00,2869.68,2872.75,2768.55,2823.49,136414.9217,2025-02-03 00:59:59.999,385188879.703019,532706,66554.6552,187978510.302687
2025-02-03 01:00:00,2823.5,2844.28,2400.0,2491.99,289020.7015,2025-02-03 01:59:59.999,770870038.667294,867522,128263.9549,342709566.463561
2025-02-03 02:00:00,2493.89,2563.57,2125.01,2486.64,508838.4049,2025-02-03 02:59:59.999,1245778670.53568,1590587,239587.9938,586941099.174613
2025-02-03 03:00:00,2486.66,2544.35,2479.2,2527.12,179782.6192,2025-02-03 03:59:59.999,452297556.42882097,738045,93199.5397,234484726.95951
2025-02-03 04:00:00,2527.2,2565.5,2448.97,2452.65,109726.0181,2025-02-03 04:59:59.999,273750706.084845,499378,53408.3968,133303065.235672
2025-02-03 05:00:00,2452.65,2521.88,2447.25,2515.01,84593.8219,2025-02-03 05:59:59.999,209917727.228269,372893,44190.113,109674957.50492
2025-02-03 06:00:00,2515.0,2537.62,2483.91,2525.63,70534.6067,2025-02-03 06:59:59.999,177292797.45199,322902,35209.7678,88485977.586273
2025-02-03 07:00:00,2525.62,2632.8,2520.99,2622.35,95561.3866,2025-02-03 07:59:59.999,246275981.520619,364587,48119.1213,124084688.196496
2025-02-03 08:00:00,2622.35,2622.51,2526.16,2572.8,110720.8702,2025-02-03 08:59:59.999,284557185.37297,401257,49934.3089,128301835.985693
2025-02-03 09:00:00,2572.81,2616.5,2557.87,2570.9,94025.4203,2025-02-03 09:59:59.999,243222030.956078,429473,39450.0836,102038105.998456
2025-02-03 10:00:00,2570.91,2614.8,2562.31,2610.43,58855.0782,2025-02-03 10:59:59.999,152258540.830631,310676,23803.4057,61607364.621981
2025-02-03 11:00:00,2610.43,2612.35,2577.1,2581.41,50390.8651,2025-02-03 11:59:59.999,130731852.178217,235209,19701.6604,51116854.188653
2025-02-03 12:00:00,2581.41,2636.27,2574.6,2580.52,60720.0655,2025-02-03 12:59:59.999,158261001.63857,279778,28175.4586,73467383.692982
2025-02-03 13:00:00,2580.52,2596.5,2547.22,2576.77,55011.4565,2025-02-03 13:59:59.999,141446386.699932,296622,26801.9571,68913437.718202
2025-02-03 14:00:00,2576.77,2647.11,2529.39,2620.58,175977.7529,2025-02-03 14:59:59.999,456502640.70822304,644330,86830.2714,225234794.000051
2025-02-03 15:00:00,2620.57,2728.0,2600.0,2700.72,188504.8881,2025-02-03 15:59:59.999,504160416.096186,656638,90629.9421,242167514.15995
2025-02-03 16:00:00,2700.73,2733.9,2678.39,2706.33,92551.9387,2025-02-03 16:59:59.999,250206798.371884,385752,42963.281,116226453.049802
2025-02-03 17:00:00,2706.32,2718.14,2668.06,2707.7,61749.9817,2025-02-03 17:59:59.999,166273155.87911,247229,30332.9735,81669898.054771
2025-02-03 18:00:00,2707.69,2735.0,2697.12,2732.7,51625.4386,2025-02-03 18:59:59.999,140291319.187016,208879,24849.7415,67518612.313093
2025-02-03 19:00:00,2732.7,2770.26,2728.3,2764.23,58552.2504,2025-02-03 19:59:59.999,160978800.384598,238078,27711.4923,76204102.948868
2025-02-03 20:00:00,2764.21,2764.51,2695.61,2704.12,48964.8575,2025-02-03 20:59:59.999,133473815.853462,218991,21536.7565,58673010.536062
2025-02-03 21:00:00,2704.2,2819.99,2700.15,2817.69,54644.5065,2025-02-03 21:59:59.999,150733542.273345,201437,34039.3338,93949037.275728
2025-02-03 22:00:00,2817.62,2921.0,2810.8,2870.0,128928.088,2025-02-03 22:59:59.999,369457556.568476,352315,67572.6678,193643268.848412
2025-02-03 23:00:00,2870.0,2894.0,2852.61,2879.9,42283.0822,2025-02-03 23:59:59.999,121561563.355408,155344,21386.4551,61493327.379885
2025-02-04 00:00:00,2879.89,2888.5,2838.94,2840.95,38754.2183,2025-02-04 00:59:59.999,110999857.365907,147355,15302.0233,43846251.017863
2025-02-04 01:00:00,2840.95,2861.04,2834.14,2853.79,31968.2542,2025-02-04 01:59:59.999,91033302.489908,126534,14990.6545,42694585.123346
2025-02-04 02:00:00,2853.79,2858.53,2800.99,2801.8,29192.8692,2025-02-04 02:59:59.999,82657236.430489,118735,12822.5933,36309612.716548
2025-02-04 03:00:00,2801.73,2815.9,2792.22,2811.0,38096.5301,2025-02-04 03:59:59.999,106783175.939155,120267,17805.2048,49913777.37054
2025-02-04 04:00:00,2810.99,2836.68,2794.4,2800.59,29324.4242,2025-02-04 04:59:59.999,82607107.942406,131950,14239.5133,40114038.226683
2025-02-04 05:00:00,2800.59,2805.0,2663.21,2691.07,140453.7504,2025-02-04 05:59:59.999,379958479.96718705,440339,61855.1819,167340765.335303
2025-02-04 06:00:00,2691.07,2732.0,2691.07,2727.61,57550.2966,2025-02-04 06:59:59.999,156073179.949769,164840,24791.0222,67268074.625287
2025-02-04 07:00:00,2727.6,2734.5,2685.49,2703.53,36621.9859,2025-02-04 07:59:59.999,99242256.418485,143421,19871.569,53838204.056598
2025-02-04 08:00:00,2703.54,2723.96,2677.0,2698.31,41625.1016,2025-02-04 08:59:59.999,112356270.795527,214137,21129.4741,57046230.137664
2025-02-04 09:00:00,2698.31,2717.49,2690.78,2694.97,21742.3101,2025-02-04 09:59:59.999,58820517.742698,178609,11572.3054,31314406.769259
2025-02-04 10:00:00,2694.97,2758.78,2693.88,2750.01,35946.092,2025-02-04 10:59:59.999,98166868.262698,184334,17430.6554,47605610.110505
2025-02-04 11:00:00,2750.0,2789.44,2748.4,2757.99,36928.7013,2025-02-04 11:59:59.999,102380078.107876,198701,19210.0381,53257646.147718
2025-02-04 12:00:00,2757.99,2821.0,2757.65,2804.99,36717.8869,2025-02-04 12:59:59.999,102585948.533642,191550,20601.8834,57542794.41525
2025-02-04 13:00:00,2804.99,2836.0,2790.63,2795.88,47130.049,2025-02-04 13:59:59.999,132915461.131472,257071,24595.6845,69389493.344967
2025-02-04 14:00:00,2795.87,2846.3,2774.72,2818.47,69426.9912,2025-02-04 14:59:59.999,195512870.121207,247705,34433.2072,97004798.510624
2025-02-04 15:00:00,2818.46,2827.17,2730.18,2777.18,95316.1068,2025-02-04 15:59:59.999,264818139.448413,319141,46526.6825,129240187.065021
2025-02-04 16:00:00,2777.18,2805.54,2765.26,2790.57,40888.962,2025-02-04 16:59:59.999,113935118.240641,155105,18678.9672,52056364.679683
2025-02-04 17:00:00,2790.55,2842.77,2784.11,2815.1,47213.6732,2025-02-04 17:59:59.999,132789032.689629,167614,22399.2292,63016211.91943
2025-02-04 18:00:00,2815.1,2835.23,2794.71,2829.6,29233.5366,2025-02-04 18:59:59.999,82387059.339233,120568,11616.83,32741715.100721
2025-02-04 19:00:00,2829.59,2869.39,2770.02,2770.6,80282.0086,2025-02-04 19:59:59.999,227060578.67943,233521,37110.1847,105009008.560869
2025-02-04 20:00:00,2770.6,2794.05,2721.05,2733.0,88432.9438,2025-02-04 20:59:59.999,243421768.085521,293825,44063.0448,121267003.764308
2025-02-04 21:00:00,2733.0,2734.33,2637.2,2639.59,93371.4668,2025-02-04 21:59:59.999,250698063.12687,293233,43430.0392,116632552.805793
2025-02-04 22:00:00,2639.58,2699.99,2632.6,2683.99,55617.6467,2025-02-04 22:59:59.999,147907918.695249,166279,28078.1873,74663538.367274
2025-02-04 23:00:00,2683.99,2748.0,2676.29,2731.19,37758.5864,2025-02-04 23:59:59.999,102559853.685928,152754,20398.2953,55399185.282887
2025-02-05 00:00:00,2731.19,2746.37,2712.31,2729.41,27261.1592,2025-02-05 00:59:59.999,74393412.764944,170137,12855.802,35088379.267882
2025-02-05 01:00:00,2729.4,2767.78,2714.49,2721.89,29459.3562,2025-02-05 01:59:59.999,80812429.024217,184735,14572.5046,39980124.406291
2025-02-05 02:00:00,2721.9,2750.4,2699.13,2739.51,34709.7208,2025-02-05 02:59:59.999,94520997.065764,175599,16019.4231,43631207.655947
2025-02-05 03:00:00,2739.5,2749.55,2717.59,2720.38,24040.1145,2025-02-05 03:59:59.999,65655556.307673,94951,9546.7002,26088045.888083
2025-02-05 04:00:00,2720.38,2737.69,2712.62,2729.16,11678.0974,2025-02-05 04:59:59.999,31803215.9228,60728,4774.1649,13002444.427485
2025-02-05 05:00:00,2729.15,2788.0,2709.2,2784.74,28071.9419,2025-02-05 05:59:59.999,77097789.296815,93234,14316.1072,39326670.642881
2025-02-05 06:00:00,2784.62,2785.5,2738.1,2744.72,25049.2361,2025-02-05 06:59:59.999,69009502.646746,118763,11056.0367,30475746.96585
2025-02-05 07:00:00,2744.72,2774.81,2735.29,2759.31,18864.6625,2025-02-05 07:59:59.999,51989043.26063,87572,9869.6665,27201825.907468
2025-02-05 08:00:00,2759.3,2782.16,2753.8,2773.86,31741.0119,2025-02-05 08:59:59.999,87794079.439387,96166,16448.9915,45502845.858253
2025-02-05 09:00:00,2773.84,2793.08,2746.85,2758.79,23034.1255,2025-02-05 09:59:59.999,63782811.272858,96535,12779.1519,35394499.793677
2025-02-05 10:00:00,2758.79,2786.94,2755.7,2778.91,12919.9428,2025-02-05 10:59:59.999,35812182.932599,67949,6820.2613,18906676.428773
2025-02-05 11:00:00,2778.91,2817.89,2778.9,2800.01,30134.5215,2025-02-05 11:59:59.999,84330789.084051,112639,15658.5686,43823766.700907
2025-02-05 12:00:00,2800.0,2811.5,2783.01,2787.5,23383.0197,2025-02-05 12:59:59.999,65392866.241493,86007,9756.2564,27278097.389374
2025-02-05 13:00:00,2787.5,2820.0,2784.0,2817.88,25474.1134,2025-02-05 13:59:59.999,71459582.802752,113249,11985.4627,33622392.90931
2025-02-05 14:00:00,2817.88,2826.95,2771.42,2787.39,45997.8165,2025-02-05 14:59:59.999,129067724.599688,227728,20454.8274,57392227.106608
2025-02-05 15:00:00,2787.38,2800.46,2757.46,2773.46,50366.7095,2025-02-05 15:59:59.999,139787809.950818,252130,22319.6943,61948250.171157
2025-02-05 16:00:00,2773.45,2783.65,2734.06,2771.78,49840.0012,2025-02-05 16:59:59.999,137327797.168727,258641,24008.7486,66160805.091723
2025-02-05 17:00:00,2771.79,2781.02,2730.4,2740.69,34691.0743,2025-02-05 17:59:59.999,95515098.452547,216137,16390.376,45128244.697575
2025-02-05 18:00:00,2740.7,2755.15,2715.27,2723.01,33079.0434,2025-02-05 18:59:59.999,90505748.425803,223862,16011.7079,43813126.021382
2025-02-05 19:00:00,2723.0,2787.56,2716.54,2775.49,29845.1005,2025-02-05 19:59:59.999,82256829.477082,192202,16330.6089,44996645.719471
2025-02-05 20:00:00,2775.5,2783.58,2743.51,2763.01,25900.3369,2025-02-05 20:59:59.999,71672327.954521,154354,11293.9562,31251496.277532
2025-02-05 21:00:00,2763.0,2792.47,2758.49,2787.0,15995.7208,2025-02-05 21:59:59.999,44409144.183466,116729,7911.3381,21966051.503742
2025-02-05 22:00:00,2786.99,2803.0,2739.49,2760.1,31371.3366,2025-02-05 22:59:59.999,86893282.967985,149756,14241.0844,39457169.803148
2025-02-05 23:00:00,2760.09,2793.99,2755.47,2788.25,23684.8798,2025-02-05 23:59:59.999,65764217.246857,148486,12569.9862,34903980.43004
2025-02-06 00:00:00,2788.25,2798.75,2760.96,2768.34,25036.8169,2025-02-06 00:59:59.999,69668444.8232,158095,12177.774,33886118.052013
2025-02-06 01:00:00,2768.35,2812.83,2755.69,2790.53,25571.4479,2025-02-06 01:59:59.999,71323216.565359,158759,12684.5478,35397955.766761
2025-02-06 02:00:00,2790.53,2817.27,2786.43,2808.01,23737.3498,2025-02-06 02:59:59.999,66616952.111504,168164,13005.3672,36497146.685297
2025-02-06 03:00:00,2808.01,2819.51,2790.72,2806.49,16145.4133,2025-02-06 03:59:59.999,45304433.215054,110034,7278.1618,20423886.124082
2025-02-06 04:00:00,2806.5,2831.97,2805.87,2820.61,18483.1773,2025-02-06 04:59:59.999,52145078.631446,98872,9557.2682,26957575.41259
2025-02-06 05:00:00,2820.61,2849.5,2820.25,2832.16,19495.0386,2025-02-06 05:59:59.999,55225445.630602,103883,8550.157,24226286.995123
2025-02-06 06:00:00,2832.16,2856.21,2822.93,2853.18,18742.56,2025-02-06 06:59:59.999,53241031.166088,111725,8483.4485,24102905.518132
2025-02-06 07:00:00,2853.18,2854.78,2826.15,2831.32,16103.0062,2025-02-06 07:59:59.999,45711077.473106,82519,6225.3078,17670902.329907
2025-02-06 08:00:00,2831.33,2845.39,2823.01,2829.39,16417.4531,2025-02-06 08:59:59.999,46539139.222255,109018,7174.4439,20340738.069448
2025-02-06 09:00:00,2829.4,2857.64,2826.09,2851.76,18619.0378,2025-02-06 09:59:59.999,52902618.385555,117227,9471.5075,26914468.22884
2025-02-06 10:00:00,2851.75,2854.78,2819.02,2828.9,20819.097,2025-02-06 10:59:59.999,59062358.078925,123318,9382.0109,26622204.74681
2025-02-06 11:00:00,2828.89,2830.9,2793.05,2803.92,22964.3827,2025-02-06 11:59:59.999,64542495.813656,143696,10349.4285,29088895.344151
2025-02-06 12:00:00,2803.92,2807.77,2767.35,2770.88,32899.3234,2025-02-06 12:59:59.999,91624633.487945,157328,14860.0341,41389800.352438
2025-02-06 13:00:00,2770.89,2799.0,2768.35,2791.66,30257.1321,2025-02-06 13:59:59.999,84183243.52056,154834,13903.3976,38697360.822878
2025-02-06 14:00:00,2791.67,2796.16,2737.62,2748.48,53413.3295,2025-02-06 14:59:59.999,147455908.082397,264967,22232.2615,61384192.627907
2025-02-06 15:00:00,2748.49,2760.75,2683.71,2705.57,85378.2016,2025-02-06 15:59:59.999,232587949.848964,344754,37816.1444,103030469.18575
2025-02-06 16:00:00,2705.57,2724.31,2695.0,2708.01,46717.7861,2025-02-06 16:59:59.999,126546211.97152,233681,22363.2845,60577619.302323
2025-02-06 17:00:00,2708.01,2719.1,2696.06,2700.0,35650.74,2025-02-06 17:59:59.999,96444763.852475,174253,14911.1759,40351988.113318
2025-02-06 18:00:00,2700.0,2712.78,2672.03,2693.76,59480.4238,2025-02-06 18:59:59.999,160425483.160392,247216,28048.8751,75646744.639042
2025-02-06 19:00:00,2693.75,2726.75,2680.0,2689.57,36947.1813,2025-02-06 19:59:59.999,99795797.39233,220759,13753.9314,37150687.409869
2025-02-06 20:00:00,2689.56,2725.6,2685.64,2722.96,29697.7258,2025-02-06 20:59:59.999,80380077.728631,170269,12612.0397,34137212.455939
2025-02-06 21:00:00,2722.96,2723.33,2675.0,2709.49,27045.1074,2025-02-06 21:59:59.999,73034615.129492,147596,12017.9158,32445883.095291
2025-02-06 22:00:00,2709.5,2710.0,2655.28,2700.5,22946.4221,2025-02-06 22:59:59.999,61522110.382741,105376,11099.6094,29754230.035468
2025-02-06 23:00:00,2700.5,2702.48,2666.8,2686.64,16891.8034,2025-02-06 23:59:59.999,45391795.647922,99339,7851.2367,21104237.66658
2025-02-07 00:00:00,2686.63,2716.21,2679.79,2687.66,20525.7621,2025-02-07 00:59:59.999,55363112.904826,151351,9932.5024,26797365.065284
2025-02-07 01:00:00,2687.65,2739.61,2687.0,2717.26,25432.1634,2025-02-07 01:59:59.999,68983922.84596,167915,12657.6456,34357075.184108
2025-02-07 02:00:00,2717.27,2734.09,2712.92,2724.9,22281.7359,2025-02-07 02:59:59.999,60692286.273997,152593,9898.8141,26965993.408131
2025-02-07 03:00:00,2724.9,2736.47,2703.2,2715.58,16354.6295,2025-02-07 03:59:59.999,44453370.464076,94546,6888.0059,18727744.977644
2025-02-07 04:00:00,2715.58,2731.0,2713.56,2720.6,11685.7143,2025-02-07 04:59:59.999,31823013.19156,75342,4415.0283,12020994.889194
2025-02-07 05:00:00,2720.61,2727.36,2704.26,2713.98,11692.8068,2025-02-07 05:59:59.999,31722719.539833,79058,4592.1781,12460097.754001
2025-02-07 06:00:00,2713.98,2715.5,2668.03,2696.39,27490.2281,2025-02-07 06:59:59.999,73926038.77268,128815,12160.5679,32691730.30897
2025-02-07 07:00:00,2696.38,2729.85,2695.71,2713.07,22365.3447,2025-02-07 07:59:59.999,60703182.349798,131970,11871.5142,32214212.81832
2025-02-07 08:00:00,2713.06,2743.77,2705.56,2729.6,18001.3493,2025-02-07 08:59:59.999,49071335.212239,109830,9800.8805,26722364.436374
2025-02-07 09:00:00,2729.6,2741.74,2725.81,2738.92,9873.6355,2025-02-07 09:59:59.999,26992822.07516,86937,5218.5757,14270266.340986
2025-02-07 10:00:00,2738.91,2754.1,2736.2,2743.01,12383.8985,2025-02-07 10:59:59.999,33993461.693583,104139,5398.3043,14818391.446702
2025-02-07 11:00:00,2743.0,2764.78,2739.23,2762.69,14429.7801,2025-02-07 11:59:59.999,39735294.400644,85112,9305.3541,25627386.060044
2025-02-07 12:00:00,2762.69,2771.05,2745.85,2757.31,19779.1633,2025-02-07 12:59:59.999,54550096.121821,89053,8518.9737,23496673.845096
2025-02-07 13:00:00,2757.31,2780.0,2723.68,2776.01,46978.041,2025-02-07 13:59:59.999,129441590.632251,200485,23177.871,63880830.080843
2025-02-07 14:00:00,2776.0,2797.5,2764.23,2782.86,44198.3837,2025-02-07 14:59:59.999,123158794.318632,223271,20138.9584,56115154.191114
2025-02-07 15:00:00,2782.87,2782.95,2710.97,2721.73,75494.2212,2025-02-07 15:59:59.999,206871393.560752,284073,36593.7781,100289610.375943
2025-02-07 16:00:00,2721.74,2727.78,2691.48,2693.86,44430.6807,2025-02-07 16:59:59.999,120354512.890011,174176,20485.8844,55520856.329572
2025-02-07 17:00:00,2693.86,2699.0,2662.02,2680.09,48207.1263,2025-02-07 17:59:59.999,129200490.818576,169140,21515.9333,57662620.423537
2025-02-07 18:00:00,2680.09,2703.7,2676.33,2678.47,23491.9236,2025-02-07 18:59:59.999,63207376.663201,86100,11724.8942,31559274.362814
2025-02-07 19:00:00,2678.48,2679.92,2655.8,2659.3,20434.0774,2025-02-07 19:59:59.999,54545893.118437,88094,8694.1842,23208318.197531
2025-02-07 20:00:00,2659.3,2661.85,2579.53,2587.65,67234.5528,2025-02-07 20:59:59.999,176136284.740827,239768,28431.2877,74485789.52189
2025-02-07 21:00:00,2587.66,2610.3,2576.34,2587.77,32753.1891,2025-02-07 21:59:59.999,84992348.861127,140094,14958.5882,38818130.872917
2025-02-07 22:00:00,2587.78,2592.0,2562.51,2583.77,32399.8071,2025-02-07 22:59:59.999,83461585.916035,114757,16343.8408,42102896.446645
2025-02-07 23:00:00,2583.77,2625.71,2578.2,2622.1,27549.1468,2025-02-07 23:59:59.999,71679452.968286,96079,14494.5737,37718758.384906
2025-02-08 00:00:00,2622.11,2667.3,2615.88,2646.68,33986.4144,2025-02-08 00:59:59.999,89952247.840387,169053,15485.1902,40976453.826527
2025-02-08 01:00:00,2646.68,2646.68,2627.49,2630.39,27941.3108,2025-02-08 01:59:59.999,73669809.250011,141629,11518.1776,30366399.31482
2025-02-08 02:00:00,2630.39,2643.82,2622.64,2640.95,17068.3533,2025-02-08 02:59:59.999,44952333.055042,101421,7764.2432,20455300.592995
2025-02-08 03:00:00,2640.95,2656.99,2635.6,2641.66,13983.1335,2025-02-08 03:59:59.999,36974799.298076,94310,6800.7054,17984742.190088
2025-02-08 04:00:00,2641.67,2648.99,2630.95,2634.18,10387.5196,2025-02-08 04:59:59.999,27428582.110255,73670,3964.6688,10469917.273104
2025-02-08 05:00:00,2634.19,2636.28,2613.35,2620.19,20313.2622,2025-02-08 05:59:59.999,53306295.70704,91739,8280.733,21731259.900725
2025-02-08 06:00:00,2620.2,2632.0,2608.3,2616.14,17276.8732,2025-02-08 06:59:59.999,45281451.207736,87493,7278.481,19083642.116167
2025-02-08 07:00:00,2616.13,2638.0,2594.63,2629.61,34554.8909,2025-02-08 07:59:59.999,90421974.616258,111161,16749.9806,43870114.781848
2025-02-08 08:00:00,2629.61,2632.5,2605.98,2606.22,11801.9147,2025-02-08 08:59:59.999,30888422.82336,70177,5099.0796,13348959.506755
2025-02-08 09:00:00,2606.22,2619.33,2604.29,2619.0,13394.3571,2025-02-08 09:59:59.999,34993778.995947,53803,5962.3413,15582603.511213
2025-02-08 10:00:00,2619.0,2630.5,2613.23,2617.89,9542.4124,2025-02-08 10:59:59.999,25024007.253877,47767,5181.0452,13587283.100003
2025-02-08 11:00:00,2617.88,2621.0,2601.4,2613.32,11453.2021,2025-02-08 11:59:59.999,29908588.599293,55475,4880.8772,12745215.574029
2025-02-08 12:00:00,2613.3,2620.48,2599.0,2604.91,13384.5056,2025-02-08 12:59:59.999,34896326.225944,69530,6219.671,16220141.707586
2025-02-08 13:00:00,2604.9,2636.9,2604.02,2621.44,16263.5182,2025-02-08 13:59:59.999,42616746.376482,72496,9390.9283,24608764.901195
2025-02-08 14:00:00,2621.44,2626.39,2602.01,2616.23,17720.2547,2025-02-08 14:59:59.999,46310913.304696,84777,8358.9572,21845659.040738
2025-02-08 15:00:00,2616.23,2626.0,2588.8,2605.24,17514.2675,2025-02-08 15:59:59.999,45645243.053618,87003,8895.4914,23192667.45503
2025-02-08 16:00:00,2605.24,2613.82,2589.97,2609.48,14966.2918,2025-02-08 16:59:59.999,38966952.34205,76923,7983.1322,20786045.618153
2025-02-08 17:00:00,2609.48,2633.79,2609.27,2629.89,19380.0569,2025-02-08 17:59:59.999,50821284.893104,91885,11784.6747,30900801.972981
2025-02-08 18:00:00,2629.89,2640.81,2618.66,2631.63,13957.0202,2025-02-08 18:59:59.999,36724421.731005,63826,7341.6404,19316788.171979
2025-02-08 19:00:00,2631.63,2649.9,2627.3,2637.89,15830.852,2025-02-08 19:59:59.999,41780907.186054,66132,7996.0325,21104870.162011
2025-02-08 20:00:00,2637.89,2642.72,2628.1,2635.83,8054.6976,2025-02-08 20:59:59.999,21235797.927939,47104,4092.4691,10789978.269936
2025-02-08 21:00:00,2635.82,2642.49,2628.99,2638.76,6092.7004,2025-02-08 21:59:59.999,16059831.61068,39643,3273.5217,8627477.810891
2025-02-08 22:00:00,2638.75,2645.6,2623.78,2627.01,8333.3247,2025-02-08 22:59:59.999,21944787.482123,32323,4286.9324,11289413.290617
2025-02-08 23:00:00,2627.01,2643.88,2626.64,2632.46,6484.0171,2025-02-08 23:59:59.999,17093301.093938,36066,3817.1852,10061402.283993
2025-02-09 00:00:00,2632.46,2640.81,2626.63,2637.16,6611.3275,2025-02-09 00:59:59.999,17403447.977715,52218,3067.8138,8076603.164186
2025-02-09 01:00:00,2637.16,2657.11,2635.1,2649.42,13285.4614,2025-02-09 01:59:59.999,35168763.757533,91309,7327.9736,19397536.514034
2025-02-09 02:00:00,2649.41,2652.73,2636.44,2639.62,7870.9066,2025-02-09 02:59:59.999,20807411.894022,62234,3746.2289,9905335.25601
2025-02-09 03:00:00,2639.62,2698.9,2634.0,2678.54,29535.4146,2025-02-09 03:59:59.999,78864306.696576,121449,17210.0106,45962454.405405
2025-02-09 04:00:00,2678.53,2678.9,2660.39,2672.83,10806.8267,2025-02-09 04:59:59.999,28831302.838586,73769,5662.8767,15107112.119189
2025-02-09 05:00:00,2672.84,2673.49,2656.46,2661.47,7896.1995,2025-02-09 05:59:59.999,21032369.336329,49287,3603.8498,9598604.857144
2025-02-09 06:00:00,2661.47,2664.5,2649.29,2663.04,7901.293,2025-02-09 06:59:59.999,20988727.993928,54471,3976.6003,10565264.919591
2025-02-09 07:00:00,2663.03,2668.37,2658.6,2662.59,6012.3434,2025-02-09 07:59:59.999,16013613.072818,56863,3432.727,9142557.65322
2025-02-09 08:00:00,2662.59,2673.38,2661.52,2666.99,11877.2854,2025-02-09 08:59:59.999,31690950.980721,65141,5996.895,16003378.755693
2025-02-09 09:00:00,2666.99,2667.37,2650.99,2658.37,6786.5614,2025-02-09 09:59:59.999,18040415.917482,67369,2994.0671,7958807.070523
2025-02-09 10:00:00,2658.36,2669.37,2652.08,2661.68,9365.831,2025-02-09 10:59:59.999,24927237.029983,63221,4251.6082,11316464.993897
2025-02-09 11:00:00,2661.69,2667.0,2652.53,2654.78,8805.0904,2025-02-09 11:59:59.999,23439242.406598,64342,3386.9923,9017398.973599
2025-02-09 12:00:00,2654.8,2661.81,2644.3,2654.99,12062.3584,2025-02-09 12:59:59.999,32017965.323222,75145,4979.5235,13216241.462591
2025-02-09 13:00:00,2655.0,2657.99,2611.78,2618.38,23615.1896,2025-02-09 13:59:59.999,62175175.197274,128625,10147.6103,26718257.548323
2025-02-09 14:00:00,2618.38,2634.53,2615.24,2627.63,13335.9169,2025-02-09 14:59:59.999,35037689.10051,96775,6483.7918,17033749.996389
2025-02-09 15:00:00,2627.63,2658.95,2626.99,2653.21,13687.7279,2025-02-09 15:59:59.999,36219814.013428,107350,7442.641,19692012.083458
2025-02-09 16:00:00,2653.22,2666.38,2649.59,2659.32,8559.6857,2025-02-09 16:59:59.999,22747307.598304,69133,3896.2905,10354793.964545
2025-02-09 17:00:00,2659.32,2665.24,2634.02,2641.74,9914.5452,2025-02-09 17:59:59.999,26254372.883168,87938,4459.7699,11813797.174307
2025-02-09 18:00:00,2641.75,2642.1,2624.33,2636.69,9869.6996,2025-02-09 18:59:59.999,26008897.167423,71524,4768.4116,12570988.501674
2025-02-09 19:00:00,2636.68,2643.25,2616.81,2623.89,9944.3059,2025-02-09 19:59:59.999,26129515.76311,79025,3946.2749,10372526.787847
2025-02-09 20:00:00,2623.89,2649.55,2622.14,2637.19,10437.9144,2025-02-09 20:59:59.999,27542437.187171,73514,6509.5682,17175942.845696
2025-02-09 21:00:00,2637.2,2641.0,2520.02,2552.38,71526.2046,2025-02-09 21:59:59.999,183931337.382786,269013,28744.7497,73838336.016455
2025-02-09 22:00:00,2552.38,2646.99,2527.2,2615.77,54412.27,2025-02-09 22:59:59.999,140760082.799315,275833,27522.5807,71206114.615123
2025-02-09 23:00:00,2615.77,2635.64,2606.72,2627.18,23046.432,2025-02-09 23:59:59.999,60353667.732483,164362,11755.9819,30788754.006578
2025-02-10 00:00:00,2627.18,2658.6,2626.83,2642.71,21885.093,2025-02-10 00:59:59.999,57902694.565376,144099,11894.0567,31470862.979511
2025-02-10 01:00:00,2642.72,2644.7,2559.85,2574.69,38178.6618,2025-02-10 01:59:59.999,99082842.00834,202321,15668.5276,40635776.831532
2025-02-10 02:00:00,2574.69,2595.63,2569.3,2589.54,28182.0895,2025-02-10 02:59:59.999,72708555.063137,164048,15901.0106,41040291.878329
2025-02-10 03:00:00,2589.54,2648.56,2584.65,2625.97,35839.2729,2025-02-10 03:59:59.999,93980668.535352,194280,19049.9902,49917767.070531
2025-02-10 04:00:00,2625.97,2641.42,2618.4,2628.75,12798.936,2025-02-10 04:59:59.999,33648932.507235,111448,6065.7691,15949401.37972
2025-02-10 05:00:00,2628.76,2660.0,2620.92,2638.4,15230.3582,2025-02-10 05:59:59.999,40230509.275518,109093,7989.4915,21113887.634216
2025-02-10 06:00:00,2638.43,2642.87,2626.52,2636.25,11050.8833,2025-02-10 06:59:59.999,29102553.747092,100683,4508.1741,11871953.945874
2025-02-10 07:00:00,2636.26,2644.67,2629.0,2637.03,11579.0236,2025-02-10 07:59:59.999,30546592.898068,89137,5785.1147,15262717.18535
2025-02-10 08:00:00,2637.02,2652.5,2634.84,2644.8,15304.2307,2025-02-10 08:59:59.999,40462483.234619,85027,6751.1377,17852700.384501
2025-02-10 09:00:00,2644.8,2654.55,2639.0,2650.4,9324.7913,2025-02-10 09:59:59.999,24673236.074733,73221,5248.1192,13887807.108599
2025-02-10 10:00:00,2650.4,2662.0,2639.78,2647.47,9355.8073,2025-02-10 10:59:59.999,24811454.458334,71673,4813.8683,12768830.875921
2025-02-10 11:00:00,2647.47,2659.5,2639.7,2653.16,10484.7051,2025-02-10 11:59:59.999,27777070.992789,80189,5298.1474,14038494.22513
2025-02-10 12:00:00,2653.16,2662.12,2631.24,2639.33,14175.0798,2025-02-10 12:59:59.999,37507552.214372,117950,6964.856,18434146.492757
2025-02-10 13:00:00,2639.33,2684.55,2637.6,2677.76,17994.6949,2025-02-10 13:59:59.999,47925412.837115,152786,10888.441,29003708.516872
2025-02-10 14:00:00,2677.77,2680.99,2638.99,2650.86,27521.0203,2025-02-10 14:59:59.999,73125988.534176,185177,12297.258,32676369.46892
2025-02-10 15:00:00,2650.86,2662.27,2643.52,2658.22,19984.0225,2025-02-10 15:59:59.999,53035175.457399,123384,8644.7354,22944079.702587
2025-02-10 16:00:00,2658.21,2676.31,2650.0,2664.82,17799.4072,2025-02-10 16:59:59.999,47396768.532425,104867,7887.934,21006085.10856
2025-02-10 17:00:00,2664.82,2685.45,2650.33,2679.01,19728.7922,2025-02-10 17:59:59.999,52712099.882994,104911,9407.0757,25136445.8903
2025-02-10 18:00:00,2679.0,2689.41,2670.11,2683.22,14652.4257,2025-02-10 18:59:59.999,39261822.221544,114363,6249.6032,16750368.779873
2025-02-10 19:00:00,2683.21,2693.79,2667.6,2672.28,12470.8968,2025-02-10 19:59:59.999,33431175.671588,114439,6276.7017,16826397.858961
2025-02-10 20:00:00,2672.28,2686.61,2668.17,2684.28,12776.4944,2025-02-10 20:59:59.999,34178873.055073,98183,6656.3483,17809627.600835
2025-02-10 21:00:00,2684.29,2684.96,2657.29,2664.34,7583.0183,2025-02-10 21:59:59.999,20240835.558643,67297,3467.5983,9255008.375155
2025-02-10 22:00:00,2664.34,2671.35,2652.49,2658.49,7900.5336,2025-02-10 22:59:59.999,21031029.684252,58377,3863.9051,10286431.797575
2025-02-10 23:00:00,2658.5,2662.99,2651.74,2661.19,6373.0332,2025-02-10 23:59:59.999,16933905.546706,69647,3445.3277,9154819.276451
2025-02-11 00:00:00,2661.19,2725.04,2660.72,2705.59,30158.7185,2025-02-11 00:59:59.999,81296151.721368,181601,17334.3203,46720193.881664
2025-02-11 01:00:00,2705.6,2720.38,2692.23,2695.0,20660.2709,2025-02-11 01:59:59.999,55837450.068164,115286,10187.9519,27535453.605168
2025-02-11 02:00:00,2694.99,2699.9,2666.7,2681.49,17275.3102,2025-02-11 02:59:59.999,46302847.921773,106267,8856.4376,23737704.499501
2025-02-11 03:00:00,2681.5,2681.57,2668.41,2678.89,6823.4934,2025-02-11 03:59:59.999,18251066.930375,62463,3288.1309,8794927.718308
2025-02-11 04:00:00,2678.89,2695.8,2676.49,2693.21,9240.7306,2025-02-11 04:59:59.999,24827569.597036,86365,5510.7516,14803331.477668
2025-02-11 05:00:00,2693.22,2722.0,2690.22,2717.01,19904.7839,2025-02-11 05:59:59.999,53834810.832107,130437,11402.215,30843002.189807
2025-02-11 06:00:00,2717.04,2724.98,2702.36,2722.81,12497.9385,2025-02-11 06:59:59.999,33930425.517409,122272,5907.254,16037166.620272
2025-02-11 07:00:00,2722.81,2724.32,2709.47,2712.15,14622.364,2025-02-11 07:59:59.999,39727291.330767,98103,7795.9947,21183280.920861
2025-02-11 08:00:00,2712.12,2720.9,2705.8,2715.29,20135.3908,2025-02-11 08:59:59.999,54668600.556511,79283,9663.4477,26238329.706105
2025-02-11 09:00:00,2715.3,2717.88,2701.28,2704.52,16146.323,2025-02-11 09:59:59.999,43741401.036041,96904,4763.6384,12912473.156658
2025-02-11 10:00:00,2704.52,2706.5,2690.24,2697.06,15168.4614,2025-02-11 10:59:59.999,40939687.667702,85404,5589.8504,15090863.267467
2025-02-11 11:00:00,2697.07,2710.0,2692.12,2708.8,8499.1873,2025-02-11 11:59:59.999,22957540.510723,75411,4981.7918,13458409.675917
2025-02-11 12:00:00,2708.8,2710.29,2680.0,2686.03,12281.4733,2025-02-11 12:59:59.999,33051285.508315,104613,5658.4376,15228125.6024
2025-02-11 13:00:00,2686.02,2694.42,2629.24,2634.47,31466.0075,2025-02-11 13:59:59.999,83795235.889261,154192,14189.259,37830413.442593
2025-02-11 14:00:00,2634.41,2670.0,2626.13,2663.81,25089.1168,2025-02-11 14:59:59.999,66544752.214359,160615,13891.8579,36842783.310837
2025-02-11 15:00:00,2663.81,2676.86,2648.0,2662.36,18700.9011,2025-02-11 15:59:59.999,49717340.628482,147302,9400.9945,25001026.425131
2025-02-11 16:00:00,2662.35,2670.8,2641.96,2645.43,23634.72,2025-02-11 16:59:59.999,62668119.771898,127311,9326.7945,24741653.052181
2025-02-11 17:00:00,2645.43,2653.92,2632.0,2640.79,18268.5543,2025-02-11 17:59:59.999,48270264.601404,140654,8521.6711,22520066.136638
2025-02-11 18:00:00,2640.8,2641.67,2607.28,2610.77,19329.1879,2025-02-11 18:59:59.999,50702085.391297,140707,8706.6528,22841563.273688
2025-02-11 19:00:00,2610.78,2619.0,2580.0,2589.7,42370.1269,2025-02-11 19:59:59.999,110008957.937063,151203,17099.4433,44441229.685827
2025-02-11 20:00:00,2589.69,2612.25,2585.51,2598.44,35959.3306,2025-02-11 20:59:59.999,93365982.795005,132604,13167.8908,34191025.430381
2025-02-11 21:00:00,2598.32,2631.36,2592.15,2622.12,22647.9795,2025-02-11 21:59:59.999,59118687.424798,101001,10115.8654,26418915.903997
2025-02-11 22:00:00,2622.11,2631.29,2558.24,2586.39,27062.9662,2025-02-11 22:59:59.999,70261566.280152,93170,12826.2297,33303761.967887
2025-02-11 23:00:00,2586.4,2611.77,2584.84,2602.59,16252.8069,2025-02-11 23:59:59.999,42272648.641795,82840,8187.8701,21295152.114222
2025-02-12 00:00:00,2602.59,2617.03,2589.0,2610.4,13354.7191,2025-02-12 00:59:59.999,34780923.402307,104664,6740.7151,17561633.828654
2025-02-12 01:00:00,2610.33,2624.36,2600.19,2616.8,9218.734,2025-02-12 01:59:59.999,24072927.348194,91381,4902.732,12805935.700864
2025-02-12 02:00:00,2616.8,2618.66,2587.31,2596.65,11148.5732,2025-02-12 02:59:59.999,29034473.880438,76990,5621.8662,14645553.280702
2025-02-12 03:00:00,2596.65,2601.49,2569.31,2587.24,17567.688,2025-02-12 03:59:59.999,45443331.27406,117765,8694.7825,22494065.365078
2025-02-12 04:00:00,2587.23,2597.5,2577.5,2590.07,12498.0543,2025-02-12 04:59:59.999,32343837.850722,115842,6900.8087,17859244.258326
2025-02-12 05:00:00,2590.07,2611.0,2585.17,2609.0,10212.8436,2025-02-12 05:59:59.999,26582250.225928,85215,5140.3629,13379132.815888
2025-02-12 06:00:00,2609.01,2612.75,2597.51,2601.81,8461.9094,2025-02-12 06:59:59.999,22035790.074946,66347,3500.7188,9119373.979823
2025-02-12 07:00:00,2601.81,2624.07,2599.09,2618.63,16680.6875,2025-02-12 07:59:59.999,43589406.953428,85714,9469.3811,24753046.1164
2025-02-12 08:00:00,2618.62,2637.24,2618.2,2629.94,14160.6828,2025-02-12 08:59:59.999,37237076.792172,118273,7296.9049,19186798.926147
2025-02-12 09:00:00,2629.94,2632.67,2610.78,2629.17,13271.7409,2025-02-12 09:59:59.999,34785490.06788,113646,7218.93,18927542.192822
2025-02-12 10:00:00,2629.16,2632.48,2611.01,2618.89,21548.9386,2025-02-12 10:59:59.999,56566684.052327,149012,11187.2028,29380331.613225
2025-02-12 11:00:00,2618.88,2639.49,2618.88,2627.08,9338.2888,2025-02-12 11:59:59.999,24541244.310238,120221,4652.7077,12229761.10044
2025-02-12 12:00:00,2627.08,2642.9,2625.33,2628.4,11975.9569,2025-02-12 12:59:59.999,31531614.429479,110015,5171.0333,13616461.248172
2025-02-12 13:00:00,2628.41,2665.16,2558.0,2595.48,118327.2964,2025-02-12 13:59:59.999,307821615.123252,477997,57055.77,148526253.731176
2025-02-12 14:00:00,2595.48,2600.9,2546.92,2599.43,54914.7619,2025-02-12 14:59:59.999,141675031.110182,417530,24471.3069,63159965.926634
2025-02-12 15:00:00,2599.42,2615.69,2569.29,2606.9,46557.8244,2025-02-12 15:59:59.999,120888121.6905,305921,21083.7335,54759721.711444
2025-02-12 16:00:00,2606.9,2652.78,2583.18,2648.36,36834.0229,2025-02-12 16:59:59.999,96393146.648043,234672,21459.792,56190238.735762
2025-02-12 17:00:00,2648.35,2683.65,2648.01,2672.99,39535.3861,2025-02-12 17:59:59.999,105384966.745721,253612,20296.0809,54107384.396414
2025-02-12 18:00:00,2673.0,2674.86,2647.61,2663.81,19086.4135,2025-02-12 18:59:59.999,50799470.610886,131578,8502.9242,22634586.958166
2025-02-12 19:00:00,2663.82,2681.23,2647.8,2677.95,21537.6665,2025-02-12 19:59:59.999,57501633.264182,160495,12407.2357,33134112.54732
2025-02-12 20:00:00,2677.95,2695.72,2669.49,2677.8,19476.1728,2025-02-12 20:59:59.999,52234377.374248,185103,9331.2412,25031291.422234
2025-02-12 21:00:00,2677.8,2693.97,2672.01,2682.31,10546.6545,2025-02-12 21:59:59.999,28309923.703082,119992,5549.2432,14899244.805818
2025-02-12 22:00:00,2682.32,2795.45,2678.33,2745.6,80520.036,2025-02-12 22:59:59.999,220901899.62193,360654,42745.2326,117201513.640004
2025-02-12 23:00:00,2745.6,2756.79,2726.66,2738.27,29520.8438,2025-02-12 23:59:59.999,80981702.978982,187421,15457.9131,42406725.917175
2025-02-13 00:00:00,2738.27,2741.49,2716.0,2728.39,16870.8689,2025-02-13 00:59:59.999,46037406.005789,156812,9793.4029,26730420.187199
2025-02-13 01:00:00,2728.4,2757.28,2723.0,2748.5,18033.758,2025-02-13 01:59:59.999,49441052.055767,148293,10505.0677,28802247.747653
2025-02-13 02:00:00,2748.49,2749.46,2731.55,2739.69,12798.9273,2025-02-13 02:59:59.999,35063877.707259,128674,5603.698,15351385.103034
2025-02-13 03:00:00,2739.69,2746.95,2736.31,2744.0,12274.9576,2025-02-13 03:59:59.999,33654337.384136,116054,6724.4405,18437334.115274
2025-02-13 04:00:00,2744.0,2745.73,2713.7,2721.44,13241.4791,2025-02-13 04:59:59.999,36177660.595576,120072,5474.9678,14961193.230923
2025-02-13 05:00:00,2721.43,2725.7,2703.97,2720.77,12544.3443,2025-02-13 05:59:59.999,34061499.451642,120343,6969.1084,18918423.373686
2025-02-13 06:00:00,2720.76,2723.62,2680.62,2686.21,17739.1426,2025-02-13 06:59:59.999,47865541.913857,168428,6395.903,17265451.689195
2025-02-13 07:00:00,2686.2,2690.92,2672.03,2681.5,21912.2375,2025-02-13 07:59:59.999,58745632.712727,138935,8710.5463,23360620.356289
2025-02-13 08:00:00,2681.51,2685.43,2658.1,2666.62,27068.0656,2025-02-13 08:59:59.999,72284220.535125,159848,10558.1057,28193709.234894
2025-02-13 09:00:00,2666.62,2686.8,2659.29,2683.5,13229.1991,2025-02-13 09:59:59.999,35412560.451659,98816,7110.1347,19033078.00972
2025-02-13 10:00:00,2683.5,2688.43,2675.39,2677.3,9738.1959,2025-02-13 10:59:59.999,26107824.128489,94484,5021.6718,13464771.904084
2025-02-13 11:00:00,2677.3,2679.2,2650.65,2656.19,17051.9324,2025-02-13 11:59:59.999,45411767.414612,143345,7192.3385,19151752.282188
2025-02-13 12:00:00,2656.18,2669.29,2645.6,2655.8,14831.6836,2025-02-13 12:59:59.999,39417405.922391,128610,7228.1658,19213401.509509
2025-02-13 13:00:00,2655.82,2677.77,2651.7,2659.0,28881.086,2025-02-13 13:59:59.999,76929213.270735,196727,13682.3669,36451193.504318
2025-02-13 14:00:00,2658.99,2659.97,2616.04,2636.53,46413.3039,2025-02-13 14:59:59.999,122437629.40204,292866,21364.1371,56355173.19947
2025-02-13 15:00:00,2636.53,2667.04,2621.78,2647.95,39695.5014,2025-02-13 15:59:59.999,105113029.358163,215494,18884.8024,50004598.17512
2025-02-13 16:00:00,2647.96,2647.97,2618.7,2626.66,22503.7844,2025-02-13 16:59:59.999,59253466.189783,187083,10280.8459,27067058.149634
2025-02-13 17:00:00,2626.76,2647.98,2625.22,2631.39,16495.011,2025-02-13 17:59:59.999,43493992.419484,108280,9680.2236,25514586.934619
2025-02-13 18:00:00,2631.4,2639.7,2612.76,2639.6,24118.6286,2025-02-13 18:59:59.999,63350271.537968,137788,14679.4824,38567217.454422
2025-02-13 19:00:00,2639.59,2662.17,2629.35,2640.94,18993.2044,2025-02-13 19:59:59.999,50262062.651031,113295,11010.0456,29125766.758147
2025-02-13 20:00:00,2640.94,2659.29,2640.5,2653.61,9408.9137,2025-02-13 20:59:59.999,24954533.520715,67183,5343.8223,14172203.9293
2025-02-13 21:00:00,2653.6,2675.72,2651.49,2666.99,14287.2916,2025-02-13 21:59:59.999,38074604.798841,72408,8237.1873,21949542.459402
2025-02-13 22:00:00,2667.0,2676.92,2662.94,2668.78,9206.997,2025-02-13 22:59:59.999,24571925.241763,44833,4386.3297,11706832.567545
2025-02-13 23:00:00,2668.79,2679.99,2664.1,2675.87,6430.7714,2025-02-13 23:59:59.999,17179873.154871,55163,2950.8515,7885076.560473
2025-02-14 00:00:00,2675.87,2683.1,2664.46,2675.27,8088.2154,2025-02-14 00:59:59.999,21610817.40411,73314,3676.2137,9825433.430424
2025-02-14 01:00:00,2675.27,2687.55,2669.0,2683.25,8900.0241,2025-02-14 01:59:59.999,23822919.217685,66328,5076.7109,13590113.983153
2025-02-14 02:00:00,2683.25,2706.58,2680.0,2690.5,18126.102,2025-02-14 02:59:59.999,48864097.697168,89703,10004.1693,26970084.679839
2025-02-14 03:00:00,2690.51,2721.4,2689.11,2715.39,11401.1762,2025-02-14 03:59:59.999,30845513.808642,78337,6601.0805,17866650.434459
2025-02-14 04:00:00,2715.39,2716.2,2696.58,2699.5,9725.4462,2025-02-14 04:59:59.999,26315554.063551,55207,3209.4483,8686783.91101
2025-02-14 05:00:00,2699.5,2704.0,2689.43,2698.64,8365.6764,2025-02-14 05:59:59.999,22560888.811026,56821,2904.3073,7833157.248251
2025-02-14 06:00:00,2698.64,2704.0,2692.0,2700.79,10209.237,2025-02-14 06:59:59.999,27545477.325766,68463,5751.5553,15521020.375667
2025-02-14 07:00:00,2700.8,2705.0,2698.84,2699.42,17465.9394,2025-02-14 07:59:59.999,47200401.122725,50709,9705.5134,26231310.79646
2025-02-14 08:00:00,2699.41,2716.21,2695.68,2705.75,21331.9984,2025-02-14 08:59:59.999,57693178.832257,98451,12306.3519,33280985.551495
2025-02-14 09:00:00,2705.74,2714.0,2703.97,2713.61,23956.9007,2025-02-14 09:59:59.999,64915253.031588,84913,14376.7482,38954617.0323
2025-02-14 10:00:00,2713.61,2716.48,2702.28,2703.29,9761.1636,2025-02-14 10:59:59.999,26461871.957148,85105,4734.8227,12836740.91966
2025-02-14 11:00:00,2703.29,2705.4,2682.42,2684.81,15440.9701,2025-02-14 11:59:59.999,41585923.342578,111403,8148.7281,21944517.835462
2025-02-14 12:00:00,2684.8,2691.16,2677.43,2686.43,11457.3645,2025-02-14 12:59:59.999,30762294.324922,107505,5781.2592,15522834.053107
2025-02-14 13:00:00,2686.43,2705.53,2684.61,2701.21,14263.7275,2025-02-14 13:59:59.999,38460807.334715,102479,7287.8106,19650185.11644
2025-02-14 14:00:00,2701.21,2736.76,2693.81,2720.75,27134.7321,2025-02-14 14:59:59.999,73644148.737368,163550,16832.7362,45688973.732751
2025-02-14 15:00:00,2720.75,2747.39,2688.79,2734.33,35876.0899,2025-02-14 15:59:59.999,97526983.808919,252129,19215.1372,52254931.064938
2025-02-14 16:00:00,2734.33,2743.46,2709.61,2742.8,21900.8476,2025-02-14 16:59:59.999,59728985.957171,172065,11633.6159,31733759.81457
2025-02-14 17:00:00,2742.8,2791.0,2731.61,2773.97,44612.7472,2025-02-14 17:59:59.999,123258959.295709,213748,25378.4354,70153500.848535
2025-02-14 18:00:00,2773.96,2791.78,2754.78,2755.98,35065.9944,2025-02-14 18:59:59.999,97399948.425324,202038,18654.6241,51816117.856889
2025-02-14 19:00:00,2755.97,2763.53,2728.37,2738.0,14862.4968,2025-02-14 19:59:59.999,40819199.293897,142298,7394.5273,20306073.316251
2025-02-14 20:00:00,2738.0,2751.0,2721.16,2728.2,11674.7524,2025-02-14 20:59:59.999,31981526.857818,115916,5362.1326,14692671.545116
2025-02-14 21:00:00,2728.2,2751.1,2706.0,2744.31,18485.3578,2025-02-14 21:59:59.999,50459411.997603,117398,10069.259,27496357.811099
2025-02-14 22:00:00,2744.31,2748.8,2707.4,2718.0,13454.8213,2025-02-14 22:59:59.999,36714800.882625,78330,4817.8972,13146538.187449
2025-02-14 23:00:00,2718.0,2730.9,2714.9,2725.95,8334.0052,2025-02-14 23:59:59.999,22698854.513588,59384,3985.6958,10855292.59418
2025-02-15 00:00:00,2725.95,2727.95,2703.99,2716.58,15676.0804,2025-02-15 00:59:59.999,42541205.151207,105711,5500.7662,14937239.317843
2025-02-15 01:00:00,2716.59,2731.0,2714.6,2728.49,7807.4496,2025-02-15 01:59:59.999,21247163.245128,81490,4214.1045,11469501.331783
2025-02-15 02:00:00,2728.49,2734.76,2720.96,2731.4,7973.7894,2025-02-15 02:59:59.999,21748320.759137,77895,3707.4396,10112102.625696
2025-02-15 03:00:00,2731.4,2739.0,2723.14,2724.4,6949.331,2025-02-15 03:59:59.999,18972145.896666,47275,2656.605,7255882.947913
2025-02-15 04:00:00,2724.41,2733.6,2717.6,2720.47,7007.3587,2025-02-15 04:59:59.999,19091559.372664,52782,4219.4844,11496145.734197
2025-02-15 05:00:00,2720.47,2724.96,2715.69,2722.46,3679.4871,2025-02-15 05:59:59.999,10012084.268462,45862,1633.9542,4445940.287336
2025-02-15 06:00:00,2722.47,2722.62,2705.0,2709.38,5109.6279,2025-02-15 06:59:59.999,13869944.31629,57769,1702.8919,4623875.356644
2025-02-15 07:00:00,2709.38,2710.89,2694.0,2697.66,12568.9235,2025-02-15 07:59:59.999,33960987.820529,96134,6055.092,16359463.944721
2025-02-15 08:00:00,2697.65,2711.9,2697.13,2704.79,7411.2833,2025-02-15 08:59:59.999,20043058.106049,64605,3872.2468,10471427.987949
2025-02-15 09:00:00,2704.8,2712.4,2696.04,2702.91,5566.4387,2025-02-15 09:59:59.999,15049622.049197,57578,1973.0558,5335800.152031
2025-02-15 10:00:00,2702.91,2712.4,2695.7,2710.49,6323.4451,2025-02-15 10:59:59.999,17098475.982646,62854,3315.5687,8967999.669107
2025-02-15 11:00:00,2710.49,2715.1,2700.0,2708.37,11928.5389,2025-02-15 11:59:59.999,32291796.583346,73340,4857.9117,13147762.002001
2025-02-15 12:00:00,2708.37,2713.53,2703.6,2710.23,7049.2416,2025-02-15 12:59:59.999,19093762.962007,68457,3347.4659,9067489.338995
2025-02-15 13:00:00,2710.23,2713.99,2705.9,2707.02,6207.2119,2025-02-15 13:59:59.999,16819654.45508,61858,2747.7973,7445719.831429
2025-02-15 14:00:00,2707.02,2707.03,2662.28,2688.68,29405.7209,2025-02-15 14:59:59.999,78959161.915707,164025,11415.8859,30640539.071614
2025-02-15 15:00:00,2688.69,2698.83,2683.99,2691.05,8821.613,2025-02-15 15:59:59.999,23739575.352067,89135,4169.6667,11222029.757779
2025-02-15 16:00:00,2691.05,2696.49,2682.48,2689.06,8315.2686,2025-02-15 16:59:59.999,22365828.335205,77388,3368.2152,9060839.001251
2025-02-15 17:00:00,2689.06,2693.99,2679.0,2686.12,7856.8165,2025-02-15 17:59:59.999,21103848.198714,85795,3498.22,9396288.911663
2025-02-15 18:00:00,2686.12,2707.93,2685.01,2702.83,8995.2146,2025-02-15 18:59:59.999,24264075.669067,65832,4811.859,12979585.290442
2025-02-15 19:00:00,2702.84,2705.53,2690.49,2691.59,4673.7353,2025-02-15 19:59:59.999,12614330.294026,51216,1967.7116,5311872.84821
2025-02-15 20:00:00,2691.6,2697.0,2679.16,2686.11,7481.7791,2025-02-15 20:59:59.999,20102924.165606,57721,2679.0555,7197764.177021
2025-02-15 21:00:00,2686.1,2702.52,2685.8,2701.08,6190.2146,2025-02-15 21:59:59.999,16680534.871184,53153,4127.8401,11124530.393063
2025-02-15 22:00:00,2701.09,2704.0,2687.61,2695.19,5686.3776,2025-02-15 22:59:59.999,15334450.105088,39427,2884.0856,7780781.57973
2025-02-15 23:00:00,2695.2,2697.94,2690.0,2693.04,4286.4822,2025-02-15 23:59:59.999,11549670.347251,41200,2083.3943,5613331.01505
2025-02-16 00:00:00,2693.04,2705.98,2690.11,2699.62,4707.8741,2025-02-16 00:59:59.999,12705540.786956,46498,2677.3534,7226855.944056
2025-02-16 01:00:00,2699.63,2702.35,2692.46,2700.2,3870.9668,2025-02-16 01:59:59.999,10440602.448223,43060,1957.1254,5278807.742923
2025-02-16 02:00:00,2700.19,2700.39,2687.71,2690.51,4765.0518,2025-02-16 02:59:59.999,12841373.288752,45363,1893.3553,5103032.107811
2025-02-16 03:00:00,2690.5,2698.83,2687.81,2698.73,4789.6208,2025-02-16 03:59:59.999,12898527.201285,41659,2757.5997,7427762.388407
2025-02-16 04:00:00,2698.73,2704.01,2697.61,2703.38,3579.2518,2025-02-16 04:59:59.999,9666903.337862,33680,2149.0849,5804630.85227
2025-02-16 05:00:00,2703.38,2727.31,2697.0,2709.27,10267.2599,2025-02-16 05:59:59.999,27862816.920012,64690,4747.2013,12883851.570865
2025-02-16 06:00:00,2709.17,2720.0,2707.0,2710.8,6005.1999,2025-02-16 06:59:59.999,16293298.350289,47098,2843.2439,7715719.025331
2025-02-16 07:00:00,2710.81,2710.81,2690.56,2695.59,10226.5752,2025-02-16 07:59:59.999,27609333.830472,68846,3442.6515,9292199.932529
2025-02-16 08:00:00,2695.59,2705.0,2691.99,2696.79,4817.7766,2025-02-16 08:59:59.999,12996980.826655,49444,2441.0644,6586620.305441
2025-02-16 09:00:00,2696.79,2708.0,2689.49,2704.6,7147.7516,2025-02-16 09:59:59.999,19289987.550415,61199,3931.7212,10611485.748897
2025-02-16 10:00:00,2704.6,2707.54,2693.33,2695.9,8598.0353,2025-02-16 10:59:59.999,23221733.562834,59283,2475.8606,6688350.283748
2025-02-16 11:00:00,2695.9,2713.0,2693.86,2710.99,10691.9263,2025-02-16 11:59:59.999,28922836.145516,48576,5392.4222,14585173.322715
2025-02-16 12:00:00,2710.99,2712.49,2703.99,2705.87,4646.1758,2025-02-16 12:59:59.999,12583824.002046,45652,2234.7988,6053208.564798
2025-02-16 13:00:00,2705.87,2709.8,2688.26,2692.47,9351.5626,2025-02-16 13:59:59.999,25240824.973866,70529,3600.9038,9724901.659761
2025-02-16 14:00:00,2692.47,2698.5,2676.73,2691.93,15478.9527,2025-02-16 14:59:59.999,41576822.095641,108683,6810.5331,18296105.643755
2025-02-16 15:00:00,2691.92,2701.41,2687.0,2694.2,7514.0256,2025-02-16 15:59:59.999,20251887.783512,58075,3844.4877,10363408.968412
2025-02-16 16:00:00,2694.21,2700.9,2689.73,2697.0,6077.4254,2025-02-16 16:59:59.999,16379074.838858,46420,3373.8794,9094451.721632
2025-02-16 17:00:00,2696.99,2703.46,2685.55,2688.24,7295.593,2025-02-16 17:59:59.999,19653360.136606,45738,2514.256,6775628.326538
2025-02-16 18:00:00,2688.25,2688.25,2659.1,2679.49,17733.6207,2025-02-16 18:59:59.999,47429762.605884,111160,8188.9212,21906369.430468
2025-02-16 19:00:00,2679.5,2688.0,2668.0,2683.47,7447.1445,2025-02-16 19:59:59.999,19945656.32528,75626,4039.5926,10819751.141563
2025-02-16 20:00:00,2683.46,2686.13,2669.7,2670.57,5049.2027,2025-02-16 20:59:59.999,13525829.949684,57420,2507.9151,6720029.486759
2025-02-16 21:00:00,2670.58,2689.13,2663.64,2686.89,7462.1775,2025-02-16 21:59:59.999,19968177.834298,67686,4008.2496,10728535.662558
2025-02-16 22:00:00,2686.89,2687.5,2663.99,2678.9,6321.4841,2025-02-16 22:59:59.999,16911484.903822,51105,3096.9302,8284336.276245
2025-02-16 23:00:00,2678.89,2679.27,2651.26,2661.41,17386.8767,2025-02-16 23:59:59.999,46265455.475515,102394,8504.2542,22628334.70491
2025-02-17 00:00:00,2661.41,2672.36,2658.28,2670.89,8138.8833,2025-02-17 00:59:59.999,21698896.897387,73373,4040.6895,10774647.880802
2025-02-17 01:00:00,2670.9,2683.7,2658.99,2679.99,9599.7035,2025-02-17 01:59:59.999,25632183.57989,60661,5159.4918,13773064.52682
2025-02-17 02:00:00,2679.98,2684.0,2667.26,2669.34,5919.8415,2025-02-17 02:59:59.999,15846134.203809,50220,2876.938,7701107.023441
2025-02-17 03:00:00,2669.34,2674.19,2658.0,2671.88,11048.5622,2025-02-17 03:59:59.999,29448798.403561,48826,4704.6276,12540771.502779
2025-02-17 04:00:00,2671.89,2672.0,2658.89,2662.16,14812.6024,2025-02-17 04:59:59.999,39449953.970056,63147,5331.7412,14198832.661488
2025-02-17 05:00:00,2662.16,2673.3,2637.71,2670.91,47677.5255,2025-02-17 05:59:59.999,126661379.739593,134142,20440.5379,54316345.619238
2025-02-17 06:00:00,2670.91,2688.72,2668.22,2686.28,16252.0605,2025-02-17 06:59:59.999,43577921.995602,85525,9371.6154,25127178.719477
2025-02-17 07:00:00,2686.28,2695.27,2675.6,2681.59,17166.0608,2025-02-17 07:59:59.999,46102988.141761,92208,9242.4667,24826351.895698
2025-02-17 08:00:00,2681.59,2717.5,2676.29,2714.6,29673.9057,2025-02-17 08:59:59.999,80058856.887704,154402,19082.8178,51476262.653442
2025-02-17 09:00:00,2714.59,2741.87,2712.2,2733.12,41124.993,2025-02-17 09:59:59.999,111973602.318055,206865,25936.2644,70616963.202845
2025-02-17 10:00:00,2733.12,2774.98,2731.33,2749.95,43323.1175,2025-02-17 10:59:59.999,119468547.583276,264910,22338.6745,61583606.82226
2025-02-17 11:00:00,2749.92,2764.6,2741.65,2755.2,19021.9215,2025-02-17 11:59:59.999,52302816.787254,163568,10617.8233,29198917.362265
2025-02-17 12:00:00,2755.2,2779.0,2753.99,2766.22,20568.248,2025-02-17 12:59:59.999,56902542.583557,152526,10588.1459,29293550.576434
2025-02-17 13:00:00,2766.21,2782.84,2760.0,2776.59,20441.6155,2025-02-17 13:59:59.999,56669937.505576,123829,11681.9657,32389016.505888
2025-02-17 14:00:00,2776.59,2828.7,2776.59,2826.6,71100.0215,2025-02-17 14:59:59.999,199604182.044217,357152,39328.9662,110422036.13506
2025-02-17 15:00:00,2826.59,2849.7,2746.1,2755.72,89164.7471,2025-02-17 15:59:59.999,249459326.578776,393787,43199.1111,120958909.998218
2025-02-17 16:00:00,2755.71,2765.79,2723.76,2726.0,49153.7754,2025-02-17 16:59:59.999,134704444.596218,339304,23213.3564,63630050.461599
2025-02-17 17:00:00,2726.01,2749.6,2726.0,2732.6,22784.1968,2025-02-17 17:59:59.999,62362540.108275,188367,11389.4871,31179603.45465
2025-02-17 18:00:00,2732.6,2733.07,2696.92,2700.99,34549.2842,2025-02-17 18:59:59.999,93777763.496207,258806,14746.848,40042991.375447
2025-02-17 19:00:00,2700.98,2722.0,2686.91,2717.72,17999.2362,2025-02-17 19:59:59.999,48697419.561286,182003,9397.4258,25435313.111263
2025-02-17 20:00:00,2717.72,2745.97,2716.54,2732.49,14002.3827,2025-02-17 20:59:59.999,38254835.616449,139360,6917.5001,18899742.813332
2025-02-17 21:00:00,2732.49,2778.15,2731.7,2776.59,16071.4519,2025-02-17 21:59:59.999,44293220.065131,152521,10079.2453,27774982.772462
2025-02-17 22:00:00,2776.6,2777.3,2732.65,2737.6,13214.419,2025-02-17 22:59:59.999,36423625.060786,104773,5964.7864,16440479.415801
2025-02-17 23:00:00,2737.6,2750.8,2734.41,2744.05,6931.264,2025-02-17 23:59:59.999,19016770.081183,91317,4299.849,11798511.10938
2025-02-18 00:00:00,2744.05,2756.93,2716.6,2720.99,14907.2574,2025-02-18 00:59:59.999,40727132.333133,140116,6993.6163,19107507.005775
2025-02-18 01:00:00,2720.99,2740.41,2715.6,2736.47,11291.7294,2025-02-18 01:59:59.999,30808000.453097,107030,6309.4037,17217076.934714
2025-02-18 02:00:00,2736.48,2738.96,2707.5,2713.49,17229.6884,2025-02-18 02:59:59.999,46897843.610536,117046,5890.4872,16030215.959675
2025-02-18 03:00:00,2713.49,2723.85,2709.19,2712.08,10437.4076,2025-02-18 03:59:59.999,28337170.255945,99158,3960.2312,10751249.659704
2025-02-18 04:00:00,2712.07,2718.09,2691.59,2701.89,13419.1059,2025-02-18 04:59:59.999,36259763.101785,125251,6286.547,16988434.015834
2025-02-18 05:00:00,2701.89,2706.0,2674.03,2677.63,44542.6521,2025-02-18 05:59:59.999,119793332.403964,187573,19699.3272,52975223.867847
2025-02-18 06:00:00,2677.62,2679.4,2652.17,2663.24,50423.6806,2025-02-18 06:59:59.999,134312766.761782,308332,21599.5094,57536330.059285
2025-02-18 07:00:00,2663.24,2678.94,2657.39,2672.51,36512.9929,2025-02-18 07:59:59.999,97473074.586933,212359,13402.0071,35769243.252777
2025-02-18 08:00:00,2672.51,2677.69,2653.4,2667.8,31143.8066,2025-02-18 08:59:59.999,83030073.727585,143116,12506.2918,33338300.244752
2025-02-18 09:00:00,2667.8,2697.27,2663.65,2697.27,20123.3635,2025-02-18 09:59:59.999,54008720.824383,189536,11183.7384,30017553.019523
2025-02-18 10:00:00,2697.26,2706.12,2691.78,2695.24,17576.0664,2025-02-18 10:59:59.999,47429229.386594,119667,10366.0055,27974161.524661
2025-02-18 11:00:00,2695.24,2696.42,2676.38,2679.26,19837.0087,2025-02-18 11:59:59.999,53288304.930617,94250,10502.4759,28210676.488648
2025-02-18 12:00:00,2679.26,2710.76,2677.27,2703.5,26620.8574,2025-02-18 12:59:59.999,71772022.263924,123254,16926.4265,45628749.700703
2025-02-18 13:00:00,2703.49,2704.0,2690.0,2702.99,12665.4809,2025-02-18 13:59:59.999,34171496.647829,113591,5141.6083,13874720.450101
2025-02-18 14:00:00,2702.99,2732.8,2672.6,2688.62,41425.5431,2025-02-18 14:59:59.999,111938443.229435,304857,20399.4453,55153956.790699
2025-02-18 15:00:00,2688.61,2693.8,2660.0,2673.7,33630.9951,2025-02-18 15:59:59.999,90013175.677481,306778,15905.7191,42579502.464101
2025-02-18 16:00:00,2673.7,2684.63,2630.11,2635.41,46020.1766,2025-02-18 16:59:59.999,122000758.328689,279785,21012.2157,55707763.954278
2025-02-18 17:00:00,2635.5,2649.25,2605.44,2619.76,36253.4737,2025-02-18 17:59:59.999,95180399.997304,215726,16243.2337,42639396.650866
2025-02-18 18:00:00,2619.76,2644.62,2608.74,2631.72,31275.6386,2025-02-18 18:59:59.999,82198237.879142,174373,16077.8227,42255196.142226
2025-02-18 19:00:00,2631.72,2646.69,2613.79,2630.37,25933.3753,2025-02-18 19:59:59.999,68238934.569952,148125,11780.8291,31001107.696252
2025-02-18 20:00:00,2630.38,2643.3,2618.0,2630.9,22129.8952,2025-02-18 20:59:59.999,58203050.653533,125888,10519.9903,27678843.317555
2025-02-18 21:00:00,2630.9,2658.7,2629.13,2652.78,22057.7287,2025-02-18 21:59:59.999,58405798.961632,130740,12198.9108,32299646.236136
2025-02-18 22:00:00,2652.78,2667.49,2649.01,2655.85,8803.6544,2025-02-18 22:59:59.999,23394722.718189,63244,4988.4211,13258334.72437
2025-02-18 23:00:00,2655.84,2672.4,2653.49,2671.99,10602.2952,2025-02-18 23:59:59.999,28271175.715253,68361,5614.6061,14971252.225371
2025-02-19 00:00:00,2672.0,2680.32,2666.99,2669.89,11461.6697,2025-02-19 00:59:59.999,30646674.957636,72644,6719.0618,17968616.639316
2025-02-19 01:00:00,2669.89,2671.88,2656.03,2669.88,10072.5824,2025-02-19 01:59:59.999,26821389.090457,88314,4004.9556,10664812.578163
2025-02-19 02:00:00,2669.89,2700.0,2669.49,2691.3,13221.5869,2025-02-19 02:59:59.999,35499734.68051,106357,7794.6612,20926597.148165
2025-02-19 03:00:00,2691.31,2696.89,2676.28,2694.02,13500.8713,2025-02-19 03:59:59.999,36277652.320042,78928,5542.4471,14896668.162137
2025-02-19 04:00:00,2694.02,2695.0,2666.18,2666.19,10755.9091,2025-02-19 04:59:59.999,28831193.410247,83601,3978.3259,10667419.633342
2025-02-19 05:00:00,2666.18,2696.2,2664.54,2687.21,16364.9513,2025-02-19 05:59:59.999,43835196.625271,95564,7871.9471,21089588.085641
2025-02-19 06:00:00,2687.21,2705.36,2685.83,2698.78,12354.8958,2025-02-19 06:59:59.999,33296437.514598,85282,6893.5689,18580467.12187
2025-02-19 07:00:00,2698.78,2717.34,2697.95,2708.38,16715.3006,2025-02-19 07:59:59.999,45265792.033249,115222,8856.8343,23986371.390573
2025-02-19 08:00:00,2708.39,2725.5,2706.8,2707.88,16810.2378,2025-02-19 08:59:59.999,45648284.094965,90499,8655.8779,23509475.387034
2025-02-19 09:00:00,2707.88,2729.62,2703.99,2724.22,18593.6081,2025-02-19 09:59:59.999,50551610.043598,89475,10855.3977,29512716.123898
2025-02-19 10:00:00,2724.22,2736.7,2720.49,2726.19,12444.8119,2025-02-19 10:59:59.999,33943847.853021,89228,6000.094,16368646.560907
2025-02-19 11:00:00,2726.18,2736.61,2724.04,2726.93,13936.7761,2025-02-19 11:59:59.999,38025228.346606,70730,7615.5579,20776924.255242
2025-02-19 12:00:00,2726.93,2727.64,2703.92,2704.06,12445.9164,2025-02-19 12:59:59.999,33838613.844559,75560,4328.3656,11769416.815829
2025-02-19 13:00:00,2704.06,2720.0,2704.06,2717.98,7230.1292,2025-02-19 13:59:59.999,19620988.650934,66237,3594.6324,9755758.646448
2025-02-19 14:00:00,2717.99,2731.16,2687.68,2690.9,24291.2692,2025-02-19 14:59:59.999,65829512.660382,172746,11907.7884,32298141.125481
2025-02-19 15:00:00,2690.9,2712.6,2677.51,2696.99,27784.9989,2025-02-19 15:59:59.999,74871592.733701,206508,14329.1604,38614371.524816
2025-02-19 16:00:00,2696.99,2719.86,2696.99,2711.55,10936.0457,2025-02-19 16:59:59.999,29621523.81737,122665,6116.538,16568287.38933
2025-02-19 17:00:00,2711.56,2719.66,2700.49,2710.95,12964.5181,2025-02-19 17:59:59.999,35114949.861479,86900,5270.8446,14283730.664078
2025-02-19 18:00:00,2710.95,2712.5,2696.71,2699.78,12650.8035,2025-02-19 18:59:59.999,34219435.103025,88809,4661.5882,12610451.922349
2025-02-19 19:00:00,2699.78,2724.29,2694.78,2712.03,11096.7322,2025-02-19 19:59:59.999,30071317.675979,123103,6411.0539,17373702.86341
2025-02-19 20:00:00,2712.03,2725.6,2709.01,2721.04,11396.1725,2025-02-19 20:59:59.999,30994087.161693,118824,6619.3218,18003032.174259
2025-02-19 21:00:00,2721.03,2729.87,2706.02,2710.01,11213.4871,2025-02-19 21:59:59.999,30507049.104323,89635,5800.6155,15783686.428907
2025-02-19 22:00:00,2710.01,2730.91,2708.65,2721.41,8778.221,2025-02-19 22:59:59.999,23850897.979768,67165,5126.4343,13930576.156551
2025-02-19 23:00:00,2721.41,2734.37,2713.0,2715.5,9132.5254,2025-02-19 23:59:59.999,24864176.56852,92008,4649.8042,12661701.534713
2025-02-20 00:00:00,2715.51,2733.0,2709.69,2729.0,14403.6044,2025-02-20 00:59:59.999,39202788.472984,97916,8376.8093,22807528.341286
2025-02-20 01:00:00,2728.99,2733.3,2712.7,2719.49,7711.8085,2025-02-20 01:59:59.999,20992768.548734,70861,3226.0053,8782417.253447
2025-02-20 02:00:00,2719.49,2751.5,2719.49,2741.74,18584.6971,2025-02-20 02:59:59.999,50831584.89955,92425,9103.9136,24916943.723068
2025-02-20 03:00:00,2741.74,2748.2,2732.79,2741.77,10252.9586,2025-02-20 03:59:59.999,28115713.428861,66279,4831.6187,13250613.919936
2025-02-20 04:00:00,2741.77,2758.68,2736.52,2739.14,10557.3963,2025-02-20 04:59:59.999,29006430.752513,62132,5690.0121,15633895.101414
2025-02-20 05:00:00,2739.14,2742.72,2729.03,2732.06,10264.38,2025-02-20 05:59:59.999,28076680.016173,50811,5051.2781,13818388.390619
2025-02-20 06:00:00,2732.06,2737.31,2724.05,2730.61,20892.5615,2025-02-20 06:59:59.999,57032316.246606,62416,9530.2387,26011786.052909
2025-02-20 07:00:00,2730.6,2737.6,2722.23,2730.22,8797.056,2025-02-20 07:59:59.999,24004822.365354,52083,3255.9971,8889686.185251
2025-02-20 08:00:00,2730.23,2736.24,2726.76,2733.04,9364.781,2025-02-20 08:59:59.999,25589077.807508,51827,5205.6544,14226186.311937
2025-02-20 09:00:00,2733.05,2734.07,2725.28,2725.86,7335.3833,2025-02-20 09:59:59.999,20023074.773933,42803,3351.0486,9147979.352144
2025-02-20 10:00:00,2725.86,2745.85,2725.67,2745.51,8136.5874,2025-02-20 10:59:59.999,22275862.618724,51793,4188.7649,11467704.511269
2025-02-20 11:00:00,2745.5,2746.99,2735.81,2740.71,8490.8537,2025-02-20 11:59:59.999,23278426.648256,50862,4545.0174,12461451.680803
2025-02-20 12:00:00,2740.7,2746.43,2738.08,2742.1,9171.5514,2025-02-20 12:59:59.999,25157019.115676,56549,4465.1512,12248132.019786
2025-02-20 13:00:00,2742.1,2754.19,2733.49,2745.91,17915.8085,2025-02-20 13:59:59.999,49150214.949431,78954,10806.2613,29648969.619334
2025-02-20 14:00:00,2745.9,2770.59,2726.0,2729.19,39186.8123,2025-02-20 14:59:59.999,107882517.285866,221340,20649.9138,56882369.256024
2025-02-20 15:00:00,2729.2,2738.36,2707.33,2712.6,29985.3577,2025-02-20 15:59:59.999,81721206.591988,200476,12603.5079,34362892.658111
2025-02-20 16:00:00,2712.6,2730.99,2707.18,2713.36,26887.3671,2025-02-20 16:59:59.999,73150693.818788,164786,14162.5414,38530990.420439
2025-02-20 17:00:00,2713.36,2737.69,2711.35,2735.37,11212.2878,2025-02-20 17:59:59.999,30579947.668278,95013,6986.3995,19055115.058808
2025-02-20 18:00:00,2735.37,2750.94,2731.59,2737.7,17582.729,2025-02-20 18:59:59.999,48186100.457442,113282,8066.5141,22108982.082103
2025-02-20 19:00:00,2737.7,2767.93,2735.75,2747.77,17117.9046,2025-02-20 19:59:59.999,47123807.478972,119358,9223.1913,25393790.880071
2025-02-20 20:00:00,2747.77,2761.06,2744.92,2749.69,9648.3213,2025-02-20 20:59:59.999,26549160.425267,89754,4930.1185,13566273.435328
2025-02-20 21:00:00,2749.7,2751.69,2722.2,2726.0,9534.3623,2025-02-20 21:59:59.999,26086125.301239,83769,4297.5081,11759670.666636
2025-02-20 22:00:00,2726.0,2737.96,2725.0,2728.55,5963.2852,2025-02-20 22:59:59.999,16280024.820946,49123,3456.7711,9436183.555892
2025-02-20 23:00:00,2728.54,2746.8,2727.66,2738.04,7737.3994,2025-02-20 23:59:59.999,21180074.861848,71451,4511.4303,12348258.724621
2025-02-21 00:00:00,2738.04,2745.87,2730.0,2735.33,7286.9519,2025-02-21 00:59:59.999,19959181.538527,75207,3318.167,9089162.497394
2025-02-21 01:00:00,2735.33,2745.5,2726.0,2741.21,6033.6259,2025-02-21 01:59:59.999,16504597.74133,73102,3044.6698,8329298.134697
2025-02-21 02:00:00,2741.22,2745.73,2733.73,2736.57,8724.1226,2025-02-21 02:59:59.999,23900207.157593,68318,4181.6741,11456792.655487
2025-02-21 03:00:00,2736.57,2749.49,2733.83,2744.2,10210.9237,2025-02-21 03:59:59.999,28001226.095515,54525,5489.2832,15052492.809123
2025-02-21 04:00:00,2744.2,2754.24,2744.19,2751.27,8571.0945,2025-02-21 04:59:59.999,23560871.7957,57960,4364.6961,11998279.347162
2025-02-21 05:00:00,2751.27,2758.5,2745.78,2755.99,7309.7851,2025-02-21 05:59:59.999,20118086.368816,68524,3322.6707,9146807.357599
2025-02-21 06:00:00,2755.99,2762.5,2752.4,2761.21,13429.7884,2025-02-21 06:59:59.999,37040298.91879,70262,7184.4613,19816062.620085
2025-02-21 07:00:00,2761.2,2769.56,2754.18,2756.32,14774.3418,2025-02-21 07:59:59.999,40809783.634144,76802,7515.1364,20757911.025646
2025-02-21 08:00:00,2756.31,2761.1,2747.74,2751.0,9532.1148,2025-02-21 08:59:59.999,26248372.426895,74213,4369.3718,12032882.151787
2025-02-21 09:00:00,2751.01,2831.71,2749.9,2782.31,59969.7172,2025-02-21 09:59:59.999,167653459.863756,280273,30742.0188,85922102.401549
2025-02-21 10:00:00,2782.3,2808.0,2781.24,2801.02,19439.6053,2025-02-21 10:59:59.999,54389246.848942,117395,9911.5266,27725551.017664
2025-02-21 11:00:00,2801.01,2805.99,2786.0,2788.73,12885.0984,2025-02-21 11:59:59.999,36031491.813165,107078,5492.6491,15359123.827555
2025-02-21 12:00:00,2788.73,2806.97,2788.44,2806.57,13108.4431,2025-02-21 12:59:59.999,36685133.389759,98611,7637.7963,21376324.343614
2025-02-21 13:00:00,2806.57,2845.32,2802.1,2836.32,42172.2878,2025-02-21 13:59:59.999,119294259.336174,240238,24788.9502,70102509.94054
2025-02-21 14:00:00,2836.32,2838.4,2778.0,2807.0,44205.7673,2025-02-21 14:59:59.999,123988020.069481,266491,20203.4228,56655398.20508
2025-02-21 15:00:00,2806.99,2831.8,2675.02,2723.31,174260.0991,2025-02-21 15:59:59.999,478999173.236902,545883,82505.6177,226911044.235646
2025-02-21 16:00:00,2723.3,2769.88,2691.2,2736.78,104340.0699,2025-02-21 16:59:59.999,285520959.220197,330179,50816.6107,139039689.567732
2025-02-21 17:00:00,2736.72,2742.2,2653.57,2672.65,104879.4313,2025-02-21 17:59:59.999,281574954.054045,293581,44551.0894,119613634.506129
2025-02-21 18:00:00,2672.65,2691.72,2662.01,2679.22,55631.9708,2025-02-21 18:59:59.999,149055030.18148,202888,23787.4808,63735716.047153
2025-02-21 19:00:00,2679.23,2686.28,2625.94,2640.19,63803.7634,2025-02-21 19:59:59.999,169547098.480084,246537,27565.5683,73251470.013411
2025-02-21 20:00:00,2640.2,2661.69,2628.01,2633.6,35949.6208,2025-02-21 20:59:59.999,95120643.63229,193310,18450.2667,48836947.8862
2025-02-21 21:00:00,2633.61,2646.8,2616.72,2642.6,30934.7337,2025-02-21 21:59:59.999,81429649.333301,146398,15883.0908,41819360.048064
2025-02-21 22:00:00,2642.6,2663.57,2634.07,2643.54,22426.9328,2025-02-21 22:59:59.999,59333481.77134,85777,10957.4717,28996137.608937
2025-02-21 23:00:00,2643.54,2664.0,2635.0,2663.0,20559.7708,2025-02-21 23:59:59.999,54541408.269008,98649,12796.0442,33957051.166539
2025-02-22 00:00:00,2663.0,2683.08,2653.33,2678.76,29538.3447,2025-02-22 00:59:59.999,78829178.490182,152927,19563.3753,52214188.666669
2025-02-22 01:00:00,2678.75,2688.97,2676.2,2684.05,29943.9796,2025-02-22 01:59:59.999,80336810.315159,133421,20248.5044,54324986.8583
2025-02-22 02:00:00,2684.05,2685.43,2666.0,2682.74,17130.713,2025-02-22 02:59:59.999,45872931.075356,102107,9453.4323,25313665.327987
2025-02-22 03:00:00,2682.75,2683.2,2666.87,2675.37,12013.3559,2025-02-22 03:59:59.999,32144311.757128,90158,5067.6385,13558217.16092
2025-02-22 04:00:00,2675.37,2685.6,2673.0,2681.23,8738.5373,2025-02-22 04:59:59.999,23426227.999835,87144,4189.6858,11229554.321396
2025-02-22 05:00:00,2681.24,2695.43,2675.66,2690.68,9286.7076,2025-02-22 05:59:59.999,24935442.476161,79014,5747.3174,15433351.395411
2025-02-22 06:00:00,2690.69,2695.73,2684.3,2684.79,8171.9144,2025-02-22 06:59:59.999,21967610.34388,62299,4581.9162,12315969.8263
2025-02-22 07:00:00,2684.8,2697.1,2684.31,2684.56,9060.8003,2025-02-22 07:59:59.999,24379242.695686,61510,5800.6477,15607532.025604
2025-02-22 08:00:00,2684.55,2694.22,2676.8,2691.0,10951.18,2025-02-22 08:59:59.999,29409783.91875,90439,5953.4283,15991654.402079
2025-02-22 09:00:00,2691.01,2718.0,2691.01,2715.02,51916.2589,2025-02-22 09:59:59.999,140638578.636407,147825,32754.5181,88722040.068901
2025-02-22 10:00:00,2715.02,2753.59,2712.5,2733.5,59158.8622,2025-02-22 10:59:59.999,161991483.775945,202197,36155.0584,98979497.809709
2025-02-22 11:00:00,2733.5,2743.44,2730.13,2732.99,14871.6761,2025-02-22 11:59:59.999,40688687.364212,78737,7409.8561,20273803.149327
2025-02-22 12:00:00,2733.0,2742.81,2725.71,2739.13,12549.3595,2025-02-22 12:59:59.999,34330013.658717,90156,6031.928,16502407.441986
2025-02-22 13:00:00,2739.14,2744.58,2722.15,2722.71,10914.0633,2025-02-22 13:59:59.999,29806698.741988,96310,4244.7161,11592357.973478
2025-02-22 14:00:00,2722.71,2742.19,2722.71,2737.23,13727.223,2025-02-22 14:59:59.999,37564119.119828,109869,5941.9852,16259151.844853
2025-02-22 15:00:00,2737.23,2785.91,2737.22,2775.68,27792.8912,2025-02-22 15:59:59.999,76709880.072087,167658,15685.3633,43316496.788949
2025-02-22 16:00:00,2775.67,2797.48,2771.57,2774.5,40569.7097,2025-02-22 16:59:59.999,112884930.747096,255854,20513.2392,57079347.59268
2025-02-22 17:00:00,2774.51,2798.07,2772.86,2785.08,17253.9606,2025-02-22 17:59:59.999,48083370.187252,136844,8577.2111,23904750.935437
2025-02-22 18:00:00,2785.09,2789.8,2756.37,2762.99,20852.5497,2025-02-22 18:59:59.999,57833861.623296,128503,10597.1094,29386050.986908
2025-02-22 19:00:00,2762.99,2771.48,2761.59,2770.09,10364.7475,2025-02-22 19:59:59.999,28670257.400194,82026,4664.2521,12902805.151324
2025-02-22 20:00:00,2770.1,2775.72,2759.39,2770.68,11349.9766,2025-02-22 20:59:59.999,31415317.845323,71213,4990.2026,13813207.874843
2025-02-22 21:00:00,2770.69,2778.14,2761.05,2765.97,7861.928,2025-02-22 21:59:59.999,21770010.66732,72827,4219.4152,11684952.100217
2025-02-22 22:00:00,2765.97,2774.88,2764.99,2767.59,5159.4211,2025-02-22 22:59:59.999,14291119.500049,47173,2881.5738,7981791.638591
2025-02-22 23:00:00,2767.59,2771.1,2761.06,2763.22,5811.5067,2025-02-22 23:59:59.999,16079643.488084,50957,3115.4027,8620511.232127
2025-02-23 00:00:00,2763.23,2773.0,2753.77,2771.51,11335.3292,2025-02-23 00:59:59.999,31301727.408156,88697,4749.8389,13115978.08571
2025-02-23 01:00:00,2771.52,2775.88,2758.06,2764.49,7754.0782,2025-02-23 01:59:59.999,21450210.230698,70547,3562.2791,9853107.148584
2025-02-23 02:00:00,2764.5,2766.4,2748.2,2750.22,8994.8091,2025-02-23 02:59:59.999,24797662.136917,64896,3758.9495,10365565.445922
2025-02-23 03:00:00,2750.22,2759.15,2745.41,2752.77,11698.5977,2025-02-23 03:59:59.999,32196499.062268,83630,5820.7596,16021120.884018
2025-02-23 04:00:00,2752.76,2765.1,2746.17,2763.15,9946.4003,2025-02-23 04:59:59.999,27409475.462199,71216,6043.3297,16658249.253853
2025-02-23 05:00:00,2763.15,2789.51,2760.85,2781.96,30252.6899,2025-02-23 05:59:59.999,83996574.661886,134056,18523.3653,51419995.204106
2025-02-23 06:00:00,2781.96,2797.65,2777.11,2794.5,18861.0878,2025-02-23 06:59:59.999,52603455.734605,107377,10750.883,29987879.335796
2025-02-23 07:00:00,2794.5,2829.98,2790.43,2825.2,49568.8756,2025-02-23 07:59:59.999,139545453.27839,211458,31542.2176,88778141.609295
2025-02-23 08:00:00,2825.2,2831.58,2800.57,2806.39,39096.1406,2025-02-23 08:59:59.999,110079706.174754,138988,17764.9249,50032065.961696
2025-02-23 09:00:00,2806.39,2811.9,2794.27,2807.7,14132.3628,2025-02-23 09:59:59.999,39615774.228253,90920,6758.9838,18950366.465599
2025-02-23 10:00:00,2807.7,2812.93,2797.0,2806.3,19028.0095,2025-02-23 10:59:59.999,53412829.937987,86828,8240.1914,23132923.165503
2025-02-23 11:00:00,2806.3,2809.4,2783.2,2797.48,26603.5912,2025-02-23 11:59:59.999,74497687.370189,103158,11637.4912,32593046.987905
2025-02-23 12:00:00,2797.48,2805.36,2782.3,2789.99,29818.1036,2025-02-23 12:59:59.999,83233136.389351,137741,13152.5579,36714706.976762
2025-02-23 13:00:00,2789.99,2827.0,2789.49,2812.56,55083.6238,2025-02-23 13:59:59.999,154829944.917856,190732,28568.4771,80282283.231519
2025-02-23 14:00:00,2812.57,2816.3,2785.42,2791.04,37698.6182,2025-02-23 14:59:59.999,105417745.372052,158242,15754.2741,44046904.034197
2025-02-23 15:00:00,2791.05,2805.78,2773.48,2783.0,33159.4946,2025-02-23 15:59:59.999,92521501.904876,171840,16464.0148,45946750.793478
2025-02-23 16:00:00,2783.0,2816.67,2782.38,2806.18,37499.2301,2025-02-23 16:59:59.999,105136048.254145,178018,21689.088,60809304.902672
2025-02-23 17:00:00,2806.18,2823.85,2800.94,2814.5,43279.0493,2025-02-23 17:59:59.999,121735857.672244,120480,29427.1784,82778926.414963
2025-02-23 18:00:00,2814.5,2824.0,2804.54,2808.89,22871.3313,2025-02-23 18:59:59.999,64422307.631491,102437,11995.6625,33805465.426361
2025-02-23 19:00:00,2808.89,2815.56,2805.55,2807.97,13976.4282,2025-02-23 19:59:59.999,39289070.160098,61531,8127.712,22848462.908642
2025-02-23 20:00:00,2807.97,2807.97,2794.0,2806.56,11625.009,2025-02-23 20:59:59.999,32548654.065455,62251,4800.6298,13444337.588388
2025-02-23 21:00:00,2806.56,2810.95,2798.04,2807.8,5924.7386,2025-02-23 21:59:59.999,16612328.05609,48711,3086.1694,8654259.103283
2025-02-23 22:00:00,2807.79,2811.52,2784.01,2803.53,20633.003,2025-02-23 22:59:59.999,57693567.306609,67589,8562.6531,23942863.79328
2025-02-23 23:00:00,2803.53,2857.34,2802.53,2819.69,52161.5206,2025-02-23 23:59:59.999,147502648.402477,245163,30843.7066,87224947.363461
2025-02-24 00:00:00,2819.7,2839.95,2804.13,2805.49,24473.1087,2025-02-24 00:59:59.999,69066236.497575,197123,11633.3497,32842133.699757
2025-02-24 01:00:00,2805.49,2811.99,2783.82,2790.99,31841.2613,2025-02-24 01:59:59.999,88990315.748971,166459,11603.1392,32435884.961954
2025-02-24 02:00:00,2790.99,2796.57,2774.15,2777.38,24438.0532,2025-02-24 02:59:59.999,68023513.6979,138936,10374.0747,28880427.975433
2025-02-24 03:00:00,2777.39,2777.39,2711.8,2718.08,51637.141,2025-02-24 03:59:59.999,141562978.105498,298756,22879.9946,62700775.373507
2025-02-24 04:00:00,2718.08,2725.3,2691.49,2700.48,56890.628,2025-02-24 04:59:59.999,153999611.741123,267716,22965.6068,62195230.877465
2025-02-24 05:00:00,2700.48,2732.93,2694.4,2731.64,23759.9973,2025-02-24 05:59:59.999,64539264.420642,159240,13004.7897,35329502.866527
2025-02-24 06:00:00,2731.64,2735.2,2715.23,2731.0,19078.1172,2025-02-24 06:59:59.999,52006725.502798,103632,12103.8161,32994666.025934
2025-02-24 07:00:00,2731.0,2735.78,2717.15,2722.01,22233.2801,2025-02-24 07:59:59.999,60603533.833624,100073,11960.4118,32611353.478107
2025-02-24 08:00:00,2722.02,2722.4,2678.26,2681.6,38043.2896,2025-02-24 08:59:59.999,102525810.731389,217672,16525.9918,44542507.220017
2025-02-24 09:00:00,2681.6,2712.5,2680.41,2696.75,18444.308,2025-02-24 09:59:59.999,49788740.261345,128379,8379.7073,22621985.219151
2025-02-24 10:00:00,2696.75,2697.7,2663.03,2684.41,30035.3531,2025-02-24 10:59:59.999,80426106.560823,177171,13112.7781,35116239.063048
2025-02-24 11:00:00,2684.41,2691.13,2672.0,2689.99,17813.9,2025-02-24 11:59:59.999,47810083.301752,105962,10071.3307,27032663.481092
2025-02-24 12:00:00,2690.0,2691.61,2675.62,2679.21,18744.6302,2025-02-24 12:59:59.999,50292813.69851,92975,8709.3627,23366881.875817
2025-02-24 13:00:00,2679.2,2696.63,2664.5,2674.46,23953.9649,2025-02-24 13:59:59.999,64223026.036505,150934,11115.8161,29812215.982075
2025-02-24 14:00:00,2674.47,2688.0,2650.0,2656.71,45640.446,2025-02-24 14:59:59.999,121767000.586441,235143,19130.5633,51053156.621879
2025-02-24 15:00:00,2656.72,2678.91,2636.33,2658.77,58552.4141,2025-02-24 15:59:59.999,155496815.960894,302893,27264.2635,72437349.85613
2025-02-24 16:00:00,2658.77,2675.9,2652.5,2661.49,28176.1663,2025-02-24 16:59:59.999,75109919.401842,174621,13348.2518,35595146.441912
2025-02-24 17:00:00,2661.49,2682.42,2655.2,2664.41,31476.4037,2025-02-24 17:59:59.999,84006554.681512,160465,18865.1087,50351007.019453
2025-02-24 18:00:00,2664.42,2670.8,2647.49,2650.49,17354.9012,2025-02-24 18:59:59.999,46120176.684187,128863,9191.2433,24429221.840268
2025-02-24 19:00:00,2650.49,2661.06,2623.12,2641.26,35919.9656,2025-02-24 19:59:59.999,94859408.201808,209380,14442.8991,38151294.293986
2025-02-24 20:00:00,2641.3,2663.9,2637.6,2643.0,19085.569,2025-02-24 20:59:59.999,50625509.50642,159486,9243.7834,24523978.570412
2025-02-24 21:00:00,2643.0,2658.66,2627.13,2636.79,17215.8957,2025-02-24 21:59:59.999,45486850.494796,155850,7324.0327,19355639.647491
2025-02-24 22:00:00,2636.8,2638.18,2500.0,2508.2,142320.7682,2025-02-24 22:59:59.999,366156178.56712896,536766,68477.1644,176234049.411057
2025-02-24 23:00:00,2508.21,2547.57,2470.33,2513.52,79746.8083,2025-02-24 23:59:59.999,201084974.438471,369408,39848.1863,100489216.960629
2025-02-25 00:00:00,2513.52,2530.6,2458.27,2499.1,95762.747,2025-02-25 00:59:59.999,239240825.568167,525703,49151.239,122844074.237426
2025-02-25 01:00:00,2499.1,2513.2,2470.5,2494.91,52455.8318,2025-02-25 01:59:59.999,130876942.149387,404551,25389.1011,63345556.220052
2025-02-25 02:00:00,2494.91,2524.34,2475.0,2513.54,36973.2799,2025-02-25 02:59:59.999,92396887.699266,299751,18404.5409,46012975.891147
2025-02-25 03:00:00,2513.55,2517.59,2486.67,2495.21,25973.5114,2025-02-25 03:59:59.999,64951632.960664,220338,12317.7607,30809449.712985
2025-02-25 04:00:00,2495.22,2505.1,2479.4,2491.79,36228.698,2025-02-25 04:59:59.999,90309584.858502,289513,19125.3713,47681116.83192
2025-02-25 05:00:00,2491.8,2512.9,2483.3,2506.05,27024.3942,2025-02-25 05:59:59.999,67632065.374155,219477,14516.5111,36335278.623097
2025-02-25 06:00:00,2506.06,2509.29,2479.4,2480.71,23312.6961,2025-02-25 06:59:59.999,58124673.411838,198517,10611.0079,26462180.384201
2025-02-25 07:00:00,2480.72,2485.0,2313.49,2368.11,289525.8319,2025-02-25 07:59:59.999,689894437.4803289,782143,142274.3597,338843933.550213
2025-02-25 08:00:00,2368.12,2417.33,2357.9,2396.99,79161.8977,2025-02-25 08:59:59.999,189675571.653368,350443,40262.3215,96450171.169483
2025-02-25 09:00:00,2397.0,2409.66,2378.01,2383.54,49302.8716,2025-02-25 09:59:59.999,117984265.393623,267755,22131.6486,52977635.900062
2025-02-25 10:00:00,2383.53,2411.8,2357.05,2394.99,75899.0053,2025-02-25 10:59:59.999,181205572.932325,419608,37477.2125,89521165.482623
2025-02-25 11:00:00,2395.0,2439.5,2368.88,2433.69,50960.0452,2025-02-25 11:59:59.999,122138716.422019,320870,27358.6696,65630132.770179
2025-02-25 12:00:00,2433.7,2448.95,2419.56,2437.39,38361.9405,2025-02-25 12:59:59.999,93320072.506459,249474,18126.5491,44094743.11016
2025-02-25 13:00:00,2437.4,2443.51,2412.03,2412.76,32818.9492,2025-02-25 13:59:59.999,79542459.867364,202255,15046.8315,36464375.34764
2025-02-25 14:00:00,2412.77,2429.3,2365.0,2379.02,64085.1793,2025-02-25 14:59:59.999,153547029.898374,312448,29338.4374,70330506.735921
2025-02-25 15:00:00,2379.02,2427.67,2361.89,2409.8,114805.2902,2025-02-25 15:59:59.999,274092018.486433,464639,60039.1622,143379180.29619
2025-02-25 16:00:00,2409.8,2435.39,2383.4,2417.57,48770.0752,2025-02-25 16:59:59.999,117374927.040922,299930,25593.543,61613191.814551
2025-02-25 17:00:00,2417.57,2443.0,2411.23,2421.19,29275.4379,2025-02-25 17:59:59.999,70984260.717052,221464,13507.2177,32758305.391219
2025-02-25 18:00:00,2421.2,2435.9,2404.04,2424.35,21740.3768,2025-02-25 18:59:59.999,52601008.196658,207926,10821.7057,26188333.289609
2025-02-25 19:00:00,2424.35,2473.59,2411.78,2471.91,35959.64,2025-02-25 19:59:59.999,87888399.882773,236241,17036.9254,41622588.351958
2025-02-25 20:00:00,2471.9,2516.87,2457.59,2493.37,42760.9787,2025-02-25 20:59:59.999,106511233.146396,242510,22162.6818,55205996.974047
2025-02-25 21:00:00,2493.36,2514.91,2481.65,2513.83,18768.2929,2025-02-25 21:59:59.999,46864073.045307,123519,9799.8181,24477511.008341
2025-02-25 22:00:00,2513.78,2533.49,2499.09,2510.95,19429.6057,2025-02-25 22:59:59.999,48873535.417394,113383,9001.5887,22637838.754962
2025-02-25 23:00:00,2510.92,2522.24,2494.17,2495.7,12660.2953,2025-02-25 23:59:59.999,31745920.673688,104187,5930.0125,14876784.523773
2025-02-26 00:00:00,2495.69,2499.67,2471.8,2475.1,15213.5094,2025-02-26 00:59:59.999,37780468.535471,124906,6080.0621,15099577.598439
2025-02-26 01:00:00,2475.1,2492.06,2475.0,2486.34,14686.1517,2025-02-26 01:59:59.999,36463338.878764,121538,6835.5842,16971879.764389
2025-02-26 02:00:00,2486.34,2504.68,2476.85,2498.51,15698.2422,2025-02-26 02:59:59.999,39082534.009592,144980,7065.7122,17595346.012163
2025-02-26 03:00:00,2498.5,2507.5,2488.4,2490.6,17371.5696,2025-02-26 03:59:59.999,43413846.338999,137210,6960.0168,17396126.121847
2025-02-26 04:00:00,2490.61,2501.5,2486.8,2489.7,12792.0843,2025-02-26 04:59:59.999,31900648.138354,100595,5385.4421,13432206.648328
2025-02-26 05:00:00,2489.73,2495.6,2475.37,2475.48,13025.1298,2025-02-26 05:59:59.999,32379178.308836,102036,5050.1667,12555163.798184
2025-02-26 06:00:00,2475.49,2501.66,2475.2,2500.89,16853.5666,2025-02-26 06:59:59.999,41967550.776573,118832,9108.5102,22681599.186178
2025-02-26 07:00:00,2500.9,2506.4,2476.85,2483.81,21481.1933,2025-02-26 07:59:59.999,53541310.44228,133989,9161.148,22845263.687147
2025-02-26 08:00:00,2483.81,2487.99,2457.77,2464.39,25113.6994,2025-02-26 08:59:59.999,61955509.778529,177602,12401.2329,30591451.769239
2025-02-26 09:00:00,2464.39,2494.61,2463.0,2490.25,21418.4172,2025-02-26 09:59:59.999,53091342.932757,148690,12648.7991,31343903.604123
2025-02-26 10:00:00,2490.25,2495.79,2478.61,2494.02,28427.3436,2025-02-26 10:59:59.999,70679209.734559,89115,17720.3627,44059254.858507
2025-02-26 11:00:00,2494.02,2496.25,2463.14,2464.79,18806.8753,2025-02-26 11:59:59.999,46598509.191841,114269,7665.0191,18998334.583168
2025-02-26 12:00:00,2464.8,2466.81,2423.48,2433.11,30642.2428,2025-02-26 12:59:59.999,74974109.377872,222224,13801.7459,33756636.185464
2025-02-26 13:00:00,2433.1,2440.4,2410.28,2416.8,23187.4871,2025-02-26 13:59:59.999,56332529.766158,218801,10384.1389,25229811.868803
2025-02-26 14:00:00,2416.79,2436.8,2370.0,2435.88,72467.6933,2025-02-26 14:59:59.999,173802823.296453,450362,34606.9332,83015949.563883
2025-02-26 15:00:00,2435.89,2461.95,2424.5,2428.47,40059.5142,2025-02-26 15:59:59.999,97839925.838298,302426,21385.9253,52244498.591945
2025-02-26 16:00:00,2428.5,2434.2,2385.16,2398.69,38565.7749,2025-02-26 16:59:59.999,92735801.63594,298085,17530.9036,42151707.030402
2025-02-26 17:00:00,2398.69,2407.62,2355.5,2367.01,37583.6297,2025-02-26 17:59:59.999,89526058.574587,267961,14729.3,35079819.975022
2025-02-26 18:00:00,2367.01,2383.2,2266.1,2293.23,133353.8793,2025-02-26 18:59:59.999,308627741.506082,567508,57668.782,133511994.540027
2025-02-26 19:00:00,2293.21,2318.7,2276.78,2296.29,68848.9077,2025-02-26 19:59:59.999,158123106.623439,390510,34360.4467,78925922.212481
2025-02-26 20:00:00,2296.3,2340.33,2253.77,2339.77,89466.5654,2025-02-26 20:59:59.999,205346411.579803,459060,43458.1521,99800996.833701
2025-02-26 21:00:00,2339.76,2354.96,2301.62,2343.92,52007.5149,2025-02-26 21:59:59.999,121097319.182052,354319,27005.0931,62899204.936266
2025-02-26 22:00:00,2343.93,2383.37,2341.76,2349.0,35547.4717,2025-02-26 22:59:59.999,84065526.296367,230230,17893.2843,42326233.384782
2025-02-26 23:00:00,2348.99,2360.97,2324.97,2336.37,20468.7499,2025-02-26 23:59:59.999,47835486.307167,220724,9702.1948,22672493.667067
2025-02-27 00:00:00,2336.38,2349.3,2319.99,2337.88,23013.092,2025-02-27 00:59:59.999,53789158.685118,279917,11380.4334,26605364.103578
2025-02-27 01:00:00,2337.89,2365.08,2315.85,2344.51,26353.8219,2025-02-27 01:59:59.999,61786793.30929,276809,13280.7651,31150671.369812
2025-02-27 02:00:00,2344.51,2370.9,2328.34,2334.79,21620.0372,2025-02-27 02:59:59.999,50753356.348897,230741,10589.8918,24863180.099914
2025-02-27 03:00:00,2334.79,2347.43,2323.47,2332.11,20004.6295,2025-02-27 03:59:59.999,46726112.67842,157649,9537.9461,22279536.068246
2025-02-27 04:00:00,2332.11,2342.17,2303.22,2311.5,34761.136,2025-02-27 04:59:59.999,80477833.052612,179514,14520.9066,33611916.224286
2025-02-27 05:00:00,2311.49,2345.47,2307.71,2341.57,25707.9738,2025-02-27 05:59:59.999,59832476.777087,151150,11501.9723,26770571.817119
2025-02-27 06:00:00,2341.57,2366.77,2333.79,2348.83,28937.3206,2025-02-27 06:59:59.999,68037356.71055,158175,11354.9815,26685801.725691
2025-02-27 07:00:00,2348.84,2373.2,2346.71,2356.13,22416.9926,2025-02-27 07:59:59.999,52889284.590634,133435,11410.6871,26925726.572442
2025-02-27 08:00:00,2356.13,2361.27,2343.41,2352.26,14817.8078,2025-02-27 08:59:59.999,34871479.903284,115129,5486.9998,12912171.744994
2025-02-27 09:00:00,2352.26,2366.79,2346.43,2359.23,17681.2522,2025-02-27 09:59:59.999,41693769.302536,119575,7833.3427,18476919.760045
2025-02-27 10:00:00,2359.23,2378.85,2356.0,2378.17,21805.0594,2025-02-27 10:59:59.999,51661893.315187,100964,9905.2709,23470527.332361
2025-02-27 11:00:00,2378.17,2381.6,2347.12,2353.82,23538.6224,2025-02-27 11:59:59.999,55646195.485349,121266,9255.1967,21887819.97372
2025-02-27 12:00:00,2353.83,2361.5,2341.03,2347.09,17606.194,2025-02-27 12:59:59.999,41387363.58983,114725,7908.9221,18594039.488678
2025-02-27 13:00:00,2347.08,2362.35,2327.37,2336.89,28968.7703,2025-02-27 13:59:59.999,67944523.55149,161821,13494.7248,31660757.361425
2025-02-27 14:00:00,2336.88,2356.0,2305.11,2308.6,39943.4142,2025-02-27 14:59:59.999,93107990.532457,202745,17585.7678,41004762.279418
2025-02-27 15:00:00,2308.54,2336.41,2290.78,2323.31,43451.6863,2025-02-27 15:59:59.999,100700786.921354,200381,21304.0287,49389507.410904
2025-02-27 16:00:00,2323.31,2337.5,2292.16,2295.89,30725.3257,2025-02-27 16:59:59.999,71164330.828134,146577,13582.6452,31468264.885551
2025-02-27 17:00:00,2295.9,2326.7,2293.2,2322.18,26428.5176,2025-02-27 17:59:59.999,61166995.079117,142460,12634.6201,29234329.212241
2025-02-27 18:00:00,2322.19,2333.7,2319.68,2326.99,18797.0593,2025-02-27 18:59:59.999,43731508.879473,113192,9228.4939,21472339.687567
2025-02-27 19:00:00,2327.0,2327.69,2278.79,2292.41,29576.1768,2025-02-27 19:59:59.999,67977541.887583,171005,13242.7971,30434632.217443
2025-02-27 20:00:00,2292.41,2294.48,2240.94,2256.45,49633.2392,2025-02-27 20:59:59.999,112365492.463663,243169,22776.7537,51593642.424482
2025-02-27 21:00:00,2256.44,2284.52,2230.57,2282.77,36535.1938,2025-02-27 21:59:59.999,82454873.195459,195313,19621.5769,44292947.507592
2025-02-27 22:00:00,2282.77,2293.48,2265.33,2291.9,14361.9962,2025-02-27 22:59:59.999,32683744.457715,80471,7940.5693,18068862.212572
2025-02-27 23:00:00,2291.89,2311.52,2282.71,2307.72,20898.5918,2025-02-27 23:59:59.999,47998462.995407,110720,12357.6218,28375708.95881
2025-02-28 00:00:00,2307.72,2314.18,2294.61,2294.8,18954.3907,2025-02-28 00:59:59.999,43687978.912115,110698,7690.0406,17729828.424202
2025-02-28 01:00:00,2294.8,2300.5,2182.39,2193.56,154994.7808,2025-02-28 01:59:59.999,344261063.622183,527714,65669.0432,145866940.374797
2025-02-28 02:00:00,2193.6,2226.21,2123.63,2167.86,177709.7065,2025-02-28 02:59:59.999,385087682.334358,599270,79577.1735,172530601.377773
2025-02-28 03:00:00,2167.86,2195.26,2137.28,2147.49,59070.1586,2025-02-28 03:59:59.999,127979506.554361,284473,27554.2651,59704719.518895
2025-02-28 04:00:00,2147.49,2156.0,2094.94,2136.71,112670.9781,2025-02-28 04:59:59.999,238941602.379928,462408,53143.7499,112821655.654651
2025-02-28 05:00:00,2136.7,2140.73,2100.0,2131.5,59674.5531,2025-02-28 05:59:59.999,126498506.764634,312442,26947.7577,57144835.671795
2025-02-28 06:00:00,2131.5,2142.95,2076.26,2109.15,73412.1625,2025-02-28 06:59:59.999,154807216.85959,345192,35781.5304,75474886.069892
2025-02-28 07:00:00,2109.14,2135.6,2088.86,2106.2,58815.0726,2025-02-28 07:59:59.999,124135514.512275,274772,32676.184,68952785.712897
2025-02-28 08:00:00,2106.21,2124.56,2076.26,2120.21,69475.0815,2025-02-28 08:59:59.999,146039704.908115,338038,35868.6775,75408889.693378
2025-02-28 09:00:00,2120.2,2151.94,2115.09,2143.63,45926.4129,2025-02-28 09:59:59.999,98106270.963567,218124,23241.0682,49653962.310964
2025-02-28 10:00:00,2143.63,2146.5,2112.35,2117.09,25167.0352,2025-02-28 10:59:59.999,53541825.04425,130508,12987.2147,27633391.430346
2025-02-28 11:00:00,2117.08,2142.7,2116.8,2125.8,23654.4848,2025-02-28 11:59:59.999,50410514.192396,115011,12989.5858,27686526.663701
2025-02-28 12:00:00,2125.8,2139.72,2105.38,2120.44,46540.8902,2025-02-28 12:59:59.999,98669837.154604,144015,21338.0107,45234440.754814
2025-02-28 13:00:00,2120.44,2164.99,2116.69,2151.71,70447.8304,2025-02-28 13:59:59.999,151125237.831055,278136,38627.2207,82870600.985061
2025-02-28 14:00:00,2151.71,2190.1,2138.7,2166.41,60546.3807,2025-02-28 14:59:59.999,131171354.266837,342497,30545.3926,66178057.303516
2025-02-28 15:00:00,2166.41,2228.64,2164.0,2223.01,56786.2006,2025-02-28 15:59:59.999,125301404.514022,252859,30752.7499,67840843.318984
2025-02-28 16:00:00,2223.0,2246.3,2206.53,2222.51,37983.6322,2025-02-28 16:59:59.999,84441806.706929,195137,18896.269,42035989.020763
2025-02-28 17:00:00,2222.51,2241.39,2208.64,2209.3,25156.0849,2025-02-28 17:59:59.999,55920655.932912,146844,12078.6944,26858252.732486
2025-02-28 18:00:00,2209.36,2255.13,2193.4,2228.11,40505.6152,2025-02-28 18:59:59.999,89948222.628806,173752,22478.571,49945701.613155
2025-02-28 19:00:00,2228.12,2238.69,2221.3,2230.15,17071.5752,2025-02-28 19:59:59.999,38074528.325127,116664,8389.4492,18710832.692853
2025-02-28 20:00:00,2230.14,2238.28,2198.51,2216.13,23286.2531,2025-02-28 20:59:59.999,51516262.038876,119862,11957.7354,26450676.263424
2025-02-28 21:00:00,2216.12,2234.6,2210.35,2225.3,13137.463,2025-02-28 21:59:59.999,29191927.21833,81195,6223.3471,13825541.440654
2025-02-28 22:00:00,2225.31,2231.96,2209.76,2216.58,11122.5832,2025-02-28 22:59:59.999,24692344.653816,70150,4936.2328,10959602.099461
2025-02-28 23:00:00,2216.59,2239.69,2213.57,2237.59,9429.7297,2025-02-28 23:59:59.999,20995473.407798,68795,4680.5653,10420834.63631
2025-03-01 00:00:00,2237.59,2246.58,2215.51,2216.16,13674.1815,2025-03-01 00:59:59.999,30502669.799728,95579,5536.5366,12355756.458745
2025-03-01 01:00:00,2216.17,2263.7,2213.33,2253.2,17878.589,2025-03-01 01:59:59.999,39980828.737659,124893,9116.0103,20398271.186464
2025-03-01 02:00:00,2253.2,2275.61,2240.0,2256.19,31428.4133,2025-03-01 02:59:59.999,71066644.142627,169101,17467.1672,39505454.28337
2025-03-01 03:00:00,2256.2,2270.31,2249.0,2262.98,13190.5457,2025-03-01 03:59:59.999,29790949.405507,108225,7493.0653,16922704.486754
2025-03-01 04:00:00,2262.98,2281.14,2258.4,2270.48,26173.4294,2025-03-01 04:59:59.999,59465552.988778,133050,12693.2429,28837218.022263
2025-03-01 05:00:00,2270.48,2270.63,2252.4,2255.9,16959.4756,2025-03-01 05:59:59.999,38325630.076277,84322,8572.4225,19369917.999834
2025-03-01 06:00:00,2255.91,2259.96,2230.36,2236.49,20145.687,2025-03-01 06:59:59.999,45175789.19273,96968,9200.4399,20632206.125338
2025-03-01 07:00:00,2236.5,2236.5,2224.2,2229.24,15689.5889,2025-03-01 07:59:59.999,34962088.995676,75499,7997.1227,17819149.477421
2025-03-01 08:00:00,2229.25,2239.77,2227.1,2234.78,14689.5692,2025-03-01 08:59:59.999,32821665.541815,69458,7265.6157,16230666.12981
2025-03-01 09:00:00,2234.78,2239.49,2228.38,2233.4,9504.9125,2025-03-01 09:59:59.999,21235637.998852,63384,5473.8434,12229876.449258
2025-03-01 10:00:00,2233.4,2233.67,2200.0,2204.8,25785.1454,2025-03-01 10:59:59.999,57081759.359524,105440,10366.1904,22948494.949468
2025-03-01 11:00:00,2204.8,2207.0,2171.41,2184.42,26823.4838,2025-03-01 11:59:59.999,58645243.075615,138864,11774.348,25740185.874012
2025-03-01 12:00:00,2184.43,2187.7,2171.4,2181.3,17430.7538,2025-03-01 12:59:59.999,37995320.661561,91972,7219.7124,15738541.581513
2025-03-01 13:00:00,2181.31,2184.6,2142.73,2152.69,31788.3586,2025-03-01 13:59:59.999,68569978.403086,164264,12527.1327,27010918.440084
2025-03-01 14:00:00,2152.7,2167.42,2149.3,2163.31,19317.3667,2025-03-01 14:59:59.999,41711400.390036,119732,9561.8883,20651157.197919
2025-03-01 15:00:00,2163.32,2184.0,2158.7,2173.29,19098.0988,2025-03-01 15:59:59.999,41488930.845387,120285,9078.5954,19722752.104646
2025-03-01 16:00:00,2173.3,2211.95,2169.4,2209.94,21246.2102,2025-03-01 16:59:59.999,46430990.725918,144258,10862.584,23753243.245427
2025-03-01 17:00:00,2209.94,2210.07,2190.44,2197.02,18560.3096,2025-03-01 17:59:59.999,40797235.330199,111875,7904.6616,17377303.486252
2025-03-01 18:00:00,2197.01,2219.0,2193.31,2212.11,14465.3302,2025-03-01 18:59:59.999,31932679.116919,95576,7182.5682,15859503.685074
2025-03-01 19:00:00,2212.11,2234.6,2211.23,2223.31,12736.4849,2025-03-01 19:59:59.999,28306749.985022,78455,6534.8996,14521099.592419
2025-03-01 20:00:00,2223.31,2226.1,2215.32,2225.3,10954.4442,2025-03-01 20:59:59.999,24331786.539718,60475,3953.382,8781304.821786
2025-03-01 21:00:00,2225.29,2233.67,2208.29,2229.53,18598.5854,2025-03-01 21:59:59.999,41277437.23363,87122,8624.243,19154006.913338
2025-03-01 22:00:00,2229.5,2235.99,2211.09,2214.99,13803.3194,2025-03-01 22:59:59.999,30665717.348263,72202,5494.1136,12208504.091552
2025-03-01 23:00:00,2214.99,2219.95,2191.1,2217.39,16488.444,2025-03-01 23:59:59.999,36378775.535834,100840,7297.0748,16104757.173002
2025-03-02 00:00:00,2217.4,2225.07,2203.51,2215.49,14977.2413,2025-03-02 00:59:59.999,33185670.632519,106368,6283.6046,13922336.357354
2025-03-02 01:00:00,2215.5,2226.53,2209.13,2220.53,15009.0267,2025-03-02 01:59:59.999,33292937.11538,87833,5065.0254,11239436.042395
2025-03-02 02:00:00,2220.53,2228.16,2201.1,2209.81,20427.1506,2025-03-02 02:59:59.999,45224317.419767,123055,8966.9255,19858946.438441
2025-03-02 03:00:00,2209.8,2230.82,2209.8,2220.18,14371.237,2025-03-02 03:59:59.999,31919437.014582,88774,6603.4548,14668025.030455
2025-03-02 04:00:00,2220.19,2235.6,2219.1,2227.11,11913.3635,2025-03-02 04:59:59.999,26535253.765465,85620,5070.1461,11296511.892555
2025-03-02 05:00:00,2227.11,2234.51,2224.0,2229.5,8369.5452,2025-03-02 05:59:59.999,18652096.368234,63281,3190.7925,7111193.542957
2025-03-02 06:00:00,2229.5,2233.67,2218.2,2222.96,11905.7946,2025-03-02 06:59:59.999,26514519.978403,83104,4139.9007,9220820.104132
2025-03-02 07:00:00,2222.95,2226.9,2218.59,2221.4,11139.9352,2025-03-02 07:59:59.999,24759561.256434,55060,3681.0285,8182614.907218
2025-03-02 08:00:00,2221.4,2223.07,2208.06,2212.59,26312.1112,2025-03-02 08:59:59.999,58242321.362861,76279,12671.0596,28042973.483619
2025-03-02 09:00:00,2212.58,2255.1,2211.93,2242.2,32135.8152,2025-03-02 09:59:59.999,71911497.972969,135022,17180.8947,38478098.811172
2025-03-02 10:00:00,2242.21,2260.84,2240.0,2246.01,20109.9476,2025-03-02 10:59:59.999,45232018.783429,110249,10375.1322,23336455.917338
2025-03-02 11:00:00,2246.01,2247.9,2236.52,2238.88,12879.535,2025-03-02 11:59:59.999,28872909.980267,81007,5394.9516,12093707.333223
2025-03-02 12:00:00,2238.88,2240.2,2223.0,2232.9,10615.2488,2025-03-02 12:59:59.999,23681070.676536,74052,5756.8707,12842388.737112
2025-03-02 13:00:00,2232.89,2232.89,2206.31,2212.31,21896.7516,2025-03-02 13:59:59.999,48521019.689589,105935,8585.8693,19025407.865556
2025-03-02 14:00:00,2212.3,2214.53,2172.04,2196.23,44460.0718,2025-03-02 14:59:59.999,97428201.2995,218116,18930.8147,41484268.064876
2025-03-02 15:00:00,2196.24,2291.76,2196.06,2229.51,161936.9916,2025-03-02 15:59:59.999,363692146.16926306,620126,83312.812,187086954.938639
2025-03-02 16:00:00,2229.51,2500.0,2212.35,2442.55,331427.3456,2025-03-02 16:59:59.999,789638701.460244,970292,178361.0667,424765382.747637
2025-03-02 17:00:00,2442.54,2510.82,2395.36,2480.49,214821.1792,2025-03-02 17:59:59.999,528863348.685418,671148,107826.3671,265517792.106621
2025-03-02 18:00:00,2480.5,2518.0,2454.02,2474.69,93586.2347,2025-03-02 18:59:59.999,232179170.68557,352452,46249.5751,114798326.319833
2025-03-02 19:00:00,2474.69,2499.97,2465.9,2486.42,33875.7249,2025-03-02 19:59:59.999,84061015.655166,159168,15524.3251,38523178.732178
2025-03-02 20:00:00,2486.42,2520.92,2480.19,2510.8,40096.9883,2025-03-02 20:59:59.999,100333395.829838,193374,20449.4265,51185390.784406
2025-03-02 21:00:00,2510.8,2540.86,2498.73,2525.01,45877.9706,2025-03-02 21:59:59.999,115425745.117338,202771,22219.5358,55929707.262952
2025-03-02 22:00:00,2525.01,2549.88,2507.18,2538.62,29403.994,2025-03-02 22:59:59.999,74198097.378096,130826,13113.4138,33107366.323144
2025-03-02 23:00:00,2538.62,2550.58,2508.39,2518.11,39135.5706,2025-03-02 23:59:59.999,98851103.306819,183480,18574.3087,46935695.658955
2025-03-03 00:00:00,2518.12,2523.56,2464.27,2465.52,42756.7935,2025-03-03 00:59:59.999,106320254.913475,199614,16788.3647,41762442.678416
2025-03-03 01:00:00,2465.52,2476.13,2450.52,2458.8,27023.4712,2025-03-03 01:59:59.999,66565477.587673,124046,10438.3499,25714856.935743
2025-03-03 02:00:00,2458.8,2461.5,2418.67,2447.48,36329.0703,2025-03-03 02:59:59.999,88606042.514287,160495,16991.9333,41448162.407859
2025-03-03 03:00:00,2447.49,2455.7,2425.17,2441.15,19949.9149,2025-03-03 03:59:59.999,48629759.615359,112798,9579.3172,23352830.907965
2025-03-03 04:00:00,2441.16,2452.9,2432.68,2450.32,18400.7989,2025-03-03 04:59:59.999,44962127.202414,85139,8450.8157,20650631.589062
2025-03-03 05:00:00,2450.32,2457.25,2440.67,2449.94,12463.6692,2025-03-03 05:59:59.999,30504175.815138,77166,6161.862,15081142.093856
2025-03-03 06:00:00,2449.94,2450.0,2360.37,2372.68,56612.0987,2025-03-03 06:59:59.999,135833971.720227,204316,23769.2469,57044314.936155
2025-03-03 07:00:00,2372.68,2391.46,2352.79,2387.01,29191.7926,2025-03-03 07:59:59.999,69313452.957669,164200,13095.5465,31103239.383978
2025-03-03 08:00:00,2387.01,2388.11,2332.08,2345.41,31086.0888,2025-03-03 08:59:59.999,73261754.694758,180877,11556.9921,27240953.350067
2025-03-03 09:00:00,2345.41,2356.69,2322.01,2347.51,35838.1588,2025-03-03 09:59:59.999,84017690.592126,215895,17211.4042,40366723.120878
2025-03-03 10:00:00,2347.5,2366.29,2340.79,2359.19,22084.3278,2025-03-03 10:59:59.999,52013918.37314,131522,10057.7399,23690417.924765
2025-03-03 11:00:00,2359.18,2363.89,2344.4,2356.16,17653.0192,2025-03-03 11:59:59.999,41555916.110651,109109,8900.2846,20959499.971293
2025-03-03 12:00:00,2356.15,2376.78,2352.26,2367.69,27021.7407,2025-03-03 12:59:59.999,63896094.020356,163698,12231.9061,28927773.371404
2025-03-03 13:00:00,2367.69,2389.0,2361.3,2376.88,26703.5093,2025-03-03 13:59:59.999,63402264.300944,160461,12788.9226,30375596.805947
2025-03-03 14:00:00,2376.87,2380.85,2266.97,2274.81,103712.457,2025-03-03 14:59:59.999,241066907.725291,395975,45207.5686,105139567.969595
2025-03-03 15:00:00,2274.82,2309.48,2269.61,2287.24,76224.1301,2025-03-03 15:59:59.999,174626394.737559,338689,40124.3865,91935142.678655
2025-03-03 16:00:00,2287.3,2296.63,2258.0,2276.93,45099.106,2025-03-03 16:59:59.999,102823403.189012,209350,20656.1133,47103724.366625
2025-03-03 17:00:00,2276.92,2297.0,2265.33,2277.21,24335.0856,2025-03-03 17:59:59.999,55492332.0516,157735,11187.8239,25508541.274915
2025-03-03 18:00:00,2277.22,2280.35,2178.32,2193.33,116133.5925,2025-03-03 18:59:59.999,256992349.579576,458093,51086.4591,113014323.96378
2025-03-03 19:00:00,2193.33,2207.69,2100.0,2109.88,135640.2631,2025-03-03 19:59:59.999,291961387.787815,475303,60067.0611,129418938.003974
2025-03-03 20:00:00,2109.87,2140.4,2097.91,2129.16,106391.4535,2025-03-03 20:59:59.999,225749871.563219,424370,52484.9467,111376877.345443
2025-03-03 21:00:00,2129.16,2146.92,2103.76,2111.82,40979.7884,2025-03-03 21:59:59.999,87312854.685875,159839,21959.6802,46808440.124384
2025-03-03 22:00:00,2111.82,2173.29,2110.94,2166.41,34610.3267,2025-03-03 22:59:59.999,74152391.625038,146068,18868.3369,40398964.498142
2025-03-03 23:00:00,2166.41,2166.41,2142.7,2149.01,23324.5435,2025-03-03 23:59:59.999,50285212.546283,114599,10823.2032,23337801.350256
2025-03-04 00:00:00,2149.02,2167.18,2123.75,2125.21,50852.9422,2025-03-04 00:59:59.999,108733413.039889,223952,19261.4483,41234709.215087
2025-03-04 01:00:00,2125.21,2134.0,2025.65,2056.46,183918.7802,2025-03-04 01:59:59.999,381680681.976577,594662,75959.4803,157509637.414557
2025-03-04 02:00:00,2056.49,2082.0,2002.81,2067.61,112689.0768,2025-03-04 02:59:59.999,229882096.83824,483496,54783.3597,111819700.206876
2025-03-04 03:00:00,2067.61,2092.64,2054.64,2074.89,33918.648,2025-03-04 03:59:59.999,70209351.202721,188341,17772.1702,36805664.130775
2025-03-04 04:00:00,2074.89,2093.69,2070.5,2082.04,23165.9219,2025-03-04 04:59:59.999,48274401.462534,168333,11823.976,24644799.522858
2025-03-04 05:00:00,2082.04,2122.12,2078.49,2106.94,35770.8174,2025-03-04 05:59:59.999,75201454.263144,200894,18863.5768,39661145.96482
2025-03-04 06:00:00,2106.94,2111.87,2090.11,2097.66,17738.9892,2025-03-04 06:59:59.999,37263963.604104,124482,8933.4077,18772512.05868
2025-03-04 07:00:00,2097.66,2102.96,2068.34,2080.41,23430.0424,2025-03-04 07:59:59.999,48760249.465088,140265,11270.5699,23453543.358431
2025-03-04 08:00:00,2080.42,2106.05,2071.03,2099.03,25577.3598,2025-03-04 08:59:59.999,53430906.546117,149672,16102.1312,33632284.239117
2025-03-04 09:00:00,2099.03,2111.83,2085.0,2087.77,21344.5372,2025-03-04 09:59:59.999,44769017.239669,128406,10298.6958,21607892.670414
2025-03-04 10:00:00,2087.78,2107.48,2078.73,2100.34,18718.0166,2025-03-04 10:59:59.999,39190338.660242,127806,10295.3525,21563240.65478
2025-03-04 11:00:00,2100.35,2118.0,2095.67,2101.36,17786.0631,2025-03-04 11:59:59.999,37470347.839337,110005,10394.4935,21902209.642247
2025-03-04 12:00:00,2101.38,2113.08,2082.42,2103.8,27028.6666,2025-03-04 12:59:59.999,56649253.704536,152651,10518.0756,22055227.8763
2025-03-04 13:00:00,2103.79,2103.79,2053.37,2064.21,50465.6759,2025-03-04 13:59:59.999,104626268.813519,254960,20634.3232,42771199.211014
2025-03-04 14:00:00,2064.21,2158.32,2041.0,2078.81,127346.1351,2025-03-04 14:59:59.999,267994500.631114,495725,64776.1264,136460253.30249
2025-03-04 15:00:00,2078.47,2086.96,2025.62,2074.49,77779.7209,2025-03-04 15:59:59.999,160363380.414718,444816,36930.0825,76148826.034469
2025-03-04 16:00:00,2074.49,2077.07,1993.2,2062.25,109215.3315,2025-03-04 16:59:59.999,222262554.950637,452908,53095.3882,108282522.805513
2025-03-04 17:00:00,2062.26,2134.68,2058.97,2118.91,67360.8558,2025-03-04 17:59:59.999,141929069.121952,333642,36417.8538,76697304.231981
2025-03-04 18:00:00,2118.9,2153.64,2109.75,2148.06,38851.4168,2025-03-04 18:59:59.999,82822020.140046,209656,19151.8106,40834752.073442
2025-03-04 19:00:00,2148.06,2174.72,2140.12,2172.65,47944.873,2025-03-04 19:59:59.999,103535073.648398,230693,23234.6339,50191823.331372
2025-03-04 20:00:00,2172.63,2193.15,2135.94,2139.05,54727.4854,2025-03-04 20:59:59.999,118711973.795148,201293,23123.9025,50211155.99139
2025-03-04 21:00:00,2139.06,2221.88,2126.06,2177.89,57232.3906,2025-03-04 21:59:59.999,124672001.762664,254294,26848.9225,58511633.604536
2025-03-04 22:00:00,2177.89,2187.71,2166.27,2166.5,22387.8363,2025-03-04 22:59:59.999,48780752.744533,96897,10004.8483,21797317.925824
2025-03-04 23:00:00,2166.49,2180.0,2159.21,2171.51,12570.7545,2025-03-04 23:59:59.999,27272136.394844,89113,5686.4006,12341110.59333
2025-03-05 00:00:00,2171.5,2176.14,2155.6,2165.1,21432.7001,2025-03-05 00:59:59.999,46419085.025237,136618,8676.4616,18784965.988402
2025-03-05 01:00:00,2165.09,2192.75,2155.03,2189.76,21154.7446,2025-03-05 01:59:59.999,46022315.395161,142876,9715.7281,21141629.148606
2025-03-05 02:00:00,2189.77,2190.75,2167.0,2179.3,16830.6705,2025-03-05 02:59:59.999,36677559.994116,157613,7158.1484,15604064.38056
2025-03-05 03:00:00,2179.29,2189.26,2159.59,2160.89,16361.1473,2025-03-05 03:59:59.999,35618369.849296,134397,6963.1156,15161461.884803
2025-03-05 04:00:00,2160.9,2175.2,2156.15,2173.19,25753.9207,2025-03-05 04:59:59.999,55755752.784264,128245,9060.9441,19628585.11601
2025-03-05 05:00:00,2173.2,2182.81,2170.31,2179.87,9817.3166,2025-03-05 05:59:59.999,21359550.878983,83060,4421.9776,9621965.850558
2025-03-05 06:00:00,2179.88,2195.0,2174.2,2190.37,18026.8903,2025-03-05 06:59:59.999,39356693.499621,89264,8043.2065,17566754.517254
2025-03-05 07:00:00,2190.37,2213.13,2188.12,2207.0,20467.3587,2025-03-05 07:59:59.999,45038157.22321,127931,10623.2473,23375746.151561
2025-03-05 08:00:00,2207.0,2226.5,2204.61,2213.57,19510.6698,2025-03-05 08:59:59.999,43218212.289025,134171,9968.5621,22082748.706868
2025-03-05 09:00:00,2213.56,2262.99,2212.0,2238.99,65290.3832,2025-03-05 09:59:59.999,146437001.060987,227303,34848.3063,78123219.756477
2025-03-05 10:00:00,2239.0,2273.51,2231.03,2237.98,46654.09,2025-03-05 10:59:59.999,104994673.276855,244583,23940.4282,53886728.349407
2025-03-05 11:00:00,2237.99,2239.47,2209.35,2217.72,26486.9913,2025-03-05 11:59:59.999,58970086.324613,151917,11344.8868,25269520.106469
2025-03-05 12:00:00,2217.72,2232.81,2210.56,2217.99,22659.2767,2025-03-05 12:59:59.999,50358576.777075,143807,11008.7155,24470765.876046
2025-03-05 13:00:00,2217.99,2224.0,2193.2,2202.53,37440.2113,2025-03-05 13:59:59.999,82674864.744663,198481,16202.2054,35777538.699346
2025-03-05 14:00:00,2202.54,2206.49,2166.48,2171.17,50548.6694,2025-03-05 14:59:59.999,110529237.270034,245074,23913.0995,52313066.272705
2025-03-05 15:00:00,2171.18,2204.4,2171.18,2186.82,86889.3878,2025-03-05 15:59:59.999,190056411.213332,282115,41373.4731,90509906.186113
2025-03-05 16:00:00,2186.81,2197.86,2161.78,2190.42,42544.6835,2025-03-05 16:59:59.999,92587973.366972,179001,21900.299,47710502.127239
2025-03-05 17:00:00,2190.41,2220.5,2182.51,2194.84,37964.2513,2025-03-05 17:59:59.999,83556291.302161,168335,17527.9675,38577136.422901
2025-03-05 18:00:00,2194.85,2208.32,2175.77,2205.15,22255.0468,2025-03-05 18:59:59.999,48757159.527192,129917,12178.7161,26690494.122097
2025-03-05 19:00:00,2205.16,2222.99,2201.5,2218.3,16260.5112,2025-03-05 19:59:59.999,36017149.846056,93865,7825.9262,17333205.922729
2025-03-05 20:00:00,2218.3,2235.24,2214.12,2231.39,18432.2116,2025-03-05 20:59:59.999,41012031.65395,90916,9140.3562,20345000.354144
2025-03-05 21:00:00,2231.4,2241.47,2218.83,2235.21,16166.8268,2025-03-05 21:59:59.999,36059105.043359,70688,7679.9399,17136233.930196
2025-03-05 22:00:00,2235.2,2241.88,2227.0,2237.38,12433.7803,2025-03-05 22:59:59.999,27760596.408103,51707,4950.1859,11052565.05744
2025-03-05 23:00:00,2237.39,2252.86,2230.3,2241.59,15749.0499,2025-03-05 23:59:59.999,35300278.053128,69009,8138.1103,18248448.103096
2025-03-06 00:00:00,2241.59,2257.65,2234.07,2238.49,28678.3523,2025-03-06 00:59:59.999,64412388.487961,121554,14024.6452,31505363.96598
2025-03-06 01:00:00,2238.49,2288.6,2234.97,2263.49,30735.9284,2025-03-06 01:59:59.999,69531614.973136,174482,17810.368,40289113.034766
2025-03-06 02:00:00,2263.49,2290.6,2261.3,2284.63,24546.9516,2025-03-06 02:59:59.999,55856624.161353,168164,12788.6054,29101786.949688
2025-03-06 03:00:00,2284.64,2296.31,2274.93,2289.79,21049.5086,2025-03-06 03:59:59.999,48095450.983657,144983,10786.8021,24656576.50833
2025-03-06 04:00:00,2289.79,2307.19,2275.91,2299.3,15366.8793,2025-03-06 04:59:59.999,35209741.502991,111716,8336.5899,19117153.216838
2025-03-06 05:00:00,2299.3,2319.99,2293.32,2313.71,21685.2659,2025-03-06 05:59:59.999,50073708.540708,133391,12664.8095,29249695.35262
2025-03-06 06:00:00,2313.71,2314.79,2290.23,2292.0,20041.7317,2025-03-06 06:59:59.999,46096430.358686,103167,9040.481,20792637.330385
2025-03-06 07:00:00,2292.0,2300.86,2279.25,2286.0,13277.9658,2025-03-06 07:59:59.999,30424953.157302,85417,5450.6252,12492042.482225
2025-03-06 08:00:00,2285.99,2301.6,2279.3,2293.55,12140.4149,2025-03-06 08:59:59.999,27819948.455591,93987,6532.6733,14973583.238263
2025-03-06 09:00:00,2293.51,2294.38,2276.77,2284.27,13103.2194,2025-03-06 09:59:59.999,29964211.168577,103281,5161.8819,11804727.149813
2025-03-06 10:00:00,2284.27,2305.68,2279.8,2294.16,13400.7136,2025-03-06 10:59:59.999,30762474.260587,107527,6531.4514,14996811.197652
2025-03-06 11:00:00,2294.15,2301.1,2283.77,2297.59,13497.6079,2025-03-06 11:59:59.999,30958231.24025,75663,6394.0628,14671474.583276
2025-03-06 12:00:00,2297.59,2298.9,2259.5,2267.61,22941.3366,2025-03-06 12:59:59.999,52230004.480653,155955,10271.0482,23383110.750779
2025-03-06 13:00:00,2267.61,2275.0,2243.58,2246.29,75362.332,2025-03-06 13:59:59.999,170124658.603612,190272,40503.1029,91402252.478648
2025-03-06 14:00:00,2246.3,2257.31,2208.6,2225.0,57470.0622,2025-03-06 14:59:59.999,128130248.669449,275326,27817.2946,62056335.324479
2025-03-06 15:00:00,2225.0,2275.5,2222.12,2257.49,35387.6973,2025-03-06 15:59:59.999,79701470.770105,252095,20145.5231,45366985.503712
2025-03-06 16:00:00,2257.5,2265.7,2220.17,2222.26,26849.7173,2025-03-06 16:59:59.999,60226749.840153,179717,12764.6613,28652208.363259
2025-03-06 17:00:00,2222.26,2224.39,2176.9,2191.2,50546.24,2025-03-06 17:59:59.999,111367021.402322,245244,22882.5451,50433601.737793
2025-03-06 18:00:00,2191.19,2206.43,2188.79,2201.61,17998.2176,2025-03-06 18:59:59.999,39553370.088587,106451,10595.8414,23286864.061106
2025-03-06 19:00:00,2201.6,2218.95,2181.66,2198.34,17094.2625,2025-03-06 19:59:59.999,37609569.668808,105055,8623.5853,18972133.383865
2025-03-06 20:00:00,2198.35,2213.2,2192.3,2200.38,14009.2801,2025-03-06 20:59:59.999,30862469.230165,100466,7737.2199,17048400.659703
2025-03-06 21:00:00,2200.38,2219.36,2197.9,2213.71,16182.2801,2025-03-06 21:59:59.999,35734553.513713,73073,9618.9209,21243106.270847
2025-03-06 22:00:00,2213.74,2229.4,2195.62,2211.39,24348.2926,2025-03-06 22:59:59.999,53945522.547118,117476,12568.3976,27852516.037813
2025-03-06 23:00:00,2211.38,2217.56,2201.0,2202.2,11194.1358,2025-03-06 23:59:59.999,24716506.253704,80511,5150.6896,11372977.908706
2025-03-07 00:00:00,2202.21,2227.39,2101.82,2117.71,145457.1096,2025-03-07 00:59:59.999,311912963.294936,584378,63485.4867,136109486.699441
2025-03-07 01:00:00,2117.71,2192.4,2109.35,2175.0,55277.542,2025-03-07 01:59:59.999,119290032.083327,341594,29100.2123,62775772.013305
2025-03-07 02:00:00,2175.0,2185.96,2155.49,2155.63,24964.9278,2025-03-07 02:59:59.999,54182239.377443,180062,10656.3715,23128823.946727
2025-03-07 03:00:00,2155.67,2163.33,2146.51,2147.89,15862.818,2025-03-07 03:59:59.999,34173750.989157,113277,7254.7904,15633872.187417
2025-03-07 04:00:00,2147.9,2164.93,2144.59,2155.5,13364.9536,2025-03-07 04:59:59.999,28820681.393766,80893,8404.6451,18126319.321983
2025-03-07 05:00:00,2155.5,2184.0,2155.0,2174.79,12646.71,2025-03-07 05:59:59.999,27441759.092172,94656,6855.3315,14877809.727489
2025-03-07 06:00:00,2174.79,2186.7,2165.5,2182.31,9523.4091,2025-03-07 06:59:59.999,20717721.753586,79075,4749.3837,10336887.539024
2025-03-07 07:00:00,2182.3,2193.39,2178.0,2192.41,11476.1442,2025-03-07 07:59:59.999,25100316.407645,92359,6360.9486,13915415.450371
2025-03-07 08:00:00,2192.41,2196.17,2177.15,2185.43,10919.5481,2025-03-07 08:59:59.999,23861341.315401,76559,5464.281,11943014.288723
2025-03-07 09:00:00,2185.42,2210.8,2184.95,2193.46,16361.4004,2025-03-07 09:59:59.999,35963684.392557,114932,7954.1794,17483930.166769
2025-03-07 10:00:00,2193.47,2198.4,2185.67,2196.9,10161.3006,2025-03-07 10:59:59.999,22279723.686707,76781,5047.9405,11067831.719974
2025-03-07 11:00:00,2196.91,2207.73,2190.22,2197.49,11102.5717,2025-03-07 11:59:59.999,24412566.511702,78038,5144.5746,11313608.398513
2025-03-07 12:00:00,2197.49,2199.0,2165.79,2178.42,21823.9072,2025-03-07 12:59:59.999,47590966.092781,131505,9195.4832,20042686.914881
2025-03-07 13:00:00,2178.42,2224.86,2177.88,2188.53,51689.4583,2025-03-07 13:59:59.999,113935301.851238,261140,27312.3984,60204724.678783
2025-03-07 14:00:00,2188.53,2258.47,2177.0,2221.65,56449.0795,2025-03-07 14:59:59.999,125330925.759736,342768,30357.6224,67396503.138681
2025-03-07 15:00:00,2221.66,2239.4,2180.95,2209.68,54240.9234,2025-03-07 15:59:59.999,119860031.390214,306442,27964.099,61779741.558398
2025-03-07 16:00:00,2209.67,2215.49,2144.31,2158.41,60714.5208,2025-03-07 16:59:59.999,132035179.322632,341985,29870.5143,64946921.280051
2025-03-07 17:00:00,2158.42,2184.8,2141.53,2162.31,34168.0207,2025-03-07 17:59:59.999,73820440.957375,204172,18471.6966,39919399.81515
2025-03-07 18:00:00,2162.32,2200.82,2157.1,2194.84,23285.0694,2025-03-07 18:59:59.999,50702774.330575,176210,12643.3426,27537801.489732
2025-03-07 19:00:00,2194.85,2202.56,2161.71,2178.34,19281.8778,2025-03-07 19:59:59.999,42074288.908579,141129,9072.5782,19803513.239053
2025-03-07 20:00:00,2178.33,2186.96,2145.65,2157.51,34881.6962,2025-03-07 20:59:59.999,75555798.927845,203399,16231.1313,35175084.272442
2025-03-07 21:00:00,2157.41,2163.99,2115.0,2139.49,55114.1183,2025-03-07 21:59:59.999,117714737.491832,226482,26768.9529,57184581.06323
2025-03-07 22:00:00,2139.46,2151.99,2116.73,2144.59,18652.7461,2025-03-07 22:59:59.999,39784775.098261,103934,9017.2323,19241948.76647
2025-03-07 23:00:00,2144.6,2144.69,2115.64,2141.6,14967.4078,2025-03-07 23:59:59.999,31897491.809863,100495,7059.4317,15049359.684779
2025-03-08 00:00:00,2141.6,2153.27,2130.54,2152.19,9311.7152,2025-03-08 00:59:59.999,19933050.554336,91978,5042.9329,10800026.038304
2025-03-08 01:00:00,2152.2,2156.0,2105.06,2133.08,23291.065,2025-03-08 01:59:59.999,49508727.286004,138981,10475.544,22273313.312471
2025-03-08 02:00:00,2133.07,2145.69,2131.32,2143.79,8874.9107,2025-03-08 02:59:59.999,18973346.477051,77211,4531.7344,9688560.519505
2025-03-08 03:00:00,2143.79,2143.79,2124.61,2137.8,8409.586,2025-03-08 03:59:59.999,17956666.75914,70632,3740.846,7990683.234275
2025-03-08 04:00:00,2137.8,2152.69,2131.4,2150.01,9585.5448,2025-03-08 04:59:59.999,20566155.274114,76885,5619.2174,12058662.233671
2025-03-08 05:00:00,2150.01,2150.27,2133.4,2140.21,5103.89,2025-03-08 05:59:59.999,10933437.282777,55071,2262.9881,4849673.363246
2025-03-08 06:00:00,2140.21,2145.69,2133.16,2139.48,5450.3302,2025-03-08 06:59:59.999,11665414.37627,53930,2289.3841,4901056.04766
2025-03-08 07:00:00,2139.47,2148.0,2134.36,2137.88,5913.5796,2025-03-08 07:59:59.999,12665522.31467,46347,3122.1478,6687424.018088
2025-03-08 08:00:00,2137.89,2141.11,2126.78,2128.52,7469.2114,2025-03-08 08:59:59.999,15927223.890686,63067,2857.9442,6094993.741981
2025-03-08 09:00:00,2128.52,2143.5,2126.66,2129.82,7489.409,2025-03-08 09:59:59.999,15989057.945248,60269,3495.3206,7462138.13103
2025-03-08 10:00:00,2129.83,2140.99,2127.71,2139.61,6950.1205,2025-03-08 10:59:59.999,14835885.109862,50690,3382.6291,7220923.105731
2025-03-08 11:00:00,2139.6,2142.4,2127.31,2141.95,10211.9747,2025-03-08 11:59:59.999,21791869.260359,86039,5213.2233,11127241.055431
2025-03-08 12:00:00,2141.95,2173.69,2138.1,2168.59,28221.3316,2025-03-08 12:59:59.999,60922589.329671,152490,17011.9107,36728477.477354
2025-03-08 13:00:00,2168.6,2198.86,2166.41,2190.21,28663.3086,2025-03-08 13:59:59.999,62593836.961126,145652,15868.8227,34653776.999192
2025-03-08 14:00:00,2190.21,2195.5,2174.92,2178.81,20052.3845,2025-03-08 14:59:59.999,43785334.685677,111036,8476.5368,18512602.445498
2025-03-08 15:00:00,2178.8,2191.71,2167.69,2181.4,12664.1535,2025-03-08 15:59:59.999,27596271.155909,97881,6686.6746,14573201.31375
2025-03-08 16:00:00,2181.4,2198.32,2161.14,2189.99,19765.4009,2025-03-08 16:59:59.999,43034629.886189,123762,10997.4125,23964559.528769
2025-03-08 17:00:00,2189.99,2219.67,2179.73,2198.93,38633.4507,2025-03-08 17:59:59.999,85130618.475187,187231,19827.9096,43685771.485007
2025-03-08 18:00:00,2198.92,2213.87,2194.44,2208.69,12242.2824,2025-03-08 18:59:59.999,26966967.455123,84365,6001.1648,13219014.755633
2025-03-08 19:00:00,2208.68,2234.93,2200.8,2224.6,25658.7158,2025-03-08 19:59:59.999,57013373.824287,124428,12327.0656,27385255.690184
2025-03-08 20:00:00,2224.61,2225.99,2211.07,2212.99,8063.1941,2025-03-08 20:59:59.999,17887427.611292,62747,3951.6716,8766660.923033
2025-03-08 21:00:00,2212.99,2225.03,2212.89,2216.31,6521.1748,2025-03-08 21:59:59.999,14464213.170784,41881,2847.7094,6317154.361132
2025-03-08 22:00:00,2216.31,2217.7,2197.75,2207.51,9499.3191,2025-03-08 22:59:59.999,20958750.141839,57411,3821.9227,8432629.353705
2025-03-08 23:00:00,2207.51,2210.75,2193.2,2203.58,10747.0448,2025-03-08 23:59:59.999,23642653.182746,58822,5555.9479,12222315.680573
2025-03-09 00:00:00,2203.57,2209.69,2199.73,2206.22,6342.3591,2025-03-09 00:59:59.999,13989931.012698,61119,3250.5732,7169444.63747
2025-03-09 01:00:00,2206.21,2212.0,2187.49,2191.21,8617.2272,2025-03-09 01:59:59.999,18947031.559555,59942,3063.141,6739830.896272
2025-03-09 02:00:00,2191.2,2194.3,2180.5,2182.0,8851.6021,2025-03-09 02:59:59.999,19374501.583154,63947,3609.4586,7901182.997516
2025-03-09 03:00:00,2182.01,2189.79,2176.14,2186.01,7869.0883,2025-03-09 03:59:59.999,17167515.112782,58973,4071.8211,8886319.355227
2025-03-09 04:00:00,2186.0,2191.61,2184.05,2189.49,6054.6544,2025-03-09 04:59:59.999,13248764.422419,45774,4454.6313,9748709.598291
2025-03-09 05:00:00,2189.49,2197.1,2180.4,2182.89,7414.0622,2025-03-09 05:59:59.999,16224502.719714,47243,4390.2123,9610744.362069
2025-03-09 06:00:00,2182.89,2184.9,2171.84,2179.9,7477.7213,2025-03-09 06:59:59.999,16289751.242455,52845,3792.7692,8263139.267466
2025-03-09 07:00:00,2179.89,2189.44,2178.39,2185.07,7557.788,2025-03-09 07:59:59.999,16501776.57628,39727,3202.2724,6996610.311023
2025-03-09 08:00:00,2185.07,2187.68,2175.71,2176.1,5785.906,2025-03-09 08:59:59.999,12621881.572403,45085,3025.7458,6601779.31161
2025-03-09 09:00:00,2176.11,2180.79,2160.92,2165.79,15790.7749,2025-03-09 09:59:59.999,34320871.242372,67250,7230.7945,15723069.221002
2025-03-09 10:00:00,2165.8,2170.3,2128.43,2134.1,20719.5374,2025-03-09 10:59:59.999,44499177.38535,121343,8155.4829,17515460.310818
2025-03-09 11:00:00,2134.1,2148.6,2132.41,2146.7,13255.7447,2025-03-09 11:59:59.999,28395045.12839,76723,7218.3488,15463525.576908
2025-03-09 12:00:00,2146.7,2146.9,2131.67,2141.81,18632.7265,2025-03-09 12:59:59.999,39913082.729075,85002,10412.0302,22308961.793078
2025-03-09 13:00:00,2141.81,2143.65,2102.61,2104.48,26443.0146,2025-03-09 13:59:59.999,56182298.953053,127533,10398.1203,22106763.705137
2025-03-09 14:00:00,2104.48,2124.65,2098.33,2117.5,39736.7373,2025-03-09 14:59:59.999,83898740.316931,170373,21196.8341,44766847.42801
2025-03-09 15:00:00,2117.49,2122.6,2084.67,2097.03,36938.583,2025-03-09 15:59:59.999,77608965.711552,150591,13888.9035,29177008.054435
2025-03-09 16:00:00,2097.01,2109.32,2041.99,2049.41,72300.5431,2025-03-09 16:59:59.999,149798735.543474,284619,32360.5036,67131099.103205
2025-03-09 17:00:00,2049.41,2057.13,2013.6,2023.93,66293.9726,2025-03-09 17:59:59.999,134873972.485645,289644,31670.2171,64443290.313778
2025-03-09 18:00:00,2023.93,2039.2,1998.0,2021.21,83972.8418,2025-03-09 18:59:59.999,169381679.055288,322037,37296.3096,75325551.422105
2025-03-09 19:00:00,2021.21,2049.27,2016.96,2040.47,26944.6417,2025-03-09 19:59:59.999,54791919.698965,154319,15825.3889,32187129.33171
2025-03-09 20:00:00,2040.47,2056.59,2036.61,2047.03,19914.6838,2025-03-09 20:59:59.999,40770210.87447,91129,10634.8926,21775472.59043
2025-03-09 21:00:00,2047.04,2050.4,2013.46,2024.51,20709.3475,2025-03-09 21:59:59.999,41954229.629235,84717,8985.9227,18206652.884188
2025-03-09 22:00:00,2024.5,2029.95,2006.2,2010.05,25595.92,2025-03-09 22:59:59.999,51656078.748244,126332,12814.2066,25864867.920692
2025-03-09 23:00:00,2010.05,2032.1,1989.66,2020.41,48452.1107,2025-03-09 23:59:59.999,97355965.241445,164812,22457.9187,45161162.341806
2025-03-10 00:00:00,2020.43,2043.4,1995.08,2036.48,36163.6155,2025-03-10 00:59:59.999,73030241.222776,229750,18611.7417,37616933.47417
2025-03-10 01:00:00,2036.47,2053.8,2027.41,2043.42,25898.0185,2025-03-10 01:59:59.999,52895899.811573,171820,12271.1336,25066606.08618
2025-03-10 02:00:00,2043.42,2071.0,2036.71,2057.91,27038.6593,2025-03-10 02:59:59.999,55687606.490481,145843,13526.9209,27857027.319401
2025-03-10 03:00:00,2057.9,2065.3,2044.29,2057.89,13495.2034,2025-03-10 03:59:59.999,27704558.007351,93066,6086.8718,12497972.557457
2025-03-10 04:00:00,2057.88,2076.6,2056.01,2072.7,11548.2819,2025-03-10 04:59:59.999,23893217.045729,94846,5951.7507,12316165.975174
2025-03-10 05:00:00,2072.71,2075.9,2059.3,2064.18,9324.1072,2025-03-10 05:59:59.999,19279308.395838,68133,4052.4548,8380494.502479
2025-03-10 06:00:00,2064.18,2068.0,2054.19,2067.1,11270.5415,2025-03-10 06:59:59.999,23235017.659365,68695,5830.0322,12020119.117666
2025-03-10 07:00:00,2067.1,2079.33,2063.0,2075.29,9692.0139,2025-03-10 07:59:59.999,20063716.87071,84124,4531.591,9384593.415996
2025-03-10 08:00:00,2075.3,2077.3,2047.83,2062.1,18830.3696,2025-03-10 08:59:59.999,38828416.958223,146638,8492.5817,17515228.775953
2025-03-10 09:00:00,2062.1,2152.4,2061.62,2102.02,97575.068,2025-03-10 09:59:59.999,206832039.88954,437774,50720.0003,107502765.037495
2025-03-10 10:00:00,2102.02,2106.54,2076.5,2099.73,21093.6226,2025-03-10 10:59:59.999,44144181.05069,209233,10867.9838,22747108.223992
2025-03-10 11:00:00,2099.73,2139.0,2098.6,2128.12,22682.7151,2025-03-10 11:59:59.999,48054854.27585,161515,13025.9791,27594279.515771
2025-03-10 12:00:00,2128.11,2135.98,2105.44,2125.76,23670.8944,2025-03-10 12:59:59.999,50209271.014005,165356,10846.8818,23012874.855421
2025-03-10 13:00:00,2125.77,2129.8,2078.26,2083.63,35301.0098,2025-03-10 13:59:59.999,74199110.56064,238958,15568.4384,32727584.760502
2025-03-10 14:00:00,2083.62,2084.1,1997.0,2018.96,125972.4783,2025-03-10 14:59:59.999,255242684.446666,489264,56225.3591,113927177.530177
2025-03-10 15:00:00,2018.95,2043.79,2010.63,2017.83,54719.2146,2025-03-10 15:59:59.999,110871452.245579,253083,29869.1824,60544901.053083
2025-03-10 16:00:00,2017.83,2025.3,2000.0,2005.29,38250.4026,2025-03-10 16:59:59.999,76905821.978792,202678,18065.4911,36331688.094504
2025-03-10 17:00:00,2005.29,2008.72,1906.41,1917.49,163620.4878,2025-03-10 17:59:59.999,318935927.368719,468989,73516.7874,143214721.316714
2025-03-10 18:00:00,1917.48,1939.12,1812.76,1825.43,224651.4516,2025-03-10 18:59:59.999,423523666.91725,466936,111847.5076,211320508.923753
2025-03-10 19:00:00,1825.43,1883.44,1810.01,1869.3,139980.2033,2025-03-10 19:59:59.999,259113328.267784,433541,74524.0291,137959150.668311
2025-03-10 20:00:00,1869.43,1881.97,1843.23,1869.18,42247.0706,2025-03-10 20:59:59.999,78788095.985526,185515,23979.1036,44742744.980537
2025-03-10 21:00:00,1869.17,1903.99,1861.32,1887.3,39845.5661,2025-03-10 21:59:59.999,75180086.695846,141148,20744.9961,39114835.580437
2025-03-10 22:00:00,1887.3,1890.08,1865.88,1880.02,22019.8707,2025-03-10 22:59:59.999,41324286.537677,143784,12772.1627,23971487.51318
2025-03-10 23:00:00,1880.03,1895.49,1857.63,1865.1,33854.4851,2025-03-10 23:59:59.999,63570081.074167,160351,15482.7285,29073747.167753
2025-03-11 00:00:00,1865.11,1890.46,1754.28,1813.96,171539.7622,2025-03-11 00:59:59.999,310379723.710157,586508,75224.1241,136136261.801953
2025-03-11 01:00:00,1813.96,1858.77,1774.13,1858.66,105524.529,2025-03-11 01:59:59.999,191430656.514476,452684,53595.1448,97409861.319136
2025-03-11 02:00:00,1858.65,1877.96,1851.55,1859.69,51155.3016,2025-03-11 02:59:59.999,95371340.893398,219426,25756.1638,48021082.772484
2025-03-11 03:00:00,1859.68,1881.52,1847.27,1849.78,35471.6095,2025-03-11 03:59:59.999,66100405.077516,124540,16669.2398,31056292.530831
2025-03-11 04:00:00,1849.78,1879.19,1845.46,1869.06,28657.9618,2025-03-11 04:59:59.999,53457915.83743,117394,16145.01,30106807.734904
2025-03-11 05:00:00,1869.06,1914.25,1866.62,1893.6,45804.7384,2025-03-11 05:59:59.999,86837398.544425,177308,23916.5105,45329625.42029
2025-03-11 06:00:00,1893.6,1905.6,1881.74,1884.83,21321.7011,2025-03-11 06:59:59.999,40389655.593405,106212,10335.2308,19574881.403631
2025-03-11 07:00:00,1884.82,1908.99,1882.98,1904.1,29352.459,2025-03-11 07:59:59.999,55744300.13825,129592,17900.2774,33998163.62708
2025-03-11 08:00:00,1904.1,1920.0,1899.57,1907.5,30995.0341,2025-03-11 08:59:59.999,59210385.380283,143203,17144.5596,32755652.674958
2025-03-11 09:00:00,1907.5,1929.68,1906.18,1917.29,40984.6965,2025-03-11 09:59:59.999,78697150.525651,141012,20519.4906,39408172.6349
2025-03-11 10:00:00,1917.29,1928.84,1910.69,1921.72,20313.261,2025-03-11 10:59:59.999,39012453.582737,87994,8745.2415,16799989.547376
2025-03-11 11:00:00,1921.71,1926.0,1906.05,1914.12,29574.7304,2025-03-11 11:59:59.999,56630457.78571,122516,12272.7188,23504546.390721
2025-03-11 12:00:00,1914.12,1915.58,1887.01,1894.9,46506.6862,2025-03-11 12:59:59.999,88317847.591402,166192,21212.7795,40260268.900509
2025-03-11 13:00:00,1894.91,1962.98,1867.0,1903.31,132070.3869,2025-03-11 13:59:59.999,252316916.325201,415058,68854.9601,131617670.351354
2025-03-11 14:00:00,1903.31,1912.63,1840.53,1866.89,125356.7604,2025-03-11 14:59:59.999,235151446.344181,436885,61718.7964,115768674.381361
2025-03-11 15:00:00,1866.88,1925.99,1864.27,1914.49,59623.387,2025-03-11 15:59:59.999,113420427.056478,244151,31649.4954,60221154.456838
2025-03-11 16:00:00,1914.49,1936.57,1898.77,1918.2,37550.9967,2025-03-11 16:59:59.999,72128388.309399,167128,19577.76,37617719.03826
2025-03-11 17:00:00,1918.2,1918.57,1886.55,1904.91,32316.7605,2025-03-11 17:59:59.999,61502592.131523,146565,14623.0695,27815803.617801
2025-03-11 18:00:00,1904.91,1963.2,1904.19,1953.13,53766.4001,2025-03-11 18:59:59.999,104423240.242056,203965,27360.9428,53120139.133525
2025-03-11 19:00:00,1953.13,1963.0,1942.88,1951.91,24152.6287,2025-03-11 19:59:59.999,47141823.580182,122417,11445.86,22345858.854242
2025-03-11 20:00:00,1951.9,1955.42,1936.09,1936.7,15209.8518,2025-03-11 20:59:59.999,29580004.492082,73529,6103.0118,11867867.390495
2025-03-11 21:00:00,1936.71,1950.61,1936.5,1940.4,9106.8783,2025-03-11 21:59:59.999,17701083.996968,46353,4435.1554,8621198.08562
2025-03-11 22:00:00,1940.4,1952.54,1936.99,1943.7,10323.7902,2025-03-11 22:59:59.999,20081731.346293,64665,5144.9411,10010537.784985
2025-03-11 23:00:00,1943.69,1944.45,1917.17,1923.43,14747.6881,2025-03-11 23:59:59.999,28424195.612185,83130,6186.5956,11922689.450379
2025-03-12 00:00:00,1923.42,1925.26,1905.67,1911.9,17585.4558,2025-03-12 00:59:59.999,33684564.803767,95274,8465.5102,16215014.785396
2025-03-12 01:00:00,1911.9,1932.86,1910.11,1920.6,19799.3266,2025-03-12 01:59:59.999,38044115.725147,93638,10147.2355,19495448.768721
2025-03-12 02:00:00,1920.61,1921.41,1887.42,1895.89,24313.3933,2025-03-12 02:59:59.999,46254586.20129,137073,11290.1111,21482098.329299
2025-03-12 03:00:00,1895.9,1898.6,1867.09,1868.9,27489.2193,2025-03-12 03:59:59.999,51684804.92727,122834,13623.6415,25619892.478484
2025-03-12 04:00:00,1868.89,1868.9,1852.3,1866.8,23820.9856,2025-03-12 04:59:59.999,44331813.6191,133057,12851.5661,23922135.109224
2025-03-12 05:00:00,1866.79,1880.82,1861.87,1878.53,15840.7181,2025-03-12 05:59:59.999,29667330.185188,78271,8840.4289,16556943.783647
2025-03-12 06:00:00,1878.53,1879.08,1853.12,1873.11,18481.2294,2025-03-12 06:59:59.999,34503844.00452,99604,9163.1706,17107316.601735
2025-03-12 07:00:00,1873.11,1916.66,1872.07,1911.26,52422.4788,2025-03-12 07:59:59.999,99586935.276582,213383,30491.7786,57919628.041246
2025-03-12 08:00:00,1911.26,1935.9,1871.11,1928.1,67585.9061,2025-03-12 08:59:59.999,128874803.298398,300968,36219.5135,69087003.767391
2025-03-12 09:00:00,1928.1,1960.0,1877.67,1894.1,97355.1544,2025-03-12 09:59:59.999,186113800.14484,318591,46030.563,88071492.366345
2025-03-12 10:00:00,1894.09,1902.0,1883.7,1900.33,29777.0658,2025-03-12 10:59:59.999,56363940.958861,119345,15147.4376,28677310.837184
2025-03-12 11:00:00,1900.34,1919.39,1900.34,1916.84,20402.7409,2025-03-12 11:59:59.999,38986368.386914,87376,10211.3032,19509485.238602
2025-03-12 12:00:00,1916.85,1947.0,1908.19,1929.58,72671.8458,2025-03-12 12:59:59.999,140099802.001606,267470,39934.1757,76981147.03873
2025-03-12 13:00:00,1929.58,1932.46,1878.56,1887.53,59641.411,2025-03-12 13:59:59.999,113513852.460654,297053,26283.4887,50019762.997809
2025-03-12 14:00:00,1887.53,1896.15,1856.05,1860.8,53768.2453,2025-03-12 14:59:59.999,100744896.940257,220320,25855.757,48439545.347623
2025-03-12 15:00:00,1860.81,1871.14,1829.72,1869.85,62871.9058,2025-03-12 15:59:59.999,116409838.721522,200510,30540.2373,56578990.989139
2025-03-12 16:00:00,1869.86,1884.08,1862.45,1871.64,24923.4496,2025-03-12 16:59:59.999,46689376.977198,125639,11716.0622,21955707.124503
2025-03-12 17:00:00,1871.65,1894.72,1865.6,1867.81,19288.5757,2025-03-12 17:59:59.999,36285369.257912,115664,10839.3622,20407013.395381
2025-03-12 18:00:00,1867.82,1888.19,1865.19,1878.65,16070.1966,2025-03-12 18:59:59.999,30157236.196028,93374,8101.2132,15199682.613582
2025-03-12 19:00:00,1878.64,1886.0,1867.5,1878.25,13371.9546,2025-03-12 19:59:59.999,25095991.119546,87842,6495.3956,12193625.30191
2025-03-12 20:00:00,1878.26,1893.56,1873.7,1891.76,13982.7826,2025-03-12 20:59:59.999,26373809.734557,63781,7075.58,13348672.385322
2025-03-12 21:00:00,1891.77,1906.34,1890.29,1894.64,20337.3921,2025-03-12 21:59:59.999,38642663.751289,67530,11461.6038,21778578.040026
2025-03-12 22:00:00,1894.64,1915.95,1894.49,1910.61,9487.1081,2025-03-12 22:59:59.999,18072589.843951,57732,5083.4628,9687107.655
2025-03-12 23:00:00,1910.62,1911.06,1901.5,1908.2,7451.135,2025-03-12 23:59:59.999,14202334.481783,48592,3496.1058,6663992.004796
2025-03-13 00:00:00,1908.2,1917.12,1897.08,1899.96,12367.7497,2025-03-13 00:59:59.999,23571291.06584,80725,6324.7611,12059498.774362
2025-03-13 01:00:00,1899.98,1913.67,1893.85,1907.01,11774.3508,2025-03-13 01:59:59.999,22413669.456731,72167,6602.8088,12574988.273684
2025-03-13 02:00:00,1907.02,1916.26,1888.73,1889.9,11311.0696,2025-03-13 02:59:59.999,21508432.494181,72047,5338.7963,10161866.0971
2025-03-13 03:00:00,1889.89,1900.93,1882.01,1886.87,16826.4521,2025-03-13 03:59:59.999,31800309.18691,91441,9252.8811,17489763.508712
2025-03-13 04:00:00,1886.87,1891.5,1869.0,1873.79,15424.7327,2025-03-13 04:59:59.999,28993470.95857,89460,7247.6128,13630831.351182
2025-03-13 05:00:00,1873.8,1882.05,1862.3,1867.83,12594.5522,2025-03-13 05:59:59.999,23561096.719448,76535,6148.6469,11509018.343939
2025-03-13 06:00:00,1867.84,1871.68,1858.32,1869.63,22775.8547,2025-03-13 06:59:59.999,42477921.333921,73115,11879.394,22160842.544992
2025-03-13 07:00:00,1869.63,1881.19,1868.69,1872.23,20203.9669,2025-03-13 07:59:59.999,37860397.668175,78214,11650.4141,21832031.825643
2025-03-13 08:00:00,1872.23,1880.51,1853.9,1875.51,21505.0481,2025-03-13 08:59:59.999,40122555.507772,115912,9566.9658,17855589.182579
2025-03-13 09:00:00,1875.5,1895.63,1875.36,1891.04,36269.9854,2025-03-13 09:59:59.999,68428722.668688,122942,20531.3034,38728483.364678
2025-03-13 10:00:00,1891.05,1905.38,1867.53,1900.2,45689.2567,2025-03-13 10:59:59.999,86376046.477045,149155,24262.7778,45883602.640641
2025-03-13 11:00:00,1900.2,1903.35,1887.89,1900.24,19294.3037,2025-03-13 11:59:59.999,36587701.55929,95255,9539.6417,18093591.245255
2025-03-13 12:00:00,1900.24,1923.09,1889.99,1897.02,62323.5683,2025-03-13 12:59:59.999,118676034.011554,157896,27045.7924,51503404.592592
2025-03-13 13:00:00,1897.06,1909.6,1866.5,1871.47,37768.63,2025-03-13 13:59:59.999,71463613.791342,215978,17804.5197,33706210.636381
2025-03-13 14:00:00,1871.47,1897.66,1864.21,1884.55,41900.3309,2025-03-13 14:59:59.999,78883214.819106,193501,21420.1085,40336666.165669
2025-03-13 15:00:00,1884.56,1889.55,1867.18,1875.41,33482.3154,2025-03-13 15:59:59.999,62822021.128725,165338,13803.5171,25907774.687755
2025-03-13 16:00:00,1875.41,1878.1,1851.03,1857.67,26625.4903,2025-03-13 16:59:59.999,49573145.924161,145724,11647.7535,21684794.916125
2025-03-13 17:00:00,1857.68,1861.13,1821.81,1826.95,39913.3589,2025-03-13 17:59:59.999,73446546.122504,189385,16626.9322,30600645.046322
2025-03-13 18:00:00,1826.95,1854.53,1826.29,1851.89,21298.2768,2025-03-13 18:59:59.999,39238316.107667,134148,11720.651,21590749.253068
2025-03-13 19:00:00,1851.89,1858.44,1838.47,1851.82,15432.439,2025-03-13 19:59:59.999,28548565.966961,103395,6515.0832,12052407.18712
2025-03-13 20:00:00,1851.73,1859.85,1839.4,1842.72,12483.0824,2025-03-13 20:59:59.999,23088352.015729,74384,5848.7109,10823774.875002
2025-03-13 21:00:00,1842.72,1862.3,1840.16,1862.29,8316.8571,2025-03-13 21:59:59.999,15385493.176072,52332,4532.4178,8389047.824189
2025-03-13 22:00:00,1862.29,1881.45,1857.76,1879.2,9450.695,2025-03-13 22:59:59.999,17693317.261049,63658,5379.0979,10071492.232244
2025-03-13 23:00:00,1879.14,1883.56,1861.25,1864.59,14504.8955,2025-03-13 23:59:59.999,27108814.021629,75976,6038.114,11294600.199509
2025-03-14 00:00:00,1864.59,1879.64,1861.31,1874.6,9977.9729,2025-03-14 00:59:59.999,18677527.518644,63298,5249.0407,9827184.235708
2025-03-14 01:00:00,1874.6,1889.6,1868.93,1881.6,8514.3209,2025-03-14 01:59:59.999,16008655.422487,52123,4943.1649,9296418.765425
2025-03-14 02:00:00,1881.59,1894.63,1880.2,1892.64,10993.585,2025-03-14 02:59:59.999,20772637.688969,57956,6657.9615,12580739.421845
2025-03-14 03:00:00,1892.64,1893.27,1884.12,1889.29,7947.7613,2025-03-14 03:59:59.999,15000476.178423,41213,3729.2555,7038826.874643
2025-03-14 04:00:00,1889.28,1896.94,1888.9,1890.81,8767.0658,2025-03-14 04:59:59.999,16598298.658568,37728,5681.9776,10758194.445048
2025-03-14 05:00:00,1890.8,1899.58,1887.73,1895.33,7367.3584,2025-03-14 05:59:59.999,13948406.817281,35211,4241.5318,8031093.815051
2025-03-14 06:00:00,1895.33,1896.4,1888.39,1895.16,11745.7056,2025-03-14 06:59:59.999,22223797.490653,54846,6283.7773,11889403.423518
2025-03-14 07:00:00,1895.15,1905.42,1888.25,1893.07,15725.4969,2025-03-14 07:59:59.999,29824224.046575,54752,9229.8372,17515662.384661
2025-03-14 08:00:00,1893.08,1903.0,1891.39,1895.01,18286.7742,2025-03-14 08:59:59.999,34694047.065766,71799,10096.5309,19159873.908108
2025-03-14 09:00:00,1895.01,1899.0,1892.0,1894.56,6741.8287,2025-03-14 09:59:59.999,12778538.586547,47231,3240.094,6141556.309138
2025-03-14 10:00:00,1894.57,1908.93,1889.5,1898.15,14003.3542,2025-03-14 10:59:59.999,26601198.43812,64406,8430.8028,16025174.701973
2025-03-14 11:00:00,1898.16,1906.72,1897.84,1902.4,7761.396,2025-03-14 11:59:59.999,14764103.53054,47503,3209.1992,6104359.04839
2025-03-14 12:00:00,1902.41,1908.59,1894.8,1902.79,11200.4525,2025-03-14 12:59:59.999,21300295.851597,51298,5473.2409,10410668.498486
2025-03-14 13:00:00,1902.79,1914.6,1892.37,1904.87,21957.1409,2025-03-14 13:59:59.999,41815451.896042,105969,11353.8193,21632613.878005
2025-03-14 14:00:00,1904.87,1924.22,1877.69,1919.49,55852.5188,2025-03-14 14:59:59.999,106415688.506084,220329,29275.2663,55793633.945869
2025-03-14 15:00:00,1919.5,1942.48,1914.4,1922.2,54006.0079,2025-03-14 15:59:59.999,104221081.901993,198416,25998.38,50179122.525393
2025-03-14 16:00:00,1922.2,1937.56,1914.19,1936.44,20005.6684,2025-03-14 16:59:59.999,38534200.477412,113177,11057.2929,21304007.335736
2025-03-14 17:00:00,1936.43,1939.99,1927.19,1934.8,17174.2312,2025-03-14 17:59:59.999,33194426.283227,84701,9337.0196,18049799.044423
2025-03-14 18:00:00,1934.81,1945.64,1927.6,1935.02,16784.0532,2025-03-14 18:59:59.999,32502742.228101,78840,9965.1274,19304155.848144
2025-03-14 19:00:00,1935.02,1945.25,1930.8,1934.16,13650.7222,2025-03-14 19:59:59.999,26447837.692151,63529,5930.7809,11489608.678727
2025-03-14 20:00:00,1934.16,1934.94,1916.08,1924.89,14954.8718,2025-03-14 20:59:59.999,28794272.373043,65845,6122.5131,11783845.926603
2025-03-14 21:00:00,1924.9,1925.77,1915.45,1922.49,7217.9651,2025-03-14 21:59:59.999,13860405.659292,36875,3956.262,7596594.571044
2025-03-14 22:00:00,1922.49,1930.5,1920.01,1926.85,7138.8572,2025-03-14 22:59:59.999,13750994.652169,38735,4190.1757,8071047.232502
2025-03-14 23:00:00,1926.85,1926.93,1908.38,1911.65,8030.6264,2025-03-14 23:59:59.999,15393403.789995,42838,3155.6903,6048528.887465
2025-03-15 00:00:00,1911.64,1918.12,1909.39,1915.44,5148.875,2025-03-15 00:59:59.999,9857583.531699,37676,2717.6507,5203138.355275
2025-03-15 01:00:00,1915.44,1920.35,1903.75,1911.4,8603.4099,2025-03-15 01:59:59.999,16449789.218823,42593,2915.8412,5579207.569645
2025-03-15 02:00:00,1911.4,1916.61,1904.36,1914.01,8311.0074,2025-03-15 02:59:59.999,15865672.344741,37668,4090.8794,7811349.03857
2025-03-15 03:00:00,1914.02,1923.37,1913.06,1920.44,8929.7919,2025-03-15 03:59:59.999,17140827.691092,44078,5252.7974,10082206.295874
2025-03-15 04:00:00,1920.43,1935.21,1915.99,1931.7,11873.6901,2025-03-15 04:59:59.999,22864176.035611,45750,7300.2539,14059145.459461
2025-03-15 05:00:00,1931.7,1932.99,1925.12,1928.6,6563.1035,2025-03-15 05:59:59.999,12658153.742808,29037,3543.5764,6834432.456268
2025-03-15 06:00:00,1928.61,1930.54,1923.2,1928.92,5289.6395,2025-03-15 06:59:59.999,10196614.458654,28264,2608.3183,5028162.351176
2025-03-15 07:00:00,1928.92,1929.52,1914.65,1917.66,9607.2472,2025-03-15 07:59:59.999,18441917.416079,37289,3831.4366,7353534.954332
2025-03-15 08:00:00,1917.68,1921.84,1912.7,1921.79,7039.5485,2025-03-15 08:59:59.999,13498515.699201,37642,3544.8673,6798434.910163
2025-03-15 09:00:00,1921.8,1926.52,1914.33,1925.84,5610.9814,2025-03-15 09:59:59.999,10773431.885363,32932,2909.0433,5586645.561865
2025-03-15 10:00:00,1925.83,1929.39,1919.88,1927.4,8111.6345,2025-03-15 10:59:59.999,15615731.264727,39133,3879.8889,7469587.229322
2025-03-15 11:00:00,1927.39,1931.87,1925.75,1929.0,8740.9626,2025-03-15 11:59:59.999,16861615.66236,29715,5777.9931,11146461.411147
2025-03-15 12:00:00,1929.0,1931.33,1923.0,1923.0,7240.2472,2025-03-15 12:59:59.999,13959637.497348,31865,3336.2596,6433140.871236
2025-03-15 13:00:00,1923.01,1933.34,1922.55,1931.16,7334.855,2025-03-15 13:59:59.999,14152809.804261,33950,4092.1037,7894113.504391
2025-03-15 14:00:00,1931.15,1931.15,1923.19,1926.75,6432.8491,2025-03-15 14:59:59.999,12394455.975494,35579,2538.2785,4890726.360772
2025-03-15 15:00:00,1926.74,1939.6,1926.52,1937.83,14510.1559,2025-03-15 15:59:59.999,28087406.47326,41158,6497.4905,12572263.198149
2025-03-15 16:00:00,1937.84,1945.27,1933.33,1937.78,10236.7785,2025-03-15 16:59:59.999,19841300.487958,41516,5061.8487,9811290.882018
2025-03-15 17:00:00,1937.79,1948.22,1935.27,1940.55,10409.6007,2025-03-15 17:59:59.999,20204423.124953,41919,4276.5053,8302800.678305
2025-03-15 18:00:00,1940.55,1945.49,1930.29,1932.9,12726.2771,2025-03-15 18:59:59.999,24659167.882369,39684,3652.1988,7080898.137581
2025-03-15 19:00:00,1932.9,1937.88,1928.76,1937.31,6719.8944,2025-03-15 19:59:59.999,12985740.993701,30716,3290.664,6360593.711785
2025-03-15 20:00:00,1937.32,1949.47,1937.31,1943.86,10848.0357,2025-03-15 20:59:59.999,21097525.627005,39120,4429.5775,8613327.070657
2025-03-15 21:00:00,1943.86,1957.19,1940.0,1950.84,16344.9515,2025-03-15 21:59:59.999,31843531.354788,44265,10056.5738,19597561.015858
2025-03-15 22:00:00,1950.85,1954.93,1939.53,1943.8,8519.6127,2025-03-15 22:59:59.999,16597293.401938,37178,5150.384,10036746.842012
2025-03-15 23:00:00,1943.79,1944.94,1936.37,1937.17,4392.7182,2025-03-15 23:59:59.999,8524661.164161,25702,2428.8239,4713168.639793
2025-03-16 00:00:00,1937.18,1940.87,1931.34,1932.18,7216.8297,2025-03-16 00:59:59.999,13978295.740882,33534,3182.9282,6165969.049459
2025-03-16 01:00:00,1932.19,1934.54,1920.36,1922.49,10675.6473,2025-03-16 01:59:59.999,20565484.666923,47716,4910.9393,9459700.836836
2025-03-16 02:00:00,1922.48,1927.8,1916.56,1922.21,8494.2039,2025-03-16 02:59:59.999,16322144.467969,42675,4793.3762,9213026.332581
2025-03-16 03:00:00,1922.21,1930.36,1921.48,1927.52,4825.6288,2025-03-16 03:59:59.999,9297568.66312,25093,3185.7357,6137226.31455
2025-03-16 04:00:00,1927.52,1929.3,1923.55,1926.74,3575.6206,2025-03-16 04:59:59.999,6888589.845668,24124,2210.4211,4258742.307855
2025-03-16 05:00:00,1926.73,1933.56,1925.71,1932.12,5529.6761,2025-03-16 05:59:59.999,10674350.567986,26004,3510.558,6776449.657098
2025-03-16 06:00:00,1932.12,1934.0,1927.64,1927.91,3736.1854,2025-03-16 06:59:59.999,7215076.524191,19688,1561.3836,3015373.392422
2025-03-16 07:00:00,1927.91,1929.01,1921.53,1925.89,9820.2359,2025-03-16 07:59:59.999,18908303.830976,37300,3346.6263,6443178.32573
2025-03-16 08:00:00,1925.89,1926.92,1918.45,1922.68,7514.9769,2025-03-16 08:59:59.999,14440800.073949,34997,3489.7122,6706731.711585
2025-03-16 09:00:00,1922.68,1923.15,1905.23,1907.76,18703.1435,2025-03-16 09:59:59.999,35758627.812115,64997,5708.612,10917984.32843
2025-03-16 10:00:00,1907.75,1913.68,1903.8,1905.37,15327.612,2025-03-16 10:59:59.999,29256132.364706,55927,6793.3112,12963140.151995
2025-03-16 11:00:00,1905.37,1905.37,1866.9,1874.0,48514.8406,2025-03-16 11:59:59.999,91279462.826433,176818,21547.5964,40508526.323163
2025-03-16 12:00:00,1874.01,1889.46,1873.42,1881.01,16779.754,2025-03-16 12:59:59.999,31552857.196589,80070,8004.5859,15051761.076715
2025-03-16 13:00:00,1881.0,1894.69,1874.36,1879.47,16691.8296,2025-03-16 13:59:59.999,31449723.882737,77941,7446.9524,14037428.956352
2025-03-16 14:00:00,1879.46,1897.13,1878.77,1896.83,11097.2014,2025-03-16 14:59:59.999,20943681.995228,66715,5128.2464,9681588.07123
2025-03-16 15:00:00,1896.82,1898.33,1887.94,1895.01,8934.9866,2025-03-16 15:59:59.999,16914281.596701,61239,3919.7615,7420334.732887
2025-03-16 16:00:00,1895.01,1924.11,1893.43,1906.38,33973.1783,2025-03-16 16:59:59.999,64960341.055006,134107,17423.8499,33324049.803472
2025-03-16 17:00:00,1906.38,1916.47,1903.9,1910.15,10335.6246,2025-03-16 17:59:59.999,19742088.368894,58539,4456.5287,8513567.244972
2025-03-16 18:00:00,1910.16,1910.61,1891.41,1896.11,13708.6416,2025-03-16 18:59:59.999,26040141.201986,60780,5501.6164,10445897.288563
2025-03-16 19:00:00,1896.1,1896.67,1860.38,1882.74,28525.624,2025-03-16 19:59:59.999,53504469.638877,115266,12170.4567,22821324.340571
2025-03-16 20:00:00,1882.73,1895.43,1881.9,1894.86,12476.6854,2025-03-16 20:59:59.999,23557131.738056,60446,6172.4262,11656875.909667
2025-03-16 21:00:00,1894.87,1898.63,1884.75,1889.57,9899.8103,2025-03-16 21:59:59.999,18727617.70186,46728,4335.1737,8204161.630187
2025-03-16 22:00:00,1889.56,1891.28,1874.24,1874.69,10284.9644,2025-03-16 22:59:59.999,19358292.46768,61561,4594.5696,8647837.374482
2025-03-16 23:00:00,1874.68,1888.88,1870.1,1887.0,8123.7555,2025-03-16 23:59:59.999,15284800.663143,54320,4355.2503,8195405.488674
2025-03-17 00:00:00,1887.01,1906.41,1886.36,1901.65,9805.8701,2025-03-17 00:59:59.999,18587488.035522,58132,5500.7809,10429641.518183
2025-03-17 01:00:00,1901.65,1910.69,1896.67,1903.05,10888.0146,2025-03-17 01:59:59.999,20725340.455299,58969,5852.6236,11144202.658069
2025-03-17 02:00:00,1903.04,1913.6,1901.36,1907.66,9450.8797,2025-03-17 02:59:59.999,18025074.405623,45671,4979.2703,9496326.325966
2025-03-17 03:00:00,1907.66,1915.44,1906.54,1908.85,11178.2284,2025-03-17 03:59:59.999,21354305.258221,49301,5442.1882,10396762.434394
2025-03-17 04:00:00,1908.85,1912.99,1902.61,1904.91,8708.0636,2025-03-17 04:59:59.999,16608736.326355,46321,4005.0264,7639262.154669
2025-03-17 05:00:00,1904.91,1905.12,1893.76,1894.19,9407.8778,2025-03-17 05:59:59.999,17875106.890077,42131,3613.4662,6865321.407997
2025-03-17 06:00:00,1894.18,1899.21,1879.98,1893.46,12935.1791,2025-03-17 06:59:59.999,24437013.346679,58482,6612.9184,12492121.290787
2025-03-17 07:00:00,1893.5,1903.2,1891.65,1900.74,7830.203,2025-03-17 07:59:59.999,14867646.574563,48824,4893.9767,9293050.276674
2025-03-17 08:00:00,1900.75,1905.35,1893.0,1903.73,7470.3373,2025-03-17 08:59:59.999,14191157.225388,48314,4765.7836,9054570.093704
2025-03-17 09:00:00,1903.74,1913.22,1900.56,1912.77,11639.8785,2025-03-17 09:59:59.999,22189818.481364,51771,6057.5401,11552695.577725
2025-03-17 10:00:00,1912.76,1918.42,1908.11,1912.95,11356.277,2025-03-17 10:59:59.999,21717285.952231,59049,5655.6668,10817271.855523
2025-03-17 11:00:00,1912.94,1916.91,1908.0,1910.59,7033.406,2025-03-17 11:59:59.999,13453484.393336,41615,3376.4661,6460029.779537
2025-03-17 12:00:00,1910.58,1939.03,1902.8,1908.28,35770.9257,2025-03-17 12:59:59.999,68564801.669823,127786,20024.7703,38392305.439399
2025-03-17 13:00:00,1908.27,1914.26,1894.0,1898.66,18123.9237,2025-03-17 13:59:59.999,34494605.595773,112724,8366.2132,15924929.898978
2025-03-17 14:00:00,1898.66,1912.85,1888.01,1899.84,26578.3631,2025-03-17 14:59:59.999,50495051.531974,130380,14434.3011,27434197.415244
2025-03-17 15:00:00,1899.85,1922.9,1894.14,1919.47,27274.6945,2025-03-17 15:59:59.999,52157923.083825,104963,11392.8286,21785323.848346
2025-03-17 16:00:00,1919.47,1925.51,1907.74,1914.64,14079.7942,2025-03-17 16:59:59.999,26998548.950964,78011,7032.2659,13486747.471377
2025-03-17 17:00:00,1914.64,1935.46,1912.39,1930.65,14329.1133,2025-03-17 17:59:59.999,27615462.577065,69423,6874.4996,13249977.980955
2025-03-17 18:00:00,1930.65,1951.68,1929.99,1948.56,26391.1296,2025-03-17 18:59:59.999,51268385.139198,93641,14804.3651,28767092.490826
2025-03-17 19:00:00,1948.56,1952.4,1940.48,1942.23,16515.4473,2025-03-17 19:59:59.999,32145289.509991,66424,7193.7949,14001590.285015
2025-03-17 20:00:00,1942.22,1942.92,1931.47,1935.25,12007.0817,2025-03-17 20:59:59.999,23252687.259334,49842,4443.2018,8603065.491689
2025-03-17 21:00:00,1935.26,1949.5,1933.62,1941.26,11043.8693,2025-03-17 21:59:59.999,21426744.276682,46727,5302.2589,10290117.225973
2025-03-17 22:00:00,1941.26,1942.85,1932.05,1932.21,7605.2422,2025-03-17 22:59:59.999,14731663.049883,33636,2642.8833,5119647.748816
2025-03-17 23:00:00,1932.2,1932.49,1922.2,1926.31,7416.688,2025-03-17 23:59:59.999,14301354.289137,43887,3527.8882,6803227.050939
2025-03-18 00:00:00,1926.3,1930.25,1919.16,1922.17,6985.822,2025-03-18 00:59:59.999,13446627.413676,40762,3222.4603,6204245.92142
2025-03-18 01:00:00,1922.17,1924.75,1900.04,1903.55,14555.5309,2025-03-18 01:59:59.999,27788869.746484,72584,5794.7661,11057696.704665
2025-03-18 02:00:00,1903.55,1917.68,1902.96,1911.28,12037.9187,2025-03-18 02:59:59.999,23006337.675672,60069,6104.2552,11664045.954211
2025-03-18 03:00:00,1911.28,1911.44,1897.47,1901.17,18487.4529,2025-03-18 03:59:59.999,35203134.405788,72544,4973.9835,9468754.87425
2025-03-18 04:00:00,1901.17,1908.31,1900.0,1904.17,7237.1359,2025-03-18 04:59:59.999,13776662.783034,38792,3223.0031,6137009.040927
2025-03-18 05:00:00,1904.17,1910.41,1904.17,1907.49,5231.682,2025-03-18 05:59:59.999,9977313.867718,33653,2550.2564,4863406.90098
2025-03-18 06:00:00,1907.49,1907.68,1893.86,1898.33,14784.2542,2025-03-18 06:59:59.999,28065080.442422,65880,7631.3231,14485230.681887
2025-03-18 07:00:00,1898.33,1910.08,1897.15,1905.06,10466.9707,2025-03-18 07:59:59.999,19937668.483328,66796,5811.6714,11070148.563446
2025-03-18 08:00:00,1905.05,1913.09,1901.07,1908.6,14063.5742,2025-03-18 08:59:59.999,26806793.917549,57108,6538.5824,12464366.373776
2025-03-18 09:00:00,1908.61,1912.0,1900.0,1901.26,12082.3419,2025-03-18 09:59:59.999,23044079.359909,48583,5287.4886,10085935.481458
2025-03-18 10:00:00,1901.26,1902.98,1885.58,1895.36,20922.741,2025-03-18 10:59:59.999,39626920.922302,70991,8209.8765,15553773.982201
2025-03-18 11:00:00,1895.36,1898.73,1889.09,1892.43,8533.4138,2025-03-18 11:59:59.999,16159614.949218,54408,3481.1563,6591874.112891
2025-03-18 12:00:00,1892.42,1901.0,1889.38,1895.98,12961.9282,2025-03-18 12:59:59.999,24573370.56969,51628,5099.9488,9668142.787427
2025-03-18 13:00:00,1895.98,1903.2,1872.31,1879.81,31060.1605,2025-03-18 13:59:59.999,58545262.683623,142009,13102.58,24693087.414208
2025-03-18 14:00:00,1879.82,1897.2,1875.0,1894.87,22835.2268,2025-03-18 14:59:59.999,43092205.544029,113081,11725.7721,22122016.584426
2025-03-18 15:00:00,1894.86,1898.01,1877.59,1881.02,20420.7535,2025-03-18 15:59:59.999,38560215.001895,91959,8975.8168,16943192.000059
2025-03-18 16:00:00,1881.03,1892.08,1876.02,1887.79,23994.0063,2025-03-18 16:59:59.999,45202302.735544,81936,15533.5247,29264737.545336
2025-03-18 17:00:00,1887.79,1889.56,1874.79,1876.78,11327.3757,2025-03-18 17:59:59.999,21307997.521391,66263,5286.05,9944604.346951
2025-03-18 18:00:00,1876.78,1892.25,1873.6,1890.38,8882.4624,2025-03-18 18:59:59.999,16716099.396169,63079,4681.3177,8809789.9952
2025-03-18 19:00:00,1890.38,1908.39,1888.17,1904.57,12323.8814,2025-03-18 19:59:59.999,23411368.017581,65009,6070.9512,11529912.81714
2025-03-18 20:00:00,1904.57,1910.89,1898.65,1906.56,6373.0862,2025-03-18 20:59:59.999,12137008.913502,43816,3222.238,6137840.295146
2025-03-18 21:00:00,1906.56,1915.0,1905.72,1911.94,8840.1649,2025-03-18 21:59:59.999,16895547.522864,35860,5096.0624,9740734.321264
2025-03-18 22:00:00,1911.94,1920.22,1908.58,1917.93,8920.3735,2025-03-18 22:59:59.999,17079400.607547,49844,5038.8621,9648714.695702
2025-03-18 23:00:00,1917.92,1936.2,1917.92,1931.54,19567.7579,2025-03-18 23:59:59.999,37750115.070376,63156,10116.724,19518614.398998
2025-03-19 00:00:00,1931.54,1949.03,1928.95,1945.36,43753.4991,2025-03-19 00:59:59.999,84885085.423932,99348,22092.7531,42864855.916747
2025-03-19 01:00:00,1945.36,1947.0,1931.4,1931.4,13785.1725,2025-03-19 01:59:59.999,26740441.797947,62203,6021.4152,11682826.278936
2025-03-19 02:00:00,1931.4,1935.0,1927.58,1933.55,11405.377,2025-03-19 02:59:59.999,22025114.062391,49862,5382.7029,10395245.018462
2025-03-19 03:00:00,1933.56,1938.94,1930.35,1938.33,9353.3204,2025-03-19 03:59:59.999,18097603.258969,43950,4378.4339,8472946.569681
2025-03-19 04:00:00,1938.33,1940.18,1930.3,1933.19,20570.8338,2025-03-19 04:59:59.999,39799113.48709,60982,13005.8089,25164027.212422
2025-03-19 05:00:00,1933.19,1940.35,1931.83,1939.04,10376.513,2025-03-19 05:59:59.999,20092244.531795,42858,5186.7673,10043547.75455
2025-03-19 06:00:00,1939.05,1943.14,1934.29,1938.88,8309.4575,2025-03-19 06:59:59.999,16098482.13775,45250,2937.3756,5692369.664442
2025-03-19 07:00:00,1938.88,1939.74,1930.99,1932.0,12508.1669,2025-03-19 07:59:59.999,24211557.698411,53793,4230.5195,8190007.705743
2025-03-19 08:00:00,1932.0,1944.44,1931.7,1940.4,8758.2454,2025-03-19 08:59:59.999,16982294.846009,48769,4544.9199,8814104.30442
2025-03-19 09:00:00,1940.4,1946.65,1938.14,1943.69,7416.9393,2025-03-19 09:59:59.999,14403056.320324,47157,3428.4553,6658196.145289
2025-03-19 10:00:00,1943.69,1990.29,1942.61,1973.51,74971.9518,2025-03-19 10:59:59.999,147853490.979912,186069,34014.9347,67036539.104615
2025-03-19 11:00:00,1973.51,2033.79,1973.41,2027.99,86511.2097,2025-03-19 11:59:59.999,173978333.759791,276219,47800.8787,96081496.482508
2025-03-19 12:00:00,2028.0,2029.94,1994.65,2004.01,40947.7967,2025-03-19 12:59:59.999,82344487.341588,158364,18062.7191,36321572.029363
2025-03-19 13:00:00,2004.0,2022.92,1998.13,2016.59,39065.6769,2025-03-19 13:59:59.999,78609906.929802,190544,20019.3652,40283709.962045
2025-03-19 14:00:00,2016.6,2041.68,2016.25,2030.87,36970.3495,2025-03-19 14:59:59.999,74985855.615539,156257,16739.5433,33958787.234243
2025-03-19 15:00:00,2030.88,2056.99,2026.01,2048.99,36100.5824,2025-03-19 15:59:59.999,73699119.889763,128668,19899.8058,40624887.163147
2025-03-19 16:00:00,2049.0,2051.01,2036.29,2048.34,31862.9308,2025-03-19 16:59:59.999,65110846.317026,105411,12210.8981,24952864.590485
2025-03-19 17:00:00,2048.34,2049.28,2015.33,2027.69,35050.8028,2025-03-19 17:59:59.999,71125859.953636,114702,17449.3704,35409351.905202
2025-03-19 18:00:00,2027.7,2064.91,1997.33,2045.88,83229.0421,2025-03-19 18:59:59.999,168962784.728842,279183,40319.9055,81905273.139112
2025-03-19 19:00:00,2045.87,2053.04,2021.0,2031.06,28934.5924,2025-03-19 19:59:59.999,58909176.208514,160429,13563.0943,27613305.070349
2025-03-19 20:00:00,2031.07,2045.24,2028.58,2034.2,10964.8353,2025-03-19 20:59:59.999,22344145.372635,70472,5621.5226,11455325.840269
2025-03-19 21:00:00,2034.19,2046.88,2033.48,2040.46,8651.1006,2025-03-19 21:59:59.999,17653738.302242,56993,4412.3315,9004093.088631
2025-03-19 22:00:00,2040.45,2057.91,2036.21,2049.21,14702.5821,2025-03-19 22:59:59.999,30081824.49924,83221,7149.749,14634723.979727
2025-03-19 23:00:00,2049.22,2069.9,2042.42,2056.06,17608.5254,2025-03-19 23:59:59.999,36199335.01847,93976,9695.0998,19929898.101643
2025-03-20 00:00:00,2056.05,2067.9,2028.68,2033.0,22022.9331,2025-03-20 00:59:59.999,45103285.089197,122052,8833.0136,18098597.827676
2025-03-20 01:00:00,2033.0,2041.98,2022.5,2026.92,12506.457,2025-03-20 01:59:59.999,25406215.441241,76793,4830.1849,9810718.519593
2025-03-20 02:00:00,2026.92,2034.35,2023.23,2033.25,11338.2179,2025-03-20 02:59:59.999,22998948.333642,68917,5437.3406,11030679.411395
2025-03-20 03:00:00,2033.26,2034.8,2020.41,2022.75,9640.9508,2025-03-20 03:59:59.999,19553818.480506,41765,4655.9823,9446909.446729
2025-03-20 04:00:00,2022.75,2025.6,2018.2,2021.4,11822.0056,2025-03-20 04:59:59.999,23905902.113239,43942,4463.8548,9026445.077974
2025-03-20 05:00:00,2021.39,2021.86,2012.21,2017.18,11354.5152,2025-03-20 05:59:59.999,22893852.527002,40508,3693.4465,7448245.053554
2025-03-20 06:00:00,2017.17,2022.23,2007.18,2012.97,16267.6202,2025-03-20 06:59:59.999,32777152.935515,52817,5955.6557,11999919.724024
2025-03-20 07:00:00,2012.98,2015.78,2005.2,2007.54,16869.5134,2025-03-20 07:59:59.999,33918502.077226,52765,6858.0185,13788319.482543
2025-03-20 08:00:00,2007.55,2021.27,2003.03,2019.48,14624.318,2025-03-20 08:59:59.999,29409524.076099,58736,9405.4429,18911265.44736
2025-03-20 09:00:00,2019.47,2019.47,2003.12,2005.78,13975.4909,2025-03-20 09:59:59.999,28092634.312778,55029,6444.4472,12952725.261764
2025-03-20 10:00:00,2005.77,2006.07,1972.4,1982.53,39286.7221,2025-03-20 10:59:59.999,77998422.021435,160070,15571.3765,30905351.349493
2025-03-20 11:00:00,1982.54,1994.0,1982.32,1989.08,15160.7719,2025-03-20 11:59:59.999,30164599.683141,64815,6001.7005,11940523.9612
2025-03-20 12:00:00,1989.09,1999.0,1985.35,1996.6,9813.402,2025-03-20 12:59:59.999,19550262.307249,57723,4894.6166,9752118.475309
2025-03-20 13:00:00,1996.61,1998.49,1979.11,1985.98,17975.6137,2025-03-20 13:59:59.999,35760922.878582,103527,7616.4968,15157281.2584
2025-03-20 14:00:00,1985.98,2010.66,1984.84,2003.78,21370.183,2025-03-20 14:59:59.999,42739094.141201,134571,12015.4264,24027851.612361
2025-03-20 15:00:00,2003.78,2004.2,1965.85,1972.17,37028.9992,2025-03-20 15:59:59.999,73300405.90381,186891,16476.5087,32603176.074037
2025-03-20 16:00:00,1972.01,1980.26,1952.17,1958.67,31329.5092,2025-03-20 16:59:59.999,61519751.79955,152767,14695.3524,28856227.864849
2025-03-20 17:00:00,1958.67,1973.5,1957.95,1970.88,38538.3339,2025-03-20 17:59:59.999,75774311.756352,107437,23644.2918,46488708.024448
2025-03-20 18:00:00,1970.89,1979.03,1967.38,1967.81,13225.6063,2025-03-20 18:59:59.999,26108232.232848,68312,6748.0892,13317524.505865
2025-03-20 19:00:00,1967.81,1979.45,1967.21,1974.75,9405.461,2025-03-20 19:59:59.999,18566924.867195,67984,4936.3041,9746252.453051
2025-03-20 20:00:00,1974.76,1982.53,1971.33,1979.43,7197.3152,2025-03-20 20:59:59.999,14238096.140817,34836,2973.401,5882244.348713
2025-03-20 21:00:00,1979.44,1984.88,1975.25,1977.27,6071.6407,2025-03-20 21:59:59.999,12020313.610005,40658,2990.2,5920741.747576
2025-03-20 22:00:00,1977.27,1982.78,1972.83,1976.69,5589.3657,2025-03-20 22:59:59.999,11052469.192913,47426,2396.8971,4739802.460745
2025-03-20 23:00:00,1976.69,1984.22,1971.99,1983.79,9103.9822,2025-03-20 23:59:59.999,17998062.016026,44678,4180.2891,8266157.74276
2025-03-21 00:00:00,1983.79,1994.0,1981.7,1991.42,10738.7424,2025-03-21 00:59:59.999,21352159.699908,64558,5888.5071,11708914.739257
2025-03-21 01:00:00,1991.42,1996.73,1984.51,1994.28,8858.089,2025-03-21 01:59:59.999,17642757.556105,54195,3795.0374,7559330.490574
2025-03-21 02:00:00,1994.29,1995.25,1984.91,1987.79,7390.1125,2025-03-21 02:59:59.999,14701461.020309,42244,2862.8076,5695058.766567
2025-03-21 03:00:00,1987.79,1988.22,1973.0,1978.17,9200.0757,2025-03-21 03:59:59.999,18212834.268555,52753,3395.9265,6721930.879313
2025-03-21 04:00:00,1978.16,1989.95,1977.97,1983.34,5229.3299,2025-03-21 04:59:59.999,10378267.181447,37990,2650.759,5260096.643772
2025-03-21 05:00:00,1983.33,1983.58,1968.12,1974.43,8145.8729,2025-03-21 05:59:59.999,16085741.596484,57188,3165.619,6250855.57553
2025-03-21 06:00:00,1974.44,1978.79,1967.38,1973.47,8261.6385,2025-03-21 06:59:59.999,16298791.782749,56274,3634.8213,7171250.826412
2025-03-21 07:00:00,1973.47,1977.7,1966.52,1976.78,11211.0989,2025-03-21 07:59:59.999,22102894.904207,61296,5113.3677,10083141.617197
2025-03-21 08:00:00,1976.79,1982.33,1964.51,1974.91,10671.8101,2025-03-21 08:59:59.999,21055497.713537,70452,5439.5039,10734422.651612
2025-03-21 09:00:00,1974.92,1979.66,1967.46,1969.2,11925.5008,2025-03-21 09:59:59.999,23541283.142338,65229,5202.3831,10269618.970833
2025-03-21 10:00:00,1969.19,1973.04,1956.6,1967.79,13068.0088,2025-03-21 10:59:59.999,25671434.521265,69155,6444.1718,12661254.901619
2025-03-21 11:00:00,1967.79,1968.89,1962.0,1966.81,7620.3879,2025-03-21 11:59:59.999,14974895.606983,51623,4533.6474,8908842.115421
2025-03-21 12:00:00,1966.81,1973.99,1938.33,1946.16,26373.1662,2025-03-21 12:59:59.999,51484993.969103,100147,11777.4933,23001930.358079
2025-03-21 13:00:00,1946.16,1956.05,1937.1,1952.53,20301.794,2025-03-21 13:59:59.999,39531886.17452,117816,11571.1927,22533060.081148
2025-03-21 14:00:00,1952.53,1955.2,1938.64,1954.49,13979.4162,2025-03-21 14:59:59.999,27228153.342406,90580,7644.5343,14893874.6592
2025-03-21 15:00:00,1954.44,1958.49,1946.16,1950.69,10276.6409,2025-03-21 15:59:59.999,20057127.902681,81796,5457.6531,10653881.676101
2025-03-21 16:00:00,1950.69,1969.0,1946.07,1966.78,18836.3451,2025-03-21 16:59:59.999,36902875.689531,86514,10630.2592,20830385.636779
2025-03-21 17:00:00,1966.77,1972.67,1961.31,1968.81,9194.6084,2025-03-21 17:59:59.999,18084937.384348,53138,4595.8964,9040869.787108
2025-03-21 18:00:00,1968.81,1976.69,1963.09,1970.17,14944.8161,2025-03-21 18:59:59.999,29467253.247917,52794,7669.9131,15122128.526515
2025-03-21 19:00:00,1970.17,1977.9,1967.63,1973.93,8903.526,2025-03-21 19:59:59.999,17558577.822178,48715,4944.9535,9751623.389721
2025-03-21 20:00:00,1973.92,1978.49,1972.85,1974.69,6681.8326,2025-03-21 20:59:59.999,13200648.095196,38700,3749.7301,7408117.510359
2025-03-21 21:00:00,1974.68,1983.4,1971.48,1973.99,8112.683,2025-03-21 21:59:59.999,16040854.823908,40326,4024.1023,7958595.091005
2025-03-21 22:00:00,1974.0,1974.45,1962.62,1966.4,6670.6238,2025-03-21 22:59:59.999,13122877.674963,47826,2664.6288,5241540.006492
2025-03-21 23:00:00,1966.39,1970.78,1964.35,1965.75,6045.5393,2025-03-21 23:59:59.999,11889740.737916,29260,3816.1305,7504177.772427
2025-03-22 00:00:00,1965.74,1983.34,1964.34,1980.74,10042.7447,2025-03-22 00:59:59.999,19847861.585656,51434,5972.0208,11804973.026341
2025-03-22 01:00:00,1980.75,1987.23,1973.09,1974.7,7610.727,2025-03-22 01:59:59.999,15069931.916514,38822,3395.5232,6725660.57682
2025-03-22 02:00:00,1974.7,1985.86,1973.55,1982.66,4619.9792,2025-03-22 02:59:59.999,9154659.641641,33770,2191.2852,4342277.484482
2025-03-22 03:00:00,1982.67,1986.87,1976.17,1986.04,7969.0348,2025-03-22 03:59:59.999,15806284.678689,36258,3687.1785,7315207.274192
2025-03-22 04:00:00,1986.07,1990.89,1985.63,1989.03,6931.5305,2025-03-22 04:59:59.999,13785045.365413,28443,3269.4594,6501966.093152
2025-03-22 05:00:00,1989.02,1989.42,1983.92,1987.71,5624.8482,2025-03-22 05:59:59.999,11177070.333289,22836,2078.4469,4129695.219139
2025-03-22 06:00:00,1987.7,1993.1,1985.61,1988.03,4892.8516,2025-03-22 06:59:59.999,9734857.258084,24683,2188.8308,4355566.567767
2025-03-22 07:00:00,1988.02,1990.61,1983.23,1984.23,4583.2985,2025-03-22 07:59:59.999,9109625.224955,23540,1881.1581,3739068.082354
2025-03-22 08:00:00,1984.22,1990.28,1981.68,1988.26,5424.1382,2025-03-22 08:59:59.999,10770993.347476,27206,2295.4888,4558752.940032
2025-03-22 09:00:00,1988.25,2006.61,1988.25,1993.78,19010.753,2025-03-22 09:59:59.999,37990940.621355,73898,10927.9307,21841059.350263
2025-03-22 10:00:00,1993.78,2000.2,1993.2,1996.12,10367.0568,2025-03-22 10:59:59.999,20694445.8289,36853,3911.6864,7809138.937505
2025-03-22 11:00:00,1996.12,1997.1,1987.52,1990.41,7826.2845,2025-03-22 11:59:59.999,15588145.780397,33977,2968.9805,5913661.143638
2025-03-22 12:00:00,1990.41,1996.36,1988.03,1995.32,6457.3627,2025-03-22 12:59:59.999,12872436.509198,30900,3866.9186,7708351.212963
2025-03-22 13:00:00,1995.32,1997.75,1985.08,1990.23,9230.7502,2025-03-22 13:59:59.999,18369720.205179,36756,4171.2973,8300772.816473
2025-03-22 14:00:00,1990.22,1992.86,1983.52,1984.54,6745.8545,2025-03-22 14:59:59.999,13405197.2066,35646,3176.5969,6313878.02262
2025-03-22 15:00:00,1984.54,1988.4,1981.12,1986.29,7431.696,2025-03-22 15:59:59.999,14741668.944746,36946,3964.9264,7864270.483141
2025-03-22 16:00:00,1986.29,1989.79,1982.52,1985.38,4967.7656,2025-03-22 16:59:59.999,9865752.041075,30372,2710.5756,5383345.626489
2025-03-22 17:00:00,1985.38,1994.39,1985.38,1992.66,6306.3076,2025-03-22 17:59:59.999,12552533.874297,35631,3881.6423,7726473.793862
2025-03-22 18:00:00,1992.65,2000.0,1991.0,1995.32,5889.396,2025-03-22 18:59:59.999,11753177.067413,27693,3578.308,7141641.812614
2025-03-22 19:00:00,1995.33,1998.3,1993.26,1995.94,4118.5992,2025-03-22 19:59:59.999,8220463.292838,25277,2069.3638,4130197.428604
2025-03-22 20:00:00,1995.95,2004.3,1993.12,1993.5,6250.9055,2025-03-22 20:59:59.999,12497312.647539,32426,3497.3961,6994158.051609
2025-03-22 21:00:00,1993.5,1995.16,1984.0,1986.23,6367.0512,2025-03-22 21:59:59.999,12673016.42571,37957,2827.4029,5629485.970039
2025-03-22 22:00:00,1986.23,1990.13,1983.8,1985.01,3411.5742,2025-03-22 22:59:59.999,6778859.731889,27966,1764.2945,3505953.203716
2025-03-22 23:00:00,1985.01,1985.76,1974.78,1980.69,8702.4477,2025-03-22 23:59:59.999,17219365.790466,43856,3140.5313,6214195.44662
2025-03-23 00:00:00,1980.68,1986.57,1976.81,1985.52,6239.1887,2025-03-23 00:59:59.999,12372346.57715,36610,3153.4845,6253303.806762
2025-03-23 01:00:00,1985.53,1998.75,1984.74,1998.04,7960.7269,2025-03-23 01:59:59.999,15859365.135599,37971,4197.9109,8363435.761802
2025-03-23 02:00:00,1998.04,2003.54,1993.07,2001.72,8497.9708,2025-03-23 02:59:59.999,16988803.61058,36621,5032.9041,10063702.929605
2025-03-23 03:00:00,2001.71,2008.73,1996.66,2008.31,7954.7356,2025-03-23 03:59:59.999,15936951.301649,36663,4064.0796,8144017.343934
2025-03-23 04:00:00,2008.32,2008.62,1998.91,2000.24,9150.2982,2025-03-23 04:59:59.999,18326879.400567,28230,5008.3296,10030710.36213
2025-03-23 05:00:00,2000.25,2001.03,1992.08,1999.67,53909.2852,2025-03-23 05:59:59.999,107570121.221366,59974,36916.7143,73652880.548878
2025-03-23 06:00:00,1999.67,2005.25,1997.17,2002.72,8937.3174,2025-03-23 06:59:59.999,17884620.043433,26458,4497.914,9001100.902919
2025-03-23 07:00:00,2002.72,2019.8,2001.42,2008.04,12725.9158,2025-03-23 07:59:59.999,25583142.331034,37358,7343.8349,14768526.869322
2025-03-23 08:00:00,2008.04,2016.25,2005.72,2009.73,10185.0325,2025-03-23 08:59:59.999,20483444.607338,39331,4913.7533,9881118.598137
2025-03-23 09:00:00,2009.73,2016.0,2009.73,2014.25,6491.6088,2025-03-23 09:59:59.999,13071821.705404,31295,3286.6008,6617957.316062
2025-03-23 10:00:00,2014.26,2020.74,2011.92,2013.24,9696.5003,2025-03-23 10:59:59.999,19543961.523106,36349,4265.4773,8598586.558304
2025-03-23 11:00:00,2013.25,2020.19,2002.9,2008.01,14073.1013,2025-03-23 11:59:59.999,28326039.769924,58518,6417.5127,12919610.592468
2025-03-23 12:00:00,2008.01,2013.64,2006.56,2009.17,7847.5426,2025-03-23 12:59:59.999,15772470.153053,37302,2920.8932,5870791.122681
2025-03-23 13:00:00,2009.18,2020.0,2004.81,2018.49,10101.4675,2025-03-23 13:59:59.999,20349476.093264,42585,4720.4747,9511947.911303
2025-03-23 14:00:00,2018.5,2020.2,2002.52,2004.35,13733.3749,2025-03-23 14:59:59.999,27600371.136445,53188,6023.5184,12104749.534726
2025-03-23 15:00:00,2004.34,2012.0,2003.53,2007.06,10081.672,2025-03-23 15:59:59.999,20238050.567565,44972,4916.5572,9869054.568515
2025-03-23 16:00:00,2007.06,2008.23,1996.23,1997.27,12246.618,2025-03-23 16:59:59.999,24518382.487311,55085,4959.5832,9929804.557404
2025-03-23 17:00:00,1997.28,2002.73,1987.5,1992.95,12168.2255,2025-03-23 17:59:59.999,24275991.103336,48384,5185.7695,10345654.262201
2025-03-23 18:00:00,1992.96,1999.5,1989.99,1997.32,8431.2453,2025-03-23 18:59:59.999,16807374.369298,32335,4117.5209,8209501.256804
2025-03-23 19:00:00,1997.32,1998.2,1992.94,1996.3,4431.9811,2025-03-23 19:59:59.999,8846702.117878,26670,2471.1136,4932769.926162
2025-03-23 20:00:00,1996.3,2000.71,1992.1,1992.42,5155.5092,2025-03-23 20:59:59.999,10296401.881909,27383,2433.8295,4861309.449842
2025-03-23 21:00:00,1992.42,1996.47,1986.07,1995.06,8248.3019,2025-03-23 21:59:59.999,16423477.448442,33197,4267.6513,8497729.270065
2025-03-23 22:00:00,1995.07,1998.69,1980.77,1987.38,13380.6403,2025-03-23 22:59:59.999,26639805.626267,64335,6297.8501,12539447.388742
2025-03-23 23:00:00,1987.39,2006.68,1987.19,2005.99,7059.2635,2025-03-23 23:59:59.999,14094044.540333,43066,4132.1281,8250909.737403
2025-03-24 00:00:00,2005.99,2021.39,1996.75,1998.79,19589.7774,2025-03-24 00:59:59.999,39350375.43566,90442,10892.2453,21886899.268896
2025-03-24 01:00:00,1998.78,1998.84,1977.67,1980.7,15725.4911,2025-03-24 01:59:59.999,31256530.199342,78618,6459.0657,12837056.716273
2025-03-24 02:00:00,1980.71,1993.64,1978.49,1992.11,15984.3576,2025-03-24 02:59:59.999,31763985.780342,49827,7594.1981,15090388.06997
2025-03-24 03:00:00,1992.11,2017.28,1990.26,2014.48,28093.1114,2025-03-24 03:59:59.999,56411324.183076,92819,14466.4064,29038758.989652
2025-03-24 04:00:00,2014.49,2043.76,2014.49,2040.27,31475.4974,2025-03-24 04:59:59.999,63761183.811359,100396,19349.3557,39207028.997266
2025-03-24 05:00:00,2040.28,2054.19,2038.96,2048.88,30851.7386,2025-03-24 05:59:59.999,63152145.75145,88284,16951.6663,34703036.593194
2025-03-24 06:00:00,2048.89,2075.94,2048.89,2066.64,35570.4108,2025-03-24 06:59:59.999,73492716.145954,113274,17228.8183,35587483.452117
2025-03-24 07:00:00,2066.63,2079.58,2065.93,2069.16,25528.0772,2025-03-24 07:59:59.999,52876679.946414,77885,12176.2164,25219891.055207
2025-03-24 08:00:00,2069.18,2096.32,2068.77,2090.46,33086.6079,2025-03-24 08:59:59.999,68953469.456792,108080,18523.0934,38608528.83148
2025-03-24 09:00:00,2090.46,2095.0,2084.74,2094.3,15435.5531,2025-03-24 09:59:59.999,32250630.122683,65946,6374.8079,13320329.492592
2025-03-24 10:00:00,2094.3,2099.0,2088.17,2094.23,15335.4967,2025-03-24 10:59:59.999,32107243.844826,63082,6922.809,14496324.286924
2025-03-24 11:00:00,2094.24,2104.11,2087.48,2092.77,18848.9549,2025-03-24 11:59:59.999,39485066.506505,74276,8305.071,17403872.24801
2025-03-24 12:00:00,2092.77,2094.7,2078.6,2083.72,18483.4,2025-03-24 12:59:59.999,38545168.337264,80465,7316.1993,15259919.152632
2025-03-24 13:00:00,2083.71,2087.69,2073.47,2082.33,21288.8037,2025-03-24 13:59:59.999,44278098.087033,92041,10981.7485,22844200.547297
2025-03-24 14:00:00,2082.33,2102.49,2077.7,2080.81,32134.674,2025-03-24 14:59:59.999,67143094.962608,133324,16968.336,35468650.609528
2025-03-24 15:00:00,2080.8,2090.77,2075.27,2089.77,13241.0203,2025-03-24 15:59:59.999,27588611.530893,71224,6766.5644,14101510.998171
2025-03-24 16:00:00,2089.76,2093.71,2067.67,2079.15,17475.909,2025-03-24 16:59:59.999,36323744.171333,80060,7762.4349,16137767.757015
2025-03-24 17:00:00,2079.14,2092.93,2077.1,2088.28,17077.1176,2025-03-24 17:59:59.999,35625332.180097,63708,9700.1361,20235887.787646
2025-03-24 18:00:00,2088.28,2101.3,2081.35,2097.25,20472.0265,2025-03-24 18:59:59.999,42816385.495176,66341,11312.7259,23665227.928743
2025-03-24 19:00:00,2097.25,2097.82,2085.35,2088.71,14675.2243,2025-03-24 19:59:59.999,30691477.604613,52423,7045.4509,14733859.494064
2025-03-24 20:00:00,2088.71,2095.41,2082.38,2085.38,7839.2827,2025-03-24 20:59:59.999,16372532.223479,33243,4034.1295,8427271.417203
2025-03-24 21:00:00,2085.37,2092.26,2080.51,2083.59,6745.8061,2025-03-24 21:59:59.999,14069016.785401,34600,3516.9479,7334910.925311
2025-03-24 22:00:00,2083.59,2086.99,2075.8,2077.15,11073.4989,2025-03-24 22:59:59.999,23025093.580589,42663,4944.2746,10280111.193606
2025-03-24 23:00:00,2077.15,2084.14,2068.33,2081.2,11880.9782,2025-03-24 23:59:59.999,24644309.451644,51025,6394.9743,13268699.678809
2025-03-25 00:00:00,2081.2,2097.7,2077.2,2086.33,12464.4542,2025-03-25 00:59:59.999,26029554.761302,63357,7340.9306,15329163.010774
2025-03-25 01:00:00,2086.32,2086.32,2056.09,2065.18,17047.8447,2025-03-25 01:59:59.999,35237139.625168,77418,6970.3111,14402276.09583
2025-03-25 02:00:00,2065.19,2069.96,2062.05,2063.07,13126.4212,2025-03-25 02:59:59.999,27108725.244349,49301,5669.5303,11709122.729834
2025-03-25 03:00:00,2063.08,2065.57,2041.83,2043.26,21138.1852,2025-03-25 03:59:59.999,43375531.667624,79943,7105.9513,14570244.505179
2025-03-25 04:00:00,2043.25,2050.4,2037.08,2046.08,11192.3555,2025-03-25 04:59:59.999,22880348.827712,51809,5380.3516,11000748.148158
2025-03-25 05:00:00,2046.08,2051.91,2040.83,2048.48,6951.538,2025-03-25 05:59:59.999,14225635.609643,39793,3583.5392,7334452.971566
2025-03-25 06:00:00,2048.49,2060.33,2047.05,2055.77,12638.5784,2025-03-25 06:59:59.999,25964794.3849,47544,6290.1101,12923379.671635
2025-03-25 07:00:00,2055.77,2066.98,2050.5,2055.55,14932.4307,2025-03-25 07:59:59.999,30731828.769416,54166,5277.8862,10866630.608357
2025-03-25 08:00:00,2055.56,2063.5,2052.44,2060.84,22360.9033,2025-03-25 08:59:59.999,46051783.216869,61908,3937.1811,8108711.804196
2025-03-25 09:00:00,2060.84,2074.1,2056.85,2070.1,14606.477,2025-03-25 09:59:59.999,30172031.316473,64683,6512.6412,13465585.965558
2025-03-25 10:00:00,2070.1,2075.36,2062.62,2070.71,7975.7024,2025-03-25 10:59:59.999,16503030.565668,41243,3787.6939,7837962.796639
2025-03-25 11:00:00,2070.71,2073.48,2065.71,2068.68,13621.778,2025-03-25 11:59:59.999,28196580.108867,46670,4577.5167,9475506.077082
2025-03-25 12:00:00,2068.68,2070.18,2056.89,2059.6,14327.0512,2025-03-25 12:59:59.999,29556901.066566,52871,5333.6518,11004800.400436
2025-03-25 13:00:00,2059.59,2080.4,2051.88,2061.58,24791.0573,2025-03-25 13:59:59.999,51217408.564105,111164,11236.8791,23224770.944183
2025-03-25 14:00:00,2061.58,2080.0,2053.83,2076.39,21231.2552,2025-03-25 14:59:59.999,43949154.657248,100804,11245.3579,23281143.450528
2025-03-25 15:00:00,2076.39,2079.6,2065.18,2067.67,15164.0682,2025-03-25 15:59:59.999,31439284.609655,64836,6793.895,14087087.022167
2025-03-25 16:00:00,2067.67,2075.19,2059.73,2068.55,12968.4282,2025-03-25 16:59:59.999,26804469.384596,58116,6566.959,13576635.667467
2025-03-25 17:00:00,2068.55,2083.52,2068.55,2076.35,12259.6692,2025-03-25 17:59:59.999,25456160.292917,61876,6632.1929,13772466.024889
2025-03-25 18:00:00,2076.34,2076.77,2056.51,2062.62,10711.5129,2025-03-25 18:59:59.999,22130049.729598,55922,4856.9271,10036584.951252
2025-03-25 19:00:00,2062.62,2078.9,2062.44,2075.64,13616.554,2025-03-25 19:59:59.999,28210516.710039,50704,8470.6928,17548728.204415
2025-03-25 20:00:00,2075.64,2082.99,2063.33,2064.5,11476.6099,2025-03-25 20:59:59.999,23806018.926254,51662,5594.9566,11608554.433892
2025-03-25 21:00:00,2064.51,2077.09,2062.63,2063.65,7291.6767,2025-03-25 21:59:59.999,15086241.847403,35628,3683.0467,7619733.674858
2025-03-25 22:00:00,2063.65,2067.81,2053.85,2062.63,10314.775,2025-03-25 22:59:59.999,21260687.252435,43123,4408.2271,9086851.541811
2025-03-25 23:00:00,2062.63,2069.7,2057.2,2066.15,6556.0028,2025-03-25 23:59:59.999,13526042.641942,33493,3591.8635,7411171.065121
2025-03-26 00:00:00,2066.16,2076.74,2061.2,2071.72,9309.1063,2025-03-26 00:59:59.999,19268948.345742,41049,5397.0182,11170901.296741
2025-03-26 01:00:00,2071.71,2079.21,2066.5,2074.01,10480.8959,2025-03-26 01:59:59.999,21736551.890577,39627,5783.7849,11996207.71702
2025-03-26 02:00:00,2074.02,2074.74,2047.0,2048.5,16531.5199,2025-03-26 02:59:59.999,34020397.379291,63329,6917.3186,14238088.813249
2025-03-26 03:00:00,2048.5,2055.19,2042.6,2049.07,11464.3756,2025-03-26 03:59:59.999,23493124.026616,44176,5865.8419,12020950.040671
2025-03-26 04:00:00,2049.06,2056.92,2047.55,2052.6,11212.5409,2025-03-26 04:59:59.999,23013724.267222,37363,6042.3997,12401230.968157
2025-03-26 05:00:00,2052.59,2068.0,2049.61,2059.12,11770.8119,2025-03-26 05:59:59.999,24230077.750663,39507,6201.3365,12769058.099201
2025-03-26 06:00:00,2059.12,2069.0,2056.84,2067.0,9747.9356,2025-03-26 06:59:59.999,20103677.496738,31347,4645.845,9581609.597339
2025-03-26 07:00:00,2067.01,2071.4,2063.03,2069.25,16781.6629,2025-03-26 07:59:59.999,34701661.147003,51851,5970.6517,12348105.742941
2025-03-26 08:00:00,2069.26,2073.35,2061.8,2063.58,15937.7186,2025-03-26 08:59:59.999,32944594.094066,46340,4869.2201,10067659.464351
2025-03-26 09:00:00,2063.58,2065.49,2057.6,2062.63,16606.442,2025-03-26 09:59:59.999,34235443.444182,50381,4558.3777,9396271.403618
2025-03-26 10:00:00,2062.62,2075.76,2062.36,2073.11,14357.9735,2025-03-26 10:59:59.999,29709786.624605,48006,6302.2107,13043050.228816
2025-03-26 11:00:00,2073.1,2075.0,2066.66,2068.51,14738.8225,2025-03-26 11:59:59.999,30534010.98373,41019,5348.5541,11081903.558636
2025-03-26 12:00:00,2068.52,2070.52,2059.0,2064.64,10868.2733,2025-03-26 12:59:59.999,22427410.931758,41371,4671.1105,9638245.775287
2025-03-26 13:00:00,2064.64,2064.65,2026.98,2028.35,40387.6915,2025-03-26 13:59:59.999,82608992.844778,125229,15078.5126,30830363.175965
2025-03-26 14:00:00,2028.35,2037.82,2006.66,2018.1,54698.9838,2025-03-26 14:59:59.999,110502301.989712,170181,24920.6248,50347976.745674
2025-03-26 15:00:00,2018.1,2021.19,2008.3,2012.27,26505.5513,2025-03-26 15:59:59.999,53417259.491603,84166,12864.3526,25926291.882557
2025-03-26 16:00:00,2012.27,2022.13,2007.24,2014.24,18123.3571,2025-03-26 16:59:59.999,36503744.685596,73237,6381.8763,12855111.901178
2025-03-26 17:00:00,2014.23,2017.0,2003.26,2006.32,31308.8821,2025-03-26 17:59:59.999,62912952.958615,79232,10225.3612,20545729.697001
2025-03-26 18:00:00,2006.32,2013.8,1991.15,1994.68,21872.99,2025-03-26 18:59:59.999,43804440.124693,73494,7547.1938,15113057.078706
2025-03-26 19:00:00,1994.68,2005.13,1981.6,1999.92,28825.1638,2025-03-26 19:59:59.999,57482444.88944,102251,12379.2691,24687274.866188
2025-03-26 20:00:00,1999.91,2017.92,1999.17,2010.5,12560.4147,2025-03-26 20:59:59.999,25248922.410441,55212,7348.8069,14770607.158766
2025-03-26 21:00:00,2010.5,2012.13,1991.85,2008.25,9294.6988,2025-03-26 21:59:59.999,18634722.894805,42423,4284.8154,8590635.496443
2025-03-26 22:00:00,2008.25,2009.39,1995.0,2000.09,8269.9954,2025-03-26 22:59:59.999,16555216.388303,49960,4070.5717,8148256.56193
2025-03-26 23:00:00,2000.08,2010.4,1996.64,2009.52,7319.5212,2025-03-26 23:59:59.999,14666798.406466,37723,3770.0183,7556994.050076
2025-03-27 00:00:00,2009.52,2018.3,2006.78,2017.82,8511.321,2025-03-27 00:59:59.999,17132289.515833,40506,4695.0648,9452851.056345
2025-03-27 01:00:00,2017.82,2025.59,2017.42,2020.34,9963.5556,2025-03-27 01:59:59.999,20142111.314863,47364,5448.5685,11015959.97706
2025-03-27 02:00:00,2020.34,2037.38,2019.59,2030.51,11095.3028,2025-03-27 02:59:59.999,22500595.021331,43872,6315.3924,12809165.114074
2025-03-27 03:00:00,2030.5,2036.77,2027.99,2031.32,11450.1516,2025-03-27 03:59:59.999,23262292.551219,35894,5089.1277,10340591.765527
2025-03-27 04:00:00,2031.32,2032.87,2025.04,2031.01,6724.4828,2025-03-27 04:59:59.999,13640638.458071,31267,2833.1548,5746985.22849
2025-03-27 05:00:00,2031.01,2031.01,2020.95,2022.67,7393.3775,2025-03-27 05:59:59.999,14973831.002488,31015,2770.0372,5610505.360567
2025-03-27 06:00:00,2022.67,2030.18,2022.15,2024.58,7548.6083,2025-03-27 06:59:59.999,15294266.169416,32948,2582.8784,5232753.688115
2025-03-27 07:00:00,2024.57,2028.4,2022.16,2026.43,6329.6506,2025-03-27 07:59:59.999,12818892.165331,34080,2836.547,5744568.435468
2025-03-27 08:00:00,2026.42,2029.3,2018.0,2025.7,10729.6626,2025-03-27 08:59:59.999,21714816.41911,48779,4223.8638,8550448.682504
2025-03-27 09:00:00,2025.71,2032.33,2019.81,2028.78,16953.7471,2025-03-27 09:59:59.999,34355231.614466,56410,5613.6714,11376266.267248
2025-03-27 10:00:00,2028.79,2035.92,2021.4,2024.87,11299.2244,2025-03-27 10:59:59.999,22942174.746315,47494,4828.8489,9805892.911896
2025-03-27 11:00:00,2024.86,2030.31,2012.21,2016.21,15622.2463,2025-03-27 11:59:59.999,31544877.253316,63795,5155.4486,10409550.045365
2025-03-27 12:00:00,2016.21,2025.18,2013.23,2018.02,12192.3061,2025-03-27 12:59:59.999,24616121.262403,59823,5262.4174,10626539.563672
2025-03-27 13:00:00,2018.01,2022.03,1987.06,2003.34,41566.3436,2025-03-27 13:59:59.999,83196928.455806,152767,18190.5128,36409316.262695
2025-03-27 14:00:00,2003.33,2026.04,1996.49,2025.75,43907.3054,2025-03-27 14:59:59.999,88344112.387413,143921,23484.8719,47269956.221244
2025-03-27 15:00:00,2025.76,2026.32,2000.19,2005.49,26491.3309,2025-03-27 15:59:59.999,53364200.514195,95477,8875.3042,17880146.051542
2025-03-27 16:00:00,2005.48,2015.16,2000.46,2000.94,19272.9424,2025-03-27 16:59:59.999,38695135.051211,74220,6871.6639,13797917.709545
2025-03-27 17:00:00,2000.94,2008.39,1993.65,2000.08,19648.1113,2025-03-27 17:59:59.999,39339930.676811,75731,8126.8001,16274642.091954
2025-03-27 18:00:00,2000.08,2014.84,1999.4,2009.2,10732.1171,2025-03-27 18:59:59.999,21541966.670497,57835,5628.8665,11297638.76747
2025-03-27 19:00:00,2009.21,2014.28,2002.76,2004.08,18070.7738,2025-03-27 19:59:59.999,36306498.59481,61594,5862.4162,11777609.295317
2025-03-27 20:00:00,2004.13,2011.37,2000.4,2007.37,16148.6294,2025-03-27 20:59:59.999,32406776.421304,46541,4964.8547,9961375.468988
2025-03-27 21:00:00,2007.37,2020.0,2003.0,2018.0,14705.4614,2025-03-27 21:59:59.999,29596954.852111,48626,7130.9682,14353817.558876
2025-03-27 22:00:00,2018.01,2018.82,2006.52,2007.81,5697.1292,2025-03-27 22:59:59.999,11463188.282725,28529,2799.3322,5632449.682407
2025-03-27 23:00:00,2007.82,2008.7,1999.68,2003.66,8581.0571,2025-03-27 23:59:59.999,17191765.133706,36242,4449.6211,8914689.824599
2025-03-28 00:00:00,2003.67,2007.15,1991.63,2004.88,10898.4069,2025-03-28 00:59:59.999,21793983.228965,56309,4901.5719,9801303.40558
2025-03-28 01:00:00,2004.88,2015.46,1995.0,2008.98,13195.5686,2025-03-28 01:59:59.999,26486782.542765,59528,7769.826,15597858.902787
2025-03-28 02:00:00,2008.99,2015.93,2005.04,2007.74,8970.3385,2025-03-28 02:59:59.999,18030228.899207,44757,4508.0943,9062407.347794
2025-03-28 03:00:00,2007.74,2009.0,1995.36,1999.84,12895.0604,2025-03-28 03:59:59.999,25795767.56641,63635,5402.7828,10804961.350245
2025-03-28 04:00:00,1999.84,2004.7,1900.0,1937.62,87168.1851,2025-03-28 04:59:59.999,169869492.087168,261109,38505.2501,75027178.132978
2025-03-28 05:00:00,1937.62,1937.64,1910.34,1915.63,40423.416,2025-03-28 05:59:59.999,77676523.617021,135973,18703.0812,35940375.65307
2025-03-28 06:00:00,1915.62,1928.48,1911.88,1915.48,26216.9201,2025-03-28 06:59:59.999,50333664.761087,96374,15167.2066,29118067.887316
2025-03-28 07:00:00,1915.49,1921.9,1903.66,1910.21,50752.4211,2025-03-28 07:59:59.999,97076646.217536,120724,28948.8624,55374289.943304
2025-03-28 08:00:00,1910.21,1918.15,1904.51,1907.13,33946.0747,2025-03-28 08:59:59.999,64884054.887509,100542,17966.7892,34349118.305906
2025-03-28 09:00:00,1907.14,1916.0,1902.38,1908.92,20486.4067,2025-03-28 09:59:59.999,39098155.731263,78096,9216.6054,17591900.540221
2025-03-28 10:00:00,1908.93,1915.79,1905.51,1909.7,14543.6411,2025-03-28 10:59:59.999,27794911.480422,61210,7986.1772,15265604.046276
2025-03-28 11:00:00,1909.7,1925.0,1860.0,1900.48,62108.0992,2025-03-28 11:59:59.999,117630805.483163,176443,30140.6708,57116014.853215
2025-03-28 12:00:00,1900.47,1903.87,1880.66,1884.32,40356.7279,2025-03-28 12:59:59.999,76323915.978091,141080,18005.8083,34056909.148753
2025-03-28 13:00:00,1884.33,1902.26,1880.45,1886.82,27417.5976,2025-03-28 13:59:59.999,51906561.332271,117451,13545.4381,25639514.188277
2025-03-28 14:00:00,1886.82,1894.45,1876.34,1887.94,37051.4493,2025-03-28 14:59:59.999,69871339.234727,134065,16622.7462,31352222.230027
2025-03-28 15:00:00,1887.94,1888.67,1871.58,1872.13,31110.3616,2025-03-28 15:59:59.999,58534714.13314,101429,14632.415,27539501.969591
2025-03-28 16:00:00,1872.13,1878.86,1862.14,1869.94,26957.9609,2025-03-28 16:59:59.999,50453518.753997,112275,13408.1824,25095634.482593
2025-03-28 17:00:00,1869.88,1884.7,1865.76,1884.02,16236.7795,2025-03-28 17:59:59.999,30437522.228118,85849,8516.6863,15968265.780556
2025-03-28 18:00:00,1884.01,1887.28,1872.64,1879.4,12384.6156,2025-03-28 18:59:59.999,23280055.180863,59107,6207.765,11668402.548221
2025-03-28 19:00:00,1879.39,1883.85,1870.28,1874.16,11839.0315,2025-03-28 19:59:59.999,22229880.872903,61739,6676.4646,12535366.863253
2025-03-28 20:00:00,1874.17,1891.49,1873.75,1877.29,14756.9692,2025-03-28 20:59:59.999,27791880.408562,54691,8168.966,15385026.599673
2025-03-28 21:00:00,1877.29,1888.88,1873.88,1886.05,8586.0465,2025-03-28 21:59:59.999,16170523.114836,39967,4354.6546,8199999.77411
2025-03-28 22:00:00,1886.04,1901.6,1885.57,1901.42,9421.4077,2025-03-28 22:59:59.999,17837890.774024,45896,5132.9772,9722405.074548
2025-03-28 23:00:00,1901.41,1902.0,1892.57,1896.9,8444.0975,2025-03-28 23:59:59.999,16020535.544367,36838,2843.2553,5394609.556221
2025-03-29 00:00:00,1896.9,1912.58,1894.46,1903.43,10206.5913,2025-03-29 00:59:59.999,19443865.138914,48419,4811.8716,9165458.426366
2025-03-29 01:00:00,1903.44,1913.6,1901.65,1910.01,13215.3928,2025-03-29 01:59:59.999,25216748.878491,53581,6885.437,13140750.822733
2025-03-29 02:00:00,1910.01,1912.81,1893.79,1895.27,10762.6056,2025-03-29 02:59:59.999,20496009.114827,54448,4170.9712,7943320.244094
2025-03-29 03:00:00,1895.27,1905.95,1886.27,1899.83,15726.9016,2025-03-29 03:59:59.999,29836732.561,64554,8515.3637,16160459.058093
2025-03-29 04:00:00,1899.84,1904.96,1891.0,1894.73,9317.0287,2025-03-29 04:59:59.999,17672527.555424,42327,4657.2389,8836278.314837
2025-03-29 05:00:00,1894.72,1895.78,1884.12,1888.41,11574.8725,2025-03-29 05:59:59.999,21870531.730794,41408,5457.8322,10311750.219867
2025-03-29 06:00:00,1888.41,1888.42,1876.53,1882.3,11491.2025,2025-03-29 06:59:59.999,21626407.856477,61142,4916.2104,9251837.67149
2025-03-29 07:00:00,1882.3,1885.22,1875.41,1880.14,16800.0964,2025-03-29 07:59:59.999,31587519.171383,66584,8847.7897,16637298.353514
2025-03-29 08:00:00,1880.14,1885.84,1876.77,1884.57,12849.4253,2025-03-29 08:59:59.999,24179737.310017,87935,4915.4217,9251745.12893
2025-03-29 09:00:00,1884.57,1887.28,1860.39,1877.04,19273.005,2025-03-29 09:59:59.999,36094821.3317,81336,9911.9539,18569201.569017
2025-03-29 10:00:00,1877.04,1880.21,1863.73,1868.79,10354.7371,2025-03-29 10:59:59.999,19397980.58886,68126,4894.2847,9171582.780229
2025-03-29 11:00:00,1868.79,1874.87,1833.5,1844.55,61816.7252,2025-03-29 11:59:59.999,114180251.326164,180039,29242.366,54002875.384944
2025-03-29 12:00:00,1844.55,1857.41,1841.85,1851.78,14365.2065,2025-03-29 12:59:59.999,26578548.271379,69645,7771.9049,14380433.12018
2025-03-29 13:00:00,1851.78,1863.75,1851.46,1859.1,11137.0718,2025-03-29 13:59:59.999,20691109.725388,52444,5997.8609,11142537.472153
2025-03-29 14:00:00,1859.1,1859.45,1844.6,1845.43,10213.1226,2025-03-29 14:59:59.999,18913743.778955,58621,5096.7129,9440829.158012
2025-03-29 15:00:00,1845.43,1849.17,1833.84,1840.24,13792.1733,2025-03-29 15:59:59.999,25385189.855343,56411,6569.9228,12091775.847801
2025-03-29 16:00:00,1840.24,1848.12,1812.02,1822.02,36624.4944,2025-03-29 16:59:59.999,66978857.524749,111081,15957.6751,29201156.112225
2025-03-29 17:00:00,1822.01,1831.19,1797.2,1818.14,52747.7973,2025-03-29 17:59:59.999,95567685.53876,202363,25844.1896,46851236.809342
2025-03-29 18:00:00,1818.15,1828.3,1808.87,1818.18,19758.5148,2025-03-29 18:59:59.999,35965781.817144,93181,9429.8815,17163742.639171
2025-03-29 19:00:00,1818.19,1828.62,1811.97,1827.5,12602.0833,2025-03-29 19:59:59.999,22915795.51882,68380,6925.4674,12595209.306346
2025-03-29 20:00:00,1827.5,1828.15,1812.62,1817.76,14507.3949,2025-03-29 20:59:59.999,26399849.295683,68763,7641.447,13903102.520734
2025-03-29 21:00:00,1817.75,1825.16,1814.14,1817.69,9455.5011,2025-03-29 21:59:59.999,17204116.113142,53738,4583.7016,8339268.710651
2025-03-29 22:00:00,1817.7,1820.21,1811.6,1817.49,5038.2351,2025-03-29 22:59:59.999,9149466.453339,37103,2964.1569,5382329.413691
2025-03-29 23:00:00,1817.49,1830.31,1814.35,1828.08,6139.5764,2025-03-29 23:59:59.999,11192019.415026,34009,3191.4782,5818541.272466
2025-03-30 00:00:00,1828.09,1831.08,1812.69,1826.92,12628.3734,2025-03-30 00:59:59.999,23031347.197559,64700,6364.2654,11607426.299725
2025-03-30 01:00:00,1826.92,1842.81,1825.73,1835.01,13447.2041,2025-03-30 01:59:59.999,24685063.561332,66600,7611.4345,13968840.045134
2025-03-30 02:00:00,1835.01,1844.14,1834.18,1838.94,9451.6485,2025-03-30 02:59:59.999,17385679.985162,45456,5008.9047,9214365.300046
2025-03-30 03:00:00,1838.95,1844.59,1832.12,1834.39,10100.0489,2025-03-30 03:59:59.999,18576992.064492,41950,4718.8467,8679657.384158
2025-03-30 04:00:00,1834.39,1846.85,1834.11,1842.86,6937.2255,2025-03-30 04:59:59.999,12767439.522256,36243,3554.0881,6541256.687596
2025-03-30 05:00:00,1842.86,1845.21,1835.26,1838.07,8363.6952,2025-03-30 05:59:59.999,15398953.091387,30468,3621.5896,6668055.88131
2025-03-30 06:00:00,1838.07,1843.07,1832.56,1839.34,5237.3421,2025-03-30 06:59:59.999,9622802.648558,34180,2291.2456,4210531.614119
2025-03-30 07:00:00,1839.35,1844.25,1836.43,1837.74,4944.6609,2025-03-30 07:59:59.999,9100651.384253,27223,2318.9429,4268412.971986
2025-03-30 08:00:00,1837.74,1849.01,1837.73,1846.99,6781.6879,2025-03-30 08:59:59.999,12506700.960683,33268,3785.0085,6980164.52353
2025-03-30 09:00:00,1847.0,1847.39,1841.24,1843.63,5018.2084,2025-03-30 09:59:59.999,9256873.554357,32329,2231.9531,4117239.428451
2025-03-30 10:00:00,1843.64,1846.04,1826.49,1829.94,11230.5018,2025-03-30 10:59:59.999,20599151.518126,55497,4477.2671,8211473.366319
2025-03-30 11:00:00,1829.94,1841.69,1829.46,1833.27,11374.1574,2025-03-30 11:59:59.999,20859202.651089,52992,5639.51,10341509.024232
2025-03-30 12:00:00,1833.28,1839.71,1829.59,1833.75,7613.9963,2025-03-30 12:59:59.999,13967179.806864,39080,3704.4948,6795626.983713
2025-03-30 13:00:00,1833.76,1835.75,1790.06,1806.68,47275.5556,2025-03-30 13:59:59.999,85599885.293503,134615,22446.268,40651207.186349
2025-03-30 14:00:00,1806.67,1819.46,1803.68,1813.67,15306.1316,2025-03-30 14:59:59.999,27737135.817469,78806,7917.3301,14347946.411671
2025-03-30 15:00:00,1813.68,1826.65,1812.3,1813.75,9893.1443,2025-03-30 15:59:59.999,17983988.355662,56388,4840.1961,8799333.193317
2025-03-30 16:00:00,1813.76,1817.37,1785.41,1795.5,21033.6589,2025-03-30 16:59:59.999,37897051.674118,95749,9809.7034,17677701.034738
2025-03-30 17:00:00,1795.42,1808.98,1787.02,1804.94,16544.9723,2025-03-30 17:59:59.999,29788501.314093,86049,10746.4008,19352803.038638
2025-03-30 18:00:00,1804.94,1825.86,1804.94,1824.89,16221.4301,2025-03-30 18:59:59.999,29489522.319551,79965,9629.7005,17504827.894317
2025-03-30 19:00:00,1824.89,1834.33,1812.56,1814.22,16863.624,2025-03-30 19:59:59.999,30748979.211133,64780,8080.0392,14735952.304406
2025-03-30 20:00:00,1814.22,1818.05,1809.26,1814.96,7141.6529,2025-03-30 20:59:59.999,12959454.251012,37990,3878.3176,7038092.061652
2025-03-30 21:00:00,1814.95,1821.68,1801.38,1805.89,9217.4464,2025-03-30 21:59:59.999,16709868.120691,42060,4634.0581,8404866.920014
2025-03-30 22:00:00,1805.9,1816.87,1767.69,1805.17,41644.8728,2025-03-30 22:59:59.999,74556671.074589,190711,20178.527,36155158.621965
2025-03-30 23:00:00,1805.17,1807.74,1792.85,1807.74,13572.2083,2025-03-30 23:59:59.999,24447544.505609,96111,6635.0558,11951921.877457
2025-03-31 00:00:00,1807.74,1813.14,1776.75,1786.42,23953.4067,2025-03-31 00:59:59.999,42967186.784971,128553,11950.5959,21434022.792945
2025-03-31 01:00:00,1786.43,1820.21,1783.51,1813.87,25333.2829,2025-03-31 01:59:59.999,45806425.49889,130791,13283.4752,24018915.961613
2025-03-31 02:00:00,1813.87,1823.5,1804.3,1811.86,18419.4522,2025-03-31 02:59:59.999,33406004.310474,80340,9893.8143,17946406.454093
2025-03-31 03:00:00,1811.87,1817.55,1795.41,1798.32,16060.2865,2025-03-31 03:59:59.999,28999927.016909,78937,6778.8303,12243356.550489
2025-03-31 04:00:00,1798.32,1809.1,1792.9,1804.94,12242.4193,2025-03-31 04:59:59.999,22048128.628861,75442,5484.0243,9878931.935237
2025-03-31 05:00:00,1804.94,1813.68,1802.49,1809.15,11364.2932,2025-03-31 05:59:59.999,20561098.105823,58727,5666.727,10252788.791562
2025-03-31 06:00:00,1809.16,1811.84,1799.44,1804.09,11460.3082,2025-03-31 06:59:59.999,20688739.238631,62792,5366.1916,9686506.102518
2025-03-31 07:00:00,1804.08,1810.7,1789.1,1798.92,18076.2152,2025-03-31 07:59:59.999,32484386.270588,99725,9162.6345,16469549.221425
2025-03-31 08:00:00,1798.91,1808.09,1794.24,1795.54,18778.8738,2025-03-31 08:59:59.999,33837964.500457,131446,8916.389,16067731.81894
2025-03-31 09:00:00,1795.54,1800.72,1781.25,1786.31,26465.0771,2025-03-31 09:59:59.999,47366198.253065,113740,13807.7259,24719819.093211
2025-03-31 10:00:00,1786.32,1810.48,1777.79,1803.57,24987.4549,2025-03-31 10:59:59.999,44815745.593902,107494,13236.5635,23749152.458066
2025-03-31 11:00:00,1803.58,1819.74,1799.1,1813.43,20340.0781,2025-03-31 11:59:59.999,36787273.425683,83942,11055.7428,20002699.79729
2025-03-31 12:00:00,1813.43,1846.72,1809.2,1834.16,37017.4337,2025-03-31 12:59:59.999,67613850.135713,119270,20438.8461,37335058.039513
2025-03-31 13:00:00,1834.22,1837.37,1794.94,1818.53,45306.2918,2025-03-31 13:59:59.999,82181288.100353,174756,21761.982,39484144.882273
2025-03-31 14:00:00,1818.53,1846.75,1818.28,1839.81,45436.8038,2025-03-31 14:59:59.999,83239840.279968,170276,23738.5845,43500084.931842
2025-03-31 15:00:00,1839.81,1854.22,1837.82,1842.23,31063.3127,2025-03-31 15:59:59.999,57326799.894249,121640,16074.4787,29671728.315718
2025-03-31 16:00:00,1842.22,1847.23,1834.62,1840.18,14445.6802,2025-03-31 16:59:59.999,26606165.478317,75057,6355.7167,11708978.023878
2025-03-31 17:00:00,1840.16,1846.84,1817.23,1825.47,23507.4447,2025-03-31 17:59:59.999,43053486.140861,91179,10289.5075,18837858.66722
2025-03-31 18:00:00,1825.46,1847.34,1825.46,1839.86,12639.6491,2025-03-31 18:59:59.999,23235491.168905,84517,6991.1957,12850552.665428
2025-03-31 19:00:00,1839.85,1845.64,1824.37,1827.71,18373.9195,2025-03-31 19:59:59.999,33699581.328624,87896,8603.5976,15775493.914613
2025-03-31 20:00:00,1827.71,1834.74,1818.64,1819.61,14738.969,2025-03-31 20:59:59.999,26941166.683149,61136,5558.1513,10163723.960345
2025-03-31 21:00:00,1819.6,1829.5,1819.19,1824.72,8655.4692,2025-03-31 21:59:59.999,15801684.671433,40866,4450.6451,8124458.620958
2025-03-31 22:00:00,1824.72,1825.16,1816.4,1824.68,8282.9153,2025-03-31 22:59:59.999,15082211.271395,51473,4286.2714,7804776.471687
2025-03-31 23:00:00,1824.68,1831.9,1820.31,1822.43,10905.8681,2025-03-31 23:59:59.999,19905930.229194,53026,5257.0956,9596887.733714
2025-04-01 00:00:00,1822.43,1843.0,1817.88,1831.94,22628.8655,2025-04-01 00:59:59.999,41417272.740656,86406,12238.0903,22408451.660554
2025-04-01 01:00:00,1831.93,1833.33,1821.03,1826.38,11413.5415,2025-04-01 01:59:59.999,20847641.019201,60714,4987.4343,9108506.836511
2025-04-01 02:00:00,1826.38,1839.39,1824.39,1839.38,10437.1863,2025-04-01 02:59:59.999,19134212.830091,52254,6108.3247,11200108.956204
2025-04-01 03:00:00,1839.38,1841.1,1833.06,1835.0,10613.2322,2025-04-01 03:59:59.999,19497681.966396,43345,4970.1323,9130837.296084
2025-04-01 04:00:00,1835.0,1840.53,1831.95,1838.13,7754.7126,2025-04-01 04:59:59.999,14237928.644249,36978,3648.1208,6699907.683604
2025-04-01 05:00:00,1838.13,1850.32,1836.81,1841.49,10744.0783,2025-04-01 05:59:59.999,19823221.202744,48199,6305.6874,11635898.374258
2025-04-01 06:00:00,1841.49,1867.91,1839.42,1857.66,21137.1824,2025-04-01 06:59:59.999,39183516.276035,95456,11575.405,21471986.133007
2025-04-01 07:00:00,1857.67,1862.63,1852.64,1854.26,10962.3109,2025-04-01 07:59:59.999,20361435.048729,63007,5597.7082,10397082.692166
2025-04-01 08:00:00,1854.26,1892.55,1853.93,1884.33,46107.9976,2025-04-01 08:59:59.999,86622078.391736,157477,27198.3524,51090061.060898
2025-04-01 09:00:00,1884.33,1889.81,1878.01,1885.39,19403.2324,2025-04-01 09:59:59.999,36551093.020801,88138,9372.5906,17655353.177513
2025-04-01 10:00:00,1885.39,1886.0,1872.63,1873.39,15520.7418,2025-04-01 10:59:59.999,29168827.171946,93967,5785.9937,10875838.017563
2025-04-01 11:00:00,1873.39,1873.74,1856.45,1862.36,14893.8123,2025-04-01 11:59:59.999,27788222.087468,95647,6023.9848,11240343.846194
2025-04-01 12:00:00,1862.37,1870.89,1859.66,1865.56,13475.953,2025-04-01 12:59:59.999,25144688.436618,67612,6655.9847,12421064.330107
2025-04-01 13:00:00,1865.57,1881.72,1863.71,1871.84,20400.6938,2025-04-01 13:59:59.999,38200836.269069,127287,10177.4147,19057204.614328
2025-04-01 14:00:00,1871.94,1889.0,1842.42,1882.53,52865.8966,2025-04-01 14:59:59.999,98549506.548235,225109,25307.1292,47205303.308184
2025-04-01 15:00:00,1882.53,1927.9,1882.53,1918.58,70250.3217,2025-04-01 15:59:59.999,134177515.854405,258094,34939.9756,66728640.29533
2025-04-01 16:00:00,1918.59,1924.17,1907.53,1915.8,19876.4616,2025-04-01 16:59:59.999,38075942.902765,117929,9081.0614,17397781.323159
2025-04-01 17:00:00,1915.79,1923.0,1913.93,1915.33,11974.0928,2025-04-01 17:59:59.999,22966412.878351,77682,5709.0283,10950454.514671
2025-04-01 18:00:00,1915.34,1915.81,1901.5,1908.32,11299.5315,2025-04-01 18:59:59.999,21552590.125694,79747,5184.695,9889130.060571
2025-04-01 19:00:00,1908.31,1911.55,1903.07,1910.09,9977.385,2025-04-01 19:59:59.999,19031246.929171,58797,5104.7774,9739507.693793
2025-04-01 20:00:00,1910.1,1915.73,1897.13,1912.84,13174.3568,2025-04-01 20:59:59.999,25124483.03328,60495,6869.0751,13100869.493826
2025-04-01 21:00:00,1912.84,1922.75,1908.82,1915.01,10489.1413,2025-04-01 21:59:59.999,20095893.023279,51397,5498.356,10534816.004356
2025-04-01 22:00:00,1915.02,1920.0,1911.0,1911.9,9626.3062,2025-04-01 22:59:59.999,18438839.290268,53325,5376.8193,10299090.567172
2025-04-01 23:00:00,1911.91,1915.18,1904.7,1904.98,7962.0633,2025-04-01 23:59:59.999,15198956.58219,42546,3577.7722,6830458.729867
2025-04-02 00:00:00,1904.98,1908.41,1887.0,1889.59,12719.2592,2025-04-02 00:59:59.999,24144446.878523,72682,5312.7704,10087973.683406
2025-04-02 01:00:00,1889.59,1896.32,1883.01,1892.41,13432.9056,2025-04-02 01:59:59.999,25378947.192926,73222,6900.9684,13041091.139589
2025-04-02 02:00:00,1892.41,1893.3,1872.39,1878.25,18777.1957,2025-04-02 02:59:59.999,35304668.196179,81339,7321.8442,13766926.69411
2025-04-02 03:00:00,1878.24,1887.2,1875.52,1876.39,9269.7546,2025-04-02 03:59:59.999,17435725.602612,47154,4456.2318,8382562.782978
2025-04-02 04:00:00,1876.4,1883.3,1875.55,1879.13,6576.0694,2025-04-02 04:59:59.999,12359603.399301,41911,3048.8741,5730134.305477
2025-04-02 05:00:00,1879.14,1879.25,1854.75,1855.88,26821.5374,2025-04-02 05:59:59.999,49952330.082181,115846,12662.8889,23579137.190197
2025-04-02 06:00:00,1855.88,1862.89,1852.0,1854.01,13186.3396,2025-04-02 06:59:59.999,24492677.271712,73588,6215.4619,11544211.782442
2025-04-02 07:00:00,1854.0,1866.7,1852.6,1865.06,15885.3739,2025-04-02 07:59:59.999,29553523.060262,83346,8448.2477,15719039.774002
2025-04-02 08:00:00,1865.07,1876.62,1862.62,1867.82,10061.0506,2025-04-02 08:59:59.999,18799162.739818,61227,5039.5405,9419101.03963
2025-04-02 09:00:00,1867.81,1888.05,1866.48,1879.35,16863.6393,2025-04-02 09:59:59.999,31711500.955817,89769,9699.1009,18240313.377185
2025-04-02 10:00:00,1879.34,1887.63,1870.77,1872.68,11183.0682,2025-04-02 10:59:59.999,21013980.614999,79673,4887.092,9184721.146051
2025-04-02 11:00:00,1872.69,1878.26,1868.18,1868.72,8457.9037,2025-04-02 11:59:59.999,15841626.401014,56727,3606.0207,6753793.423798
2025-04-02 12:00:00,1868.73,1873.3,1858.15,1871.91,11970.7485,2025-04-02 12:59:59.999,22327520.425464,87607,5503.2205,10266581.662776
2025-04-02 13:00:00,1871.92,1893.42,1854.27,1871.27,28962.7692,2025-04-02 13:59:59.999,54289971.955259,166488,15156.7567,28422113.315853
2025-04-02 14:00:00,1871.27,1881.56,1857.57,1875.75,22804.5906,2025-04-02 14:59:59.999,42656382.082031,152588,11494.6991,21506942.531907
2025-04-02 15:00:00,1875.74,1919.0,1874.19,1901.21,141904.9216,2025-04-02 15:59:59.999,270098360.278055,476141,72007.2056,137048705.287072
2025-04-02 16:00:00,1901.21,1910.54,1895.06,1902.93,26994.0102,2025-04-02 16:59:59.999,51370860.052759,141015,13198.2545,25118732.524795
2025-04-02 17:00:00,1902.94,1914.09,1882.22,1892.68,37434.016,2025-04-02 17:59:59.999,71155137.273298,185974,18666.3002,35499001.254741
2025-04-02 18:00:00,1892.68,1904.68,1888.45,1898.12,12316.7193,2025-04-02 18:59:59.999,23345356.712932,82788,5668.2923,10744488.950129
2025-04-02 19:00:00,1898.12,1916.1,1893.34,1911.45,15126.1433,2025-04-02 19:59:59.999,28786282.931316,76977,6945.0641,13218329.653456
2025-04-02 20:00:00,1911.45,1957.0,1866.05,1881.25,146724.3196,2025-04-02 20:59:59.999,279930202.571939,527029,74270.4064,141815817.104324
2025-04-02 21:00:00,1881.16,1884.62,1855.0,1867.12,31178.6126,2025-04-02 21:59:59.999,58154038.756534,161462,14148.6389,26388551.30182
2025-04-02 22:00:00,1867.13,1867.32,1789.05,1798.05,74776.5008,2025-04-02 22:59:59.999,136387349.212598,311707,30877.0272,56357875.21218
2025-04-02 23:00:00,1798.05,1802.9,1781.53,1795.22,37413.3334,2025-04-02 23:59:59.999,67049359.914597,161820,18944.4697,33961458.490693
2025-04-03 00:00:00,1795.21,1827.89,1788.97,1820.46,32129.8016,2025-04-03 00:59:59.999,58222233.76342,154068,17528.1009,31762907.734253
2025-04-03 01:00:00,1820.47,1834.88,1814.37,1826.28,23380.4535,2025-04-03 01:59:59.999,42659621.557592,109953,13127.6873,23954276.289798
2025-04-03 02:00:00,1826.29,1832.64,1818.18,1830.25,18314.3661,2025-04-03 02:59:59.999,33433103.890459,82024,9352.7285,17076606.309249
2025-04-03 03:00:00,1830.26,1830.7,1819.56,1824.46,12485.0504,2025-04-03 03:59:59.999,22781134.179174,66950,6292.4275,11481695.284959
2025-04-03 04:00:00,1824.47,1845.26,1822.78,1835.38,18107.286,2025-04-03 04:59:59.999,33199224.492677,74841,11097.3447,20347830.848795
2025-04-03 05:00:00,1835.38,1840.4,1821.14,1821.7,11840.911,2025-04-03 05:59:59.999,21672466.654912,55019,5217.8165,9553288.772029
2025-04-03 06:00:00,1821.71,1827.77,1814.1,1817.28,14196.301,2025-04-03 06:59:59.999,25877825.203271,62939,6652.517,12128817.111183
2025-04-03 07:00:00,1817.28,1822.18,1807.13,1815.31,19028.9802,2025-04-03 07:59:59.999,34527484.300485,95563,9848.2206,17872155.561097
2025-04-03 08:00:00,1815.31,1824.18,1814.85,1821.63,12626.098,2025-04-03 08:59:59.999,22984915.879708,79890,6784.2768,12350702.608311
2025-04-03 09:00:00,1821.64,1823.27,1809.37,1811.34,12989.7389,2025-04-03 09:59:59.999,23609557.953836,71110,5707.004,10374605.797003
2025-04-03 10:00:00,1811.34,1817.61,1790.05,1793.42,25888.9555,2025-04-03 10:59:59.999,46630867.658158,134921,12373.4637,22293078.247932
2025-04-03 11:00:00,1793.42,1802.83,1787.23,1795.13,16495.6626,2025-04-03 11:59:59.999,29611273.56779,100414,8549.4932,15349730.333354
2025-04-03 12:00:00,1795.13,1800.52,1750.0,1759.65,73634.1049,2025-04-03 12:59:59.999,130385877.329729,249454,31047.2421,54994202.986906
2025-04-03 13:00:00,1759.65,1791.84,1756.09,1784.18,46131.3292,2025-04-03 13:59:59.999,81916311.446295,237931,25410.3136,45134672.984726
2025-04-03 14:00:00,1784.18,1785.02,1751.39,1757.97,38496.6553,2025-04-03 14:59:59.999,68144141.69614,209551,17330.4258,30679714.41822
2025-04-03 15:00:00,1757.92,1782.66,1755.22,1782.27,25432.2992,2025-04-03 15:59:59.999,45038567.765303,142121,14732.3034,26096079.62086
2025-04-03 16:00:00,1782.26,1791.04,1770.94,1773.41,17518.8861,2025-04-03 16:59:59.999,31234515.965179,121018,7969.6784,14213562.548688
2025-04-03 17:00:00,1773.42,1782.72,1767.23,1776.45,12753.8889,2025-04-03 17:59:59.999,22632718.887789,82822,4870.3803,8643292.595741
2025-04-03 18:00:00,1776.44,1799.15,1770.18,1788.48,16682.619,2025-04-03 18:59:59.999,29758075.335215,89351,8791.7161,15687097.348919
2025-04-03 19:00:00,1788.48,1795.04,1782.53,1787.12,14843.4096,2025-04-03 19:59:59.999,26536986.880019,103811,7676.3036,13724383.73588
2025-04-03 20:00:00,1787.11,1803.31,1779.78,1799.01,12038.907,2025-04-03 20:59:59.999,21562897.505052,69378,6219.9282,11143709.187225
2025-04-03 21:00:00,1799.01,1818.61,1796.2,1812.46,13475.2462,2025-04-03 21:59:59.999,24311675.634251,63203,6627.0936,11959853.968237
2025-04-03 22:00:00,1812.47,1816.34,1805.66,1811.07,8849.6934,2025-04-03 22:59:59.999,16024983.629626,62366,4311.5773,7807330.975627
2025-04-03 23:00:00,1811.07,1821.84,1803.26,1817.23,10734.3744,2025-04-03 23:59:59.999,19458230.663956,60822,5944.4033,10775101.15856
2025-04-04 00:00:00,1817.23,1823.12,1808.76,1810.42,12278.7431,2025-04-04 00:59:59.999,22310747.142352,64337,6401.469,11633949.371691
2025-04-04 01:00:00,1810.43,1818.17,1771.11,1782.4,34542.9125,2025-04-04 01:59:59.999,61890776.662887,140187,14785.8103,26488915.767495
2025-04-04 02:00:00,1782.4,1803.32,1782.4,1788.88,14196.3878,2025-04-04 02:59:59.999,25467459.442759,82522,6997.2348,12552805.194611
2025-04-04 03:00:00,1788.88,1796.75,1782.55,1792.91,10515.7632,2025-04-04 03:59:59.999,18826039.909168,66944,4776.6818,8550326.649953
2025-04-04 04:00:00,1792.91,1793.94,1784.17,1788.09,7670.5617,2025-04-04 04:59:59.999,13722167.406095,43511,3626.1381,6486731.265206
2025-04-04 05:00:00,1788.09,1806.61,1784.41,1806.08,9120.6891,2025-04-04 05:59:59.999,16396805.903252,52822,4877.2755,8769180.843648
2025-04-04 06:00:00,1806.07,1808.59,1799.41,1800.15,9747.472,2025-04-04 06:59:59.999,17584791.270174,49000,4415.3394,7965216.432975
2025-04-04 07:00:00,1800.15,1821.82,1800.0,1817.93,17811.5407,2025-04-04 07:59:59.999,32309705.827991,88711,9831.1824,17832773.785879
2025-04-04 08:00:00,1817.94,1835.68,1814.82,1828.29,25530.443,2025-04-04 08:59:59.999,46649659.767724,99187,14995.1399,27399258.363208
2025-04-04 09:00:00,1828.3,1833.19,1822.68,1829.41,11704.8247,2025-04-04 09:59:59.999,21396369.017837,54208,5316.7043,9720761.052091
2025-04-04 10:00:00,1829.43,1832.23,1780.75,1783.89,45485.993,2025-04-04 10:59:59.999,81900368.045986,216390,21043.7667,37889436.348932
2025-04-04 11:00:00,1783.88,1788.0,1758.72,1783.88,43370.3284,2025-04-04 11:59:59.999,76986918.761869,197701,18496.6629,32840552.003373
2025-04-04 12:00:00,1783.88,1800.73,1769.45,1788.76,52281.6608,2025-04-04 12:59:59.999,93218121.838697,191251,25985.1874,46333061.977385
2025-04-04 13:00:00,1788.77,1808.98,1772.11,1802.06,43204.5216,2025-04-04 13:59:59.999,77185456.106541,213155,20859.3799,37273056.68368
2025-04-04 14:00:00,1802.06,1805.48,1775.67,1790.13,35624.6083,2025-04-04 14:59:59.999,63734435.674773,191932,18071.8826,32332938.592127
2025-04-04 15:00:00,1790.13,1821.0,1787.28,1795.24,59171.1362,2025-04-04 15:59:59.999,106755258.056036,274819,32186.6047,58085355.791292
2025-04-04 16:00:00,1795.24,1805.4,1783.25,1797.57,31964.8878,2025-04-04 16:59:59.999,57375587.5622,165656,15491.2566,27809124.481301
2025-04-04 17:00:00,1797.57,1828.9,1788.0,1821.35,35573.0452,2025-04-04 17:59:59.999,64454992.514124,142720,19284.6904,34964594.055083
2025-04-04 18:00:00,1821.34,1823.27,1804.76,1806.47,15351.8715,2025-04-04 18:59:59.999,27831928.665979,92452,6539.7546,11852397.679793
2025-04-04 19:00:00,1806.46,1815.78,1802.16,1810.21,16894.3278,2025-04-04 19:59:59.999,30598004.987589,80912,7968.3021,14430626.574521
2025-04-04 20:00:00,1810.21,1822.99,1807.52,1818.94,14972.0714,2025-04-04 20:59:59.999,27145957.014674,51814,6174.1744,11195581.058783
2025-04-04 21:00:00,1818.93,1827.99,1812.82,1818.2,14130.4212,2025-04-04 21:59:59.999,25712437.858457,40243,4836.7219,8803140.144557
2025-04-04 22:00:00,1818.18,1826.43,1815.82,1819.24,5753.8435,2025-04-04 22:59:59.999,10477959.090109,24830,2222.9703,4047928.108036
2025-04-04 23:00:00,1819.24,1820.15,1809.56,1816.87,5836.4157,2025-04-04 23:59:59.999,10586610.614481,22426,2213.4897,4014904.571849
2025-04-05 00:00:00,1816.88,1825.0,1812.55,1822.85,6985.5404,2025-04-05 00:59:59.999,12700960.6719,28379,3318.7037,6036495.296036
2025-04-05 01:00:00,1822.86,1827.29,1819.26,1819.49,8257.7673,2025-04-05 01:59:59.999,15061182.960127,31903,4564.5106,8325911.657336
2025-04-05 02:00:00,1819.5,1821.38,1812.89,1815.6,4967.4994,2025-04-05 02:59:59.999,9026335.397295,27555,2575.1222,4679654.581527
2025-04-05 03:00:00,1815.61,1816.24,1809.39,1810.01,4749.6708,2025-04-05 03:59:59.999,8607210.508195,24554,2216.9264,4017603.19561
2025-04-05 04:00:00,1810.01,1815.75,1807.45,1808.5,4544.9387,2025-04-05 04:59:59.999,8237439.008347,22892,2484.9619,4504109.370012
2025-04-05 05:00:00,1808.5,1815.41,1807.13,1810.01,3059.9706,2025-04-05 05:59:59.999,5544505.981144,18583,1462.9543,2650909.411914
2025-04-05 06:00:00,1810.01,1813.7,1803.99,1809.56,7296.6856,2025-04-05 06:59:59.999,13197280.102506,22391,2550.2403,4613705.163718
2025-04-05 07:00:00,1809.55,1814.53,1807.05,1813.22,4620.163,2025-04-05 07:59:59.999,8365129.093812,21609,2548.8926,4615080.198849
2025-04-05 08:00:00,1813.22,1815.23,1810.0,1813.83,4476.4924,2025-04-05 08:59:59.999,8114267.402313,23766,2123.4761,3848947.976933
2025-04-05 09:00:00,1813.82,1822.04,1813.82,1820.78,7103.2191,2025-04-05 09:59:59.999,12913628.514946,32573,3525.0346,6409036.957416
2025-04-05 10:00:00,1820.79,1821.57,1816.33,1818.12,4011.0135,2025-04-05 10:59:59.999,7294405.883625,28806,1950.1465,3546333.172381
2025-04-05 11:00:00,1818.13,1819.39,1806.56,1807.34,12103.2066,2025-04-05 11:59:59.999,21912542.855567,38025,6221.1833,11262968.441962
2025-04-05 12:00:00,1807.34,1808.3,1792.63,1797.88,11631.4278,2025-04-05 12:59:59.999,20941439.25974,52862,5041.1183,9075227.385037
2025-04-05 13:00:00,1797.88,1798.62,1783.24,1787.04,14786.6361,2025-04-05 13:59:59.999,26455755.641727,65481,7587.7408,13575324.985071
2025-04-05 14:00:00,1787.03,1795.23,1786.39,1790.8,10687.44,2025-04-05 14:59:59.999,19137542.763527,48997,6074.2135,10876896.627399
2025-04-05 15:00:00,1790.79,1790.8,1777.93,1782.01,20233.6157,2025-04-05 15:59:59.999,36110474.428544,54954,7330.7867,13076269.875161
2025-04-05 16:00:00,1782.01,1788.41,1780.23,1784.6,9400.3796,2025-04-05 16:59:59.999,16780677.493132,33058,5073.6912,9057081.380597
2025-04-05 17:00:00,1784.6,1790.11,1782.44,1787.46,3547.834,2025-04-05 17:59:59.999,6339519.846983,22713,2243.7786,4009242.170449
2025-04-05 18:00:00,1787.45,1794.51,1787.08,1793.21,3443.5743,2025-04-05 18:59:59.999,6170322.923281,24969,2072.8394,3714010.949153
2025-04-05 19:00:00,1793.21,1795.38,1780.0,1782.17,4497.8488,2025-04-05 19:59:59.999,8042894.509281,25565,1646.2363,2945390.341957
2025-04-05 20:00:00,1782.17,1805.06,1764.39,1790.6,32600.3773,2025-04-05 20:59:59.999,58266865.319685,105340,15090.3833,26981309.325229
2025-04-05 21:00:00,1790.61,1795.23,1784.76,1790.3,7005.3539,2025-04-05 21:59:59.999,12542164.352449,41378,3446.6894,6171045.768952
2025-04-05 22:00:00,1790.3,1797.81,1790.3,1797.31,5740.9293,2025-04-05 22:59:59.999,10303444.135656,28587,2574.9692,4621174.7286
2025-04-05 23:00:00,1797.31,1810.04,1796.8,1806.01,5964.6854,2025-04-05 23:59:59.999,10756614.943297,36653,2701.0253,4871110.346269
2025-04-06 00:00:00,1806.02,1813.91,1803.06,1810.45,7891.5534,2025-04-06 00:59:59.999,14276083.687695,44445,3757.523,6796326.29671
2025-04-06 01:00:00,1810.45,1817.0,1807.29,1810.5,6984.8359,2025-04-06 01:59:59.999,12653129.249172,39724,3061.7853,5546453.191539
2025-04-06 02:00:00,1810.5,1813.53,1804.3,1804.3,4812.4524,2025-04-06 02:59:59.999,8703151.292502,30606,1885.6752,3410886.423887
2025-04-06 03:00:00,1804.3,1809.81,1801.78,1809.81,5155.0887,2025-04-06 03:59:59.999,9305446.46619,28535,2688.5142,4855129.742427
2025-04-06 04:00:00,1809.81,1811.21,1806.06,1809.72,4452.4849,2025-04-06 04:59:59.999,8052821.362606,29425,2064.9837,3734778.787861
2025-04-06 05:00:00,1809.73,1813.55,1807.0,1811.18,6840.9182,2025-04-06 05:59:59.999,12383813.104219,30896,2741.917,4963838.693752
2025-04-06 06:00:00,1811.19,1812.6,1798.54,1798.55,7755.1953,2025-04-06 06:59:59.999,14005499.765085,38036,3275.0823,5915908.131299
2025-04-06 07:00:00,1798.55,1801.59,1791.49,1797.69,9057.9671,2025-04-06 07:59:59.999,16291003.160875,62099,4400.4793,7914246.891552
2025-04-06 08:00:00,1797.7,1798.2,1783.0,1795.39,12880.3696,2025-04-06 08:59:59.999,23069938.499074,60488,6171.884,11056080.084471
2025-04-06 09:00:00,1795.38,1797.01,1789.49,1791.08,7653.3803,2025-04-06 09:59:59.999,13722458.682858,33817,4157.9412,7454808.673907
2025-04-06 10:00:00,1791.08,1792.28,1785.1,1790.1,9301.1994,2025-04-06 10:59:59.999,16632733.330597,46362,5705.9413,10202556.535853
2025-04-06 11:00:00,1790.1,1791.38,1783.75,1789.19,7121.1257,2025-04-06 11:59:59.999,12725755.197274,38280,3098.3647,5539283.510571
2025-04-06 12:00:00,1789.19,1792.09,1777.04,1777.98,10803.8432,2025-04-06 12:59:59.999,19273784.288036,56761,4586.8236,8185276.774832
2025-04-06 13:00:00,1777.98,1781.0,1735.0,1748.54,64647.0465,2025-04-06 13:59:59.999,113785775.578297,187998,28137.614,49551407.579879
2025-04-06 14:00:00,1748.54,1771.0,1744.85,1770.02,30744.1724,2025-04-06 14:59:59.999,54020996.420593,131375,15742.8445,27666974.742554
2025-04-06 15:00:00,1770.02,1773.78,1758.61,1759.55,19989.653,2025-04-06 15:59:59.999,35252346.888597,68877,10823.8779,19086925.809046
2025-04-06 16:00:00,1759.56,1760.06,1717.11,1731.28,33893.8713,2025-04-06 16:59:59.999,58969183.366416,135679,14489.9007,25212325.010547
2025-04-06 17:00:00,1731.28,1734.0,1669.4,1684.77,98997.6428,2025-04-06 17:59:59.999,168071846.31079,367229,44637.7839,75804398.546952
2025-04-06 18:00:00,1684.77,1684.96,1602.0,1618.28,168635.5013,2025-04-06 18:59:59.999,276189938.367726,523846,79305.183,129796599.224386
2025-04-06 19:00:00,1618.29,1635.96,1608.75,1626.24,93220.5508,2025-04-06 19:59:59.999,151216615.194459,255807,49081.0314,79613868.72892
2025-04-06 20:00:00,1626.24,1631.18,1555.0,1574.65,118688.9021,2025-04-06 20:59:59.999,188598036.288588,315657,52338.3697,83178976.028082
2025-04-06 21:00:00,1574.66,1597.96,1571.04,1587.57,41344.627,2025-04-06 21:59:59.999,65706503.145971,156012,19525.7553,31031583.607733
2025-04-06 22:00:00,1587.57,1608.33,1563.86,1576.99,92388.0761,2025-04-06 22:59:59.999,146629651.382,281500,40209.3197,63823036.069069
2025-04-06 23:00:00,1576.98,1584.64,1537.5,1580.76,116586.6384,2025-04-06 23:59:59.999,181884400.773922,288481,51880.3367,80977739.546131
2025-04-07 00:00:00,1580.77,1586.41,1552.88,1572.9,58777.8057,2025-04-07 00:59:59.999,92408527.824422,209793,26036.5393,40944086.499325
2025-04-07 01:00:00,1572.97,1614.2,1570.7,1598.6,55450.3954,2025-04-07 01:59:59.999,88526186.773292,196658,26655.648,42557096.211066
2025-04-07 02:00:00,1598.59,1601.52,1573.04,1579.29,29148.5226,2025-04-07 02:59:59.999,46283900.615398,126059,13850.9118,21998141.463117
2025-04-07 03:00:00,1579.28,1582.69,1520.78,1543.69,88093.6637,2025-04-07 03:59:59.999,136271578.470064,288363,44016.5033,68098594.796208
2025-04-07 04:00:00,1543.69,1559.13,1534.0,1548.39,56828.5825,2025-04-07 04:59:59.999,87879449.054051,250190,27485.8725,42499168.915641
2025-04-07 05:00:00,1548.4,1561.41,1536.62,1540.37,55264.3925,2025-04-07 05:59:59.999,85470896.797598,213439,29166.1792,45088927.93237
2025-04-07 06:00:00,1540.37,1552.67,1411.01,1431.29,335133.7731,2025-04-07 06:59:59.999,493540194.850742,583881,147027.757,216264557.097714
2025-04-07 07:00:00,1431.45,1477.64,1431.23,1460.15,159485.0623,2025-04-07 07:59:59.999,231800893.944439,396088,78075.5806,113459267.297449
2025-04-07 08:00:00,1460.15,1511.32,1455.63,1495.94,111723.8108,2025-04-07 08:59:59.999,166520007.706786,345891,57879.7302,86235532.957831
2025-04-07 09:00:00,1495.95,1505.93,1476.75,1484.46,56384.7066,2025-04-07 09:59:59.999,84074366.922398,243081,28689.4726,42792438.274346
2025-04-07 10:00:00,1484.45,1520.83,1481.95,1491.35,79408.5782,2025-04-07 10:59:59.999,119242341.814702,292757,43983.1931,66033923.992215
2025-04-07 11:00:00,1491.36,1503.95,1474.61,1483.11,41650.7899,2025-04-07 11:59:59.999,61980918.185043,168271,21305.8397,31707876.510921
2025-04-07 12:00:00,1483.11,1526.98,1478.12,1521.03,91298.0532,2025-04-07 12:59:59.999,137701353.097632,266994,46222.2065,69695708.508262
2025-04-07 13:00:00,1521.02,1558.34,1487.19,1550.47,140311.7317,2025-04-07 13:59:59.999,213546587.622328,355873,74020.2381,112661712.311202
2025-04-07 14:00:00,1550.46,1639.0,1539.19,1569.62,403208.1414,2025-04-07 14:59:59.999,636247806.913386,643192,204034.7996,322089056.72163
2025-04-07 15:00:00,1569.64,1577.5,1533.94,1556.56,111083.087,2025-04-07 15:59:59.999,172666640.932693,263835,55203.1058,85810029.07309
2025-04-07 16:00:00,1556.56,1557.61,1526.0,1529.18,51859.4908,2025-04-07 16:59:59.999,80072324.782012,164956,23295.812,35975009.756499
2025-04-07 17:00:00,1529.18,1572.7,1529.17,1566.15,73082.1237,2025-04-07 17:59:59.999,113576189.376989,182805,36913.7926,57359720.79658
2025-04-07 18:00:00,1566.15,1572.0,1546.93,1549.41,46023.7822,2025-04-07 18:59:59.999,71750382.849773,125139,23558.9451,36738006.096711
2025-04-07 19:00:00,1549.42,1562.78,1542.25,1545.41,40539.4252,2025-04-07 19:59:59.999,62887615.215113,117110,20927.6858,32464417.237454
2025-04-07 20:00:00,1545.47,1579.95,1545.06,1570.94,31675.3445,2025-04-07 20:59:59.999,49592817.037822,85219,18592.4679,29104583.975604
2025-04-07 21:00:00,1570.94,1576.93,1555.0,1568.64,16065.3977,2025-04-07 21:59:59.999,25133733.473328,58202,9302.6319,14551866.858874
2025-04-07 22:00:00,1568.67,1585.5,1565.58,1578.78,16816.2641,2025-04-07 22:59:59.999,26529595.669068,69896,9985.0209,15752388.156251
2025-04-07 23:00:00,1578.78,1582.48,1551.52,1553.04,19483.0819,2025-04-07 23:59:59.999,30495913.398099,75534,9830.1335,15388350.064005
2025-04-08 00:00:00,1553.04,1563.3,1544.43,1544.73,17942.7729,2025-04-08 00:59:59.999,27881197.565139,107419,8694.0076,13512392.812718
2025-04-08 01:00:00,1544.73,1594.0,1541.04,1591.32,37588.4409,2025-04-08 01:59:59.999,59050312.637823,152493,21227.9018,33360999.728485
2025-04-08 02:00:00,1591.31,1618.67,1586.78,1589.69,37899.177,2025-04-08 02:59:59.999,60661620.896924,146305,19347.2381,30980472.153457
2025-04-08 03:00:00,1589.7,1593.0,1579.36,1584.71,14840.1461,2025-04-08 03:59:59.999,23527028.313145,79140,6927.3507,10982953.040317
2025-04-08 04:00:00,1584.71,1602.27,1583.84,1598.79,18941.1732,2025-04-08 04:59:59.999,30206590.016769,94685,9455.3085,15076506.28304
2025-04-08 05:00:00,1598.78,1602.22,1582.08,1591.83,17270.0426,2025-04-08 05:59:59.999,27442049.723327,78174,7509.9827,11932291.146326
2025-04-08 06:00:00,1591.82,1591.82,1574.34,1576.25,17105.3362,2025-04-08 06:59:59.999,27018918.261269,80047,8627.8184,13624589.034376
2025-04-08 07:00:00,1576.28,1578.55,1561.89,1570.83,36725.063,2025-04-08 07:59:59.999,57632138.720785,96797,20574.5871,32277543.586185
2025-04-08 08:00:00,1570.83,1571.49,1554.37,1566.95,18937.8681,2025-04-08 08:59:59.999,29584216.18671,89073,9044.3285,14129197.969123
2025-04-08 09:00:00,1566.95,1575.93,1564.48,1568.23,16319.6933,2025-04-08 09:59:59.999,25623030.230768,93137,9501.5125,14919856.043547
2025-04-08 10:00:00,1568.24,1574.51,1565.23,1566.08,14240.1502,2025-04-08 10:59:59.999,22343175.516587,66513,8297.9836,13019613.63753
2025-04-08 11:00:00,1566.09,1590.08,1564.8,1588.32,30094.5739,2025-04-08 11:59:59.999,47487988.717638,139509,16845.1984,26564296.493961
2025-04-08 12:00:00,1588.32,1593.47,1567.69,1571.5,33511.7649,2025-04-08 12:59:59.999,52873165.876497,135811,18728.0639,29527529.30279
2025-04-08 13:00:00,1571.49,1586.76,1550.82,1568.59,61586.1514,2025-04-08 13:59:59.999,96671985.85775,231534,31306.2642,49154431.161448
2025-04-08 14:00:00,1568.6,1583.22,1530.55,1531.16,55558.0042,2025-04-08 14:59:59.999,86567744.967458,183416,25708.4828,40083333.156971
2025-04-08 15:00:00,1531.17,1539.23,1518.29,1531.77,44725.2813,2025-04-08 15:59:59.999,68383587.68966,147693,21132.5698,32311180.653449
2025-04-08 16:00:00,1531.76,1533.08,1482.27,1486.79,70419.8469,2025-04-08 16:59:59.999,105997364.509,199662,33051.6445,49768605.71803
2025-04-08 17:00:00,1486.84,1489.85,1454.63,1481.04,115487.7001,2025-04-08 17:59:59.999,169997443.122294,280538,55629.215,81863323.754434
2025-04-08 18:00:00,1481.05,1500.58,1471.81,1475.79,58873.5237,2025-04-08 18:59:59.999,87378969.532828,182922,31243.1,46361240.125101
2025-04-08 19:00:00,1475.8,1478.82,1455.17,1466.67,51226.5126,2025-04-08 19:59:59.999,75084564.191401,165795,26264.3947,38502811.413536
2025-04-08 20:00:00,1466.67,1482.63,1460.25,1482.1,23905.185,2025-04-08 20:59:59.999,35193577.587736,100016,13295.9058,19577168.112266
2025-04-08 21:00:00,1482.12,1486.2,1464.01,1477.23,17747.6028,2025-04-08 21:59:59.999,26177200.789817,67344,9267.2492,13666791.53412
2025-04-08 22:00:00,1477.24,1478.48,1441.3,1467.19,48226.5313,2025-04-08 22:59:59.999,70282190.831061,203963,20817.6462,30363650.877047
2025-04-08 23:00:00,1467.18,1476.8,1462.72,1473.41,32673.5911,2025-04-08 23:59:59.999,48073227.235546,247683,17130.3877,25201343.027519
2025-04-09 00:00:00,1473.41,1482.28,1463.79,1467.65,40906.2869,2025-04-09 00:59:59.999,60274719.101984,179341,21306.6965,31388585.345488
2025-04-09 01:00:00,1467.66,1469.15,1385.05,1435.3,188171.2135,2025-04-09 01:59:59.999,267293548.12248,501608,81583.0502,115932227.870346
2025-04-09 02:00:00,1435.31,1454.69,1415.17,1419.04,62877.6744,2025-04-09 02:59:59.999,90377994.696055,206466,29983.3938,43108284.442742
2025-04-09 03:00:00,1419.04,1426.63,1407.81,1418.8,56946.4753,2025-04-09 03:59:59.999,80803036.859201,158559,27468.1634,38970260.112934
2025-04-09 04:00:00,1418.79,1450.6,1414.77,1440.72,74952.8593,2025-04-09 04:59:59.999,107527810.883883,182807,43545.7227,62483247.251141
2025-04-09 05:00:00,1440.71,1464.8,1439.47,1459.15,48935.3658,2025-04-09 05:59:59.999,71125866.787012,131844,28746.8948,41768181.52443
2025-04-09 06:00:00,1459.15,1476.83,1457.99,1459.99,37084.2317,2025-04-09 06:59:59.999,54376582.145406,114805,19541.2418,28653807.701133
2025-04-09 07:00:00,1459.99,1492.02,1458.36,1483.43,70509.2498,2025-04-09 07:59:59.999,104163123.847813,154473,38900.3318,57464745.069946
2025-04-09 08:00:00,1483.45,1488.48,1471.0,1482.49,35345.1554,2025-04-09 08:59:59.999,52244985.916147,110889,19332.5993,28575101.865432
2025-04-09 09:00:00,1482.48,1486.0,1471.2,1479.55,19856.6691,2025-04-09 09:59:59.999,29364397.153565,77489,9696.361,14340034.326076
2025-04-09 10:00:00,1479.56,1496.55,1472.9,1486.45,36923.9643,2025-04-09 10:59:59.999,54791998.819119,109374,18757.578,27829653.441496
2025-04-09 11:00:00,1486.45,1486.84,1445.07,1455.33,133016.6563,2025-04-09 11:59:59.999,194430201.898883,277132,62764.1118,91746365.36977
2025-04-09 12:00:00,1455.33,1469.43,1440.2,1461.81,48497.7107,2025-04-09 12:59:59.999,70552106.198523,144796,24676.4081,35903740.925571
2025-04-09 13:00:00,1461.8,1499.24,1455.42,1487.53,95695.3053,2025-04-09 13:59:59.999,141387731.075231,246445,48403.4065,71519358.766751
2025-04-09 14:00:00,1487.52,1501.27,1469.73,1470.96,79667.2154,2025-04-09 14:59:59.999,118415938.561801,207664,41432.1314,61604595.000677
2025-04-09 15:00:00,1470.95,1496.8,1469.36,1485.26,50399.8678,2025-04-09 15:59:59.999,74876045.856411,137267,27127.759,40296395.888115
2025-04-09 16:00:00,1485.26,1509.3,1481.97,1502.62,58871.8048,2025-04-09 16:59:59.999,88208863.285437,133935,27219.6824,40799278.90911
2025-04-09 17:00:00,1502.63,1640.0,1485.74,1632.94,420288.9674,2025-04-09 17:59:59.999,657982097.634699,632910,212258.738,332610827.975042
2025-04-09 18:00:00,1632.83,1673.29,1613.33,1628.11,200776.8044,2025-04-09 18:59:59.999,330339338.733713,397335,103823.8491,170813474.554134
2025-04-09 19:00:00,1628.11,1647.15,1623.56,1640.92,48467.6616,2025-04-09 19:59:59.999,79361654.372357,150521,24230.5608,39676107.435541
2025-04-09 20:00:00,1640.93,1678.9,1640.56,1673.63,55801.4496,2025-04-09 20:59:59.999,92359957.662695,125582,29258.8351,48464757.680546
2025-04-09 21:00:00,1673.63,1689.0,1661.17,1671.64,53882.9105,2025-04-09 21:59:59.999,90266445.645239,152253,28078.6563,47062518.156257
2025-04-09 22:00:00,1671.64,1684.35,1666.27,1671.17,25711.4797,2025-04-09 22:59:59.999,43061603.243495,109668,11551.2123,19347176.436044
2025-04-09 23:00:00,1671.16,1674.58,1655.72,1669.51,24943.9348,2025-04-09 23:59:59.999,41491089.125498,80684,11053.4522,18389181.679049
2025-04-10 00:00:00,1669.51,1669.85,1634.16,1646.48,38017.9836,2025-04-10 00:59:59.999,62729631.307161,123342,19687.1054,32455746.703553
2025-04-10 01:00:00,1646.47,1651.61,1628.79,1637.95,22846.6849,2025-04-10 01:59:59.999,37449032.794136,99772,10851.2161,17784701.362966
2025-04-10 02:00:00,1637.96,1646.25,1629.44,1632.99,20214.3767,2025-04-10 02:59:59.999,33117539.408116,88357,8755.7355,14347495.770697
2025-04-10 03:00:00,1632.99,1636.14,1601.76,1617.01,45318.3567,2025-04-10 03:59:59.999,73149954.266899,159043,24094.4631,38871569.320889
2025-04-10 04:00:00,1617.0,1620.78,1605.79,1619.63,20533.3088,2025-04-10 04:59:59.999,33156298.564789,90277,10788.3832,17421109.441892
2025-04-10 05:00:00,1619.63,1626.14,1614.32,1617.08,25444.34,2025-04-10 05:59:59.999,41217234.726546,82216,12919.5815,20916518.033723
2025-04-10 06:00:00,1617.09,1622.95,1606.41,1616.34,17069.5031,2025-04-10 06:59:59.999,27553754.321905,77012,9087.7604,14667976.811405
2025-04-10 07:00:00,1616.34,1620.61,1583.31,1595.81,41549.872,2025-04-10 07:59:59.999,66398214.801636,120212,17385.3291,27781499.695794
2025-04-10 08:00:00,1595.81,1598.87,1583.4,1592.71,25752.127,2025-04-10 08:59:59.999,40993029.324791,98168,9836.4348,15656458.983067
2025-04-10 09:00:00,1592.71,1606.86,1586.28,1604.0,27435.1648,2025-04-10 09:59:59.999,43862934.820089,104700,13410.1731,21432613.170792
2025-04-10 10:00:00,1604.0,1605.99,1588.0,1594.87,16798.8898,2025-04-10 10:59:59.999,26819007.588036,84450,8820.9408,14087454.325888
2025-04-10 11:00:00,1594.88,1596.96,1581.36,1594.81,17147.944,2025-04-10 11:59:59.999,27262774.924018,86442,9972.3539,15857766.837597
2025-04-10 12:00:00,1594.8,1640.0,1582.05,1593.31,86013.1289,2025-04-10 12:59:59.999,138054013.997994,221900,47084.9524,75573287.774558
2025-04-10 13:00:00,1593.31,1596.49,1560.52,1568.77,60559.5547,2025-04-10 13:59:59.999,95488153.978191,218005,30736.4158,48475498.131809
2025-04-10 14:00:00,1568.77,1584.53,1556.53,1565.48,45944.3448,2025-04-10 14:59:59.999,72112566.044569,150947,23245.6728,36493254.429608
2025-04-10 15:00:00,1565.47,1567.7,1483.6,1495.98,133306.8745,2025-04-10 15:59:59.999,202194966.307964,315627,62003.9393,93997576.403508
2025-04-10 16:00:00,1495.97,1513.8,1471.02,1510.73,92596.5246,2025-04-10 16:59:59.999,138360838.891755,243244,47205.4837,70559410.886245
2025-04-10 17:00:00,1510.73,1520.18,1487.78,1511.56,55987.9948,2025-04-10 17:59:59.999,84228556.341755,167049,29214.6842,43936842.169239
2025-04-10 18:00:00,1511.57,1523.0,1507.42,1518.72,27548.1298,2025-04-10 18:59:59.999,41758983.696088,114848,14515.4042,21999615.110153
2025-04-10 19:00:00,1518.72,1532.2,1510.73,1514.67,30478.9053,2025-04-10 19:59:59.999,46294070.66633,123811,16006.8905,24319124.923113
2025-04-10 20:00:00,1514.6,1533.7,1514.16,1531.28,19005.9513,2025-04-10 20:59:59.999,28966101.682928,72258,9559.9338,14570300.688899
2025-04-10 21:00:00,1531.28,1533.33,1519.34,1524.9,14623.5186,2025-04-10 21:59:59.999,22307467.060235,48763,5992.2444,9142345.201745
2025-04-10 22:00:00,1524.9,1532.81,1520.89,1524.85,11752.2428,2025-04-10 22:59:59.999,17960982.845051,54495,5764.2004,8810156.123043
2025-04-10 23:00:00,1524.84,1528.54,1514.48,1522.25,15909.6719,2025-04-10 23:59:59.999,24213807.533937,62183,7888.9608,12006217.186968
2025-04-11 00:00:00,1522.24,1529.29,1504.63,1508.4,26067.5758,2025-04-11 00:59:59.999,39585893.582516,139809,10764.5675,16352955.967507
2025-04-11 01:00:00,1508.4,1548.05,1507.05,1543.13,30767.8738,2025-04-11 01:59:59.999,47209957.841731,139355,17127.4822,26285920.465726
2025-04-11 02:00:00,1543.14,1550.6,1533.48,1534.57,19092.0629,2025-04-11 02:59:59.999,29419887.634946,98017,9959.6423,15349555.639376
2025-04-11 03:00:00,1534.57,1546.23,1534.57,1544.61,18130.8544,2025-04-11 03:59:59.999,27946520.907634,80527,9077.6082,13990430.758795
2025-04-11 04:00:00,1544.61,1558.42,1542.73,1547.49,19229.7172,2025-04-11 04:59:59.999,29784623.266094,80254,9612.4698,14889000.600154
2025-04-11 05:00:00,1547.49,1553.18,1541.04,1549.19,14613.0621,2025-04-11 05:59:59.999,22588162.023964,58253,6949.3285,10740405.196966
2025-04-11 06:00:00,1549.19,1562.8,1549.19,1552.64,17267.9764,2025-04-11 06:59:59.999,26852616.812831,73778,9197.8018,14303115.46984
2025-04-11 07:00:00,1552.65,1558.47,1546.88,1553.04,18073.2862,2025-04-11 07:59:59.999,28063099.6727,59066,10165.6042,15785113.019443
2025-04-11 08:00:00,1553.05,1572.42,1538.14,1551.55,50201.9481,2025-04-11 08:59:59.999,78033749.235742,181128,26355.3409,40985011.968576
2025-04-11 09:00:00,1551.55,1570.93,1544.68,1564.0,27238.6956,2025-04-11 09:59:59.999,42439112.406256,127000,15405.246,24006035.104322
2025-04-11 10:00:00,1563.99,1585.0,1554.29,1568.39,38493.3251,2025-04-11 10:59:59.999,60395359.025496,154097,19507.6106,30611548.311305
2025-04-11 11:00:00,1568.39,1575.35,1555.68,1558.79,23248.3807,2025-04-11 11:59:59.999,36360487.817033,105517,11986.0764,18751150.640188
2025-04-11 12:00:00,1558.8,1575.26,1553.81,1558.2,30243.0152,2025-04-11 12:59:59.999,47248512.359341,121790,15397.6651,24060423.769259
2025-04-11 13:00:00,1558.15,1581.44,1549.85,1570.61,47293.3871,2025-04-11 13:59:59.999,74047659.555305,198615,26055.7512,40804889.576865
2025-04-11 14:00:00,1570.61,1570.61,1541.48,1556.47,46340.9817,2025-04-11 14:59:59.999,72158649.046593,192515,24336.016,37903626.974275
2025-04-11 15:00:00,1556.47,1570.62,1553.87,1565.44,24878.1505,2025-04-11 15:59:59.999,38853400.909811,127227,14013.2393,21885303.215593
2025-04-11 16:00:00,1565.44,1573.52,1555.87,1565.78,15568.1088,2025-04-11 16:59:59.999,24385526.498048,89096,8518.7552,13343768.427694
2025-04-11 17:00:00,1565.78,1591.47,1563.34,1580.11,33953.3238,2025-04-11 17:59:59.999,53629970.057868,131303,20756.8315,32788867.323469
2025-04-11 18:00:00,1580.11,1582.43,1561.75,1562.27,23023.1746,2025-04-11 18:59:59.999,36209262.022341,113460,12227.5227,19234981.599082
2025-04-11 19:00:00,1562.27,1572.62,1562.04,1565.79,11299.517,2025-04-11 19:59:59.999,17711108.36244,64317,6143.1056,9629783.13885
2025-04-11 20:00:00,1565.79,1574.91,1563.02,1571.36,8201.7645,2025-04-11 20:59:59.999,12872996.017455,46006,4744.7204,7447432.044933
2025-04-11 21:00:00,1571.36,1586.97,1565.49,1573.06,17693.1545,2025-04-11 21:59:59.999,27891764.560046,76308,9321.296,14696617.290863
2025-04-11 22:00:00,1573.06,1575.6,1565.69,1566.38,8022.2896,2025-04-11 22:59:59.999,12594260.095511,43284,3799.8148,5965825.168423
2025-04-11 23:00:00,1566.38,1571.08,1558.7,1566.85,9542.6927,2025-04-11 23:59:59.999,14928394.896661,46570,4283.6786,6703110.6273
2025-04-12 00:00:00,1566.85,1569.79,1560.89,1562.25,10490.5734,2025-04-12 00:59:59.999,16415319.382443,71987,4394.8469,6877464.041851
2025-04-12 01:00:00,1562.25,1564.77,1552.48,1554.68,11746.9055,2025-04-12 01:59:59.999,18303275.254905,64293,4607.779,7179856.210589
2025-04-12 02:00:00,1554.67,1557.29,1546.06,1547.76,13944.9292,2025-04-12 02:59:59.999,21638651.458108,69208,5274.4757,8185238.121428
2025-04-12 03:00:00,1547.76,1559.6,1546.85,1554.4,12367.0709,2025-04-12 03:59:59.999,19206146.271056,51468,5725.7352,8891780.774712
2025-04-12 04:00:00,1554.4,1570.51,1550.5,1567.52,17831.7686,2025-04-12 04:59:59.999,27825155.891738,82100,9778.2373,15262222.734209
2025-04-12 05:00:00,1567.52,1572.54,1564.72,1568.56,8489.2545,2025-04-12 05:59:59.999,13316037.263044,55599,4421.5051,6935711.294124
2025-04-12 06:00:00,1568.57,1578.82,1568.57,1573.85,11238.9549,2025-04-12 06:59:59.999,17688052.080305,52886,6613.1214,10407313.467451
2025-04-12 07:00:00,1573.86,1585.23,1571.44,1582.05,11165.5868,2025-04-12 07:59:59.999,17634105.323445,58678,6439.885,10172578.028253
2025-04-12 08:00:00,1582.04,1606.41,1581.0,1591.76,32189.8224,2025-04-12 08:59:59.999,51384976.207913,121274,17205.7904,27469579.077435
2025-04-12 09:00:00,1591.76,1602.53,1588.69,1597.5,18206.1035,2025-04-12 09:59:59.999,29050007.248052,67858,10156.4163,16212663.189081
2025-04-12 10:00:00,1597.51,1597.74,1587.8,1592.02,10879.6485,2025-04-12 10:59:59.999,17327175.813329,55589,3729.1123,5938200.452871
2025-04-12 11:00:00,1592.02,1598.52,1592.02,1594.06,6914.0305,2025-04-12 11:59:59.999,11033211.703834,43124,3167.7644,5055042.656799
2025-04-12 12:00:00,1594.06,1616.9,1590.7,1607.22,26847.4949,2025-04-12 12:59:59.999,43077768.36838,100405,14718.5352,23617962.194439
2025-04-12 13:00:00,1607.23,1646.99,1606.07,1638.76,55355.6255,2025-04-12 13:59:59.999,89948277.808015,230599,30892.4881,50202535.569285
2025-04-12 14:00:00,1638.75,1669.59,1635.48,1653.85,70836.7139,2025-04-12 14:59:59.999,117139056.680332,244893,39593.069,65470892.983578
2025-04-12 15:00:00,1653.84,1667.26,1648.19,1655.87,31858.7022,2025-04-12 15:59:59.999,52846580.575532,137864,18131.9567,30079780.357913
2025-04-12 16:00:00,1655.88,1662.33,1637.4,1643.72,32988.522,2025-04-12 16:59:59.999,54401744.027708,120138,16358.9443,26981388.018853
2025-04-12 17:00:00,1643.72,1647.15,1628.24,1633.82,31276.5954,2025-04-12 17:59:59.999,51195202.587879,116290,17791.9455,29126514.595094
2025-04-12 18:00:00,1633.82,1654.89,1633.34,1650.66,18947.3243,2025-04-12 18:59:59.999,31172680.261993,86024,12445.0046,20473431.072181
2025-04-12 19:00:00,1650.67,1651.46,1634.85,1642.63,13433.0303,2025-04-12 19:59:59.999,22067873.371539,72261,6564.7611,10784663.598111
2025-04-12 20:00:00,1642.64,1659.93,1641.24,1649.24,22692.0805,2025-04-12 20:59:59.999,37440021.654909,104754,13252.2363,21867024.822573
2025-04-12 21:00:00,1649.24,1654.94,1645.57,1647.35,13088.6442,2025-04-12 21:59:59.999,21597402.557592,61226,5931.3214,9787934.285506
2025-04-12 22:00:00,1647.35,1656.34,1647.34,1649.85,9814.4367,2025-04-12 22:59:59.999,16203198.18227,59665,5404.7351,8923084.558232
2025-04-12 23:00:00,1649.85,1652.0,1642.95,1644.18,9264.0847,2025-04-12 23:59:59.999,15264515.339652,49617,4299.7429,7084232.719336
2025-04-13 00:00:00,1644.19,1649.49,1634.77,1642.1,13731.7489,2025-04-13 00:59:59.999,22542328.417596,76553,7384.9502,12127791.248082
2025-04-13 01:00:00,1642.09,1649.75,1609.09,1617.11,24993.8303,2025-04-13 01:59:59.999,40751186.326705,143680,11914.997,19440996.058559
2025-04-13 02:00:00,1617.11,1628.44,1606.55,1625.4,24604.6817,2025-04-13 02:59:59.999,39762204.870084,118741,13390.5906,21644075.440972
2025-04-13 03:00:00,1625.41,1629.23,1621.61,1624.53,12047.0173,2025-04-13 03:59:59.999,19584808.263937,74379,6153.9152,10004931.503232
2025-04-13 04:00:00,1624.52,1624.66,1602.71,1609.0,21497.8109,2025-04-13 04:59:59.999,34723194.299247,100848,10798.0361,17454519.553777
2025-04-13 05:00:00,1608.99,1613.52,1597.47,1609.28,18123.4223,2025-04-13 05:59:59.999,29101953.673365,91534,8560.3723,13750316.685144
2025-04-13 06:00:00,1609.29,1623.32,1607.89,1616.99,9954.2754,2025-04-13 06:59:59.999,16081050.599579,62164,5734.4914,9264771.855599
2025-04-13 07:00:00,1616.99,1621.41,1610.96,1613.5,7664.784,2025-04-13 07:59:59.999,12386156.311338,46910,4475.6315,7233287.557861
2025-04-13 08:00:00,1613.51,1621.94,1608.8,1620.6,9737.6111,2025-04-13 08:59:59.999,15731095.454392,67438,5722.6042,9248112.161686
2025-04-13 09:00:00,1620.6,1627.81,1617.04,1627.14,10629.195,2025-04-13 09:59:59.999,17255191.32092,65106,6523.4658,10591118.534423
2025-04-13 10:00:00,1627.15,1628.2,1612.06,1617.92,15551.477,2025-04-13 10:59:59.999,25148157.860407,66669,7530.0597,12179145.27141
2025-04-13 11:00:00,1617.92,1618.86,1592.58,1604.28,36618.7234,2025-04-13 11:59:59.999,58746743.754708,124256,15388.8718,24671244.402433
2025-04-13 12:00:00,1604.29,1609.3,1599.93,1603.04,18631.8549,2025-04-13 12:59:59.999,29887552.792838,84338,7042.5824,11297572.032576
2025-04-13 13:00:00,1603.04,1607.8,1566.11,1574.26,41048.1573,2025-04-13 13:59:59.999,65147028.339321,172553,17173.6135,27239092.173598
2025-04-13 14:00:00,1574.27,1589.4,1568.37,1586.01,32098.669,2025-04-13 14:59:59.999,50741952.404485,134676,14360.4154,22693981.01309
2025-04-13 15:00:00,1586.01,1588.61,1579.73,1586.62,15529.9185,2025-04-13 15:59:59.999,24595018.580565,80666,5741.0623,9092657.447937
2025-04-13 16:00:00,1586.61,1602.45,1586.38,1595.69,23560.7006,2025-04-13 16:59:59.999,37568299.56844,96639,11212.1839,17881092.879248
2025-04-13 17:00:00,1595.7,1649.04,1594.25,1636.77,60020.6437,2025-04-13 17:59:59.999,97582382.948578,182010,32406.0332,52682683.548843
2025-04-13 18:00:00,1636.77,1647.18,1626.22,1629.96,24631.7614,2025-04-13 18:59:59.999,40215413.412241,117623,12464.1361,20350518.216269
2025-04-13 19:00:00,1629.97,1630.16,1562.01,1590.25,65289.8421,2025-04-13 19:59:59.999,104064411.192428,213861,29309.0544,46671513.881312
2025-04-13 20:00:00,1590.25,1617.08,1584.14,1590.76,36994.7641,2025-04-13 20:59:59.999,59166675.506369,163566,19553.7744,31283543.830223
2025-04-13 21:00:00,1590.76,1603.0,1572.24,1593.84,30282.5616,2025-04-13 21:59:59.999,48024878.390843,135964,14607.4263,23174123.026714
2025-04-13 22:00:00,1593.83,1599.9,1583.68,1586.17,15840.3287,2025-04-13 22:59:59.999,25189343.799131,95344,7597.1364,12081598.570158
2025-04-13 23:00:00,1586.18,1600.26,1581.78,1597.76,11052.8353,2025-04-13 23:59:59.999,17601636.204338,81832,6327.1339,10077077.717937
2025-04-14 00:00:00,1597.76,1633.98,1595.56,1611.85,37744.6452,2025-04-14 00:59:59.999,61069453.656102,187639,19150.6394,30981233.498729
2025-04-14 01:00:00,1611.85,1622.58,1609.09,1617.34,13380.2713,2025-04-14 01:59:59.999,21624754.313225,108328,7173.2551,11594502.843279
2025-04-14 02:00:00,1617.34,1660.32,1614.43,1635.44,54996.7326,2025-04-14 02:59:59.999,90389351.863099,216550,29486.6879,48435317.949422
2025-04-14 03:00:00,1635.44,1637.68,1625.85,1629.59,20711.7097,2025-04-14 03:59:59.999,33789061.916705,100300,9808.2994,16001414.226215
2025-04-14 04:00:00,1629.6,1642.19,1627.67,1636.52,16817.9083,2025-04-14 04:59:59.999,27498711.113711,89709,9578.9964,15659937.754486
2025-04-14 05:00:00,1636.53,1640.16,1620.65,1624.38,18804.0505,2025-04-14 05:59:59.999,30669994.141633,85732,6900.061,11254661.258458
2025-04-14 06:00:00,1624.38,1628.04,1614.56,1623.77,15259.5954,2025-04-14 06:59:59.999,24746527.047455,90322,7060.3655,11452523.741424
2025-04-14 07:00:00,1623.76,1636.4,1612.63,1635.57,18010.9207,2025-04-14 07:59:59.999,29275153.681038,112590,10515.6377,17097279.950951
2025-04-14 08:00:00,1635.58,1642.12,1629.34,1638.28,13917.141,2025-04-14 08:59:59.999,22765830.720025,89272,7345.5177,12016899.721861
2025-04-14 09:00:00,1638.27,1645.24,1631.24,1641.34,15176.7137,2025-04-14 09:59:59.999,24857523.016864,91684,7421.5847,12158195.011495
2025-04-14 10:00:00,1641.34,1684.9,1639.09,1678.83,59770.4854,2025-04-14 10:59:59.999,99530932.256498,227168,33668.785,56053921.887617
2025-04-14 11:00:00,1678.84,1691.5,1671.57,1675.32,51617.2419,2025-04-14 11:59:59.999,86747487.153498,173187,28083.1938,47221492.099754
2025-04-14 12:00:00,1675.32,1678.23,1666.0,1677.73,20302.7561,2025-04-14 12:59:59.999,33955420.60854,109399,9587.7344,16035236.537695
2025-04-14 13:00:00,1677.73,1680.61,1648.17,1658.38,36620.6612,2025-04-14 13:59:59.999,60950717.332226,181124,18544.9707,30874751.059668
2025-04-14 14:00:00,1658.39,1689.59,1655.06,1673.4,32598.7217,2025-04-14 14:59:59.999,54521436.01941,152074,17406.8739,29107372.035726
2025-04-14 15:00:00,1673.4,1675.0,1619.34,1627.93,67775.6069,2025-04-14 15:59:59.999,111305834.972858,231915,32990.1315,54163073.609818
2025-04-14 16:00:00,1627.94,1636.79,1615.0,1627.96,37425.523,2025-04-14 16:59:59.999,60913235.935561,155728,18708.6707,30451725.044125
2025-04-14 17:00:00,1627.95,1649.52,1627.08,1648.11,34351.2676,2025-04-14 17:59:59.999,56287218.321054,120208,18235.7071,29888607.410943
2025-04-14 18:00:00,1648.12,1651.51,1635.21,1640.45,17998.5746,2025-04-14 18:59:59.999,29575187.450519,88462,8650.2673,14215585.708609
2025-04-14 19:00:00,1640.45,1647.37,1631.49,1636.58,15263.9777,2025-04-14 19:59:59.999,25015339.092929,86592,7639.2219,12523443.511148
2025-04-14 20:00:00,1636.58,1638.18,1626.72,1635.18,9825.9329,2025-04-14 20:59:59.999,16039698.904295,66022,4713.9896,7695729.593678
2025-04-14 21:00:00,1635.19,1635.62,1606.01,1624.63,17034.8349,2025-04-14 21:59:59.999,27597079.737085,73522,8135.8568,13190613.006272
2025-04-14 22:00:00,1624.64,1625.12,1614.33,1621.05,10090.2154,2025-04-14 22:59:59.999,16354800.250424,68303,5413.0643,8774508.425368
2025-04-14 23:00:00,1621.06,1629.35,1618.3,1623.77,10434.6542,2025-04-14 23:59:59.999,16946007.344882,70014,5965.6177,9688637.095003
2025-04-15 00:00:00,1623.78,1634.38,1614.8,1631.09,16889.1951,2025-04-15 00:59:59.999,27467390.322026,121262,9071.7935,14759401.334546
2025-04-15 01:00:00,1631.09,1637.88,1615.65,1634.3,17936.8803,2025-04-15 01:59:59.999,29229625.937104,125174,9872.8405,16094023.966393
2025-04-15 02:00:00,1634.3,1637.99,1617.1,1631.72,15645.435,2025-04-15 02:59:59.999,25463911.800705,102189,7272.9745,11839644.198385
2025-04-15 03:00:00,1631.72,1643.7,1627.51,1637.89,16121.932,2025-04-15 03:59:59.999,26379653.623907,93193,8375.3242,13703011.036424
2025-04-15 04:00:00,1637.9,1641.39,1632.06,1639.25,10521.3169,2025-04-15 04:59:59.999,17219224.931871,67683,5233.4083,8566162.320177
2025-04-15 05:00:00,1639.24,1648.47,1639.0,1639.03,18842.9663,2025-04-15 05:59:59.999,30962738.231506,74678,10085.9048,16574622.94152
2025-04-15 06:00:00,1639.02,1643.09,1633.94,1636.75,10781.8166,2025-04-15 06:59:59.999,17664297.033644,69222,5211.8937,8538507.889044
2025-04-15 07:00:00,1636.74,1647.03,1636.4,1644.84,9626.7018,2025-04-15 07:59:59.999,15823135.027588,57471,5133.3955,8437631.057435
2025-04-15 08:00:00,1644.83,1647.45,1638.8,1641.07,12965.5215,2025-04-15 08:59:59.999,21303169.358813,46327,5631.5374,9254437.198867
2025-04-15 09:00:00,1641.06,1651.96,1634.91,1648.59,18019.1677,2025-04-15 09:59:59.999,29619305.801613,87806,9419.4757,15487140.812432
2025-04-15 10:00:00,1648.59,1651.46,1626.29,1633.11,24005.8439,2025-04-15 10:59:59.999,39279242.33171,114848,11202.6533,18339729.494578
2025-04-15 11:00:00,1633.11,1633.36,1622.47,1632.05,16983.6226,2025-04-15 11:59:59.999,27669316.260593,81069,8533.527,13903823.319168
2025-04-15 12:00:00,1632.06,1642.9,1629.06,1641.94,15348.4079,2025-04-15 12:59:59.999,25084685.299582,77244,7263.4082,11871426.210175
2025-04-15 13:00:00,1641.94,1661.21,1620.5,1629.0,62847.1534,2025-04-15 13:59:59.999,103170235.442134,208923,30477.5038,50049751.549156
2025-04-15 14:00:00,1629.01,1637.2,1601.36,1620.57,68186.2912,2025-04-15 14:59:59.999,110434604.844506,255915,33337.912,54006266.546536
2025-04-15 15:00:00,1620.57,1631.4,1612.01,1621.02,21421.966,2025-04-15 15:59:59.999,34718448.566826,113903,9944.709,16120430.215234
2025-04-15 16:00:00,1621.01,1627.99,1619.0,1622.56,11936.7438,2025-04-15 16:59:59.999,19378859.308561,82845,5935.2723,9635876.625919
2025-04-15 17:00:00,1622.57,1626.92,1612.96,1616.03,15356.7422,2025-04-15 17:59:59.999,24857560.372799,70623,6130.6967,9928435.683854
2025-04-15 18:00:00,1616.04,1619.04,1604.34,1610.49,19021.7588,2025-04-15 18:59:59.999,30642246.248206,85625,8585.6577,13831202.982456
2025-04-15 19:00:00,1610.48,1613.12,1597.17,1606.96,18561.3152,2025-04-15 19:59:59.999,29784954.207625,79925,8972.5767,14402638.630374
2025-04-15 20:00:00,1606.95,1614.78,1586.35,1594.94,19728.2371,2025-04-15 20:59:59.999,31576680.819885,77808,9320.1401,14929000.404022
2025-04-15 21:00:00,1594.94,1605.91,1589.8,1603.65,10600.0953,2025-04-15 21:59:59.999,16948778.228003,58719,5705.2518,9123664.824525
2025-04-15 22:00:00,1603.64,1603.8,1583.12,1590.89,12769.9427,2025-04-15 22:59:59.999,20342662.892315,72708,6084.8068,9691459.317746
2025-04-15 23:00:00,1590.88,1597.68,1585.42,1588.78,12059.8382,2025-04-15 23:59:59.999,19189389.819103,58142,5587.1868,8890063.995641
2025-04-16 00:00:00,1588.77,1595.08,1576.5,1581.1,20395.6199,2025-04-16 00:59:59.999,32340569.617528,124016,9391.302,14895419.382448
2025-04-16 01:00:00,1581.1,1600.8,1578.83,1596.69,14257.4116,2025-04-16 01:59:59.999,22716965.309802,97306,7455.414,11879696.705008
2025-04-16 02:00:00,1596.69,1604.4,1593.0,1598.59,11044.005,2025-04-16 02:59:59.999,17660998.26524,67562,6229.8674,9964726.956904
2025-04-16 03:00:00,1598.6,1601.0,1589.04,1591.04,8028.2243,2025-04-16 03:59:59.999,12809130.142008,41528,3015.4324,4812553.903383
2025-04-16 04:00:00,1591.04,1593.66,1577.0,1587.25,17218.8889,2025-04-16 04:59:59.999,27263058.503847,83284,9062.9698,14348438.444707
2025-04-16 05:00:00,1587.25,1592.93,1551.18,1569.36,51562.8945,2025-04-16 05:59:59.999,80981553.272334,161878,24563.5813,38580704.707367
2025-04-16 06:00:00,1569.35,1579.99,1566.6,1576.48,16328.5973,2025-04-16 06:59:59.999,25705162.481143,66474,10332.9714,16267205.731075
2025-04-16 07:00:00,1576.48,1579.15,1563.0,1564.28,12902.4428,2025-04-16 07:59:59.999,20249383.48794,57769,6077.4455,9538296.76522
2025-04-16 08:00:00,1564.28,1583.48,1556.7,1575.49,25362.7748,2025-04-16 08:59:59.999,39821929.232318,131105,13134.9413,20624526.379796
2025-04-16 09:00:00,1575.49,1579.64,1567.54,1568.28,12454.5239,2025-04-16 09:59:59.999,19601410.927479,70818,5729.2527,9017853.674393
2025-04-16 10:00:00,1568.28,1584.26,1567.7,1581.62,12215.5002,2025-04-16 10:59:59.999,19277625.062478,69819,7604.2099,12005010.260467
2025-04-16 11:00:00,1581.63,1586.1,1576.24,1584.17,11103.1602,2025-04-16 11:59:59.999,17566895.077772,84356,5549.4555,8779937.842949
2025-04-16 12:00:00,1584.18,1588.6,1575.18,1577.34,15202.901,2025-04-16 12:59:59.999,24067915.81358,78055,6533.5897,10342875.861676
2025-04-16 13:00:00,1577.35,1582.06,1566.28,1567.62,28519.5387,2025-04-16 13:59:59.999,44909691.440627,131285,14670.6279,23104141.881638
2025-04-16 14:00:00,1567.61,1599.32,1567.17,1591.0,44613.9958,2025-04-16 14:59:59.999,70816121.386181,171390,24996.0558,39666572.264791
2025-04-16 15:00:00,1591.0,1613.66,1585.26,1590.69,39601.9994,2025-04-16 15:59:59.999,63338281.341469,170527,19981.0137,31969241.37304
2025-04-16 16:00:00,1590.7,1597.19,1576.13,1592.66,21231.1211,2025-04-16 16:59:59.999,33699933.032172,104792,9672.2835,15352768.981848
2025-04-16 17:00:00,1592.66,1612.83,1538.07,1545.7,92373.2671,2025-04-16 17:59:59.999,145345887.094977,273558,44832.2776,70587989.57321
2025-04-16 18:00:00,1545.71,1580.25,1543.19,1566.5,53253.429,2025-04-16 18:59:59.999,83180811.181827,235349,26784.1713,41835425.764889
2025-04-16 19:00:00,1566.49,1595.45,1552.36,1588.6,41673.0146,2025-04-16 19:59:59.999,65591335.71738,146146,23580.138,37118300.323583
2025-04-16 20:00:00,1588.61,1594.18,1570.0,1573.63,17199.7616,2025-04-16 20:59:59.999,27245791.022611,92018,8771.0232,13896221.172298
2025-04-16 21:00:00,1573.62,1598.15,1571.54,1592.03,20905.7545,2025-04-16 21:59:59.999,33172246.122244,81805,11678.1018,18532357.201746
2025-04-16 22:00:00,1592.04,1592.9,1583.8,1587.72,11389.3154,2025-04-16 22:59:59.999,18091237.924217,55871,5652.2282,8979043.68903
2025-04-16 23:00:00,1587.72,1588.53,1572.67,1577.14,12549.727,2025-04-16 23:59:59.999,19817576.436009,48708,5809.4364,9173331.523276
2025-04-17 00:00:00,1577.15,1586.82,1574.69,1585.2,15354.1405,2025-04-17 00:59:59.999,24282585.958178,88396,8060.3494,12746117.197688
2025-04-17 01:00:00,1585.19,1593.84,1582.76,1589.3,14396.747,2025-04-17 01:59:59.999,22862901.331184,64446,7625.9566,12113070.270514
2025-04-17 02:00:00,1589.31,1593.24,1582.0,1591.93,14285.6358,2025-04-17 02:59:59.999,22688670.48835,57737,6692.3205,10630904.762725
2025-04-17 03:00:00,1591.93,1595.57,1577.47,1584.91,15875.0114,2025-04-17 03:59:59.999,25169769.648343,66994,7741.0462,12276996.145776
2025-04-17 04:00:00,1584.91,1592.56,1580.99,1591.29,11278.5838,2025-04-17 04:59:59.999,17884744.269688,45086,5775.2924,9159920.703912
2025-04-17 05:00:00,1591.29,1603.69,1589.84,1598.99,19649.8241,2025-04-17 05:59:59.999,31391029.185254,75226,10566.2265,16874433.522737
2025-04-17 06:00:00,1598.98,1609.45,1597.38,1602.1,17944.2278,2025-04-17 06:59:59.999,28772330.17593,72616,9973.6772,15992502.572095
2025-04-17 07:00:00,1602.11,1610.53,1599.58,1601.6,16771.1287,2025-04-17 07:59:59.999,26901017.201228,62316,8545.4852,13710194.97407
2025-04-17 08:00:00,1601.6,1604.23,1594.1,1595.38,12576.2231,2025-04-17 08:59:59.999,20124690.549789,51073,6303.9325,10087390.627254
2025-04-17 09:00:00,1595.37,1597.56,1591.43,1595.43,13367.8032,2025-04-17 09:59:59.999,21314794.354161,50976,7086.2016,11298814.04935
2025-04-17 10:00:00,1595.43,1597.19,1588.65,1593.56,9634.5336,2025-04-17 10:59:59.999,15345492.062915,45416,4323.9705,6886795.020805
2025-04-17 11:00:00,1593.59,1598.74,1589.08,1593.27,8662.3952,2025-04-17 11:59:59.999,13810045.511512,50807,4307.8216,6867556.177201
2025-04-17 12:00:00,1593.27,1603.19,1593.05,1601.7,14494.085,2025-04-17 12:59:59.999,23165009.241132,60190,8011.0319,12803366.008435
2025-04-17 13:00:00,1601.71,1601.77,1589.25,1593.78,18405.688,2025-04-17 13:59:59.999,29348633.962804,100400,9150.2336,14589802.637807
2025-04-17 14:00:00,1593.77,1594.55,1563.2,1569.91,35914.7149,2025-04-17 14:59:59.999,56636202.049514,158863,16783.4831,26460017.446634
2025-04-17 15:00:00,1569.91,1587.68,1569.9,1583.17,24396.5394,2025-04-17 15:59:59.999,38594347.418747,110148,13379.2993,21164387.581369
2025-04-17 16:00:00,1583.17,1616.96,1577.68,1605.38,66436.2837,2025-04-17 16:59:59.999,106279104.361721,205188,35893.2199,57431522.235162
2025-04-17 17:00:00,1605.38,1616.45,1600.54,1610.04,24401.379,2025-04-17 17:59:59.999,39256559.411291,107903,12310.1319,19805630.984143
2025-04-17 18:00:00,1610.04,1615.7,1600.7,1600.82,22925.2341,2025-04-17 18:59:59.999,36890365.365895,86777,9802.551,15775813.673878
2025-04-17 19:00:00,1600.82,1603.8,1577.02,1581.45,33579.6656,2025-04-17 19:59:59.999,53326091.405157,137151,15119.2763,23996549.176469
2025-04-17 20:00:00,1581.44,1590.77,1580.32,1584.51,14411.4979,2025-04-17 20:59:59.999,22848036.172933,70607,7315.1762,11596461.702489
2025-04-17 21:00:00,1584.5,1591.84,1582.66,1587.64,7472.8587,2025-04-17 21:59:59.999,11854341.077322,33550,4472.8765,7094930.922446
2025-04-17 22:00:00,1587.64,1591.75,1579.0,1579.2,8656.2456,2025-04-17 22:59:59.999,13732427.363188,39289,3733.4838,5925907.72995
2025-04-17 23:00:00,1579.2,1588.59,1579.2,1583.62,8979.9167,2025-04-17 23:59:59.999,14232294.577109,29959,3988.3804,6321618.698322
2025-04-18 00:00:00,1583.63,1585.13,1577.23,1579.8,10768.6983,2025-04-18 00:59:59.999,17028991.406243,49827,4712.5059,7452307.732105
2025-04-18 01:00:00,1579.8,1589.19,1578.09,1582.99,10173.8811,2025-04-18 01:59:59.999,16127073.98989,48510,5088.3456,8065665.480053
2025-04-18 02:00:00,1583.0,1587.42,1578.97,1584.57,11579.3578,2025-04-18 02:59:59.999,18338093.129616,41870,7151.1875,11326507.085418
2025-04-18 03:00:00,1584.57,1585.39,1579.09,1584.15,6270.4302,2025-04-18 03:59:59.999,9920988.644209,34948,2991.121,4732356.743056
2025-04-18 04:00:00,1584.14,1585.1,1578.75,1580.88,8415.9869,2025-04-18 04:59:59.999,13310935.004231,36591,3824.0581,6048119.051893
2025-04-18 05:00:00,1580.87,1581.5,1573.54,1581.4,14194.4793,2025-04-18 05:59:59.999,22390727.896844,52892,7027.8503,11085939.61628
2025-04-18 06:00:00,1581.4,1581.9,1575.86,1581.04,8489.1931,2025-04-18 06:59:59.999,13404647.961739,32331,4031.4318,6366025.165743
2025-04-18 07:00:00,1581.05,1585.19,1577.01,1584.09,9986.9314,2025-04-18 07:59:59.999,15794477.747508,43369,5320.5208,8414984.555301
2025-04-18 08:00:00,1584.1,1592.82,1583.56,1586.97,10054.2842,2025-04-18 08:59:59.999,15964999.074347,50348,5289.3462,8399173.855507
2025-04-18 09:00:00,1586.97,1592.0,1584.25,1588.44,7500.5172,2025-04-18 09:59:59.999,11909224.824658,36574,4082.9313,6483641.209203
2025-04-18 10:00:00,1588.45,1590.0,1583.05,1584.08,6546.1725,2025-04-18 10:59:59.999,10386426.641215,34404,2918.8585,4631398.967352
2025-04-18 11:00:00,1584.08,1591.0,1582.3,1590.67,6393.1581,2025-04-18 11:59:59.999,10145694.718179,36328,3894.6921,6180569.277231
2025-04-18 12:00:00,1590.67,1597.2,1587.18,1593.24,11551.2287,2025-04-18 12:59:59.999,18398324.489541,50195,6222.3409,9912170.520994
2025-04-18 13:00:00,1593.24,1593.73,1587.19,1593.04,7250.567,2025-04-18 13:59:59.999,11535288.744622,37530,3687.755,5866871.267557
2025-04-18 14:00:00,1593.04,1596.19,1586.18,1589.21,9615.6703,2025-04-18 14:59:59.999,15292366.138273,39187,4091.4768,6507668.934822
2025-04-18 15:00:00,1589.2,1589.98,1579.09,1583.17,12274.0375,2025-04-18 15:59:59.999,19432249.317403,54782,6191.4678,9801607.86747
2025-04-18 16:00:00,1583.17,1587.96,1581.8,1587.4,6052.4789,2025-04-18 16:59:59.999,9594752.594846,33486,3302.1154,5235206.875474
2025-04-18 17:00:00,1587.4,1593.0,1585.17,1591.86,6633.9682,2025-04-18 17:59:59.999,10540536.467004,29883,2887.1812,4587053.171146
2025-04-18 18:00:00,1591.85,1595.0,1589.8,1593.56,6719.9139,2025-04-18 18:59:59.999,10701498.000257,25804,2798.5109,4456404.767874
2025-04-18 19:00:00,1593.56,1595.18,1590.78,1593.31,5767.7813,2025-04-18 19:59:59.999,9187436.421537,21213,2088.1972,3325958.773102
2025-04-18 20:00:00,1593.31,1594.8,1590.49,1593.47,4871.2631,2025-04-18 20:59:59.999,7758603.781794,19062,1758.1035,2799978.213402
2025-04-18 21:00:00,1593.46,1600.64,1592.7,1599.75,8149.807,2025-04-18 21:59:59.999,13014443.177328,26753,4682.7102,7478001.776369
2025-04-18 22:00:00,1599.75,1600.0,1592.17,1592.97,4989.8168,2025-04-18 22:59:59.999,7960266.523938,26850,2016.5673,3216731.1628
2025-04-18 23:00:00,1592.97,1593.15,1587.01,1588.6,6159.4131,2025-04-18 23:59:59.999,9792976.144251,26291,3014.2621,4792406.89675
2025-04-19 00:00:00,1588.6,1590.25,1585.01,1586.21,5469.1297,2025-04-19 00:59:59.999,8683248.442827,27635,3177.1449,5044154.069136
2025-04-19 01:00:00,1586.21,1590.86,1585.8,1590.05,5465.9474,2025-04-19 01:59:59.999,8683967.607143,22094,3364.8733,5345985.89735
2025-04-19 02:00:00,1590.04,1596.34,1587.7,1592.34,9790.8516,2025-04-19 02:59:59.999,15595887.866781,39074,5366.7064,8548592.450147
2025-04-19 03:00:00,1592.35,1600.26,1592.21,1597.76,10346.4694,2025-04-19 03:59:59.999,16521625.924094,35145,6311.6212,10078182.932614
2025-04-19 04:00:00,1597.75,1613.48,1597.0,1603.47,19342.2749,2025-04-19 04:59:59.999,31047528.404137,60814,11898.6187,19098357.397216
2025-04-19 05:00:00,1603.47,1605.75,1601.08,1602.24,6154.5733,2025-04-19 05:59:59.999,9869342.651546,27223,3697.3625,5928905.06026
2025-04-19 06:00:00,1602.24,1603.26,1595.33,1596.55,9406.2858,2025-04-19 06:59:59.999,15037277.683316,32727,4454.8018,7121692.898924
2025-04-19 07:00:00,1596.55,1604.2,1596.54,1600.94,8181.5491,2025-04-19 07:59:59.999,13098201.133696,29576,4811.8285,7702610.896434
2025-04-19 08:00:00,1600.94,1605.23,1598.5,1602.95,7007.6877,2025-04-19 08:59:59.999,11225173.124012,32544,4147.5678,6643428.092767
2025-04-19 09:00:00,1602.96,1606.4,1597.66,1598.16,8349.432,2025-04-19 09:59:59.999,13380430.448586,82680,4131.9108,6622546.44359
2025-04-19 10:00:00,1598.16,1600.83,1594.07,1596.39,8541.8633,2025-04-19 10:59:59.999,13645401.900094,74763,4181.5325,6679462.792851
2025-04-19 11:00:00,1596.39,1598.9,1594.86,1596.79,6271.2793,2025-04-19 11:59:59.999,10013781.617164,71184,3729.139,5954229.371961
2025-04-19 12:00:00,1596.8,1599.2,1595.05,1597.19,4984.9191,2025-04-19 12:59:59.999,7962462.243235,67116,2556.5712,4084218.577195
2025-04-19 13:00:00,1597.2,1606.4,1595.2,1604.48,11874.882,2025-04-19 13:59:59.999,19015495.201953,106697,6243.8619,10000248.477838
2025-04-19 14:00:00,1604.47,1608.11,1603.0,1606.18,9369.6314,2025-04-19 14:59:59.999,15043077.791652,91596,4253.1142,6828311.635866
2025-04-19 15:00:00,1606.17,1612.29,1603.26,1607.28,12812.1907,2025-04-19 15:59:59.999,20597701.128525,135590,6622.2199,10648620.437411
2025-04-19 16:00:00,1607.28,1611.1,1598.5,1599.78,11310.3128,2025-04-19 16:59:59.999,18152604.739759,144434,5014.2029,8047177.897344
2025-04-19 17:00:00,1599.78,1631.81,1599.25,1618.84,30063.8217,2025-04-19 17:59:59.999,48657977.692528,175898,17448.1357,28243232.892517
2025-04-19 18:00:00,1618.83,1623.13,1614.6,1615.19,11017.0472,2025-04-19 18:59:59.999,17836597.034723,143805,4952.7271,8019849.731128
2025-04-19 19:00:00,1615.19,1618.43,1613.36,1614.79,6346.6061,2025-04-19 19:59:59.999,10254425.253512,91203,3576.0244,5778164.759852
2025-04-19 20:00:00,1614.8,1617.0,1611.06,1614.01,6243.2359,2025-04-19 20:59:59.999,10077583.305248,72936,2559.0499,4130932.370421
2025-04-19 21:00:00,1614.01,1622.37,1614.0,1620.77,6132.5453,2025-04-19 21:59:59.999,9928284.46569,74605,3363.9264,5446329.22308
2025-04-19 22:00:00,1620.76,1621.36,1616.0,1619.41,3475.6927,2025-04-19 22:59:59.999,5624474.566699,60840,1726.3216,2793453.123149
2025-04-19 23:00:00,1619.42,1620.56,1612.01,1613.27,5138.1615,2025-04-19 23:59:59.999,8302295.485374,62384,2267.0401,3662334.637996
2025-04-20 00:00:00,1613.26,1615.11,1608.0,1610.11,7664.7612,2025-04-20 00:59:59.999,12351130.184155,107762,4163.0879,6708724.169727
2025-04-20 01:00:00,1610.11,1619.13,1609.61,1617.91,8159.332,2025-04-20 01:59:59.999,13186180.077486,91476,3919.8336,6333328.258429
2025-04-20 02:00:00,1617.9,1619.19,1613.5,1615.93,4723.011,2025-04-20 02:59:59.999,7633655.728284,60060,2693.9129,4354407.529514
2025-04-20 03:00:00,1615.92,1616.88,1609.45,1611.87,6878.0398,2025-04-20 03:59:59.999,11090774.591566,56527,3749.2956,6045799.525002
2025-04-20 04:00:00,1611.87,1617.65,1611.18,1614.62,5189.5171,2025-04-20 04:59:59.999,8378612.777124,43402,3596.9467,5807477.178189
2025-04-20 05:00:00,1614.58,1616.2,1609.5,1609.86,6085.4074,2025-04-20 05:59:59.999,9815193.867246,47573,2539.2667,4096511.356049
2025-04-20 06:00:00,1609.87,1613.17,1602.66,1605.44,9604.9293,2025-04-20 06:59:59.999,15442456.959126,77868,4595.1382,7389461.381259
2025-04-20 07:00:00,1605.44,1605.44,1586.6,1597.46,26450.6513,2025-04-20 07:59:59.999,42171222.611715,97190,10656.8116,16982870.633217
2025-04-20 08:00:00,1597.46,1597.61,1586.45,1590.04,12946.3374,2025-04-20 08:59:59.999,20622352.352501,84986,7239.2133,11533834.982065
2025-04-20 09:00:00,1590.03,1593.22,1588.35,1591.77,12749.0866,2025-04-20 09:59:59.999,20282511.072495,89189,7073.3085,11252690.757044
2025-04-20 10:00:00,1591.76,1592.69,1569.0,1574.53,38762.4345,2025-04-20 10:59:59.999,61178308.533497,121198,18598.2893,29348686.966349
2025-04-20 11:00:00,1574.53,1579.99,1565.59,1572.62,22521.6012,2025-04-20 11:59:59.999,35413181.357424,144104,11723.7163,18436722.616272
2025-04-20 12:00:00,1572.61,1579.79,1571.3,1576.12,9805.8625,2025-04-20 12:59:59.999,15455617.570268,95428,5739.034,9045316.023305
2025-04-20 13:00:00,1576.13,1581.4,1571.12,1577.51,13818.807,2025-04-20 13:59:59.999,21777427.276007,84580,7448.5173,11739463.115328
2025-04-20 14:00:00,1577.5,1584.04,1576.6,1580.23,9082.7003,2025-04-20 14:59:59.999,14349003.323878,97758,5162.3508,8155476.106362
2025-04-20 15:00:00,1580.22,1580.86,1571.1,1573.5,9097.2387,2025-04-20 15:59:59.999,14333700.046804,89874,4431.6072,6982504.13023
2025-04-20 16:00:00,1573.51,1582.5,1571.49,1581.5,9889.8316,2025-04-20 16:59:59.999,15606224.487216,85904,5066.8526,7995930.240143
2025-04-20 17:00:00,1581.49,1581.85,1575.74,1579.72,5703.1627,2025-04-20 17:59:59.999,9002946.010339,49560,2765.7151,4365846.258488
2025-04-20 18:00:00,1579.72,1582.03,1578.24,1581.42,6077.2987,2025-04-20 18:59:59.999,9604160.921517,45397,2593.2963,4097720.475829
2025-04-20 19:00:00,1581.41,1587.97,1579.04,1586.17,6519.0206,2025-04-20 19:59:59.999,10321521.899333,59657,3249.3938,5145526.136986
2025-04-20 20:00:00,1586.19,1600.75,1585.12,1589.88,17248.6433,2025-04-20 20:59:59.999,27471422.360736,80537,8936.4023,14233080.097688
2025-04-20 21:00:00,1589.88,1591.08,1583.62,1589.0,8339.5213,2025-04-20 21:59:59.999,13240458.868951,83459,3473.4364,5514121.351622
2025-04-20 22:00:00,1588.99,1589.2,1574.68,1582.16,10844.994,2025-04-20 22:59:59.999,17141411.182465,64381,5027.0802,7945523.255585
2025-04-20 23:00:00,1582.16,1587.96,1582.16,1587.36,7890.0411,2025-04-20 23:59:59.999,12508021.915019,55941,3950.8881,6263009.938074
2025-04-21 00:00:00,1587.36,1620.49,1586.18,1610.09,44169.0729,2025-04-21 00:59:59.999,71075704.517066,313171,23853.4298,38376465.961746
2025-04-21 01:00:00,1610.1,1629.85,1608.01,1628.64,35128.4759,2025-04-21 01:59:59.999,56900089.539183,281726,20442.1333,33111978.778516
2025-04-21 02:00:00,1628.64,1645.45,1625.01,1632.66,49113.0504,2025-04-21 02:59:59.999,80254370.118786,306337,25654.3417,41926223.050948
2025-04-21 03:00:00,1632.66,1642.92,1632.01,1634.54,32198.2725,2025-04-21 03:59:59.999,52719199.537588,169504,14916.4845,24423777.770365
2025-04-21 04:00:00,1634.55,1641.3,1631.3,1640.08,21224.3167,2025-04-21 04:59:59.999,34740070.414252,121233,9100.267,14895830.566564
2025-04-21 05:00:00,1640.09,1656.79,1637.43,1648.21,45269.9396,2025-04-21 05:59:59.999,74601596.481806,151199,27438.8056,45226283.819075
2025-04-21 06:00:00,1648.21,1658.75,1644.56,1647.91,31580.3029,2025-04-21 06:59:59.999,52105701.435468,140144,12499.4805,20631041.111092
2025-04-21 07:00:00,1647.9,1650.38,1641.5,1645.92,16601.328,2025-04-21 07:59:59.999,27325835.964612,94191,8958.404,14745594.337597
2025-04-21 08:00:00,1645.92,1649.45,1643.76,1649.16,10281.0228,2025-04-21 08:59:59.999,16933923.41572,79695,5511.2605,9077984.659478
2025-04-21 09:00:00,1649.15,1655.0,1639.47,1642.58,19708.1387,2025-04-21 09:59:59.999,32442112.757292,110425,8438.2274,13884658.46191
2025-04-21 10:00:00,1642.58,1643.42,1628.29,1635.7,26561.3721,2025-04-21 10:59:59.999,43412199.908299,91569,15086.5458,24657063.305138
2025-04-21 11:00:00,1635.7,1636.17,1617.85,1626.34,21044.9041,2025-04-21 11:59:59.999,34215338.594159,91618,9769.9073,15887949.977233
2025-04-21 12:00:00,1626.34,1631.69,1623.58,1623.71,12302.2199,2025-04-21 12:59:59.999,20030913.588568,73510,6872.3194,11190209.733589
2025-04-21 13:00:00,1623.7,1630.5,1611.51,1611.88,24595.6237,2025-04-21 13:59:59.999,39891606.855857,223386,12695.7499,20600648.336972
2025-04-21 14:00:00,1611.87,1641.82,1608.6,1634.16,50137.0847,2025-04-21 14:59:59.999,81589682.563402,437478,27047.5606,44011928.670123
2025-04-21 15:00:00,1634.15,1635.16,1618.65,1623.3,23384.7005,2025-04-21 15:59:59.999,38029077.817187,277427,12214.659,19865409.084134
2025-04-21 16:00:00,1623.3,1626.09,1587.18,1589.6,36905.0876,2025-04-21 16:59:59.999,59327783.566223,283849,16608.8657,26716184.55874
2025-04-21 17:00:00,1589.6,1590.25,1571.37,1578.42,64646.0353,2025-04-21 17:59:59.999,102243836.92172,366043,27921.685,44153404.075999
2025-04-21 18:00:00,1578.43,1579.22,1567.28,1567.73,26477.9077,2025-04-21 18:59:59.999,41677383.478538,219474,12547.7834,19756251.251807
2025-04-21 19:00:00,1567.73,1581.1,1564.07,1573.7,47806.5291,2025-04-21 19:59:59.999,75344651.221507,181129,22912.5627,36110833.541913
2025-04-21 20:00:00,1573.7,1578.06,1571.35,1577.77,16746.8864,2025-04-21 20:59:59.999,26372094.799618,86542,8638.7319,13605008.514115
2025-04-21 21:00:00,1577.77,1580.16,1572.33,1578.52,9410.1189,2025-04-21 21:59:59.999,14837532.623214,61993,4882.0822,7697244.917664
2025-04-21 22:00:00,1578.51,1578.9,1571.51,1577.85,12359.5363,2025-04-21 22:59:59.999,19474596.36437,57089,6751.0403,10638819.538654
2025-04-21 23:00:00,1577.85,1580.75,1572.11,1579.57,13834.74,2025-04-21 23:59:59.999,21812901.38416,39084,8961.4504,14133497.13592
2025-04-22 00:00:00,1579.57,1580.8,1537.26,1568.93,61120.5396,2025-04-22 00:59:59.999,95135199.262192,227783,30055.3182,46758069.679713
2025-04-22 01:00:00,1568.92,1589.03,1565.0,1587.53,36183.7982,2025-04-22 01:59:59.999,57146427.877938,230573,19273.0642,30439370.821794
2025-04-22 02:00:00,1587.52,1593.73,1567.04,1577.09,30387.9568,2025-04-22 02:59:59.999,48026220.840014,173430,14787.3533,23370215.082707
2025-04-22 03:00:00,1577.08,1580.79,1571.21,1579.22,16956.8666,2025-04-22 03:59:59.999,26733678.034451,110265,7487.0957,11804025.160295
2025-04-22 04:00:00,1579.22,1586.9,1577.62,1577.97,14200.0073,2025-04-22 04:59:59.999,22477714.860486,91310,6760.6184,10702142.629935
2025-04-22 05:00:00,1577.96,1584.28,1574.0,1583.71,16556.5784,2025-04-22 05:59:59.999,26132827.972832,86184,6246.7788,9861385.670557
2025-04-22 06:00:00,1583.72,1585.56,1574.9,1583.74,13707.753,2025-04-22 06:59:59.999,21663561.490854,78689,6616.5851,10455765.777822
2025-04-22 07:00:00,1583.75,1624.0,1582.64,1619.21,74667.5477,2025-04-22 07:59:59.999,120288438.904145,232345,37713.4921,60730521.008925
2025-04-22 08:00:00,1619.2,1634.49,1618.7,1627.75,46906.2779,2025-04-22 08:59:59.999,76262802.076755,173800,23060.0234,37495591.26373
2025-04-22 09:00:00,1627.75,1633.37,1621.74,1625.36,24010.0708,2025-04-22 09:59:59.999,39062225.659391,95184,10559.0489,17178347.713343
2025-04-22 10:00:00,1625.36,1630.0,1613.01,1628.46,24340.7515,2025-04-22 10:59:59.999,39490731.469786,103502,11398.4497,18497893.18377
2025-04-22 11:00:00,1628.46,1638.16,1625.78,1631.03,22923.8269,2025-04-22 11:59:59.999,37387802.581378,88101,10287.6224,16781485.202124
2025-04-22 12:00:00,1631.03,1640.0,1627.48,1634.92,23776.8157,2025-04-22 12:59:59.999,38846633.295784,127380,11968.0912,19554383.820151
2025-04-22 13:00:00,1634.92,1653.79,1626.85,1642.98,68132.5755,2025-04-22 13:59:59.999,111777722.066041,253817,40501.2516,66467497.368533
2025-04-22 14:00:00,1642.98,1680.0,1638.02,1675.0,120370.7854,2025-04-22 14:59:59.999,199866236.816562,306770,69156.3967,114849027.850817
2025-04-22 15:00:00,1674.99,1725.81,1674.11,1703.01,177880.6917,2025-04-22 15:59:59.999,303094342.426731,429551,98288.6683,167451166.719452
2025-04-22 16:00:00,1703.0,1710.66,1686.4,1691.72,36920.0623,2025-04-22 16:59:59.999,62696188.717243,142441,17099.0195,29047481.875045
2025-04-22 17:00:00,1691.71,1702.99,1683.08,1700.42,43852.3269,2025-04-22 17:59:59.999,74289474.977852,130062,23238.5273,39378944.19719
2025-04-22 18:00:00,1700.43,1707.4,1695.71,1703.79,15986.6113,2025-04-22 18:59:59.999,27193295.660051,72711,7739.5733,13166593.355173
2025-04-22 19:00:00,1703.78,1705.39,1683.66,1698.22,20258.3817,2025-04-22 19:59:59.999,34338790.597031,81793,9452.1368,16022858.719558
2025-04-22 20:00:00,1698.22,1701.99,1691.68,1695.32,19661.7569,2025-04-22 20:59:59.999,33382995.271233,64794,8964.5384,15221334.554782
2025-04-22 21:00:00,1695.31,1778.0,1694.17,1754.25,100811.2047,2025-04-22 21:59:59.999,174709300.436089,276033,56140.3738,97287478.573235
2025-04-22 22:00:00,1754.2,1761.53,1738.5,1745.7,47437.0639,2025-04-22 22:59:59.999,83067244.661724,169984,20395.8307,35712421.158439
2025-04-22 23:00:00,1745.7,1764.35,1745.0,1756.26,45986.7079,2025-04-22 23:59:59.999,80782927.123566,95092,23766.7391,41746452.151262
2025-04-23 00:00:00,1756.25,1763.45,1744.95,1751.27,28919.7809,2025-04-23 00:59:59.999,50700566.708744,120217,13410.4915,23506750.908641
2025-04-23 01:00:00,1751.28,1788.0,1747.3,1762.28,66713.0514,2025-04-23 01:59:59.999,118196718.321999,208684,41831.3205,74115082.427551
2025-04-23 02:00:00,1762.28,1807.56,1761.41,1792.21,71533.1078,2025-04-23 02:59:59.999,127938999.540536,220508,42775.6165,76484512.614718
2025-04-23 03:00:00,1792.21,1797.41,1780.0,1795.49,26097.6781,2025-04-23 03:59:59.999,46668631.042588,109194,12996.1134,23243807.860048
2025-04-23 04:00:00,1795.49,1818.18,1782.0,1817.01,35357.1849,2025-04-23 04:59:59.999,63558355.457621,126517,19130.8817,34423650.041285
2025-04-23 05:00:00,1817.0,1817.0,1794.4,1797.41,52695.3959,2025-04-23 05:59:59.999,95043686.544628,159894,21016.1369,37916647.724743
2025-04-23 06:00:00,1797.4,1802.22,1786.18,1788.84,49182.379,2025-04-23 06:59:59.999,88244398.257391,123991,26235.3803,47057215.535499
2025-04-23 07:00:00,1788.84,1795.5,1773.93,1792.11,43249.4428,2025-04-23 07:59:59.999,77099211.576285,125798,23584.554,42046954.344003
2025-04-23 08:00:00,1792.1,1801.47,1785.93,1791.32,39255.575,2025-04-23 08:59:59.999,70403787.650623,118313,20373.3259,36523880.241723
2025-04-23 09:00:00,1791.33,1801.78,1785.54,1785.55,24164.9171,2025-04-23 09:59:59.999,43385943.670985,93564,12367.7545,22210718.485079
2025-04-23 10:00:00,1785.54,1809.14,1779.2,1803.71,28452.3876,2025-04-23 10:59:59.999,51044965.430556,141775,14900.9587,26743713.783637
2025-04-23 11:00:00,1803.7,1812.2,1792.35,1797.23,27802.6046,2025-04-23 11:59:59.999,50124650.128842,118486,12991.2918,23416048.74214
2025-04-23 12:00:00,1797.22,1830.0,1795.1,1815.09,48105.9305,2025-04-23 12:59:59.999,87290676.038048,186300,27785.5095,50412091.918744
2025-04-23 13:00:00,1815.09,1834.86,1782.83,1786.87,99896.7108,2025-04-23 13:59:59.999,180463118.940827,329342,50260.4369,90830715.157991
2025-04-23 14:00:00,1786.86,1803.3,1781.41,1788.12,47599.6664,2025-04-23 14:59:59.999,85308010.625481,220365,24377.0379,43690931.38232
2025-04-23 15:00:00,1788.12,1798.15,1761.62,1794.6,76404.5227,2025-04-23 15:59:59.999,135781202.271291,277099,42872.2853,76210876.79164
2025-04-23 16:00:00,1794.6,1798.21,1781.87,1792.6,29113.4925,2025-04-23 16:59:59.999,52156315.343871,151112,13188.3758,23636019.091268
2025-04-23 17:00:00,1792.59,1804.13,1787.89,1800.72,21073.4765,2025-04-23 17:59:59.999,37844389.977797,104622,10919.3814,19614340.565658
2025-04-23 18:00:00,1800.72,1810.0,1794.0,1798.21,16273.2483,2025-04-23 18:59:59.999,29335116.68017,90861,7754.6995,13979222.386627
2025-04-23 19:00:00,1798.21,1799.09,1774.47,1786.03,21880.216,2025-04-23 19:59:59.999,39049315.123462,110077,8592.6564,15333311.039791
2025-04-23 20:00:00,1786.03,1799.81,1785.73,1795.59,9461.0242,2025-04-23 20:59:59.999,16968752.80991,64121,5481.7116,9832008.208159
2025-04-23 21:00:00,1795.59,1798.8,1786.76,1791.58,6248.0764,2025-04-23 21:59:59.999,11209774.676876,41054,3229.1916,5794695.47254
2025-04-23 22:00:00,1791.59,1805.9,1789.6,1803.42,9487.1889,2025-04-23 22:59:59.999,17058738.947825,55053,5607.2015,10084193.287283
2025-04-23 23:00:00,1803.42,1806.91,1791.5,1795.07,8578.5733,2025-04-23 23:59:59.999,15436569.749121,49316,4182.9236,7526023.488556
2025-04-24 00:00:00,1795.08,1798.42,1783.48,1789.89,12883.4854,2025-04-24 00:59:59.999,23073049.129001,90425,6325.8896,11332084.563088
2025-04-24 01:00:00,1789.9,1797.82,1781.53,1793.99,11161.484,2025-04-24 01:59:59.999,19976822.224692,86976,5487.2862,9822861.708557
2025-04-24 02:00:00,1794.0,1802.82,1775.5,1779.36,19106.286,2025-04-24 02:59:59.999,34170048.679386,96073,9075.5743,16236286.570934
2025-04-24 03:00:00,1779.36,1791.0,1766.52,1768.18,25614.9865,2025-04-24 03:59:59.999,45549554.112516,108146,11393.1434,20269110.733449
2025-04-24 04:00:00,1768.16,1773.47,1758.0,1772.32,25944.8794,2025-04-24 04:59:59.999,45821449.922859,110026,10482.0062,18512006.677675
2025-04-24 05:00:00,1772.32,1776.34,1766.43,1769.59,10623.0375,2025-04-24 05:59:59.999,18823039.368096,56543,3806.6433,6745249.733868
2025-04-24 06:00:00,1769.58,1776.0,1762.01,1768.19,12315.6762,2025-04-24 06:59:59.999,21806511.196598,70010,5559.6552,9843754.044285
2025-04-24 07:00:00,1768.19,1774.62,1751.27,1756.25,27355.6553,2025-04-24 07:59:59.999,48199787.311483,107701,11563.2791,20375888.598436
2025-04-24 08:00:00,1756.25,1760.7,1722.9,1734.91,64193.0206,2025-04-24 08:59:59.999,111587645.063568,200839,25329.4074,43990667.844581
2025-04-24 09:00:00,1734.91,1747.2,1734.5,1743.5,19292.247,2025-04-24 09:59:59.999,33591663.217776,102997,10243.2261,17834399.878031
2025-04-24 10:00:00,1743.5,1751.47,1739.93,1750.17,13226.9506,2025-04-24 10:59:59.999,23101700.760935,67550,6727.4905,11749600.384328
2025-04-24 11:00:00,1750.17,1757.4,1741.47,1755.1,15252.425,2025-04-24 11:59:59.999,26659059.931712,65623,7137.4371,12475920.56389
2025-04-24 12:00:00,1755.1,1757.95,1747.4,1757.86,15162.4504,2025-04-24 12:59:59.999,26584160.953816,76153,7827.8428,13726132.101966
2025-04-24 13:00:00,1757.86,1760.88,1744.4,1753.55,21264.1997,2025-04-24 13:59:59.999,37291064.96513,109479,10497.0617,18408392.248118
2025-04-24 14:00:00,1753.55,1776.35,1752.85,1765.37,40974.24,2025-04-24 14:59:59.999,72265167.625573,180489,21566.4948,38038497.747383
2025-04-24 15:00:00,1765.37,1777.77,1762.2,1764.62,29454.3897,2025-04-24 15:59:59.999,52136914.753049,129355,14305.2621,25322424.003261
2025-04-24 16:00:00,1764.62,1777.5,1763.28,1770.4,23917.3188,2025-04-24 16:59:59.999,42382215.605722,104391,12150.7273,21529338.366197
2025-04-24 17:00:00,1770.4,1773.78,1746.04,1755.41,31234.5268,2025-04-24 17:59:59.999,54824283.49414,142742,14397.2219,25264880.226553
2025-04-24 18:00:00,1755.4,1769.2,1755.0,1763.24,12393.7559,2025-04-24 18:59:59.999,21835963.632904,75691,5817.2368,10249806.281489
2025-04-24 19:00:00,1763.25,1766.79,1756.01,1763.1,8814.9947,2025-04-24 19:59:59.999,15535494.244011,52971,5196.8037,9159038.268009
2025-04-24 20:00:00,1763.1,1770.0,1761.13,1762.01,9665.8341,2025-04-24 20:59:59.999,17060147.300087,46422,5242.2527,9252254.302996
2025-04-24 21:00:00,1762.01,1764.19,1749.04,1760.8,10949.0576,2025-04-24 21:59:59.999,19236855.514438,48003,5380.9948,9454452.538378
2025-04-24 22:00:00,1760.8,1765.0,1755.94,1760.0,11450.4194,2025-04-24 22:59:59.999,20166955.009028,44709,6433.2,11330941.323071
2025-04-24 23:00:00,1759.99,1774.84,1758.75,1769.65,11213.7179,2025-04-24 23:59:59.999,19827638.02994,52146,6210.8442,10980088.811334
2025-04-25 00:00:00,1769.64,1775.44,1763.2,1774.15,11926.0376,2025-04-25 00:59:59.999,21111065.129603,63529,6339.7495,11222916.907763
2025-04-25 01:00:00,1774.15,1790.5,1765.01,1765.93,27537.8398,2025-04-25 01:59:59.999,48958655.92551,110421,15055.4532,26780056.333195
2025-04-25 02:00:00,1765.93,1770.87,1738.6,1744.61,34757.9676,2025-04-25 02:59:59.999,60859005.754438,130107,14432.4613,25285536.442024
2025-04-25 03:00:00,1744.61,1762.14,1740.15,1760.89,17224.9915,2025-04-25 03:59:59.999,30185355.974213,78272,9612.7846,16850486.927208
2025-04-25 04:00:00,1760.89,1771.8,1758.14,1766.0,11485.2041,2025-04-25 04:59:59.999,20273682.219084,65511,5847.3516,10321961.590831
2025-04-25 05:00:00,1766.0,1770.99,1763.07,1767.26,8180.4764,2025-04-25 05:59:59.999,14455428.199756,48364,4202.0621,7425432.713648
2025-04-25 06:00:00,1767.26,1780.46,1765.62,1776.96,14568.7138,2025-04-25 06:59:59.999,25847580.87408,68924,9053.4556,16061660.072218
2025-04-25 07:00:00,1776.96,1781.88,1770.29,1777.18,22421.1221,2025-04-25 07:59:59.999,39786158.942047,82012,12174.6815,21602205.725809
2025-04-25 08:00:00,1777.17,1778.8,1772.5,1775.19,15888.4639,2025-04-25 08:59:59.999,28211749.073175,80759,7533.1441,13376463.457149
2025-04-25 09:00:00,1775.18,1793.29,1764.29,1788.11,30308.2849,2025-04-25 09:59:59.999,53857451.073596,100934,17490.042,31086814.08469
2025-04-25 10:00:00,1788.1,1791.79,1769.07,1771.6,27845.7896,2025-04-25 10:59:59.999,49566399.154538,114065,13232.9936,23557572.432668
2025-04-25 11:00:00,1771.61,1790.49,1771.61,1790.49,20020.0098,2025-04-25 11:59:59.999,35701077.13902,97040,10806.2735,19270107.865955
2025-04-25 12:00:00,1790.49,1802.7,1770.92,1773.1,43324.8466,2025-04-25 12:59:59.999,77410427.708607,163630,20849.5765,37305125.663036
2025-04-25 13:00:00,1773.11,1779.43,1757.25,1769.11,36095.961,2025-04-25 13:59:59.999,63915584.86666,168176,19926.8549,35287639.673245
2025-04-25 14:00:00,1769.1,1813.7,1768.47,1808.34,71504.1276,2025-04-25 14:59:59.999,128032656.430806,263401,42928.033,76904535.991824
2025-04-25 15:00:00,1808.34,1827.32,1801.2,1806.48,74586.911,2025-04-25 15:59:59.999,135230787.030735,256639,38128.4339,69121157.625096
2025-04-25 16:00:00,1806.48,1809.23,1788.11,1801.75,24263.6719,2025-04-25 16:59:59.999,43628186.112723,135752,12251.3218,22026593.472867
2025-04-25 17:00:00,1801.75,1810.89,1782.4,1785.82,29884.8449,2025-04-25 17:59:59.999,53661605.205428,138624,14127.3457,25371348.101005
2025-04-25 18:00:00,1785.83,1803.0,1785.83,1796.4,10180.3358,2025-04-25 18:59:59.999,18282094.083459,74406,5300.5435,9518920.86091
2025-04-25 19:00:00,1796.4,1802.85,1791.5,1802.16,17609.6401,2025-04-25 19:59:59.999,31616794.951442,68356,9838.4096,17665278.790613
2025-04-25 20:00:00,1802.16,1806.3,1792.16,1798.33,12480.1878,2025-04-25 20:59:59.999,22462929.83851,59332,5646.6674,10162667.366328
2025-04-25 21:00:00,1798.32,1809.4,1785.4,1789.81,15573.558,2025-04-25 21:59:59.999,28002069.635347,65497,7388.6449,13281149.985625
2025-04-25 22:00:00,1789.82,1799.54,1788.76,1795.65,5122.8449,2025-04-25 22:59:59.999,9193456.508257,36339,3080.3573,5527519.107332
2025-04-25 23:00:00,1795.65,1798.8,1783.85,1784.6,12819.0587,2025-04-25 23:59:59.999,22942708.508019,46658,4872.9287,8719247.459782
2025-04-26 00:00:00,1784.6,1798.68,1784.6,1796.42,23399.4707,2025-04-26 00:59:59.999,41922003.674141,87582,12748.3455,22840554.142033
2025-04-26 01:00:00,1796.41,1815.81,1791.51,1807.3,15670.8383,2025-04-26 01:59:59.999,28282055.207793,88739,9115.0069,16452982.129938
2025-04-26 02:00:00,1807.29,1815.53,1801.41,1807.99,25064.7748,2025-04-26 02:59:59.999,45327891.568276,97759,16670.3503,30152135.504085
2025-04-26 03:00:00,1807.99,1810.11,1792.88,1797.48,15000.6273,2025-04-26 03:59:59.999,27015491.254985,84681,6775.4996,12199420.708252
2025-04-26 04:00:00,1797.48,1800.59,1790.21,1791.84,8090.1727,2025-04-26 04:59:59.999,14521504.941985,60545,4089.3162,7340480.263275
2025-04-26 05:00:00,1791.84,1797.88,1789.0,1794.45,6322.5534,2025-04-26 05:59:59.999,11338853.779811,54289,2399.2847,4303180.922447
2025-04-26 06:00:00,1794.45,1807.07,1794.0,1803.05,8579.7032,2025-04-26 06:59:59.999,15445215.018649,54606,4735.9163,8526029.620946
2025-04-26 07:00:00,1803.06,1810.88,1800.0,1800.49,12840.6197,2025-04-26 07:59:59.999,23191249.593463,64185,6478.5058,11703598.691652
2025-04-26 08:00:00,1800.49,1841.16,1798.23,1806.35,53153.9222,2025-04-26 08:59:59.999,96651046.922735,209140,28025.8094,50980352.224692
2025-04-26 09:00:00,1806.35,1815.67,1792.96,1803.47,24744.7738,2025-04-26 09:59:59.999,44628333.387927,126157,11794.2155,21273873.442762
2025-04-26 10:00:00,1803.48,1811.07,1801.44,1803.89,10330.0804,2025-04-26 10:59:59.999,18667439.07942,78135,5214.1984,9423229.828294
2025-04-26 11:00:00,1803.9,1806.39,1778.94,1785.85,27700.9803,2025-04-26 11:59:59.999,49640653.823051,123898,12144.6414,21773688.337772
2025-04-26 12:00:00,1785.86,1799.28,1784.2,1791.7,14918.4658,2025-04-26 12:59:59.999,26740434.435567,80345,8123.0724,14560346.260411
2025-04-26 13:00:00,1791.71,1795.5,1780.1,1790.42,14984.6726,2025-04-26 13:59:59.999,26814291.403659,83762,7708.1347,13797147.858754
2025-04-26 14:00:00,1790.41,1796.7,1785.06,1792.2,10229.948,2025-04-26 14:59:59.999,18326238.836061,78063,4727.4029,8469903.705398
2025-04-26 15:00:00,1792.2,1804.0,1792.19,1800.2,13038.4886,2025-04-26 15:59:59.999,23464372.078261,71823,6824.4569,12281138.464407
2025-04-26 16:00:00,1800.2,1804.87,1795.86,1802.94,7168.936,2025-04-26 16:59:59.999,12904723.247866,52899,3140.0133,5653186.369988
2025-04-26 17:00:00,1802.94,1807.26,1799.3,1804.5,6625.7425,2025-04-26 17:59:59.999,11951305.795502,49012,3170.6633,5719669.796286
2025-04-26 18:00:00,1804.49,1808.25,1800.82,1802.79,6192.0231,2025-04-26 18:59:59.999,11177164.920028,40403,2909.179,5251738.443629
2025-04-26 19:00:00,1802.8,1814.89,1800.92,1813.08,8135.4026,2025-04-26 19:59:59.999,14703689.407464,42971,4776.6535,8635454.367543
2025-04-26 20:00:00,1813.08,1818.52,1805.51,1805.7,10269.6337,2025-04-26 20:59:59.999,18614984.797879,58539,5260.442,9539446.757085
2025-04-26 21:00:00,1805.69,1815.81,1805.69,1812.05,7077.823,2025-04-26 21:59:59.999,12829756.118762,45703,3490.8477,6327064.546452
2025-04-26 22:00:00,1812.05,1831.09,1812.05,1816.28,17956.6431,2025-04-26 22:59:59.999,32719089.925102,105617,9889.2405,18017526.647781
2025-04-26 23:00:00,1816.27,1822.98,1814.05,1820.88,7571.7484,2025-04-26 23:59:59.999,13767773.646829,68445,4096.8834,7450017.421292
2025-04-27 00:00:00,1820.87,1849.5,1820.0,1842.03,33911.0313,2025-04-27 00:59:59.999,62399752.238377,240534,20118.9205,37015481.364262
2025-04-27 01:00:00,1842.04,1857.47,1801.02,1804.6,63309.4394,2025-04-27 01:59:59.999,115917894.030913,420760,30431.5077,55803449.49551
2025-04-27 02:00:00,1804.61,1818.1,1801.07,1813.24,14113.3224,2025-04-27 02:59:59.999,25575684.702998,191806,6440.3608,11671173.705753
2025-04-27 03:00:00,1813.23,1817.5,1805.55,1809.75,14442.8477,2025-04-27 03:59:59.999,26166752.241775,146442,5378.4751,9741535.163709
2025-04-27 04:00:00,1809.75,1811.6,1797.02,1798.2,15348.8644,2025-04-27 04:59:59.999,27682605.102383,97762,5475.4869,9876673.473882
2025-04-27 05:00:00,1798.2,1806.67,1790.27,1798.69,15642.4511,2025-04-27 05:59:59.999,28114279.495339,109896,6565.2831,11802583.284715
2025-04-27 06:00:00,1798.69,1804.28,1797.81,1800.62,9100.3857,2025-04-27 06:59:59.999,16391413.707142,46296,4141.5678,7459882.155913
2025-04-27 07:00:00,1800.62,1805.4,1797.22,1803.76,5844.1585,2025-04-27 07:59:59.999,10533461.610283,38597,2842.8971,5124469.325901
2025-04-27 08:00:00,1803.75,1815.52,1801.56,1810.09,12489.6545,2025-04-27 08:59:59.999,22597396.465671,74767,6790.2808,12287860.538606
2025-04-27 09:00:00,1810.1,1813.34,1805.31,1810.65,6538.6553,2025-04-27 09:59:59.999,11829545.403123,54294,3738.3847,6764036.72736
2025-04-27 10:00:00,1810.66,1812.94,1806.0,1809.19,5887.0317,2025-04-27 10:59:59.999,10653488.372327,45627,2827.1022,5115914.691643
2025-04-27 11:00:00,1809.19,1809.91,1803.35,1805.94,7128.0141,2025-04-27 11:59:59.999,12879641.936897,53384,3271.3022,5910401.809891
2025-04-27 12:00:00,1805.94,1807.49,1794.23,1796.19,14963.0046,2025-04-27 12:59:59.999,26953475.797934,94972,6427.9849,11580595.888786
2025-04-27 13:00:00,1796.19,1800.38,1781.9,1797.96,23003.5787,2025-04-27 13:59:59.999,41227630.410917,129407,10729.8159,19233444.848644
2025-04-27 14:00:00,1797.95,1808.1,1793.09,1796.63,17171.9885,2025-04-27 14:59:59.999,30901814.6459,85013,9573.8594,17222737.757159
2025-04-27 15:00:00,1796.63,1797.82,1789.11,1793.86,10857.0406,2025-04-27 15:59:59.999,19469051.692058,81952,5724.9992,10265883.055137
2025-04-27 16:00:00,1793.85,1798.19,1787.31,1795.29,12031.9183,2025-04-27 16:59:59.999,21578400.401839,80212,6464.5631,11593834.884356
2025-04-27 17:00:00,1795.29,1801.89,1792.86,1798.12,7051.84,2025-04-27 17:59:59.999,12680954.906713,62953,3857.5239,6936730.525284
2025-04-27 18:00:00,1798.12,1808.47,1797.08,1803.39,7934.4751,2025-04-27 18:59:59.999,14304602.644629,49691,4220.9735,7609607.770653
2025-04-27 19:00:00,1803.4,1808.4,1800.79,1808.01,5844.1454,2025-04-27 19:59:59.999,10545266.710703,40579,3219.1263,5809390.892414
2025-04-27 20:00:00,1808.01,1808.26,1798.51,1802.5,6631.9989,2025-04-27 20:59:59.999,11955840.074569,46973,2858.2064,5151650.038894
2025-04-27 21:00:00,1802.51,1807.3,1796.14,1803.0,5146.7824,2025-04-27 21:59:59.999,9279811.606265,38821,2327.503,4196922.730639
2025-04-27 22:00:00,1803.0,1803.2,1784.59,1794.6,18511.8933,2025-04-27 22:59:59.999,33171437.373747,111699,8212.1011,14714355.794312
2025-04-27 23:00:00,1794.59,1796.4,1788.41,1791.29,7428.1216,2025-04-27 23:59:59.999,13312091.735752,63327,3106.4872,5567308.53017
2025-04-28 00:00:00,1791.29,1793.83,1768.0,1773.59,44175.2903,2025-04-28 00:59:59.999,78565915.38579,215532,19616.1653,34889526.952532
2025-04-28 01:00:00,1773.59,1778.69,1752.18,1763.89,37949.9495,2025-04-28 01:59:59.999,66986357.280733,188675,17280.8421,30493754.531975
2025-04-28 02:00:00,1763.89,1774.13,1761.81,1772.99,16802.5399,2025-04-28 02:59:59.999,29728174.447865,104278,8778.2571,15529442.904463
2025-04-28 03:00:00,1772.99,1787.1,1769.81,1784.23,11413.8811,2025-04-28 03:59:59.999,20311427.362556,85369,6346.3141,11295306.907718
2025-04-28 04:00:00,1784.23,1794.14,1784.23,1787.76,11060.2733,2025-04-28 04:59:59.999,19780495.238267,66801,5833.578,10431390.191841
2025-04-28 05:00:00,1787.75,1802.88,1786.2,1795.8,18918.5225,2025-04-28 05:59:59.999,33941702.03126,91597,8845.9161,15874123.283671
2025-04-28 06:00:00,1795.8,1806.31,1795.62,1804.69,15568.387,2025-04-28 06:59:59.999,28043514.393311,86853,7788.3404,14029189.998868
2025-04-28 07:00:00,1804.68,1812.08,1800.4,1804.79,17524.7753,2025-04-28 07:59:59.999,31653513.711436,80313,9208.3616,16635990.189321
2025-04-28 08:00:00,1804.8,1810.4,1801.48,1809.39,12486.9681,2025-04-28 08:59:59.999,22559911.212048,72554,6152.3635,11115938.94373
2025-04-28 09:00:00,1809.4,1815.88,1804.48,1805.76,13790.5688,2025-04-28 09:59:59.999,24964029.577824,86187,6600.5632,11949534.685486
2025-04-28 10:00:00,1805.76,1824.0,1788.3,1815.39,46627.3895,2025-04-28 10:59:59.999,84254961.352199,186479,23315.4633,42176419.465972
2025-04-28 11:00:00,1815.4,1827.98,1810.41,1816.2,22839.6302,2025-04-28 11:59:59.999,41526853.592172,125895,11045.5311,20085417.461211
2025-04-28 12:00:00,1816.2,1816.97,1804.87,1806.87,28717.624,2025-04-28 12:59:59.999,51987047.920288,137281,11156.7282,20198830.219584
2025-04-28 13:00:00,1806.87,1810.6,1782.19,1784.22,40042.0464,2025-04-28 13:59:59.999,71865160.76195,215341,18570.7235,33328790.736715
2025-04-28 14:00:00,1784.21,1799.0,1780.0,1781.92,25868.6299,2025-04-28 14:59:59.999,46277385.76209,162217,11248.6904,20124458.49831
2025-04-28 15:00:00,1781.93,1785.4,1753.0,1763.28,48908.4342,2025-04-28 15:59:59.999,86322204.215598,230066,21016.5887,37107463.684135
2025-04-28 16:00:00,1763.27,1768.64,1744.71,1757.99,39278.378,2025-04-28 16:59:59.999,69032346.0471,192558,17811.0269,31317921.265101
2025-04-28 17:00:00,1757.99,1774.74,1754.7,1770.86,19204.1763,2025-04-28 17:59:59.999,33860678.748959,110518,11945.1135,21066689.022098
2025-04-28 18:00:00,1770.86,1781.69,1764.61,1778.2,16978.99,2025-04-28 18:59:59.999,30084363.896399,91569,10003.0199,17726263.920059
2025-04-28 19:00:00,1778.21,1804.79,1777.63,1797.17,43611.7744,2025-04-28 19:59:59.999,78325710.494308,170249,23574.2682,42333708.228126
2025-04-28 20:00:00,1797.17,1798.95,1783.4,1785.83,14808.3889,2025-04-28 20:59:59.999,26492082.819695,71849,6015.0289,10761225.873864
2025-04-28 21:00:00,1785.83,1794.47,1781.16,1793.45,8259.6458,2025-04-28 21:59:59.999,14759025.482967,44082,3655.512,6534473.407142
2025-04-28 22:00:00,1793.46,1805.8,1791.6,1801.88,17117.1055,2025-04-28 22:59:59.999,30791582.730845,89280,9249.6607,16638939.881122
2025-04-28 23:00:00,1801.88,1807.0,1795.11,1799.88,15316.3741,2025-04-28 23:59:59.999,27576314.686714,75113,7366.3454,13262160.152884
2025-04-29 00:00:00,1799.88,1805.88,1793.71,1802.08,13288.0216,2025-04-29 00:59:59.999,23922306.721337,101181,7111.0553,12802392.534612
2025-04-29 01:00:00,1802.09,1811.56,1792.63,1796.5,21206.8494,2025-04-29 01:59:59.999,38206473.29412,128892,10322.1126,18603963.904113
2025-04-29 02:00:00,1796.51,1801.85,1787.89,1794.63,15275.4008,2025-04-29 02:59:59.999,27416006.074735,97012,6846.656,12288879.716581
2025-04-29 03:00:00,1794.66,1805.24,1792.27,1802.08,10762.9045,2025-04-29 03:59:59.999,19367620.648935,75185,6303.205,11343309.066749
2025-04-29 04:00:00,1802.07,1804.86,1789.19,1792.38,11418.4711,2025-04-29 04:59:59.999,20516841.953269,72620,5145.3615,9248176.350547
2025-04-29 05:00:00,1792.39,1796.6,1788.16,1794.89,10248.0919,2025-04-29 05:59:59.999,18373429.637393,68871,4994.6578,8956335.577228
2025-04-29 06:00:00,1794.89,1822.21,1794.2,1821.13,35543.7727,2025-04-29 06:59:59.999,64478869.089347,133765,21469.862,38940615.705305
2025-04-29 07:00:00,1821.14,1824.94,1816.47,1821.71,20138.1049,2025-04-29 07:59:59.999,36666853.290026,89090,9835.3423,17909511.008365
2025-04-29 08:00:00,1821.71,1835.95,1816.92,1832.5,31266.0013,2025-04-29 08:59:59.999,57097415.583942,116116,18787.8571,34321263.001023
2025-04-29 09:00:00,1832.51,1835.2,1824.47,1831.85,22357.3796,2025-04-29 09:59:59.999,40911261.656876,110462,11786.577,21571104.089271
2025-04-29 10:00:00,1831.85,1842.99,1823.04,1825.71,31068.4523,2025-04-29 10:59:59.999,56949556.703277,147020,14934.3656,27385660.266483
2025-04-29 11:00:00,1825.7,1838.57,1824.97,1829.77,19542.3978,2025-04-29 11:59:59.999,35806181.212011,105405,10966.0448,20093744.554145
2025-04-29 12:00:00,1829.76,1833.42,1821.03,1821.8,15446.4226,2025-04-29 12:59:59.999,28228262.86079,109722,7321.012,13379229.696113
2025-04-29 13:00:00,1821.8,1824.98,1802.02,1814.64,41462.4638,2025-04-29 13:59:59.999,75184837.131509,205591,20101.4464,36453100.767174
2025-04-29 14:00:00,1814.64,1826.32,1809.57,1823.51,30582.9137,2025-04-29 14:59:59.999,55624097.75334,155217,15987.4143,29073669.213387
2025-04-29 15:00:00,1823.51,1825.4,1812.19,1814.99,13100.1969,2025-04-29 15:59:59.999,23813531.202154,93396,6869.4314,12487404.335847
2025-04-29 16:00:00,1814.99,1832.49,1813.74,1816.23,21593.7473,2025-04-29 16:59:59.999,39355157.797905,118808,11317.8757,20625580.516003
2025-04-29 17:00:00,1816.23,1829.84,1807.48,1825.19,19364.8866,2025-04-29 17:59:59.999,35216060.857917,127249,10720.6243,19500369.021841
2025-04-29 18:00:00,1825.19,1828.9,1820.9,1825.58,12696.705,2025-04-29 18:59:59.999,23177090.981359,81691,6761.4974,12342833.620682
2025-04-29 19:00:00,1825.57,1828.68,1819.0,1821.65,10443.775,2025-04-29 19:59:59.999,19045879.497281,70593,5149.4411,9390925.103885
2025-04-29 20:00:00,1821.66,1825.69,1807.23,1808.68,12267.9086,2025-04-29 20:59:59.999,22249190.774913,74088,5364.8941,9731569.029484
2025-04-29 21:00:00,1808.68,1811.44,1789.85,1800.57,24600.8178,2025-04-29 21:59:59.999,44222821.461752,115806,10581.9201,19022084.773884
2025-04-29 22:00:00,1800.56,1800.56,1790.2,1792.69,12150.5303,2025-04-29 22:59:59.999,21807270.053991,92260,6194.4685,11117596.907928
2025-04-29 23:00:00,1792.69,1799.91,1780.47,1797.81,24630.1729,2025-04-29 23:59:59.999,44048355.510963,100927,12263.999,21929227.172621
2025-04-30 00:00:00,1797.81,1813.09,1794.7,1805.61,15446.3568,2025-04-30 00:59:59.999,27871618.987736,96192,8290.0491,14960558.103887
2025-04-30 01:00:00,1805.6,1806.65,1788.9,1797.62,11037.4993,2025-04-30 01:59:59.999,19852494.710304,77695,4620.4283,8314036.821857
2025-04-30 02:00:00,1797.62,1806.14,1793.6,1802.99,8637.7898,2025-04-30 02:59:59.999,15550728.462753,68773,4346.7062,7825949.869916
2025-04-30 03:00:00,1802.99,1812.6,1798.45,1808.91,12401.5159,2025-04-30 03:59:59.999,22373410.664129,71457,6046.9811,10913452.195192
2025-04-30 04:00:00,1808.92,1813.0,1805.28,1811.91,10832.0871,2025-04-30 04:59:59.999,19595539.813131,58263,6233.5758,11278513.884154
2025-04-30 05:00:00,1811.9,1812.34,1801.4,1806.11,9742.5504,2025-04-30 05:59:59.999,17596353.257842,59081,4373.3307,7897543.284346
2025-04-30 06:00:00,1806.12,1808.83,1802.83,1803.24,6117.8712,2025-04-30 06:59:59.999,11046738.443168,41801,3084.5921,5570343.338
2025-04-30 07:00:00,1803.24,1807.68,1791.1,1796.37,12115.4263,2025-04-30 07:59:59.999,21789065.567567,77725,4792.9943,8620337.259389
2025-04-30 08:00:00,1796.37,1802.13,1792.8,1795.24,11807.6378,2025-04-30 08:59:59.999,21224043.531253,67470,5344.0852,9608507.478121
2025-04-30 09:00:00,1795.24,1808.3,1795.0,1806.56,10415.2371,2025-04-30 09:59:59.999,18774426.705784,63621,5010.5496,9032746.521896
2025-04-30 10:00:00,1806.57,1810.8,1803.84,1807.53,9413.7609,2025-04-30 10:59:59.999,17008614.524155,57110,4459.4973,8057404.547288
2025-04-30 11:00:00,1807.54,1816.8,1807.54,1815.7,11736.4513,2025-04-30 11:59:59.999,21268215.264169,53889,5476.4505,9925888.401799
2025-04-30 12:00:00,1815.69,1816.4,1767.32,1775.46,53253.6258,2025-04-30 12:59:59.999,95081552.287316,231369,22577.8841,40284742.51102
2025-04-30 13:00:00,1775.46,1776.33,1735.2,1740.85,74123.1297,2025-04-30 13:59:59.999,130312302.104216,303384,30574.8981,53771753.920311
2025-04-30 14:00:00,1740.84,1773.0,1731.7,1759.27,63772.4296,2025-04-30 14:59:59.999,111962594.491939,249114,29266.2536,51376323.299211
2025-04-30 15:00:00,1759.27,1771.92,1757.57,1764.74,23862.3986,2025-04-30 15:59:59.999,42116569.819591,144409,13847.0112,24440480.390983
2025-04-30 16:00:00,1764.73,1771.15,1756.07,1767.99,15747.7174,2025-04-30 16:59:59.999,27761827.476345,114477,7669.2129,13521694.642123
2025-04-30 17:00:00,1767.99,1779.59,1761.8,1775.53,14162.5151,2025-04-30 17:59:59.999,25091465.786431,97209,7907.9741,14012160.127768
2025-04-30 18:00:00,1775.53,1789.6,1773.01,1782.48,24564.7062,2025-04-30 18:59:59.999,43803125.311985,135071,11603.3178,20691197.1735
2025-04-30 19:00:00,1782.49,1792.97,1775.92,1786.69,13303.3257,2025-04-30 19:59:59.999,23738995.815163,91124,6786.3244,12112458.682104
2025-04-30 20:00:00,1786.7,1809.72,1784.61,1794.01,31746.315,2025-04-30 20:59:59.999,57158168.98331,145968,16946.3955,30511487.007165
2025-04-30 21:00:00,1794.0,1800.7,1790.67,1792.52,10686.5924,2025-04-30 21:59:59.999,19194779.991912,53673,5237.3365,9409132.253489
2025-04-30 22:00:00,1792.52,1799.52,1789.24,1795.39,11421.1998,2025-04-30 22:59:59.999,20497544.987877,65086,6883.1604,12354833.001839
2025-04-30 23:00:00,1795.4,1799.5,1792.21,1793.61,7175.8485,2025-04-30 23:59:59.999,12888821.338256,45037,3484.7669,6259591.335721
2025-05-01 00:00:00,1793.62,1799.0,1792.52,1797.75,7155.8047,2025-05-01 00:59:59.999,12850293.695302,50691,3541.9097,6360547.754388
2025-05-01 01:00:00,1797.76,1810.55,1797.76,1809.91,14529.9268,2025-05-01 01:59:59.999,26222799.018571,72779,8844.3932,15965987.475973
2025-05-01 02:00:00,1809.92,1819.0,1805.3,1807.56,22553.0252,2025-05-01 02:59:59.999,40888893.774197,103884,11663.5816,21149411.396056
2025-05-01 03:00:00,1807.57,1814.19,1805.37,1807.99,10117.9132,2025-05-01 03:59:59.999,18316399.864469,62603,4561.1977,8257792.663804
2025-05-01 04:00:00,1807.99,1810.38,1804.0,1809.0,7083.2513,2025-05-01 04:59:59.999,12804137.541579,48762,3615.5509,6535749.257628
2025-05-01 05:00:00,1809.0,1816.9,1805.61,1813.65,11123.4469,2025-05-01 05:59:59.999,20144972.73646,55936,6385.9809,11565957.825492
2025-05-01 06:00:00,1813.64,1815.19,1805.14,1806.54,7165.9252,2025-05-01 06:59:59.999,12967158.888121,46376,3374.7598,6106220.206495
2025-05-01 07:00:00,1806.54,1814.77,1802.14,1810.6,9403.1368,2025-05-01 07:59:59.999,17013650.115985,49166,4445.7463,8045887.300579
2025-05-01 08:00:00,1810.59,1820.09,1808.8,1817.83,15753.105,2025-05-01 08:59:59.999,28599138.327171,67211,9218.4961,16738698.072946
2025-05-01 09:00:00,1817.83,1824.52,1814.93,1817.53,18109.927,2025-05-01 09:59:59.999,32959506.690813,79467,10006.2795,18213548.912471
2025-05-01 10:00:00,1817.53,1851.0,1817.52,1847.61,60681.5637,2025-05-01 10:59:59.999,111505944.9524,208182,36542.6733,67150139.987655
2025-05-01 11:00:00,1847.6,1859.23,1838.2,1845.58,42006.6804,2025-05-01 11:59:59.999,77644856.684648,157438,23290.3863,43061959.752848
2025-05-01 12:00:00,1845.58,1855.07,1841.92,1849.29,27600.0637,2025-05-01 12:59:59.999,51013717.561327,111310,14596.5234,26974230.082834
2025-05-01 13:00:00,1849.28,1851.69,1825.2,1826.83,54901.2164,2025-05-01 13:59:59.999,100974132.899503,219061,23800.7763,43762326.158974
2025-05-01 14:00:00,1826.84,1850.0,1826.84,1848.59,38928.6114,2025-05-01 14:59:59.999,71550792.94404,163795,19399.9627,35661968.605812
2025-05-01 15:00:00,1848.59,1873.17,1844.65,1852.99,85379.8847,2025-05-01 15:59:59.999,158933217.072585,248200,49302.3296,91759324.06898
2025-05-01 16:00:00,1853.0,1870.25,1852.22,1859.7,22021.6305,2025-05-01 16:59:59.999,40980948.397956,119193,12912.9806,24030610.420417
2025-05-01 17:00:00,1859.7,1864.88,1846.41,1856.11,18272.1528,2025-05-01 17:59:59.999,33914141.330864,109991,8359.6674,15517412.73632
2025-05-01 18:00:00,1856.11,1858.4,1847.75,1856.0,15835.4412,2025-05-01 18:59:59.999,29346955.188537,80543,7496.6638,13893008.015393
2025-05-01 19:00:00,1855.99,1856.09,1838.49,1842.82,15174.2933,2025-05-01 19:59:59.999,28046825.215256,85184,6989.8522,12920095.67653
2025-05-01 20:00:00,1842.89,1851.01,1836.94,1839.41,14097.365,2025-05-01 20:59:59.999,25984387.601147,99257,6506.0307,11993295.25238
2025-05-01 21:00:00,1839.4,1849.31,1839.4,1843.79,6839.4594,2025-05-01 21:59:59.999,12618526.253661,45530,3797.2594,7005440.925561
2025-05-01 22:00:00,1843.8,1846.05,1837.6,1838.71,5904.1691,2025-05-01 22:59:59.999,10873245.284584,60100,2737.582,5041462.184216
2025-05-01 23:00:00,1838.71,1840.94,1833.5,1838.11,6560.7354,2025-05-01 23:59:59.999,12051953.785716,54106,3143.5548,5774441.524081
2025-05-02 00:00:00,1838.1,1850.61,1835.1,1847.75,10975.9269,2025-05-02 00:59:59.999,20228087.531985,88306,6254.7342,11527657.511518
2025-05-02 01:00:00,1847.75,1851.3,1839.0,1842.72,10982.0317,2025-05-02 01:59:59.999,20270103.893447,86688,5160.9448,9526836.444247
2025-05-02 02:00:00,1842.71,1849.75,1839.2,1846.8,7337.3773,2025-05-02 02:59:59.999,13541329.415194,67654,3902.1617,7200757.94912
2025-05-02 03:00:00,1846.81,1850.77,1843.8,1847.74,7143.2187,2025-05-02 03:59:59.999,13198432.210485,59979,4077.2539,7533179.325506
2025-05-02 04:00:00,1847.74,1851.79,1839.4,1841.49,11583.4798,2025-05-02 04:59:59.999,21373554.930709,71464,6768.5082,12490347.734316
2025-05-02 05:00:00,1841.5,1844.2,1828.96,1832.1,20150.662,2025-05-02 05:59:59.999,36994278.189651,81750,10355.273,19015854.473608
2025-05-02 06:00:00,1832.1,1837.4,1828.48,1832.23,16923.6916,2025-05-02 06:59:59.999,31018609.705798,84783,7156.2295,13115697.54035
2025-05-02 07:00:00,1832.24,1832.24,1816.22,1816.32,28542.2203,2025-05-02 07:59:59.999,52006330.114147,126035,11578.7017,21099292.228877
2025-05-02 08:00:00,1816.33,1826.59,1813.0,1823.69,22376.3612,2025-05-02 08:59:59.999,40696584.52877,83342,13976.2287,25412198.804897
2025-05-02 09:00:00,1823.7,1827.3,1820.44,1820.68,10770.9761,2025-05-02 09:59:59.999,19644744.489522,51815,4359.6528,7951561.606359
2025-05-02 10:00:00,1820.68,1835.18,1820.68,1829.28,19467.5016,2025-05-02 10:59:59.999,35595290.378454,73810,11731.4089,21452556.321671
2025-05-02 11:00:00,1829.29,1835.53,1829.28,1833.39,11591.0646,2025-05-02 11:59:59.999,21243721.125909,52503,5152.433,9442125.991938
2025-05-02 12:00:00,1833.39,1844.73,1823.34,1841.23,35038.5575,2025-05-02 12:59:59.999,64299812.482381,120802,17961.6321,32968043.882096
2025-05-02 13:00:00,1841.22,1842.53,1829.25,1833.82,22055.7387,2025-05-02 13:59:59.999,40471353.1412,121157,10181.2204,18682298.7605
2025-05-02 14:00:00,1833.82,1851.87,1833.82,1848.9,36068.8917,2025-05-02 14:59:59.999,66539621.486279,160672,21560.6843,39770964.036048
2025-05-02 15:00:00,1848.91,1854.5,1832.27,1841.12,22557.6598,2025-05-02 15:59:59.999,41542612.750324,119298,11584.217,21341023.816086
2025-05-02 16:00:00,1841.11,1871.0,1841.11,1852.51,47047.9849,2025-05-02 16:59:59.999,87504074.737382,176205,26838.5287,49920943.914048
2025-05-02 17:00:00,1852.51,1853.5,1841.7,1852.35,15248.7294,2025-05-02 17:59:59.999,28173171.241824,90477,9155.7588,16913644.197846
2025-05-02 18:00:00,1852.36,1855.63,1845.1,1849.02,9396.1137,2025-05-02 18:59:59.999,17399064.799906,69101,4951.1772,9168812.014059
2025-05-02 19:00:00,1849.01,1850.85,1831.7,1839.68,14707.6115,2025-05-02 19:59:59.999,27099912.752675,86805,6517.4345,12009080.238908
2025-05-02 20:00:00,1839.68,1848.5,1835.65,1846.81,8167.1132,2025-05-02 20:59:59.999,15057546.69515,50092,4721.2178,8705516.788981
2025-05-02 21:00:00,1846.81,1846.81,1833.1,1837.54,8397.3104,2025-05-02 21:59:59.999,15449830.302353,38462,3569.4704,6564951.554722
2025-05-02 22:00:00,1837.54,1839.97,1832.49,1835.2,7737.4776,2025-05-02 22:59:59.999,14204366.906302,55910,3426.7104,6291360.609676
2025-05-02 23:00:00,1835.2,1842.72,1834.48,1842.2,6400.1748,2025-05-02 23:59:59.999,11772160.509074,45813,3262.1269,5999212.293968
2025-05-03 00:00:00,1842.2,1843.05,1836.2,1838.7,5360.3449,2025-05-03 00:59:59.999,9863038.690892,46716,2479.2301,4562050.667219
2025-05-03 01:00:00,1838.69,1840.5,1826.58,1829.0,10615.558,2025-05-03 01:59:59.999,19448272.952585,60224,3539.2643,6482047.959226
2025-05-03 02:00:00,1829.0,1835.74,1828.73,1833.89,7846.7596,2025-05-03 02:59:59.999,14380136.493014,41958,4803.8545,8802467.368374
2025-05-03 03:00:00,1833.9,1837.99,1831.2,1834.8,4783.0833,2025-05-03 03:59:59.999,8776014.144186,38817,2274.0108,4172566.24297
2025-05-03 04:00:00,1834.8,1839.3,1833.8,1838.0,5000.678,2025-05-03 04:59:59.999,9184531.855122,36174,2959.3411,5434529.012744
2025-05-03 05:00:00,1838.0,1838.5,1833.0,1833.19,3554.8805,2025-05-03 05:59:59.999,6525535.975309,23928,1818.1609,3337603.242041
2025-05-03 06:00:00,1833.18,1833.42,1824.6,1827.28,11042.9715,2025-05-03 06:59:59.999,20184328.115549,46886,4824.8544,8818181.264881
2025-05-03 07:00:00,1827.28,1829.89,1825.0,1826.41,6601.6865,2025-05-03 07:59:59.999,12063084.814946,31979,4065.4888,7428305.382303
2025-05-03 08:00:00,1826.41,1830.0,1822.32,1825.3,9124.9018,2025-05-03 08:59:59.999,16659841.038443,36796,5574.4515,10177558.956935
2025-05-03 09:00:00,1825.31,1828.41,1819.26,1827.4,10881.2393,2025-05-03 09:59:59.999,19853609.353945,43713,6037.9977,11018465.98981
2025-05-03 10:00:00,1827.4,1830.51,1817.63,1819.45,10716.467,2025-05-03 10:59:59.999,19559752.315374,73368,5602.3868,10227837.195003
2025-05-03 11:00:00,1819.44,1826.37,1818.74,1824.1,8157.7529,2025-05-03 11:59:59.999,14867232.312269,44774,4406.6168,8029525.698891
2025-05-03 12:00:00,1824.1,1832.78,1823.74,1829.59,8992.8253,2025-05-03 12:59:59.999,16448516.713681,47954,4462.4083,8161490.454911
2025-05-03 13:00:00,1829.59,1836.9,1829.08,1835.2,9214.2842,2025-05-03 13:59:59.999,16900049.013966,42794,3681.2907,6751473.293816
2025-05-03 14:00:00,1835.19,1837.41,1831.59,1835.2,8904.7194,2025-05-03 14:59:59.999,16338594.309162,41383,4844.1377,8889629.526162
2025-05-03 15:00:00,1835.2,1840.12,1833.14,1834.53,8295.0092,2025-05-03 15:59:59.999,15238334.173829,41172,3652.9692,6710949.176679
2025-05-03 16:00:00,1834.53,1835.29,1823.42,1827.11,9057.7369,2025-05-03 16:59:59.999,16568352.491336,55133,3580.9266,6550988.680974
2025-05-03 17:00:00,1827.11,1827.56,1810.0,1824.0,22154.1126,2025-05-03 17:59:59.999,40263269.674586,104646,9533.2335,17324834.940964
2025-05-03 18:00:00,1824.0,1830.95,1822.61,1825.93,8347.5701,2025-05-03 18:59:59.999,15249061.002989,43910,4240.9767,7747168.212251
2025-05-03 19:00:00,1825.92,1839.2,1824.61,1838.21,8091.0385,2025-05-03 19:59:59.999,14841374.976373,47769,4070.2676,7467087.589659
2025-05-03 20:00:00,1838.21,1839.67,1834.65,1838.68,5463.1561,2025-05-03 20:59:59.999,10037900.949033,37454,2233.2487,4103342.176857
2025-05-03 21:00:00,1838.68,1848.6,1836.23,1841.1,11827.7042,2025-05-03 21:59:59.999,21799044.223518,51799,5494.1958,10125841.877042
2025-05-03 22:00:00,1841.1,1845.54,1835.78,1842.84,7970.7762,2025-05-03 22:59:59.999,14666287.200059,39533,3892.9721,7161788.752883
2025-05-03 23:00:00,1842.84,1843.37,1828.4,1833.52,11746.3419,2025-05-03 23:59:59.999,21551273.541891,56839,4264.9357,7824637.548586
2025-05-04 00:00:00,1833.52,1842.0,1830.0,1836.6,10037.8724,2025-05-04 00:59:59.999,18436251.770861,64232,5236.7345,9618211.255659
2025-05-04 01:00:00,1836.59,1841.08,1829.31,1837.54,9602.1704,2025-05-04 01:59:59.999,17628673.225396,58553,4745.5048,8713755.295679
2025-05-04 02:00:00,1837.53,1849.6,1830.22,1834.15,11161.357,2025-05-04 02:59:59.999,20539053.724007,98047,5517.9938,10155528.443894
2025-05-04 03:00:00,1834.15,1836.45,1826.44,1831.89,6607.9896,2025-05-04 03:59:59.999,12103228.767183,63809,3263.3089,5978845.265599
2025-05-04 04:00:00,1831.89,1837.29,1829.66,1830.63,4712.6564,2025-05-04 04:59:59.999,8641314.104321,40750,2074.4221,3803209.35069
2025-05-04 05:00:00,1830.63,1849.95,1830.2,1845.74,15534.0537,2025-05-04 05:59:59.999,28639492.813012,83348,9974.6045,18386835.872321
2025-05-04 06:00:00,1845.73,1849.2,1839.5,1845.49,11015.1694,2025-05-04 06:59:59.999,20314312.200321,65213,5568.5443,10268556.211957
2025-05-04 07:00:00,1845.5,1846.59,1836.31,1840.98,8031.4109,2025-05-04 07:59:59.999,14788530.341367,46224,4361.0401,8029693.322444
2025-05-04 08:00:00,1840.98,1841.34,1829.74,1831.05,10478.0577,2025-05-04 08:59:59.999,19218836.001586,65572,5373.1039,9856100.591463
2025-05-04 09:00:00,1831.05,1832.5,1823.26,1827.59,13834.6531,2025-05-04 09:59:59.999,25282678.797152,69304,6859.8437,12536602.383999
2025-05-04 10:00:00,1827.6,1829.4,1822.0,1827.36,7986.6184,2025-05-04 10:59:59.999,14586345.64117,48071,4151.0457,7581440.000408
2025-05-04 11:00:00,1827.36,1836.23,1825.64,1827.6,9350.2123,2025-05-04 11:59:59.999,17123210.279113,50754,4467.2089,8181165.693142
2025-05-04 12:00:00,1827.61,1833.99,1827.04,1830.18,7309.3971,2025-05-04 12:59:59.999,13380598.349856,39235,3232.7212,5917424.179131
2025-05-04 13:00:00,1830.19,1833.12,1818.57,1825.12,11524.3351,2025-05-04 13:59:59.999,21043546.169956,66179,5250.9152,9593570.038282
2025-05-04 14:00:00,1825.11,1832.4,1824.47,1831.21,6669.6211,2025-05-04 14:59:59.999,12200406.01505,48638,3058.3445,5594538.095389
2025-05-04 15:00:00,1831.21,1833.65,1825.7,1830.8,8640.3674,2025-05-04 15:59:59.999,15809982.762623,55432,3530.5697,6460106.168731
2025-05-04 16:00:00,1830.81,1833.49,1822.93,1827.93,11277.0418,2025-05-04 16:59:59.999,20617574.788432,53496,4208.1472,7693703.553328
2025-05-04 17:00:00,1827.93,1831.5,1822.08,1827.85,6747.0071,2025-05-04 17:59:59.999,12330607.129937,51520,3262.7871,5962822.113154
2025-05-04 18:00:00,1827.85,1830.92,1825.58,1825.85,4454.9206,2025-05-04 18:59:59.999,8144811.673895,42711,1601.877,2928824.03564
2025-05-04 19:00:00,1825.85,1831.0,1824.71,1828.4,4254.0937,2025-05-04 19:59:59.999,7776091.070988,34273,2274.9904,4158461.36864
2025-05-04 20:00:00,1828.4,1842.15,1828.06,1836.17,10357.8408,2025-05-04 20:59:59.999,19016511.792528,41904,5783.8898,10616403.080511
2025-05-04 21:00:00,1836.16,1837.22,1831.91,1835.41,4145.5486,2025-05-04 21:59:59.999,7606554.098822,24902,1623.2106,2978245.672633
2025-05-04 22:00:00,1835.4,1835.4,1811.7,1818.02,19106.0932,2025-05-04 22:59:59.999,34786956.908276,117635,8397.2141,15291301.237641
2025-05-04 23:00:00,1818.01,1819.03,1803.0,1808.86,25415.8686,2025-05-04 23:59:59.999,45984008.139497,114194,11373.3895,20573651.225089
2025-05-05 00:00:00,1808.86,1818.49,1806.5,1816.07,11876.9894,2025-05-05 00:59:59.999,21531212.14204,81330,5965.5338,10813689.48054
2025-05-05 01:00:00,1816.07,1817.26,1781.85,1791.82,36755.4852,2025-05-05 01:59:59.999,66010791.399705,155804,17150.9897,30808929.328431
2025-05-05 02:00:00,1791.81,1802.69,1781.9,1799.41,28067.3768,2025-05-05 02:59:59.999,50322562.015774,125818,15271.2054,27378771.867171
2025-05-05 03:00:00,1799.4,1800.99,1793.35,1794.51,9315.3528,2025-05-05 03:59:59.999,16729846.453733,49470,4353.5425,7818990.228692
2025-05-05 04:00:00,1794.5,1805.38,1792.82,1804.91,10653.2862,2025-05-05 04:59:59.999,19176328.190976,55890,6183.037,11130705.584356
2025-05-05 05:00:00,1804.9,1818.53,1801.27,1816.51,11050.379,2025-05-05 05:59:59.999,19982435.816747,61723,6839.4355,12369857.08544
2025-05-05 06:00:00,1816.51,1821.64,1811.97,1820.36,14976.9389,2025-05-05 06:59:59.999,27216842.703277,72095,8634.1703,15690663.766443
2025-05-05 07:00:00,1820.37,1829.84,1816.74,1826.59,12760.8322,2025-05-05 07:59:59.999,23263490.984931,66208,6878.1642,12538932.054343
2025-05-05 08:00:00,1826.58,1831.55,1823.6,1828.4,10469.1574,2025-05-05 08:59:59.999,19131285.030247,53775,5439.8094,9939987.89805
2025-05-05 09:00:00,1828.39,1830.51,1822.57,1823.33,9896.325,2025-05-05 09:59:59.999,18081493.286744,53524,4879.2622,8915139.767621
2025-05-05 10:00:00,1823.33,1824.0,1798.3,1804.76,24151.9789,2025-05-05 10:59:59.999,43756369.536565,102844,10486.1545,18994036.009732
2025-05-05 11:00:00,1804.77,1810.84,1799.0,1804.63,13390.1617,2025-05-05 11:59:59.999,24168661.795797,75966,6670.2179,12040986.02173
2025-05-05 12:00:00,1804.64,1809.4,1799.81,1805.65,12346.4893,2025-05-05 12:59:59.999,22290851.362465,76725,6574.7841,11871464.896761
2025-05-05 13:00:00,1805.64,1809.27,1794.47,1808.8,19835.3913,2025-05-05 13:59:59.999,35731562.963275,138572,10582.4713,19063237.208017
2025-05-05 14:00:00,1808.81,1815.63,1799.34,1804.48,18434.2978,2025-05-05 14:59:59.999,33306945.661649,143756,9352.6047,16899694.317758
2025-05-05 15:00:00,1804.49,1808.3,1795.41,1800.99,12626.4047,2025-05-05 15:59:59.999,22758910.734444,100175,5699.666,10274849.577055
2025-05-05 16:00:00,1801.0,1812.2,1800.78,1808.09,11196.0613,2025-05-05 16:59:59.999,20244871.987682,83464,5834.4912,10550617.324935
2025-05-05 17:00:00,1808.1,1817.66,1805.35,1814.51,9332.9247,2025-05-05 17:59:59.999,16908822.529884,72422,5117.7517,9271862.151115
2025-05-05 18:00:00,1814.51,1828.5,1812.0,1822.61,11985.98,2025-05-05 18:59:59.999,21832574.743928,68515,6976.1829,12708527.181606
2025-05-05 19:00:00,1822.6,1826.44,1813.45,1816.44,11028.1342,2025-05-05 19:59:59.999,20081512.213305,69141,5096.0276,9279861.63922
2025-05-05 20:00:00,1816.44,1816.52,1799.52,1808.97,8544.6295,2025-05-05 20:59:59.999,15446994.041446,76653,3744.1186,6767683.978376
2025-05-05 21:00:00,1808.97,1819.73,1808.44,1816.75,7106.6844,2025-05-05 21:59:59.999,12893634.841176,53534,3167.7597,5746979.15298
2025-05-05 22:00:00,1816.75,1833.55,1816.24,1826.09,17163.0446,2025-05-05 22:59:59.999,31333672.170919,76191,9415.0854,17192795.473007
2025-05-05 23:00:00,1826.09,1830.78,1817.1,1820.19,9376.7025,2025-05-05 23:59:59.999,17108370.098291,47660,4316.1634,7878019.036643
2025-05-06 00:00:00,1820.19,1820.8,1810.85,1814.19,7431.387,2025-05-06 00:59:59.999,13490984.576711,56027,3780.081,6862952.012502
2025-05-06 01:00:00,1814.2,1820.9,1803.36,1804.49,11464.1385,2025-05-06 01:59:59.999,20748328.427727,81741,5295.1019,9586798.277519
2025-05-06 02:00:00,1804.49,1807.38,1792.49,1803.63,20071.7182,2025-05-06 02:59:59.999,36118680.571818,102916,9320.6862,16780607.886668
2025-05-06 03:00:00,1803.63,1807.41,1798.0,1806.35,9797.975,2025-05-06 03:59:59.999,17669465.296241,61926,6148.4319,11088238.7916
2025-05-06 04:00:00,1806.35,1808.82,1803.68,1806.97,5745.5008,2025-05-06 04:59:59.999,10378563.296744,45241,3484.8486,6294710.490217
2025-05-06 05:00:00,1806.97,1808.01,1797.78,1798.91,6659.7764,2025-05-06 05:59:59.999,12002769.18149,48253,2700.0438,4867145.12147
2025-05-06 06:00:00,1798.9,1806.39,1798.73,1806.38,4626.4551,2025-05-06 06:59:59.999,8344175.826419,35615,2499.1191,4507159.126255
2025-05-06 07:00:00,1806.39,1809.26,1801.6,1806.03,7070.8089,2025-05-06 07:59:59.999,12768275.276866,51370,2959.4081,5343520.083481
2025-05-06 08:00:00,1806.03,1806.1,1788.35,1801.68,15287.9978,2025-05-06 08:59:59.999,27458415.922296,97922,6144.3489,11037554.909436
2025-05-06 09:00:00,1801.69,1801.8,1792.2,1798.0,8909.0769,2025-05-06 09:59:59.999,16004317.356512,64099,4415.771,7929940.33831
2025-05-06 10:00:00,1798.0,1798.0,1782.55,1785.19,14973.2038,2025-05-06 10:59:59.999,26812587.236242,93278,6508.491,11660334.851927
2025-05-06 11:00:00,1785.19,1790.6,1757.34,1769.92,40691.3505,2025-05-06 11:59:59.999,72187071.485779,162312,16557.8823,29374255.652764
2025-05-06 12:00:00,1769.92,1776.91,1766.96,1775.22,20739.2429,2025-05-06 12:59:59.999,36756734.2105,100158,11569.2761,20499211.970223
2025-05-06 13:00:00,1775.23,1775.89,1752.0,1759.15,29946.9605,2025-05-06 13:59:59.999,52806028.721491,171350,14230.5699,25097356.329571
2025-05-06 14:00:00,1759.15,1779.68,1759.15,1768.7,19436.2914,2025-05-06 14:59:59.999,34432650.422118,136324,10875.0827,19265121.036307
2025-05-06 15:00:00,1768.7,1778.85,1760.49,1770.09,15593.3468,2025-05-06 15:59:59.999,27608555.52838,126779,7733.6306,13696746.154629
2025-05-06 16:00:00,1770.09,1775.2,1762.16,1763.02,13861.8232,2025-05-06 16:59:59.999,24508587.573098,139520,6399.3627,11315009.200596
2025-05-06 17:00:00,1763.01,1776.45,1762.97,1768.02,13253.8404,2025-05-06 17:59:59.999,23450760.553094,103653,5833.4515,10319194.560841
2025-05-06 18:00:00,1768.02,1791.24,1766.8,1790.12,12263.7459,2025-05-06 18:59:59.999,21829868.892077,82017,7007.9452,12481906.267964
2025-05-06 19:00:00,1790.12,1798.8,1784.42,1784.79,20276.2353,2025-05-06 19:59:59.999,36286843.553501,104486,9176.5924,16425275.714292
2025-05-06 20:00:00,1784.8,1789.1,1768.49,1775.44,13051.9972,2025-05-06 20:59:59.999,23217206.360196,87082,6559.6997,11670376.525152
2025-05-06 21:00:00,1775.45,1781.0,1765.5,1775.81,8987.3947,2025-05-06 21:59:59.999,15935846.123597,62938,3873.8155,6869919.716852
2025-05-06 22:00:00,1775.8,1813.23,1775.65,1811.11,37938.0237,2025-05-06 22:59:59.999,68202365.051968,201134,21334.3546,38353654.112331
2025-05-06 23:00:00,1811.1,1819.41,1802.1,1817.0,26505.9542,2025-05-06 23:59:59.999,48030870.86902,116900,13289.5514,24085228.155732
2025-05-07 00:00:00,1817.0,1847.77,1814.59,1842.23,54043.4446,2025-05-07 00:59:59.999,99100142.612466,200981,30970.6256,56784459.974048
2025-05-07 01:00:00,1842.23,1850.0,1828.82,1832.71,34585.3715,2025-05-07 01:59:59.999,63714060.680514,135461,14769.8809,27216634.732168
2025-05-07 02:00:00,1832.71,1835.17,1821.9,1824.94,22582.6008,2025-05-07 02:59:59.999,41274928.594785,103961,11169.9111,20413967.86783
2025-05-07 03:00:00,1824.95,1828.49,1817.2,1826.48,14765.9294,2025-05-07 03:59:59.999,26922805.722663,82155,7903.8279,14413318.899229
2025-05-07 04:00:00,1826.48,1833.41,1824.57,1828.63,11847.2511,2025-05-07 04:59:59.999,21659347.054029,56064,7706.5196,14087937.132791
2025-05-07 05:00:00,1828.62,1830.55,1825.6,1828.21,6695.4119,2025-05-07 05:59:59.999,12237470.52138,58773,3547.6683,6484468.763804
2025-05-07 06:00:00,1828.21,1834.38,1826.16,1830.61,9854.3595,2025-05-07 06:59:59.999,18037030.023513,57393,4565.2012,8358322.78928
2025-05-07 07:00:00,1830.62,1838.43,1830.1,1838.24,9614.0243,2025-05-07 07:59:59.999,17635022.003181,56721,4879.2365,8950997.382583
2025-05-07 08:00:00,1838.23,1844.2,1834.53,1840.69,15972.0386,2025-05-07 08:59:59.999,29381984.311348,69140,7758.0504,14273294.97399
2025-05-07 09:00:00,1840.69,1845.33,1837.94,1844.04,10739.0758,2025-05-07 09:59:59.999,19775221.094342,57866,5420.2079,9982468.452165
2025-05-07 10:00:00,1844.03,1847.05,1830.51,1833.71,22220.1757,2025-05-07 10:59:59.999,40861720.445044,77350,9530.8749,17521789.492091
2025-05-07 11:00:00,1833.72,1837.11,1831.0,1836.35,7757.4396,2025-05-07 11:59:59.999,14231685.498931,44850,4504.7997,8264315.479405
2025-05-07 12:00:00,1836.35,1837.1,1826.88,1830.7,13298.0094,2025-05-07 12:59:59.999,24340881.140535,65714,8035.1023,14704988.682669
2025-05-07 13:00:00,1830.69,1835.81,1821.92,1828.9,30176.8385,2025-05-07 13:59:59.999,55135122.633105,114782,15735.7438,28749510.91432
2025-05-07 14:00:00,1828.9,1833.32,1816.79,1822.21,19395.0483,2025-05-07 14:59:59.999,35432584.033539,123932,9697.4725,17718053.938355
2025-05-07 15:00:00,1822.21,1825.6,1814.29,1817.31,15664.287,2025-05-07 15:59:59.999,28511827.582582,110984,8572.2768,15605344.289228
2025-05-07 16:00:00,1817.32,1818.01,1800.05,1811.77,17284.4744,2025-05-07 16:59:59.999,31272379.671867,117010,8716.5211,15771232.399505
2025-05-07 17:00:00,1811.77,1813.2,1788.84,1796.25,25498.4948,2025-05-07 17:59:59.999,45914412.301758,115753,12017.9281,21645617.449725
2025-05-07 18:00:00,1796.25,1816.98,1788.78,1806.43,40814.9723,2025-05-07 18:59:59.999,73531991.080743,263826,22669.5553,40842473.274414
2025-05-07 19:00:00,1806.44,1808.0,1787.01,1795.82,21713.2866,2025-05-07 19:59:59.999,39030041.791495,177295,11282.4661,20280246.253432
2025-05-07 20:00:00,1795.83,1801.1,1789.12,1798.18,9470.9408,2025-05-07 20:59:59.999,17001362.623196,81077,4996.9942,8970328.263338
2025-05-07 21:00:00,1798.18,1809.4,1796.33,1802.73,9655.8312,2025-05-07 21:59:59.999,17405036.032672,64922,4298.3935,7747075.26545
2025-05-07 22:00:00,1802.73,1821.56,1800.79,1817.12,22259.1635,2025-05-07 22:59:59.999,40343176.716034,101714,13854.171,25109002.975573
2025-05-07 23:00:00,1817.11,1825.44,1808.29,1811.11,10261.6009,2025-05-07 23:59:59.999,18644263.564321,70788,4578.0468,8319776.630952
2025-05-08 00:00:00,1811.11,1828.29,1808.71,1827.13,14803.4633,2025-05-08 00:59:59.999,26891922.586481,87285,6564.7461,11931048.08644
2025-05-08 01:00:00,1827.12,1837.2,1820.0,1822.9,31640.2196,2025-05-08 01:59:59.999,57852657.489808,182180,15118.5273,27648554.209621
2025-05-08 02:00:00,1822.91,1847.75,1822.91,1841.56,36910.3797,2025-05-08 02:59:59.999,67893824.21948,160902,19860.1196,36528412.065983
2025-05-08 03:00:00,1841.56,1906.77,1839.0,1901.1,98950.7684,2025-05-08 03:59:59.999,185538358.397524,344555,57422.4158,107674161.225662
2025-05-08 04:00:00,1901.09,1916.59,1892.91,1893.81,68340.8939,2025-05-08 04:59:59.999,130288436.528295,261293,34101.2137,65047116.464602
2025-05-08 05:00:00,1893.81,1905.4,1892.2,1896.77,25052.1551,2025-05-08 05:59:59.999,47558395.22913,103403,14149.8439,26862978.921315
2025-05-08 06:00:00,1896.77,1912.35,1896.0,1911.29,19560.6078,2025-05-08 06:59:59.999,37249990.322723,94363,11559.0555,22011920.078001
2025-05-08 07:00:00,1911.29,1943.83,1908.37,1928.4,61124.0211,2025-05-08 07:59:59.999,117769889.653576,198431,33012.6585,63605049.840726
2025-05-08 08:00:00,1928.4,1947.0,1925.9,1934.98,51449.0671,2025-05-08 08:59:59.999,99453776.639561,147784,24881.8643,48095066.072009
2025-05-08 09:00:00,1934.98,1942.34,1929.81,1941.1,25534.3733,2025-05-08 09:59:59.999,49457264.124802,101429,13005.3226,25197796.47654
2025-05-08 10:00:00,1941.1,1968.72,1939.22,1961.01,51575.6717,2025-05-08 10:59:59.999,100644224.22772,177858,26286.0611,51290547.582167
2025-05-08 11:00:00,1961.0,1961.4,1945.21,1957.63,26720.5236,2025-05-08 11:59:59.999,52203981.640838,122498,13280.0885,25943498.070781
2025-05-08 12:00:00,1957.64,1977.26,1954.27,1959.7,58123.7983,2025-05-08 12:59:59.999,114192092.941925,201174,31892.0109,62656198.39714
2025-05-08 13:00:00,1959.7,1984.75,1959.5,1976.3,51901.4737,2025-05-08 13:59:59.999,102281535.445082,220493,25216.0764,49707713.79584
2025-05-08 14:00:00,1976.3,2010.68,1969.16,1989.51,80620.1601,2025-05-08 14:59:59.999,160369077.082296,314167,47250.5893,93997683.833859
2025-05-08 15:00:00,1989.51,2075.65,1987.81,2051.3,179264.2801,2025-05-08 15:59:59.999,364324904.17372704,537323,96410.7506,195958039.429419
2025-05-08 16:00:00,2051.3,2066.67,2036.64,2050.59,55860.1956,2025-05-08 16:59:59.999,114535434.585782,281722,28609.177,58682416.642037
2025-05-08 17:00:00,2050.59,2057.39,2036.71,2046.2,37284.5378,2025-05-08 17:59:59.999,76325264.67178,190482,18532.835,37948329.041944
2025-05-08 18:00:00,2046.21,2074.2,2043.96,2067.74,37106.8895,2025-05-08 18:59:59.999,76441321.984514,187637,20888.4462,43040279.973237
2025-05-08 19:00:00,2067.73,2140.0,2061.28,2117.83,107963.9798,2025-05-08 19:59:59.999,226553734.187569,329494,57069.8484,119781540.216294
2025-05-08 20:00:00,2117.83,2199.65,2111.6,2185.0,117833.9444,2025-05-08 20:59:59.999,253275145.204482,410019,61330.7762,131880798.532327
2025-05-08 21:00:00,2185.01,2226.0,2157.75,2179.85,120163.8383,2025-05-08 21:59:59.999,263133188.777077,448754,65015.8118,142384592.358049
2025-05-08 22:00:00,2179.86,2196.77,2167.15,2179.47,61855.0172,2025-05-08 22:59:59.999,134914192.122957,263291,29183.6915,63624238.907397
2025-05-08 23:00:00,2179.46,2208.56,2166.29,2207.39,53512.4266,2025-05-08 23:59:59.999,116925807.086412,249526,24298.5341,53111195.451645
2025-05-09 00:00:00,2207.39,2215.0,2184.33,2200.91,40900.5589,2025-05-09 00:59:59.999,89889536.59067,238654,21025.626,46212332.581837
2025-05-09 01:00:00,2200.91,2244.22,2190.14,2206.8,58619.2806,2025-05-09 01:59:59.999,129615155.92082,324135,30027.6621,66403500.503713
2025-05-09 02:00:00,2206.79,2217.36,2194.35,2216.59,38986.7061,2025-05-09 02:59:59.999,85967874.128926,204971,17341.9162,38255255.177047
2025-05-09 03:00:00,2216.59,2245.03,2197.07,2205.06,58585.3067,2025-05-09 03:59:59.999,130247264.76305,315308,28271.9397,62837386.538534
2025-05-09 04:00:00,2205.06,2222.62,2202.8,2213.9,24456.4591,2025-05-09 04:59:59.999,54163893.518284,178980,12399.3017,27467704.379239
2025-05-09 05:00:00,2213.9,2219.88,2205.71,2215.05,26830.888,2025-05-09 05:59:59.999,59350518.991878,127577,10964.9677,24255805.304069
2025-05-09 06:00:00,2215.05,2259.85,2214.41,2256.91,62684.5973,2025-05-09 06:59:59.999,140674258.608114,295855,36653.8122,82270013.817218
2025-05-09 07:00:00,2256.92,2393.0,2256.07,2364.09,208782.4847,2025-05-09 07:59:59.999,487506078.57700306,697905,106923.8008,249350019.214951
2025-05-09 08:00:00,2364.09,2490.77,2357.59,2412.88,311236.2296,2025-05-09 08:59:59.999,752103473.342866,918054,160702.7353,388338960.051556
2025-05-09 09:00:00,2412.88,2423.7,2292.12,2341.6,216532.0393,2025-05-09 09:59:59.999,508476490.522866,738069,93071.8286,218152771.607283
2025-05-09 10:00:00,2341.6,2359.6,2329.02,2348.8,70084.3873,2025-05-09 10:59:59.999,164193837.254866,355893,29405.9211,68895956.365869
2025-05-09 11:00:00,2348.8,2376.17,2314.84,2351.29,91031.2444,2025-05-09 11:59:59.999,213624068.589297,386789,41549.3122,97523943.2698
2025-05-09 12:00:00,2351.29,2353.27,2325.75,2339.99,49808.9934,2025-05-09 12:59:59.999,116507267.952146,251393,21995.5662,51454218.140078
2025-05-09 13:00:00,2339.99,2388.23,2329.04,2370.12,60647.8337,2025-05-09 13:59:59.999,143183228.921519,260109,31919.1195,75392774.446594
2025-05-09 14:00:00,2370.12,2370.12,2271.5,2305.96,104581.9059,2025-05-09 14:59:59.999,242080591.244109,392591,46557.1148,107815749.176625
2025-05-09 15:00:00,2305.97,2321.6,2282.24,2301.3,56145.3481,2025-05-09 15:59:59.999,129305725.077918,279770,27106.1219,62431976.50164
2025-05-09 16:00:00,2301.28,2316.07,2274.33,2298.16,46041.4796,2025-05-09 16:59:59.999,105865645.520924,210857,25416.714,58450946.713276
2025-05-09 17:00:00,2298.16,2355.2,2294.84,2350.03,43594.0878,2025-05-09 17:59:59.999,101534889.152397,195073,27075.6474,63057264.91747
2025-05-09 18:00:00,2350.02,2352.65,2328.27,2340.03,18178.3428,2025-05-09 18:59:59.999,42535172.227379,125378,8122.8941,19008920.104496
2025-05-09 19:00:00,2340.03,2344.41,2308.78,2331.57,22179.1899,2025-05-09 19:59:59.999,51563698.478498,136563,10101.6689,23484527.170957
2025-05-09 20:00:00,2331.58,2352.0,2326.5,2340.0,22152.3773,2025-05-09 20:59:59.999,51795217.104403,93588,11471.4586,26834059.73147
2025-05-09 21:00:00,2339.99,2343.22,2322.65,2337.82,14293.7503,2025-05-09 21:59:59.999,33370358.47322,60740,7532.0123,17583826.525611
2025-05-09 22:00:00,2337.83,2346.0,2329.02,2334.47,11628.8653,2025-05-09 22:59:59.999,27188485.825342,51393,6215.6915,14532953.920032
2025-05-09 23:00:00,2334.47,2347.56,2332.8,2345.04,9058.6821,2025-05-09 23:59:59.999,21207197.565228,45641,5115.8992,11978802.517646
2025-05-10 00:00:00,2345.04,2380.66,2317.0,2326.44,40234.3916,2025-05-10 00:59:59.999,94547536.37649,243005,20069.2355,47188461.852273
2025-05-10 01:00:00,2326.45,2354.39,2326.0,2335.28,13248.4555,2025-05-10 01:59:59.999,31029907.496901,122003,6882.4599,16116903.161951
2025-05-10 02:00:00,2335.28,2349.36,2333.0,2342.09,9627.0039,2025-05-10 02:59:59.999,22540204.000637,94983,4821.6062,11288447.502914
2025-05-10 03:00:00,2342.09,2342.87,2331.71,2339.89,9135.3802,2025-05-10 03:59:59.999,21347482.692086,78808,4381.6812,10240467.819831
2025-05-10 04:00:00,2339.89,2339.89,2326.66,2337.0,9484.7944,2025-05-10 04:59:59.999,22124835.68214,89604,4811.4162,11224427.514658
2025-05-10 05:00:00,2337.0,2355.36,2337.0,2353.08,16099.9151,2025-05-10 05:59:59.999,37743229.476109,96313,10023.1644,23499975.284825
2025-05-10 06:00:00,2353.08,2378.08,2351.15,2367.69,37853.7133,2025-05-10 06:59:59.999,89520122.645912,204055,22328.3091,52810845.127669
2025-05-10 07:00:00,2367.68,2417.13,2355.01,2400.0,57954.0678,2025-05-10 07:59:59.999,138031144.83471,200838,32307.124,76958744.976035
2025-05-10 08:00:00,2400.01,2435.72,2360.0,2382.6,83001.7803,2025-05-10 08:59:59.999,199569107.728228,340087,41877.7576,100734529.177508
2025-05-10 09:00:00,2382.62,2422.47,2365.58,2401.32,59379.3026,2025-05-10 09:59:59.999,141925697.484924,291760,25894.5809,61951663.147936
2025-05-10 10:00:00,2401.31,2429.1,2385.0,2396.96,47152.8537,2025-05-10 10:59:59.999,113648097.109206,245879,22242.1733,53619747.448966
2025-05-10 11:00:00,2396.93,2404.22,2375.24,2384.75,31732.5146,2025-05-10 11:59:59.999,75826917.71599,178487,14008.677,33486910.189485
2025-05-10 12:00:00,2384.76,2421.25,2384.76,2408.28,32073.9542,2025-05-10 12:59:59.999,77174071.794761,164664,17950.5051,43189962.832227
2025-05-10 13:00:00,2408.28,2448.88,2408.28,2437.84,41314.7654,2025-05-10 13:59:59.999,100310004.673496,197539,22810.7583,55385012.663335
2025-05-10 14:00:00,2437.84,2444.76,2407.0,2435.87,36627.1804,2025-05-10 14:59:59.999,88892318.361873,190258,17548.863,42614971.593007
2025-05-10 15:00:00,2435.88,2446.06,2422.63,2433.46,28157.2596,2025-05-10 15:59:59.999,68556179.991214,170901,13883.0164,33811013.265039
2025-05-10 16:00:00,2433.46,2475.25,2428.93,2461.26,51917.6453,2025-05-10 16:59:59.999,127436835.004018,217571,26606.1145,65318561.284286
2025-05-10 17:00:00,2461.26,2512.42,2450.01,2461.23,98974.2656,2025-05-10 17:59:59.999,245624814.062221,386993,54649.4332,135680043.995794
2025-05-10 18:00:00,2461.22,2506.94,2457.29,2495.26,45624.3327,2025-05-10 18:59:59.999,113277842.95391,227042,24700.5081,61335280.612878
2025-05-10 19:00:00,2495.26,2507.13,2476.67,2499.48,25653.6173,2025-05-10 19:59:59.999,63926843.193211,142269,11893.3126,29645663.47545
2025-05-10 20:00:00,2499.49,2505.0,2469.1,2491.02,26038.4987,2025-05-10 20:59:59.999,64781440.16677,145769,12131.9408,30196671.714207
2025-05-10 21:00:00,2491.03,2545.67,2491.03,2533.83,40195.7044,2025-05-10 21:59:59.999,101138135.936357,208835,23560.0766,59298892.083075
2025-05-10 22:00:00,2533.82,2586.17,2521.05,2577.22,58826.5712,2025-05-10 22:59:59.999,150319266.635446,307296,34343.6325,87798508.046349
2025-05-10 23:00:00,2577.21,2600.0,2563.68,2583.23,79042.1928,2025-05-10 23:59:59.999,204218843.648595,318019,38284.9168,98937934.934277
2025-05-11 00:00:00,2583.22,2608.13,2504.27,2544.12,93577.2224,2025-05-11 00:59:59.999,239040509.552433,487224,44461.0995,113638798.181142
2025-05-11 01:00:00,2544.12,2557.99,2512.5,2532.87,37612.1678,2025-05-11 01:59:59.999,95457832.67498,267565,16695.3172,42380069.128699
2025-05-11 02:00:00,2532.87,2565.74,2522.88,2543.58,41496.8479,2025-05-11 02:59:59.999,105631103.391465,270622,21470.987,54663889.217428
2025-05-11 03:00:00,2543.57,2554.6,2530.46,2537.63,18608.4743,2025-05-11 03:59:59.999,47308722.647255,138674,8740.3023,22227921.80517
2025-05-11 04:00:00,2537.62,2550.75,2530.52,2545.02,19446.9049,2025-05-11 04:59:59.999,49400329.21551,125481,9395.3774,23869453.405411
2025-05-11 05:00:00,2545.01,2562.47,2536.74,2554.83,29365.7283,2025-05-11 05:59:59.999,74945867.997069,145638,15268.2355,38968864.263781
2025-05-11 06:00:00,2554.83,2556.02,2504.41,2521.26,41563.0753,2025-05-11 06:59:59.999,105176632.258359,207030,18313.9823,46341248.837165
2025-05-11 07:00:00,2521.27,2521.27,2453.92,2473.22,97386.3147,2025-05-11 07:59:59.999,241983310.728076,340736,44195.8717,109867057.54253
2025-05-11 08:00:00,2473.22,2504.91,2472.2,2481.0,40072.5169,2025-05-11 08:59:59.999,99735425.205186,186758,19003.8048,47299005.262872
2025-05-11 09:00:00,2481.0,2522.07,2481.0,2515.24,25405.3867,2025-05-11 09:59:59.999,63651813.414919,146994,14461.1474,36227341.396446
2025-05-11 10:00:00,2515.24,2520.96,2495.45,2510.79,19938.3863,2025-05-11 10:59:59.999,49976541.534535,128274,9232.6091,23139344.311805
2025-05-11 11:00:00,2510.78,2535.46,2506.53,2530.67,23094.836,2025-05-11 11:59:59.999,58240999.729111,115075,13788.6918,34778449.79831
2025-05-11 12:00:00,2530.67,2532.09,2510.9,2515.63,19102.7647,2025-05-11 12:59:59.999,48168104.737897,121030,9401.0272,23703971.07766
2025-05-11 13:00:00,2515.63,2530.0,2465.82,2469.42,56148.3807,2025-05-11 13:59:59.999,139976061.68401,236495,25075.8072,62524867.41515
2025-05-11 14:00:00,2469.42,2494.15,2468.59,2486.05,27114.2787,2025-05-11 14:59:59.999,67298589.427128,157176,13661.1266,33907348.396115
2025-05-11 15:00:00,2486.05,2504.7,2435.51,2462.51,50469.9521,2025-05-11 15:59:59.999,124660553.422781,197774,22292.7879,55103159.915052
2025-05-11 16:00:00,2462.55,2480.75,2440.25,2470.79,40294.0619,2025-05-11 16:59:59.999,99155851.982636,200917,22182.4581,54596254.635307
2025-05-11 17:00:00,2470.79,2495.75,2466.33,2491.45,24114.8452,2025-05-11 17:59:59.999,59886530.596269,150391,12902.7191,32039746.696452
2025-05-11 18:00:00,2491.46,2515.0,2472.34,2504.7,34582.3231,2025-05-11 18:59:59.999,86392529.331872,165548,17023.2317,42525068.951713
2025-05-11 19:00:00,2504.69,2525.4,2502.0,2508.02,24759.2345,2025-05-11 19:59:59.999,62223357.426266,130839,12426.1644,31237327.585331
2025-05-11 20:00:00,2508.02,2512.61,2492.57,2509.91,16721.3795,2025-05-11 20:59:59.999,41868267.973632,104952,8511.2221,21314259.133075
2025-05-11 21:00:00,2509.9,2520.0,2497.64,2517.02,15487.8717,2025-05-11 21:59:59.999,38845577.87999,79413,8109.7878,20344229.172309
2025-05-11 22:00:00,2517.03,2528.52,2483.33,2503.51,22957.8678,2025-05-11 22:59:59.999,57486852.578836,152733,10939.5243,27397952.3078
2025-05-11 23:00:00,2503.52,2515.56,2498.02,2514.57,12263.5674,2025-05-11 23:59:59.999,30744343.299297,83520,5146.8148,12904006.833008
2025-05-12 00:00:00,2514.58,2545.73,2510.95,2531.66,33034.2525,2025-05-12 00:59:59.999,83543495.598345,227009,16848.8896,42612827.767307
2025-05-12 01:00:00,2531.65,2548.85,2490.75,2505.45,34739.4846,2025-05-12 01:59:59.999,87547571.055424,246066,17585.5639,44350555.323672
2025-05-12 02:00:00,2505.46,2535.53,2502.46,2522.85,23932.5607,2025-05-12 02:59:59.999,60300580.016764,190178,11774.5588,29671413.001786
2025-05-12 03:00:00,2522.85,2527.19,2510.0,2520.0,16082.7381,2025-05-12 03:59:59.999,40481148.984678,137200,7901.1185,19891099.50194
2025-05-12 04:00:00,2520.01,2527.5,2507.68,2518.49,15632.9064,2025-05-12 04:59:59.999,39343093.116171,132245,7987.2165,20103365.743759
2025-05-12 05:00:00,2518.49,2521.4,2492.0,2497.69,18507.2928,2025-05-12 05:59:59.999,46318174.893515,145183,7936.1209,19857654.148339
2025-05-12 06:00:00,2497.69,2521.61,2486.8,2517.69,20619.2321,2025-05-12 06:59:59.999,51661288.674147,149872,10253.5743,25701515.866597
2025-05-12 07:00:00,2517.7,2624.0,2517.7,2554.77,189642.7915,2025-05-12 07:59:59.999,487649654.52775,676261,97562.741,250865538.991628
2025-05-12 08:00:00,2554.78,2585.83,2531.53,2577.55,62262.9707,2025-05-12 08:59:59.999,159195222.259352,327921,33241.483,84989920.544195
2025-05-12 09:00:00,2577.55,2582.64,2547.73,2550.77,34061.8362,2025-05-12 09:59:59.999,87381359.64657,219829,17984.5511,46141047.598025
2025-05-12 10:00:00,2550.78,2563.86,2540.19,2560.52,27186.1581,2025-05-12 10:59:59.999,69389340.203427,197142,14122.5806,36049316.836817
2025-05-12 11:00:00,2560.53,2567.5,2522.0,2530.59,30008.4908,2025-05-12 11:59:59.999,76400878.650449,218037,13646.9014,34771567.600451
2025-05-12 12:00:00,2530.58,2560.25,2529.39,2549.68,33795.2993,2025-05-12 12:59:59.999,86092943.198793,189470,17693.538,45073022.104623
2025-05-12 13:00:00,2549.69,2576.29,2543.77,2558.2,58971.7413,2025-05-12 13:59:59.999,151006058.478311,305184,29328.1399,75095893.798903
2025-05-12 14:00:00,2558.2,2570.14,2488.81,2505.94,110660.8899,2025-05-12 14:59:59.999,279093928.543213,425037,52654.1592,132808277.012071
2025-05-12 15:00:00,2505.94,2515.38,2478.0,2486.92,75066.8261,2025-05-12 15:59:59.999,187359099.687836,325839,33889.1806,84617087.792983
2025-05-12 16:00:00,2486.91,2508.55,2470.66,2500.58,45143.4868,2025-05-12 16:59:59.999,112370070.81158,201009,21753.0028,54162011.14252
2025-05-12 17:00:00,2500.58,2512.36,2465.01,2476.38,29844.2645,2025-05-12 17:59:59.999,74205991.534444,170865,13528.8586,33646839.523885
2025-05-12 18:00:00,2476.39,2485.16,2406.63,2435.05,99270.1361,2025-05-12 18:59:59.999,242364372.652969,364645,48895.3073,119338736.968522
2025-05-12 19:00:00,2435.05,2467.39,2428.89,2460.36,36829.1848,2025-05-12 19:59:59.999,90363204.548056,205779,17769.3047,43596566.438555
2025-05-12 20:00:00,2460.35,2496.0,2452.26,2485.65,30044.3305,2025-05-12 20:59:59.999,74314803.899789,139836,19096.285,47243396.769179
2025-05-12 21:00:00,2485.65,2491.89,2467.32,2479.82,17880.9897,2025-05-12 21:59:59.999,44346071.335583,86469,9402.7678,23319749.978878
2025-05-12 22:00:00,2479.81,2497.52,2474.0,2485.85,12276.3806,2025-05-12 22:59:59.999,30538876.055085,89389,6442.1159,16026558.367138
2025-05-12 23:00:00,2485.85,2500.36,2485.43,2495.47,13186.6992,2025-05-12 23:59:59.999,32883480.27051,71318,7099.361,17706873.944358
2025-05-13 00:00:00,2495.48,2495.79,2458.1,2463.15,22347.0881,2025-05-13 00:59:59.999,55280830.239161,174992,10183.2519,25192329.896827
2025-05-13 01:00:00,2463.16,2476.18,2440.01,2453.11,24540.2773,2025-05-13 01:59:59.999,60287124.56359,213896,10377.9804,25511782.732761
2025-05-13 02:00:00,2453.11,2460.54,2415.3,2439.2,39093.8665,2025-05-13 02:59:59.999,95280103.424865,270744,18228.9138,44436681.174021
2025-05-13 03:00:00,2439.2,2444.66,2418.23,2424.8,24357.9365,2025-05-13 03:59:59.999,59184994.809177,179568,11703.9534,28438058.792674
2025-05-13 04:00:00,2424.8,2458.72,2420.0,2455.59,24649.5247,2025-05-13 04:59:59.999,60155882.642148,152884,12490.8118,30473650.826828
2025-05-13 05:00:00,2455.59,2463.32,2439.44,2449.75,15466.8018,2025-05-13 05:59:59.999,37924765.374921,108314,7993.0675,19607198.787327
2025-05-13 06:00:00,2449.75,2460.9,2447.23,2453.51,18102.3517,2025-05-13 06:59:59.999,44426637.09828,99057,9532.4877,23394816.807267
2025-05-13 07:00:00,2453.52,2480.0,2452.41,2460.72,23999.4395,2025-05-13 07:59:59.999,59221309.286697,121436,13153.7314,32450304.775385
2025-05-13 08:00:00,2460.73,2471.19,2451.25,2457.29,16815.1593,2025-05-13 08:59:59.999,41369841.843177,99027,9531.4853,23447482.375048
2025-05-13 09:00:00,2457.29,2488.45,2456.68,2484.86,32681.6521,2025-05-13 09:59:59.999,80996989.093741,145601,14507.0123,35942903.644441
2025-05-13 10:00:00,2484.88,2487.44,2471.7,2482.41,24224.4377,2025-05-13 10:59:59.999,60083402.96393,124009,10273.6602,25484140.919421
2025-05-13 11:00:00,2482.41,2525.5,2478.61,2513.39,41874.6954,2025-05-13 11:59:59.999,104871136.062376,204938,24580.4846,61551882.219844
2025-05-13 12:00:00,2513.39,2542.72,2491.81,2524.69,62164.619,2025-05-13 12:59:59.999,156594796.366746,210210,34591.5505,87155010.273676
2025-05-13 13:00:00,2524.7,2562.0,2519.26,2549.65,52301.4873,2025-05-13 13:59:59.999,133061931.078012,254894,28322.2316,72021580.816617
2025-05-13 14:00:00,2549.66,2557.0,2526.74,2544.74,53420.8113,2025-05-13 14:59:59.999,135831043.879946,235369,31200.2437,79344820.818893
2025-05-13 15:00:00,2544.74,2573.87,2539.66,2566.21,47969.8299,2025-05-13 15:59:59.999,122720501.138853,204255,29208.3954,74721802.026596
2025-05-13 16:00:00,2566.21,2600.46,2560.01,2597.5,67712.0874,2025-05-13 16:59:59.999,175194719.273809,261844,38990.145,100890021.014059
2025-05-13 17:00:00,2597.5,2622.0,2589.87,2610.55,70675.5099,2025-05-13 17:59:59.999,184229109.252602,257639,40327.2607,105135353.421354
2025-05-13 18:00:00,2610.54,2672.0,2605.8,2669.95,75513.2247,2025-05-13 18:59:59.999,199083558.891123,259508,49450.404,130403248.034815
2025-05-13 19:00:00,2669.95,2738.5,2653.76,2690.94,133409.5156,2025-05-13 19:59:59.999,359184962.694055,388053,78638.739,211776519.537948
2025-05-13 20:00:00,2690.93,2697.63,2654.21,2689.66,64347.4006,2025-05-13 20:59:59.999,172222520.998351,287718,35640.0079,95402360.355259
2025-05-13 21:00:00,2689.66,2692.96,2669.52,2690.82,26941.3111,2025-05-13 21:59:59.999,72253198.671674,111741,14148.702,37946150.875488
2025-05-13 22:00:00,2690.83,2707.62,2676.17,2679.62,31194.8587,2025-05-13 22:59:59.999,83990146.389092,151304,16444.241,44281201.843325
2025-05-13 23:00:00,2679.63,2686.49,2656.5,2679.71,37551.7604,2025-05-13 23:59:59.999,100430857.269055,149011,20114.0051,53794034.018415
2025-05-14 00:00:00,2679.71,2702.0,2672.15,2696.47,60707.3114,2025-05-14 00:59:59.999,163289840.206688,230126,35553.5551,95622264.416856
2025-05-14 01:00:00,2696.48,2725.99,2666.0,2671.7,98429.3935,2025-05-14 01:59:59.999,265660183.122997,341618,52566.4485,141885428.701292
2025-05-14 02:00:00,2671.71,2672.3,2622.99,2638.29,73475.2053,2025-05-14 02:59:59.999,194555376.995733,280787,31500.7635,83442919.855235
2025-05-14 03:00:00,2638.29,2648.13,2624.32,2646.82,24667.4939,2025-05-14 03:59:59.999,65073043.847762,136445,14478.9726,38200284.62482
2025-05-14 04:00:00,2646.82,2674.98,2636.59,2674.69,24319.6395,2025-05-14 04:59:59.999,64628570.140106,119906,16435.9476,43688594.41531
2025-05-14 05:00:00,2674.69,2687.75,2662.89,2673.36,22144.6139,2025-05-14 05:59:59.999,59192913.442059,120102,11433.7416,30575233.589268
2025-05-14 06:00:00,2673.37,2677.89,2660.01,2673.98,15489.7689,2025-05-14 06:59:59.999,41333800.940234,111939,8778.4584,23424716.746164
2025-05-14 07:00:00,2673.98,2674.47,2639.12,2640.76,45146.5244,2025-05-14 07:59:59.999,119791574.299108,195818,26048.8271,69129896.038786
2025-05-14 08:00:00,2640.75,2645.95,2587.67,2597.3,60682.6337,2025-05-14 08:59:59.999,158987756.329784,295355,25565.8996,67019668.684315
2025-05-14 09:00:00,2597.31,2610.73,2577.48,2607.73,39891.9778,2025-05-14 09:59:59.999,103624883.461621,221794,19367.742,50311515.29535
2025-05-14 10:00:00,2607.73,2617.0,2589.24,2595.83,42096.7237,2025-05-14 10:59:59.999,109623709.563897,185064,17272.8309,44987480.813375
2025-05-14 11:00:00,2595.83,2635.5,2595.78,2624.94,43468.1305,2025-05-14 11:59:59.999,113742836.985972,183216,17294.6117,45271172.025292
2025-05-14 12:00:00,2624.93,2636.15,2605.02,2613.18,22878.8638,2025-05-14 12:59:59.999,59956977.084189,140510,10846.8952,28427866.367652
2025-05-14 13:00:00,2613.17,2627.23,2578.33,2606.34,34935.6443,2025-05-14 13:59:59.999,90906844.739017,264416,17260.3464,44921306.922114
2025-05-14 14:00:00,2606.35,2606.56,2559.19,2583.86,50373.6444,2025-05-14 14:59:59.999,129892575.69713,286921,22198.9064,57249588.900632
2025-05-14 15:00:00,2583.87,2601.83,2560.87,2597.49,34847.9343,2025-05-14 15:59:59.999,89913270.286105,191292,17449.5991,45043328.313135
2025-05-14 16:00:00,2597.49,2599.83,2578.58,2589.83,21362.8216,2025-05-14 16:59:59.999,55300213.544464,170100,10994.6548,28462627.648184
2025-05-14 17:00:00,2589.83,2592.29,2547.26,2590.46,31577.8843,2025-05-14 17:59:59.999,81153206.675675,178826,14727.1608,37875778.508839
2025-05-14 18:00:00,2590.46,2614.33,2579.94,2613.49,23906.8833,2025-05-14 18:59:59.999,62107914.898583,131350,13054.1971,33927027.769076
2025-05-14 19:00:00,2613.49,2617.5,2598.58,2605.1,15002.9068,2025-05-14 19:59:59.999,39124974.693848,105328,7947.3391,20727757.216496
2025-05-14 20:00:00,2605.03,2610.9,2597.63,2600.26,8849.2374,2025-05-14 20:59:59.999,23043503.235565,71699,3825.694,9962376.737463
2025-05-14 21:00:00,2600.26,2610.35,2583.99,2606.59,12121.9482,2025-05-14 21:59:59.999,31459796.568606,68493,5422.0219,14077381.494377
2025-05-14 22:00:00,2606.6,2607.83,2587.09,2595.97,8383.8094,2025-05-14 22:59:59.999,21795593.423087,59367,3899.6678,10137462.841563
2025-05-14 23:00:00,2595.98,2614.05,2584.0,2609.74,15286.1179,2025-05-14 23:59:59.999,39731166.157998,90716,9332.5607,24262156.659138
2025-05-15 00:00:00,2609.75,2647.03,2607.14,2632.3,26263.012,2025-05-15 00:59:59.999,69097624.997292,168535,14990.5982,39439152.52161
2025-05-15 01:00:00,2632.29,2637.0,2566.91,2577.62,48196.2545,2025-05-15 01:59:59.999,125310602.419501,228456,21130.2927,54929608.527091
2025-05-15 02:00:00,2577.63,2598.02,2570.61,2591.13,26189.0598,2025-05-15 02:59:59.999,67684112.181781,140549,14892.1923,38486922.127123
2025-05-15 03:00:00,2591.13,2594.65,2570.85,2574.93,17678.2936,2025-05-15 03:59:59.999,45680775.568202,120300,7198.6161,18617644.613946
2025-05-15 04:00:00,2574.93,2595.28,2572.03,2593.2,14958.2734,2025-05-15 04:59:59.999,38661908.75551,125119,9386.2643,24264798.628171
2025-05-15 05:00:00,2593.2,2596.49,2563.86,2567.71,19761.6676,2025-05-15 05:59:59.999,50941746.419291,151142,10803.9482,27857612.935679
2025-05-15 06:00:00,2567.71,2583.58,2555.83,2573.64,26412.0173,2025-05-15 06:59:59.999,67878929.932626,171846,15094.265,38796675.48339
2025-05-15 07:00:00,2573.65,2577.6,2515.69,2531.0,56690.4947,2025-05-15 07:59:59.999,144093011.530973,254794,29201.3596,74218353.207519
2025-05-15 08:00:00,2530.99,2567.65,2528.67,2564.44,28176.6916,2025-05-15 08:59:59.999,71813792.586894,147822,16059.3713,40936786.9622
2025-05-15 09:00:00,2564.44,2566.64,2522.35,2539.3,30069.0643,2025-05-15 09:59:59.999,76489502.453946,160359,13760.2692,35011233.18782
2025-05-15 10:00:00,2539.31,2545.99,2517.53,2543.57,32022.5712,2025-05-15 10:59:59.999,81106689.523834,172407,14860.4456,37657937.147954
2025-05-15 11:00:00,2543.57,2565.62,2542.75,2554.71,20255.5366,2025-05-15 11:59:59.999,51723266.080246,153197,11900.1205,30386699.910389
2025-05-15 12:00:00,2554.71,2579.61,2543.14,2553.0,34655.986,2025-05-15 12:59:59.999,88711925.83445,207611,18414.62,47156062.30506
2025-05-15 13:00:00,2553.0,2568.5,2503.0,2531.3,42637.7687,2025-05-15 13:59:59.999,108147158.059619,242933,19181.6421,48671084.547611
2025-05-15 14:00:00,2531.36,2541.24,2476.03,2500.12,71787.3717,2025-05-15 14:59:59.999,179939314.93798,323705,31076.079,77959660.520535
2025-05-15 15:00:00,2500.11,2569.0,2498.0,2563.76,54509.1916,2025-05-15 15:59:59.999,138222760.287418,236215,34873.3411,88432503.092915
2025-05-15 16:00:00,2563.77,2599.98,2554.23,2599.02,41051.3733,2025-05-15 16:59:59.999,105525895.61408,212688,24079.8102,61921488.285012
2025-05-15 17:00:00,2599.06,2603.59,2566.54,2571.54,37175.6613,2025-05-15 17:59:59.999,96224231.28989,195713,20612.2567,53375057.127372
2025-05-15 18:00:00,2571.54,2578.52,2521.0,2525.0,36060.0659,2025-05-15 18:59:59.999,91847978.189009,234980,16594.0674,42274652.401304
2025-05-15 19:00:00,2525.01,2548.0,2511.77,2530.98,28862.6714,2025-05-15 19:59:59.999,73068629.468438,180347,15353.534,38879429.350834
2025-05-15 20:00:00,2531.0,2544.5,2515.91,2537.19,24184.9606,2025-05-15 20:59:59.999,61233578.040476,120800,13043.251,33039039.939244
2025-05-15 21:00:00,2537.19,2541.5,2512.06,2535.01,13081.3904,2025-05-15 21:59:59.999,33093494.413646,91928,5448.3425,13780799.572336
2025-05-15 22:00:00,2535.01,2564.33,2532.16,2541.5,18054.0172,2025-05-15 22:59:59.999,46069073.063552,110810,9030.9154,23048946.460182
2025-05-15 23:00:00,2541.51,2550.21,2516.25,2548.69,20220.6385,2025-05-15 23:59:59.999,51261788.587948,153252,9318.9133,23631167.942306
2025-05-16 00:00:00,2548.7,2565.29,2539.32,2544.24,19459.0048,2025-05-16 00:59:59.999,49662484.751264,166690,9519.5497,24302300.55021
2025-05-16 01:00:00,2544.24,2569.14,2534.2,2566.8,18387.9873,2025-05-16 01:59:59.999,46934523.267841,149080,9372.1018,23920989.309119
2025-05-16 02:00:00,2566.81,2583.33,2555.25,2573.8,23756.4481,2025-05-16 02:59:59.999,61088205.323573,146492,12213.5935,31402410.524472
2025-05-16 03:00:00,2573.81,2584.62,2568.38,2581.35,17370.3013,2025-05-16 03:59:59.999,44762383.037662,86158,9543.2231,24595521.427882
2025-05-16 04:00:00,2581.4,2589.45,2564.0,2573.99,16672.5192,2025-05-16 04:59:59.999,42965591.157168,88295,8431.6959,21735852.752217
2025-05-16 05:00:00,2574.0,2597.0,2574.0,2594.6,21910.1929,2025-05-16 05:59:59.999,56699487.823434,109332,13000.2908,33646627.428458
2025-05-16 06:00:00,2594.61,2600.84,2586.94,2597.58,18374.2271,2025-05-16 06:59:59.999,47698967.807884,105587,11228.4002,29151215.734265
2025-05-16 07:00:00,2597.59,2619.99,2583.99,2601.5,45532.9354,2025-05-16 07:59:59.999,118512613.69611,176983,24558.3629,63926369.130742
2025-05-16 08:00:00,2601.5,2605.33,2558.12,2573.11,42619.5033,2025-05-16 08:59:59.999,109804643.829101,196283,20737.4906,53446880.938028
2025-05-16 09:00:00,2573.13,2617.17,2571.54,2611.29,40394.1052,2025-05-16 09:59:59.999,105135048.438276,223593,23449.4695,61004575.645517
2025-05-16 10:00:00,2611.3,2628.78,2605.89,2625.05,29369.6195,2025-05-16 10:59:59.999,76899810.948824,158184,17273.8187,45223881.507523
2025-05-16 11:00:00,2625.06,2649.31,2616.82,2620.83,32648.2345,2025-05-16 11:59:59.999,85817436.000529,165106,17907.0581,47078136.892455
2025-05-16 12:00:00,2620.82,2623.25,2592.7,2598.5,25130.3831,2025-05-16 12:59:59.999,65502749.460839,154469,12836.6147,33459570.657132
2025-05-16 13:00:00,2598.5,2616.28,2594.0,2606.7,38715.5031,2025-05-16 13:59:59.999,100835360.771324,174240,22739.2218,59235881.506722
2025-05-16 14:00:00,2606.7,2607.27,2573.8,2585.1,54651.3939,2025-05-16 14:59:59.999,141539481.230389,225142,30155.3092,78095614.650161
2025-05-16 15:00:00,2585.1,2604.86,2585.0,2594.93,30223.9921,2025-05-16 15:59:59.999,78347780.250987,161007,16893.6001,43797000.125055
2025-05-16 16:00:00,2594.93,2602.01,2570.0,2586.51,25227.0193,2025-05-16 16:59:59.999,65180012.140526,129656,13853.6835,35794697.694166
2025-05-16 17:00:00,2586.51,2595.25,2572.0,2578.05,14351.9165,2025-05-16 17:59:59.999,37103418.900498,95950,7913.9582,20462363.23239
2025-05-16 18:00:00,2578.05,2592.35,2575.89,2586.5,14724.6837,2025-05-16 18:59:59.999,38028940.404226,108491,7526.8658,19439819.184716
2025-05-16 19:00:00,2586.5,2593.47,2577.38,2591.8,9566.823,2025-05-16 19:59:59.999,24736459.575301,93068,4426.0174,11444973.34551
2025-05-16 20:00:00,2591.89,2592.74,2562.1,2570.9,12889.8773,2025-05-16 20:59:59.999,33184107.413629,75929,6438.6858,16577530.753443
2025-05-16 21:00:00,2570.91,2583.26,2550.0,2567.25,12983.4643,2025-05-16 21:59:59.999,33335667.474263,76142,6145.3791,15792839.004062
2025-05-16 22:00:00,2567.26,2570.11,2529.4,2545.69,23448.3687,2025-05-16 22:59:59.999,59714562.917765,145311,9688.8353,24678209.783898
2025-05-16 23:00:00,2545.69,2557.93,2530.2,2537.12,17545.1883,2025-05-16 23:59:59.999,44638967.424932,99310,7771.4784,19777427.788795
2025-05-17 00:00:00,2537.13,2538.16,2483.08,2501.01,64272.6577,2025-05-17 00:59:59.999,161298801.518502,276164,28385.3187,71247169.938604
2025-05-17 01:00:00,2501.01,2501.01,2458.91,2475.9,59808.0986,2025-05-17 01:59:59.999,148426086.437901,230547,26180.8229,64997693.181235
2025-05-17 02:00:00,2475.91,2502.53,2452.6,2490.67,41829.4451,2025-05-17 02:59:59.999,103611761.132061,205103,21311.3598,52822685.859004
2025-05-17 03:00:00,2490.67,2497.61,2475.28,2496.98,13907.5143,2025-05-17 03:59:59.999,34600617.997469,109639,6524.6925,16236217.053087
2025-05-17 04:00:00,2497.0,2513.51,2491.84,2506.4,17428.7439,2025-05-17 04:59:59.999,43633515.507158,96963,8962.0347,22438954.967573
2025-05-17 05:00:00,2506.39,2509.55,2474.93,2479.96,19135.0686,2025-05-17 05:59:59.999,47643076.334092,108060,7694.8732,19162080.650526
2025-05-17 06:00:00,2479.97,2496.85,2479.74,2493.31,17886.5895,2025-05-17 06:59:59.999,44512405.546929,71589,8840.6763,22000358.52095
2025-05-17 07:00:00,2493.31,2506.29,2481.62,2492.89,15375.7364,2025-05-17 07:59:59.999,38378247.872496,93110,5967.7653,14893263.784445
2025-05-17 08:00:00,2492.9,2496.2,2477.22,2481.49,16571.3799,2025-05-17 08:59:59.999,41220882.928041,154061,7995.0758,19889049.081552
2025-05-17 09:00:00,2481.5,2486.3,2466.59,2478.4,24326.0851,2025-05-17 09:59:59.999,60250661.422212,151970,11530.7615,28566059.818875
2025-05-17 10:00:00,2478.4,2491.6,2474.7,2485.94,9259.1021,2025-05-17 10:59:59.999,22999479.843529,98848,4374.5712,10868835.370677
2025-05-17 11:00:00,2485.94,2488.99,2474.51,2481.67,8546.6745,2025-05-17 11:59:59.999,21210638.490544,69026,3744.0487,9292458.2063
2025-05-17 12:00:00,2481.67,2486.64,2470.21,2472.33,11192.1886,2025-05-17 12:59:59.999,27756474.816287,118706,4451.0586,11041703.512496
2025-05-17 13:00:00,2472.34,2480.16,2446.42,2461.5,25970.6369,2025-05-17 13:59:59.999,63909431.423618,152485,9746.5705,23997151.928849
2025-05-17 14:00:00,2461.5,2486.0,2461.05,2482.68,19533.9085,2025-05-17 14:59:59.999,48388659.269092,132522,8903.0617,22047655.072547
2025-05-17 15:00:00,2482.68,2484.7,2473.02,2474.48,11837.4421,2025-05-17 15:59:59.999,29341606.18549,110548,5092.5732,12622655.600814
2025-05-17 16:00:00,2474.48,2480.6,2448.27,2467.69,21455.8278,2025-05-17 16:59:59.999,52857111.003618,150473,9809.9468,24171963.222366
2025-05-17 17:00:00,2467.7,2480.3,2463.85,2470.35,10664.2059,2025-05-17 17:59:59.999,26362157.172179,97361,5244.0745,12966424.940965
2025-05-17 18:00:00,2470.35,2488.69,2463.2,2467.09,19754.4756,2025-05-17 18:59:59.999,48938085.263708,146555,10064.3692,24942779.235246
2025-05-17 19:00:00,2467.1,2480.68,2462.06,2470.19,10374.4165,2025-05-17 19:59:59.999,25654990.784801,82483,4660.7223,11528282.326327
2025-05-17 20:00:00,2470.18,2495.45,2464.58,2488.77,19009.3613,2025-05-17 20:59:59.999,47147396.780967,100590,11464.991,28437067.095794
2025-05-17 21:00:00,2488.78,2493.82,2480.0,2485.99,8175.8513,2025-05-17 21:59:59.999,20330989.91027,44445,3868.428,9621664.722711
2025-05-17 22:00:00,2485.99,2486.19,2453.26,2460.01,16825.9178,2025-05-17 22:59:59.999,41485857.417161,91079,7178.4527,17696096.852755
2025-05-17 23:00:00,2460.02,2478.4,2457.07,2475.08,11191.9502,2025-05-17 23:59:59.999,27619163.260655,57870,5886.5964,14525118.065344
2025-05-18 00:00:00,2475.09,2486.0,2471.98,2482.78,8432.0249,2025-05-18 00:59:59.999,20896494.049508,76669,4281.1438,10611701.192888
2025-05-18 01:00:00,2482.78,2487.19,2472.93,2485.11,6754.0652,2025-05-18 01:59:59.999,16749630.672793,43421,3427.9483,8503108.098692
2025-05-18 02:00:00,2485.11,2487.44,2476.1,2481.2,7235.5432,2025-05-18 02:59:59.999,17964893.680801,53355,3726.5958,9253403.53009
2025-05-18 03:00:00,2481.19,2486.87,2467.75,2477.2,11482.1788,2025-05-18 03:59:59.999,28441994.677676,77856,5780.5085,14318630.132276
2025-05-18 04:00:00,2477.2,2489.2,2477.2,2485.91,5419.0259,2025-05-18 04:59:59.999,13459355.067892,45100,2846.0594,7068118.390965
2025-05-18 05:00:00,2485.91,2515.44,2485.71,2512.6,18413.626,2025-05-18 05:59:59.999,46071133.775203,99920,11016.0009,27559017.765091
2025-05-18 06:00:00,2512.6,2513.9,2492.7,2497.28,12386.4794,2025-05-18 06:59:59.999,30995410.994213,79689,5666.3101,14180314.257923
2025-05-18 07:00:00,2497.25,2511.34,2494.56,2509.3,10217.4187,2025-05-18 07:59:59.999,25572604.817638,72747,5678.8164,14213097.718658
2025-05-18 08:00:00,2509.29,2528.55,2509.29,2517.59,30535.2003,2025-05-18 08:59:59.999,76976086.858825,124759,16932.3821,42690537.680787
2025-05-18 09:00:00,2517.6,2523.62,2503.99,2507.99,12627.7192,2025-05-18 09:59:59.999,31754496.712537,82821,5939.5318,14939063.004225
2025-05-18 10:00:00,2508.0,2513.32,2498.11,2505.28,9330.8319,2025-05-18 10:59:59.999,23369679.920139,58305,4420.7624,11075937.898448
2025-05-18 11:00:00,2505.28,2513.44,2501.0,2501.75,8453.1795,2025-05-18 11:59:59.999,21192513.89628,52371,4708.3833,11803813.786032
2025-05-18 12:00:00,2501.74,2508.63,2488.02,2508.26,12182.386,2025-05-18 12:59:59.999,30437141.937134,55112,5473.8544,13679828.932264
2025-05-18 13:00:00,2508.25,2545.0,2504.49,2542.18,19801.205,2025-05-18 13:59:59.999,49938536.959512,89307,11616.24,29310339.491751
2025-05-18 14:00:00,2542.19,2569.81,2529.56,2557.93,48241.5757,2025-05-18 14:59:59.999,122912120.237034,178326,24751.2807,63084590.954298
2025-05-18 15:00:00,2557.94,2587.61,2548.2,2578.99,39288.645,2025-05-18 15:59:59.999,100899215.625871,163259,20465.3153,52583255.090991
2025-05-18 16:00:00,2579.0,2584.0,2554.54,2573.8,35817.1487,2025-05-18 16:59:59.999,92084143.9091,161944,16476.4243,42360484.19808
2025-05-18 17:00:00,2573.79,2575.5,2482.46,2489.92,74530.0368,2025-05-18 17:59:59.999,188482609.546255,265476,32732.8682,82777391.037325
2025-05-18 18:00:00,2489.9,2496.35,2450.94,2463.01,82199.1247,2025-05-18 18:59:59.999,202969357.253584,277692,39844.4755,98396891.860187
2025-05-18 19:00:00,2463.0,2471.52,2403.33,2408.2,77948.0638,2025-05-18 19:59:59.999,189875010.296911,222445,35727.208,87060295.628212
2025-05-18 20:00:00,2408.2,2408.2,2323.21,2393.81,126769.2999,2025-05-18 20:59:59.999,300726543.468407,392633,60421.1088,143358542.480153
2025-05-18 21:00:00,2393.82,2433.82,2393.0,2407.16,40028.4694,2025-05-18 21:59:59.999,96600960.663315,200145,21255.5376,51293599.09689
2025-05-18 22:00:00,2407.1,2456.32,2375.83,2454.91,58982.7685,2025-05-18 22:59:59.999,142275122.957832,285240,30629.1795,73924480.127123
2025-05-18 23:00:00,2454.9,2511.27,2435.64,2497.78,53027.1686,2025-05-18 23:59:59.999,130796287.455837,258286,27078.4329,66786100.02878
2025-05-19 00:00:00,2497.78,2513.67,2427.64,2443.11,73003.478,2025-05-19 00:59:59.999,180157063.085876,348612,35875.2153,88594640.882273
2025-05-19 01:00:00,2443.11,2450.55,2414.21,2428.7,31381.1912,2025-05-19 01:59:59.999,76270363.054651,219436,15266.1566,37110568.768399
2025-05-19 02:00:00,2428.7,2435.48,2392.44,2401.19,31510.0773,2025-05-19 02:59:59.999,75887529.308741,194734,13637.9779,32845013.759942
2025-05-19 03:00:00,2401.19,2404.53,2379.8,2385.31,28452.3921,2025-05-19 03:59:59.999,67996110.558246,183072,13110.7806,31336780.675145
2025-05-19 04:00:00,2385.32,2405.1,2352.0,2365.81,42672.2847,2025-05-19 04:59:59.999,101594228.871557,243154,20557.956,48974859.258491
2025-05-19 05:00:00,2365.82,2386.27,2357.65,2378.71,33243.3338,2025-05-19 05:59:59.999,78923069.245717,178083,16750.0921,39769567.444352
2025-05-19 06:00:00,2378.7,2398.2,2348.38,2353.69,31630.9595,2025-05-19 06:59:59.999,75091728.760755,183749,13972.6965,33211418.889499
2025-05-19 07:00:00,2353.68,2413.11,2351.82,2403.74,40861.4447,2025-05-19 07:59:59.999,97797164.406498,211069,22171.8035,53039732.665027
2025-05-19 08:00:00,2403.74,2422.69,2390.12,2405.02,33765.7405,2025-05-19 08:59:59.999,81207418.590936,198745,16428.9273,39527341.579569
2025-05-19 09:00:00,2405.02,2415.7,2390.32,2405.24,22961.8941,2025-05-19 09:59:59.999,55218931.573057,166202,10715.4241,25770797.593987
2025-05-19 10:00:00,2405.23,2419.17,2392.8,2409.83,16785.9198,2025-05-19 10:59:59.999,40401780.597374,130328,8354.5347,20119505.452509
2025-05-19 11:00:00,2409.83,2422.23,2407.3,2417.58,13058.6557,2025-05-19 11:59:59.999,31531895.047305,106366,6806.961,16437126.071097
2025-05-19 12:00:00,2417.58,2421.2,2383.8,2401.2,29752.9522,2025-05-19 12:59:59.999,71353636.592606,196986,13320.0266,31944887.35448
2025-05-19 13:00:00,2401.19,2442.5,2394.74,2427.29,49688.9614,2025-05-19 13:59:59.999,120293030.285111,302679,25534.6279,61839695.952135
2025-05-19 14:00:00,2427.29,2454.48,2417.9,2447.3,43069.9045,2025-05-19 14:59:59.999,105048477.211963,236154,23019.6712,56164445.669737
2025-05-19 15:00:00,2447.29,2473.7,2443.3,2466.63,31137.9842,2025-05-19 15:59:59.999,76535468.055735,213771,16000.1688,39334098.695573
2025-05-19 16:00:00,2466.63,2510.2,2450.86,2510.12,46120.0042,2025-05-19 16:59:59.999,114390540.175078,226763,26017.2255,64578243.825365
2025-05-19 17:00:00,2509.99,2547.36,2502.44,2505.0,80095.6254,2025-05-19 17:59:59.999,202162332.813032,351252,38043.0684,96051690.377843
2025-05-19 18:00:00,2505.0,2519.13,2472.2,2489.7,45804.2682,2025-05-19 18:59:59.999,114366890.54396,244303,22547.9236,56301306.694494
2025-05-19 19:00:00,2489.71,2525.0,2479.69,2518.82,29730.1021,2025-05-19 19:59:59.999,74568290.761653,165343,16886.6319,42350510.473816
2025-05-19 20:00:00,2518.81,2534.52,2506.75,2520.54,26689.1334,2025-05-19 20:59:59.999,67281018.698542,145360,14369.9794,36227348.562326
2025-05-19 21:00:00,2520.53,2525.21,2502.49,2523.05,26595.4745,2025-05-19 21:59:59.999,66889112.191233,100280,16510.2431,41533635.74485
2025-05-19 22:00:00,2523.04,2523.04,2492.43,2504.15,31866.7898,2025-05-19 22:59:59.999,79734554.43876,115633,13083.2619,32749007.060115
2025-05-19 23:00:00,2504.15,2533.78,2500.85,2528.14,21868.9517,2025-05-19 23:59:59.999,55142972.704938,95379,12731.4926,32095752.134527
2025-05-20 00:00:00,2528.14,2563.96,2511.25,2515.33,44988.7513,2025-05-20 00:59:59.999,114091824.001071,253968,22947.6448,58230644.273632
2025-05-20 01:00:00,2515.33,2550.2,2510.72,2540.66,18011.7219,2025-05-20 01:59:59.999,45587200.374717,158290,9191.2078,23263672.236768
2025-05-20 02:00:00,2540.66,2588.63,2540.2,2567.0,50970.9597,2025-05-20 02:59:59.999,131022813.562477,269230,28251.134,72612811.252444
2025-05-20 03:00:00,2567.0,2580.28,2544.18,2553.3,39229.3527,2025-05-20 03:59:59.999,100588833.538982,177960,21713.4535,55689868.387898
2025-05-20 04:00:00,2553.29,2578.0,2544.33,2571.06,22562.6462,2025-05-20 04:59:59.999,57725717.000182,109330,13689.2996,35023861.874507
2025-05-20 05:00:00,2571.06,2576.37,2556.02,2559.29,22265.0279,2025-05-20 05:59:59.999,57162268.067163,121076,11965.9778,30726305.615071
2025-05-20 06:00:00,2559.29,2561.68,2535.0,2544.07,24775.2259,2025-05-20 06:59:59.999,63062769.92764,132814,11790.2664,30016947.943303
2025-05-20 07:00:00,2544.07,2547.0,2521.9,2532.3,29764.9058,2025-05-20 07:59:59.999,75445424.072158,159199,12488.368,31662195.073223
2025-05-20 08:00:00,2532.3,2540.0,2522.0,2534.69,18019.9303,2025-05-20 08:59:59.999,45602964.537416,117740,9156.7824,23176382.383261
2025-05-20 09:00:00,2534.69,2539.8,2524.77,2526.51,11004.4174,2025-05-20 09:59:59.999,27868246.86209,101050,5317.4939,13467309.782033
2025-05-20 10:00:00,2526.51,2533.91,2507.75,2515.75,21025.508,2025-05-20 10:59:59.999,52924592.925266,123895,9972.2255,25096353.934622
2025-05-20 11:00:00,2515.76,2519.54,2492.58,2514.2,24584.5014,2025-05-20 11:59:59.999,61643366.247803,122395,10345.5722,25955859.960179
2025-05-20 12:00:00,2514.2,2515.38,2478.68,2484.39,31982.5238,2025-05-20 12:59:59.999,79752645.14531,131479,15686.9047,39112168.963826
2025-05-20 13:00:00,2484.4,2492.4,2464.56,2475.71,32241.177,2025-05-20 13:59:59.999,79893002.283476,186050,14323.4518,35500389.584326
2025-05-20 14:00:00,2475.7,2489.99,2466.58,2469.2,31067.5063,2025-05-20 14:59:59.999,76953056.435637,194584,15003.7218,37176112.604809
2025-05-20 15:00:00,2469.2,2493.28,2468.0,2482.79,22029.4931,2025-05-20 15:59:59.999,54652877.785583,148791,11667.1575,28945952.314063
2025-05-20 16:00:00,2482.78,2490.39,2469.04,2475.31,19336.67,2025-05-20 16:59:59.999,47921695.016714,135050,8792.5345,21792647.337898
2025-05-20 17:00:00,2475.31,2508.64,2474.62,2497.47,30839.7754,2025-05-20 17:59:59.999,76943734.384818,160876,16008.3757,39945518.222173
2025-05-20 18:00:00,2497.47,2504.4,2442.4,2452.79,48943.1779,2025-05-20 18:59:59.999,120938052.838831,231259,17681.8899,43697942.160093
2025-05-20 19:00:00,2452.79,2511.46,2448.03,2501.28,33275.527,2025-05-20 19:59:59.999,82517517.68587,176685,18359.3257,45540673.176787
2025-05-20 20:00:00,2501.29,2523.52,2485.1,2513.57,33631.9846,2025-05-20 20:59:59.999,84229277.660525,168763,18070.5507,45267241.631464
2025-05-20 21:00:00,2513.58,2526.65,2490.0,2510.09,22220.5726,2025-05-20 21:59:59.999,55739954.674692,150323,10992.7521,27583935.324001
2025-05-20 22:00:00,2510.08,2518.36,2488.3,2516.55,20327.4373,2025-05-20 22:59:59.999,50899466.653859,136029,10726.3513,26862617.797078
2025-05-20 23:00:00,2516.56,2541.03,2513.81,2524.19,23890.3812,2025-05-20 23:59:59.999,60355504.448169,149848,14067.5676,35546047.835657
2025-05-21 00:00:00,2524.19,2537.77,2518.71,2529.9,19457.6396,2025-05-21 00:59:59.999,49176403.117568,168969,9565.9247,24177238.96709
2025-05-21 01:00:00,2529.89,2549.0,2526.13,2534.14,28528.201,2025-05-21 01:59:59.999,72446118.556609,155238,15620.822,39667190.648853
2025-05-21 02:00:00,2534.13,2540.79,2509.0,2539.55,24341.434,2025-05-21 02:59:59.999,61498810.639878,119527,11189.5603,28279546.479176
2025-05-21 03:00:00,2539.54,2554.5,2535.19,2544.98,22211.3563,2025-05-21 03:59:59.999,56550818.890781,120278,11282.3562,28728032.094549
2025-05-21 04:00:00,2544.98,2561.31,2534.52,2550.6,23103.6758,2025-05-21 04:59:59.999,58917177.935291,129596,12368.1193,31544820.22318
2025-05-21 05:00:00,2550.61,2599.93,2550.37,2593.61,52692.4854,2025-05-21 05:59:59.999,135921551.170636,224010,31672.52,81698542.457536
2025-05-21 06:00:00,2593.62,2615.95,2581.99,2597.68,48607.7649,2025-05-21 06:59:59.999,126279309.123674,229954,26407.9529,68607852.827197
2025-05-21 07:00:00,2597.69,2600.8,2543.49,2551.87,59766.7124,2025-05-21 07:59:59.999,153308074.588615,259479,28116.58,72102351.23988
2025-05-21 08:00:00,2551.87,2562.15,2536.0,2538.11,23899.0383,2025-05-21 08:59:59.999,60897762.520772,175952,12403.9369,31604162.100881
2025-05-21 09:00:00,2538.1,2545.2,2517.72,2524.0,33164.5042,2025-05-21 09:59:59.999,83879446.042338,147978,14469.1344,36586617.140634
2025-05-21 10:00:00,2524.0,2532.42,2515.38,2528.8,18644.3032,2025-05-21 10:59:59.999,47067533.623865,101799,9665.4794,24402415.800873
2025-05-21 11:00:00,2528.81,2555.91,2528.26,2536.65,26265.3426,2025-05-21 11:59:59.999,66777992.527953,132735,13267.8625,33732939.957376
2025-05-21 12:00:00,2536.64,2550.0,2526.36,2539.2,17081.8854,2025-05-21 12:59:59.999,43374879.453079,114279,9423.4657,23933159.180897
2025-05-21 13:00:00,2539.2,2559.0,2522.22,2546.66,40734.5051,2025-05-21 13:59:59.999,103567496.257877,233804,19748.7942,50198852.131096
2025-05-21 14:00:00,2546.66,2581.04,2531.85,2580.5,65262.3761,2025-05-21 14:59:59.999,166803850.134217,387544,32802.0694,83879011.510935
2025-05-21 15:00:00,2580.5,2582.18,2543.0,2567.01,73300.8034,2025-05-21 15:59:59.999,188046159.361178,391005,35360.1024,90767567.406167
2025-05-21 16:00:00,2567.02,2615.34,2555.14,2586.08,61796.6025,2025-05-21 16:59:59.999,160057054.606426,334103,33046.3867,85568373.317986
2025-05-21 17:00:00,2586.09,2595.89,2452.2,2472.79,216092.8938,2025-05-21 17:59:59.999,540121571.446016,779412,97445.4482,243451249.638071
2025-05-21 18:00:00,2472.8,2497.1,2459.35,2475.05,67478.7357,2025-05-21 18:59:59.999,167371158.857393,340526,34027.1525,84409568.490447
2025-05-21 19:00:00,2475.04,2517.65,2463.46,2512.79,48769.6868,2025-05-21 19:59:59.999,121417681.635187,265549,26458.8847,65889498.867095
2025-05-21 20:00:00,2512.75,2512.82,2486.25,2508.83,22355.4335,2025-05-21 20:59:59.999,55931778.674636,162367,11021.7821,27583882.449784
2025-05-21 21:00:00,2508.83,2520.82,2498.07,2504.7,13887.4836,2025-05-21 21:59:59.999,34834349.994155,97816,7062.4143,17716326.35838
2025-05-21 22:00:00,2504.71,2543.37,2500.46,2536.11,21687.8642,2025-05-21 22:59:59.999,54718710.616192,154271,12546.5617,31660156.680279
2025-05-21 23:00:00,2536.11,2597.92,2525.5,2550.99,66759.5624,2025-05-21 23:59:59.999,171050051.058525,342121,35651.2499,91360040.381382
2025-05-22 00:00:00,2551.0,2588.18,2544.83,2586.1,37693.9465,2025-05-22 00:59:59.999,96721067.513033,264413,20109.4896,51609733.769867
2025-05-22 01:00:00,2586.1,2603.1,2561.84,2574.81,51341.6331,2025-05-22 01:59:59.999,132770678.982152,311510,27631.4856,71483825.082457
2025-05-22 02:00:00,2574.8,2603.12,2574.51,2594.49,32000.877,2025-05-22 02:59:59.999,82926547.081546,235745,17241.1327,44678651.757607
2025-05-22 03:00:00,2594.49,2647.8,2585.7,2629.24,72362.3143,2025-05-22 03:59:59.999,189677139.72051,342366,43204.2677,113250861.505837
2025-05-22 04:00:00,2629.24,2638.5,2613.24,2628.11,53633.928,2025-05-22 04:59:59.999,140712405.700079,289147,27908.6065,73209798.401091
2025-05-22 05:00:00,2628.1,2647.5,2606.49,2609.41,50131.3684,2025-05-22 05:59:59.999,131873522.163808,257342,22722.3848,59777304.442594
2025-05-22 06:00:00,2609.42,2623.45,2602.78,2609.3,36977.3423,2025-05-22 06:59:59.999,96582245.208917,232904,19252.9001,50290226.285202
2025-05-22 07:00:00,2609.3,2638.54,2604.25,2635.19,45648.8662,2025-05-22 07:59:59.999,119740213.195257,224460,24074.5457,63135564.112034
2025-05-22 08:00:00,2635.19,2681.27,2627.32,2663.48,67784.0663,2025-05-22 08:59:59.999,180323188.621047,321719,39368.4147,104742481.843267
2025-05-22 09:00:00,2663.49,2692.99,2659.88,2664.99,50601.7427,2025-05-22 09:59:59.999,135399780.853189,308993,25105.6929,67198216.247067
2025-05-22 10:00:00,2665.0,2679.33,2651.81,2656.82,27487.8038,2025-05-22 10:59:59.999,73184760.47684,204819,12119.1006,32279852.320994
2025-05-22 11:00:00,2656.81,2663.95,2634.45,2650.75,41938.0783,2025-05-22 11:59:59.999,111095489.358214,213448,20346.0468,53903536.857699
2025-05-22 12:00:00,2650.75,2663.16,2638.69,2657.7,35648.1518,2025-05-22 12:59:59.999,94567057.481417,214347,16945.2619,44967013.674189
2025-05-22 13:00:00,2657.7,2660.45,2623.14,2643.9,42552.4056,2025-05-22 13:59:59.999,112470515.016173,304317,21409.2693,56594831.776844
2025-05-22 14:00:00,2643.91,2676.0,2643.91,2666.05,41386.2317,2025-05-22 14:59:59.999,110176542.985569,290402,21390.4432,56948678.965063
2025-05-22 15:00:00,2666.06,2679.99,2658.99,2664.48,23527.0318,2025-05-22 15:59:59.999,62824623.523893,202427,12227.3479,32653208.173888
2025-05-22 16:00:00,2664.48,2676.3,2635.28,2645.89,26002.9611,2025-05-22 16:59:59.999,69029882.947175,196890,12552.0668,33326153.658882
2025-05-22 17:00:00,2645.9,2674.1,2642.88,2659.3,17353.8087,2025-05-22 17:59:59.999,46173252.713752,135073,8841.4103,23524203.066688
2025-05-22 18:00:00,2659.3,2670.39,2647.88,2658.8,15418.3689,2025-05-22 18:59:59.999,41020701.184443,114985,8999.8433,23945054.255058
2025-05-22 19:00:00,2658.8,2661.5,2626.37,2634.51,23006.943,2025-05-22 19:59:59.999,60775045.590332,144533,11391.8806,30099605.590048
2025-05-22 20:00:00,2634.68,2649.08,2630.01,2640.9,20745.25,2025-05-22 20:59:59.999,54757653.537584,106605,12713.6267,33553531.601511
2025-05-22 21:00:00,2640.89,2643.19,2627.85,2635.9,9401.7599,2025-05-22 21:59:59.999,24773423.724639,78549,4783.5588,12605559.570569
2025-05-22 22:00:00,2635.9,2652.3,2633.23,2635.76,14395.3062,2025-05-22 22:59:59.999,38070343.634957,100187,8330.3398,22030781.020857
2025-05-22 23:00:00,2635.76,2665.9,2635.76,2664.82,15515.4813,2025-05-22 23:59:59.999,41161551.530745,101354,9899.9935,26259181.853843
2025-05-23 00:00:00,2664.83,2679.0,2645.16,2662.65,30393.0801,2025-05-23 00:59:59.999,80906849.377644,207103,15537.3893,41366706.413043
2025-05-23 01:00:00,2662.65,2694.0,2651.1,2675.62,36236.4289,2025-05-23 01:59:59.999,96904919.594017,222269,21424.6754,57294019.3357
2025-05-23 02:00:00,2675.63,2734.23,2672.11,2705.32,90794.2362,2025-05-23 02:59:59.999,246209319.81954,403536,47999.8491,130094468.616724
2025-05-23 03:00:00,2705.3,2730.85,2700.34,2722.0,29643.4089,2025-05-23 03:59:59.999,80482731.744107,193538,16136.3963,43812670.917938
2025-05-23 04:00:00,2722.0,2725.96,2678.0,2697.62,39024.7209,2025-05-23 04:59:59.999,105337853.269091,192904,17429.8794,47035988.731672
2025-05-23 05:00:00,2697.61,2706.5,2679.6,2696.75,23700.6656,2025-05-23 05:59:59.999,63813445.751976,129498,9839.3542,26497143.636043
2025-05-23 06:00:00,2696.74,2697.24,2651.45,2657.11,48470.9246,2025-05-23 06:59:59.999,129257103.99319,238780,22919.5783,61103144.906556
2025-05-23 07:00:00,2657.1,2672.81,2651.35,2655.2,25220.213,2025-05-23 07:59:59.999,67149071.537646,131140,12040.0615,32065296.919449
2025-05-23 08:00:00,2655.2,2676.0,2653.61,2669.39,17863.7056,2025-05-23 08:59:59.999,47611162.623309,116901,8205.1037,21871021.563052
2025-05-23 09:00:00,2669.39,2689.21,2665.4,2682.95,21228.3249,2025-05-23 09:59:59.999,56880080.943938,142020,10852.1904,29078592.812382
2025-05-23 10:00:00,2682.95,2683.59,2657.75,2671.55,22486.7636,2025-05-23 10:59:59.999,59981146.242268,139240,9128.192,24347409.020982
2025-05-23 11:00:00,2671.54,2671.99,2551.0,2566.79,112696.3855,2025-05-23 11:59:59.999,293040785.83857,488559,47024.5054,122274816.499383
2025-05-23 12:00:00,2566.78,2568.41,2498.3,2548.5,143939.7769,2025-05-23 12:59:59.999,365516919.657366,653156,71127.1665,180669536.411354
2025-05-23 13:00:00,2548.5,2584.35,2537.08,2582.28,69055.9882,2025-05-23 13:59:59.999,177239205.261404,403300,36678.6056,94140452.693871
2025-05-23 14:00:00,2582.27,2591.95,2571.99,2574.37,41825.7554,2025-05-23 14:59:59.999,107982821.408929,236135,21050.6666,54351272.600902
2025-05-23 15:00:00,2574.38,2582.2,2565.63,2568.53,33093.4986,2025-05-23 15:59:59.999,85170802.293761,228920,15576.1246,40091990.648795
2025-05-23 16:00:00,2568.53,2575.95,2545.91,2567.12,39433.009,2025-05-23 16:59:59.999,100941743.34465,227380,18988.9339,48605822.791548
2025-05-23 17:00:00,2567.11,2587.18,2566.07,2577.2,20285.3893,2025-05-23 17:59:59.999,52278230.275167,153419,10601.4187,27321961.381018
2025-05-23 18:00:00,2577.2,2581.64,2553.02,2559.86,23498.3666,2025-05-23 18:59:59.999,60271161.221138,146835,10605.762,27207092.789919
2025-05-23 19:00:00,2559.87,2575.47,2556.59,2560.98,12159.4179,2025-05-23 19:59:59.999,31190931.778743,115798,6561.2388,16830932.376143
2025-05-23 20:00:00,2560.97,2562.4,2527.01,2543.23,20083.2186,2025-05-23 20:59:59.999,51141022.002369,134000,9184.1177,23390052.231554
2025-05-23 21:00:00,2543.24,2553.81,2527.2,2534.3,15813.1449,2025-05-23 21:59:59.999,40162844.893879,127176,7780.5642,19766963.283764
2025-05-23 22:00:00,2534.3,2559.0,2530.1,2538.49,21047.0449,2025-05-23 22:59:59.999,53562042.270384,170008,11901.7433,30296404.727839
2025-05-23 23:00:00,2538.5,2542.64,2503.66,2526.5,33448.9851,2025-05-23 23:59:59.999,84306507.472656,248805,14934.6515,37649682.446198
2025-05-24 00:00:00,2526.49,2544.27,2515.33,2515.69,23243.1572,2025-05-24 00:59:59.999,58824244.007214,202993,11023.0355,27903929.310366
2025-05-24 01:00:00,2515.7,2535.6,2515.08,2524.53,12588.7286,2025-05-24 01:59:59.999,31813662.350412,124356,6556.2834,16567158.231813
2025-05-24 02:00:00,2524.53,2545.0,2518.62,2540.85,8887.0487,2025-05-24 02:59:59.999,22538822.080437,81039,5259.632,13340946.664693
2025-05-24 03:00:00,2540.86,2556.73,2538.12,2549.99,13085.5405,2025-05-24 03:59:59.999,33363364.1202,90262,8117.0367,20695243.821313
2025-05-24 04:00:00,2550.0,2563.5,2545.8,2559.4,7460.438,2025-05-24 04:59:59.999,19066686.334417,70042,3628.9231,9275251.292022
2025-05-24 05:00:00,2559.39,2560.5,2543.48,2551.18,8418.6123,2025-05-24 05:59:59.999,21475963.486424,70950,3036.4917,7747061.251563
2025-05-24 06:00:00,2551.18,2555.81,2535.08,2547.23,9933.8502,2025-05-24 06:59:59.999,25279077.783565,76982,3934.6906,10013176.41773
2025-05-24 07:00:00,2547.23,2560.6,2545.0,2546.99,9850.3601,2025-05-24 07:59:59.999,25150371.291675,77007,4874.8774,12449038.080648
2025-05-24 08:00:00,2546.99,2558.55,2545.22,2556.99,9381.6203,2025-05-24 08:59:59.999,23940969.577793,73358,5365.6488,13695242.391654
2025-05-24 09:00:00,2557.0,2560.5,2551.24,2552.8,8410.4216,2025-05-24 09:59:59.999,21505394.526637,57288,3837.4711,9813424.776105
2025-05-24 10:00:00,2552.81,2575.85,2552.36,2570.1,15496.8753,2025-05-24 10:59:59.999,39780070.09499,88762,8242.7931,21165959.209069
2025-05-24 11:00:00,2570.11,2575.69,2562.31,2563.31,10488.316,2025-05-24 11:59:59.999,26939768.96693,94979,5045.799,12961177.982004
2025-05-24 12:00:00,2563.32,2565.41,2549.43,2559.19,12947.8951,2025-05-24 12:59:59.999,33111915.440111,89881,6321.5867,16166219.392452
2025-05-24 13:00:00,2559.2,2562.27,2543.73,2546.45,14484.2063,2025-05-24 13:59:59.999,36989492.184552,90370,7987.1702,20401406.243676
2025-05-24 14:00:00,2546.45,2561.4,2543.51,2558.52,8554.7517,2025-05-24 14:59:59.999,21844502.02046,73781,4916.2445,12556603.844682
2025-05-24 15:00:00,2558.52,2564.5,2549.59,2555.64,7628.8858,2025-05-24 15:59:59.999,19499540.108675,86217,3510.5256,8973066.138174
2025-05-24 16:00:00,2555.64,2562.1,2543.86,2557.46,8940.65,2025-05-24 16:59:59.999,22818533.236066,87914,3919.9557,10006065.203393
2025-05-24 17:00:00,2557.46,2564.59,2555.45,2557.8,7464.8583,2025-05-24 17:59:59.999,19116397.212062,66428,3127.9902,8010747.966797
2025-05-24 18:00:00,2557.8,2567.38,2544.99,2549.41,8286.8616,2025-05-24 18:59:59.999,21187116.212996,59573,3016.2469,7712349.291536
2025-05-24 19:00:00,2549.41,2555.49,2546.57,2554.47,4948.005,2025-05-24 19:59:59.999,12624220.748251,56313,2532.2317,6461051.176934
2025-05-24 20:00:00,2554.48,2556.57,2549.7,2552.26,3495.6591,2025-05-24 20:59:59.999,8924037.37213,41681,1897.4358,4843696.180636
2025-05-24 21:00:00,2552.26,2552.8,2519.5,2540.09,17528.2098,2025-05-24 21:59:59.999,44447957.664748,84649,8035.2087,20383022.297289
2025-05-24 22:00:00,2540.1,2540.2,2521.5,2525.39,10828.3088,2025-05-24 22:59:59.999,27405907.871796,101015,5915.9749,14972629.02003
2025-05-24 23:00:00,2525.4,2535.0,2517.65,2530.4,15190.9741,2025-05-24 23:59:59.999,38390909.527972,144884,7904.6071,19977321.303088
2025-05-25 00:00:00,2530.41,2539.5,2476.0,2486.89,44857.2078,2025-05-25 00:59:59.999,112148904.675673,210013,17550.6236,43895918.406293
2025-05-25 01:00:00,2486.89,2504.03,2479.4,2495.71,21542.7047,2025-05-25 01:59:59.999,53696516.426332,160725,11307.1591,28190606.024055
2025-05-25 02:00:00,2495.71,2510.7,2486.2,2508.24,14827.6963,2025-05-25 02:59:59.999,37064621.087801,115414,7973.4782,19933459.697134
2025-05-25 03:00:00,2508.23,2520.22,2507.1,2512.78,13397.4038,2025-05-25 03:59:59.999,33695468.586581,85429,7753.0654,19502892.03583
2025-05-25 04:00:00,2512.79,2518.59,2505.61,2517.5,6333.3183,2025-05-25 04:59:59.999,15909018.674095,57539,3056.091,7677906.217049
2025-05-25 05:00:00,2517.49,2518.75,2507.28,2512.51,4820.9756,2025-05-25 05:59:59.999,12114121.130054,48242,2432.2413,6111656.362028
2025-05-25 06:00:00,2512.52,2513.32,2502.08,2507.42,6482.7795,2025-05-25 06:59:59.999,16247031.927226,50842,2967.9632,7437837.364179
2025-05-25 07:00:00,2507.42,2507.42,2487.22,2494.39,16937.3194,2025-05-25 07:59:59.999,42263865.011708,86871,6853.8078,17100066.045351
2025-05-25 08:00:00,2494.4,2494.5,2463.0,2477.81,28259.5895,2025-05-25 08:59:59.999,70088586.093294,151582,11170.0412,27695359.587782
2025-05-25 09:00:00,2477.81,2495.71,2471.03,2495.5,21163.0822,2025-05-25 09:59:59.999,52529067.386086,147001,9653.3459,23971846.512094
2025-05-25 10:00:00,2495.5,2502.19,2488.49,2492.31,14258.288,2025-05-25 10:59:59.999,35592276.036169,95017,5925.0552,14792384.992854
2025-05-25 11:00:00,2492.3,2500.0,2488.71,2497.91,9851.7394,2025-05-25 11:59:59.999,24588361.562429,71984,3544.1369,8845310.659453
2025-05-25 12:00:00,2497.91,2518.1,2495.17,2517.09,15283.5921,2025-05-25 12:59:59.999,38366205.998562,109895,9515.2378,23887213.290735
2025-05-25 13:00:00,2517.09,2524.9,2511.23,2513.61,10818.31,2025-05-25 13:59:59.999,27238199.309367,96160,5399.2502,13596956.143864
2025-05-25 14:00:00,2513.61,2518.0,2497.82,2505.99,11745.3373,2025-05-25 14:59:59.999,29466110.592583,91801,5657.2633,14191036.136419
2025-05-25 15:00:00,2506.0,2515.75,2479.24,2511.7,24986.1111,2025-05-25 15:59:59.999,62406087.447925,211629,11863.1013,29644495.305392
2025-05-25 16:00:00,2511.69,2513.5,2496.1,2511.57,11433.3804,2025-05-25 16:59:59.999,28648357.306722,115603,5641.3524,14138453.112467
2025-05-25 17:00:00,2511.57,2516.98,2509.0,2513.95,7073.7959,2025-05-25 17:59:59.999,17777685.297711,65102,2966.7287,7456828.061945
2025-05-25 18:00:00,2513.82,2523.37,2511.3,2516.6,7515.0048,2025-05-25 18:59:59.999,18919393.059454,57813,2860.3081,7202813.054509
2025-05-25 19:00:00,2516.59,2535.66,2515.0,2526.6,9811.6783,2025-05-25 19:59:59.999,24778815.509959,61364,5514.6886,13928055.188572
2025-05-25 20:00:00,2526.6,2529.0,2511.15,2523.88,6116.1985,2025-05-25 20:59:59.999,15417757.233145,57850,2700.2947,6806984.942945
2025-05-25 21:00:00,2523.88,2531.4,2507.65,2515.19,6694.8844,2025-05-25 21:59:59.999,16875479.677453,58967,2996.0945,7554414.881158
2025-05-25 22:00:00,2515.2,2554.26,2512.52,2549.16,26428.0851,2025-05-25 22:59:59.999,67128420.74745,230945,15924.912,40453895.812941
2025-05-25 23:00:00,2549.16,2554.02,2535.0,2551.22,19251.5475,2025-05-25 23:59:59.999,48996247.947095,118264,9255.9455,23549558.153788
2025-05-26 00:00:00,2551.22,2574.6,2536.84,2571.7,31157.5047,2025-05-26 00:59:59.999,79595908.500382,157417,15247.2593,38960934.850652
2025-05-26 01:00:00,2571.71,2577.0,2555.0,2558.51,25565.6624,2025-05-26 01:59:59.999,65487882.19279,138099,11877.2037,30439587.672918
2025-05-26 02:00:00,2558.5,2563.86,2547.21,2552.71,12994.8492,2025-05-26 02:59:59.999,33201790.636238,88145,6658.7079,17015602.950891
2025-05-26 03:00:00,2552.72,2567.01,2548.49,2560.3,9317.3849,2025-05-26 03:59:59.999,23831414.609784,71606,4987.0433,12756596.856844
2025-05-26 04:00:00,2560.29,2570.15,2557.3,2564.2,11337.3661,2025-05-26 04:59:59.999,29071508.122897,76395,5323.9306,13652510.829394
2025-05-26 05:00:00,2564.19,2575.31,2561.49,2568.4,10745.6791,2025-05-26 05:59:59.999,27599254.908361,76933,4750.8263,12205455.792862
2025-05-26 06:00:00,2568.4,2585.9,2565.2,2582.81,13964.8227,2025-05-26 06:59:59.999,35946038.599462,90428,7281.8478,18751824.106274
2025-05-26 07:00:00,2582.8,2599.0,2577.3,2580.8,26000.9102,2025-05-26 07:59:59.999,67249621.411685,144023,12926.0083,33435495.750055
2025-05-26 08:00:00,2580.79,2582.7,2564.57,2568.0,15333.4115,2025-05-26 08:59:59.999,39459479.887273,101438,6569.3319,16908450.696934
2025-05-26 09:00:00,2567.99,2574.48,2553.24,2563.11,14482.2666,2025-05-26 09:59:59.999,37155757.947651,102094,6077.4313,15594184.274901
2025-05-26 10:00:00,2563.11,2569.2,2554.57,2559.34,10625.0032,2025-05-26 10:59:59.999,27228634.539397,68707,4280.3595,10968406.575318
2025-05-26 11:00:00,2559.35,2568.31,2555.7,2568.08,9765.0775,2025-05-26 11:59:59.999,25030952.360277,65866,4314.1222,11060129.636706
2025-05-26 12:00:00,2568.08,2574.43,2561.1,2568.6,11518.0756,2025-05-26 12:59:59.999,29560194.377223,82659,6725.7814,17260174.520771
2025-05-26 13:00:00,2568.59,2571.8,2539.23,2551.27,28163.1937,2025-05-26 13:59:59.999,72077695.210058,127016,12355.2415,31624299.263076
2025-05-26 14:00:00,2551.28,2556.52,2542.1,2550.51,15850.8479,2025-05-26 14:59:59.999,40401577.433566,117799,7303.3348,18616850.012135
2025-05-26 15:00:00,2550.51,2570.94,2545.13,2565.99,19450.9168,2025-05-26 15:59:59.999,49780676.970058,135399,10363.6708,26529076.512914
2025-05-26 16:00:00,2566.0,2573.3,2535.47,2542.71,23176.2413,2025-05-26 16:59:59.999,59108370.974601,158409,10320.0346,26329782.747508
2025-05-26 17:00:00,2542.71,2549.2,2525.86,2533.69,16099.3533,2025-05-26 17:59:59.999,40829128.699048,98627,7506.7332,19038281.708355
2025-05-26 18:00:00,2533.7,2546.32,2528.0,2534.89,8853.352,2025-05-26 18:59:59.999,22467504.301915,73699,4044.1191,10263708.759693
2025-05-26 19:00:00,2534.89,2544.4,2532.42,2541.22,5951.3653,2025-05-26 19:59:59.999,15111417.23732,57644,2972.095,7545805.759336
2025-05-26 20:00:00,2541.21,2567.95,2536.57,2566.52,12738.2113,2025-05-26 20:59:59.999,32525036.664211,100619,7415.2177,18938762.587097
2025-05-26 21:00:00,2566.52,2568.2,2554.66,2562.57,9161.1453,2025-05-26 21:59:59.999,23469230.504123,77842,4642.2468,11892190.021606
2025-05-26 22:00:00,2562.58,2584.65,2557.28,2559.54,13726.4931,2025-05-26 22:59:59.999,35269801.637348,100092,8031.5931,20641398.403915
2025-05-26 23:00:00,2559.55,2564.58,2553.4,2563.7,6991.9845,2025-05-26 23:59:59.999,17888881.198859,63502,3294.9195,8430757.49329
2025-05-27 00:00:00,2563.7,2573.5,2549.04,2550.86,13304.0904,2025-05-27 00:59:59.999,34070861.282978,92144,6747.9977,17286179.911883
2025-05-27 01:00:00,2550.85,2550.86,2509.46,2529.6,29428.7842,2025-05-27 01:59:59.999,74396884.274903,192411,13115.8553,33156975.436837
2025-05-27 02:00:00,2529.6,2544.49,2528.1,2535.61,12786.5378,2025-05-27 02:59:59.999,32443809.289988,87194,6426.3412,16307597.86796
2025-05-27 03:00:00,2535.6,2565.26,2535.6,2549.25,14193.624,2025-05-27 03:59:59.999,36228848.039449,103955,7939.9252,20266129.117657
2025-05-27 04:00:00,2549.26,2569.0,2548.99,2559.0,10518.7114,2025-05-27 04:59:59.999,26918729.131445,70403,5229.5873,13383492.324741
2025-05-27 05:00:00,2559.0,2573.04,2550.34,2569.51,10611.2652,2025-05-27 05:59:59.999,27194347.114462,73867,4899.5821,12561413.38218
2025-05-27 06:00:00,2569.51,2610.92,2564.63,2569.59,144557.1425,2025-05-27 06:59:59.999,374741618.547316,340250,75720.847,196169385.253623
2025-05-27 07:00:00,2569.6,2619.48,2569.6,2607.59,31994.3351,2025-05-27 07:59:59.999,83050661.46278,171625,19182.7568,49799725.285609
2025-05-27 08:00:00,2607.6,2643.19,2607.59,2635.2,63706.6259,2025-05-27 08:59:59.999,167671805.327249,260406,34846.2501,91689910.845094
2025-05-27 09:00:00,2635.19,2647.68,2622.2,2638.19,30923.2002,2025-05-27 09:59:59.999,81445603.584216,150702,16849.0784,44386145.123505
2025-05-27 10:00:00,2638.19,2642.28,2631.0,2638.42,21098.8031,2025-05-27 10:59:59.999,55624314.759558,107233,12311.9569,32459433.91479
2025-05-27 11:00:00,2638.42,2655.0,2626.99,2652.64,26615.1777,2025-05-27 11:59:59.999,70339148.216087,149044,14722.0991,38911735.557002
2025-05-27 12:00:00,2652.64,2654.5,2634.8,2648.33,29491.0209,2025-05-27 12:59:59.999,77999482.755315,139493,15357.9354,40617795.060589
2025-05-27 13:00:00,2648.34,2683.87,2642.75,2655.58,80609.7957,2025-05-27 13:59:59.999,214723926.954841,367752,44020.5562,117281575.411127
2025-05-27 14:00:00,2655.58,2671.56,2633.36,2661.1,46978.1919,2025-05-27 14:59:59.999,124754112.446883,283002,23502.2854,62433346.666397
2025-05-27 15:00:00,2661.11,2670.5,2653.5,2668.2,30242.8143,2025-05-27 15:59:59.999,80556609.599414,189535,17566.181,46793944.690806
2025-05-27 16:00:00,2668.2,2683.89,2658.36,2670.36,29930.3773,2025-05-27 16:59:59.999,79981455.833503,204088,14448.0576,38608333.758503
2025-05-27 17:00:00,2670.37,2712.36,2670.11,2695.74,57059.1046,2025-05-27 17:59:59.999,153654981.892452,268318,28203.0448,75951304.83126
2025-05-27 18:00:00,2695.75,2708.55,2675.29,2680.0,28528.4305,2025-05-27 18:59:59.999,76764040.576101,178641,12536.2791,33733633.060564
2025-05-27 19:00:00,2680.0,2688.43,2671.16,2687.53,19322.8218,2025-05-27 19:59:59.999,51793965.002811,130159,9241.5219,24769903.171507
2025-05-27 20:00:00,2687.53,2694.12,2664.22,2668.2,16991.9879,2025-05-27 20:59:59.999,45491197.729965,131958,6911.2295,18507887.877457
2025-05-27 21:00:00,2668.21,2677.5,2657.7,2662.89,17015.3473,2025-05-27 21:59:59.999,45368275.472663,103176,7551.4782,20135982.414583
2025-05-27 22:00:00,2662.9,2669.5,2652.98,2659.82,20571.755,2025-05-27 22:59:59.999,54749080.494221,131438,8990.1043,23924816.538948
2025-05-27 23:00:00,2659.81,2664.7,2652.26,2660.81,11950.9415,2025-05-27 23:59:59.999,31784682.736273,90794,6236.6751,16588566.699422
2025-05-28 00:00:00,2660.81,2661.79,2640.82,2658.28,19816.7366,2025-05-28 00:59:59.999,52541575.209212,119602,9697.0828,25713756.139687
2025-05-28 01:00:00,2658.28,2659.39,2631.02,2634.47,19951.2471,2025-05-28 01:59:59.999,52733479.476897,118468,9894.2474,26150248.950191
2025-05-28 02:00:00,2634.47,2642.19,2618.34,2638.45,34650.9771,2025-05-28 02:59:59.999,91181070.933179,144388,19386.609,51016191.596044
2025-05-28 03:00:00,2638.45,2650.0,2633.4,2645.37,15698.5079,2025-05-28 03:59:59.999,41463069.079007,87646,8200.6884,21660214.189784
2025-05-28 04:00:00,2645.38,2652.57,2634.02,2646.41,14271.6399,2025-05-28 04:59:59.999,37738196.014588,82698,6287.4593,16629213.521563
2025-05-28 05:00:00,2646.42,2647.0,2634.95,2639.85,15369.6416,2025-05-28 05:59:59.999,40578440.869527,65564,7488.3285,19769755.424377
2025-05-28 06:00:00,2639.86,2639.86,2623.85,2627.7,13906.1284,2025-05-28 06:59:59.999,36582890.445422,100240,6697.4344,17615327.965317
2025-05-28 07:00:00,2627.69,2643.0,2625.0,2636.39,9894.7906,2025-05-28 07:59:59.999,26081574.307167,68429,5083.5462,13400580.288204
2025-05-28 08:00:00,2636.39,2645.76,2628.83,2642.9,14159.4546,2025-05-28 08:59:59.999,37347278.972926,78448,6977.8001,18411764.03409
2025-05-28 09:00:00,2642.89,2643.6,2622.2,2626.72,23859.1485,2025-05-28 09:59:59.999,62784550.688107,92587,11500.2013,30259514.294787
2025-05-28 10:00:00,2626.72,2642.92,2608.5,2640.41,26998.224,2025-05-28 10:59:59.999,70948752.802175,124024,12801.621,33641811.368107
2025-05-28 11:00:00,2640.4,2659.01,2640.1,2656.99,14898.4455,2025-05-28 11:59:59.999,39478691.032491,87653,8596.1679,22775788.200813
2025-05-28 12:00:00,2656.99,2681.33,2652.88,2666.93,26851.0316,2025-05-28 12:59:59.999,71643434.28841,143762,15170.0463,40487418.138518
2025-05-28 13:00:00,2666.93,2689.14,2654.48,2657.41,45540.4225,2025-05-28 13:59:59.999,121602520.621758,265000,20100.2737,53677703.174429
2025-05-28 14:00:00,2657.4,2660.39,2621.26,2628.4,52147.6475,2025-05-28 14:59:59.999,137542805.914859,313477,20977.0055,55321122.040136
2025-05-28 15:00:00,2628.4,2640.0,2613.2,2626.9,39386.5073,2025-05-28 15:59:59.999,103508662.478705,199874,15525.4879,40801653.718776
2025-05-28 16:00:00,2626.9,2643.59,2626.71,2640.56,20948.6368,2025-05-28 16:59:59.999,55221734.706148,135454,9835.6778,25930945.151068
2025-05-28 17:00:00,2640.57,2664.35,2640.56,2652.8,28866.7907,2025-05-28 17:59:59.999,76578169.076365,144341,14993.5422,39771083.519169
2025-05-28 18:00:00,2652.8,2657.8,2633.62,2636.17,17003.6701,2025-05-28 18:59:59.999,44996212.561576,123129,7615.1999,20151236.586456
2025-05-28 19:00:00,2636.17,2655.78,2615.32,2617.79,30714.1423,2025-05-28 19:59:59.999,80854159.718006,190518,14298.7331,37662584.986804
2025-05-28 20:00:00,2617.8,2635.38,2612.04,2634.43,20417.0132,2025-05-28 20:59:59.999,53560919.105058,140128,9467.0891,24846082.962763
2025-05-28 21:00:00,2634.43,2659.36,2631.0,2652.25,10852.4702,2025-05-28 21:59:59.999,28702713.415096,67216,6698.387,17714623.726044
2025-05-28 22:00:00,2652.25,2653.09,2638.0,2648.61,12338.723,2025-05-28 22:59:59.999,32641503.805586,68553,6659.7758,17617168.510732
2025-05-28 23:00:00,2648.61,2686.4,2648.49,2681.6,31553.6863,2025-05-28 23:59:59.999,84333096.829219,199263,19308.9785,51601944.270011
2025-05-29 00:00:00,2681.61,2721.5,2669.01,2721.5,54567.2644,2025-05-29 00:59:59.999,147127980.881688,286010,33221.9928,89616112.436716
2025-05-29 01:00:00,2721.5,2722.5,2697.62,2711.76,41030.9736,2025-05-29 01:59:59.999,111217010.013319,194880,18754.2539,50841377.025729
2025-05-29 02:00:00,2711.76,2788.0,2705.9,2770.7,95399.5898,2025-05-29 02:59:59.999,262662100.763263,343752,53557.527,147408323.938088
2025-05-29 03:00:00,2770.7,2773.75,2746.42,2762.5,38261.4289,2025-05-29 03:59:59.999,105555989.371062,195168,19080.1649,52632263.980012
2025-05-29 04:00:00,2762.5,2766.8,2701.28,2727.5,57750.9504,2025-05-29 04:59:59.999,157838463.765164,248457,25165.0151,68743608.751894
2025-05-29 05:00:00,2727.5,2736.7,2716.21,2722.8,27533.2595,2025-05-29 05:59:59.999,75105706.966101,127576,12237.5774,33391120.031509
2025-05-29 06:00:00,2722.8,2732.0,2716.65,2727.75,17857.2674,2025-05-29 06:59:59.999,48683359.942419,94394,9120.4288,24864038.83371
2025-05-29 07:00:00,2727.75,2736.82,2716.89,2731.28,23521.2923,2025-05-29 07:59:59.999,64159562.581073,107176,11232.9714,30644595.213287
2025-05-29 08:00:00,2731.29,2732.3,2711.6,2723.21,29185.0588,2025-05-29 08:59:59.999,79465457.557014,129942,14273.7596,38864097.323212
2025-05-29 09:00:00,2723.2,2739.37,2716.49,2736.3,16283.0241,2025-05-29 09:59:59.999,44389998.789372,100046,8820.2512,24047680.890592
2025-05-29 10:00:00,2736.3,2744.42,2724.38,2730.6,15793.6341,2025-05-29 10:59:59.999,43140808.029316,115269,7794.2519,21292297.48308
2025-05-29 11:00:00,2730.59,2731.66,2707.1,2715.83,26547.3589,2025-05-29 11:59:59.999,72159582.438789,127650,13039.7213,35435194.559533
2025-05-29 12:00:00,2715.82,2718.6,2676.16,2693.26,49262.3637,2025-05-29 12:59:59.999,132980193.615779,191747,22241.1252,60004209.53138
2025-05-29 13:00:00,2693.26,2699.9,2653.88,2660.19,50704.994,2025-05-29 13:59:59.999,135605305.779024,260763,23584.7015,63070893.300259
2025-05-29 14:00:00,2660.19,2675.9,2621.92,2672.02,72556.3865,2025-05-29 14:59:59.999,192049153.734137,344335,36402.6562,96405319.075795
2025-05-29 15:00:00,2672.02,2674.51,2639.02,2643.68,27417.6643,2025-05-29 15:59:59.999,72831269.645485,205039,12801.8696,34000876.929612
2025-05-29 16:00:00,2643.68,2660.0,2630.67,2640.19,29487.1024,2025-05-29 16:59:59.999,78021151.71439,202249,15278.847,40422517.812164
2025-05-29 17:00:00,2640.18,2670.27,2638.19,2659.42,26595.7264,2025-05-29 17:59:59.999,70587213.091855,200254,15760.1626,41833649.475896
2025-05-29 18:00:00,2659.43,2673.48,2645.52,2649.9,19396.4669,2025-05-29 18:59:59.999,51546766.069712,155891,9399.9089,24984298.188774
2025-05-29 19:00:00,2649.91,2657.28,2628.99,2650.12,27141.0223,2025-05-29 19:59:59.999,71732376.439544,207135,12953.1309,34235583.163607
2025-05-29 20:00:00,2650.12,2662.0,2640.29,2643.98,19764.4105,2025-05-29 20:59:59.999,52433505.700319,115074,11260.6086,29875330.945526
2025-05-29 21:00:00,2643.99,2662.45,2643.94,2660.9,8890.7478,2025-05-29 21:59:59.999,23577279.219127,60845,4851.9835,12867401.00862
2025-05-29 22:00:00,2660.91,2668.95,2644.72,2644.99,13037.1141,2025-05-29 22:59:59.999,34668258.40003,101621,5832.5646,15513530.636151
2025-05-29 23:00:00,2644.99,2649.0,2619.05,2631.39,23582.1534,2025-05-29 23:59:59.999,62102018.831591,139396,8793.8994,23153351.313414
2025-05-30 00:00:00,2631.39,2645.23,2557.07,2573.5,68662.556,2025-05-30 00:59:59.999,178696398.92401,307658,28491.9028,74203856.826781
2025-05-30 01:00:00,2573.5,2608.99,2568.59,2598.31,36372.9301,2025-05-30 01:59:59.999,94354756.612894,250608,17135.734,44448719.489996
2025-05-30 02:00:00,2598.31,2634.18,2597.9,2629.79,29630.8417,2025-05-30 02:59:59.999,77635026.973833,176093,16917.5666,44310045.210542
2025-05-30 03:00:00,2629.79,2642.4,2626.21,2631.19,20339.712,2025-05-30 03:59:59.999,53595814.681183,128704,10181.7299,26831299.765879
2025-05-30 04:00:00,2631.19,2638.2,2621.1,2635.0,15875.3007,2025-05-30 04:59:59.999,41726406.744442,109857,7873.7787,20694806.145615
2025-05-30 05:00:00,2635.0,2649.23,2630.43,2643.71,19675.2442,2025-05-30 05:59:59.999,51946695.913197,104553,10865.483,28685779.686882
2025-05-30 06:00:00,2643.7,2644.82,2606.8,2620.3,28833.0904,2025-05-30 06:59:59.999,75567791.268142,192780,13842.4876,36278216.058098
2025-05-30 07:00:00,2620.3,2643.1,2613.68,2618.26,34238.0444,2025-05-30 07:59:59.999,89891770.618798,190559,18008.8123,47285793.204912
2025-05-30 08:00:00,2618.27,2626.78,2607.75,2617.31,23473.8401,2025-05-30 08:59:59.999,61458271.23728,178233,12092.2622,31664033.172974
2025-05-30 09:00:00,2617.3,2623.7,2588.16,2615.08,33476.0099,2025-05-30 09:59:59.999,87231286.156149,214984,16935.9454,44147465.896314
2025-05-30 10:00:00,2615.07,2623.45,2602.97,2622.05,22595.95,2025-05-30 10:59:59.999,59061152.452083,148468,12643.1116,33048697.973376
2025-05-30 11:00:00,2622.06,2628.1,2615.07,2622.04,14801.9511,2025-05-30 11:59:59.999,38803484.415551,121642,7672.3671,20116438.98169
2025-05-30 12:00:00,2622.04,2626.3,2578.2,2610.2,37833.2915,2025-05-30 12:59:59.999,98440741.385199,241396,19085.9291,49678781.584352
2025-05-30 13:00:00,2610.2,2618.18,2572.56,2576.69,35082.5212,2025-05-30 13:59:59.999,90973099.635879,286840,16673.3638,43230044.288502
2025-05-30 14:00:00,2576.7,2604.27,2576.7,2595.5,46863.9718,2025-05-30 14:59:59.999,121293100.870713,282828,25852.1514,66918056.478371
2025-05-30 15:00:00,2595.5,2616.8,2595.0,2598.21,38309.478,2025-05-30 15:59:59.999,99823774.148872,194802,19813.5028,51626585.51262
2025-05-30 16:00:00,2598.21,2604.28,2533.2,2540.82,80509.0432,2025-05-30 16:59:59.999,205794703.688294,366707,36712.093,93837422.459639
2025-05-30 17:00:00,2540.82,2560.0,2539.4,2549.31,26402.7015,2025-05-30 17:59:59.999,67323785.439621,208462,13020.3251,33207643.384331
2025-05-30 18:00:00,2549.32,2579.23,2547.5,2578.21,28361.9224,2025-05-30 18:59:59.999,72811936.564681,162040,15521.1043,39847589.370419
2025-05-30 19:00:00,2578.2,2585.29,2572.49,2574.41,15128.5126,2025-05-30 19:59:59.999,39010811.555278,123368,7490.3078,19318398.247915
2025-05-30 20:00:00,2574.41,2589.85,2565.65,2577.3,12179.862,2025-05-30 20:59:59.999,31371727.747519,79423,5987.3952,15423255.611014
2025-05-30 21:00:00,2577.31,2586.08,2562.82,2569.2,9191.207,2025-05-30 21:59:59.999,23675059.408711,72607,4313.3144,11113258.712308
2025-05-30 22:00:00,2569.2,2573.09,2523.42,2526.71,33038.7556,2025-05-30 22:59:59.999,84095936.002188,200284,14134.84,35985096.054303
2025-05-30 23:00:00,2526.71,2536.2,2507.35,2531.34,52168.519,2025-05-30 23:59:59.999,131594421.434925,281656,25301.1691,63842324.222714
2025-05-31 00:00:00,2531.35,2539.98,2503.09,2519.9,42744.5798,2025-05-31 00:59:59.999,107898979.265626,309380,22212.1248,56092599.389706
2025-05-31 01:00:00,2519.9,2527.87,2475.33,2493.07,66468.4064,2025-05-31 01:59:59.999,166215962.42704,401703,29978.9376,75003036.657225
2025-05-31 02:00:00,2493.06,2516.72,2485.4,2490.22,36105.6938,2025-05-31 02:59:59.999,90283848.202498,224229,19806.5101,49549989.973325
2025-05-31 03:00:00,2490.21,2517.04,2485.23,2513.98,22969.2884,2025-05-31 03:59:59.999,57438119.986515,184821,14046.096,35126630.103164
2025-05-31 04:00:00,2513.98,2526.37,2504.63,2522.5,15172.0876,2025-05-31 04:59:59.999,38189830.61001,126927,8015.6614,20175919.71956
2025-05-31 05:00:00,2522.5,2526.43,2511.77,2512.29,11575.9888,2025-05-31 05:59:59.999,29150877.933604,85750,4863.095,12248456.516682
2025-05-31 06:00:00,2512.3,2526.5,2512.22,2521.7,10226.2205,2025-05-31 06:59:59.999,25770643.837096,66329,6286.8213,15843569.288231
2025-05-31 07:00:00,2521.69,2525.73,2514.6,2521.11,7393.0493,2025-05-31 07:59:59.999,18633155.821876,59510,4093.3679,10316782.073295
2025-05-31 08:00:00,2521.11,2530.61,2515.91,2524.49,15073.108,2025-05-31 08:59:59.999,38027115.513323,101408,7647.7608,19297955.351413
2025-05-31 09:00:00,2524.49,2529.29,2517.4,2523.25,6997.2011,2025-05-31 09:59:59.999,17649854.788148,83502,3604.3053,9091455.266946
2025-05-31 10:00:00,2523.24,2538.45,2508.04,2520.21,17727.8303,2025-05-31 10:59:59.999,44747027.095992,149009,8275.7354,20896510.659328
2025-05-31 11:00:00,2520.2,2521.85,2509.74,2519.61,9881.698,2025-05-31 11:59:59.999,24869931.656906,63416,4086.4166,10284804.854377
2025-05-31 12:00:00,2519.61,2538.0,2515.95,2537.61,15350.0264,2025-05-31 12:59:59.999,38827025.996591,103931,8087.1275,20461882.180218
2025-05-31 13:00:00,2537.6,2547.7,2526.5,2533.02,20597.5078,2025-05-31 13:59:59.999,52263047.386196,146910,9929.3936,25199771.917831
2025-05-31 14:00:00,2533.0,2544.38,2531.31,2542.5,13297.7977,2025-05-31 14:59:59.999,33774825.085794,100731,7404.3399,18805302.736924
2025-05-31 15:00:00,2542.51,2550.14,2532.41,2536.3,17674.8096,2025-05-31 15:59:59.999,44908712.68776,103585,7861.6521,19976027.497525
2025-05-31 16:00:00,2536.29,2547.99,2533.0,2540.59,9951.9464,2025-05-31 16:59:59.999,25279149.625096,69296,4680.035,11889022.627113
2025-05-31 17:00:00,2540.59,2541.14,2523.36,2527.39,9812.9656,2025-05-31 17:59:59.999,24852455.494268,69073,4105.5856,10401208.101667
2025-05-31 18:00:00,2527.38,2542.4,2525.99,2539.73,4328.3413,2025-05-31 18:59:59.999,10978034.833658,47020,2243.7549,5690018.081849
2025-05-31 19:00:00,2539.74,2543.0,2536.36,2537.4,5070.3815,2025-05-31 19:59:59.999,12878051.690892,48400,2176.8695,5529114.621905
2025-05-31 20:00:00,2537.39,2542.43,2531.67,2542.19,6281.2963,2025-05-31 20:59:59.999,15944782.096239,46194,2125.4937,5395610.611802
2025-05-31 21:00:00,2542.2,2550.34,2539.32,2543.21,9431.0987,2025-05-31 21:59:59.999,23998910.153724,55343,4718.0301,12005761.809747
2025-05-31 22:00:00,2543.21,2545.0,2530.69,2530.76,8477.358,2025-05-31 22:59:59.999,21518811.383464,71464,4047.7347,10275721.163815
2025-05-31 23:00:00,2530.76,2548.31,2524.41,2528.06,11928.5708,2025-05-31 23:59:59.999,30231229.598192,74215,6883.4318,17443721.121163
2025-06-01 00:00:00,2528.06,2528.8,2515.34,2525.76,19395.965,2025-06-01 00:59:59.999,48903697.819655,109454,10844.6041,27345596.925991
2025-06-01 01:00:00,2525.77,2530.38,2492.0,2507.29,23362.9272,2025-06-01 01:59:59.999,58723919.738403,119072,11844.0724,29794378.697275
2025-06-01 02:00:00,2507.29,2513.73,2493.8,2507.07,14008.0211,2025-06-01 02:59:59.999,35097628.690503,111893,7551.1673,18922554.863375
2025-06-01 03:00:00,2507.08,2518.58,2492.4,2513.3,13767.0747,2025-06-01 03:59:59.999,34516197.534386,89490,7784.9396,19521387.293582
2025-06-01 04:00:00,2513.3,2527.1,2511.5,2522.2,7010.8934,2025-06-01 04:59:59.999,17661173.883287,62473,3769.4517,9494465.109606
2025-06-01 05:00:00,2522.19,2527.28,2516.12,2518.58,6738.5773,2025-06-01 05:59:59.999,16986546.61316,47350,3993.8375,10068385.203371
2025-06-01 06:00:00,2518.58,2519.19,2509.29,2512.7,8025.9231,2025-06-01 06:59:59.999,20181461.936043,52873,4506.5695,11331968.912384
2025-06-01 07:00:00,2512.69,2515.67,2505.87,2509.0,6102.7218,2025-06-01 07:59:59.999,15320568.011717,45433,3547.3446,8905466.238349
2025-06-01 08:00:00,2509.0,2510.75,2499.0,2505.86,9499.7197,2025-06-01 08:59:59.999,23796164.112934,73833,4930.7012,12352423.172363
2025-06-01 09:00:00,2505.87,2510.69,2477.77,2492.26,27580.3234,2025-06-01 09:59:59.999,68714642.662669,173355,11267.2087,28085159.360517
2025-06-01 10:00:00,2492.27,2496.8,2486.7,2493.6,9931.9371,2025-06-01 10:59:59.999,24752281.217889,94013,4806.6918,11978704.895399
2025-06-01 11:00:00,2493.6,2502.84,2491.2,2497.35,7391.2438,2025-06-01 11:59:59.999,18463998.746873,61394,4008.0389,10012748.35365
2025-06-01 12:00:00,2497.35,2501.47,2468.56,2484.17,17964.5129,2025-06-01 12:59:59.999,44606796.491977,116649,6980.49,17328763.120916
2025-06-01 13:00:00,2484.18,2498.42,2480.44,2493.84,11891.0298,2025-06-01 13:59:59.999,29638655.708354,86033,5110.0259,12736064.551868
2025-06-01 14:00:00,2493.84,2518.73,2493.84,2509.68,17546.6828,2025-06-01 14:59:59.999,44016508.181381,119079,9429.1832,23654457.260594
2025-06-01 15:00:00,2509.68,2524.99,2503.95,2523.23,12477.3759,2025-06-01 15:59:59.999,31389122.207863,91197,6591.8826,16586875.804606
2025-06-01 16:00:00,2523.23,2547.79,2521.0,2538.76,31399.2275,2025-06-01 16:59:59.999,79650494.633736,178028,18964.5263,48108793.56882
2025-06-01 17:00:00,2538.77,2546.96,2532.7,2538.99,11390.8524,2025-06-01 17:59:59.999,28937898.399812,74875,5413.0755,13752094.059691
2025-06-01 18:00:00,2538.99,2539.0,2493.49,2520.2,24142.0208,2025-06-01 18:59:59.999,60773602.899306,149464,10587.2569,26648619.124184
2025-06-01 19:00:00,2520.21,2527.1,2511.82,2526.38,10315.2005,2025-06-01 19:59:59.999,25990153.748429,67465,5084.4188,12811322.963657
2025-06-01 20:00:00,2526.38,2537.0,2519.42,2525.7,8489.7509,2025-06-01 20:59:59.999,21462534.550786,66610,3731.8905,9436508.749692
2025-06-01 21:00:00,2525.7,2540.91,2524.34,2539.4,9680.5621,2025-06-01 21:59:59.999,24535780.930162,55070,4183.4357,10604853.933485
2025-06-01 22:00:00,2539.39,2547.59,2532.76,2535.28,13535.7331,2025-06-01 22:59:59.999,34382893.08079,93567,5703.8016,14492173.736654
2025-06-01 23:00:00,2535.28,2545.25,2533.2,2539.21,10373.4325,2025-06-01 23:59:59.999,26339990.477426,71576,4922.6997,12499241.607822
2025-06-02 00:00:00,2539.2,2540.66,2526.51,2534.32,14520.2472,2025-06-02 00:59:59.999,36788075.590681,117734,7094.1778,17976432.241239
2025-06-02 01:00:00,2534.32,2541.71,2525.05,2526.23,9747.1034,2025-06-02 01:59:59.999,24683011.301288,83075,4412.3036,11175550.883267
2025-06-02 02:00:00,2526.23,2527.5,2507.6,2508.53,14101.7992,2025-06-02 02:59:59.999,35497905.528628,96786,7247.8636,18246331.442947
2025-06-02 03:00:00,2508.54,2510.24,2485.65,2496.31,23695.5303,2025-06-02 03:59:59.999,59144806.433474,134058,10932.4965,27283045.312541
2025-06-02 04:00:00,2496.3,2501.6,2487.7,2492.59,9815.4285,2025-06-02 04:59:59.999,24493905.46738,72201,4213.3521,10518443.250893
2025-06-02 05:00:00,2492.59,2497.24,2483.37,2492.91,9683.8437,2025-06-02 05:59:59.999,24121885.154408,78846,4612.0163,11488569.43197
2025-06-02 06:00:00,2492.9,2500.0,2485.0,2494.79,13893.1142,2025-06-02 06:59:59.999,34644707.839636,84884,7777.4919,19401328.2196
2025-06-02 07:00:00,2494.8,2513.97,2494.8,2506.94,13363.4466,2025-06-02 07:59:59.999,33477905.027093,98940,7343.3519,18397558.356137
2025-06-02 08:00:00,2506.94,2515.92,2490.1,2494.58,15842.1779,2025-06-02 08:59:59.999,39673230.303734,139201,7603.7844,19044104.27527
2025-06-02 09:00:00,2494.57,2494.94,2475.0,2481.52,28887.7397,2025-06-02 09:59:59.999,71746135.914189,184108,12217.2287,30342031.802205
2025-06-02 10:00:00,2481.52,2489.78,2476.4,2482.1,16349.3649,2025-06-02 10:59:59.999,40591150.770457,109055,7895.7521,19604787.990249
2025-06-02 11:00:00,2482.1,2488.7,2475.72,2480.94,11290.6552,2025-06-02 11:59:59.999,28026894.914903,98005,5506.5567,13671231.692076
2025-06-02 12:00:00,2480.93,2498.39,2477.88,2497.69,15426.0504,2025-06-02 12:59:59.999,38387254.982678,117049,8402.3903,20912079.875709
2025-06-02 13:00:00,2497.69,2519.99,2487.35,2504.67,25138.227,2025-06-02 13:59:59.999,62921688.822679,213057,11939.2866,29893315.941081
2025-06-02 14:00:00,2504.67,2540.79,2495.82,2531.4,44211.7292,2025-06-02 14:59:59.999,111595424.965116,301190,22328.5127,56371566.269988
2025-06-02 15:00:00,2531.4,2556.74,2523.36,2544.39,32858.5657,2025-06-02 15:59:59.999,83472481.779456,193764,18141.2736,46085881.749014
2025-06-02 16:00:00,2544.39,2553.9,2529.7,2546.78,19362.2562,2025-06-02 16:59:59.999,49191106.77393,148370,8843.2578,22470430.159952
2025-06-02 17:00:00,2546.78,2552.99,2538.56,2549.74,18432.07,2025-06-02 17:59:59.999,46934299.993341,139702,7402.4495,18847693.462756
2025-06-02 18:00:00,2549.74,2565.56,2538.0,2544.47,26962.9825,2025-06-02 18:59:59.999,68837481.821231,159036,11922.9155,30450205.623792
2025-06-02 19:00:00,2544.48,2549.4,2524.8,2532.44,19354.3219,2025-06-02 19:59:59.999,49086976.153476,117654,9617.1011,24398146.836132
2025-06-02 20:00:00,2532.45,2547.9,2532.2,2539.74,11321.8911,2025-06-02 20:59:59.999,28768521.27307,86765,5953.9617,15128308.850315
2025-06-02 21:00:00,2539.74,2561.34,2539.74,2560.55,12463.5181,2025-06-02 21:59:59.999,31798137.041458,88432,6633.8157,16930179.981633
2025-06-02 22:00:00,2560.55,2585.0,2560.22,2584.57,26859.8077,2025-06-02 22:59:59.999,69192216.615087,178644,14677.5279,37812275.232706
2025-06-02 23:00:00,2584.58,2615.0,2582.7,2607.41,35308.1031,2025-06-02 23:59:59.999,91888387.004273,198674,20039.7978,52136025.546656
2025-06-03 00:00:00,2607.42,2626.5,2601.63,2621.91,36166.3352,2025-06-03 00:59:59.999,94612086.097584,230379,18841.0914,49305311.941353
2025-06-03 01:00:00,2621.91,2649.91,2616.1,2646.1,33151.83,2025-06-03 01:59:59.999,87330975.309362,219293,17975.5162,47359386.759631
2025-06-03 02:00:00,2646.11,2648.0,2613.0,2616.21,31845.274,2025-06-03 02:59:59.999,83767828.879743,178223,13448.4851,35364329.923708
2025-06-03 03:00:00,2616.21,2619.75,2589.3,2603.39,29867.1929,2025-06-03 03:59:59.999,77741167.777582,159940,15161.7715,39459288.503876
2025-06-03 04:00:00,2603.38,2605.0,2589.91,2591.99,14555.2069,2025-06-03 04:59:59.999,37788388.617911,93598,7928.0131,20582843.568211
2025-06-03 05:00:00,2591.99,2617.72,2591.66,2614.76,15517.2626,2025-06-03 05:59:59.999,40422117.67498,83960,9689.9658,25243201.414109
2025-06-03 06:00:00,2614.75,2618.93,2604.46,2618.54,9592.4922,2025-06-03 06:59:59.999,25049128.803747,74874,5227.5887,13652604.185768
2025-06-03 07:00:00,2618.55,2620.75,2607.76,2609.99,11503.0036,2025-06-03 07:59:59.999,30067429.74373,71765,5154.1415,13472382.588322
2025-06-03 08:00:00,2610.0,2611.24,2594.79,2607.29,18135.9118,2025-06-03 08:59:59.999,47203152.086883,107612,8589.4478,22359859.224471
2025-06-03 09:00:00,2607.29,2619.14,2601.45,2614.49,13063.6074,2025-06-03 09:59:59.999,34091015.632931,70196,5611.8454,14652241.423372
2025-06-03 10:00:00,2614.5,2620.34,2610.0,2611.46,12197.3208,2025-06-03 10:59:59.999,31909209.968076,63665,5162.2476,13503731.067907
2025-06-03 11:00:00,2611.46,2616.93,2600.72,2601.78,9452.6999,2025-06-03 11:59:59.999,24672017.792326,68480,5481.7844,14312629.754634
2025-06-03 12:00:00,2601.78,2613.43,2598.02,2609.76,13342.1615,2025-06-03 12:59:59.999,34767776.999206,86478,6800.4523,17721463.063552
2025-06-03 13:00:00,2609.76,2632.82,2607.09,2626.81,26275.757,2025-06-03 13:59:59.999,68885845.858597,191700,14561.4613,38177933.198536
2025-06-03 14:00:00,2626.81,2655.38,2613.8,2648.6,32115.2029,2025-06-03 14:59:59.999,84646806.042932,254950,18216.167,48032516.046907
2025-06-03 15:00:00,2648.59,2651.51,2616.66,2623.58,30478.8142,2025-06-03 15:59:59.999,80322634.424251,212178,14959.3081,39434228.505913
2025-06-03 16:00:00,2623.58,2625.24,2602.56,2605.41,22411.1207,2025-06-03 16:59:59.999,58594180.574521,184386,10642.4416,27828653.938379
2025-06-03 17:00:00,2605.42,2627.39,2603.3,2619.11,17181.7406,2025-06-03 17:59:59.999,44996629.254049,125064,8782.1073,23004340.534645
2025-06-03 18:00:00,2619.12,2620.67,2607.2,2618.41,9789.5135,2025-06-03 18:59:59.999,25581664.824306,94690,5160.4904,13485583.697953
2025-06-03 19:00:00,2618.42,2628.57,2615.11,2625.16,10291.7347,2025-06-03 19:59:59.999,26988094.999768,94626,5434.6327,14251060.183365
2025-06-03 20:00:00,2625.19,2625.61,2594.4,2614.99,16402.9637,2025-06-03 20:59:59.999,42819385.071354,126121,8071.6486,21074896.120359
2025-06-03 21:00:00,2615.0,2616.74,2575.0,2589.22,20058.071,2025-06-03 21:59:59.999,52094341.774798,122543,8341.8124,21675915.902974
2025-06-03 22:00:00,2589.23,2610.17,2586.53,2604.5,10704.9673,2025-06-03 22:59:59.999,27824160.531299,106561,5154.0149,13394641.453734
2025-06-03 23:00:00,2604.5,2604.9,2586.56,2593.36,10282.8595,2025-06-03 23:59:59.999,26686038.360889,77069,3775.9249,9798419.452877
2025-06-04 00:00:00,2593.35,2603.0,2583.5,2598.99,13375.5425,2025-06-04 00:59:59.999,34701877.845181,107814,5226.7349,13561607.335985
2025-06-04 01:00:00,2599.0,2622.77,2598.64,2612.29,15362.8054,2025-06-04 01:59:59.999,40109939.434258,105977,7059.4946,18431919.068509
2025-06-04 02:00:00,2612.3,2620.99,2610.01,2612.24,8865.9321,2025-06-04 02:59:59.999,23186156.606266,71919,4134.7143,10814938.51231
2025-06-04 03:00:00,2612.25,2640.83,2610.0,2627.9,24194.6402,2025-06-04 03:59:59.999,63634268.769389,113609,13092.6499,34429107.852488
2025-06-04 04:00:00,2627.89,2638.15,2622.79,2637.26,13796.2638,2025-06-04 04:59:59.999,36266617.336476,76686,7338.8108,19295012.759718
2025-06-04 05:00:00,2637.26,2644.77,2619.3,2624.7,31289.3858,2025-06-04 05:59:59.999,82312701.56046,130065,14408.7741,37920341.218109
2025-06-04 06:00:00,2624.71,2634.45,2621.38,2629.32,9277.4984,2025-06-04 06:59:59.999,24374268.966679,58853,4724.5468,12414010.584575
2025-06-04 07:00:00,2629.32,2634.0,2622.45,2627.74,8575.0034,2025-06-04 07:59:59.999,22529085.666758,62011,4455.0639,11704199.182938
2025-06-04 08:00:00,2627.75,2646.05,2627.74,2640.99,15919.2438,2025-06-04 08:59:59.999,42014757.472222,87500,9424.1036,24872212.148964
2025-06-04 09:00:00,2641.0,2647.77,2630.2,2643.43,15675.3127,2025-06-04 09:59:59.999,41368069.988636,83654,8396.7465,22163265.857926
2025-06-04 10:00:00,2643.43,2650.0,2635.2,2638.45,14828.3446,2025-06-04 10:59:59.999,39181571.479693,80824,7251.4397,19162716.943591
2025-06-04 11:00:00,2638.44,2644.88,2624.0,2624.4,17046.019,2025-06-04 11:59:59.999,44856999.56849,101120,9060.8311,23847941.522468
2025-06-04 12:00:00,2624.41,2638.68,2614.51,2616.73,37104.8818,2025-06-04 12:59:59.999,97321692.132837,151436,18200.4086,47729680.907435
2025-06-04 13:00:00,2616.74,2628.72,2607.8,2614.78,23843.9691,2025-06-04 13:59:59.999,62400494.332822,152666,12848.5777,33629320.988729
2025-06-04 14:00:00,2614.77,2641.7,2594.49,2640.38,45960.6861,2025-06-04 14:59:59.999,120103198.780418,211507,23688.998,61929316.418293
2025-06-04 15:00:00,2640.38,2679.88,2633.76,2667.93,65791.7486,2025-06-04 15:59:59.999,174891059.953312,291950,38192.8028,101534554.272274
2025-06-04 16:00:00,2667.92,2669.59,2648.47,2660.0,30918.8763,2025-06-04 16:59:59.999,82207300.696192,145840,17808.1208,47355294.54898
2025-06-04 17:00:00,2660.0,2660.01,2631.26,2635.07,22537.5577,2025-06-04 17:59:59.999,59535516.129166,135900,9883.4377,26105388.072586
2025-06-04 18:00:00,2635.07,2642.24,2625.55,2629.11,12668.5906,2025-06-04 18:59:59.999,33395088.741732,89270,6331.4975,16694851.343599
2025-06-04 19:00:00,2629.11,2633.21,2622.22,2623.72,11182.5712,2025-06-04 19:59:59.999,29380508.477466,97369,5886.788,15467002.312999
2025-06-04 20:00:00,2623.72,2625.1,2599.11,2605.67,25315.5245,2025-06-04 20:59:59.999,66049246.189896,146095,10618.7001,27706805.102984
2025-06-04 21:00:00,2605.67,2623.59,2599.6,2618.75,14143.3657,2025-06-04 21:59:59.999,36946900.974571,86661,8810.3426,23017867.372734
2025-06-04 22:00:00,2618.75,2621.46,2604.0,2605.6,14343.0869,2025-06-04 22:59:59.999,37448046.542538,90667,8458.8632,22085395.848766
2025-06-04 23:00:00,2605.6,2616.67,2599.54,2607.68,10477.9712,2025-06-04 23:59:59.999,27322239.03949,74926,5064.1426,13207278.700347
2025-06-05 00:00:00,2607.68,2614.58,2601.25,2611.7,10614.3988,2025-06-05 00:59:59.999,27691070.246712,92228,5047.4911,13167341.03323
2025-06-05 01:00:00,2611.71,2615.91,2604.57,2608.47,7260.2043,2025-06-05 01:59:59.999,18946887.963367,61292,3198.3647,8347465.166141
2025-06-05 02:00:00,2608.49,2628.64,2608.49,2620.07,13794.1134,2025-06-05 02:59:59.999,36154416.617529,84246,6559.9143,17191991.635687
2025-06-05 03:00:00,2620.07,2632.47,2617.31,2624.99,9007.3477,2025-06-05 03:59:59.999,23650471.161328,70038,4799.8296,12603168.220764
2025-06-05 04:00:00,2625.0,2634.46,2620.99,2630.37,12573.0893,2025-06-05 04:59:59.999,33062700.870465,77017,6514.2701,17131300.543178
2025-06-05 05:00:00,2630.37,2631.54,2608.47,2613.11,14722.3471,2025-06-05 05:59:59.999,38548495.860757,97710,5892.9151,15428004.650417
2025-06-05 06:00:00,2613.11,2618.02,2602.5,2604.33,17641.4411,2025-06-05 06:59:59.999,46037132.639557,90759,9393.9895,24514146.387991
2025-06-05 07:00:00,2604.33,2615.09,2601.08,2604.08,16588.0033,2025-06-05 07:59:59.999,43258527.063033,79593,9225.0844,24054628.841615
2025-06-05 08:00:00,2604.09,2610.5,2597.91,2605.42,12723.8749,2025-06-05 08:59:59.999,33146153.67933,78741,5965.2255,15541201.676477
2025-06-05 09:00:00,2605.42,2610.41,2602.08,2609.69,10670.4434,2025-06-05 09:59:59.999,27815469.636398,61083,5524.5282,14402505.454162
2025-06-05 10:00:00,2609.68,2613.72,2580.88,2596.69,25342.6125,2025-06-05 10:59:59.999,65780502.740071,119958,11000.2342,28550998.45038
2025-06-05 11:00:00,2596.69,2609.5,2593.5,2608.01,11101.9098,2025-06-05 11:59:59.999,28896342.513124,77829,6670.5304,17364013.858785
2025-06-05 12:00:00,2608.01,2640.86,2605.59,2631.66,35312.5566,2025-06-05 12:59:59.999,92720537.221771,172466,17669.6757,46409144.40743
2025-06-05 13:00:00,2631.65,2635.69,2580.0,2589.87,52277.9482,2025-06-05 13:59:59.999,136520437.602576,251575,25146.0798,65676628.087026
2025-06-05 14:00:00,2589.87,2615.7,2562.85,2587.78,74318.5506,2025-06-05 14:59:59.999,192088787.665456,357176,38099.7885,98497094.676325
2025-06-05 15:00:00,2587.78,2602.49,2582.0,2589.43,20203.3823,2025-06-05 15:59:59.999,52382089.254796,146864,10367.9206,26880522.261293
2025-06-05 16:00:00,2589.44,2591.59,2552.91,2559.38,51461.8694,2025-06-05 16:59:59.999,132090061.856178,284505,24086.0063,61808106.381192
2025-06-05 17:00:00,2559.39,2577.47,2558.61,2570.2,18630.2069,2025-06-05 17:59:59.999,47863185.657559,152762,9080.6811,23327426.969304
2025-06-05 18:00:00,2570.19,2583.99,2554.32,2576.3,22228.605,2025-06-05 18:59:59.999,57183808.555855,167077,11187.3458,28782570.963725
2025-06-05 19:00:00,2576.3,2578.3,2506.4,2528.96,64815.4207,2025-06-05 19:59:59.999,164229206.60372,324966,27250.4397,69040080.742626
2025-06-05 20:00:00,2528.96,2535.7,2393.47,2398.9,154678.8788,2025-06-05 20:59:59.999,378983451.15550095,622236,60374.6675,147895939.407084
2025-06-05 21:00:00,2398.91,2449.16,2391.66,2437.29,79331.785,2025-06-05 21:59:59.999,192065126.815224,329485,41459.281,100369418.509073
2025-06-05 22:00:00,2437.29,2437.3,2409.64,2430.15,40895.8698,2025-06-05 22:59:59.999,99113411.518224,207279,17994.2027,43602418.224289
2025-06-05 23:00:00,2430.16,2436.09,2411.3,2414.01,32743.1755,2025-06-05 23:59:59.999,79344465.002655,174321,15578.2255,37753129.912533
2025-06-06 00:00:00,2414.02,2428.38,2381.49,2426.41,62484.0585,2025-06-06 00:59:59.999,150538323.632208,272923,28038.8185,67552782.072593
2025-06-06 01:00:00,2426.42,2429.05,2416.68,2421.7,22545.2438,2025-06-06 01:59:59.999,54633505.517653,137465,9542.4374,23126997.736048
2025-06-06 02:00:00,2421.7,2436.48,2402.7,2435.4,39186.2993,2025-06-06 02:59:59.999,94669002.705951,166827,22438.6749,54213927.898151
2025-06-06 03:00:00,2435.4,2457.12,2428.0,2455.71,28783.9694,2025-06-06 03:59:59.999,70321639.323031,140685,16285.363,39783065.931078
2025-06-06 04:00:00,2455.7,2463.8,2447.23,2458.92,24169.3302,2025-06-06 04:59:59.999,59317957.376757,137538,11568.3375,28392577.467189
2025-06-06 05:00:00,2458.93,2465.6,2446.68,2459.88,20073.6746,2025-06-06 05:59:59.999,49322646.9079,102226,9223.7754,22669287.674979
2025-06-06 06:00:00,2459.89,2468.55,2450.0,2457.95,20276.8654,2025-06-06 06:59:59.999,49861739.583144,101429,9862.7886,24254675.936374
2025-06-06 07:00:00,2457.96,2466.9,2451.0,2455.64,25288.6122,2025-06-06 07:59:59.999,62144658.553889,102276,14606.346,35893802.571882
2025-06-06 08:00:00,2455.64,2466.09,2454.01,2461.3,14048.9605,2025-06-06 08:59:59.999,34579582.207231,83526,6478.3176,15943371.152947
2025-06-06 09:00:00,2461.29,2482.27,2459.82,2468.53,21151.0388,2025-06-06 09:59:59.999,52274272.666518,129153,10629.8627,26275070.313688
2025-06-06 10:00:00,2468.53,2487.0,2468.5,2481.8,18795.6106,2025-06-06 10:59:59.999,46625331.661255,109346,8972.5782,22257764.013259
2025-06-06 11:00:00,2481.8,2493.82,2472.4,2476.15,20077.5157,2025-06-06 11:59:59.999,49838309.605751,122372,9137.2316,22685337.845784
2025-06-06 12:00:00,2476.15,2500.0,2466.45,2475.48,40024.7866,2025-06-06 12:59:59.999,99377617.012322,200326,18673.1987,46377248.711843
2025-06-06 13:00:00,2475.48,2519.9,2475.48,2503.11,39271.229,2025-06-06 13:59:59.999,98050769.606631,206794,20273.9365,50630952.166813
2025-06-06 14:00:00,2503.11,2524.21,2494.98,2518.85,29393.5044,2025-06-06 14:59:59.999,73768754.191143,191429,14449.7049,36267336.777325
2025-06-06 15:00:00,2518.84,2531.36,2496.2,2509.63,39792.7053,2025-06-06 15:59:59.999,99937481.651433,197492,22689.5366,56979790.59977
2025-06-06 16:00:00,2509.62,2518.38,2492.49,2497.5,25441.7221,2025-06-06 16:59:59.999,63783944.292987,160730,13758.6034,34499048.701698
2025-06-06 17:00:00,2497.5,2501.51,2483.22,2499.5,22482.8877,2025-06-06 17:59:59.999,56000448.44249,153086,10971.364,27332130.868253
2025-06-06 18:00:00,2499.51,2503.9,2488.65,2495.08,10513.8997,2025-06-06 18:59:59.999,26230447.488984,123566,4510.7315,11253369.396886
2025-06-06 19:00:00,2495.08,2502.2,2483.98,2484.02,12247.737,2025-06-06 19:59:59.999,30525879.418636,114773,4991.5563,12440634.849481
2025-06-06 20:00:00,2484.02,2507.06,2482.2,2499.71,10513.4777,2025-06-06 20:59:59.999,26237358.245884,98411,5968.3869,14894865.867872
2025-06-06 21:00:00,2499.71,2499.94,2487.43,2491.52,10237.6826,2025-06-06 21:59:59.999,25522306.704343,62515,6412.0205,15984176.285647
2025-06-06 22:00:00,2491.52,2493.47,2477.26,2482.62,12973.1399,2025-06-06 22:59:59.999,32224670.342719,80251,6066.4993,15071725.732023
2025-06-06 23:00:00,2482.61,2483.13,2472.71,2476.1,9069.5464,2025-06-06 23:59:59.999,22469390.637094,51621,5035.951,12477185.930448
2025-06-07 00:00:00,2476.1,2482.59,2457.0,2480.81,21473.0701,2025-06-07 00:59:59.999,53014719.990337,121809,13075.2703,32290842.686877
2025-06-07 01:00:00,2480.8,2481.18,2466.5,2471.3,9306.421,2025-06-07 01:59:59.999,23017627.996279,84775,4545.2008,11244722.310674
2025-06-07 02:00:00,2471.3,2482.0,2468.35,2479.99,8146.1534,2025-06-07 02:59:59.999,20160341.25335,68990,5308.2329,13136434.660527
2025-06-07 03:00:00,2479.98,2493.47,2477.51,2488.98,14142.6112,2025-06-07 03:59:59.999,35174920.983214,87802,7784.0865,19362575.515055
2025-06-07 04:00:00,2488.99,2490.95,2480.0,2490.04,8772.0965,2025-06-07 04:59:59.999,21807682.546734,59345,5344.1156,13287359.720204
2025-06-07 05:00:00,2490.04,2497.0,2485.5,2494.0,13762.1977,2025-06-07 05:59:59.999,34299119.901198,45978,7618.6904,18983230.470522
2025-06-07 06:00:00,2494.0,2501.47,2484.42,2501.34,14477.1655,2025-06-07 06:59:59.999,36081890.566847,53236,7065.9604,17613253.507196
2025-06-07 07:00:00,2501.34,2502.0,2487.5,2491.28,9285.298,2025-06-07 07:59:59.999,23145256.643778,49151,4650.072,11591124.316163
2025-06-07 08:00:00,2491.27,2492.23,2482.11,2483.87,5640.965,2025-06-07 08:59:59.999,14029597.126022,43512,2795.0807,6952072.687955
2025-06-07 09:00:00,2483.88,2490.41,2483.2,2485.8,4175.6898,2025-06-07 09:59:59.999,10382206.492056,35525,2489.3718,6189123.984536
2025-06-07 10:00:00,2485.8,2496.94,2484.61,2495.01,10253.0605,2025-06-07 10:59:59.999,25552620.959146,51981,4676.9853,11656056.147603
2025-06-07 11:00:00,2495.01,2501.4,2492.82,2495.75,9099.2939,2025-06-07 11:59:59.999,22719639.493633,51584,4785.2017,11948660.056928
2025-06-07 12:00:00,2495.76,2507.28,2493.57,2497.85,12861.845,2025-06-07 12:59:59.999,32152405.146951,66524,7605.5298,19012360.786132
2025-06-07 13:00:00,2497.85,2514.48,2492.81,2507.4,15798.0874,2025-06-07 13:59:59.999,39573808.785946,83131,8461.7676,21200006.800689
2025-06-07 14:00:00,2507.4,2518.31,2505.0,2515.65,13401.7507,2025-06-07 14:59:59.999,33669997.462368,76106,6415.6569,16117286.247017
2025-06-07 15:00:00,2515.66,2523.61,2513.0,2519.75,14300.9653,2025-06-07 15:59:59.999,36012879.147845,89950,6297.0545,15857919.67387
2025-06-07 16:00:00,2519.75,2525.79,2508.54,2510.18,16942.6881,2025-06-07 16:59:59.999,42645976.792097,100217,6895.4811,17360374.013229
2025-06-07 17:00:00,2510.17,2513.64,2506.69,2508.01,8415.4969,2025-06-07 17:59:59.999,21127950.762891,52985,3429.4145,8609839.787396
2025-06-07 18:00:00,2508.0,2523.45,2507.41,2516.98,8976.149,2025-06-07 18:59:59.999,22585072.300654,70780,4410.2855,11096834.552847
2025-06-07 19:00:00,2516.99,2523.8,2516.58,2517.31,6690.2011,2025-06-07 19:59:59.999,16859412.048527,46217,2747.8487,6924244.475975
2025-06-07 20:00:00,2517.3,2525.56,2517.3,2521.97,6628.2824,2025-06-07 20:59:59.999,16719570.440689,45049,2813.3501,7095780.211682
2025-06-07 21:00:00,2521.97,2523.58,2518.26,2522.13,3807.5826,2025-06-07 21:59:59.999,9599326.706799,28149,1748.228,4407400.923871
2025-06-07 22:00:00,2522.13,2544.36,2519.59,2535.4,19975.1582,2025-06-07 22:59:59.999,50619234.455917,111813,11230.1241,28456305.734903
2025-06-07 23:00:00,2535.4,2536.06,2522.03,2524.63,8455.445,2025-06-07 23:59:59.999,21369544.302006,62900,3420.3327,8643662.705846
2025-06-08 00:00:00,2524.64,2525.92,2514.4,2517.51,11104.6327,2025-06-08 00:59:59.999,27981734.093198,56843,6736.1547,16974655.175581
2025-06-08 01:00:00,2517.5,2521.52,2511.1,2518.87,10088.7248,2025-06-08 01:59:59.999,25372829.350832,58916,5962.0105,14995752.252385
2025-06-08 02:00:00,2518.87,2518.88,2511.61,2511.68,8623.6211,2025-06-08 02:59:59.999,21680683.880024,48796,5243.9524,13183280.558274
2025-06-08 03:00:00,2511.68,2514.68,2508.08,2511.72,7402.9294,2025-06-08 03:59:59.999,18587989.247364,39433,4261.0942,10699495.218043
2025-06-08 04:00:00,2511.72,2519.9,2508.32,2516.22,6221.044,2025-06-08 04:59:59.999,15642624.309281,35465,3125.5667,7859801.544944
2025-06-08 05:00:00,2516.22,2516.41,2508.38,2511.41,5489.5184,2025-06-08 05:59:59.999,13790397.339728,30632,2819.2082,7081806.547977
2025-06-08 06:00:00,2511.41,2517.49,2511.01,2512.81,5164.4578,2025-06-08 06:59:59.999,12986457.061353,37465,2907.9983,7312100.229451
2025-06-08 07:00:00,2512.81,2516.4,2511.22,2514.45,3882.5876,2025-06-08 07:59:59.999,9760461.300034,33873,2346.5489,5899097.308824
2025-06-08 08:00:00,2514.45,2521.13,2514.45,2516.36,7408.3308,2025-06-08 08:59:59.999,18650329.468029,38878,4704.1044,11841747.137287
2025-06-08 09:00:00,2516.37,2517.3,2490.58,2497.48,24736.1787,2025-06-08 09:59:59.999,61872706.672897,97652,11884.7594,29728023.474413
2025-06-08 10:00:00,2497.48,2504.2,2492.0,2503.04,13588.3765,2025-06-08 10:59:59.999,33936155.0839,59957,7797.9637,19477727.655065
2025-06-08 11:00:00,2503.04,2517.0,2503.0,2513.51,10878.5849,2025-06-08 11:59:59.999,27319232.310484,58547,6256.1949,15707811.442434
2025-06-08 12:00:00,2513.5,2514.45,2500.21,2507.69,9692.7762,2025-06-08 12:59:59.999,24309970.969283,52348,5115.7369,12830053.862362
2025-06-08 13:00:00,2507.7,2527.35,2505.8,2508.78,14403.3958,2025-06-08 13:59:59.999,36235926.240293,80511,7399.7048,18622147.645625
2025-06-08 14:00:00,2508.78,2516.47,2503.53,2514.45,9041.5142,2025-06-08 14:59:59.999,22691396.75098,66656,4618.3516,11591419.64201
2025-06-08 15:00:00,2514.45,2521.61,2511.68,2514.44,7626.2408,2025-06-08 15:59:59.999,19190499.94232,54218,3478.3464,8752729.04014
2025-06-08 16:00:00,2514.44,2529.93,2512.62,2527.91,13926.8426,2025-06-08 16:59:59.999,35145857.305836,81211,7016.2957,17705801.306754
2025-06-08 17:00:00,2527.9,2534.56,2522.35,2523.2,13042.8185,2025-06-08 17:59:59.999,32981426.881779,63152,5978.7566,15118459.1637
2025-06-08 18:00:00,2523.2,2533.17,2518.85,2532.23,14317.9884,2025-06-08 18:59:59.999,36205767.007457,51823,5617.8842,14205100.361915
2025-06-08 19:00:00,2532.23,2540.5,2529.17,2532.56,12908.5788,2025-06-08 19:59:59.999,32726705.789112,46446,6080.7377,15419234.648627
2025-06-08 20:00:00,2532.56,2537.68,2529.6,2531.19,7711.7624,2025-06-08 20:59:59.999,19534440.323431,47076,3527.3121,8934482.623706
2025-06-08 21:00:00,2531.18,2548.63,2531.18,2538.19,7949.6876,2025-06-08 21:59:59.999,20184291.571431,44980,4101.8411,10414617.753272
2025-06-08 22:00:00,2538.2,2540.19,2500.0,2507.99,30075.1901,2025-06-08 22:59:59.999,75673946.937296,139659,12094.0779,30424844.113464
2025-06-08 23:00:00,2507.99,2513.51,2500.83,2509.83,11188.9318,2025-06-08 23:59:59.999,28054919.223313,76638,5987.186,15014143.344188
2025-06-09 00:00:00,2509.84,2511.79,2495.0,2505.2,17776.6402,2025-06-09 00:59:59.999,44519416.478175,122709,8049.3896,20160389.481285
2025-06-09 01:00:00,2505.2,2505.3,2491.53,2494.9,12993.6115,2025-06-09 01:59:59.999,32477757.170493,78403,6625.8388,16565274.544247
2025-06-09 02:00:00,2494.9,2504.31,2489.68,2492.63,12771.9169,2025-06-09 02:59:59.999,31875665.78892,66155,6270.5717,15652045.796465
2025-06-09 03:00:00,2492.64,2498.02,2482.15,2496.86,20526.7174,2025-06-09 03:59:59.999,51090812.034071,78786,11334.5167,28214164.056704
2025-06-09 04:00:00,2496.85,2496.85,2484.2,2485.2,10435.1311,2025-06-09 04:59:59.999,25989221.074512,48940,4437.6031,11053419.378225
2025-06-09 05:00:00,2485.21,2491.68,2477.76,2480.88,11951.1716,2025-06-09 05:59:59.999,29689486.963294,58454,5382.7805,13375648.224023
2025-06-09 06:00:00,2480.88,2493.7,2477.73,2493.5,8586.3436,2025-06-09 06:59:59.999,21341184.390865,50737,4758.024,11828344.789717
2025-06-09 07:00:00,2493.5,2493.5,2483.45,2491.77,7593.1918,2025-06-09 07:59:59.999,18898298.033672,42418,3295.6575,8201850.005975
2025-06-09 08:00:00,2491.77,2497.16,2484.47,2495.38,8828.2855,2025-06-09 08:59:59.999,21998010.151074,50569,4589.0372,11434923.677176
2025-06-09 09:00:00,2495.38,2522.49,2491.04,2509.29,26506.265,2025-06-09 09:59:59.999,66511655.718044,113522,13357.7341,33501405.136918
2025-06-09 10:00:00,2509.3,2540.63,2508.0,2534.86,42306.9714,2025-06-09 10:59:59.999,107001112.032323,184834,24573.4547,62159335.858101
2025-06-09 11:00:00,2534.86,2547.17,2529.59,2541.79,28029.1378,2025-06-09 11:59:59.999,71143153.38501,132041,14173.791,35982287.762619
2025-06-09 12:00:00,2541.78,2548.9,2534.51,2545.41,18458.6467,2025-06-09 12:59:59.999,46912874.124779,84410,9791.4061,24890746.318157
2025-06-09 13:00:00,2545.41,2546.17,2509.94,2517.36,32145.0748,2025-06-09 13:59:59.999,81362021.249957,160093,14453.8812,36579342.885956
2025-06-09 14:00:00,2517.3,2539.7,2514.46,2530.79,20501.9793,2025-06-09 14:59:59.999,51844045.41167,158358,11339.4447,28672179.745666
2025-06-09 15:00:00,2530.8,2543.27,2529.8,2534.11,14171.3272,2025-06-09 15:59:59.999,35966986.461375,108581,7546.6563,19153009.317281
2025-06-09 16:00:00,2534.11,2573.0,2534.1,2558.1,37908.0895,2025-06-09 16:59:59.999,97024440.927483,191669,20225.4395,51751694.617471
2025-06-09 17:00:00,2558.09,2577.0,2555.88,2571.69,26508.2379,2025-06-09 17:59:59.999,68079502.191361,127877,15381.5577,39506179.022273
2025-06-09 18:00:00,2571.69,2585.87,2568.2,2584.19,20124.2425,2025-06-09 18:59:59.999,51856723.072253,116036,10198.9713,26284640.643759
2025-06-09 19:00:00,2584.19,2590.0,2573.23,2580.59,18391.3161,2025-06-09 19:59:59.999,47483722.860539,98824,8827.7001,22795847.985698
2025-06-09 20:00:00,2580.58,2593.27,2575.72,2589.48,13089.0064,2025-06-09 20:59:59.999,33814833.430345,58075,7250.0183,18730431.867133
2025-06-09 21:00:00,2589.47,2650.0,2589.47,2643.41,63350.1251,2025-06-09 21:59:59.999,166353767.840945,304166,36380.8466,95511259.507448
2025-06-09 22:00:00,2643.42,2669.42,2641.82,2665.94,46126.9903,2025-06-09 22:59:59.999,122496204.006576,241043,26121.6962,69368798.201478
2025-06-09 23:00:00,2665.93,2693.99,2657.85,2680.13,49645.8829,2025-06-09 23:59:59.999,132774859.537004,220058,29213.9789,78144467.726082
2025-06-10 00:00:00,2680.13,2726.78,2677.53,2699.08,83744.8821,2025-06-10 00:59:59.999,226435921.123797,334287,46298.676,125176817.812129
2025-06-10 01:00:00,2699.09,2715.0,2696.77,2708.37,41371.051,2025-06-10 01:59:59.999,111983973.866258,168064,20983.7169,56803468.684341
2025-06-10 02:00:00,2708.37,2709.5,2677.82,2692.3,35963.4799,2025-06-10 02:59:59.999,96742997.039422,183885,17787.5626,47843316.866584
2025-06-10 03:00:00,2692.31,2694.0,2675.16,2688.88,34127.2137,2025-06-10 03:59:59.999,91604411.474509,106845,15082.3967,40482425.703958
2025-06-10 04:00:00,2688.89,2692.0,2685.44,2689.24,13450.5019,2025-06-10 04:59:59.999,36159491.124453,78036,6458.4807,17362588.953998
2025-06-10 05:00:00,2689.25,2699.27,2664.74,2670.6,34089.2587,2025-06-10 05:59:59.999,91315221.882605,152632,16467.7858,44115740.221928
2025-06-10 06:00:00,2670.6,2680.78,2655.61,2675.99,29813.7974,2025-06-10 06:59:59.999,79519798.061093,127482,16441.5638,43857256.332247
2025-06-10 07:00:00,2676.0,2685.46,2666.75,2677.35,28101.2153,2025-06-10 07:59:59.999,75188498.197029,111795,14660.6984,39229440.211982
2025-06-10 08:00:00,2677.36,2684.0,2670.0,2673.71,19573.3393,2025-06-10 08:59:59.999,52413114.820998,104269,11341.006,30370748.430795
2025-06-10 09:00:00,2673.7,2693.52,2672.76,2692.48,30934.346,2025-06-10 09:59:59.999,82973414.472374,123499,18817.8716,50461988.354355
2025-06-10 10:00:00,2692.47,2697.86,2681.2,2695.11,19238.275,2025-06-10 10:59:59.999,51767326.995199,104256,10297.4448,27709412.526385
2025-06-10 11:00:00,2695.1,2798.76,2688.14,2773.64,155994.7393,2025-06-10 11:59:59.999,430012880.155623,532334,87421.225,240902030.107471
2025-06-10 12:00:00,2773.64,2778.7,2746.23,2765.18,64064.4847,2025-06-10 12:59:59.999,176946893.033835,289660,33767.414,93264461.473802
2025-06-10 13:00:00,2765.19,2778.32,2717.6,2743.68,86931.68,2025-06-10 13:59:59.999,238755467.396304,388132,42862.2182,117729059.923362
2025-06-10 14:00:00,2743.68,2753.81,2727.41,2736.2,59956.8379,2025-06-10 14:59:59.999,164185379.426663,311179,33507.1254,91759375.348522
2025-06-10 15:00:00,2736.19,2754.38,2690.0,2732.95,57534.1093,2025-06-10 15:59:59.999,156760080.314234,309818,29207.4658,79631844.222922
2025-06-10 16:00:00,2732.96,2748.79,2728.75,2730.81,38967.6819,2025-06-10 16:59:59.999,106745765.984323,199109,19416.341,53191393.832948
2025-06-10 17:00:00,2730.82,2752.5,2730.81,2740.68,20944.2992,2025-06-10 17:59:59.999,57423815.467058,124459,11578.1907,31747544.907826
2025-06-10 18:00:00,2740.68,2765.27,2731.43,2754.6,32947.8993,2025-06-10 18:59:59.999,90601137.262278,167963,20262.1502,55725786.29328
2025-06-10 19:00:00,2754.61,2806.0,2754.6,2773.68,72106.6486,2025-06-10 19:59:59.999,200558854.715091,334713,42252.741,117580750.088502
2025-06-10 20:00:00,2773.69,2775.8,2753.91,2774.11,34030.7896,2025-06-10 20:59:59.999,94009061.588663,237450,17983.2341,49677562.500908
2025-06-10 21:00:00,2774.1,2780.0,2734.93,2772.91,40431.8547,2025-06-10 21:59:59.999,111634630.263634,225346,19891.122,54946480.593458
2025-06-10 22:00:00,2772.92,2827.0,2772.8,2803.62,72315.0761,2025-06-10 22:59:59.999,202932850.895428,357895,38089.9237,106876385.054534
2025-06-10 23:00:00,2803.62,2816.83,2788.09,2816.4,31772.0166,2025-06-10 23:59:59.999,88984159.911197,204473,14472.2016,40545096.879832
2025-06-11 00:00:00,2816.41,2834.86,2792.28,2795.3,40100.3827,2025-06-11 00:59:59.999,112765682.172574,283964,16504.7923,46455669.149229
2025-06-11 01:00:00,2795.3,2799.17,2778.28,2784.7,26203.9268,2025-06-11 01:59:59.999,73020806.522985,181001,11481.5214,31998842.82511
2025-06-11 02:00:00,2784.7,2803.3,2771.8,2781.26,21667.2507,2025-06-11 02:59:59.999,60327038.44493,132856,9514.156,26500266.25992
2025-06-11 03:00:00,2781.27,2797.42,2780.51,2791.06,13785.8982,2025-06-11 03:59:59.999,38476163.440779,115995,6416.7103,17907146.755279
2025-06-11 04:00:00,2791.07,2804.03,2786.0,2797.1,16224.7465,2025-06-11 04:59:59.999,45340171.804543,108607,9560.2543,26717957.35079
2025-06-11 05:00:00,2797.1,2802.5,2786.9,2793.69,14101.0823,2025-06-11 05:59:59.999,39394326.561841,110980,7565.5934,21137901.988452
2025-06-11 06:00:00,2793.7,2797.95,2780.15,2792.09,15866.4275,2025-06-11 06:59:59.999,44241887.416978,105130,7481.4741,20862735.745791
2025-06-11 07:00:00,2792.1,2801.9,2787.98,2791.59,17448.8633,2025-06-11 07:59:59.999,48793359.091176,96131,9232.5826,25819954.047281
2025-06-11 08:00:00,2791.6,2793.57,2765.12,2769.23,25876.0312,2025-06-11 08:59:59.999,71891744.069346,141413,11328.2938,31476142.969743
2025-06-11 09:00:00,2769.22,2773.61,2754.0,2759.29,23556.8144,2025-06-11 09:59:59.999,65158134.250209,138464,11343.5844,31382423.860666
2025-06-11 10:00:00,2759.29,2773.25,2757.18,2771.75,16293.7042,2025-06-11 10:59:59.999,45056693.855236,96768,9251.8022,25573883.753635
2025-06-11 11:00:00,2771.76,2775.19,2761.81,2772.25,11939.0829,2025-06-11 11:59:59.999,33047861.908522,85674,6277.9297,17381420.187227
2025-06-11 12:00:00,2772.26,2822.5,2764.1,2805.08,100926.4123,2025-06-11 12:59:59.999,282054218.721963,370058,51949.3343,145226052.040485
2025-06-11 13:00:00,2805.09,2818.6,2783.83,2796.39,52395.9503,2025-06-11 13:59:59.999,146776703.311242,297360,24423.1413,68447136.635198
2025-06-11 14:00:00,2796.4,2856.68,2791.2,2840.59,79001.4336,2025-06-11 14:59:59.999,223729625.70596,403092,43423.1416,122945820.373449
2025-06-11 15:00:00,2840.59,2879.22,2828.99,2865.21,70802.6779,2025-06-11 15:59:59.999,202282024.972028,379556,37339.5658,106701949.802786
2025-06-11 16:00:00,2865.2,2875.72,2845.23,2867.45,37096.6683,2025-06-11 16:59:59.999,106048140.421983,276792,17817.3611,50942728.804465
2025-06-11 17:00:00,2867.44,2872.71,2825.69,2829.2,59354.1865,2025-06-11 17:59:59.999,169003577.981222,275810,27542.3617,78420921.014471
2025-06-11 18:00:00,2829.2,2833.43,2801.5,2821.6,56244.6484,2025-06-11 18:59:59.999,158565815.587596,353115,24710.8731,69658055.902894
2025-06-11 19:00:00,2821.6,2826.0,2801.89,2813.35,34333.2959,2025-06-11 19:59:59.999,96610493.6523,231669,15290.9332,43032786.857127
2025-06-11 20:00:00,2813.32,2826.74,2788.85,2815.25,27454.583,2025-06-11 20:59:59.999,77051275.925056,153791,13248.9701,37200950.368334
2025-06-11 21:00:00,2815.25,2831.21,2775.0,2782.09,26507.8895,2025-06-11 21:59:59.999,74268638.681441,173562,11609.4989,32524785.05618
2025-06-11 22:00:00,2782.1,2786.26,2743.75,2759.09,46533.7973,2025-06-11 22:59:59.999,128602897.634972,288471,19485.996,53863160.388421
2025-06-11 23:00:00,2759.09,2778.28,2754.59,2771.61,16495.1787,2025-06-11 23:59:59.999,45678922.842884,106647,7614.0697,21085545.284433
2025-06-12 00:00:00,2771.6,2784.83,2758.9,2775.64,27356.0457,2025-06-12 00:59:59.999,75817619.269337,171633,12641.8215,35038186.021862
2025-06-12 01:00:00,2775.63,2778.5,2752.01,2776.1,19402.0914,2025-06-12 01:59:59.999,53650983.465837,154784,10736.7361,29689762.253256
2025-06-12 02:00:00,2776.1,2784.64,2757.01,2757.99,17789.3538,2025-06-12 02:59:59.999,49312013.10521,124756,9368.2485,25961356.642742
2025-06-12 03:00:00,2758.0,2776.59,2746.49,2765.08,26009.4953,2025-06-12 03:59:59.999,71765407.527982,156039,12759.4461,35217138.851585
2025-06-12 04:00:00,2765.08,2769.35,2749.07,2762.5,18695.9542,2025-06-12 04:59:59.999,51552383.741237,114996,8441.706,23281368.583763
2025-06-12 05:00:00,2762.51,2770.3,2751.59,2764.78,11741.6465,2025-06-12 05:59:59.999,32416805.680428,68787,5950.1469,16430258.100074
2025-06-12 06:00:00,2764.77,2777.21,2755.15,2768.12,14980.4312,2025-06-12 06:59:59.999,41458453.668454,94717,8988.0302,24878831.871917
2025-06-12 07:00:00,2768.13,2773.83,2733.68,2741.0,37795.8861,2025-06-12 07:59:59.999,103981761.716874,166714,18252.6825,50228951.30328
2025-06-12 08:00:00,2740.99,2760.89,2732.46,2757.32,21970.6117,2025-06-12 08:59:59.999,60350943.346506,142382,11434.4591,31423954.041173
2025-06-12 09:00:00,2757.32,2762.11,2748.93,2752.6,13451.9304,2025-06-12 09:59:59.999,37068452.023393,79929,7990.2886,22016715.470992
2025-06-12 10:00:00,2752.6,2753.56,2733.64,2750.3,23186.5356,2025-06-12 10:59:59.999,63618873.822981,147220,11984.5837,32887014.560885
2025-06-12 11:00:00,2750.29,2753.54,2720.38,2729.8,30601.5267,2025-06-12 11:59:59.999,83673616.08168,164529,14654.6932,40078867.939609
2025-06-12 12:00:00,2729.8,2746.0,2711.94,2736.9,40128.677,2025-06-12 12:59:59.999,109589125.780791,175564,22463.5203,61354763.071005
2025-06-12 13:00:00,2736.91,2754.81,2732.25,2749.52,27054.8861,2025-06-12 13:59:59.999,74247098.832775,147833,14666.3359,40253982.258375
2025-06-12 14:00:00,2749.53,2770.32,2747.3,2764.79,31360.755,2025-06-12 14:59:59.999,86614550.178111,171006,16808.1295,46427968.950557
2025-06-12 15:00:00,2764.8,2773.21,2713.41,2719.79,47918.0041,2025-06-12 15:59:59.999,131416239.737811,264820,20152.8245,55289610.962539
2025-06-12 16:00:00,2719.79,2745.44,2715.02,2743.29,31661.7426,2025-06-12 16:59:59.999,86550113.593182,194769,16422.3968,44900513.256725
2025-06-12 17:00:00,2743.3,2771.0,2741.0,2762.12,21256.8143,2025-06-12 17:59:59.999,58667145.225021,139914,11670.7943,32206719.965158
2025-06-12 18:00:00,2762.11,2763.99,2718.15,2735.29,28349.7997,2025-06-12 18:59:59.999,77655895.438085,201085,12278.5255,33647982.9964
2025-06-12 19:00:00,2735.3,2743.79,2690.93,2695.0,34782.6459,2025-06-12 19:59:59.999,94330876.068925,221541,14929.7578,40502913.505325
2025-06-12 20:00:00,2695.0,2703.6,2616.24,2639.5,85710.4008,2025-06-12 20:59:59.999,228032728.507828,503277,36210.5325,96290453.149203
2025-06-12 21:00:00,2639.49,2660.0,2631.29,2633.6,46009.7791,2025-06-12 21:59:59.999,121748020.707096,258189,23903.8265,63254144.203303
2025-06-12 22:00:00,2633.59,2649.34,2632.73,2639.79,21892.6441,2025-06-12 22:59:59.999,57826754.820189,187360,10505.3044,27751322.753764
2025-06-12 23:00:00,2639.8,2658.81,2638.5,2642.65,20485.7184,2025-06-12 23:59:59.999,54287698.757795,121153,10587.939,28056304.885666
2025-06-13 00:00:00,2642.66,2645.45,2496.63,2529.96,218772.0282,2025-06-13 00:59:59.999,558674494.300349,865823,93430.0864,238604585.887302
2025-06-13 01:00:00,2529.96,2529.96,2455.03,2498.06,185169.3994,2025-06-13 01:59:59.999,461344978.69592,756822,87531.2086,218076444.843019
2025-06-13 02:00:00,2498.06,2498.85,2436.98,2476.21,98666.2127,2025-06-13 02:59:59.999,243997286.503964,506871,42439.383,104950986.752512
2025-06-13 03:00:00,2476.22,2525.12,2474.4,2514.33,80540.9927,2025-06-13 03:59:59.999,201508388.658598,298033,38512.3427,96347083.062315
2025-06-13 04:00:00,2514.32,2518.77,2495.22,2508.08,32832.9441,2025-06-13 04:59:59.999,82329857.838792,185951,15525.8299,38935481.377491
2025-06-13 05:00:00,2508.07,2519.78,2503.32,2506.63,22748.8602,2025-06-13 05:59:59.999,57167129.825906,144894,11233.4824,28224806.542061
2025-06-13 06:00:00,2506.63,2534.43,2492.0,2532.91,40680.5134,2025-06-13 06:59:59.999,102061839.468104,205900,21591.2682,54203836.080496
2025-06-13 07:00:00,2532.91,2542.26,2515.99,2526.45,65257.17,2025-06-13 07:59:59.999,164994014.388934,223797,34483.7136,87190054.355823
2025-06-13 08:00:00,2526.46,2540.63,2510.67,2517.82,38391.6135,2025-06-13 08:59:59.999,97076285.477181,201751,18639.3018,47140498.077426
2025-06-13 09:00:00,2517.82,2528.0,2506.84,2521.16,25057.2955,2025-06-13 09:59:59.999,63027862.737251,191104,12624.0469,31760166.874645
2025-06-13 10:00:00,2521.16,2534.09,2509.28,2532.8,21309.68,2025-06-13 10:59:59.999,53746877.19406,140135,11462.7953,28916034.999504
2025-06-13 11:00:00,2532.8,2545.55,2522.0,2545.4,30324.0297,2025-06-13 11:59:59.999,76852422.882568,123953,15121.6884,38328220.728887
2025-06-13 12:00:00,2545.41,2563.24,2536.56,2542.09,40982.898,2025-06-13 12:59:59.999,104555693.624372,199820,19471.8471,49676567.11425
2025-06-13 13:00:00,2542.09,2562.0,2534.89,2543.0,27382.5191,2025-06-13 13:59:59.999,69784925.192811,214607,13305.4171,33914465.410383
2025-06-13 14:00:00,2543.0,2554.93,2502.9,2538.06,59134.2024,2025-06-13 14:59:59.999,149277622.532652,294020,29128.3918,73525510.968514
2025-06-13 15:00:00,2538.06,2560.15,2530.41,2551.27,40230.9142,2025-06-13 15:59:59.999,102541431.441477,245607,20430.8553,52080235.790574
2025-06-13 16:00:00,2551.28,2585.2,2544.39,2561.91,36885.2716,2025-06-13 16:59:59.999,94570561.916502,215046,19294.0462,49481156.849511
2025-06-13 17:00:00,2561.9,2561.9,2522.0,2543.19,26857.5396,2025-06-13 17:59:59.999,68246351.561397,216746,12011.6812,30524267.037103
2025-06-13 18:00:00,2543.19,2545.89,2510.0,2529.7,36581.9506,2025-06-13 18:59:59.999,92357100.006223,248285,16957.7495,42820287.335567
2025-06-13 19:00:00,2529.69,2541.5,2521.12,2527.72,18173.0038,2025-06-13 19:59:59.999,45980430.471731,177305,8410.0906,21281394.917923
2025-06-13 20:00:00,2527.72,2553.0,2524.19,2546.83,15404.6952,2025-06-13 20:59:59.999,39107511.24093,140306,7251.4883,18409584.989765
2025-06-13 21:00:00,2546.83,2559.63,2542.49,2553.99,8965.6271,2025-06-13 21:59:59.999,22867188.084697,69217,4986.3003,12717095.706589
2025-06-13 22:00:00,2554.0,2574.19,2554.0,2571.9,12937.4984,2025-06-13 22:59:59.999,33171814.639253,85955,7153.857,18343793.726245
2025-06-13 23:00:00,2571.9,2583.24,2565.99,2579.19,18889.4378,2025-06-13 23:59:59.999,48654826.878482,74355,9087.2638,23413509.661393
2025-06-14 00:00:00,2579.19,2579.43,2558.45,2562.63,25957.5093,2025-06-14 00:59:59.999,66656645.272466,125859,12385.1289,31811438.141955
2025-06-14 01:00:00,2562.63,2566.5,2550.27,2557.72,13715.208,2025-06-14 01:59:59.999,35090372.899063,86580,7247.2522,18543890.438509
2025-06-14 02:00:00,2557.72,2567.07,2552.33,2554.84,13505.7169,2025-06-14 02:59:59.999,34540769.169785,63881,8731.5032,22331311.143169
2025-06-14 03:00:00,2554.83,2560.0,2547.03,2548.76,11103.9459,2025-06-14 03:59:59.999,28357751.245554,56809,6037.7954,15420023.147722
2025-06-14 04:00:00,2548.76,2556.36,2548.27,2551.85,6647.1488,2025-06-14 04:59:59.999,16967512.61313,48346,3512.9539,8966767.985225
2025-06-14 05:00:00,2551.85,2556.62,2547.41,2552.28,5973.4438,2025-06-14 05:59:59.999,15238244.238301,45320,2443.0114,6232511.318407
2025-06-14 06:00:00,2552.29,2556.48,2542.15,2543.53,10622.5275,2025-06-14 06:59:59.999,27055676.627124,53187,4438.9513,11307433.265534
2025-06-14 07:00:00,2543.53,2543.61,2525.72,2537.5,13570.1756,2025-06-14 07:59:59.999,34424907.033899,61393,5396.3804,13690294.97587
2025-06-14 08:00:00,2537.5,2537.74,2526.76,2535.69,10831.5837,2025-06-14 08:59:59.999,27420483.467317,58354,5651.2859,14306357.348572
2025-06-14 09:00:00,2535.7,2535.7,2522.0,2523.0,10428.1072,2025-06-14 09:59:59.999,26367465.039036,61721,4978.4682,12591269.299456
2025-06-14 10:00:00,2523.0,2535.34,2518.51,2531.1,10393.7228,2025-06-14 10:59:59.999,26270612.32308,68581,6046.049,15284608.062969
2025-06-14 11:00:00,2531.11,2539.79,2530.58,2538.52,9035.6641,2025-06-14 11:59:59.999,22900956.030274,50581,4264.9741,10811245.180065
2025-06-14 12:00:00,2538.51,2539.01,2528.7,2536.64,11934.0058,2025-06-14 12:59:59.999,30226886.47667,59879,4769.9094,12083384.898672
2025-06-14 13:00:00,2536.65,2546.19,2526.21,2534.69,10084.0411,2025-06-14 13:59:59.999,25582634.486726,77617,4955.7542,12575397.948334
2025-06-14 14:00:00,2534.7,2537.0,2524.05,2529.3,9377.6475,2025-06-14 14:59:59.999,23722005.954104,65863,4522.5821,11442269.304726
2025-06-14 15:00:00,2529.31,2532.95,2504.95,2519.42,25499.7729,2025-06-14 15:59:59.999,64228955.37883,138599,11069.8993,27879167.573395
2025-06-14 16:00:00,2519.41,2526.11,2492.32,2497.55,26650.6372,2025-06-14 16:59:59.999,66772493.693785,163074,11932.3377,29898711.574663
2025-06-14 17:00:00,2497.55,2518.23,2489.4,2511.49,31614.0438,2025-06-14 17:59:59.999,79183198.987608,122766,11900.8332,29816825.408935
2025-06-14 18:00:00,2511.49,2523.36,2488.72,2508.48,17572.54,2025-06-14 18:59:59.999,43984633.47128,137225,9340.1937,23379179.852497
2025-06-14 19:00:00,2508.49,2521.75,2505.2,2507.5,12570.0892,2025-06-14 19:59:59.999,31602390.537957,116366,5936.3748,14924944.368957
2025-06-14 20:00:00,2507.5,2513.77,2496.58,2509.37,9960.0799,2025-06-14 20:59:59.999,24955164.664281,103356,4757.0455,11918461.498151
2025-06-14 21:00:00,2509.37,2535.29,2506.42,2527.94,14081.5397,2025-06-14 21:59:59.999,35477334.420053,91482,6613.1808,16671997.802119
2025-06-14 22:00:00,2527.95,2533.6,2517.99,2526.49,9446.9669,2025-06-14 22:59:59.999,23868559.36769,75522,3388.3737,8561790.497029
2025-06-14 23:00:00,2526.48,2540.19,2526.08,2530.76,10862.8102,2025-06-14 23:59:59.999,27504333.062094,56597,4969.1989,12584026.059995
2025-06-15 00:00:00,2530.77,2540.99,2528.8,2537.6,9325.7975,2025-06-15 00:59:59.999,23644535.331401,62557,4356.016,11042577.675785
2025-06-15 01:00:00,2537.61,2539.2,2524.77,2528.99,7500.4188,2025-06-15 01:59:59.999,18986943.690306,52466,2520.6808,6379929.768882
2025-06-15 02:00:00,2529.0,2537.84,2528.12,2529.19,5463.0033,2025-06-15 02:59:59.999,13841447.800989,36834,3021.0605,7656418.875771
2025-06-15 03:00:00,2529.2,2534.9,2527.73,2530.1,3822.2814,2025-06-15 03:59:59.999,9675642.673489,35503,2132.4004,5397841.517091
2025-06-15 04:00:00,2530.11,2546.23,2529.6,2543.49,11527.406,2025-06-15 04:59:59.999,29247382.103843,47733,7319.9047,18570765.459427
2025-06-15 05:00:00,2543.5,2553.08,2535.16,2551.11,10870.3448,2025-06-15 05:59:59.999,27669935.997411,58767,6525.3371,16611203.452536
2025-06-15 06:00:00,2551.11,2553.03,2533.29,2535.6,11968.6734,2025-06-15 06:59:59.999,30402127.833378,62291,5095.1211,12941445.376752
2025-06-15 07:00:00,2535.61,2536.0,2522.54,2528.61,11737.0031,2025-06-15 07:59:59.999,29674868.48178,51749,4481.1999,11331828.870161
2025-06-15 08:00:00,2528.61,2529.97,2518.61,2520.6,8024.166,2025-06-15 08:59:59.999,20242527.160063,55570,4378.0787,11044325.665489
2025-06-15 09:00:00,2520.6,2520.6,2508.45,2510.37,12651.7013,2025-06-15 09:59:59.999,31800743.412458,75625,6598.3652,16586495.674516
2025-06-15 10:00:00,2510.36,2523.74,2509.93,2520.19,12464.9068,2025-06-15 10:59:59.999,31387171.509037,59609,7047.0881,17743772.069804
2025-06-15 11:00:00,2520.19,2523.37,2511.65,2516.1,7758.02,2025-06-15 11:59:59.999,19527936.070131,48442,4011.8705,10099223.921997
2025-06-15 12:00:00,2516.1,2526.81,2516.0,2525.82,10073.9347,2025-06-15 12:59:59.999,25404101.890558,55492,4264.5601,10757237.129379
2025-06-15 13:00:00,2525.81,2545.12,2522.61,2543.03,18812.1998,2025-06-15 13:59:59.999,47684190.66235,102927,11645.939,29516667.906771
2025-06-15 14:00:00,2543.04,2554.96,2535.73,2548.76,19726.6254,2025-06-15 14:59:59.999,50201076.713452,117930,11804.0954,30041439.842703
2025-06-15 15:00:00,2548.76,2553.2,2538.69,2541.81,14710.3571,2025-06-15 15:59:59.999,37468538.974852,90967,7191.9866,18319231.931728
2025-06-15 16:00:00,2541.81,2555.42,2536.0,2551.57,17463.9431,2025-06-15 16:59:59.999,44462298.690312,90589,10202.5105,25980482.552952
2025-06-15 17:00:00,2551.57,2559.51,2544.54,2553.75,9703.1382,2025-06-15 17:59:59.999,24751333.273561,73156,5812.7759,14827446.953499
2025-06-15 18:00:00,2553.75,2554.59,2541.0,2548.65,6875.7451,2025-06-15 18:59:59.999,17510058.883934,55574,3571.7474,9097004.842527
2025-06-15 19:00:00,2548.65,2553.45,2531.09,2536.79,10787.1429,2025-06-15 19:59:59.999,27390179.200638,75672,4676.2166,11877717.552454
2025-06-15 20:00:00,2536.79,2536.98,2492.0,2503.34,30433.7822,2025-06-15 20:59:59.999,76317777.305098,169018,12275.858,30779599.957801
2025-06-15 21:00:00,2503.33,2518.96,2497.69,2517.4,15061.1847,2025-06-15 21:59:59.999,37788065.775762,91464,8544.3597,21436835.983198
2025-06-15 22:00:00,2517.41,2549.8,2513.52,2544.66,23185.6109,2025-06-15 22:59:59.999,58833720.569781,193115,12095.1744,30682781.513116
2025-06-15 23:00:00,2544.67,2549.96,2539.8,2547.61,9754.2759,2025-06-15 23:59:59.999,24830132.763039,83439,3680.0607,9368443.869377
2025-06-16 00:00:00,2547.62,2552.92,2538.51,2544.87,13832.3015,2025-06-16 00:59:59.999,35198218.655567,95340,5787.0282,14729325.647734
2025-06-16 01:00:00,2544.88,2559.3,2514.85,2554.6,32719.8335,2025-06-16 01:59:59.999,83007686.885509,178537,16585.846,42100559.837396
2025-06-16 02:00:00,2554.59,2579.0,2554.55,2574.3,29014.2226,2025-06-16 02:59:59.999,74603453.888028,179375,14250.685,36638268.606073
2025-06-16 03:00:00,2574.3,2575.47,2564.28,2568.25,12333.361,2025-06-16 03:59:59.999,31698217.340503,74487,5618.6623,14442988.156766
2025-06-16 04:00:00,2568.25,2578.24,2566.61,2575.7,13861.2036,2025-06-16 04:59:59.999,35669769.62383,96442,7432.9602,19128619.260751
2025-06-16 05:00:00,2575.7,2620.7,2573.22,2607.42,48828.2743,2025-06-16 05:59:59.999,126936310.374636,174741,27689.4522,71965167.73427
2025-06-16 06:00:00,2607.42,2620.32,2603.38,2607.89,23786.5457,2025-06-16 06:59:59.999,62135458.263369,115614,12165.892,31784951.013732
2025-06-16 07:00:00,2607.89,2638.5,2607.89,2628.68,39279.9534,2025-06-16 07:59:59.999,103138946.8684,145061,22191.0691,58263951.52163
2025-06-16 08:00:00,2628.69,2631.65,2621.71,2630.29,18147.1572,2025-06-16 08:59:59.999,47670966.179384,90478,10566.5874,27758828.366332
2025-06-16 09:00:00,2630.29,2630.97,2618.36,2621.54,18520.315,2025-06-16 09:59:59.999,48595217.129042,77346,8793.0218,23071019.67779
2025-06-16 10:00:00,2621.54,2633.8,2610.63,2617.32,20241.476,2025-06-16 10:59:59.999,53079033.565872,80952,10821.9993,28385564.504346
2025-06-16 11:00:00,2617.32,2620.41,2592.6,2617.01,28310.0494,2025-06-16 11:59:59.999,73808561.121891,137164,14096.119,36756527.388904
2025-06-16 12:00:00,2617.01,2619.33,2604.7,2615.51,19564.4595,2025-06-16 12:59:59.999,51107301.302034,110293,9948.4153,25989568.319625
2025-06-16 13:00:00,2615.51,2646.14,2608.11,2640.03,34030.3642,2025-06-16 13:59:59.999,89238976.029352,180997,20112.1278,52748286.773599
2025-06-16 14:00:00,2640.02,2657.9,2627.2,2639.91,40019.1008,2025-06-16 14:59:59.999,105747477.426909,217211,20412.4699,53954247.777268
2025-06-16 15:00:00,2639.91,2646.99,2628.17,2632.25,19402.645,2025-06-16 15:59:59.999,51208365.772225,150971,9276.8351,24486846.491815
2025-06-16 16:00:00,2632.24,2645.76,2627.62,2635.99,13669.8873,2025-06-16 16:59:59.999,36049538.659243,90692,6747.0227,17794785.992561
2025-06-16 17:00:00,2636.0,2642.3,2629.43,2633.89,14089.9614,2025-06-16 17:59:59.999,37155994.44652,95830,7247.9448,19116350.29413
2025-06-16 18:00:00,2633.89,2654.99,2631.98,2654.19,15195.2886,2025-06-16 18:59:59.999,40158248.581351,86208,8214.7827,21718310.449675
2025-06-16 19:00:00,2654.19,2670.56,2644.91,2660.53,36256.5962,2025-06-16 19:59:59.999,96349551.590299,164520,20413.4601,54252316.070831
2025-06-16 20:00:00,2660.54,2680.34,2644.1,2669.8,26199.1522,2025-06-16 20:59:59.999,69718722.631312,120303,14941.8052,39773986.092244
2025-06-16 21:00:00,2669.79,2671.57,2645.0,2648.97,17632.8976,2025-06-16 21:59:59.999,46804192.986844,81823,8005.5531,21245782.195841
2025-06-16 22:00:00,2648.97,2657.68,2544.21,2570.3,84507.0983,2025-06-16 22:59:59.999,218834031.268867,380320,38645.2939,100030986.568073
2025-06-16 23:00:00,2570.29,2596.39,2535.0,2544.17,60987.8437,2025-06-16 23:59:59.999,156732521.880719,309480,28997.297,74547480.406094
2025-06-17 00:00:00,2544.17,2588.6,2524.54,2587.7,58690.063,2025-06-17 00:59:59.999,149808904.539133,325932,32495.4783,82989574.602879
2025-06-17 01:00:00,2587.7,2592.34,2573.53,2580.91,16576.0063,2025-06-17 01:59:59.999,42797286.773424,148966,8564.6278,22115680.628139
2025-06-17 02:00:00,2580.91,2617.27,2558.6,2609.01,34962.0132,2025-06-17 02:59:59.999,90323560.232059,172370,20649.5483,53370412.413412
2025-06-17 03:00:00,2609.01,2618.6,2601.1,2607.4,24538.8341,2025-06-17 03:59:59.999,64034856.870506,138505,13035.1264,34016074.801317
2025-06-17 04:00:00,2607.4,2610.49,2587.3,2591.89,18149.904,2025-06-17 04:59:59.999,47149225.280574,109955,8796.1883,22855494.126132
2025-06-17 05:00:00,2591.85,2598.28,2575.85,2580.0,16858.0829,2025-06-17 05:59:59.999,43586723.605863,107934,8473.4692,21909401.992991
2025-06-17 06:00:00,2580.0,2588.5,2574.57,2582.26,17302.7517,2025-06-17 06:59:59.999,44670235.148653,122405,8437.0767,21783573.602564
2025-06-17 07:00:00,2582.26,2586.73,2570.24,2582.26,19169.6273,2025-06-17 07:59:59.999,49438379.419137,110396,8556.8652,22065284.595424
2025-06-17 08:00:00,2582.25,2585.47,2566.23,2571.53,16705.1206,2025-06-17 08:59:59.999,43032865.621114,104108,8698.5884,22409873.879079
2025-06-17 09:00:00,2571.54,2576.22,2561.47,2566.61,18775.2096,2025-06-17 09:59:59.999,48223038.58414,112797,9740.1332,25019097.69891
2025-06-17 10:00:00,2566.61,2569.67,2544.62,2556.79,31979.3097,2025-06-17 10:59:59.999,81775316.615223,136488,14879.6888,38052047.13239
2025-06-17 11:00:00,2556.8,2557.29,2541.6,2552.19,26724.7389,2025-06-17 11:59:59.999,68105756.084501,99820,13357.8782,34029739.032578
2025-06-17 12:00:00,2552.18,2559.53,2545.33,2547.75,19245.7281,2025-06-17 12:59:59.999,49139217.737653,101178,10801.1186,27581361.258902
2025-06-17 13:00:00,2547.74,2563.86,2546.1,2553.04,19856.5376,2025-06-17 13:59:59.999,50727725.713847,156137,10070.2618,25730831.742311
2025-06-17 14:00:00,2553.05,2567.97,2528.3,2533.19,34229.8593,2025-06-17 14:59:59.999,87349626.444991,162358,15395.1442,39295634.898924
2025-06-17 15:00:00,2533.18,2540.83,2482.53,2499.0,90250.9272,2025-06-17 15:59:59.999,226235000.67107,375538,39953.0909,100154045.760728
2025-06-17 16:00:00,2499.01,2502.6,2459.21,2461.69,60764.5686,2025-06-17 16:59:59.999,150894898.590627,320282,27845.42,69155233.489766
2025-06-17 17:00:00,2461.69,2487.3,2453.8,2467.01,48292.7299,2025-06-17 17:59:59.999,119300937.198896,306072,26064.6676,64406414.600254
2025-06-17 18:00:00,2467.0,2497.93,2464.47,2497.27,24445.2814,2025-06-17 18:59:59.999,60546100.530451,184128,13596.4355,33693329.513946
2025-06-17 19:00:00,2497.26,2543.75,2497.15,2528.36,44672.1495,2025-06-17 19:59:59.999,112755380.131415,240066,23759.3228,59960728.941928
2025-06-17 20:00:00,2528.36,2534.36,2506.49,2510.69,27200.3617,2025-06-17 20:59:59.999,68542522.52266,158635,13185.5269,33230146.489332
2025-06-17 21:00:00,2510.69,2525.69,2502.22,2519.7,19336.476,2025-06-17 21:59:59.999,48629037.059204,135689,9514.0158,23930901.45188
2025-06-17 22:00:00,2519.71,2521.07,2492.07,2494.34,15331.9309,2025-06-17 22:59:59.999,38457256.773176,108339,6319.9909,15856020.356004
2025-06-17 23:00:00,2494.35,2519.48,2493.63,2509.95,11872.1966,2025-06-17 23:59:59.999,29783134.945499,79032,7346.5466,18426823.655689
2025-06-18 00:00:00,2509.95,2529.93,2504.55,2526.18,18961.7645,2025-06-18 00:59:59.999,47755030.379868,118771,11333.0978,28556387.249214
2025-06-18 01:00:00,2526.18,2536.82,2517.62,2519.48,15918.5422,2025-06-18 01:59:59.999,40219111.71617,99112,7217.1737,18238833.066642
2025-06-18 02:00:00,2519.48,2529.62,2514.32,2514.95,9216.7692,2025-06-18 02:59:59.999,23244545.608662,84777,4246.7646,10712200.591867
2025-06-18 03:00:00,2514.95,2532.0,2512.5,2527.95,9154.3819,2025-06-18 03:59:59.999,23107110.031449,71830,4708.2088,11885042.16851
2025-06-18 04:00:00,2527.96,2546.91,2525.5,2536.97,11473.9777,2025-06-18 04:59:59.999,29083578.978171,71290,5657.4482,14342760.279357
2025-06-18 05:00:00,2536.97,2543.41,2533.56,2537.1,7439.8534,2025-06-18 05:59:59.999,18879953.807349,59977,4144.1826,10516129.503393
2025-06-18 06:00:00,2537.09,2540.9,2519.42,2524.03,13173.9369,2025-06-18 06:59:59.999,33354113.219421,69667,6633.3372,16798504.738458
2025-06-18 07:00:00,2524.03,2533.69,2517.82,2533.55,11309.7267,2025-06-18 07:59:59.999,28564568.213045,83102,5895.8825,14894892.114573
2025-06-18 08:00:00,2533.54,2548.42,2526.92,2533.28,14403.3713,2025-06-18 08:59:59.999,36538602.068603,97809,7293.5415,18506669.694609
2025-06-18 09:00:00,2533.28,2540.59,2520.99,2527.08,12086.2651,2025-06-18 09:59:59.999,30583694.955243,69374,6371.8562,16121374.018124
2025-06-18 10:00:00,2527.07,2528.8,2488.27,2494.79,29890.2526,2025-06-18 10:59:59.999,74969591.076071,142256,12034.6679,30176652.333031
2025-06-18 11:00:00,2494.79,2516.88,2490.82,2513.86,17863.9939,2025-06-18 11:59:59.999,44755640.510196,128142,9175.755,22990965.028682
2025-06-18 12:00:00,2513.86,2515.94,2492.42,2493.97,17086.0244,2025-06-18 12:59:59.999,42756520.640656,112725,7278.7428,18218889.880671
2025-06-18 13:00:00,2493.97,2505.04,2465.78,2501.99,49354.8987,2025-06-18 13:59:59.999,122558214.034202,268526,22865.1959,56795451.73498
2025-06-18 14:00:00,2502.0,2538.7,2494.13,2505.39,51179.1306,2025-06-18 14:59:59.999,129052922.135181,335442,26567.9682,67004077.068637
2025-06-18 15:00:00,2505.4,2520.55,2490.25,2508.96,25684.8222,2025-06-18 15:59:59.999,64420850.248891,184747,12945.1596,32470697.630324
2025-06-18 16:00:00,2508.96,2514.67,2495.12,2499.99,16801.8587,2025-06-18 16:59:59.999,42042908.915872,116722,9049.6948,22649086.42906
2025-06-18 17:00:00,2499.99,2504.8,2467.12,2496.7,38192.7985,2025-06-18 17:59:59.999,95069507.650319,186543,21609.1724,53810386.797661
2025-06-18 18:00:00,2496.7,2519.37,2472.94,2475.56,45899.3999,2025-06-18 18:59:59.999,114421413.247251,336422,18367.2135,45821506.338246
2025-06-18 19:00:00,2475.56,2510.28,2470.5,2492.42,24970.3448,2025-06-18 19:59:59.999,62288239.216797,222967,12980.9788,32380990.590141
2025-06-18 20:00:00,2492.42,2537.23,2482.7,2528.75,29289.7075,2025-06-18 20:59:59.999,73699112.580066,136352,18502.768,46583332.102138
2025-06-18 21:00:00,2528.75,2537.48,2510.32,2528.36,19287.1971,2025-06-18 21:59:59.999,48683324.467199,130936,8729.3009,22036015.230006
2025-06-18 22:00:00,2528.35,2533.9,2519.57,2525.15,8857.7149,2025-06-18 22:59:59.999,22372589.45353,68999,3253.4213,8218412.97655
2025-06-18 23:00:00,2525.14,2533.18,2514.49,2525.0,7035.4491,2025-06-18 23:59:59.999,17755871.316714,47324,3520.2629,8885076.548502
2025-06-19 00:00:00,2525.0,2546.91,2513.16,2529.27,19392.9185,2025-06-19 00:59:59.999,49147684.717263,108577,12060.5808,30567113.43348
2025-06-19 01:00:00,2529.26,2530.19,2506.2,2514.76,12833.5905,2025-06-19 01:59:59.999,32298646.96225,100013,6014.3313,15133955.375869
2025-06-19 02:00:00,2514.75,2526.65,2507.81,2514.49,9806.1449,2025-06-19 02:59:59.999,24676594.337809,67821,4637.5181,11673687.309402
2025-06-19 03:00:00,2514.49,2526.0,2514.25,2525.43,8634.3153,2025-06-19 03:59:59.999,21763876.203288,42332,3999.6754,10081545.46796
2025-06-19 04:00:00,2525.44,2525.8,2514.44,2524.4,5007.4685,2025-06-19 04:59:59.999,12621892.69141,38790,2111.7682,5322499.067478
2025-06-19 05:00:00,2524.4,2531.23,2520.38,2522.11,9427.7896,2025-06-19 05:59:59.999,23818588.496492,66226,3440.8823,8694481.27544
2025-06-19 06:00:00,2522.1,2527.3,2516.75,2519.04,5652.2941,2025-06-19 06:59:59.999,14242237.224425,50430,3039.1134,7656611.921003
2025-06-19 07:00:00,2519.05,2525.51,2517.81,2518.99,5238.1165,2025-06-19 07:59:59.999,13210663.939053,40456,3017.4621,7610240.517839
2025-06-19 08:00:00,2518.99,2530.31,2518.99,2523.59,6823.2078,2025-06-19 08:59:59.999,17236778.449333,45842,3139.6152,7931133.460062
2025-06-19 09:00:00,2523.58,2542.43,2522.34,2538.32,14208.6841,2025-06-19 09:59:59.999,35991283.447795,72053,7935.9498,20102941.285319
2025-06-19 10:00:00,2538.32,2544.81,2533.83,2538.56,12024.8058,2025-06-19 10:59:59.999,30530052.178633,71904,5887.4408,14951971.836117
2025-06-19 11:00:00,2538.55,2538.55,2524.52,2531.83,9330.6083,2025-06-19 11:59:59.999,23615225.260391,49759,2970.808,7521495.663449
2025-06-19 12:00:00,2531.82,2536.83,2519.32,2525.5,8966.9299,2025-06-19 12:59:59.999,22665831.944493,58256,3508.1624,8868306.798262
2025-06-19 13:00:00,2525.5,2525.76,2507.21,2509.82,12057.2873,2025-06-19 13:59:59.999,30340330.847137,86111,5908.5727,14872667.664233
2025-06-19 14:00:00,2509.82,2522.27,2495.05,2496.92,17975.7422,2025-06-19 14:59:59.999,45063656.291921,111061,7769.1269,19487154.421942
2025-06-19 15:00:00,2496.93,2505.17,2490.0,2492.97,16400.4422,2025-06-19 15:59:59.999,40960560.952276,95354,7364.654,18398559.463765
2025-06-19 16:00:00,2492.97,2503.69,2485.03,2487.77,10273.397,2025-06-19 16:59:59.999,25635265.160274,76027,4696.4613,11721671.69493
2025-06-19 17:00:00,2487.78,2523.0,2486.6,2508.33,16096.7569,2025-06-19 17:59:59.999,40387794.978615,120765,8665.8931,21737954.812457
2025-06-19 18:00:00,2508.32,2517.53,2499.28,2504.79,7872.1222,2025-06-19 18:59:59.999,19750248.500113,65806,4337.4559,10882524.751551
2025-06-19 19:00:00,2504.78,2510.79,2497.32,2504.87,5269.9701,2025-06-19 19:59:59.999,13202557.236862,42648,2399.0016,6010363.535604
2025-06-19 20:00:00,2504.87,2518.02,2502.99,2507.27,7214.6341,2025-06-19 20:59:59.999,18115063.405018,50269,3814.6817,9581041.2203
2025-06-19 21:00:00,2507.27,2514.96,2504.62,2510.12,8572.122,2025-06-19 21:59:59.999,21512743.229134,50750,3903.7274,9795892.22001
2025-06-19 22:00:00,2510.12,2532.0,2510.12,2523.59,14187.2088,2025-06-19 22:59:59.999,35796757.477384,97381,7360.0505,18572494.717719
2025-06-19 23:00:00,2523.59,2529.99,2519.09,2521.12,9379.5024,2025-06-19 23:59:59.999,23666899.079024,58696,4148.8796,10469613.566171
2025-06-20 00:00:00,2521.13,2531.49,2520.21,2525.57,9260.4831,2025-06-20 00:59:59.999,23399096.246446,51744,4396.1348,11106266.423728
2025-06-20 01:00:00,2525.56,2530.76,2516.45,2527.29,8587.8734,2025-06-20 01:59:59.999,21669393.547486,49936,4646.4734,11726996.915202
2025-06-20 02:00:00,2527.29,2528.1,2514.02,2518.0,8269.4589,2025-06-20 02:59:59.999,20840095.576935,39644,4444.6541,11200503.971306
2025-06-20 03:00:00,2517.99,2523.0,2512.45,2517.19,5275.8864,2025-06-20 03:59:59.999,13286345.494371,37012,2434.2277,6130148.558141
2025-06-20 04:00:00,2517.2,2520.47,2503.76,2504.17,7229.045,2025-06-20 04:59:59.999,18154771.254858,50140,3403.9321,8548279.573188
2025-06-20 05:00:00,2504.18,2516.23,2503.64,2515.88,7134.704,2025-06-20 05:59:59.999,17898583.451583,42081,3197.3105,8022709.738916
2025-06-20 06:00:00,2515.89,2524.27,2515.89,2521.47,6860.817,2025-06-20 06:59:59.999,17292191.49642,40894,3369.3792,8492135.649511
2025-06-20 07:00:00,2521.47,2550.44,2519.49,2549.64,30363.2385,2025-06-20 07:59:59.999,77098140.791105,111779,17599.7692,44693428.635003
2025-06-20 08:00:00,2549.64,2569.0,2543.45,2553.5,37258.9649,2025-06-20 08:59:59.999,95315737.372234,165580,17790.4761,45510260.995082
2025-06-20 09:00:00,2553.49,2556.01,2545.43,2553.34,12887.6057,2025-06-20 09:59:59.999,32873938.1401,72227,5966.9287,15221506.771201
2025-06-20 10:00:00,2553.33,2557.68,2547.62,2552.84,7914.8037,2025-06-20 10:59:59.999,20207447.874525,48705,3687.0146,9413756.048486
2025-06-20 11:00:00,2552.84,2556.01,2541.03,2549.65,9533.3761,2025-06-20 11:59:59.999,24298796.663562,63797,5042.4399,12852901.159811
2025-06-20 12:00:00,2549.64,2558.25,2547.2,2551.92,8167.861,2025-06-20 12:59:59.999,20849165.516839,53773,4322.7839,11035717.300936
2025-06-20 13:00:00,2551.92,2559.55,2528.21,2536.29,19764.6274,2025-06-20 13:59:59.999,50303791.503788,142461,8294.5786,21118792.858645
2025-06-20 14:00:00,2536.29,2540.83,2489.75,2490.01,45216.819,2025-06-20 14:59:59.999,113550253.73292,251336,16519.147,41516855.446036
2025-06-20 15:00:00,2490.01,2508.76,2487.56,2493.78,48161.3552,2025-06-20 15:59:59.999,120249663.790742,204900,20774.0233,51876051.230511
2025-06-20 16:00:00,2493.78,2496.2,2476.0,2482.51,34529.2746,2025-06-20 16:59:59.999,85822111.419043,172666,14141.0497,35146519.050301
2025-06-20 17:00:00,2482.5,2487.21,2367.36,2419.41,177789.4623,2025-06-20 17:59:59.999,429874008.242662,663543,77155.1037,186478026.480023
2025-06-20 18:00:00,2419.41,2433.98,2412.88,2419.81,43431.6706,2025-06-20 18:59:59.999,105208215.873655,246817,20998.3947,50849426.721928
2025-06-20 19:00:00,2419.8,2424.65,2393.52,2414.85,32175.5853,2025-06-20 19:59:59.999,77571661.44798,185119,13921.3998,33572156.81222
2025-06-20 20:00:00,2414.84,2437.6,2414.18,2426.89,19003.0715,2025-06-20 20:59:59.999,46161158.261805,133866,8967.9777,21777641.848696
2025-06-20 21:00:00,2426.88,2427.26,2409.95,2416.62,12413.1934,2025-06-20 21:59:59.999,30036860.595465,88264,5347.3322,12937937.213022
2025-06-20 22:00:00,2416.64,2418.15,2381.96,2391.0,25873.0571,2025-06-20 22:59:59.999,62087814.065508,152546,10467.1691,25118607.210663
2025-06-20 23:00:00,2391.0,2407.6,2383.6,2406.49,14925.5894,2025-06-20 23:59:59.999,35787866.822677,106772,6897.8071,16541259.424044
2025-06-21 00:00:00,2406.49,2419.67,2395.99,2411.07,11607.9884,2025-06-21 00:59:59.999,27956759.459139,89829,5333.8984,12846681.936558
2025-06-21 01:00:00,2411.07,2432.0,2410.2,2431.12,11495.3621,2025-06-21 01:59:59.999,27841467.832577,68773,6157.2536,14915826.244448
2025-06-21 02:00:00,2431.11,2432.11,2418.23,2422.87,8548.6057,2025-06-21 02:59:59.999,20708572.558886,48020,3598.8474,8718011.301038
2025-06-21 03:00:00,2422.86,2430.9,2422.86,2425.59,9138.6497,2025-06-21 03:59:59.999,22185132.499076,40794,5044.8759,12246888.188101
2025-06-21 04:00:00,2425.59,2426.9,2419.0,2422.85,7228.995,2025-06-21 04:59:59.999,17512498.246519,33280,3559.4851,8621287.926741
2025-06-21 05:00:00,2422.85,2427.0,2419.5,2423.83,3468.7084,2025-06-21 05:59:59.999,8405506.064306,28345,1790.6991,4339579.435235
2025-06-21 06:00:00,2423.83,2428.41,2420.93,2424.87,3281.1534,2025-06-21 06:59:59.999,7956041.543478,24871,1671.4458,4052961.024899
2025-06-21 07:00:00,2424.87,2427.91,2419.9,2426.85,6390.2514,2025-06-21 07:59:59.999,15492775.686737,30953,2722.3693,6599165.819697
2025-06-21 08:00:00,2426.85,2444.57,2423.51,2441.56,15231.7956,2025-06-21 08:59:59.999,37033517.386228,45115,6022.1938,14645572.865223
2025-06-21 09:00:00,2441.55,2448.31,2432.37,2445.14,16133.4392,2025-06-21 09:59:59.999,39369363.319981,72756,7279.9796,17765236.417564
2025-06-21 10:00:00,2445.14,2447.35,2430.12,2438.88,11301.7492,2025-06-21 10:59:59.999,27565517.307909,61124,3659.9147,8928649.00409
2025-06-21 11:00:00,2438.87,2448.8,2435.95,2442.75,9107.258,2025-06-21 11:59:59.999,22241944.246731,39972,4127.7053,10084037.916497
2025-06-21 12:00:00,2442.75,2445.2,2434.4,2435.89,6649.9136,2025-06-21 12:59:59.999,16226311.437858,38677,2443.1258,5961041.131189
2025-06-21 13:00:00,2435.89,2443.3,2412.77,2420.5,15629.6786,2025-06-21 13:59:59.999,37952839.570671,98261,6177.3226,15006287.163605
2025-06-21 14:00:00,2420.51,2435.0,2414.1,2419.68,16383.7283,2025-06-21 14:59:59.999,39683606.57928,131655,7406.1135,17942393.186371
2025-06-21 15:00:00,2419.68,2427.55,2412.29,2423.59,11038.2175,2025-06-21 15:59:59.999,26711414.608983,80639,4972.1459,12034550.938135
2025-06-21 16:00:00,2423.59,2428.23,2413.86,2416.37,6553.3487,2025-06-21 16:59:59.999,15860811.457801,57040,2609.5803,6318416.07218
2025-06-21 17:00:00,2416.36,2424.22,2396.27,2399.2,14588.8303,2025-06-21 17:59:59.999,35132174.878287,109320,6143.5512,14797151.61983
2025-06-21 18:00:00,2399.2,2411.76,2384.27,2387.32,18282.9928,2025-06-21 18:59:59.999,43857817.602553,110688,10651.5673,25563055.336856
2025-06-21 19:00:00,2387.29,2400.0,2382.25,2384.76,20180.7442,2025-06-21 19:59:59.999,48239220.386696,162072,10850.7142,25936283.95241
2025-06-21 20:00:00,2384.76,2409.42,2377.92,2403.64,16530.4905,2025-06-21 20:59:59.999,39577288.216841,117719,9017.5965,21602845.452866
2025-06-21 21:00:00,2403.64,2405.79,2245.0,2281.8,114922.3869,2025-06-21 21:59:59.999,265140649.254689,568930,44270.1611,102018551.513202
2025-06-21 22:00:00,2281.8,2308.0,2278.75,2286.59,40184.0256,2025-06-21 22:59:59.999,92195497.870994,243544,20778.6583,47677644.520761
2025-06-21 23:00:00,2286.59,2313.91,2216.0,2295.73,102905.5509,2025-06-21 23:59:59.999,232817970.562424,523181,47246.8062,106955682.125926
2025-06-22 00:00:00,2295.72,2314.48,2255.0,2294.6,68437.7095,2025-06-22 00:59:59.999,156921046.037625,461416,33665.3307,77197932.792184
2025-06-22 01:00:00,2294.59,2301.2,2265.03,2266.5,35249.4322,2025-06-22 01:59:59.999,80446082.541427,237480,17101.3095,39044007.450653
2025-06-22 02:00:00,2266.51,2285.45,2246.25,2265.5,42118.4681,2025-06-22 02:59:59.999,95284401.486676,294427,18503.2986,41874445.139955
2025-06-22 03:00:00,2265.49,2275.73,2251.3,2264.58,20772.4388,2025-06-22 03:59:59.999,47003575.033648,171742,9155.4879,20726513.562699
2025-06-22 04:00:00,2264.58,2288.45,2261.93,2281.9,17492.9762,2025-06-22 04:59:59.999,39856346.956051,146362,10726.9282,24441366.038443
2025-06-22 05:00:00,2281.89,2294.16,2278.98,2288.76,15720.0088,2025-06-22 05:59:59.999,35940339.920903,105693,8137.2019,18601987.243817
2025-06-22 06:00:00,2288.77,2298.22,2283.82,2286.81,11266.5275,2025-06-22 06:59:59.999,25802374.096536,89737,5348.1672,12252969.840631
2025-06-22 07:00:00,2286.81,2288.67,2267.56,2270.68,12529.5947,2025-06-22 07:59:59.999,28531156.074302,94248,5843.8639,13309306.737955
2025-06-22 08:00:00,2270.69,2278.11,2263.97,2274.44,9217.7625,2025-06-22 08:59:59.999,20941426.156913,101580,4249.5093,9655984.24336
2025-06-22 09:00:00,2274.45,2280.0,2236.05,2241.95,33400.0654,2025-06-22 09:59:59.999,75288987.057405,220338,13496.1569,30433127.088486
2025-06-22 10:00:00,2241.95,2264.84,2239.19,2259.37,15627.0627,2025-06-22 10:59:59.999,35211806.023551,144536,7281.089,16408279.046633
2025-06-22 11:00:00,2259.37,2279.16,2258.36,2273.0,14362.1094,2025-06-22 11:59:59.999,32629250.895778,107798,6578.2927,14943137.723917
2025-06-22 12:00:00,2273.0,2287.0,2265.25,2280.1,16476.44,2025-06-22 12:59:59.999,37499804.501606,104737,6994.5176,15923691.253299
2025-06-22 13:00:00,2280.11,2284.8,2161.36,2199.93,135277.8805,2025-06-22 13:59:59.999,298436037.66062,550740,65545.3774,144544632.374201
2025-06-22 14:00:00,2199.93,2212.21,2156.21,2201.34,93637.8796,2025-06-22 14:59:59.999,204367051.037234,446355,47713.9332,104169040.292354
2025-06-22 15:00:00,2201.28,2207.8,2168.68,2174.91,46642.1632,2025-06-22 15:59:59.999,102204018.437536,239810,23317.7136,51102601.391942
2025-06-22 16:00:00,2174.9,2198.43,2173.45,2197.0,36086.7633,2025-06-22 16:59:59.999,78836242.110709,249852,18427.1814,40267798.739911
2025-06-22 17:00:00,2197.0,2219.95,2186.32,2192.28,23588.6847,2025-06-22 17:59:59.999,51888070.803137,200549,12331.7046,27132531.291009
2025-06-22 18:00:00,2192.27,2198.67,2179.2,2182.7,12749.8032,2025-06-22 18:59:59.999,27883724.056206,120622,5636.9808,12331285.347017
2025-06-22 19:00:00,2182.69,2190.35,2170.8,2183.78,16589.4935,2025-06-22 19:59:59.999,36193651.402626,133517,7486.5792,16335213.737208
2025-06-22 20:00:00,2183.79,2197.29,2111.89,2187.6,92045.66,2025-06-22 20:59:59.999,197639614.02762,473452,44843.8706,96384161.371164
2025-06-22 21:00:00,2187.6,2196.51,2173.61,2179.11,18096.1103,2025-06-22 21:59:59.999,39542079.120584,138393,8651.1602,18909584.952396
2025-06-22 22:00:00,2179.1,2235.74,2176.83,2233.81,39320.4497,2025-06-22 22:59:59.999,87078002.822503,252298,21635.9231,47918559.141029
2025-06-22 23:00:00,2233.81,2237.23,2219.7,2227.7,13450.3457,2025-06-22 23:59:59.999,29957352.041832,118041,7547.8831,16809746.919217
2025-06-23 00:00:00,2227.7,2260.42,2222.3,2240.93,27180.8441,2025-06-23 00:59:59.999,60887762.939928,175491,14026.4017,31440435.092553
2025-06-23 01:00:00,2240.94,2248.37,2225.0,2246.12,17433.3611,2025-06-23 01:59:59.999,38980476.406987,103324,8561.1154,19147254.058784
2025-06-23 02:00:00,2246.11,2247.81,2233.71,2239.07,11823.0783,2025-06-23 02:59:59.999,26485333.686534,84007,5820.0106,13036908.482575
2025-06-23 03:00:00,2239.06,2243.78,2230.64,2234.68,12358.072,2025-06-23 03:59:59.999,27653004.74388,72917,5787.2356,12951686.400158
2025-06-23 04:00:00,2234.67,2243.82,2227.89,2233.71,10425.3089,2025-06-23 04:59:59.999,23298559.358342,60389,5051.2315,11290325.703572
2025-06-23 05:00:00,2233.73,2250.7,2233.73,2246.38,11526.2084,2025-06-23 05:59:59.999,25851251.469895,67147,6006.1663,13472530.978187
2025-06-23 06:00:00,2246.38,2255.07,2233.62,2250.88,25841.4499,2025-06-23 06:59:59.999,58040936.947306,119861,13590.4503,30538556.847956
2025-06-23 07:00:00,2250.88,2275.67,2250.73,2258.88,23201.7301,2025-06-23 07:59:59.999,52452857.580911,132800,11695.0945,26431569.63598
2025-06-23 08:00:00,2258.87,2274.7,2256.36,2261.99,17795.7332,2025-06-23 08:59:59.999,40270125.197194,105995,8658.688,19597561.566235
2025-06-23 09:00:00,2261.99,2262.2,2243.6,2252.01,12178.3006,2025-06-23 09:59:59.999,27427677.060773,85794,5379.8554,12115972.97933
2025-06-23 10:00:00,2252.01,2253.12,2238.68,2247.01,10498.6588,2025-06-23 10:59:59.999,23580438.640235,72219,4018.8686,9026800.437757
2025-06-23 11:00:00,2247.01,2258.19,2241.29,2253.37,9172.669,2025-06-23 11:59:59.999,20622785.949852,67350,4296.7543,9662616.533781
2025-06-23 12:00:00,2253.38,2267.47,2245.64,2266.5,13587.0085,2025-06-23 12:59:59.999,30651153.972387,94956,6983.1525,15763873.350375
2025-06-23 13:00:00,2266.49,2301.45,2232.45,2295.3,48927.5167,2025-06-23 13:59:59.999,111237790.366252,329992,25292.5967,57531264.58106
2025-06-23 14:00:00,2295.29,2313.53,2271.8,2274.01,49914.5251,2025-06-23 14:59:59.999,114443351.452412,323177,25568.7034,58654400.055968
2025-06-23 15:00:00,2274.01,2288.27,2247.62,2248.54,23902.6405,2025-06-23 15:59:59.999,54225792.372738,200998,10361.0974,23511978.969564
2025-06-23 16:00:00,2248.53,2252.0,2188.0,2221.79,66195.1121,2025-06-23 16:59:59.999,146825370.339639,433361,31541.5724,69953445.125709
2025-06-23 17:00:00,2221.8,2287.09,2217.2,2274.68,74642.7534,2025-06-23 17:59:59.999,168939712.868248,406564,33574.258,75903504.742707
2025-06-23 18:00:00,2274.68,2312.88,2272.93,2305.48,50139.3047,2025-06-23 18:59:59.999,115178253.323135,303269,26481.574,60838703.350333
2025-06-23 19:00:00,2305.48,2325.16,2295.5,2312.77,29926.1214,2025-06-23 19:59:59.999,69078830.19927,173470,14645.6902,33806201.562846
2025-06-23 20:00:00,2312.77,2379.79,2303.79,2347.13,56276.3682,2025-06-23 20:59:59.999,132054492.735523,309332,28268.8912,66325971.094108
2025-06-23 21:00:00,2347.13,2363.7,2333.89,2341.16,21621.4346,2025-06-23 21:59:59.999,50767612.325689,127712,10649.871,25005801.996482
2025-06-23 22:00:00,2341.16,2438.68,2340.72,2407.36,88526.7947,2025-06-23 22:59:59.999,212441967.158736,435766,44860.2848,107667195.484301
2025-06-23 23:00:00,2407.36,2431.0,2405.91,2411.66,31488.806,2025-06-23 23:59:59.999,76143983.931247,191416,16004.7824,38707688.332945
2025-06-24 00:00:00,2411.66,2418.09,2392.39,2402.86,26310.6682,2025-06-24 00:59:59.999,63274947.518159,147192,12497.735,30065977.129813
2025-06-24 01:00:00,2402.86,2417.29,2396.09,2413.92,15410.7452,2025-06-24 01:59:59.999,37104781.168385,95215,8427.5492,20295978.565396
2025-06-24 02:00:00,2413.91,2413.91,2389.31,2391.91,22231.5012,2025-06-24 02:59:59.999,53271280.900854,112457,9147.0708,21919549.896425
2025-06-24 03:00:00,2391.91,2411.14,2391.09,2398.51,13359.6236,2025-06-24 03:59:59.999,32062380.835105,75974,6649.3347,15957969.448236
2025-06-24 04:00:00,2398.51,2406.7,2392.4,2403.9,10834.3387,2025-06-24 04:59:59.999,25997965.603792,72249,5598.0555,13433226.34996
2025-06-24 05:00:00,2403.91,2424.44,2401.59,2420.01,17718.3959,2025-06-24 05:59:59.999,42779226.806734,105780,9351.9081,22573051.745658
2025-06-24 06:00:00,2420.02,2434.82,2410.93,2425.76,21785.2405,2025-06-24 06:59:59.999,52788959.565716,125432,12412.043,30081574.530791
2025-06-24 07:00:00,2425.76,2428.7,2391.2,2393.31,32158.927,2025-06-24 07:59:59.999,77437358.710632,175242,12678.5697,30525456.157959
2025-06-24 08:00:00,2393.31,2412.43,2376.11,2403.24,35801.4359,2025-06-24 08:59:59.999,85740423.283339,199434,17863.4057,42800367.221164
2025-06-24 09:00:00,2403.24,2449.14,2398.99,2415.84,38273.5338,2025-06-24 09:59:59.999,92694454.806134,172713,19944.4885,48300846.772984
2025-06-24 10:00:00,2415.84,2423.57,2406.41,2413.96,16361.3264,2025-06-24 10:59:59.999,39505110.050455,91487,7924.0336,19135572.654791
2025-06-24 11:00:00,2413.96,2421.2,2397.72,2409.44,20940.3748,2025-06-24 11:59:59.999,50451346.148284,115438,9819.2745,23654943.570519
2025-06-24 12:00:00,2409.44,2418.7,2402.89,2414.29,13921.4244,2025-06-24 12:59:59.999,33571961.637445,104798,6567.5467,15840049.488207
2025-06-24 13:00:00,2414.29,2431.81,2404.75,2421.55,31656.5745,2025-06-24 13:59:59.999,76555366.175326,211249,16219.0299,39228998.687948
2025-06-24 14:00:00,2421.55,2441.19,2420.31,2431.13,28165.1675,2025-06-24 14:59:59.999,68487283.808061,224120,14467.3531,35182856.065614
2025-06-24 15:00:00,2431.14,2454.73,2425.01,2438.1,31374.5128,2025-06-24 15:59:59.999,76521475.81189,194528,17391.121,42423853.06534
2025-06-24 16:00:00,2438.11,2482.04,2434.09,2478.91,39207.5264,2025-06-24 16:59:59.999,96416188.795511,222354,20180.0394,49639279.06661
2025-06-24 17:00:00,2478.91,2481.4,2443.4,2457.65,35339.4357,2025-06-24 17:59:59.999,86864623.027344,199400,18027.5118,44304143.218236
2025-06-24 18:00:00,2457.65,2463.37,2433.88,2435.57,15396.3243,2025-06-24 18:59:59.999,37660029.374031,118109,6586.8403,16112565.164722
2025-06-24 19:00:00,2435.56,2441.64,2417.22,2434.24,15689.2491,2025-06-24 19:59:59.999,38148812.217686,108674,6591.1216,16024701.32175
2025-06-24 20:00:00,2434.23,2450.41,2430.7,2449.4,9016.9273,2025-06-24 20:59:59.999,22004948.880724,79076,5127.6483,12510241.566992
2025-06-24 21:00:00,2449.39,2449.8,2436.0,2445.24,8827.7069,2025-06-24 21:59:59.999,21556193.315106,63784,4042.5759,9871571.476236
2025-06-24 22:00:00,2445.23,2445.23,2434.02,2441.61,5855.8113,2025-06-24 22:59:59.999,14281789.772863,57512,2434.0974,5936179.629924
2025-06-24 23:00:00,2441.61,2449.01,2430.7,2448.45,11123.8907,2025-06-24 23:59:59.999,27145697.881266,61139,5554.3265,13559051.512492
2025-06-25 00:00:00,2448.46,2462.0,2436.62,2458.51,12103.5734,2025-06-25 00:59:59.999,29650328.746695,98654,6190.9324,15169180.351079
2025-06-25 01:00:00,2458.51,2465.43,2445.18,2460.92,10190.158,2025-06-25 01:59:59.999,25034633.924128,101664,5157.2662,12670336.078625
2025-06-25 02:00:00,2460.92,2468.69,2450.6,2451.73,11516.6663,2025-06-25 02:59:59.999,28324586.183502,103204,5556.7508,13664881.069738
2025-06-25 03:00:00,2451.74,2460.3,2443.76,2444.38,8829.3009,2025-06-25 03:59:59.999,21650652.658653,60898,4657.7912,11422910.455613
2025-06-25 04:00:00,2444.38,2447.49,2428.89,2435.25,11871.0383,2025-06-25 04:59:59.999,28944942.65622,73705,4920.8835,12000325.305261
2025-06-25 05:00:00,2435.24,2440.1,2424.21,2429.38,12286.4021,2025-06-25 05:59:59.999,29873633.742931,66894,5194.1176,12632355.381362
2025-06-25 06:00:00,2429.38,2445.28,2426.23,2444.68,10563.4739,2025-06-25 06:59:59.999,25744822.94836,65696,4866.1164,11861946.895208
2025-06-25 07:00:00,2444.68,2450.66,2440.0,2444.54,9813.9626,2025-06-25 07:59:59.999,24002235.089357,61470,4908.5494,12007187.913906
2025-06-25 08:00:00,2444.55,2445.77,2424.64,2439.49,15877.2971,2025-06-25 08:59:59.999,38653527.111764,85755,7693.95,18733493.472458
2025-06-25 09:00:00,2439.49,2448.47,2407.63,2420.56,34716.577,2025-06-25 09:59:59.999,84272398.599334,155889,15080.8881,36640964.472334
2025-06-25 10:00:00,2420.56,2432.46,2414.25,2426.49,17015.2871,2025-06-25 10:59:59.999,41256174.231715,104260,8767.9828,21261391.750545
2025-06-25 11:00:00,2426.5,2430.0,2413.15,2428.95,15475.4545,2025-06-25 11:59:59.999,37505142.639568,92143,7452.7239,18067529.452357
2025-06-25 12:00:00,2428.96,2429.54,2415.51,2428.89,17690.1892,2025-06-25 12:59:59.999,42879370.696053,98696,9093.395,22041822.646641
2025-06-25 13:00:00,2428.9,2446.59,2424.09,2435.01,29146.5455,2025-06-25 13:59:59.999,71014596.775207,220752,16009.6964,39017227.103663
2025-06-25 14:00:00,2435.01,2443.8,2389.69,2432.12,62539.7334,2025-06-25 14:59:59.999,151185295.317036,337881,29212.3104,70668934.303596
2025-06-25 15:00:00,2432.12,2432.7,2397.05,2405.68,32507.2326,2025-06-25 15:59:59.999,78378416.717928,215587,15404.82,37145202.81724
2025-06-25 16:00:00,2405.69,2420.64,2401.37,2410.53,16723.5327,2025-06-25 16:59:59.999,40343651.088402,145427,8481.5635,20459543.943274
2025-06-25 17:00:00,2410.54,2431.7,2407.06,2422.83,16065.8944,2025-06-25 17:59:59.999,38876098.629064,146901,8461.2627,20473999.921226
2025-06-25 18:00:00,2422.82,2424.28,2411.73,2418.4,7585.3905,2025-06-25 18:59:59.999,18345681.642059,86119,3134.8321,7581692.674227
2025-06-25 19:00:00,2418.39,2440.0,2418.34,2432.79,20732.5317,2025-06-25 19:59:59.999,50422969.464785,127659,12872.4763,31313627.775389
2025-06-25 20:00:00,2432.79,2441.8,2426.08,2438.2,11636.2856,2025-06-25 20:59:59.999,28335053.103382,82027,8012.4916,19518776.48293
2025-06-25 21:00:00,2438.19,2454.98,2427.2,2430.6,15184.1287,2025-06-25 21:59:59.999,37037573.473842,101446,8568.3988,20905926.583809
2025-06-25 22:00:00,2430.6,2430.66,2410.02,2416.24,9321.1095,2025-06-25 22:59:59.999,22555464.481744,81012,4460.1043,10789817.027921
2025-06-25 23:00:00,2416.23,2419.49,2408.02,2418.49,5502.9737,2025-06-25 23:59:59.999,13286857.784702,63181,2358.6948,5695935.841337
2025-06-26 00:00:00,2418.5,2428.48,2416.99,2426.9,15408.4752,2025-06-26 00:59:59.999,37320866.655613,69862,4548.7887,11026558.467719
2025-06-26 01:00:00,2426.91,2474.87,2420.0,2459.22,28854.3607,2025-06-26 01:59:59.999,70690588.053351,194079,14957.4856,36693443.389801
2025-06-26 02:00:00,2459.22,2502.0,2459.22,2493.3,39275.6469,2025-06-26 02:59:59.999,97349455.033784,191829,22012.6848,54622978.741415
2025-06-26 03:00:00,2493.3,2520.92,2482.45,2488.78,52496.9119,2025-06-26 03:59:59.999,131436353.047018,238773,31480.7073,78868519.285544
2025-06-26 04:00:00,2488.79,2491.58,2469.83,2480.61,14359.2717,2025-06-26 04:59:59.999,35603588.15555,108231,7471.5622,18526730.538019
2025-06-26 05:00:00,2480.62,2483.8,2467.14,2475.59,9622.041,2025-06-26 05:59:59.999,23810168.75037,73809,5076.1934,12561398.90796
2025-06-26 06:00:00,2475.59,2489.46,2473.55,2487.21,11254.9381,2025-06-26 06:59:59.999,27939672.86537,74905,6839.1028,16979247.366675
2025-06-26 07:00:00,2487.2,2500.56,2480.28,2489.89,17060.3327,2025-06-26 07:59:59.999,42524292.426092,105177,8940.0588,22290045.35483
2025-06-26 08:00:00,2489.88,2500.4,2484.59,2486.8,14513.2192,2025-06-26 08:59:59.999,36164509.099896,79022,6622.9537,16504832.690338
2025-06-26 09:00:00,2486.81,2489.01,2462.5,2463.39,21826.5399,2025-06-26 09:59:59.999,54000850.680938,117407,9318.9289,23056655.441779
2025-06-26 10:00:00,2463.39,2467.06,2446.24,2451.13,14694.2543,2025-06-26 10:59:59.999,36121211.954971,99847,6524.7862,16042505.608859
2025-06-26 11:00:00,2451.14,2453.99,2440.0,2450.36,14085.1002,2025-06-26 11:59:59.999,34472985.938114,97489,6712.196,16429945.489547
2025-06-26 12:00:00,2450.35,2454.77,2433.88,2440.02,18874.946,2025-06-26 12:59:59.999,46116181.84779,128272,9158.0184,22376334.825467
2025-06-26 13:00:00,2440.03,2446.35,2424.31,2433.68,23063.9083,2025-06-26 13:59:59.999,56153969.889234,176288,11680.1945,28435552.580952
2025-06-26 14:00:00,2433.67,2459.49,2420.0,2446.48,37160.004,2025-06-26 14:59:59.999,90601080.321608,185604,19213.9745,46870494.904945
2025-06-26 15:00:00,2446.49,2449.0,2409.51,2433.03,32071.4194,2025-06-26 15:59:59.999,77773301.225965,206854,14051.6992,34079793.392802
2025-06-26 16:00:00,2433.04,2437.2,2418.23,2427.65,8971.4442,2025-06-26 16:59:59.999,21781330.540114,100247,4527.1238,10992381.776647
2025-06-26 17:00:00,2427.66,2435.97,2420.0,2420.7,8528.4718,2025-06-26 17:59:59.999,20693976.365001,86896,3295.8709,7999567.26497
2025-06-26 18:00:00,2420.71,2438.08,2418.2,2425.25,14715.596,2025-06-26 18:59:59.999,35715497.807102,115689,6495.6471,15771319.6167
2025-06-26 19:00:00,2425.25,2442.91,2422.73,2435.87,8173.4937,2025-06-26 19:59:59.999,19899521.257851,90026,4565.6104,11119605.664505
2025-06-26 20:00:00,2435.86,2457.32,2430.4,2445.27,12032.0471,2025-06-26 20:59:59.999,29434769.400482,102797,7266.3589,17777619.008954
2025-06-26 21:00:00,2445.27,2445.51,2394.32,2414.13,26928.1071,2025-06-26 21:59:59.999,65052595.65807,186674,12273.3777,29645100.953634
2025-06-26 22:00:00,2414.12,2424.62,2411.84,2413.33,10389.5249,2025-06-26 22:59:59.999,25110586.919906,84514,6133.7626,14823333.067558
2025-06-26 23:00:00,2413.34,2417.45,2405.91,2415.96,9343.9718,2025-06-26 23:59:59.999,22543403.689875,64635,5756.9351,13890330.318938
2025-06-27 00:00:00,2415.96,2421.2,2400.0,2400.36,10511.4331,2025-06-27 00:59:59.999,25340594.166737,75742,4779.851,11534336.042605
2025-06-27 01:00:00,2400.37,2431.98,2382.53,2426.17,40634.6181,2025-06-27 01:59:59.999,97796570.483751,141971,16505.915,39801128.650157
2025-06-27 02:00:00,2426.17,2440.11,2423.68,2437.82,8137.7551,2025-06-27 02:59:59.999,19806906.441216,61760,4055.4728,9869974.693671
2025-06-27 03:00:00,2437.82,2448.84,2432.88,2446.97,18502.5486,2025-06-27 03:59:59.999,45171890.11302,59558,5351.3062,13069139.040499
2025-06-27 04:00:00,2446.98,2453.12,2440.0,2449.79,12411.6553,2025-06-27 04:59:59.999,30358748.928734,56477,5389.9965,13192893.302559
2025-06-27 05:00:00,2449.78,2452.99,2434.63,2440.0,22126.147,2025-06-27 05:59:59.999,53991215.756816,61455,5117.0451,12488987.93685
2025-06-27 06:00:00,2440.0,2450.54,2436.4,2448.74,13754.9296,2025-06-27 06:59:59.999,33603389.342427,63887,5869.9486,14349453.802982
2025-06-27 07:00:00,2448.75,2459.53,2438.0,2442.31,24805.0839,2025-06-27 07:59:59.999,60620453.107594,91348,8043.7674,19677050.298503
2025-06-27 08:00:00,2442.3,2463.54,2435.25,2448.61,22824.9898,2025-06-27 08:59:59.999,55852786.731055,112484,11179.5778,27377658.902642
2025-06-27 09:00:00,2448.62,2463.3,2442.67,2460.88,23527.0683,2025-06-27 09:59:59.999,57673345.078371,90039,9700.6684,23797098.13189
2025-06-27 10:00:00,2460.88,2461.7,2445.95,2446.19,11455.8518,2025-06-27 10:59:59.999,28084902.436504,67425,3469.6176,8507561.735882
2025-06-27 11:00:00,2446.2,2455.01,2442.74,2447.25,8130.2853,2025-06-27 11:59:59.999,19901637.720893,50993,3594.6096,8800799.54864
2025-06-27 12:00:00,2447.25,2456.92,2427.25,2429.97,16208.9957,2025-06-27 12:59:59.999,39566702.844696,110707,7725.5394,18863887.639858
2025-06-27 13:00:00,2429.97,2436.77,2417.1,2428.02,16797.0366,2025-06-27 13:59:59.999,40767254.786325,127067,7843.7143,19035222.965559
2025-06-27 14:00:00,2428.02,2438.0,2414.15,2423.25,21616.3255,2025-06-27 14:59:59.999,52419839.964225,130884,9478.8005,22990565.880897
2025-06-27 15:00:00,2423.24,2442.63,2419.57,2438.25,12651.2316,2025-06-27 15:59:59.999,30771503.515364,95386,7664.0367,18640480.534989
2025-06-27 16:00:00,2438.26,2449.44,2431.7,2433.43,12494.0108,2025-06-27 16:59:59.999,30465388.734134,106661,5200.9823,12687473.395179
2025-06-27 17:00:00,2433.42,2433.43,2395.75,2404.88,20813.7925,2025-06-27 17:59:59.999,50176623.478317,147947,7690.7041,18542837.124239
2025-06-27 18:00:00,2404.87,2408.72,2388.29,2394.98,14356.4535,2025-06-27 18:59:59.999,34411483.200364,132041,6821.3159,16355180.460339
2025-06-27 19:00:00,2394.97,2418.18,2392.42,2412.67,11037.3457,2025-06-27 19:59:59.999,26570733.153302,110766,6898.1738,16605483.528393
2025-06-27 20:00:00,2412.67,2427.54,2411.54,2426.2,9779.2848,2025-06-27 20:59:59.999,23682444.703869,75328,6441.3952,15598940.949841
2025-06-27 21:00:00,2426.2,2429.47,2417.15,2419.85,11431.0191,2025-06-27 21:59:59.999,27704429.631801,65208,5328.1857,12912458.868953
2025-06-27 22:00:00,2419.85,2425.03,2419.7,2422.32,6123.5201,2025-06-27 22:59:59.999,14833895.130276,37387,4354.0294,10546851.555337
2025-06-27 23:00:00,2422.32,2424.42,2415.01,2423.17,11343.3842,2025-06-27 23:59:59.999,27452072.098629,39956,5161.5747,12491602.698163
2025-06-28 00:00:00,2423.17,2423.91,2416.94,2418.3,7184.6974,2025-06-28 00:59:59.999,17384875.640313,41195,4640.7334,11228782.293628
2025-06-28 01:00:00,2418.3,2419.7,2405.81,2417.58,8700.7733,2025-06-28 01:59:59.999,20996386.591217,57237,4463.3383,10771557.440387
2025-06-28 02:00:00,2417.59,2422.6,2415.01,2418.88,3410.8442,2025-06-28 02:59:59.999,8252599.093689,30933,1537.4806,3720242.020065
2025-06-28 03:00:00,2418.89,2422.48,2416.84,2420.93,3276.793,2025-06-28 03:59:59.999,7931285.083712,27259,1515.0972,3667265.60087
2025-06-28 04:00:00,2420.93,2422.41,2417.96,2421.19,4090.5261,2025-06-28 04:59:59.999,9900782.022221,19733,1152.1928,2788735.598163
2025-06-28 05:00:00,2421.18,2428.75,2417.86,2422.2,9174.0787,2025-06-28 05:59:59.999,22228163.323562,31806,3690.2726,8942797.064088
2025-06-28 06:00:00,2422.2,2427.56,2422.04,2427.47,3491.8016,2025-06-28 06:59:59.999,8468372.96596,22860,1604.5652,3891292.765393
2025-06-28 07:00:00,2427.48,2433.86,2424.37,2431.76,9106.6103,2025-06-28 07:59:59.999,22116108.28417,33463,5092.9131,12370112.270754
2025-06-28 08:00:00,2431.77,2432.44,2419.87,2424.49,17905.4389,2025-06-28 08:59:59.999,43397163.693098,44993,6951.03,16843486.338227
2025-06-28 09:00:00,2424.49,2428.55,2419.65,2427.12,6690.5899,2025-06-28 09:59:59.999,16220840.366737,23182,1969.2741,4774493.460224
2025-06-28 10:00:00,2427.12,2430.26,2423.8,2426.14,5526.2838,2025-06-28 10:59:59.999,13414786.651732,24904,1840.6417,4468103.353717
2025-06-28 11:00:00,2426.14,2428.86,2426.14,2427.42,5598.4127,2025-06-28 11:59:59.999,13590250.144359,19209,2467.9728,5990823.850641
2025-06-28 12:00:00,2427.42,2428.19,2422.78,2426.09,5922.7199,2025-06-28 12:59:59.999,14369075.450627,24416,2666.6294,6468830.658818
2025-06-28 13:00:00,2426.09,2429.38,2420.0,2422.95,4926.9367,2025-06-28 13:59:59.999,11944208.338896,34248,2580.8258,6257272.999199
2025-06-28 14:00:00,2422.94,2427.69,2422.65,2425.57,3803.8348,2025-06-28 14:59:59.999,9227500.230834,25161,2068.3322,5017069.485328
2025-06-28 15:00:00,2425.58,2443.0,2423.2,2436.09,9307.3496,2025-06-28 15:59:59.999,22635502.100786,47103,5591.6111,13600650.820875
2025-06-28 16:00:00,2436.1,2443.72,2431.64,2434.85,12506.6315,2025-06-28 16:59:59.999,30476108.312224,76381,6774.9107,16509683.301525
2025-06-28 17:00:00,2434.84,2447.8,2433.31,2444.06,7713.1006,2025-06-28 17:59:59.999,18825568.182583,56452,4307.9246,10514883.206957
2025-06-28 18:00:00,2444.06,2444.69,2432.84,2437.02,8572.9944,2025-06-28 18:59:59.999,20899350.648855,49171,4193.6499,10221827.68051
2025-06-28 19:00:00,2437.01,2440.0,2432.31,2433.22,4541.5028,2025-06-28 19:59:59.999,11061533.676875,35569,2667.9091,6497743.238799
2025-06-28 20:00:00,2433.21,2435.08,2427.44,2429.62,4599.0225,2025-06-28 20:59:59.999,11179818.330484,33993,1956.4624,4756207.825215
2025-06-28 21:00:00,2429.62,2438.34,2429.27,2436.63,2768.6637,2025-06-28 21:59:59.999,6734608.116773,26368,1412.6116,3436257.178856
2025-06-28 22:00:00,2436.63,2441.45,2434.14,2440.22,4008.0983,2025-06-28 22:59:59.999,9771635.223376,42347,2123.1518,5175784.448337
2025-06-28 23:00:00,2440.22,2442.21,2435.15,2435.62,2987.2812,2025-06-28 23:59:59.999,7284381.475865,27673,1840.4831,4487983.343566
2025-06-29 00:00:00,2435.62,2442.77,2432.0,2438.57,6262.8379,2025-06-29 00:59:59.999,15266155.769763,38807,4319.8649,10529901.081752
2025-06-29 01:00:00,2438.57,2438.59,2428.18,2429.59,6272.6053,2025-06-29 01:59:59.999,15262340.174186,28284,3561.2811,8666080.581028
2025-06-29 02:00:00,2429.59,2433.48,2424.65,2431.77,5928.785,2025-06-29 02:59:59.999,14400584.273864,38033,2694.754,6545502.464172
2025-06-29 03:00:00,2431.78,2432.92,2426.65,2427.86,2758.0021,2025-06-29 03:59:59.999,6701316.521363,22828,988.7873,2402767.143198
2025-06-29 04:00:00,2427.87,2431.4,2426.64,2429.83,2141.1321,2025-06-29 04:59:59.999,5201693.271703,22443,1097.4474,2666364.816409
2025-06-29 05:00:00,2429.84,2434.8,2427.61,2433.77,3286.3488,2025-06-29 05:59:59.999,7992138.710583,25710,1561.7923,3798463.696685
2025-06-29 06:00:00,2433.77,2437.75,2432.62,2436.82,2548.4338,2025-06-29 06:59:59.999,6204091.47665,19670,1307.2238,3182561.894536
2025-06-29 07:00:00,2436.82,2440.5,2435.0,2440.5,6639.5664,2025-06-29 07:59:59.999,16187777.146211,28782,2949.954,7192323.061741
2025-06-29 08:00:00,2440.51,2447.59,2438.33,2443.74,8399.5107,2025-06-29 08:59:59.999,20515881.155211,43323,3910.9997,9553116.475056
2025-06-29 09:00:00,2443.74,2457.96,2439.11,2448.29,20348.5684,2025-06-29 09:59:59.999,49873586.770457,79084,11323.6229,27757343.921187
2025-06-29 10:00:00,2448.29,2459.2,2447.68,2456.45,13067.6222,2025-06-29 10:59:59.999,32069213.176057,67925,6248.3477,15334390.961196
2025-06-29 11:00:00,2456.46,2463.88,2453.24,2462.25,13181.3633,2025-06-29 11:59:59.999,32407440.557528,47138,7589.3522,18658888.056122
2025-06-29 12:00:00,2462.24,2463.48,2449.69,2454.84,11614.1869,2025-06-29 12:59:59.999,28511532.204701,52877,4938.5802,12122381.36608
2025-06-29 13:00:00,2454.83,2456.59,2446.27,2446.91,8605.6572,2025-06-29 13:59:59.999,21092277.589523,42844,4079.6537,10000473.321
2025-06-29 14:00:00,2446.92,2451.7,2435.78,2440.18,10951.5297,2025-06-29 14:59:59.999,26756088.089252,56602,4914.1262,12005958.518398
2025-06-29 15:00:00,2440.18,2444.4,2432.88,2436.68,6967.2572,2025-06-29 15:59:59.999,16994632.361987,47560,2362.0133,5761473.001191
2025-06-29 16:00:00,2436.69,2440.18,2429.58,2439.06,9579.2707,2025-06-29 16:59:59.999,23331547.213987,51282,3067.7627,7471788.757221
2025-06-29 17:00:00,2439.07,2440.44,2432.63,2439.14,3744.594,2025-06-29 17:59:59.999,9126004.970383,28231,1606.6493,3915471.86608
2025-06-29 18:00:00,2439.14,2442.55,2434.16,2437.84,4724.2172,2025-06-29 18:59:59.999,11525375.127291,27618,2114.1477,5157636.784931
2025-06-29 19:00:00,2437.85,2439.59,2433.58,2437.96,2987.5391,2025-06-29 19:59:59.999,7280044.244292,22008,1544.1072,3762711.643731
2025-06-29 20:00:00,2437.97,2439.0,2432.3,2432.3,2907.4103,2025-06-29 20:59:59.999,7080191.294905,24573,1426.8194,3474526.324508
2025-06-29 21:00:00,2432.31,2438.67,2412.0,2431.15,17450.6009,2025-06-29 21:59:59.999,42329205.532955,73864,8486.7689,20593173.655059
2025-06-29 22:00:00,2431.15,2510.47,2430.65,2501.72,59377.2741,2025-06-29 22:59:59.999,147465621.488171,296575,35303.8788,87637523.390931
2025-06-29 23:00:00,2501.72,2525.0,2495.05,2500.09,54547.4924,2025-06-29 23:59:59.999,136754682.855811,184646,29876.8686,74901166.879721
2025-06-30 00:00:00,2500.09,2524.3,2499.83,2518.68,35001.4017,2025-06-30 00:59:59.999,87889351.85577,148384,18748.8404,47067150.581263
2025-06-30 01:00:00,2518.68,2519.86,2504.3,2510.6,19279.181,2025-06-30 01:59:59.999,48416634.829863,99074,10306.3441,25880471.320236
2025-06-30 02:00:00,2510.61,2511.3,2499.33,2501.22,13581.7322,2025-06-30 02:59:59.999,34036985.113612,61628,6898.473,17287766.878506
2025-06-30 03:00:00,2501.22,2505.0,2495.17,2499.21,11792.0596,2025-06-30 03:59:59.999,29480449.751669,47352,6080.2417,15201979.298958
2025-06-30 04:00:00,2499.2,2505.31,2493.48,2495.77,10348.4089,2025-06-30 04:59:59.999,25874109.157899,49900,4651.1934,11630743.487655
2025-06-30 05:00:00,2495.77,2503.43,2491.78,2503.06,8465.472,2025-06-30 05:59:59.999,21153455.967579,42871,4077.3462,10188400.719945
2025-06-30 06:00:00,2503.07,2503.91,2456.37,2464.17,27378.4056,2025-06-30 06:59:59.999,67833257.08436,121475,10316.2325,25564934.540506
2025-06-30 07:00:00,2464.18,2483.73,2460.53,2480.59,20079.143,2025-06-30 07:59:59.999,49647233.132665,97796,10911.2764,26983013.793713
2025-06-30 08:00:00,2480.6,2486.64,2466.24,2468.6,10879.5572,2025-06-30 08:59:59.999,26923849.075201,69349,4888.6747,12105877.089587
2025-06-30 09:00:00,2468.6,2477.0,2451.48,2451.76,15435.9203,2025-06-30 09:59:59.999,38023252.811204,76726,6268.0936,15450019.249533
2025-06-30 10:00:00,2451.77,2457.97,2446.68,2456.2,17922.2483,2025-06-30 10:59:59.999,43958179.242988,84408,9502.1335,23311474.399096
2025-06-30 11:00:00,2456.21,2468.04,2453.17,2458.52,15425.6693,2025-06-30 11:59:59.999,37960915.563281,68112,10018.4532,24651368.677731
2025-06-30 12:00:00,2458.51,2465.4,2457.25,2460.03,7174.7597,2025-06-30 12:59:59.999,17659372.340842,52198,2911.5237,7166743.961371
2025-06-30 13:00:00,2460.04,2474.66,2458.77,2462.41,14564.3345,2025-06-30 13:59:59.999,35914903.491419,104086,7628.6392,18815704.259857
2025-06-30 14:00:00,2462.41,2469.42,2431.0,2438.61,32204.7747,2025-06-30 14:59:59.999,78969107.863382,179169,14426.6363,35381503.910603
2025-06-30 15:00:00,2438.61,2488.0,2436.01,2474.78,41257.3612,2025-06-30 15:59:59.999,101595802.308535,226474,23657.5335,58265859.087684
2025-06-30 16:00:00,2474.77,2481.92,2461.88,2475.43,23848.5405,2025-06-30 16:59:59.999,58932211.654776,118812,10445.6664,25818871.448732
2025-06-30 17:00:00,2475.43,2498.98,2473.8,2487.63,21422.8088,2025-06-30 17:59:59.999,53231335.166719,113157,14017.5668,34832712.5979
2025-06-30 18:00:00,2487.63,2499.0,2479.56,2485.82,14214.6532,2025-06-30 18:59:59.999,35372453.112079,103495,6925.7475,17235497.697622
2025-06-30 19:00:00,2485.82,2518.49,2484.81,2515.71,26363.3736,2025-06-30 19:59:59.999,66103296.417123,174746,16040.4978,40212644.147769
2025-06-30 20:00:00,2515.71,2522.17,2501.99,2502.96,19724.8178,2025-06-30 20:59:59.999,49545455.704906,122944,10203.7739,25633500.659982
2025-06-30 21:00:00,2502.96,2504.48,2482.54,2487.72,16387.9293,2025-06-30 21:59:59.999,40909478.130852,72992,8320.8389,20773655.736486
2025-06-30 22:00:00,2487.73,2496.0,2484.63,2490.44,11833.134,2025-06-30 22:59:59.999,29478892.590616,59648,5280.3379,13156240.094058
2025-06-30 23:00:00,2490.44,2494.71,2484.03,2485.47,5870.0276,2025-06-30 23:59:59.999,14606015.557457,38556,2331.037,5801486.57897
2025-07-01 00:00:00,2485.47,2496.65,2477.44,2493.35,13593.0369,2025-07-01 00:59:59.999,33823113.117882,71094,6209.9468,15454622.829704
2025-07-01 01:00:00,2493.35,2500.8,2486.83,2488.78,7841.1991,2025-07-01 01:59:59.999,19557670.055846,53316,3464.7445,8643406.460386
2025-07-01 02:00:00,2488.79,2495.84,2482.39,2483.54,7749.0281,2025-07-01 02:59:59.999,19278627.137014,50954,3173.0466,7895289.329892
2025-07-01 03:00:00,2483.55,2488.0,2478.91,2485.42,5880.9584,2025-07-01 03:59:59.999,14609324.041623,37577,2856.1808,7095371.550466
2025-07-01 04:00:00,2485.43,2485.91,2459.92,2460.9,13788.5012,2025-07-01 04:59:59.999,34086784.303356,61223,5104.3781,12615766.270914
2025-07-01 05:00:00,2460.9,2466.43,2451.25,2461.54,15982.0262,2025-07-01 05:59:59.999,39299282.561444,85521,9318.8195,22916132.933671
2025-07-01 06:00:00,2461.54,2462.85,2456.57,2459.67,9570.0551,2025-07-01 06:59:59.999,23536833.767443,48290,4684.3108,11519336.352707
2025-07-01 07:00:00,2459.67,2468.81,2445.45,2465.03,17910.8718,2025-07-01 07:59:59.999,44037636.974285,78855,8542.8729,21010535.038009
2025-07-01 08:00:00,2465.03,2465.04,2451.38,2453.22,8157.5125,2025-07-01 08:59:59.999,20043004.142826,45926,3993.6323,9812539.593045
2025-07-01 09:00:00,2453.22,2458.67,2450.0,2456.86,9631.4991,2025-07-01 09:59:59.999,23637969.750936,56959,5137.0871,12608785.317407
2025-07-01 10:00:00,2456.85,2464.26,2440.0,2455.94,23456.5323,2025-07-01 10:59:59.999,57567293.329569,66369,12151.302,29856722.975281
2025-07-01 11:00:00,2455.95,2458.86,2442.33,2449.06,18448.1659,2025-07-01 11:59:59.999,45237115.121812,58284,4329.7524,10611454.866519
2025-07-01 12:00:00,2449.05,2453.16,2434.16,2437.35,15316.6757,2025-07-01 12:59:59.999,37399258.24067,84300,6178.7735,15088201.018372
2025-07-01 13:00:00,2437.36,2447.2,2423.5,2443.47,20002.6466,2025-07-01 13:59:59.999,48760003.240933,129702,9640.3476,23507278.138992
2025-07-01 14:00:00,2443.47,2456.55,2406.7,2419.94,44316.5847,2025-07-01 14:59:59.999,107544799.393344,250967,19739.6216,47924534.177691
2025-07-01 15:00:00,2419.94,2431.8,2416.0,2423.54,16546.1148,2025-07-01 15:59:59.999,40088006.323077,128639,8664.1165,20991468.766406
2025-07-01 16:00:00,2423.54,2431.23,2419.45,2424.58,8068.6198,2025-07-01 16:59:59.999,19579630.520245,85705,4206.3665,10207389.2282
2025-07-01 17:00:00,2424.58,2434.0,2418.01,2432.26,8336.4468,2025-07-01 17:59:59.999,20226580.097921,75978,4072.0269,9880436.467369
2025-07-01 18:00:00,2432.26,2433.3,2400.0,2410.14,15794.2466,2025-07-01 18:59:59.999,38135881.614387,91688,5740.7522,13858656.476842
2025-07-01 19:00:00,2410.14,2422.3,2402.34,2402.87,12821.8352,2025-07-01 19:59:59.999,30937462.89582,106687,5587.0447,13479996.281702
2025-07-01 20:00:00,2402.87,2418.57,2393.95,2415.08,19778.4342,2025-07-01 20:59:59.999,47575155.237574,102812,8123.5855,19551220.0498
2025-07-01 21:00:00,2415.08,2418.35,2404.22,2407.08,10647.6075,2025-07-01 21:59:59.999,25652051.847053,65246,4310.5038,10385472.926068
2025-07-01 22:00:00,2407.07,2413.29,2399.14,2400.66,10856.7699,2025-07-01 22:59:59.999,26120291.514988,65549,4868.6082,11713488.094506
2025-07-01 23:00:00,2400.66,2406.06,2386.52,2405.01,17455.7184,2025-07-01 23:59:59.999,41809453.104216,77217,8794.0414,21071887.001151
2025-07-02 00:00:00,2405.01,2410.0,2397.89,2398.44,7855.2157,2025-07-02 00:59:59.999,18890942.233495,67614,4102.8655,9869247.990208
2025-07-02 01:00:00,2398.44,2412.59,2373.0,2411.3,23560.5897,2025-07-02 01:59:59.999,56339547.652001,116078,11824.2785,28294999.349161
2025-07-02 02:00:00,2411.31,2418.87,2407.12,2418.1,7667.6944,2025-07-02 02:59:59.999,18509050.170036,55549,4151.8269,10023005.403816
2025-07-02 03:00:00,2418.1,2432.41,2416.57,2430.55,12331.9398,2025-07-02 03:59:59.999,29923006.869275,64422,6930.1307,16814977.798258
2025-07-02 04:00:00,2430.55,2441.78,2425.47,2439.56,9508.1332,2025-07-02 04:59:59.999,23131354.080063,56438,5363.5351,13049721.060049
2025-07-02 05:00:00,2439.55,2447.17,2433.97,2444.22,14031.9625,2025-07-02 05:59:59.999,34262210.163276,55091,7452.6693,18201667.932906
2025-07-02 06:00:00,2444.22,2453.71,2438.38,2451.51,14053.2329,2025-07-02 06:59:59.999,34378229.956278,65967,6677.9662,16340733.893609
2025-07-02 07:00:00,2451.52,2454.7,2441.98,2447.03,16324.0134,2025-07-02 07:59:59.999,39954674.912787,58608,6035.655,14771942.985663
2025-07-02 08:00:00,2447.03,2455.88,2444.56,2449.15,15157.3861,2025-07-02 08:59:59.999,37139722.464611,64916,7317.9316,17931402.057699
2025-07-02 09:00:00,2449.16,2453.15,2445.86,2448.61,10893.7301,2025-07-02 09:59:59.999,26682906.759861,46933,4374.5167,10715072.858262
2025-07-02 10:00:00,2448.61,2453.77,2443.83,2453.45,9635.8189,2025-07-02 10:59:59.999,23602589.019234,37638,4651.8353,11396831.437359
2025-07-02 11:00:00,2453.44,2459.99,2441.7,2445.7,15646.3483,2025-07-02 11:59:59.999,38364428.71423,56701,5615.083,13775716.037719
2025-07-02 12:00:00,2445.69,2447.69,2431.56,2438.5,12754.3897,2025-07-02 12:59:59.999,31119566.919653,64623,4848.4378,11827644.772366
2025-07-02 13:00:00,2438.5,2458.38,2436.7,2449.63,18015.973,2025-07-02 13:59:59.999,44106302.162978,124785,10197.6049,24964989.908629
2025-07-02 14:00:00,2449.63,2472.56,2448.68,2469.66,25861.3619,2025-07-02 14:59:59.999,63661918.997198,141190,13377.0378,32926034.710896
2025-07-02 15:00:00,2469.65,2502.85,2469.0,2498.81,43904.2457,2025-07-02 15:59:59.999,109316746.520823,188523,23602.1894,58783439.333743
2025-07-02 16:00:00,2498.82,2563.81,2495.03,2560.69,111543.9392,2025-07-02 16:59:59.999,282963444.879529,398457,63537.3719,161135874.51195
2025-07-02 17:00:00,2560.7,2589.28,2552.28,2566.87,77768.1765,2025-07-02 17:59:59.999,199729311.3171,303204,38142.8892,97974455.082998
2025-07-02 18:00:00,2566.87,2583.9,2563.76,2582.38,30322.1774,2025-07-02 18:59:59.999,78046014.718441,141113,13739.7419,35367716.656391
2025-07-02 19:00:00,2582.38,2607.71,2567.38,2604.73,39858.4003,2025-07-02 19:59:59.999,103098821.16795,151826,22747.4829,58858475.313998
2025-07-02 20:00:00,2604.73,2604.73,2586.17,2590.06,30996.3881,2025-07-02 20:59:59.999,80469065.291775,124612,14398.9174,37379863.815933
2025-07-02 21:00:00,2590.06,2600.5,2583.33,2596.89,26536.6595,2025-07-02 21:59:59.999,68749339.993988,88682,15530.5947,40233080.657271
2025-07-02 22:00:00,2596.9,2619.28,2592.49,2594.87,27165.3494,2025-07-02 22:59:59.999,70685254.741629,129557,14852.3642,38642732.540698
2025-07-02 23:00:00,2594.86,2595.86,2569.14,2570.41,33573.908,2025-07-02 23:59:59.999,86754359.547676,114612,13725.0947,35463460.564795
2025-07-03 00:00:00,2570.41,2579.7,2562.25,2573.6,30424.2792,2025-07-03 00:59:59.999,78232464.429244,131987,12278.9368,31581086.299905
2025-07-03 01:00:00,2573.6,2587.54,2565.74,2580.13,12883.1438,2025-07-03 01:59:59.999,33216973.576427,83117,6967.5626,17962682.991153
2025-07-03 02:00:00,2580.13,2580.76,2556.12,2567.37,14617.9018,2025-07-03 02:59:59.999,37494060.376879,71077,7340.3857,18826911.608476
2025-07-03 03:00:00,2567.37,2572.1,2560.0,2561.23,8814.5869,2025-07-03 03:59:59.999,22617211.682154,50950,4763.2294,12222113.510903
2025-07-03 04:00:00,2561.22,2572.57,2559.34,2566.68,9357.3966,2025-07-03 04:59:59.999,24019928.166332,50123,5383.9096,13821572.61868
2025-07-03 05:00:00,2566.68,2601.67,2565.92,2589.62,26996.2344,2025-07-03 05:59:59.999,69829484.457592,109145,15052.1012,38944562.996829
2025-07-03 06:00:00,2589.63,2603.47,2585.49,2599.59,13948.1847,2025-07-03 06:59:59.999,36220028.389962,75850,6897.0653,17908446.418429
2025-07-03 07:00:00,2599.59,2605.74,2589.67,2600.18,15494.8401,2025-07-03 07:59:59.999,40232100.28398,74043,7811.4277,20287797.072087
2025-07-03 08:00:00,2600.19,2607.95,2587.64,2588.37,15645.8773,2025-07-03 08:59:59.999,40635660.911894,79436,7364.6795,19132448.063972
2025-07-03 09:00:00,2588.37,2616.96,2586.73,2599.35,38998.4251,2025-07-03 09:59:59.999,101539386.996037,151410,20712.8286,53929360.279785
2025-07-03 10:00:00,2599.36,2601.86,2584.01,2598.21,16695.2266,2025-07-03 10:59:59.999,43296280.615146,94357,8979.9347,23289137.462082
2025-07-03 11:00:00,2598.21,2598.95,2581.58,2597.59,11831.3742,2025-07-03 11:59:59.999,30668021.764763,70876,6016.0441,15596658.0272
2025-07-03 12:00:00,2597.58,2614.0,2565.46,2589.07,53989.296,2025-07-03 12:59:59.999,139721981.146242,227629,29680.417,76844715.421005
2025-07-03 13:00:00,2589.06,2635.5,2586.56,2624.68,62782.2102,2025-07-03 13:59:59.999,164221067.989669,301719,36643.0855,95822734.650063
2025-07-03 14:00:00,2624.69,2632.81,2584.33,2595.17,44753.6712,2025-07-03 14:59:59.999,116629302.896882,247637,22037.1541,57455734.166747
2025-07-03 15:00:00,2595.17,2598.0,2565.65,2570.52,29899.2532,2025-07-03 15:59:59.999,77099328.527005,176628,13554.1834,34949326.916094
2025-07-03 16:00:00,2570.52,2581.69,2565.31,2572.12,27812.6205,2025-07-03 16:59:59.999,71582908.426676,134038,13945.8479,35893384.235733
2025-07-03 17:00:00,2572.05,2581.0,2572.0,2577.41,13062.5249,2025-07-03 17:59:59.999,33652895.92896,58114,6827.4988,17593782.833584
2025-07-03 18:00:00,2577.41,2587.58,2574.29,2585.49,12285.9211,2025-07-03 18:59:59.999,31728104.912163,66553,6620.744,17100209.8077
2025-07-03 19:00:00,2585.5,2592.43,2582.21,2586.02,9204.8019,2025-07-03 19:59:59.999,23822749.090052,60951,4336.0942,11222582.190336
2025-07-03 20:00:00,2586.02,2599.2,2585.69,2599.19,7711.1083,2025-07-03 20:59:59.999,19999864.507855,53357,4102.031,10639500.715632
2025-07-03 21:00:00,2599.2,2603.6,2589.53,2595.52,11164.1118,2025-07-03 21:59:59.999,28987766.331025,58267,5261.23,13666175.004767
2025-07-03 22:00:00,2595.52,2601.66,2590.37,2593.68,9515.8547,2025-07-03 22:59:59.999,24700919.361329,48523,4531.3041,11766340.311826
2025-07-03 23:00:00,2593.69,2598.18,2585.72,2591.25,7054.8147,2025-07-03 23:59:59.999,18280882.204517,30440,3909.7108,10134749.656728
2025-07-04 00:00:00,2591.26,2598.56,2581.51,2588.53,10414.5372,2025-07-04 00:59:59.999,26985947.115728,58530,4881.9737,12651248.288907
2025-07-04 01:00:00,2588.53,2603.17,2587.43,2590.09,7836.6553,2025-07-04 01:59:59.999,20332167.157616,56660,4124.7618,10703668.488193
2025-07-04 02:00:00,2590.09,2592.0,2571.56,2575.18,12649.3791,2025-07-04 02:59:59.999,32647677.476867,61748,5470.6189,14116843.894056
2025-07-04 03:00:00,2575.18,2585.14,2571.91,2577.93,8150.9122,2025-07-04 03:59:59.999,21029850.445306,39834,3936.4941,10156090.835705
2025-07-04 04:00:00,2577.93,2584.64,2569.3,2570.31,10416.2643,2025-07-04 04:59:59.999,26829265.426633,46313,4474.6877,11528075.79849
2025-07-04 05:00:00,2570.31,2581.28,2564.0,2568.86,11604.5661,2025-07-04 05:59:59.999,29862568.725549,59629,5048.015,12991086.137462
2025-07-04 06:00:00,2568.85,2570.18,2548.13,2558.75,26274.1097,2025-07-04 06:59:59.999,67187611.468599,102628,10432.5453,26677684.970255
2025-07-04 07:00:00,2558.75,2564.93,2530.3,2534.9,30400.4956,2025-07-04 07:59:59.999,77338892.942483,105817,12427.4148,31615551.259455
2025-07-04 08:00:00,2534.9,2554.08,2527.37,2547.0,23134.0082,2025-07-04 08:59:59.999,58786419.797216,94631,11971.4502,30426964.97711
2025-07-04 09:00:00,2547.0,2558.66,2546.49,2551.47,11762.3415,2025-07-04 09:59:59.999,30027600.524617,56060,5850.7085,14934596.786505
2025-07-04 10:00:00,2551.47,2555.59,2545.15,2548.12,6886.6188,2025-07-04 10:59:59.999,17567403.011697,46601,3396.0907,8664435.033972
2025-07-04 11:00:00,2548.12,2556.59,2547.49,2549.21,6323.8954,2025-07-04 11:59:59.999,16138634.226121,40373,2969.8313,7579167.158188
2025-07-04 12:00:00,2549.2,2554.0,2543.1,2548.12,5849.6995,2025-07-04 12:59:59.999,14909767.893672,47471,2873.8689,7325596.583792
2025-07-04 13:00:00,2548.11,2555.96,2522.14,2525.85,32946.9602,2025-07-04 13:59:59.999,83585595.402033,135964,17785.0688,45140904.158305
2025-07-04 14:00:00,2525.85,2528.8,2498.36,2516.85,43800.8348,2025-07-04 14:59:59.999,110119918.219412,201615,19215.2554,48320094.346951
2025-07-04 15:00:00,2516.84,2518.47,2498.98,2500.52,34161.0024,2025-07-04 15:59:59.999,85568915.364101,159095,15329.4297,38404206.243499
2025-07-04 16:00:00,2500.52,2503.5,2474.56,2487.51,55159.9283,2025-07-04 16:59:59.999,137122760.656503,208696,24599.5325,61163924.057155
2025-07-04 17:00:00,2487.51,2497.65,2486.42,2496.56,26054.3539,2025-07-04 17:59:59.999,64953076.573894,102040,9951.6864,24810428.797299
2025-07-04 18:00:00,2496.56,2496.56,2480.0,2484.28,23202.24,2025-07-04 18:59:59.999,57718092.446581,79721,6387.3851,15888097.045031
2025-07-04 19:00:00,2484.28,2490.0,2474.24,2482.58,26379.9996,2025-07-04 19:59:59.999,65460296.029684,67856,6589.9364,16349264.928432
2025-07-04 20:00:00,2482.57,2496.23,2481.21,2490.29,8263.8298,2025-07-04 20:59:59.999,20583757.723427,52157,4151.2668,10338397.434636
2025-07-04 21:00:00,2490.29,2497.12,2487.16,2496.9,6796.9824,2025-07-04 21:59:59.999,16939955.847006,38253,3258.0468,8119440.649338
2025-07-04 22:00:00,2496.9,2520.85,2495.04,2520.39,15418.7786,2025-07-04 22:59:59.999,38708312.21554,78852,9186.865,23060720.079937
2025-07-04 23:00:00,2520.39,2520.51,2504.23,2508.04,8704.6271,2025-07-04 23:59:59.999,21871451.277917,40047,3845.6213,9662273.776654
2025-07-05 00:00:00,2508.04,2518.79,2506.95,2516.76,5597.048,2025-07-05 00:59:59.999,14072578.597906,38001,3424.5237,8612070.901282
2025-07-05 01:00:00,2516.77,2516.77,2506.78,2514.18,5593.0754,2025-07-05 01:59:59.999,14048396.972878,37899,2568.7812,6452112.231754
2025-07-05 02:00:00,2514.19,2519.05,2498.63,2518.79,6637.6712,2025-07-05 02:59:59.999,16661643.316081,48408,3515.6609,8832254.558455
2025-07-05 03:00:00,2518.8,2524.92,2515.84,2518.24,7706.6297,2025-07-05 03:59:59.999,19422261.431514,42087,4142.0943,10438137.648094
2025-07-05 04:00:00,2518.24,2525.6,2512.63,2516.25,4906.7227,2025-07-05 04:59:59.999,12356474.829138,35357,2137.5037,5384916.989967
2025-07-05 05:00:00,2516.26,2521.0,2513.19,2519.57,2933.2475,2025-07-05 05:59:59.999,7383408.352524,23660,1152.4053,2900729.59127
2025-07-05 06:00:00,2519.58,2528.6,2517.01,2527.33,6111.1899,2025-07-05 06:59:59.999,15420832.799826,38002,3535.7054,8921607.952202
2025-07-05 07:00:00,2527.33,2529.81,2519.3,2521.31,4708.3163,2025-07-05 07:59:59.999,11885337.279671,27876,1798.2258,4539695.334621
2025-07-05 08:00:00,2521.32,2525.0,2509.84,2516.09,6149.2834,2025-07-05 08:59:59.999,15480210.050918,38854,2418.3491,6087349.639716
2025-07-05 09:00:00,2516.1,2522.64,2508.83,2521.63,5609.1168,2025-07-05 09:59:59.999,14107953.888997,39158,2446.1319,6152011.761762
2025-07-05 10:00:00,2521.63,2523.1,2517.97,2518.34,5940.0796,2025-07-05 10:59:59.999,14971196.491186,26828,1925.8332,4854375.022348
2025-07-05 11:00:00,2518.34,2526.45,2517.85,2518.11,5259.1932,2025-07-05 11:59:59.999,13269449.816271,24804,2278.5077,5750144.914283
2025-07-05 12:00:00,2518.11,2519.13,2510.72,2518.27,4775.9985,2025-07-05 12:59:59.999,12011319.708654,37294,2128.5017,5353252.533138
2025-07-05 13:00:00,2518.28,2521.98,2512.97,2514.42,3907.0076,2025-07-05 13:59:59.999,9835990.248623,29059,1546.4288,3893165.941641
2025-07-05 14:00:00,2514.42,2520.44,2511.81,2518.45,11741.3477,2025-07-05 14:59:59.999,29551678.958728,38054,6426.6206,16180227.770565
2025-07-05 15:00:00,2518.46,2518.74,2505.35,2507.67,10208.9122,2025-07-05 15:59:59.999,25649273.795411,36147,6058.2398,15221087.596136
2025-07-05 16:00:00,2507.67,2512.95,2491.54,2505.65,18299.3765,2025-07-05 16:59:59.999,45772656.560218,77234,10683.2716,26724621.850913
2025-07-05 17:00:00,2505.66,2511.66,2496.15,2503.6,9054.3789,2025-07-05 17:59:59.999,22666737.357015,53678,4242.3599,10619909.336817
2025-07-05 18:00:00,2503.6,2505.18,2492.23,2492.85,7810.8511,2025-07-05 18:59:59.999,19501153.035891,45976,3559.5641,8885173.950186
2025-07-05 19:00:00,2492.85,2508.44,2487.95,2505.74,6744.0256,2025-07-05 19:59:59.999,16834128.704679,46431,3471.7108,8672564.843072
2025-07-05 20:00:00,2505.73,2508.57,2498.28,2506.23,3119.291,2025-07-05 20:59:59.999,7808483.627568,30186,1592.5101,3986439.221447
2025-07-05 21:00:00,2506.22,2519.26,2506.08,2516.65,6757.2886,2025-07-05 21:59:59.999,16987106.845418,42907,4749.14,11939304.378481
2025-07-05 22:00:00,2516.65,2521.94,2512.99,2519.01,4289.8,2025-07-05 22:59:59.999,10798664.501609,32809,2319.0225,5837514.701506
2025-07-05 23:00:00,2519.0,2522.52,2515.45,2516.41,3338.2444,2025-07-05 23:59:59.999,8409437.847042,21241,1454.2081,3663658.456273
2025-07-06 00:00:00,2516.42,2520.84,2512.39,2520.12,3995.291,2025-07-06 00:59:59.999,10053303.078093,28215,1741.8918,4383772.696105
2025-07-06 01:00:00,2520.12,2520.17,2514.2,2517.85,3352.1854,2025-07-06 01:59:59.999,8437784.191113,20601,1064.8335,2679979.198415
2025-07-06 02:00:00,2517.86,2520.74,2513.35,2513.35,3924.7212,2025-07-06 02:59:59.999,9875955.334938,21544,1600.4409,4027498.183639
2025-07-06 03:00:00,2513.36,2515.12,2509.47,2514.77,5417.1641,2025-07-06 03:59:59.999,13609410.498837,25120,1732.3731,4352344.628249
2025-07-06 04:00:00,2514.78,2518.0,2510.69,2512.38,3663.3496,2025-07-06 04:59:59.999,9209841.738211,19991,1389.5989,3493679.48917
2025-07-06 05:00:00,2512.39,2513.17,2508.66,2510.68,3207.2084,2025-07-06 05:59:59.999,8054656.457082,17598,1188.0453,2983262.276706
2025-07-06 06:00:00,2510.68,2526.66,2509.19,2521.39,10584.5448,2025-07-06 06:59:59.999,26677003.159867,40905,5466.6038,13776522.878746
2025-07-06 07:00:00,2521.38,2525.78,2517.59,2517.85,5452.7914,2025-07-06 07:59:59.999,13748971.417242,25318,2227.2076,5616712.408404
2025-07-06 08:00:00,2517.85,2518.44,2509.18,2513.21,8726.9831,2025-07-06 08:59:59.999,21927692.207984,32503,2794.1783,7022634.282342
2025-07-06 09:00:00,2513.21,2517.85,2506.75,2507.29,5737.306,2025-07-06 09:59:59.999,14413932.810855,29446,2696.9356,6776954.640931
2025-07-06 10:00:00,2507.3,2513.95,2503.5,2508.32,5791.7373,2025-07-06 10:59:59.999,14526845.482342,32245,2830.841,7100171.973883
2025-07-06 11:00:00,2508.33,2516.47,2507.55,2516.14,4679.4002,2025-07-06 11:59:59.999,11756928.274739,22018,3111.1069,7816603.349913
2025-07-06 12:00:00,2516.14,2521.53,2511.94,2520.26,6452.0957,2025-07-06 12:59:59.999,16242542.291942,31435,2827.447,7118451.433472
2025-07-06 13:00:00,2520.26,2570.0,2517.35,2558.32,37133.0778,2025-07-06 13:59:59.999,94550181.005973,166023,20549.6871,52307751.978709
2025-07-06 14:00:00,2558.32,2567.5,2547.11,2559.4,27455.221,2025-07-06 14:59:59.999,70214176.227511,119863,13476.6311,34467696.94651
2025-07-06 15:00:00,2559.41,2561.62,2548.71,2558.72,9698.0232,2025-07-06 15:59:59.999,24796574.862875,59258,4611.7475,11791359.137238
2025-07-06 16:00:00,2558.71,2560.81,2542.68,2552.14,12073.3915,2025-07-06 16:59:59.999,30792607.738967,60389,6377.8745,16266082.661398
2025-07-06 17:00:00,2552.13,2552.5,2543.78,2547.4,10731.9519,2025-07-06 17:59:59.999,27349159.123274,49549,5598.741,14266750.620429
2025-07-06 18:00:00,2547.39,2547.48,2523.33,2532.02,15329.7451,2025-07-06 18:59:59.999,38855906.526475,74206,6851.3629,17361679.202528
2025-07-06 19:00:00,2532.03,2541.9,2531.14,2541.06,8311.1454,2025-07-06 19:59:59.999,21078252.882481,48911,5162.4538,13092785.390245
2025-07-06 20:00:00,2541.05,2551.25,2540.06,2545.49,6193.3239,2025-07-06 20:59:59.999,15768056.547235,41832,3394.3757,8640064.618892
2025-07-06 21:00:00,2545.49,2602.38,2545.24,2587.69,40721.7555,2025-07-06 21:59:59.999,105314129.812857,210831,22119.8851,57170848.042761
2025-07-06 22:00:00,2587.7,2605.0,2580.19,2582.31,23877.5504,2025-07-06 22:59:59.999,61950047.464097,118797,11304.9082,29331790.261797
2025-07-06 23:00:00,2582.32,2582.92,2562.27,2570.35,15083.668,2025-07-06 23:59:59.999,38767665.935812,79397,8397.6816,21578531.998412
2025-07-07 00:00:00,2570.35,2574.79,2555.2,2561.42,12309.56,2025-07-07 00:59:59.999,31574870.66117,83205,5281.8016,13550010.58544
2025-07-07 01:00:00,2561.42,2565.7,2550.46,2563.31,8314.3516,2025-07-07 01:59:59.999,21278648.97351,69574,4441.2128,11366723.822967
2025-07-07 02:00:00,2563.3,2584.0,2563.3,2576.34,14647.0973,2025-07-07 02:59:59.999,37734850.03571,75626,7649.3403,19705313.885429
2025-07-07 03:00:00,2576.34,2590.57,2574.46,2577.42,8179.6712,2025-07-07 03:59:59.999,21111441.134945,63032,4562.942,11777764.415514
2025-07-07 04:00:00,2577.41,2580.64,2570.16,2573.43,8651.498,2025-07-07 04:59:59.999,22281836.094134,43440,4437.2911,11428775.071775
2025-07-07 05:00:00,2573.44,2577.9,2566.36,2569.49,6641.4612,2025-07-07 05:59:59.999,17085642.4417,37272,3389.5162,8718761.14463
2025-07-07 06:00:00,2569.49,2576.79,2563.57,2565.56,8469.7968,2025-07-07 06:59:59.999,21768428.618123,46066,4140.3264,10644230.221754
2025-07-07 07:00:00,2565.57,2579.63,2560.0,2578.34,8176.9814,2025-07-07 07:59:59.999,21020522.877309,52823,4474.0694,11505478.177092
2025-07-07 08:00:00,2578.33,2588.42,2570.68,2585.13,11813.6767,2025-07-07 08:59:59.999,30471485.844635,59801,5954.3236,15357638.941838
2025-07-07 09:00:00,2585.13,2585.4,2566.68,2572.27,11003.2298,2025-07-07 09:59:59.999,28337997.814584,45771,4873.0518,12545007.648384
2025-07-07 10:00:00,2572.28,2572.28,2558.51,2558.66,10561.1681,2025-07-07 10:59:59.999,27080098.296389,51804,4512.9777,11570702.093973
2025-07-07 11:00:00,2558.67,2566.19,2552.57,2562.99,9492.4885,2025-07-07 11:59:59.999,24296583.711052,63548,4966.1448,12711502.895391
2025-07-07 12:00:00,2562.99,2564.71,2543.97,2548.92,15112.9773,2025-07-07 12:59:59.999,38552484.251018,97986,5327.776,13592044.568456
2025-07-07 13:00:00,2548.93,2569.12,2535.77,2566.01,25991.0712,2025-07-07 13:59:59.999,66335026.215146,161486,12478.0422,31855822.476454
2025-07-07 14:00:00,2566.02,2568.38,2529.67,2531.65,29957.5305,2025-07-07 14:59:59.999,76182703.351358,199444,13262.4309,33734111.534834
2025-07-07 15:00:00,2531.65,2544.0,2527.5,2533.81,16863.9483,2025-07-07 15:59:59.999,42775294.870608,114782,8399.3967,21304181.279073
2025-07-07 16:00:00,2533.81,2542.54,2512.0,2524.21,36625.768,2025-07-07 16:59:59.999,92608774.047852,203627,18054.5331,45657085.583817
2025-07-07 17:00:00,2524.2,2548.0,2517.0,2533.15,17735.98,2025-07-07 17:59:59.999,44900813.199581,118314,9643.48,24417154.339296
2025-07-07 18:00:00,2533.15,2546.45,2520.53,2544.24,14406.705,2025-07-07 18:59:59.999,36453029.919174,100904,8192.1184,20729924.529446
2025-07-07 19:00:00,2544.23,2557.49,2539.71,2543.97,13791.519,2025-07-07 19:59:59.999,35143652.891747,91202,8376.916,21349148.533112
2025-07-07 20:00:00,2543.97,2544.49,2530.0,2534.17,9408.3911,2025-07-07 20:59:59.999,23865109.282799,69706,4524.0131,11471968.716861
2025-07-07 21:00:00,2534.17,2542.13,2523.33,2539.68,8296.8471,2025-07-07 21:59:59.999,21017304.35342,56609,3882.9229,9835366.762737
2025-07-07 22:00:00,2539.68,2542.0,2529.66,2536.33,4634.8004,2025-07-07 22:59:59.999,11747105.086799,45722,2108.9244,5345156.375094
2025-07-07 23:00:00,2536.34,2545.45,2536.33,2542.29,4621.0087,2025-07-07 23:59:59.999,11746440.500722,33299,2618.0164,6655055.856778
2025-07-08 00:00:00,2542.3,2554.56,2537.6,2540.58,13701.1964,2025-07-08 00:59:59.999,34884413.992081,86624,6944.7886,17682544.344733
2025-07-08 01:00:00,2540.58,2540.58,2526.82,2526.96,10005.976,2025-07-08 01:59:59.999,25348727.519884,72048,5368.4209,13599620.373868
2025-07-08 02:00:00,2526.95,2538.48,2523.59,2528.01,14166.8676,2025-07-08 02:59:59.999,35841365.33804,86980,7514.2223,19010407.422777
2025-07-08 03:00:00,2528.0,2540.05,2527.4,2538.34,7505.8857,2025-07-08 03:59:59.999,19022767.529075,43472,4058.4966,10286053.903595
2025-07-08 04:00:00,2538.33,2544.47,2532.0,2543.63,7920.678,2025-07-08 04:59:59.999,20110524.207124,43897,3449.5726,8758371.292103
2025-07-08 05:00:00,2543.64,2552.17,2542.06,2552.15,10356.4165,2025-07-08 05:59:59.999,26384836.343996,42121,4833.3381,12314854.516767
2025-07-08 06:00:00,2552.15,2563.8,2550.21,2559.07,12689.2958,2025-07-08 06:59:59.999,32428104.619942,61552,6643.8572,16981490.504374
2025-07-08 07:00:00,2559.07,2559.36,2547.49,2553.42,10452.1812,2025-07-08 07:59:59.999,26676086.599946,44203,4679.5144,11942792.928718
2025-07-08 08:00:00,2553.42,2560.99,2546.01,2546.18,9055.8749,2025-07-08 08:59:59.999,23114492.398283,40379,3961.9824,10114993.226698
2025-07-08 09:00:00,2546.19,2555.33,2543.33,2552.01,7877.4499,2025-07-08 09:59:59.999,20089130.535676,40513,4578.5625,11677059.284926
2025-07-08 10:00:00,2552.01,2566.64,2550.5,2565.97,12911.4554,2025-07-08 10:59:59.999,33080292.299298,60484,7508.0172,19238631.121957
2025-07-08 11:00:00,2565.98,2585.38,2562.99,2575.15,18052.5916,2025-07-08 11:59:59.999,46513687.17817,87609,9958.6609,25659809.658972
2025-07-08 12:00:00,2575.16,2584.92,2571.47,2583.07,12053.8345,2025-07-08 12:59:59.999,31075034.017149,59307,5565.718,14346707.759399
2025-07-08 13:00:00,2583.06,2600.62,2571.05,2588.11,28578.2545,2025-07-08 13:59:59.999,73928115.682357,127251,14798.8148,38294992.213362
2025-07-08 14:00:00,2588.1,2588.91,2557.86,2563.99,21843.9609,2025-07-08 14:59:59.999,56211301.241595,159967,9414.6556,24235194.128789
2025-07-08 15:00:00,2564.0,2569.65,2558.71,2564.68,14553.3519,2025-07-08 15:59:59.999,37319602.936171,101001,7053.1704,18090003.95426
2025-07-08 16:00:00,2564.68,2581.67,2559.68,2576.17,15787.5606,2025-07-08 16:59:59.999,40614637.83764,115706,9231.1002,23757722.571386
2025-07-08 17:00:00,2576.18,2628.21,2575.28,2616.65,59856.4247,2025-07-08 17:59:59.999,156247284.054523,228608,33205.9685,86657510.174693
2025-07-08 18:00:00,2616.64,2625.89,2611.57,2625.06,25937.2347,2025-07-08 18:59:59.999,67904769.602363,114165,14025.1419,36721606.513297
2025-07-08 19:00:00,2625.07,2625.54,2601.57,2610.61,23088.9533,2025-07-08 19:59:59.999,60344647.84322,104628,11510.5802,30093228.333953
2025-07-08 20:00:00,2610.61,2614.58,2598.41,2598.42,7300.7459,2025-07-08 20:59:59.999,19029833.196334,46181,3576.8645,9325919.418661
2025-07-08 21:00:00,2598.42,2612.66,2596.85,2609.27,11745.1198,2025-07-08 21:59:59.999,30607371.675778,42876,6560.0532,17092901.30079
2025-07-08 22:00:00,2609.28,2612.65,2602.29,2610.56,5751.8935,2025-07-08 22:59:59.999,14996765.7792,48449,3101.5056,8086673.8908
2025-07-08 23:00:00,2610.56,2617.7,2607.08,2615.25,9722.5288,2025-07-08 23:59:59.999,25406304.355882,41776,5941.7355,15526356.091271
2025-07-09 00:00:00,2615.25,2616.16,2603.25,2613.27,5958.8268,2025-07-09 00:59:59.999,15552870.49433,43464,3001.3477,7833625.134402
2025-07-09 01:00:00,2613.26,2626.72,2599.74,2605.0,12242.8377,2025-07-09 01:59:59.999,31965208.241143,76210,6137.4094,16029768.724135
2025-07-09 02:00:00,2605.0,2610.0,2601.42,2602.81,8121.4139,2025-07-09 02:59:59.999,21156592.410745,53494,3507.7868,9138926.51697
2025-07-09 03:00:00,2602.82,2607.07,2589.78,2591.75,9736.8161,2025-07-09 03:59:59.999,25276188.230029,63577,4768.6114,12381094.979617
2025-07-09 04:00:00,2591.74,2603.38,2590.98,2603.06,7377.698,2025-07-09 04:59:59.999,19161111.140337,41963,4516.5926,11730377.057408
2025-07-09 05:00:00,2603.05,2647.0,2601.99,2628.21,32453.031,2025-07-09 05:59:59.999,85272220.607284,132928,18246.9146,47936703.199002
2025-07-09 06:00:00,2628.2,2633.4,2618.05,2631.22,13743.1793,2025-07-09 06:59:59.999,36091038.09721,62835,6827.1026,17928961.384157
2025-07-09 07:00:00,2631.22,2634.5,2621.53,2624.86,12152.4458,2025-07-09 07:59:59.999,31925062.212121,44812,5742.3087,15086514.921001
2025-07-09 08:00:00,2624.86,2626.17,2610.85,2611.8,12951.2739,2025-07-09 08:59:59.999,33927819.7425,55790,5608.4968,14692382.478529
2025-07-09 09:00:00,2611.8,2614.95,2604.37,2611.16,12135.2069,2025-07-09 09:59:59.999,31675433.892222,57128,6025.9267,15729475.850889
2025-07-09 10:00:00,2611.16,2621.5,2606.49,2618.08,9764.1541,2025-07-09 10:59:59.999,25532087.194705,53245,5384.1857,14080236.187931
2025-07-09 11:00:00,2618.09,2630.31,2616.64,2626.43,13542.4162,2025-07-09 11:59:59.999,35540220.904026,71173,6797.1252,17839525.877188
2025-07-09 12:00:00,2626.43,2667.01,2623.95,2660.01,57482.1077,2025-07-09 12:59:59.999,152589690.691127,196947,30090.9177,79854700.958973
2025-07-09 13:00:00,2660.0,2674.81,2652.91,2654.7,47597.3844,2025-07-09 13:59:59.999,126803659.496785,179906,20766.6203,55325116.594207
2025-07-09 14:00:00,2654.71,2669.73,2629.51,2642.23,49031.6441,2025-07-09 14:59:59.999,129847946.684197,216901,24266.0471,64265661.365515
2025-07-09 15:00:00,2642.22,2658.03,2641.21,2656.83,20457.7251,2025-07-09 15:59:59.999,54231109.893218,114634,10893.3948,28879808.923546
2025-07-09 16:00:00,2656.84,2668.89,2652.41,2666.29,17631.2057,2025-07-09 16:59:59.999,46924684.198886,114403,9646.5524,25677410.443635
2025-07-09 17:00:00,2666.29,2668.4,2653.06,2662.13,18823.8277,2025-07-09 17:59:59.999,50093748.557275,102528,8313.9066,22120451.749381
2025-07-09 18:00:00,2662.14,2723.98,2661.51,2718.33,85638.5871,2025-07-09 18:59:59.999,231776501.075596,304248,48512.411,131255471.067006
2025-07-09 19:00:00,2718.34,2795.74,2717.02,2765.01,96776.2327,2025-07-09 19:59:59.999,266544476.603953,385421,57382.7013,158028303.099797
2025-07-09 20:00:00,2765.01,2766.91,2731.72,2738.03,63540.3269,2025-07-09 20:59:59.999,174464555.812959,261772,33223.7439,91219534.015773
2025-07-09 21:00:00,2738.02,2758.66,2735.44,2753.26,26760.1091,2025-07-09 21:59:59.999,73506848.454249,131933,11430.52,31413123.007503
2025-07-09 22:00:00,2753.27,2782.9,2753.27,2780.0,34284.3559,2025-07-09 22:59:59.999,94973765.539626,151581,19098.0725,52920717.181541
2025-07-09 23:00:00,2780.01,2783.16,2766.5,2768.74,17916.5711,2025-07-09 23:59:59.999,49728732.732076,80653,7167.3014,19895766.819728
2025-07-10 00:00:00,2768.74,2773.3,2756.67,2756.67,22418.9129,2025-07-10 00:59:59.999,61997994.18457,90187,7786.0204,21531116.624356
2025-07-10 01:00:00,2756.66,2778.22,2755.5,2774.38,16566.0975,2025-07-10 01:59:59.999,45870733.982694,86275,9751.3035,26999419.44437
2025-07-10 02:00:00,2774.38,2798.0,2773.74,2783.43,31314.4398,2025-07-10 02:59:59.999,87203538.440949,118972,15818.3806,44053678.009958
2025-07-10 03:00:00,2783.42,2790.73,2770.87,2776.13,13401.5429,2025-07-10 03:59:59.999,37245893.779087,60908,5288.0415,14698763.078107
2025-07-10 04:00:00,2776.13,2779.93,2765.53,2779.1,21473.6331,2025-07-10 04:59:59.999,59546000.390357,64564,8004.8703,22191659.108221
2025-07-10 05:00:00,2779.09,2785.28,2772.96,2781.8,17596.6143,2025-07-10 05:59:59.999,48903606.688054,61194,6806.6172,18919705.760489
2025-07-10 06:00:00,2781.8,2799.91,2780.0,2795.7,34070.1515,2025-07-10 06:59:59.999,95063617.086634,105876,17673.357,49312649.275771
2025-07-10 07:00:00,2795.7,2823.18,2787.12,2791.09,80241.111,2025-07-10 07:59:59.999,225192895.228971,241340,51034.6131,143236961.720464
2025-07-10 08:00:00,2791.08,2797.0,2783.04,2788.5,38908.5982,2025-07-10 08:59:59.999,108507911.475022,96638,24629.5884,68685713.167339
2025-07-10 09:00:00,2788.5,2790.0,2774.78,2778.23,14605.804,2025-07-10 09:59:59.999,40629650.04241,72749,6355.1677,17680114.054404
2025-07-10 10:00:00,2778.24,2787.0,2772.0,2784.93,15155.0545,2025-07-10 10:59:59.999,42109323.263343,73898,8090.5497,22481458.686909
2025-07-10 11:00:00,2784.93,2784.93,2773.12,2778.69,11864.9606,2025-07-10 11:59:59.999,32972038.361064,58566,5454.3324,15155368.952163
2025-07-10 12:00:00,2778.69,2780.25,2767.67,2778.74,22463.9661,2025-07-10 12:59:59.999,62309053.931674,97064,12337.8507,34225180.693062
2025-07-10 13:00:00,2778.73,2795.0,2772.57,2784.81,30485.229,2025-07-10 13:59:59.999,84815728.539768,184325,18023.0542,50144222.940035
2025-07-10 14:00:00,2784.81,2792.62,2758.78,2776.51,32559.7864,2025-07-10 14:59:59.999,90314218.210508,194109,15797.2823,43820566.265304
2025-07-10 15:00:00,2776.51,2777.17,2759.27,2769.32,19074.5878,2025-07-10 15:59:59.999,52828204.145523,108978,9205.2197,25499827.603026
2025-07-10 16:00:00,2769.32,2813.01,2769.03,2808.3,56582.8504,2025-07-10 16:59:59.999,158303381.323342,277032,29494.2675,82510210.621866
2025-07-10 17:00:00,2808.3,2834.96,2802.0,2830.37,59199.9082,2025-07-10 17:59:59.999,166802493.819934,313214,31965.8682,90063060.210507
2025-07-10 18:00:00,2830.38,2840.69,2795.78,2811.39,38894.1558,2025-07-10 18:59:59.999,109548506.231731,252693,18654.2181,52561030.931846
2025-07-10 19:00:00,2811.39,2821.88,2806.75,2816.21,20195.1126,2025-07-10 19:59:59.999,56854665.305781,144163,9381.1885,26408617.511444
2025-07-10 20:00:00,2816.21,2826.49,2813.13,2818.56,15450.0127,2025-07-10 20:59:59.999,43573147.92393,102807,7518.6935,21204289.786327
2025-07-10 21:00:00,2818.56,3000.0,2817.16,2972.17,229181.3248,2025-07-10 21:59:59.999,671169285.582184,895768,122003.2298,356806217.238955
2025-07-10 22:00:00,2972.17,2978.8,2952.44,2973.88,72703.3619,2025-07-10 22:59:59.999,215551165.546001,354267,31314.2914,92863915.609092
2025-07-10 23:00:00,2973.88,2974.63,2935.46,2951.29,37488.854,2025-07-10 23:59:59.999,110684868.782107,179455,17101.5886,50489525.100573
2025-07-11 00:00:00,2951.29,2958.0,2913.75,2937.17,45725.2684,2025-07-11 00:59:59.999,134149227.092959,256334,20010.2009,58687813.815843
2025-07-11 01:00:00,2937.17,2957.24,2933.55,2955.09,30329.2362,2025-07-11 01:59:59.999,89389200.501341,157301,16777.763,49456385.423013
2025-07-11 02:00:00,2955.08,2968.88,2952.0,2965.15,32009.8686,2025-07-11 02:59:59.999,94751094.736346,159111,16609.0223,49166985.865595
2025-07-11 03:00:00,2965.15,2975.0,2957.36,2969.74,21921.89,2025-07-11 03:59:59.999,65052198.679424,127297,11753.6885,34883069.985852
2025-07-11 04:00:00,2969.75,2971.21,2946.02,2970.23,20168.6857,2025-07-11 04:59:59.999,59736101.356183,118448,9738.5322,28843528.780131
2025-07-11 05:00:00,2970.24,3029.55,2967.7,3004.87,85692.2067,2025-07-11 05:59:59.999,257355016.238973,394102,48287.277,144974845.170422
2025-07-11 06:00:00,3004.88,3026.75,2985.75,2989.2,50182.4058,2025-07-11 06:59:59.999,150889259.878432,244934,25248.8123,75929479.863924
2025-07-11 07:00:00,2989.2,3002.78,2966.77,2968.49,49385.7171,2025-07-11 07:59:59.999,147600818.291369,220453,23863.1396,71324634.143653
2025-07-11 08:00:00,2968.81,3008.52,2963.51,3003.33,35278.533,2025-07-11 08:59:59.999,105447349.812337,167155,21441.1269,64091422.781813
2025-07-11 09:00:00,3003.32,3040.15,2996.45,3014.99,53504.4903,2025-07-11 09:59:59.999,161571177.209627,238073,26509.899,80059061.872079
2025-07-11 10:00:00,3015.0,3015.05,2992.03,3002.99,45862.042,2025-07-11 10:59:59.999,137855772.765141,214406,17975.9889,54035011.840404
2025-07-11 11:00:00,3003.0,3006.0,2968.6,2984.0,41833.8683,2025-07-11 11:59:59.999,124930189.39867,172788,18742.2182,55970606.283823
2025-07-11 12:00:00,2984.01,2993.25,2970.11,2986.39,30807.1571,2025-07-11 12:59:59.999,91880477.339333,129358,14060.9323,41934203.602347
2025-07-11 13:00:00,2986.39,3009.64,2975.26,3002.85,46670.0895,2025-07-11 13:59:59.999,139679998.20807,276827,22452.6894,67215025.748998
2025-07-11 14:00:00,3002.86,3006.6,2980.73,2988.73,35628.205,2025-07-11 14:59:59.999,106720111.567484,210826,16064.6056,48124917.728733
2025-07-11 15:00:00,2988.73,2996.5,2939.36,2951.09,69963.8478,2025-07-11 15:59:59.999,207738576.296233,290305,30954.5652,91918506.023587
2025-07-11 16:00:00,2951.09,2972.19,2936.46,2967.54,50682.3639,2025-07-11 16:59:59.999,149857968.412486,250423,26874.793,79492462.08843
2025-07-11 17:00:00,2967.54,2999.57,2964.0,2993.31,27821.1189,2025-07-11 17:59:59.999,83056610.637795,149948,14030.4948,41881646.7717
2025-07-11 18:00:00,2993.31,2998.92,2983.51,2995.57,15746.0804,2025-07-11 18:59:59.999,47088441.854199,98536,8215.7917,24570235.699254
2025-07-11 19:00:00,2995.58,3010.39,2978.44,3007.6,26928.4944,2025-07-11 19:59:59.999,80757138.011421,148504,13448.8476,40336249.248598
2025-07-11 20:00:00,3007.6,3010.0,2973.61,2974.8,20604.9901,2025-07-11 20:59:59.999,61685579.915546,91627,9296.5895,27835789.54704
2025-07-11 21:00:00,2974.8,2996.5,2957.27,2966.44,25249.1868,2025-07-11 21:59:59.999,75150757.649301,107125,12727.4774,37894428.611768
2025-07-11 22:00:00,2966.43,2971.3,2923.32,2950.49,34803.6024,2025-07-11 22:59:59.999,102459500.849084,158953,16606.9687,48889269.446387
2025-07-11 23:00:00,2950.49,2961.06,2949.0,2958.22,10039.8205,2025-07-11 23:59:59.999,29682330.769969,52100,4951.4232,14639226.971461
2025-07-12 00:00:00,2958.21,2966.9,2932.0,2952.49,18031.6378,2025-07-12 00:59:59.999,53130719.552521,98542,8835.4493,26039539.173817
2025-07-12 01:00:00,2952.5,2966.5,2952.49,2958.58,12855.2312,2025-07-12 01:59:59.999,38057378.451478,68306,7627.9517,22576102.407989
2025-07-12 02:00:00,2958.58,2970.85,2954.03,2956.64,9553.5497,2025-07-12 02:59:59.999,28314032.795891,55228,4271.6464,12660516.077626
2025-07-12 03:00:00,2956.64,2968.73,2955.09,2966.09,7329.1902,2025-07-12 03:59:59.999,21722609.232534,40355,4327.9169,12828515.495557
2025-07-12 04:00:00,2966.1,2968.6,2937.7,2951.47,17614.0449,2025-07-12 04:59:59.999,52051156.955523,74131,5817.1731,17191350.927261
2025-07-12 05:00:00,2951.46,2957.69,2943.62,2952.81,10605.1378,2025-07-12 05:59:59.999,31298958.362304,57666,5173.2178,15269921.686126
2025-07-12 06:00:00,2952.8,2963.0,2945.1,2959.87,10883.852,2025-07-12 06:59:59.999,32164701.074757,60544,4787.4608,14146392.914336
2025-07-12 07:00:00,2959.87,2977.94,2959.06,2962.85,15636.0059,2025-07-12 07:59:59.999,46400096.103956,67284,8841.7168,26241061.921553
2025-07-12 08:00:00,2962.84,2970.0,2957.51,2966.74,14872.2339,2025-07-12 08:59:59.999,44095717.701745,48288,6664.2259,19757500.710858
2025-07-12 09:00:00,2966.74,2976.67,2962.11,2974.08,10665.6415,2025-07-12 09:59:59.999,31679040.186456,48929,6241.487,18541810.524345
2025-07-12 10:00:00,2974.08,2979.62,2967.28,2975.82,9058.4376,2025-07-12 10:59:59.999,26947482.995554,43645,4796.0414,14269420.897393
2025-07-12 11:00:00,2975.82,2979.78,2961.21,2963.39,13720.8664,2025-07-12 11:59:59.999,40759687.136292,59690,6202.2051,18424733.670148
2025-07-12 12:00:00,2963.39,2967.59,2917.42,2943.31,34200.953,2025-07-12 12:59:59.999,100517277.529777,164784,14963.4057,43989379.928471
2025-07-12 13:00:00,2943.3,2943.3,2917.98,2939.79,27029.9569,2025-07-12 13:59:59.999,79287062.285288,138317,11905.4195,34920310.366629
2025-07-12 14:00:00,2939.8,2949.46,2923.78,2928.3,17011.644,2025-07-12 14:59:59.999,49988824.61617,79331,7528.9576,22130251.16047
2025-07-12 15:00:00,2928.31,2931.2,2903.85,2916.05,35521.2833,2025-07-12 15:59:59.999,103598351.564425,184727,17052.1567,49736287.156994
2025-07-12 16:00:00,2916.05,2935.28,2910.49,2924.49,17291.8707,2025-07-12 16:59:59.999,50620648.77064,83088,8486.9996,24845576.075519
2025-07-12 17:00:00,2924.49,2943.29,2921.5,2941.27,10460.0033,2025-07-12 17:59:59.999,30713710.124393,58710,5473.5497,16074498.482427
2025-07-12 18:00:00,2941.27,2944.69,2935.75,2942.37,7345.2338,2025-07-12 18:59:59.999,21597569.066153,38114,3698.0055,10873116.262907
2025-07-12 19:00:00,2942.36,2945.83,2934.29,2941.18,7777.6035,2025-07-12 19:59:59.999,22873418.567701,36748,3687.8875,10844631.00243
2025-07-12 20:00:00,2941.18,2943.05,2917.02,2917.02,13941.3893,2025-07-12 20:59:59.999,40873922.28907,53377,7534.1618,22093715.334755
2025-07-12 21:00:00,2917.02,2939.92,2915.0,2939.19,10628.3474,2025-07-12 21:59:59.999,31140392.534245,51126,6053.7395,17732565.745845
2025-07-12 22:00:00,2939.2,2940.99,2925.65,2938.05,8201.6323,2025-07-12 22:59:59.999,24069042.670849,44138,4506.6111,13224417.175351
2025-07-12 23:00:00,2938.05,2948.0,2930.74,2943.28,8649.1413,2025-07-12 23:59:59.999,25422369.26376,35632,4812.9199,14148887.092477
2025-07-13 00:00:00,2943.29,2950.0,2936.49,2944.89,8740.1701,2025-07-13 00:59:59.999,25733122.651342,56790,4906.8242,14448069.611031
2025-07-13 01:00:00,2944.9,2953.0,2939.3,2949.57,9976.7929,2025-07-13 01:59:59.999,29399813.350408,54254,5934.1745,17490829.269656
2025-07-13 02:00:00,2949.57,2960.7,2938.5,2954.01,7779.9421,2025-07-13 02:59:59.999,22945793.722912,50087,3760.7852,11095567.370452
2025-07-13 03:00:00,2954.01,2958.88,2948.62,2955.1,5914.6835,2025-07-13 03:59:59.999,17476565.452383,32888,3386.8118,10007432.697589
2025-07-13 04:00:00,2955.11,2959.52,2951.39,2958.67,5974.9211,2025-07-13 04:59:59.999,17660025.02225,32530,2933.8875,8672311.16437
2025-07-13 05:00:00,2958.67,2963.4,2949.89,2950.66,7997.5721,2025-07-13 05:59:59.999,23648434.24642,36824,3725.3119,11016797.447424
2025-07-13 06:00:00,2950.66,2967.97,2949.64,2959.82,8356.3935,2025-07-13 06:59:59.999,24736525.086173,37407,5033.4969,14898796.749561
2025-07-13 07:00:00,2959.83,2965.66,2956.49,2962.94,6992.495,2025-07-13 07:59:59.999,20707116.584637,30216,3724.7141,11030256.232481
2025-07-13 08:00:00,2962.95,2964.45,2951.8,2955.88,10738.4021,2025-07-13 08:59:59.999,31760567.942052,32945,5279.3074,15613697.713508
2025-07-13 09:00:00,2955.89,2957.42,2944.49,2949.29,7337.3378,2025-07-13 09:59:59.999,21644135.139861,30146,3174.2858,9362174.247029
2025-07-13 10:00:00,2949.29,2957.21,2945.63,2948.45,5132.7938,2025-07-13 10:59:59.999,15149728.560049,26096,2438.6937,7198226.375837
2025-07-13 11:00:00,2948.46,2965.66,2948.46,2964.58,10568.9353,2025-07-13 11:59:59.999,31291229.041242,42235,5840.0722,17287988.809533
2025-07-13 12:00:00,2964.57,2993.76,2958.92,2986.06,26850.14,2025-07-13 12:59:59.999,79923857.539234,98690,16053.8526,47798943.1002
2025-07-13 13:00:00,2986.07,2995.0,2973.54,2989.64,24921.5129,2025-07-13 13:59:59.999,74402232.341707,94801,12898.3776,38512572.606431
2025-07-13 14:00:00,2989.65,3020.31,2976.66,2987.85,56060.0713,2025-07-13 14:59:59.999,168165521.457461,221767,28657.4201,85968695.027337
2025-07-13 15:00:00,2987.86,3005.28,2984.13,2992.43,21782.9641,2025-07-13 15:59:59.999,65232173.791208,127654,10643.6926,31879345.524641
2025-07-13 16:00:00,2992.43,3000.0,2972.78,2974.58,19605.7965,2025-07-13 16:59:59.999,58560386.25048,103583,8686.7518,25950140.641919
2025-07-13 17:00:00,2974.58,2996.7,2962.65,2991.82,15445.6751,2025-07-13 17:59:59.999,46063659.417301,83677,7863.9937,23456277.348627
2025-07-13 18:00:00,2991.83,3001.87,2987.27,2994.0,9949.1015,2025-07-13 18:59:59.999,29806750.0239,71694,4459.7503,13362832.493073
2025-07-13 19:00:00,2994.0,3010.65,2988.1,2989.45,14448.7865,2025-07-13 19:59:59.999,43340950.245755,87160,6625.4326,19874715.610531
2025-07-13 20:00:00,2989.46,2998.92,2980.12,2991.91,10243.5015,2025-07-13 20:59:59.999,30617006.675946,61759,4924.0321,14718669.803201
2025-07-13 21:00:00,2991.9,2991.91,2940.24,2964.99,30991.8366,2025-07-13 21:59:59.999,91899829.365741,144713,14040.0455,41624449.050299
2025-07-13 22:00:00,2964.99,2969.68,2946.31,2959.2,20431.8635,2025-07-13 22:59:59.999,60437383.592587,133639,10112.5411,29906810.441228
2025-07-13 23:00:00,2959.19,2979.47,2953.96,2972.03,11091.8128,2025-07-13 23:59:59.999,32905182.476356,86645,6255.5383,18561775.786162
2025-07-14 00:00:00,2972.03,2988.0,2967.66,2975.41,15741.2296,2025-07-14 00:59:59.999,46908210.240392,104012,6646.6799,19802359.074181
2025-07-14 01:00:00,2975.4,2978.61,2962.81,2974.31,11634.3927,2025-07-14 01:59:59.999,34564095.708335,92812,5753.3739,17093705.581407
2025-07-14 02:00:00,2974.3,3016.29,2972.49,3000.59,33654.5905,2025-07-14 02:59:59.999,100924367.564883,166753,18452.2071,55338582.698656
2025-07-14 03:00:00,3000.6,3051.26,2997.0,3037.36,64301.022,2025-07-14 03:59:59.999,194722128.898435,256488,35986.5471,109023936.390524
2025-07-14 04:00:00,3037.35,3058.6,3029.4,3053.01,39621.3764,2025-07-14 04:59:59.999,120626297.57791,171480,19262.4875,58641144.123027
2025-07-14 05:00:00,3053.01,3065.57,3016.91,3040.23,62423.2127,2025-07-14 05:59:59.999,189975006.087735,251086,28795.7624,87637214.440679
2025-07-14 06:00:00,3040.22,3045.01,3020.0,3023.66,38561.7421,2025-07-14 06:59:59.999,116924921.393358,155726,19181.6292,58149932.038573
2025-07-14 07:00:00,3023.65,3051.26,3022.07,3045.02,35461.0215,2025-07-14 07:59:59.999,107744173.393925,158070,18161.2406,55177125.582506
2025-07-14 08:00:00,3045.02,3045.59,3023.08,3039.77,25378.5181,2025-07-14 08:59:59.999,76962906.924107,122444,11561.5341,35064162.572746
2025-07-14 09:00:00,3039.77,3074.18,3035.21,3044.71,47335.0313,2025-07-14 09:59:59.999,144423744.348291,175085,22607.8736,69003938.250048
2025-07-14 10:00:00,3044.71,3079.39,3029.6,3066.78,45100.898,2025-07-14 10:59:59.999,137933000.348916,186376,22957.7773,70226990.813312
2025-07-14 11:00:00,3066.78,3083.0,3050.18,3051.72,35868.2404,2025-07-14 11:59:59.999,109994397.904494,163472,17067.9895,52354031.173128
2025-07-14 12:00:00,3051.71,3057.37,3034.4,3050.94,32421.7723,2025-07-14 12:59:59.999,98763090.162603,142768,14340.0616,43682741.280519
2025-07-14 13:00:00,3050.93,3065.76,3031.48,3056.26,33973.1614,2025-07-14 13:59:59.999,103642874.925614,181031,16091.7085,49096996.512375
2025-07-14 14:00:00,3056.26,3068.33,3019.51,3029.49,47844.613,2025-07-14 14:59:59.999,145323827.481515,230477,21152.4687,64252514.027279
2025-07-14 15:00:00,3029.49,3033.03,2993.2,3012.49,59016.7443,2025-07-14 15:59:59.999,177926533.679671,266229,26470.5843,79814762.883437
2025-07-14 16:00:00,3012.48,3029.96,2999.91,3025.54,36303.1632,2025-07-14 16:59:59.999,109499220.264157,186832,17736.0938,53490503.97702
2025-07-14 17:00:00,3025.54,3025.55,3003.66,3008.86,23223.7414,2025-07-14 17:59:59.999,70007446.437102,117824,8787.0998,26485446.020694
2025-07-14 18:00:00,3008.87,3012.96,2983.0,2989.5,32339.4377,2025-07-14 18:59:59.999,96973462.905922,141576,11678.548,35014967.518696
2025-07-14 19:00:00,2989.5,3003.51,2985.88,3000.33,29906.8948,2025-07-14 19:59:59.999,89595770.961262,128320,13727.9989,41128343.737237
2025-07-14 20:00:00,3000.35,3011.5,2980.97,3003.98,24772.3673,2025-07-14 20:59:59.999,74284807.193156,130296,10717.9381,32142377.14851
2025-07-14 21:00:00,3003.97,3017.15,3000.08,3010.99,18966.7434,2025-07-14 21:59:59.999,57064530.541195,70906,8550.5205,25725008.505269
2025-07-14 22:00:00,3010.99,3018.88,3003.11,3013.61,13647.3098,2025-07-14 22:59:59.999,41105477.898212,65251,6641.2596,20005080.259393
2025-07-14 23:00:00,3013.6,3015.22,3004.59,3013.62,8055.4257,2025-07-14 23:59:59.999,24246785.176796,40847,4556.8412,13715690.541287
2025-07-15 00:00:00,3013.61,3023.2,2988.26,2992.96,16911.0901,2025-07-15 00:59:59.999,50769412.326269,105590,7553.6927,22695320.460491
2025-07-15 01:00:00,2992.96,3000.75,2962.87,2976.7,39434.198,2025-07-15 01:59:59.999,117562235.258907,184557,18419.5525,54922676.942538
2025-07-15 02:00:00,2976.69,2986.57,2954.24,2974.2,35318.0271,2025-07-15 02:59:59.999,104883528.273013,211078,17850.5365,53009393.782096
2025-07-15 03:00:00,2974.18,2974.18,2932.46,2951.8,45369.2695,2025-07-15 03:59:59.999,133709517.11243,235503,19674.8404,57980550.970903
2025-07-15 04:00:00,2951.79,2972.38,2934.83,2968.32,27325.1561,2025-07-15 04:59:59.999,80818131.763345,137321,15111.9819,44704998.686986
2025-07-15 05:00:00,2968.32,2974.69,2962.9,2974.49,14670.5645,2025-07-15 05:59:59.999,43566078.591552,76816,7515.259,22318466.962784
2025-07-15 06:00:00,2974.49,2992.96,2970.01,2985.5,31202.3017,2025-07-15 06:59:59.999,92968072.904326,123461,19391.8333,57777858.142172
2025-07-15 07:00:00,2985.5,2995.89,2972.9,2977.49,25028.6778,2025-07-15 07:59:59.999,74708043.830111,114916,14578.1689,43522367.213411
2025-07-15 08:00:00,2977.5,2983.52,2958.84,2973.99,20444.0282,2025-07-15 08:59:59.999,60782247.506014,116702,9187.7261,27323292.989609
2025-07-15 09:00:00,2973.99,2989.25,2970.0,2972.88,13413.0112,2025-07-15 09:59:59.999,39979286.951936,79648,7924.3407,23622052.83609
2025-07-15 10:00:00,2972.87,2980.0,2967.19,2974.31,11242.2606,2025-07-15 10:59:59.999,33422327.146858,80020,5712.1469,16982830.283983
2025-07-15 11:00:00,2974.31,2983.39,2961.74,2981.11,14993.2512,2025-07-15 11:59:59.999,44535542.361835,96560,7248.8374,21529958.452241
2025-07-15 12:00:00,2981.12,3013.66,2967.72,3000.29,48863.4413,2025-07-15 12:59:59.999,146213632.717126,238826,26539.9271,79426786.321969
2025-07-15 13:00:00,3000.3,3067.43,3000.14,3051.71,66029.059,2025-07-15 13:59:59.999,200461486.017464,361453,35040.6718,106393254.394502
2025-07-15 14:00:00,3051.7,3064.41,2967.0,2977.93,69695.4049,2025-07-15 14:59:59.999,210687649.148741,369726,30005.7582,90750505.896942
2025-07-15 15:00:00,2977.94,3047.51,2968.0,3039.93,59525.5402,2025-07-15 15:59:59.999,179107601.296419,319834,30743.2308,92575395.517599
2025-07-15 16:00:00,3039.94,3066.83,3034.35,3048.21,45514.2552,2025-07-15 16:59:59.999,138928657.447005,230344,24086.99,73542895.428289
2025-07-15 17:00:00,3048.21,3097.32,3036.09,3096.29,52843.7653,2025-07-15 17:59:59.999,162352366.74582,267934,30404.2398,93432342.894286
2025-07-15 18:00:00,3096.3,3096.96,3040.84,3065.41,63254.843,2025-07-15 18:59:59.999,194281150.799101,267961,34666.7754,106473959.461772
2025-07-15 19:00:00,3065.41,3085.7,3032.35,3040.88,62150.3472,2025-07-15 19:59:59.999,190139876.936263,202571,38125.7354,116654126.920311
2025-07-15 20:00:00,3040.87,3051.52,3029.63,3040.89,18104.5292,2025-07-15 20:59:59.999,55101530.065639,111543,7989.1213,24314556.719269
2025-07-15 21:00:00,3040.9,3085.19,3040.34,3080.82,15739.9664,2025-07-15 21:59:59.999,48279594.581547,92146,8440.9654,25889252.081078
2025-07-15 22:00:00,3080.81,3094.5,3067.72,3094.06,18229.273,2025-07-15 22:59:59.999,56186622.379222,81231,10071.0317,31052873.457458
2025-07-15 23:00:00,3094.06,3144.14,3094.05,3137.89,48281.477,2025-07-15 23:59:59.999,150907523.792206,211681,26543.0379,82898861.844954
2025-07-16 00:00:00,3137.9,3152.53,3117.29,3142.7,38952.8119,2025-07-16 00:59:59.999,122114152.710413,161384,20586.8353,64568902.872738
2025-07-16 01:00:00,3142.7,3149.0,3130.89,3139.78,27491.5925,2025-07-16 01:59:59.999,86328411.116872,123242,16023.125,50321970.408948
2025-07-16 02:00:00,3139.77,3142.06,3106.75,3115.51,24914.8992,2025-07-16 02:59:59.999,77747046.877859,137781,11991.8293,37416213.296703
2025-07-16 03:00:00,3115.52,3120.85,3103.17,3115.99,15701.4833,2025-07-16 03:59:59.999,48869384.601491,81940,8077.3413,25143213.565256
2025-07-16 04:00:00,3116.0,3131.0,3101.0,3128.65,17171.4184,2025-07-16 04:59:59.999,53503744.720845,90248,9433.5451,29399946.06059
2025-07-16 05:00:00,3128.65,3151.93,3128.65,3142.55,27307.9873,2025-07-16 05:59:59.999,85799440.491826,114910,17693.8901,55595390.643311
2025-07-16 06:00:00,3142.56,3166.25,3132.0,3165.23,40212.3142,2025-07-16 06:59:59.999,126791318.329601,118782,22522.5757,71013400.621858
2025-07-16 07:00:00,3165.22,3175.0,3154.58,3162.45,25362.2064,2025-07-16 07:59:59.999,80275582.397865,114405,12647.7738,40037846.306872
2025-07-16 08:00:00,3162.44,3173.47,3158.58,3164.49,23126.5297,2025-07-16 08:59:59.999,73162095.907872,94145,12276.2872,38835153.982066
2025-07-16 09:00:00,3164.49,3171.72,3147.49,3162.24,24572.0833,2025-07-16 09:59:59.999,77666594.365758,116434,11712.8409,37025295.871376
2025-07-16 10:00:00,3162.25,3162.9,3143.82,3144.08,32776.6755,2025-07-16 10:59:59.999,103362018.782087,92011,16751.2842,52826364.411761
2025-07-16 11:00:00,3144.07,3158.43,3143.81,3150.5,16906.0289,2025-07-16 11:59:59.999,53270840.290617,66875,8372.1727,26382023.616259
2025-07-16 12:00:00,3150.49,3180.0,3147.46,3164.93,27617.8368,2025-07-16 12:59:59.999,87403696.481769,128008,14146.3362,44773959.142201
2025-07-16 13:00:00,3164.94,3197.99,3159.2,3195.81,57518.0476,2025-07-16 13:59:59.999,182799468.037318,246176,32927.5144,104638041.894761
2025-07-16 14:00:00,3195.81,3265.44,3179.41,3251.66,113435.3146,2025-07-16 14:59:59.999,365755311.11541504,405066,61631.6361,198747178.334569
2025-07-16 15:00:00,3251.65,3262.05,3207.44,3244.49,80011.2256,2025-07-16 15:59:59.999,258953543.094136,351335,34633.2581,112124520.0675
2025-07-16 16:00:00,3244.48,3293.5,3235.0,3285.24,71058.8077,2025-07-16 16:59:59.999,232128048.109214,274734,38944.2508,127289647.693532
2025-07-16 17:00:00,3285.24,3322.51,3273.74,3317.09,89140.7635,2025-07-16 17:59:59.999,293651972.564112,283899,49610.7395,163454337.355928
2025-07-16 18:00:00,3317.09,3369.99,3314.06,3335.98,103755.2287,2025-07-16 18:59:59.999,346773679.603457,340097,52217.5801,174535465.35926
2025-07-16 19:00:00,3335.98,3384.23,3335.48,3384.23,65224.8877,2025-07-16 19:59:59.999,219032414.757308,217672,36832.4032,123724181.586815
2025-07-16 20:00:00,3384.22,3425.0,3367.53,3380.3,118694.3276,2025-07-16 20:59:59.999,403639747.371394,381984,52560.9101,178679040.205793
2025-07-16 21:00:00,3380.3,3399.39,3344.0,3374.01,39117.0742,2025-07-16 21:59:59.999,132093103.555741,166350,18333.807,61933777.670803
2025-07-16 22:00:00,3374.01,3390.83,3349.8,3362.54,32726.2144,2025-07-16 22:59:59.999,110252964.675592,151384,14776.973,49797909.921253
2025-07-16 23:00:00,3362.54,3374.89,3345.57,3371.35,23154.8241,2025-07-16 23:59:59.999,77780487.309705,122700,11793.7338,39621518.423021
2025-07-17 00:00:00,3371.35,3398.18,3367.6,3376.8,26125.7005,2025-07-17 00:59:59.999,88384638.728442,174384,14103.0287,47718000.785901
2025-07-17 01:00:00,3376.8,3396.03,3310.77,3338.21,52310.6182,2025-07-17 01:59:59.999,175244129.288892,286351,24548.3864,82237562.747936
2025-07-17 02:00:00,3338.21,3361.9,3333.1,3348.55,27901.219,2025-07-17 02:59:59.999,93451533.076056,159429,13170.3675,44108187.505291
2025-07-17 03:00:00,3348.56,3349.88,3314.05,3330.14,30228.7188,2025-07-17 03:59:59.999,100645215.449521,172636,14844.988,49430377.293648
2025-07-17 04:00:00,3330.13,3351.9,3320.0,3351.0,20589.0218,2025-07-17 04:59:59.999,68751599.146824,101948,9134.013,30508653.6373
2025-07-17 05:00:00,3351.0,3377.28,3337.8,3374.08,19273.3611,2025-07-17 05:59:59.999,64719008.641373,119499,9988.7113,33544974.640673
2025-07-17 06:00:00,3374.08,3444.79,3363.7,3441.29,61060.991,2025-07-17 06:59:59.999,208608151.41221,291183,36830.1882,125823453.987259
2025-07-17 07:00:00,3441.29,3468.0,3408.45,3447.9,58873.6281,2025-07-17 07:59:59.999,202485460.797175,255972,30137.7491,103681874.084508
2025-07-17 08:00:00,3447.9,3450.23,3425.49,3448.68,31082.5062,2025-07-17 08:59:59.999,106874363.937196,159564,13228.9114,45492018.424643
2025-07-17 09:00:00,3448.68,3478.99,3439.92,3466.02,49417.0134,2025-07-17 09:59:59.999,171246283.045088,191266,22391.6932,77600911.172942
2025-07-17 10:00:00,3466.01,3480.19,3448.81,3458.19,44330.1707,2025-07-17 10:59:59.999,153515247.93283,153323,21149.874,73251925.746845
2025-07-17 11:00:00,3458.18,3459.99,3430.0,3433.29,31452.0773,2025-07-17 11:59:59.999,108279628.932998,122061,13317.5668,45837860.124807
2025-07-17 12:00:00,3433.3,3439.64,3406.38,3425.61,48399.5685,2025-07-17 12:59:59.999,165852875.829121,194659,22897.4917,78481618.440884
2025-07-17 13:00:00,3425.6,3431.86,3361.2,3400.3,67349.3568,2025-07-17 13:59:59.999,228968962.709313,273533,28516.3396,96960465.426523
2025-07-17 14:00:00,3400.29,3433.56,3400.29,3426.5,35441.018,2025-07-17 14:59:59.999,121143123.435734,214726,17182.1712,58734706.32802
2025-07-17 15:00:00,3426.51,3432.76,3388.0,3420.49,36770.3408,2025-07-17 15:59:59.999,125542342.875858,202268,17597.9539,60105638.477026
2025-07-17 16:00:00,3420.49,3427.6,3364.43,3394.59,53549.5189,2025-07-17 16:59:59.999,181740839.582011,306846,25400.9697,86231342.5364
2025-07-17 17:00:00,3394.6,3428.8,3389.08,3424.05,34127.8141,2025-07-17 17:59:59.999,116299863.674551,189979,19450.0985,66289526.352725
2025-07-17 18:00:00,3424.04,3442.63,3418.4,3427.04,23220.7332,2025-07-17 18:59:59.999,79635361.709554,151238,12568.6508,43107696.001118
2025-07-17 19:00:00,3427.04,3455.54,3403.69,3412.33,32305.4156,2025-07-17 19:59:59.999,110995374.278266,175662,17468.2911,60032974.419121
2025-07-17 20:00:00,3412.32,3420.77,3372.51,3420.76,33671.1293,2025-07-17 20:59:59.999,114385312.150367,227481,16408.1066,55767060.528026
2025-07-17 21:00:00,3420.76,3500.0,3417.38,3468.0,70734.2493,2025-07-17 21:59:59.999,245555161.77867,399578,38200.4355,132609563.815483
2025-07-17 22:00:00,3468.0,3493.34,3451.42,3466.63,31092.9475,2025-07-17 22:59:59.999,108030663.081458,208117,16629.181,57793032.203912
2025-07-17 23:00:00,3466.58,3523.44,3461.9,3476.87,54758.7083,2025-07-17 23:59:59.999,191424591.761496,293878,28823.402,100773234.621892
2025-07-18 00:00:00,3476.88,3540.52,3458.68,3538.17,47152.379,2025-07-18 00:59:59.999,165308997.351415,300125,27204.1939,95442148.949941
2025-07-18 01:00:00,3538.18,3625.6,3525.59,3614.89,112030.4331,2025-07-18 01:59:59.999,401333485.48275,508201,66224.3217,237209542.366347
2025-07-18 02:00:00,3614.89,3626.57,3588.25,3602.11,59684.5918,2025-07-18 02:59:59.999,215175520.719484,254536,29060.781,104801169.868158
2025-07-18 03:00:00,3602.11,3607.35,3584.48,3596.4,31410.3349,2025-07-18 03:59:59.999,112936542.520091,127577,14385.1144,51722902.78718
2025-07-18 04:00:00,3596.4,3621.0,3576.0,3619.41,38227.1422,2025-07-18 04:59:59.999,137540447.571341,151470,21448.0711,77184426.184883
2025-07-18 05:00:00,3619.41,3673.84,3616.08,3669.9,77419.3558,2025-07-18 05:59:59.999,282046182.504789,314981,42752.5283,155745881.221181
2025-07-18 06:00:00,3669.91,3669.91,3640.0,3650.73,44221.2408,2025-07-18 06:59:59.999,161408528.545752,173229,19884.7533,72587558.288159
2025-07-18 07:00:00,3650.73,3669.74,3600.0,3604.1,79732.6288,2025-07-18 07:59:59.999,289693405.357743,322270,33904.7672,123212961.340763
2025-07-18 08:00:00,3604.1,3628.12,3582.41,3603.88,63019.3696,2025-07-18 08:59:59.999,227442178.803614,259632,24855.6687,89722545.128749
2025-07-18 09:00:00,3603.89,3623.91,3591.0,3620.91,46158.9752,2025-07-18 09:59:59.999,166474642.240185,207595,21352.7213,77032943.984867
2025-07-18 10:00:00,3620.92,3622.68,3601.01,3617.61,20420.2026,2025-07-18 10:59:59.999,73782958.771121,121988,9446.4902,34147103.588262
2025-07-18 11:00:00,3617.62,3624.13,3588.01,3610.24,20721.2458,2025-07-18 11:59:59.999,74726662.91505,126531,9567.5649,34509733.149823
2025-07-18 12:00:00,3610.23,3638.86,3591.39,3637.57,39388.8024,2025-07-18 12:59:59.999,142190917.789747,150297,20447.9816,73842000.22811
2025-07-18 13:00:00,3637.54,3657.5,3608.45,3639.02,56056.5833,2025-07-18 13:59:59.999,203897385.955794,296456,28482.4218,103617818.644685
2025-07-18 14:00:00,3639.01,3671.5,3554.48,3585.23,114520.9526,2025-07-18 14:59:59.999,412252694.731432,483766,49724.9894,179072158.750808
2025-07-18 15:00:00,3585.23,3588.57,3530.0,3563.68,68415.5484,2025-07-18 15:59:59.999,243102350.774894,316924,30855.3412,109662085.635285
2025-07-18 16:00:00,3563.68,3588.79,3547.96,3573.19,35733.1723,2025-07-18 16:59:59.999,127620688.296671,234711,18259.8405,65216840.284092
2025-07-18 17:00:00,3573.2,3624.8,3567.09,3600.2,30172.953,2025-07-18 17:59:59.999,108581908.131073,191922,16576.9986,59667218.718297
2025-07-18 18:00:00,3600.2,3606.89,3566.34,3572.54,18621.6107,2025-07-18 18:59:59.999,66824804.617015,163393,9183.4239,32962159.734133
2025-07-18 19:00:00,3572.54,3583.21,3538.0,3551.59,36795.6792,2025-07-18 19:59:59.999,131032157.828403,193778,18077.3078,64393813.422865
2025-07-18 20:00:00,3551.59,3555.19,3477.58,3517.3,58151.1565,2025-07-18 20:59:59.999,204051657.88936,283057,25741.4224,90325733.228665
2025-07-18 21:00:00,3517.3,3571.93,3515.12,3553.9,23524.9401,2025-07-18 21:59:59.999,83546328.914427,128157,12417.5385,44081628.774291
2025-07-18 22:00:00,3553.9,3576.76,3531.31,3538.48,24194.4204,2025-07-18 22:59:59.999,85949075.208815,135147,10135.6048,36006877.555594
2025-07-18 23:00:00,3538.49,3551.22,3506.83,3546.92,18049.6792,2025-07-18 23:59:59.999,63768605.300858,120285,8859.629,31305535.199628
2025-07-19 00:00:00,3546.92,3565.0,3521.34,3522.21,18093.157,2025-07-19 00:59:59.999,64163837.069625,127975,8822.8372,31297350.466905
2025-07-19 01:00:00,3522.21,3552.18,3506.79,3545.0,17281.3071,2025-07-19 01:59:59.999,61010110.786651,130655,8230.9367,29061020.644093
2025-07-19 02:00:00,3545.0,3576.61,3534.04,3569.5,20031.8586,2025-07-19 02:59:59.999,71260189.532881,127263,9547.4871,33967202.387436
2025-07-19 03:00:00,3569.5,3599.0,3566.41,3592.98,23786.7122,2025-07-19 03:59:59.999,85304155.879053,111368,12242.8866,43905445.623178
2025-07-19 04:00:00,3592.97,3608.3,3580.54,3589.68,16444.5947,2025-07-19 04:59:59.999,59111511.52282,84847,8023.4265,28847391.418434
2025-07-19 05:00:00,3589.67,3595.0,3575.0,3586.31,10864.1512,2025-07-19 05:59:59.999,38944731.849378,65992,5600.9225,20078531.31815
2025-07-19 06:00:00,3586.31,3586.95,3567.05,3570.99,10740.5067,2025-07-19 06:59:59.999,38394795.762413,58656,3690.9654,13193808.794042
2025-07-19 07:00:00,3571.0,3590.12,3567.71,3571.47,15136.7266,2025-07-19 07:59:59.999,54192468.210733,61786,7091.5851,25390141.650966
2025-07-19 08:00:00,3571.46,3578.38,3546.61,3554.34,18925.8355,2025-07-19 08:59:59.999,67331455.142932,107480,7525.6228,26776455.75085
2025-07-19 09:00:00,3554.35,3569.41,3549.27,3558.1,10960.3548,2025-07-19 09:59:59.999,39017599.289433,73171,4920.791,17522446.768753
2025-07-19 10:00:00,3558.1,3568.18,3550.62,3557.84,12320.5504,2025-07-19 10:59:59.999,43840927.526527,62859,5376.143,19131563.216977
2025-07-19 11:00:00,3557.83,3577.87,3538.07,3552.75,21163.2504,2025-07-19 11:59:59.999,75313714.510906,117830,9527.5511,33915094.966888
2025-07-19 12:00:00,3552.75,3564.99,3539.02,3561.8,17845.131,2025-07-19 12:59:59.999,63353699.817708,105990,7923.7107,28127242.532246
2025-07-19 13:00:00,3561.79,3572.31,3549.41,3558.76,14322.8595,2025-07-19 13:59:59.999,51017786.282731,86282,6174.6965,21995230.248361
2025-07-19 14:00:00,3558.75,3561.22,3526.44,3531.57,21433.4268,2025-07-19 14:59:59.999,75965804.98744,129774,8765.0018,31070215.891812
2025-07-19 15:00:00,3531.58,3562.92,3530.1,3552.0,17345.9941,2025-07-19 15:59:59.999,61578080.26595,89155,7774.4045,27594840.53044
2025-07-19 16:00:00,3552.0,3569.99,3535.69,3559.88,20834.3372,2025-07-19 16:59:59.999,74088155.750801,107788,10224.6235,36363630.286682
2025-07-19 17:00:00,3559.88,3561.1,3532.78,3543.0,12615.7191,2025-07-19 17:59:59.999,44739674.273689,79881,5378.3642,19071885.856779
2025-07-19 18:00:00,3543.0,3562.0,3540.03,3552.8,12454.3622,2025-07-19 18:59:59.999,44265027.569671,71254,5482.0536,19483383.194422
2025-07-19 19:00:00,3552.8,3581.92,3541.63,3577.61,17339.0076,2025-07-19 19:59:59.999,61825665.484524,87036,8761.3284,31250081.886557
2025-07-19 20:00:00,3577.61,3593.0,3563.29,3563.64,17106.48,2025-07-19 20:59:59.999,61246938.368113,91594,8768.036,31398388.729241
2025-07-19 21:00:00,3563.63,3574.21,3539.0,3571.44,15951.4255,2025-07-19 21:59:59.999,56698395.643565,112841,8234.8926,29270824.49012
2025-07-19 22:00:00,3571.44,3590.69,3562.67,3576.7,10194.8438,2025-07-19 22:59:59.999,36498341.594569,69723,5362.3458,19194620.754251
2025-07-19 23:00:00,3576.71,3598.31,3574.23,3592.01,8599.3293,2025-07-19 23:59:59.999,30868884.214963,56128,4893.395,17564061.272063
2025-07-20 00:00:00,3592.0,3597.4,3579.13,3591.11,10920.7358,2025-07-20 00:59:59.999,39190046.167583,73133,5782.9624,20757198.940557
2025-07-20 01:00:00,3591.11,3626.0,3588.9,3604.81,33276.1565,2025-07-20 01:59:59.999,120209972.948686,140216,21006.5253,75898811.843276
2025-07-20 02:00:00,3604.81,3624.05,3596.09,3616.3,11491.0669,2025-07-20 02:59:59.999,41499971.01962,86083,6354.2051,22951250.725111
2025-07-20 03:00:00,3616.3,3694.99,3608.2,3658.01,64492.5343,2025-07-20 03:59:59.999,235996825.17504,254366,37608.4955,137645679.258728
2025-07-20 04:00:00,3658.01,3666.22,3633.18,3654.01,25108.6989,2025-07-20 04:59:59.999,91680727.660848,121696,13307.4243,48586828.436772
2025-07-20 05:00:00,3654.01,3662.54,3636.06,3647.21,21142.9798,2025-07-20 05:59:59.999,77093403.758329,72897,10629.371,38753786.70189
2025-07-20 06:00:00,3647.21,3660.0,3639.22,3652.54,12304.4318,2025-07-20 06:59:59.999,44904612.265949,65075,6421.8129,23433034.438407
2025-07-20 07:00:00,3652.53,3689.97,3652.53,3668.49,25086.8903,2025-07-20 07:59:59.999,92186405.066461,104825,11853.8482,43556584.615577
2025-07-20 08:00:00,3668.5,3717.99,3668.5,3711.51,53346.5437,2025-07-20 08:59:59.999,197249432.384886,170091,31735.7663,117322961.752792
2025-07-20 09:00:00,3711.5,3727.34,3694.93,3707.12,55522.7427,2025-07-20 09:59:59.999,206093430.386449,167953,25208.9457,93584902.313941
2025-07-20 10:00:00,3707.13,3713.62,3697.2,3699.63,22764.2226,2025-07-20 10:59:59.999,84318222.701062,91805,9598.1668,35548661.731731
2025-07-20 11:00:00,3699.64,3766.45,3696.0,3756.71,65339.8399,2025-07-20 11:59:59.999,244036602.172987,250042,41392.8575,154634912.905949
2025-07-20 12:00:00,3756.7,3756.7,3724.94,3747.58,38451.4907,2025-07-20 12:59:59.999,143811559.802363,158211,20350.8065,76104601.077491
2025-07-20 13:00:00,3747.58,3758.04,3736.0,3748.85,26498.2873,2025-07-20 13:59:59.999,99291896.70025,122633,13777.9275,51631733.286816
2025-07-20 14:00:00,3748.84,3768.0,3729.13,3767.06,27671.937,2025-07-20 14:59:59.999,103672596.117646,153982,14025.7391,52550488.90732
2025-07-20 15:00:00,3767.07,3790.0,3748.5,3786.05,40000.3031,2025-07-20 15:59:59.999,150897733.348832,212937,20105.7962,75850227.65272
2025-07-20 16:00:00,3786.06,3824.56,3762.66,3809.19,64795.786,2025-07-20 16:59:59.999,245872143.18009,288593,35737.6602,135634454.770902
2025-07-20 17:00:00,3809.2,3809.2,3730.72,3738.84,64862.424,2025-07-20 17:59:59.999,244383384.744436,272437,28732.0777,108249240.141863
2025-07-20 18:00:00,3738.85,3757.68,3731.07,3750.11,27688.4857,2025-07-20 18:59:59.999,103750172.140778,134347,13340.71,49996530.271902
2025-07-20 19:00:00,3750.11,3773.53,3744.83,3749.93,27568.0869,2025-07-20 19:59:59.999,103658752.481034,112612,15405.9171,57933875.529582
2025-07-20 20:00:00,3749.93,3754.5,3716.54,3740.19,31576.6335,2025-07-20 20:59:59.999,117988231.959798,143748,14620.0849,54638846.937824
2025-07-20 21:00:00,3740.19,3772.97,3727.49,3770.3,24081.5683,2025-07-20 21:59:59.999,90297546.696258,129176,11847.8487,44444585.518694
2025-07-20 22:00:00,3770.29,3771.55,3681.6,3747.07,56606.1701,2025-07-20 22:59:59.999,210846790.267248,312622,24589.1363,91576166.730508
2025-07-20 23:00:00,3747.07,3767.85,3733.27,3756.69,21758.5375,2025-07-20 23:59:59.999,81574879.253462,155147,10110.8461,37920148.885989
2025-07-21 00:00:00,3756.69,3756.87,3709.46,3746.7,30055.1256,2025-07-21 00:59:59.999,112157723.208523,213196,13390.0096,49963271.786422
2025-07-21 01:00:00,3746.71,3753.54,3701.01,3723.67,24410.3941,2025-07-21 01:59:59.999,90905866.22678,175066,11833.4407,44088307.677115
2025-07-21 02:00:00,3723.67,3749.0,3722.17,3743.31,23775.0767,2025-07-21 02:59:59.999,88886087.071548,127585,11002.2978,41135046.890523
2025-07-21 03:00:00,3743.3,3766.28,3743.3,3757.37,23554.6014,2025-07-21 03:59:59.999,88493332.66784,113950,10027.3269,37672132.627538
2025-07-21 04:00:00,3757.38,3779.64,3753.11,3761.76,27164.4947,2025-07-21 04:59:59.999,102316896.655708,111462,12715.1742,47896333.070635
2025-07-21 05:00:00,3761.76,3784.32,3747.38,3782.81,23107.1875,2025-07-21 05:59:59.999,87058431.706366,103353,11667.0168,43958006.76328
2025-07-21 06:00:00,3782.82,3812.49,3776.5,3787.37,36394.0721,2025-07-21 06:59:59.999,138098395.60178,180461,18586.4156,70542211.621719
2025-07-21 07:00:00,3787.36,3805.0,3780.23,3787.69,26206.9784,2025-07-21 07:59:59.999,99381614.660576,105765,15028.3742,56988750.965377
2025-07-21 08:00:00,3787.7,3811.0,3762.48,3777.55,37529.9518,2025-07-21 08:59:59.999,142219774.065364,162162,17072.7669,64709055.539205
2025-07-21 09:00:00,3777.55,3785.5,3755.32,3772.13,24166.1277,2025-07-21 09:59:59.999,91131023.82934,121946,11861.8264,44731106.614118
2025-07-21 10:00:00,3772.13,3820.0,3768.36,3810.85,32567.6983,2025-07-21 10:59:59.999,123615498.117226,171740,18166.7942,68960160.87395
2025-07-21 11:00:00,3810.84,3837.0,3791.27,3808.69,44086.6232,2025-07-21 11:59:59.999,168266702.65051,204833,23372.8485,89217577.478186
2025-07-21 12:00:00,3808.69,3825.0,3792.95,3810.72,27704.8238,2025-07-21 12:59:59.999,105538338.972693,176967,12567.9911,47882810.922901
2025-07-21 13:00:00,3810.73,3823.71,3775.39,3819.87,47739.6208,2025-07-21 13:59:59.999,181386107.079169,243084,20600.3105,78278465.672832
2025-07-21 14:00:00,3819.87,3860.0,3795.07,3841.02,64314.5435,2025-07-21 14:59:59.999,246678126.041537,296260,31166.0203,119602834.641723
2025-07-21 15:00:00,3841.03,3851.56,3808.25,3810.37,39702.8595,2025-07-21 15:59:59.999,152001314.573219,240506,18068.0804,69188812.332006
2025-07-21 16:00:00,3810.37,3817.28,3749.19,3768.27,89030.8034,2025-07-21 16:59:59.999,336389271.999174,354211,40630.6287,153558408.901838
2025-07-21 17:00:00,3768.27,3790.0,3738.0,3769.9,47938.8822,2025-07-21 17:59:59.999,180409866.080847,231242,23302.3767,87661225.890478
2025-07-21 18:00:00,3769.9,3799.99,3731.09,3736.74,34442.0712,2025-07-21 18:59:59.999,129741633.402836,201498,15446.8382,58193982.843001
2025-07-21 19:00:00,3736.75,3769.8,3719.0,3736.46,42865.3944,2025-07-21 19:59:59.999,160305471.841926,241435,18488.9313,69155043.738476
2025-07-21 20:00:00,3736.47,3765.29,3719.7,3755.86,24082.4843,2025-07-21 20:59:59.999,90228003.588679,149224,11778.7187,44142528.904241
2025-07-21 21:00:00,3755.85,3764.76,3744.3,3750.67,14055.7702,2025-07-21 21:59:59.999,52761929.084168,76428,5401.9315,20279197.488635
2025-07-21 22:00:00,3750.68,3779.48,3746.51,3761.44,12351.521,2025-07-21 22:59:59.999,46503161.336342,70702,6547.0735,24655065.365368
2025-07-21 23:00:00,3761.44,3775.6,3748.16,3762.33,14826.9476,2025-07-21 23:59:59.999,55781838.457565,83274,6988.3059,26306482.285887
2025-07-22 00:00:00,3762.32,3775.64,3741.07,3742.95,18106.7329,2025-07-22 00:59:59.999,68057057.759503,125505,7895.1332,29688626.486089
2025-07-22 01:00:00,3742.95,3798.65,3696.18,3794.43,60275.4407,2025-07-22 01:59:59.999,225585283.918209,312860,28976.9172,108595955.75303
2025-07-22 02:00:00,3794.43,3795.0,3730.78,3736.98,28297.6549,2025-07-22 02:59:59.999,106685450.598605,181663,12293.1443,46339482.112491
2025-07-22 03:00:00,3736.98,3744.32,3707.58,3731.14,35435.5742,2025-07-22 03:59:59.999,131993092.48528,214168,13532.9003,50417771.169493
2025-07-22 04:00:00,3731.13,3734.01,3646.0,3655.36,56533.6422,2025-07-22 04:59:59.999,208579171.782507,274810,21641.4735,79849710.62692
2025-07-22 05:00:00,3655.36,3697.24,3653.94,3689.68,46245.1014,2025-07-22 05:59:59.999,170153457.016657,209033,26610.2119,97899799.494461
2025-07-22 06:00:00,3689.68,3716.66,3676.5,3691.6,36938.2069,2025-07-22 06:59:59.999,136588406.829014,150263,20274.0495,74984162.953578
2025-07-22 07:00:00,3691.59,3714.18,3666.14,3676.91,30286.4278,2025-07-22 07:59:59.999,111925247.514252,168871,13945.3905,51544740.66662
2025-07-22 08:00:00,3676.91,3676.91,3620.65,3649.99,52824.0472,2025-07-22 08:59:59.999,192458400.683616,260382,23774.6123,86616430.467677
2025-07-22 09:00:00,3649.99,3667.45,3616.54,3660.58,50386.305,2025-07-22 09:59:59.999,183479938.096423,221468,27029.0686,98468834.481025
2025-07-22 10:00:00,3660.57,3698.43,3659.39,3698.4,23392.3845,2025-07-22 10:59:59.999,86056461.870148,133255,14599.2401,53720019.849144
2025-07-22 11:00:00,3698.41,3719.99,3684.0,3705.3,35162.0448,2025-07-22 11:59:59.999,130072260.282138,153040,16659.8271,61642789.114461
2025-07-22 12:00:00,3705.3,3710.88,3690.72,3701.55,32560.026,2025-07-22 12:59:59.999,120490097.452464,160425,12820.7441,47444640.357549
2025-07-22 13:00:00,3701.54,3706.58,3633.47,3647.93,67814.5947,2025-07-22 13:59:59.999,248932036.722801,286077,28112.1941,103183440.59357
2025-07-22 14:00:00,3647.94,3707.0,3625.42,3706.33,58933.2768,2025-07-22 14:59:59.999,216057913.668954,273304,30835.1713,113143417.470167
2025-07-22 15:00:00,3706.32,3728.53,3693.14,3718.11,44834.9757,2025-07-22 15:59:59.999,166505371.96429,225473,22532.1653,83689530.697016
2025-07-22 16:00:00,3718.11,3748.9,3709.35,3716.98,35085.8669,2025-07-22 16:59:59.999,130878355.564245,185740,17365.8344,64787807.212617
2025-07-22 17:00:00,3716.97,3721.45,3676.58,3699.37,33934.5627,2025-07-22 17:59:59.999,125394597.387195,218370,15589.6644,57618578.224392
2025-07-22 18:00:00,3699.37,3723.84,3680.52,3710.65,26631.4789,2025-07-22 18:59:59.999,98618379.708246,175512,14128.9864,52332531.363352
2025-07-22 19:00:00,3710.65,3720.0,3655.19,3670.14,26390.4958,2025-07-22 19:59:59.999,97300389.113908,174059,13542.4459,49923985.614676
2025-07-22 20:00:00,3670.13,3710.63,3662.14,3706.73,22640.3203,2025-07-22 20:59:59.999,83537192.697113,118925,11348.69,41870538.420277
2025-07-22 21:00:00,3706.73,3711.0,3695.03,3705.77,11090.3307,2025-07-22 21:59:59.999,41073682.686444,62613,5725.0393,21202357.730244
2025-07-22 22:00:00,3705.78,3730.8,3705.78,3719.82,14189.2021,2025-07-22 22:59:59.999,52779440.341426,77252,8107.2008,30159242.804127
2025-07-22 23:00:00,3719.83,3751.0,3717.99,3746.21,22138.6933,2025-07-22 23:59:59.999,82820925.576741,92458,11589.3763,43355892.051031
2025-07-23 00:00:00,3746.21,3761.22,3724.73,3725.52,27510.7097,2025-07-23 00:59:59.999,102907112.154955,125370,13033.3168,48760697.491677
2025-07-23 01:00:00,3725.52,3742.42,3712.45,3738.53,18311.3502,2025-07-23 01:59:59.999,68278481.677883,114099,9910.7697,36956438.016716
2025-07-23 02:00:00,3738.51,3764.2,3724.15,3745.56,29429.0445,2025-07-23 02:59:59.999,110190300.344783,160784,14528.7291,54410810.638262
2025-07-23 03:00:00,3745.56,3758.88,3725.24,3728.63,18917.5296,2025-07-23 03:59:59.999,70793608.803955,109986,8452.3647,31635987.13273
2025-07-23 04:00:00,3728.63,3735.71,3719.62,3734.88,12440.0443,2025-07-23 04:59:59.999,46378301.296602,84531,5777.3284,21543187.201511
2025-07-23 05:00:00,3734.88,3737.6,3702.13,3713.52,17829.2516,2025-07-23 05:59:59.999,66281722.186442,105736,7957.6754,29587982.397053
2025-07-23 06:00:00,3713.52,3715.58,3686.37,3694.5,18469.8581,2025-07-23 06:59:59.999,68301519.229504,120832,8434.7671,31192351.174594
2025-07-23 07:00:00,3694.49,3699.71,3663.91,3673.33,26923.2764,2025-07-23 07:59:59.999,99118175.795584,124912,9978.7972,36739197.390839
2025-07-23 08:00:00,3673.33,3692.22,3667.03,3691.94,19730.8787,2025-07-23 08:59:59.999,72587187.869835,101901,10906.9348,40133803.438541
2025-07-23 09:00:00,3691.93,3698.0,3650.0,3658.78,26633.6092,2025-07-23 09:59:59.999,97673376.553803,128991,11152.4356,40921624.806023
2025-07-23 10:00:00,3658.78,3669.4,3639.96,3665.79,23295.7841,2025-07-23 10:59:59.999,85142940.570348,117350,11154.0981,40775183.337211
2025-07-23 11:00:00,3665.78,3676.51,3648.31,3671.99,16160.648,2025-07-23 11:59:59.999,59268780.020243,91414,8326.6678,30539663.051235
2025-07-23 12:00:00,3671.99,3680.68,3634.0,3640.25,24520.8167,2025-07-23 12:59:59.999,89676673.659318,153728,11218.8716,41041337.423657
2025-07-23 13:00:00,3640.24,3663.09,3573.47,3587.42,124610.4921,2025-07-23 13:59:59.999,450718242.14772,405590,47671.1795,172627978.803201
2025-07-23 14:00:00,3587.42,3624.84,3580.42,3616.44,71378.3683,2025-07-23 14:59:59.999,257267047.080842,235673,35382.4766,127553087.58209
2025-07-23 15:00:00,3616.43,3646.0,3596.86,3644.22,46946.9306,2025-07-23 15:59:59.999,169899593.238606,188952,27747.6137,100457728.371035
2025-07-23 16:00:00,3644.21,3644.21,3566.09,3571.0,54819.7769,2025-07-23 16:59:59.999,197295713.489665,252998,22474.6914,80856332.22309
2025-07-23 17:00:00,3571.0,3594.49,3552.0,3587.0,57791.4682,2025-07-23 17:59:59.999,206456244.495396,271579,27159.5987,97056156.611688
2025-07-23 18:00:00,3587.0,3607.0,3585.95,3604.24,18307.5937,2025-07-23 18:59:59.999,65859739.090083,133613,8786.8761,31605524.042582
2025-07-23 19:00:00,3604.24,3613.0,3582.67,3587.75,31470.2015,2025-07-23 19:59:59.999,113254582.287165,144272,12232.2606,44031671.055763
2025-07-23 20:00:00,3587.74,3605.07,3543.01,3568.0,43710.2849,2025-07-23 20:59:59.999,156005905.396253,234636,19608.697,69965226.982881
2025-07-23 21:00:00,3568.0,3594.35,3527.0,3591.39,39496.4075,2025-07-23 21:59:59.999,140496729.198378,188976,19603.4141,69753980.759362
2025-07-23 22:00:00,3591.47,3620.0,3578.01,3610.43,17069.5269,2025-07-23 22:59:59.999,61529366.397067,98957,9412.5358,33932857.674257
2025-07-23 23:00:00,3610.42,3634.93,3609.19,3628.29,14485.5508,2025-07-23 23:59:59.999,52519301.935865,67014,8171.2539,29621744.81043
2025-07-24 00:00:00,3628.29,3646.04,3612.57,3646.03,18200.334,2025-07-24 00:59:59.999,66082620.375611,110605,9252.198,33604190.214888
2025-07-24 01:00:00,3646.04,3648.4,3626.17,3647.86,10612.9856,2025-07-24 01:59:59.999,38631754.568431,80208,5107.206,18596375.62003
2025-07-24 02:00:00,3647.87,3652.34,3637.52,3649.79,11738.6182,2025-07-24 02:59:59.999,42802106.913184,74286,6355.6327,23176456.532778
2025-07-24 03:00:00,3649.79,3665.31,3639.03,3641.19,14695.2911,2025-07-24 03:59:59.999,53690269.981646,94158,8401.2641,30701519.532436
2025-07-24 04:00:00,3641.19,3657.57,3602.22,3609.75,24495.3513,2025-07-24 04:59:59.999,88889306.969218,136606,10533.5567,38232303.160843
2025-07-24 05:00:00,3609.75,3610.21,3556.32,3556.33,47724.4991,2025-07-24 05:59:59.999,170942542.220888,230846,21656.7657,77599884.444006
2025-07-24 06:00:00,3556.33,3579.37,3526.28,3544.94,37555.5458,2025-07-24 06:59:59.999,133396715.603005,237302,17598.4181,62541344.568017
2025-07-24 07:00:00,3544.93,3595.92,3502.85,3591.9,50681.7577,2025-07-24 07:59:59.999,179764878.990225,228950,26409.723,93773854.369664
2025-07-24 08:00:00,3591.9,3644.77,3580.79,3633.48,34273.5274,2025-07-24 08:59:59.999,124111642.342884,183009,17736.0398,64233554.044665
2025-07-24 09:00:00,3633.48,3644.12,3617.32,3636.11,22110.6185,2025-07-24 09:59:59.999,80265403.886266,129557,10955.7977,39777372.5885
2025-07-24 10:00:00,3636.11,3658.0,3591.27,3620.98,37392.8481,2025-07-24 10:59:59.999,135415115.083182,176772,18662.4622,67613692.67967
2025-07-24 11:00:00,3620.97,3660.36,3619.23,3655.12,27035.1242,2025-07-24 11:59:59.999,98580879.393132,139831,16624.39,60620977.65797
2025-07-24 12:00:00,3655.12,3659.89,3619.4,3642.65,26266.8279,2025-07-24 12:59:59.999,95552917.323124,150089,13314.7806,48441365.984057
2025-07-24 13:00:00,3642.64,3656.0,3627.01,3629.93,23632.8563,2025-07-24 13:59:59.999,86079278.028205,189170,11178.8455,40727777.805125
2025-07-24 14:00:00,3629.93,3737.5,3612.96,3734.44,72047.3751,2025-07-24 14:59:59.999,265091716.124555,312470,40389.7239,148624140.170762
2025-07-24 15:00:00,3734.45,3771.0,3708.5,3730.76,84760.5973,2025-07-24 15:59:59.999,317062050.198781,307929,40500.9337,151544718.362601
2025-07-24 16:00:00,3730.77,3732.39,3666.74,3686.69,44856.1382,2025-07-24 16:59:59.999,165835802.367551,213397,19044.4181,70388423.291436
2025-07-24 17:00:00,3686.69,3734.27,3682.5,3724.7,31513.2454,2025-07-24 17:59:59.999,117028736.975152,149995,15530.5849,57670109.920724
2025-07-24 18:00:00,3724.69,3750.0,3711.83,3740.8,26760.5225,2025-07-24 18:59:59.999,99930725.393358,129917,13473.2204,50319465.75344
2025-07-24 19:00:00,3740.81,3754.17,3720.0,3732.79,31936.7503,2025-07-24 19:59:59.999,119419981.449864,120717,15312.4465,57259753.748171
2025-07-24 20:00:00,3732.77,3743.44,3722.28,3735.44,15153.6798,2025-07-24 20:59:59.999,56568723.847022,79294,6968.6661,26018111.32772
2025-07-24 21:00:00,3735.44,3742.92,3710.01,3725.78,15871.6981,2025-07-24 21:59:59.999,59142459.407709,84057,7723.8115,28778277.683575
2025-07-24 22:00:00,3725.78,3735.07,3701.21,3724.27,19914.9625,2025-07-24 22:59:59.999,74049422.704079,93141,11126.13,41370068.226126
2025-07-24 23:00:00,3724.28,3724.28,3695.32,3706.94,20228.3406,2025-07-24 23:59:59.999,74991701.840097,100307,8868.3025,32873407.158075
2025-07-25 00:00:00,3706.95,3708.21,3646.5,3659.4,28281.3611,2025-07-25 00:59:59.999,103864393.181638,207312,13280.7425,48765578.237112
2025-07-25 01:00:00,3659.4,3691.21,3641.98,3683.27,47274.5804,2025-07-25 01:59:59.999,173211019.81744,214627,21458.4674,78645373.684274
2025-07-25 02:00:00,3683.28,3691.3,3615.97,3615.97,43447.3883,2025-07-25 02:59:59.999,158790043.935751,229752,18418.6853,67330011.194564
2025-07-25 03:00:00,3615.98,3633.57,3573.76,3596.0,55609.9981,2025-07-25 03:59:59.999,200303111.465713,273877,24425.3495,88040868.373965
2025-07-25 04:00:00,3596.01,3651.55,3580.0,3648.6,37699.4906,2025-07-25 04:59:59.999,136071920.692848,214923,19518.4749,70480759.046621
2025-07-25 05:00:00,3648.59,3650.01,3610.81,3633.41,27328.5641,2025-07-25 05:59:59.999,99196307.862798,165727,14266.4964,51794816.698868
2025-07-25 06:00:00,3633.41,3643.78,3611.35,3631.61,26615.1727,2025-07-25 06:59:59.999,96512447.358268,155358,13477.9599,48871962.484745
2025-07-25 07:00:00,3631.61,3667.59,3599.44,3631.67,47169.404,2025-07-25 07:59:59.999,171099383.790032,266965,23352.0283,84737071.670445
2025-07-25 08:00:00,3631.67,3678.0,3629.1,3664.82,36451.261,2025-07-25 08:59:59.999,133208277.406667,241928,21440.9147,78379758.595975
2025-07-25 09:00:00,3664.83,3732.69,3650.0,3726.08,53731.0449,2025-07-25 09:59:59.999,198832479.021399,268339,25791.4489,95414344.650297
2025-07-25 10:00:00,3726.09,3747.0,3705.34,3718.89,37635.8802,2025-07-25 10:59:59.999,140124360.73154,176495,16162.9425,60194237.341982
2025-07-25 11:00:00,3718.89,3744.0,3715.45,3721.37,22513.0778,2025-07-25 11:59:59.999,83956750.188745,122494,11902.2314,44395898.248937
2025-07-25 12:00:00,3721.37,3735.0,3694.03,3704.45,26885.7594,2025-07-25 12:59:59.999,99915686.601925,147262,11801.853,43871623.59624
2025-07-25 13:00:00,3704.45,3719.94,3676.33,3706.03,38033.3293,2025-07-25 13:59:59.999,140656301.691886,203772,18995.975,70251146.632721
2025-07-25 14:00:00,3706.03,3708.83,3620.93,3629.23,44491.2724,2025-07-25 14:59:59.999,163020790.502946,255433,20895.0353,76581472.447067
2025-07-25 15:00:00,3629.23,3647.66,3601.56,3634.2,45934.1338,2025-07-25 15:59:59.999,166648431.069389,229865,23829.5871,86463053.694669
2025-07-25 16:00:00,3634.21,3645.69,3615.0,3640.78,27866.8286,2025-07-25 16:59:59.999,101254350.116788,150471,11503.6812,41810440.295877
2025-07-25 17:00:00,3640.77,3652.86,3621.39,3636.48,24616.9496,2025-07-25 17:59:59.999,89547323.780686,114722,11566.4454,42080055.414902
2025-07-25 18:00:00,3636.47,3658.52,3635.53,3650.25,15223.6952,2025-07-25 18:59:59.999,55528740.818403,75769,7768.5406,28339706.281055
2025-07-25 19:00:00,3650.25,3659.75,3641.04,3641.14,10561.4631,2025-07-25 19:59:59.999,38572151.061487,66934,5070.3185,18518453.760006
2025-07-25 20:00:00,3641.15,3697.4,3639.5,3685.12,14607.5156,2025-07-25 20:59:59.999,53699963.199595,91111,8775.4902,32261373.939439
2025-07-25 21:00:00,3685.13,3726.7,3685.13,3719.81,26603.9447,2025-07-25 21:59:59.999,98823855.929794,106998,14166.8735,52609631.638869
2025-07-25 22:00:00,3719.81,3730.0,3715.2,3720.07,15533.0319,2025-07-25 22:59:59.999,57810515.939146,59680,7456.2213,27752393.734519
2025-07-25 23:00:00,3720.06,3729.92,3708.85,3724.96,10491.5793,2025-07-25 23:59:59.999,39015076.567022,43305,4972.2442,18492330.733219
2025-07-26 00:00:00,3724.97,3728.06,3711.27,3725.51,9159.5545,2025-07-26 00:59:59.999,34082008.117068,64212,4781.5114,17791756.946732
2025-07-26 01:00:00,3725.52,3726.0,3697.66,3702.13,13859.5271,2025-07-26 01:59:59.999,51462027.043344,59936,5642.675,20950913.713975
2025-07-26 02:00:00,3702.12,3767.13,3702.12,3742.67,41089.1299,2025-07-26 02:59:59.999,153759977.328018,149066,23108.6891,86470229.228038
2025-07-26 03:00:00,3742.67,3746.77,3728.21,3739.51,9811.4012,2025-07-26 03:59:59.999,36663109.058025,56467,4528.4598,16923701.762195
2025-07-26 04:00:00,3739.5,3753.54,3737.32,3748.34,15426.1536,2025-07-26 04:59:59.999,57791923.654505,61775,8510.9109,31889030.335068
2025-07-26 05:00:00,3748.35,3756.62,3734.15,3748.02,14169.8692,2025-07-26 05:59:59.999,53091551.661749,49345,4977.6897,18654808.550705
2025-07-26 06:00:00,3748.02,3750.54,3731.53,3739.78,8923.7456,2025-07-26 06:59:59.999,33382501.022857,46299,3316.0066,12405577.023188
2025-07-26 07:00:00,3739.77,3748.46,3738.09,3742.21,6037.1089,2025-07-26 07:59:59.999,22597789.875837,33170,2776.1878,10391420.817074
2025-07-26 08:00:00,3742.2,3779.0,3742.2,3762.73,28381.5061,2025-07-26 08:59:59.999,106769724.877812,96602,17550.7143,66016574.831403
2025-07-26 09:00:00,3762.73,3765.65,3749.39,3759.1,13007.7625,2025-07-26 09:59:59.999,48859049.495552,53477,6587.1124,24743182.579928
2025-07-26 10:00:00,3759.11,3782.83,3752.56,3759.93,24687.2251,2025-07-26 10:59:59.999,93016930.164309,94514,13349.8992,50313810.467675
2025-07-26 11:00:00,3759.94,3770.0,3730.25,3739.36,44617.9521,2025-07-26 11:59:59.999,167216411.825819,116383,25166.2413,94312563.303229
2025-07-26 12:00:00,3739.37,3751.14,3725.0,3741.98,18911.2628,2025-07-26 12:59:59.999,70750291.410607,76098,8885.5215,33247763.634743
2025-07-26 13:00:00,3741.98,3754.2,3736.18,3743.62,14980.8919,2025-07-26 13:59:59.999,56121583.562558,67708,6053.0705,22677933.905379
2025-07-26 14:00:00,3743.63,3748.2,3724.57,3727.97,17223.2689,2025-07-26 14:59:59.999,64355829.647109,81071,6261.3371,23391625.785169
2025-07-26 15:00:00,3727.98,3740.05,3715.58,3735.72,13325.3873,2025-07-26 15:59:59.999,49675509.355929,74192,6360.1162,23714678.583995
2025-07-26 16:00:00,3735.72,3741.99,3719.75,3727.96,14425.3224,2025-07-26 16:59:59.999,53794747.665258,67365,6730.6818,25100951.065486
2025-07-26 17:00:00,3727.96,3734.85,3721.6,3723.72,6649.2903,2025-07-26 17:59:59.999,24780349.933811,46375,3162.8123,11787679.694978
2025-07-26 18:00:00,3723.73,3756.0,3709.39,3740.14,22762.2322,2025-07-26 18:59:59.999,85044429.1468,87968,10632.0788,39728274.226827
2025-07-26 19:00:00,3740.14,3756.06,3739.35,3750.5,9664.989,2025-07-26 19:59:59.999,36202015.691634,46343,3968.564,14868938.099769
2025-07-26 20:00:00,3750.5,3751.93,3733.49,3745.36,8491.6458,2025-07-26 20:59:59.999,31787492.353841,49618,4339.3327,16244631.584525
2025-07-26 21:00:00,3745.35,3763.65,3738.08,3758.77,9485.2754,2025-07-26 21:59:59.999,35560137.554886,46644,5916.2584,22186607.338095
2025-07-26 22:00:00,3758.77,3793.0,3742.41,3750.16,34803.1815,2025-07-26 22:59:59.999,131068271.318176,142552,19098.5669,71958392.933053
2025-07-26 23:00:00,3750.17,3755.48,3736.84,3741.1,7366.0191,2025-07-26 23:59:59.999,27588423.300641,53315,3121.744,11693667.222163
2025-07-27 00:00:00,3741.11,3756.27,3731.0,3756.26,9134.5902,2025-07-27 00:59:59.999,34189888.725768,69491,4411.9995,16518361.316385
2025-07-27 01:00:00,3756.26,3772.58,3750.71,3756.43,10790.3901,2025-07-27 01:59:59.999,40620317.490656,76148,5144.5819,19369217.157499
2025-07-27 02:00:00,3756.43,3787.8,3752.08,3784.72,10330.5516,2025-07-27 02:59:59.999,38960588.082332,66340,6049.1897,22818001.154893
2025-07-27 03:00:00,3784.73,3786.02,3770.71,3774.03,10789.7027,2025-07-27 03:59:59.999,40758630.64974,54884,5647.9834,21337363.333189
2025-07-27 04:00:00,3774.03,3791.65,3768.66,3791.01,9237.2574,2025-07-27 04:59:59.999,34927474.915331,54499,5540.8866,20954737.457286
2025-07-27 05:00:00,3791.01,3811.0,3781.84,3790.94,31584.0526,2025-07-27 05:59:59.999,119888306.045197,107740,18426.9888,69954005.618189
2025-07-27 06:00:00,3790.93,3791.29,3764.84,3772.2,11596.5556,2025-07-27 06:59:59.999,43796593.824938,65727,4667.2877,17623052.288595
2025-07-27 07:00:00,3772.21,3782.91,3763.0,3768.01,8011.163,2025-07-27 07:59:59.999,30226291.126416,51957,3319.519,12524716.239566
2025-07-27 08:00:00,3768.0,3776.34,3764.5,3770.96,7365.2751,2025-07-27 08:59:59.999,27767883.93188,45292,3652.7747,13772562.213204
2025-07-27 09:00:00,3770.96,3774.01,3751.0,3763.5,12870.578,2025-07-27 09:59:59.999,48447402.85312,61921,5540.3077,20856384.650649
2025-07-27 10:00:00,3763.5,3842.95,3763.48,3817.06,46903.311,2025-07-27 10:59:59.999,178782545.13299,166168,26265.6588,100063739.304321
2025-07-27 11:00:00,3817.06,3835.83,3804.77,3815.26,23691.8901,2025-07-27 11:59:59.999,90499233.250935,123354,11586.935,44264711.403716
2025-07-27 12:00:00,3815.26,3836.54,3806.04,3825.99,30750.3606,2025-07-27 12:59:59.999,117524477.351936,115928,15228.7358,58201609.622448
2025-07-27 13:00:00,3825.99,3830.72,3806.5,3810.07,21486.0223,2025-07-27 13:59:59.999,82001687.593907,76610,7321.0936,27940622.215026
2025-07-27 14:00:00,3810.07,3822.8,3791.48,3809.44,21002.1839,2025-07-27 14:59:59.999,79985956.114071,112703,9361.8632,35667776.389312
2025-07-27 15:00:00,3809.44,3821.47,3793.48,3818.53,17137.6814,2025-07-27 15:59:59.999,65265167.333665,99367,8136.8669,31001890.004394
2025-07-27 16:00:00,3818.53,3850.47,3811.0,3816.02,39208.5316,2025-07-27 16:59:59.999,150378604.568712,185316,21653.9029,83087854.096746
2025-07-27 17:00:00,3816.03,3841.78,3809.01,3838.25,20294.9463,2025-07-27 17:59:59.999,77609038.619631,114298,10479.7563,40070780.783518
2025-07-27 18:00:00,3838.24,3868.08,3833.27,3846.26,37263.3847,2025-07-27 18:59:59.999,143622840.043254,143192,17956.227,69217054.651378
2025-07-27 19:00:00,3846.26,3851.81,3826.59,3828.32,12728.721,2025-07-27 19:59:59.999,48869474.9953,78467,5613.6538,21559590.030592
2025-07-27 20:00:00,3828.33,3843.2,3819.86,3822.4,11283.5036,2025-07-27 20:59:59.999,43226621.234702,82904,5780.2031,22146359.974541
2025-07-27 21:00:00,3822.41,3840.75,3816.01,3837.12,9289.3091,2025-07-27 21:59:59.999,35537584.102091,71538,4799.0895,18361104.983312
2025-07-27 22:00:00,3837.12,3879.82,3835.77,3864.13,27304.0414,2025-07-27 22:59:59.999,105373493.842864,164151,13836.202,53408640.953312
2025-07-27 23:00:00,3864.13,3875.85,3839.49,3872.1,17298.4572,2025-07-27 23:59:59.999,66732338.756092,111389,9887.6148,38160564.536755
2025-07-28 00:00:00,3872.11,3887.0,3855.03,3862.01,25792.3634,2025-07-28 00:59:59.999,99920879.889332,171086,13039.8557,50516794.721717
2025-07-28 01:00:00,3862.01,3865.0,3844.11,3849.67,16486.2587,2025-07-28 01:59:59.999,63531331.84252,104044,9072.6796,34960873.551338
2025-07-28 02:00:00,3849.67,3907.4,3843.0,3885.88,47268.1045,2025-07-28 02:59:59.999,183766887.578165,185559,28184.8159,109582565.111595
2025-07-28 03:00:00,3885.87,3893.77,3868.03,3879.81,11577.1928,2025-07-28 03:59:59.999,44901743.876055,78808,5226.3653,20273200.794007
2025-07-28 04:00:00,3879.81,3904.51,3868.34,3902.16,18791.3528,2025-07-28 04:59:59.999,73100285.761983,87140,10837.4293,42166335.606902
2025-07-28 05:00:00,3902.17,3941.0,3900.63,3929.8,45240.8082,2025-07-28 05:59:59.999,177738697.023111,172795,26749.7048,105090911.789815
2025-07-28 06:00:00,3929.79,3933.96,3909.72,3912.81,24332.1264,2025-07-28 06:59:59.999,95416768.920015,97190,11335.8646,44467105.212184
2025-07-28 07:00:00,3912.82,3914.25,3875.94,3893.0,28328.3475,2025-07-28 07:59:59.999,110204930.287473,139195,12055.462,46892763.586302
2025-07-28 08:00:00,3893.01,3901.94,3883.03,3891.92,14540.8937,2025-07-28 08:59:59.999,56588010.963659,84834,7273.1737,28308063.612119
2025-07-28 09:00:00,3891.91,3895.94,3871.88,3894.24,16662.4748,2025-07-28 09:59:59.999,64741065.72716,93891,8283.4856,32192122.937395
2025-07-28 10:00:00,3894.24,3897.26,3876.1,3887.8,12091.6578,2025-07-28 10:59:59.999,46989301.148246,75896,6883.55,26751185.229134
2025-07-28 11:00:00,3887.81,3893.8,3860.01,3879.79,18012.7161,2025-07-28 11:59:59.999,69796959.768026,84850,7367.3402,28548344.067452
2025-07-28 12:00:00,3879.8,3889.99,3869.27,3871.02,14495.6485,2025-07-28 12:59:59.999,56255460.922152,88616,6338.1817,24602662.479467
2025-07-28 13:00:00,3871.02,3874.75,3826.27,3843.56,44099.5695,2025-07-28 13:59:59.999,169767284.630813,238991,20495.3617,78908547.385672
2025-07-28 14:00:00,3843.57,3852.23,3773.33,3785.04,80763.7429,2025-07-28 14:59:59.999,306971610.319033,319374,35087.1666,133354468.676228
2025-07-28 15:00:00,3785.03,3824.3,3781.28,3808.11,36626.1649,2025-07-28 15:59:59.999,139387192.313592,172005,18714.0671,71207315.344831
2025-07-28 16:00:00,3808.11,3822.8,3793.04,3806.51,22099.1217,2025-07-28 16:59:59.999,84188808.299328,153863,9348.1733,35602442.77704
2025-07-28 17:00:00,3806.51,3809.99,3778.79,3784.48,22986.1535,2025-07-28 17:59:59.999,87193778.841503,132572,9320.521,35362485.825624
2025-07-28 18:00:00,3784.48,3788.55,3754.0,3782.69,32954.6492,2025-07-28 18:59:59.999,124211507.788164,168369,15064.8394,56800964.584791
2025-07-28 19:00:00,3782.69,3806.8,3764.7,3797.36,22349.208,2025-07-28 19:59:59.999,84674908.731756,120893,11045.7378,41842175.323163
2025-07-28 20:00:00,3797.37,3803.98,3765.88,3788.05,14148.2502,2025-07-28 20:59:59.999,53514438.515467,104014,7036.5122,26605153.785642
2025-07-28 21:00:00,3788.04,3803.56,3775.32,3789.17,11009.9561,2025-07-28 21:59:59.999,41722458.101197,77233,5731.8827,21730917.332552
2025-07-28 22:00:00,3789.17,3803.22,3766.01,3787.04,14011.4856,2025-07-28 22:59:59.999,53051812.96643,104531,7021.3102,26587806.905289
2025-07-28 23:00:00,3787.05,3800.36,3775.0,3799.0,26326.4995,2025-07-28 23:59:59.999,99727413.920733,106021,12524.127,47441585.476722
2025-07-29 00:00:00,3799.0,3821.48,3744.3,3780.34,41797.5563,2025-07-29 00:59:59.999,158098506.953414,203710,18537.0589,70153605.592928
2025-07-29 01:00:00,3780.35,3798.76,3758.0,3758.88,13987.278,2025-07-29 01:59:59.999,52893457.242824,101082,6311.653,23878054.822558
2025-07-29 02:00:00,3758.89,3773.59,3731.21,3759.13,25087.7051,2025-07-29 02:59:59.999,94100343.369765,187688,10268.8512,38522937.952301
2025-07-29 03:00:00,3759.13,3797.98,3758.77,3791.9,17437.905,2025-07-29 03:59:59.999,65946755.069712,107695,10392.2647,39304276.335818
2025-07-29 04:00:00,3791.91,3801.88,3775.77,3778.48,11288.2628,2025-07-29 04:59:59.999,42779236.415517,85020,4993.2462,18925420.325466
2025-07-29 05:00:00,3778.48,3807.98,3778.47,3807.26,10960.8104,2025-07-29 05:59:59.999,41607605.366351,75335,5531.9643,21004932.526704
2025-07-29 06:00:00,3807.26,3834.29,3801.87,3828.8,22228.697,2025-07-29 06:59:59.999,84895920.397092,104023,12675.9584,48417192.057602
2025-07-29 07:00:00,3828.81,3880.0,3828.81,3877.36,41007.456,2025-07-29 07:59:59.999,158144061.719049,138859,22945.3087,88462919.419401
2025-07-29 08:00:00,3877.36,3886.44,3860.29,3872.52,21443.8209,2025-07-29 08:59:59.999,83089434.101087,107365,10431.372,40426360.479926
2025-07-29 09:00:00,3872.53,3879.94,3864.64,3872.62,11494.9907,2025-07-29 09:59:59.999,44527988.866561,73294,6181.4832,23947945.836446
2025-07-29 10:00:00,3872.61,3874.72,3824.0,3829.59,26919.2076,2025-07-29 10:59:59.999,103622753.689411,146343,13336.603,51347147.790767
2025-07-29 11:00:00,3829.59,3839.98,3811.78,3825.9,23135.7423,2025-07-29 11:59:59.999,88491535.30962,120420,10927.8809,41803217.1563
2025-07-29 12:00:00,3825.89,3860.22,3822.78,3852.81,24095.4202,2025-07-29 12:59:59.999,92602957.682912,124639,14523.2642,55812211.402356
2025-07-29 13:00:00,3852.82,3874.54,3827.49,3838.94,27156.8361,2025-07-29 13:59:59.999,104629993.101519,161464,12795.2043,49311337.462425
2025-07-29 14:00:00,3838.95,3840.26,3770.0,3782.26,46805.1798,2025-07-29 14:59:59.999,177950482.117468,255038,22105.8176,84039178.816731
2025-07-29 15:00:00,3782.25,3783.5,3747.0,3761.57,42820.093,2025-07-29 15:59:59.999,161208961.325655,225680,18405.2428,69319860.774452
2025-07-29 16:00:00,3761.56,3769.16,3716.04,3751.45,53252.6585,2025-07-29 16:59:59.999,199292287.171257,227364,23304.1339,87233338.443027
2025-07-29 17:00:00,3751.45,3793.59,3744.52,3769.74,29852.7315,2025-07-29 17:59:59.999,112538061.786107,155123,15706.6875,59226533.878591
2025-07-29 18:00:00,3769.73,3776.57,3752.48,3770.99,10972.3044,2025-07-29 18:59:59.999,41327536.269798,88548,4915.1331,18512981.486799
2025-07-29 19:00:00,3771.0,3797.0,3758.77,3765.89,23193.8182,2025-07-29 19:59:59.999,87558005.273894,114888,11674.3287,44073565.426819
2025-07-29 20:00:00,3765.89,3784.12,3739.14,3765.5,25881.9988,2025-07-29 20:59:59.999,97210341.871609,130189,12060.0637,45322530.381489
2025-07-29 21:00:00,3765.5,3785.49,3753.44,3781.14,12110.4815,2025-07-29 21:59:59.999,45628579.33845,64768,7019.9417,26450287.413541
2025-07-29 22:00:00,3781.14,3795.25,3759.49,3792.59,11736.1948,2025-07-29 22:59:59.999,44364586.666886,67836,5968.5425,22567210.517824
2025-07-29 23:00:00,3792.6,3801.77,3783.68,3793.79,9543.2904,2025-07-29 23:59:59.999,36184694.661844,55118,5280.4527,20023228.90169
2025-07-30 00:00:00,3793.79,3794.64,3756.0,3775.0,12983.3685,2025-07-30 00:59:59.999,48986380.527316,91401,5533.1104,20876075.048791
2025-07-30 01:00:00,3775.0,3812.16,3761.56,3791.73,19675.7683,2025-07-30 01:59:59.999,74627158.952148,112162,12099.2184,45923611.812039
2025-07-30 02:00:00,3791.73,3822.0,3784.68,3812.83,17463.2474,2025-07-30 02:59:59.999,66543112.480449,98704,9763.8158,37207795.561463
2025-07-30 03:00:00,3812.84,3828.71,3805.49,3817.47,15206.7538,2025-07-30 03:59:59.999,58047984.189781,66037,7754.3286,29604241.792908
2025-07-30 04:00:00,3817.46,3825.38,3799.56,3808.57,9136.4615,2025-07-30 04:59:59.999,34820788.466629,62559,3955.7249,15074126.044314
2025-07-30 05:00:00,3808.56,3815.38,3786.87,3810.23,13385.6109,2025-07-30 05:59:59.999,50903428.418748,86403,5793.1412,22033518.995322
2025-07-30 06:00:00,3810.24,3830.21,3809.26,3824.95,14652.8544,2025-07-30 06:59:59.999,55991182.697146,68404,7348.1483,28076086.695614
2025-07-30 07:00:00,3824.95,3834.03,3803.93,3811.44,15020.7968,2025-07-30 07:59:59.999,57386658.686954,85482,5869.6605,22432119.195214
2025-07-30 08:00:00,3811.44,3825.73,3797.54,3815.65,14395.7296,2025-07-30 08:59:59.999,54905017.942425,90335,6767.6331,25814276.858259
2025-07-30 09:00:00,3815.65,3819.95,3775.0,3786.51,21842.7706,2025-07-30 09:59:59.999,82808762.175347,129043,7829.4981,29684838.58749
2025-07-30 10:00:00,3786.51,3807.22,3768.23,3773.99,13545.4264,2025-07-30 10:59:59.999,51352526.475746,92000,5859.3095,22221860.241487
2025-07-30 11:00:00,3774.0,3786.0,3744.16,3758.18,24500.553,2025-07-30 11:59:59.999,92114767.687249,148783,10324.6625,38823645.518677
2025-07-30 12:00:00,3758.18,3785.06,3749.74,3774.24,21577.1376,2025-07-30 12:59:59.999,81318968.240284,153672,10646.777,40126180.864018
2025-07-30 13:00:00,3774.23,3785.93,3750.39,3766.68,21906.4802,2025-07-30 13:59:59.999,82525712.46586,194516,10041.301,37829859.177013
2025-07-30 14:00:00,3766.67,3832.0,3764.05,3819.52,25025.5747,2025-07-30 14:59:59.999,95104011.212743,182349,13196.792,50168115.885142
2025-07-30 15:00:00,3819.52,3822.6,3777.33,3797.25,21951.6512,2025-07-30 15:59:59.999,83338593.136205,180488,9500.5694,36075881.121011
2025-07-30 16:00:00,3797.25,3817.0,3780.88,3795.92,18401.5689,2025-07-30 16:59:59.999,69874770.64825,134793,8887.3047,33746060.984674
2025-07-30 17:00:00,3795.92,3815.0,3791.91,3805.14,10921.8745,2025-07-30 17:59:59.999,41552817.13244,89915,6705.377,25511637.236108
2025-07-30 18:00:00,3805.15,3822.0,3737.0,3738.37,60238.9357,2025-07-30 18:59:59.999,227645906.848932,308679,25545.6456,96649776.472903
2025-07-30 19:00:00,3738.37,3772.94,3677.65,3760.68,85817.5958,2025-07-30 19:59:59.999,318902858.746801,403749,38488.1253,143089592.510268
2025-07-30 20:00:00,3760.67,3787.63,3757.25,3770.64,20697.2213,2025-07-30 20:59:59.999,78101104.893245,136617,11802.2385,44532413.74996
2025-07-30 21:00:00,3770.64,3775.16,3742.79,3763.1,13176.3771,2025-07-30 21:59:59.999,49520256.105924,68710,6995.0421,26285670.825777
2025-07-30 22:00:00,3763.09,3771.42,3756.06,3764.02,9256.3163,2025-07-30 22:59:59.999,34830885.52037,57177,4589.1347,17268162.463684
2025-07-30 23:00:00,3764.01,3811.93,3763.04,3810.0,24644.8258,2025-07-30 23:59:59.999,93540347.837417,86421,13702.8896,52008804.053719
2025-07-31 00:00:00,3810.0,3849.99,3801.53,3843.92,34217.3024,2025-07-31 00:59:59.999,130994723.673204,141143,18013.876,68971344.720191
2025-07-31 01:00:00,3843.93,3850.62,3829.37,3838.0,23871.0341,2025-07-31 01:59:59.999,91659154.88361,95671,11541.4762,44325004.047256
2025-07-31 02:00:00,3837.99,3864.49,3831.96,3862.92,23555.3301,2025-07-31 02:59:59.999,90692990.035037,100379,11795.6314,45429462.3949
2025-07-31 03:00:00,3862.93,3868.0,3855.99,3863.31,18604.2069,2025-07-31 03:59:59.999,71824944.184363,79133,10736.3834,41451407.61798
2025-07-31 04:00:00,3863.31,3871.15,3854.77,3871.04,13813.8045,2025-07-31 04:59:59.999,53353607.753651,52365,7871.4504,30403986.48885
2025-07-31 05:00:00,3871.05,3871.05,3855.61,3859.15,13757.7822,2025-07-31 05:59:59.999,53128502.898268,45282,5843.697,22563800.395019
2025-07-31 06:00:00,3859.14,3878.67,3855.12,3874.08,16364.5745,2025-07-31 06:59:59.999,63274009.468339,64389,9414.0727,36401855.047323
2025-07-31 07:00:00,3874.08,3877.16,3861.24,3863.81,13287.1956,2025-07-31 07:59:59.999,51385768.062295,60588,5924.5545,22914212.563113
2025-07-31 08:00:00,3863.81,3873.28,3858.02,3863.7,10626.4331,2025-07-31 08:59:59.999,41074276.848658,48429,4869.9617,18825733.429963
2025-07-31 09:00:00,3863.7,3866.97,3855.16,3863.08,9891.3545,2025-07-31 09:59:59.999,38192467.842733,46016,4860.7127,18769361.791011
2025-07-31 10:00:00,3863.08,3866.87,3853.3,3855.48,11779.6698,2025-07-31 10:59:59.999,45465125.470608,48959,5421.5196,20927232.824526
2025-07-31 11:00:00,3855.48,3858.21,3826.3,3838.46,23035.835,2025-07-31 11:59:59.999,88461133.920282,81943,10108.2964,38825726.283338
2025-07-31 12:00:00,3838.45,3845.09,3822.95,3835.0,15791.6746,2025-07-31 12:59:59.999,60546189.772538,98534,7367.4663,28251259.090238
2025-07-31 13:00:00,3835.0,3835.18,3786.44,3807.57,36737.0388,2025-07-31 13:59:59.999,139866363.192985,200544,16778.1444,63885989.719538
2025-07-31 14:00:00,3807.57,3815.84,3766.66,3768.97,34278.9233,2025-07-31 14:59:59.999,129712839.981413,201569,14293.7203,54098354.024473
2025-07-31 15:00:00,3768.97,3797.93,3762.27,3788.38,22789.148,2025-07-31 15:59:59.999,86242720.257737,144594,12567.3142,47566805.783809
2025-07-31 16:00:00,3788.39,3819.0,3781.5,3804.17,23552.4347,2025-07-31 16:59:59.999,89542605.122668,152603,12298.6917,46762384.292646
2025-07-31 17:00:00,3804.17,3804.91,3768.05,3775.83,20852.5144,2025-07-31 17:59:59.999,78910456.115288,171474,8827.8526,33407631.404552
2025-07-31 18:00:00,3775.89,3788.5,3749.0,3775.58,28044.8439,2025-07-31 18:59:59.999,105634869.472581,168758,14223.9665,53604135.038532
2025-07-31 19:00:00,3775.58,3781.18,3735.0,3737.72,27147.9672,2025-07-31 19:59:59.999,101867776.831438,185292,11642.0017,43696408.48964
2025-07-31 20:00:00,3737.71,3748.89,3718.0,3735.03,25452.8649,2025-07-31 20:59:59.999,95004907.400286,163307,11813.9717,44114475.014247
2025-07-31 21:00:00,3735.03,3758.56,3710.0,3731.26,19365.6916,2025-07-31 21:59:59.999,72372955.223267,113703,9130.3373,34143901.344443
2025-07-31 22:00:00,3731.25,3731.25,3702.36,3709.33,20354.0144,2025-07-31 22:59:59.999,75586874.885272,141828,9366.1628,34785497.565366
2025-07-31 23:00:00,3709.34,3729.62,3684.33,3698.39,28916.8118,2025-07-31 23:59:59.999,107085012.106026,147977,10843.9678,40171277.407033
2025-08-01 00:00:00,3698.39,3699.28,3616.66,3682.1,64683.851,2025-08-01 00:59:59.999,237070739.774569,376355,26588.1306,97484837.223299
2025-08-01 01:00:00,3682.1,3697.38,3652.97,3689.42,39741.1247,2025-08-01 01:59:59.999,146150146.06839,292315,18008.4389,66237092.193749
2025-08-01 02:00:00,3689.41,3723.97,3680.43,3716.4,29951.0962,2025-08-01 02:59:59.999,111100636.938836,162889,14362.4886,53270349.586837
2025-08-01 03:00:00,3716.39,3724.02,3700.81,3704.98,14768.8882,2025-08-01 03:59:59.999,54821393.952681,79535,6981.0126,25915324.964548
2025-08-01 04:00:00,3704.98,3704.98,3677.48,3682.07,19925.9624,2025-08-01 04:59:59.999,73477767.914888,131048,8577.9517,31630154.423072
2025-08-01 05:00:00,3682.08,3693.31,3664.8,3675.1,17261.682,2025-08-01 05:59:59.999,63525187.753522,128890,7802.1876,28711015.928541
2025-08-01 06:00:00,3675.09,3682.48,3641.17,3662.69,24705.9831,2025-08-01 06:59:59.999,90438956.734877,162450,11199.5409,41002792.945669
2025-08-01 07:00:00,3662.69,3669.0,3624.11,3650.74,38437.3821,2025-08-01 07:59:59.999,139903792.562145,198713,18368.9453,66861366.01058
2025-08-01 08:00:00,3650.73,3650.73,3585.69,3609.43,55812.6381,2025-08-01 08:59:59.999,201579531.44955,291566,24766.822,89466242.896131
2025-08-01 09:00:00,3609.43,3640.77,3606.0,3618.31,21668.3628,2025-08-01 09:59:59.999,78643862.131328,129390,11708.8663,42495441.423088
2025-08-01 10:00:00,3618.32,3633.48,3609.33,3615.11,16454.2801,2025-08-01 10:59:59.999,59604197.499809,134109,8100.9782,29346559.232044
2025-08-01 11:00:00,3615.12,3643.48,3606.08,3642.72,12548.5623,2025-08-01 11:59:59.999,45493017.044091,124203,6709.8628,24331102.617687
2025-08-01 12:00:00,3642.72,3674.4,3630.5,3663.28,32798.7593,2025-08-01 12:59:59.999,119945118.610667,241286,17621.8425,64457330.43144
2025-08-01 13:00:00,3663.3,3675.85,3577.79,3599.69,46346.7421,2025-08-01 13:59:59.999,167794615.491848,332580,20248.7736,73339055.167895
2025-08-01 14:00:00,3599.69,3656.29,3565.0,3633.05,46768.4829,2025-08-01 14:59:59.999,169191229.417167,359603,21857.6269,79145435.228805
2025-08-01 15:00:00,3633.05,3636.67,3583.04,3616.1,27068.1158,2025-08-01 15:59:59.999,97596687.835163,273712,12584.5789,45377535.154437
2025-08-01 16:00:00,3616.1,3634.0,3575.61,3587.92,24715.0633,2025-08-01 16:59:59.999,89099104.588552,189770,11192.2399,40379596.798401
2025-08-01 17:00:00,3587.9,3601.99,3562.76,3572.26,29359.6714,2025-08-01 17:59:59.999,105048789.85035,264952,14231.2978,50920369.602168
2025-08-01 18:00:00,3572.25,3585.35,3537.5,3550.16,42139.9202,2025-08-01 18:59:59.999,149952109.110883,293058,18599.4852,66238227.661385
2025-08-01 19:00:00,3550.16,3561.26,3515.13,3518.4,37238.0571,2025-08-01 19:59:59.999,131660929.555381,250172,18063.5709,63909832.825049
2025-08-01 20:00:00,3518.42,3543.0,3491.0,3541.82,43154.155,2025-08-01 20:59:59.999,151689340.383502,227058,19177.9832,67456421.439467
2025-08-01 21:00:00,3541.81,3553.21,3533.33,3536.97,13732.2107,2025-08-01 21:59:59.999,48671201.839239,95529,7127.663,25268335.302948
2025-08-01 22:00:00,3536.98,3544.5,3431.75,3463.81,60953.5914,2025-08-01 22:59:59.999,211838631.497601,375349,25011.711,86895790.76459
2025-08-01 23:00:00,3463.82,3493.19,3449.31,3488.2,23634.5695,2025-08-01 23:59:59.999,82126726.232783,174146,12846.0069,44645450.779232
2025-08-02 00:00:00,3488.21,3515.18,3478.42,3515.17,38491.1655,2025-08-02 00:59:59.999,134506825.849398,208315,20227.5376,70683222.300932
2025-08-02 01:00:00,3515.17,3522.79,3496.74,3516.86,16079.1276,2025-08-02 01:59:59.999,56452268.182882,113786,8247.7565,28967449.408661
2025-08-02 02:00:00,3516.87,3527.5,3514.65,3523.88,11553.4675,2025-08-02 02:59:59.999,40677645.969605,78781,6186.2922,21782273.438394
2025-08-02 03:00:00,3523.88,3532.3,3519.0,3528.79,10487.8753,2025-08-02 03:59:59.999,36982505.058231,78776,4958.3782,17486597.089806
2025-08-02 04:00:00,3528.79,3535.0,3513.34,3533.69,11540.1723,2025-08-02 04:59:59.999,40698557.096082,64747,5455.8672,19244686.746776
2025-08-02 05:00:00,3533.69,3537.69,3516.4,3519.37,9194.7538,2025-08-02 05:59:59.999,32407517.275245,64098,3716.4927,13101299.281802
2025-08-02 06:00:00,3519.36,3520.07,3455.0,3480.01,37549.8939,2025-08-02 06:59:59.999,130713117.501904,245916,15483.3143,53890371.568994
2025-08-02 07:00:00,3480.0,3521.42,3469.04,3519.16,20382.0007,2025-08-02 07:59:59.999,71336907.187224,156267,10193.099,35682253.294877
2025-08-02 08:00:00,3519.17,3524.25,3487.45,3491.43,17942.5334,2025-08-02 08:59:59.999,62891228.39086,144283,7905.5424,27705466.815003
2025-08-02 09:00:00,3491.42,3504.01,3481.77,3492.22,11680.208,2025-08-02 09:59:59.999,40784421.631394,126533,4921.5775,17189100.112724
2025-08-02 10:00:00,3492.22,3495.58,3474.23,3491.01,10821.9698,2025-08-02 10:59:59.999,37710089.769236,128418,5032.0458,17535522.089817
2025-08-02 11:00:00,3491.01,3518.0,3482.48,3508.67,12498.2359,2025-08-02 11:59:59.999,43828868.268922,110696,6537.8227,22928417.023552
2025-08-02 12:00:00,3508.67,3515.0,3496.63,3509.02,8280.2628,2025-08-02 12:59:59.999,29024593.319871,102678,3917.7422,13734498.930888
2025-08-02 13:00:00,3509.03,3516.77,3492.47,3509.37,10974.7124,2025-08-02 13:59:59.999,38495646.340445,122247,5430.12,19051803.541178
2025-08-02 14:00:00,3509.37,3517.56,3467.16,3479.5,22217.9751,2025-08-02 14:59:59.999,77427237.782207,195666,10387.9175,36193347.9817
2025-08-02 15:00:00,3479.5,3492.16,3451.43,3459.33,19584.6042,2025-08-02 15:59:59.999,67946358.056615,189473,9095.386,31553049.839499
2025-08-02 16:00:00,3459.33,3477.28,3429.05,3471.9,29746.7857,2025-08-02 16:59:59.999,102723097.323771,243235,14482.4069,50032220.115992
2025-08-02 17:00:00,3471.91,3481.64,3414.92,3424.22,26543.2993,2025-08-02 17:59:59.999,91456441.444075,199541,11395.8143,39258205.098968
2025-08-02 18:00:00,3424.23,3433.25,3372.47,3383.7,66034.7859,2025-08-02 18:59:59.999,224439915.429788,342184,24721.5462,83998701.850933
2025-08-02 19:00:00,3383.7,3425.34,3376.22,3383.2,33583.1256,2025-08-02 19:59:59.999,114161412.908779,211360,18450.357,62716137.878671
2025-08-02 20:00:00,3383.2,3424.0,3382.0,3423.83,17197.2489,2025-08-02 20:59:59.999,58570416.181118,155967,10043.932,34218640.46297
2025-08-02 21:00:00,3423.84,3441.69,3403.15,3412.43,17560.8819,2025-08-02 21:59:59.999,60067463.801178,120829,7858.9357,26897790.074113
2025-08-02 22:00:00,3412.43,3427.97,3388.73,3410.78,13987.9211,2025-08-02 22:59:59.999,47684969.230933,114280,7365.1256,25111709.505465
2025-08-02 23:00:00,3410.79,3418.81,3368.29,3393.94,20262.7028,2025-08-02 23:59:59.999,68718144.163168,185551,9761.9419,33106986.881683
2025-08-03 00:00:00,3393.94,3412.59,3354.28,3409.72,31890.6431,2025-08-03 00:59:59.999,107997556.037866,269497,16852.7486,57100818.21959
2025-08-03 01:00:00,3409.71,3423.25,3401.77,3413.59,14951.519,2025-08-03 01:59:59.999,51052959.387334,132853,7870.2633,26869539.057164
2025-08-03 02:00:00,3413.58,3446.01,3413.08,3444.14,13983.4333,2025-08-03 02:59:59.999,48035570.168181,96703,8753.5997,30066789.005433
2025-08-03 03:00:00,3444.14,3452.29,3439.56,3444.12,9389.1998,2025-08-03 03:59:59.999,32356204.385626,65979,4797.8426,16535801.200126
2025-08-03 04:00:00,3444.13,3448.13,3433.98,3444.31,7531.6346,2025-08-03 04:59:59.999,25908340.441448,73337,3759.852,12934491.420362
2025-08-03 05:00:00,3444.3,3456.0,3441.04,3444.74,8443.3784,2025-08-03 05:59:59.999,29113563.430326,77144,4340.4419,14968231.714363
2025-08-03 06:00:00,3444.74,3448.09,3437.12,3440.37,6130.9974,2025-08-03 06:59:59.999,21102266.430573,61938,2508.1849,8633375.697787
2025-08-03 07:00:00,3440.38,3459.62,3440.38,3456.25,11019.7632,2025-08-03 07:59:59.999,38035979.604825,68474,5636.6809,19451485.5403
2025-08-03 08:00:00,3456.24,3469.23,3454.11,3462.64,11996.686,2025-08-03 08:59:59.999,41519291.031098,78567,6810.6918,23572802.236804
2025-08-03 09:00:00,3462.65,3467.16,3455.09,3466.26,7063.0766,2025-08-03 09:59:59.999,24447567.008498,62983,3602.5453,12470556.058408
2025-08-03 10:00:00,3466.26,3488.0,3465.21,3484.94,14780.1949,2025-08-03 10:59:59.999,51397666.286903,72556,8200.0092,28509057.521587
2025-08-03 11:00:00,3484.94,3516.31,3484.5,3485.46,24185.4187,2025-08-03 11:59:59.999,84639993.916648,153516,12657.1573,44297334.961183
2025-08-03 12:00:00,3485.45,3504.27,3475.63,3489.66,13322.4888,2025-08-03 12:59:59.999,46468415.705146,117707,6228.3203,21725003.186716
2025-08-03 13:00:00,3489.67,3499.16,3483.98,3492.15,8257.0432,2025-08-03 13:59:59.999,28827905.47964,95354,4070.8901,14214413.162175
2025-08-03 14:00:00,3492.15,3494.44,3463.91,3472.08,15904.9333,2025-08-03 14:59:59.999,55285842.543492,142328,5564.6696,19344488.012695
2025-08-03 15:00:00,3472.08,3479.02,3454.34,3476.49,13775.3339,2025-08-03 15:59:59.999,47740813.852397,133641,6682.6146,23168538.582147
2025-08-03 16:00:00,3476.49,3496.68,3467.85,3495.03,13016.2107,2025-08-03 16:59:59.999,45314415.974091,95580,7961.6128,27722558.403012
2025-08-03 17:00:00,3495.03,3499.66,3480.1,3489.81,8693.7508,2025-08-03 17:59:59.999,30341439.229837,85367,4576.168,15972784.299433
2025-08-03 18:00:00,3489.82,3498.0,3481.54,3496.47,7343.8967,2025-08-03 18:59:59.999,25636455.496089,80719,4207.8101,14688386.099087
2025-08-03 19:00:00,3496.48,3515.0,3488.73,3496.74,17761.4273,2025-08-03 19:59:59.999,62246145.787179,102515,11824.4996,41446577.7114
2025-08-03 20:00:00,3496.75,3497.93,3484.0,3492.63,7579.8708,2025-08-03 20:59:59.999,26455230.032259,87657,4053.1256,14147626.081706
2025-08-03 21:00:00,3492.64,3508.71,3489.14,3502.44,8030.1638,2025-08-03 21:59:59.999,28102767.867,64980,4373.8261,15306565.954046
2025-08-03 22:00:00,3502.44,3515.49,3483.5,3503.41,8560.7602,2025-08-03 22:59:59.999,29928851.451857,106069,4282.7429,14974231.105829
2025-08-03 23:00:00,3503.41,3521.79,3495.19,3496.74,12735.8513,2025-08-03 23:59:59.999,44681690.785297,103015,7190.9328,25237362.71576
2025-08-04 00:00:00,3496.75,3551.98,3490.73,3546.17,20294.4593,2025-08-04 00:59:59.999,71590998.494384,164249,12881.4294,45460819.275891
2025-08-04 01:00:00,3546.16,3568.32,3533.84,3537.84,21871.3514,2025-08-04 01:59:59.999,77564293.248077,159898,11469.1611,40697591.978902
2025-08-04 02:00:00,3537.85,3571.88,3523.66,3571.66,23300.425,2025-08-04 02:59:59.999,82627745.273626,130515,15774.9395,55962737.871459
2025-08-04 03:00:00,3571.66,3576.07,3555.16,3556.8,10075.0921,2025-08-04 03:59:59.999,35901236.309885,74900,5327.774,18986716.271048
2025-08-04 04:00:00,3556.79,3565.67,3536.08,3539.56,14816.6168,2025-08-04 04:59:59.999,52589350.405797,82720,6958.7025,24698963.607311
2025-08-04 05:00:00,3539.56,3541.3,3524.14,3533.46,10448.7895,2025-08-04 05:59:59.999,36896475.237576,82684,4208.8617,14863679.006621
2025-08-04 06:00:00,3533.46,3541.49,3520.69,3538.95,11440.8843,2025-08-04 06:59:59.999,40408805.963704,96785,6252.9701,22091796.612769
2025-08-04 07:00:00,3538.94,3554.21,3536.58,3551.99,10991.9173,2025-08-04 07:59:59.999,38974289.242651,82286,5888.0086,20878595.312265
2025-08-04 08:00:00,3552.0,3564.7,3542.25,3550.5,16866.3252,2025-08-04 08:59:59.999,59951468.933939,120876,7931.6468,28196366.817055
2025-08-04 09:00:00,3550.5,3563.6,3545.24,3547.19,9126.3226,2025-08-04 09:59:59.999,32443511.665887,97447,4607.7021,16379062.062599
2025-08-04 10:00:00,3547.2,3574.47,3545.0,3554.9,11163.6158,2025-08-04 10:59:59.999,39746261.004546,105780,6376.6344,22704719.52597
2025-08-04 11:00:00,3554.9,3566.12,3549.6,3555.7,8543.0119,2025-08-04 11:59:59.999,30386240.888326,86280,4397.3474,15644514.761914
2025-08-04 12:00:00,3555.71,3573.0,3551.1,3570.17,8758.9984,2025-08-04 12:59:59.999,31196643.68114,85037,4137.4147,14737504.356155
2025-08-04 13:00:00,3570.18,3621.2,3560.48,3621.18,39973.0102,2025-08-04 13:59:59.999,143630982.008284,234046,22499.1342,80862640.176364
2025-08-04 14:00:00,3621.19,3665.6,3618.51,3639.04,62527.0339,2025-08-04 14:59:59.999,227846837.110381,316563,31238.7754,113822466.377139
2025-08-04 15:00:00,3639.05,3657.46,3634.56,3648.89,24071.5376,2025-08-04 15:59:59.999,87751241.502379,174450,12037.1102,43891395.110034
2025-08-04 16:00:00,3648.89,3698.86,3648.85,3685.61,31790.7909,2025-08-04 16:59:59.999,116832883.158396,215291,17191.3983,63164620.995542
2025-08-04 17:00:00,3685.62,3718.54,3678.44,3681.5,29492.6576,2025-08-04 17:59:59.999,109099443.74252,216898,14114.9678,52228390.058476
2025-08-04 18:00:00,3681.5,3693.4,3671.26,3676.28,11484.4418,2025-08-04 18:59:59.999,42275283.151899,121089,5073.1227,18678273.997279
2025-08-04 19:00:00,3676.28,3688.46,3666.22,3669.73,12455.6091,2025-08-04 19:59:59.999,45797047.636022,130973,6016.1565,22123830.200161
2025-08-04 20:00:00,3669.73,3713.04,3661.21,3700.47,17101.3931,2025-08-04 20:59:59.999,63093481.917354,156704,9630.5632,35535993.790752
2025-08-04 21:00:00,3700.46,3732.0,3699.1,3710.02,18804.2053,2025-08-04 21:59:59.999,69861928.66363,149077,8782.0963,32633498.138746
2025-08-04 22:00:00,3710.02,3736.73,3710.02,3732.52,23577.2217,2025-08-04 22:59:59.999,87873069.64921,140861,13385.0058,49901678.960528
2025-08-04 23:00:00,3732.51,3733.74,3709.31,3720.99,14374.2753,2025-08-04 23:59:59.999,53479794.443385,91461,5137.7837,19112667.046296
2025-08-05 00:00:00,3720.99,3722.24,3693.66,3697.52,18166.7583,2025-08-05 00:59:59.999,67297897.954748,119445,8179.3561,30298981.153092
2025-08-05 01:00:00,3697.53,3707.43,3678.56,3680.38,13461.5777,2025-08-05 01:59:59.999,49706801.158639,123183,6275.0051,23180406.387962
2025-08-05 02:00:00,3680.38,3688.07,3672.5,3680.09,20551.5013,2025-08-05 02:59:59.999,75582923.838953,93443,7381.9959,27158538.218025
2025-08-05 03:00:00,3680.1,3681.16,3648.24,3651.94,22939.5826,2025-08-05 03:59:59.999,83967337.074924,114983,7694.127,28154857.838615
2025-08-05 04:00:00,3651.94,3667.84,3635.0,3649.02,14185.1342,2025-08-05 04:59:59.999,51808130.057304,110205,7138.8293,26081378.751217
2025-08-05 05:00:00,3649.03,3668.37,3646.91,3664.4,11672.3515,2025-08-05 05:59:59.999,42721624.244208,92388,6809.7513,24924414.979221
2025-08-05 06:00:00,3664.4,3679.69,3635.04,3650.85,17109.5981,2025-08-05 06:59:59.999,62641621.966935,125886,7971.4671,29203022.486592
2025-08-05 07:00:00,3650.85,3656.5,3601.53,3613.49,27886.6748,2025-08-05 07:59:59.999,101066192.319664,194191,11491.3577,41661192.805461
2025-08-05 08:00:00,3613.49,3637.5,3608.1,3634.81,18459.413,2025-08-05 08:59:59.999,66897128.8631,131643,10256.7054,37171727.999598
2025-08-05 09:00:00,3634.81,3666.55,3633.58,3660.56,14570.1279,2025-08-05 09:59:59.999,53166877.929179,103451,8716.6044,31806729.445372
2025-08-05 10:00:00,3660.56,3694.06,3654.0,3682.55,17429.1474,2025-08-05 10:59:59.999,64100752.55806,123356,9809.4724,36081260.471302
2025-08-05 11:00:00,3682.56,3686.3,3662.03,3673.79,16969.2144,2025-08-05 11:59:59.999,62348030.824123,128485,8931.1468,32815349.096942
2025-08-05 12:00:00,3673.8,3680.58,3609.73,3628.43,29620.7096,2025-08-05 12:59:59.999,107886418.725765,256545,13895.9793,50613493.607771
2025-08-05 13:00:00,3628.43,3659.4,3618.63,3646.86,22651.8476,2025-08-05 13:59:59.999,82382659.00909,227733,11829.0677,43017313.829997
2025-08-05 14:00:00,3646.85,3647.63,3559.82,3577.85,76416.0033,2025-08-05 14:59:59.999,274185452.294548,447932,33781.1926,121205041.02985
2025-08-05 15:00:00,3577.85,3598.21,3555.0,3570.43,36957.393,2025-08-05 15:59:59.999,132100040.780566,266867,17019.4995,60846422.409479
2025-08-05 16:00:00,3570.43,3594.4,3563.07,3577.67,22068.0117,2025-08-05 16:59:59.999,78984997.570765,202246,11068.2154,39619642.499329
2025-08-05 17:00:00,3577.67,3609.08,3576.53,3605.53,15739.6251,2025-08-05 17:59:59.999,56576963.229153,146379,7944.9574,28557546.924953
2025-08-05 18:00:00,3605.53,3612.26,3567.81,3587.69,15577.0193,2025-08-05 18:59:59.999,55882352.293388,170689,6640.2277,23825567.048807
2025-08-05 19:00:00,3587.7,3594.9,3559.71,3571.66,11272.0649,2025-08-05 19:59:59.999,40327392.257818,147246,5195.7578,18589984.007067
2025-08-05 20:00:00,3571.65,3597.7,3571.65,3576.5,8946.206,2025-08-05 20:59:59.999,32064012.977547,103704,4493.4968,16106083.588188
2025-08-05 21:00:00,3576.49,3590.91,3570.0,3575.62,8287.7314,2025-08-05 21:59:59.999,29684124.219502,63416,4003.9122,14341358.434256
2025-08-05 22:00:00,3575.61,3598.96,3546.0,3597.01,15588.6108,2025-08-05 22:59:59.999,55611816.749148,131244,7178.1131,25627004.906108
2025-08-05 23:00:00,3597.02,3624.56,3593.82,3612.0,12544.655,2025-08-05 23:59:59.999,45318178.743317,96346,6507.0452,23504352.555183
2025-08-06 00:00:00,3612.01,3614.0,3570.97,3576.17,14701.3921,2025-08-06 00:59:59.999,52804179.285012,140640,6004.0443,21558414.206467
2025-08-06 01:00:00,3576.29,3593.93,3564.19,3592.31,13311.2163,2025-08-06 01:59:59.999,47656767.779134,137641,6717.9063,24054707.693931
2025-08-06 02:00:00,3592.3,3596.05,3573.91,3592.34,6947.3673,2025-08-06 02:59:59.999,24917823.086425,96911,3230.6165,11588829.304589
2025-08-06 03:00:00,3592.35,3594.46,3572.05,3583.66,6443.6362,2025-08-06 03:59:59.999,23084846.550522,84133,3095.0421,11087466.935142
2025-08-06 04:00:00,3583.67,3584.89,3570.2,3573.51,6999.9054,2025-08-06 04:59:59.999,25031420.258159,73779,3222.6137,11524375.692504
2025-08-06 05:00:00,3573.5,3662.0,3569.28,3638.51,36791.5623,2025-08-06 05:59:59.999,133683042.516564,238602,21574.5297,78356038.164113
2025-08-06 06:00:00,3638.52,3643.94,3616.95,3632.23,14135.6883,2025-08-06 06:59:59.999,51302216.069645,124075,6384.0615,23169502.95633
2025-08-06 07:00:00,3632.23,3649.17,3625.0,3639.82,13062.1164,2025-08-06 07:59:59.999,47533535.32585,100070,7569.8754,27550081.569614
2025-08-06 08:00:00,3639.81,3643.04,3607.54,3622.15,17163.5719,2025-08-06 08:59:59.999,62187556.059639,111134,9495.9785,34408198.724385
2025-08-06 09:00:00,3622.14,3644.6,3616.54,3627.05,11538.5576,2025-08-06 09:59:59.999,41865931.907236,99875,6068.763,22021655.311448
2025-08-06 10:00:00,3627.06,3634.91,3611.54,3616.3,12126.8385,2025-08-06 10:59:59.999,43909457.401443,89100,5655.1335,20475957.523071
2025-08-06 11:00:00,3616.3,3630.55,3609.93,3619.64,7406.9453,2025-08-06 11:59:59.999,26814863.031456,60479,3267.3285,11827886.934645
2025-08-06 12:00:00,3619.63,3623.31,3579.38,3584.01,21252.4327,2025-08-06 12:59:59.999,76407389.282446,146350,9861.4578,35445536.41834
2025-08-06 13:00:00,3584.02,3604.7,3574.05,3602.75,23925.4513,2025-08-06 13:59:59.999,85928233.551377,220271,11149.6892,40046312.215553
2025-08-06 14:00:00,3602.76,3637.17,3587.97,3637.17,27369.5503,2025-08-06 14:59:59.999,98891239.718361,246472,14738.0712,53254978.539066
2025-08-06 15:00:00,3637.16,3669.38,3620.31,3664.69,29992.1527,2025-08-06 15:59:59.999,109196193.698316,205467,16385.5193,59658569.325483
2025-08-06 16:00:00,3664.7,3674.78,3640.16,3645.42,21273.1646,2025-08-06 16:59:59.999,77768093.564447,159484,10082.6133,36852493.181635
2025-08-06 17:00:00,3645.42,3684.26,3638.56,3682.32,14136.3406,2025-08-06 17:59:59.999,51788514.602329,122308,9127.8368,33446332.513004
2025-08-06 18:00:00,3682.31,3698.6,3672.44,3677.09,17679.717,2025-08-06 18:59:59.999,65178320.683334,130667,8870.2164,32711186.912314
2025-08-06 19:00:00,3677.08,3686.15,3669.11,3683.65,10806.3655,2025-08-06 19:59:59.999,39735017.421117,77500,4608.2282,16949394.960103
2025-08-06 20:00:00,3683.66,3683.66,3666.89,3674.54,9692.9289,2025-08-06 20:59:59.999,35615297.522507,63295,4719.3973,17340894.027561
2025-08-06 21:00:00,3674.53,3684.97,3652.38,3669.9,12537.5208,2025-08-06 21:59:59.999,45979271.294903,70056,5816.8954,21333961.507372
2025-08-06 22:00:00,3669.91,3682.82,3666.03,3682.15,7461.3455,2025-08-06 22:59:59.999,27431497.758384,68526,3829.8686,14079837.832646
2025-08-06 23:00:00,3682.15,3686.17,3674.0,3683.31,8554.153,2025-08-06 23:59:59.999,31492787.933534,45521,4983.5912,18348500.146793
2025-08-07 00:00:00,3683.31,3683.31,3663.76,3673.93,8821.4226,2025-08-07 00:59:59.999,32404533.256647,67001,3808.2002,13989996.35276
2025-08-07 01:00:00,3673.93,3716.61,3666.68,3667.55,29195.1749,2025-08-07 01:59:59.999,107834273.699961,157472,17073.4712,63070250.163657
2025-08-07 02:00:00,3667.55,3677.84,3650.4,3659.03,10793.6538,2025-08-07 02:59:59.999,39552520.069412,93055,4665.4961,17099606.380369
2025-08-07 03:00:00,3659.02,3664.7,3647.63,3656.78,7312.4733,2025-08-07 03:59:59.999,26741858.457292,50221,3637.0602,13301621.883115
2025-08-07 04:00:00,3656.78,3670.91,3655.09,3662.27,7952.4262,2025-08-07 04:59:59.999,29135827.987942,47350,4831.4913,17703411.119351
2025-08-07 05:00:00,3662.27,3688.66,3659.33,3688.0,7630.6906,2025-08-07 05:59:59.999,28041966.204968,60493,4233.6779,15555910.834564
2025-08-07 06:00:00,3688.0,3711.0,3686.58,3695.14,19795.4181,2025-08-07 06:59:59.999,73185873.377086,118599,11128.8174,41151562.368338
2025-08-07 07:00:00,3695.15,3710.0,3694.22,3702.4,10977.7521,2025-08-07 07:59:59.999,40641263.624024,78879,4584.7119,16975358.856682
2025-08-07 08:00:00,3702.41,3727.88,3702.41,3721.25,21846.6884,2025-08-07 08:59:59.999,81267478.788996,109480,12161.427,45238394.571652
2025-08-07 09:00:00,3721.26,3737.0,3715.03,3732.41,19907.7895,2025-08-07 09:59:59.999,74188765.645104,87309,13007.799,48487099.9757
2025-08-07 10:00:00,3732.4,3826.5,3730.63,3821.48,98363.4913,2025-08-07 10:59:59.999,372895872.014478,348978,55930.3789,211950921.534854
2025-08-07 11:00:00,3821.47,3843.66,3806.82,3827.0,43599.3277,2025-08-07 11:59:59.999,166673838.734013,174792,21635.8042,82714265.217356
2025-08-07 12:00:00,3827.01,3851.0,3823.64,3849.68,43328.6642,2025-08-07 12:59:59.999,166353380.895278,172632,22134.8991,85004879.541341
2025-08-07 13:00:00,3849.68,3865.64,3826.3,3857.69,40189.986,2025-08-07 13:59:59.999,154591439.45392,203916,21695.4399,83465953.859418
2025-08-07 14:00:00,3857.69,3858.24,3804.27,3820.33,42348.8701,2025-08-07 14:59:59.999,161944829.376416,238937,21202.6821,81075063.904758
2025-08-07 15:00:00,3820.33,3841.0,3815.13,3837.01,25338.4874,2025-08-07 15:59:59.999,96995371.730342,168123,14775.792,56555427.682509
2025-08-07 16:00:00,3837.01,3843.79,3780.54,3815.29,36988.8399,2025-08-07 16:59:59.999,141175705.196292,224464,19649.1784,75029406.006572
2025-08-07 17:00:00,3815.29,3834.33,3805.04,3830.2,15044.9344,2025-08-07 17:59:59.999,57466303.469954,175844,8484.2082,32409082.733785
2025-08-07 18:00:00,3830.19,3831.39,3808.34,3827.7,12739.6187,2025-08-07 18:59:59.999,48652770.698461,98755,6543.0115,24990242.501937
2025-08-07 19:00:00,3827.7,3876.44,3822.08,3867.6,29003.2856,2025-08-07 19:59:59.999,111764391.130891,178603,17543.3144,67596763.638374
2025-08-07 20:00:00,3867.6,3880.0,3851.22,3874.14,20732.7113,2025-08-07 20:59:59.999,80143395.809151,142568,11049.6677,42729556.814986
2025-08-07 21:00:00,3874.15,3885.95,3858.72,3871.53,16520.2261,2025-08-07 21:59:59.999,63942410.903693,117606,8182.2042,31674518.388159
2025-08-07 22:00:00,3871.53,3927.77,3868.64,3916.8,43175.8358,2025-08-07 22:59:59.999,168327605.61928,242688,26331.3474,102653646.408493
2025-08-07 23:00:00,3916.8,3917.5,3889.51,3910.31,20071.2192,2025-08-07 23:59:59.999,78331295.28814,137686,10312.8688,40259139.71541
2025-08-08 00:00:00,3910.3,3937.0,3882.29,3900.16,40356.648,2025-08-08 00:59:59.999,157758571.63297,306725,20699.7994,80952303.407397
2025-08-08 01:00:00,3900.15,3918.0,3880.0,3887.36,24134.8488,2025-08-08 01:59:59.999,94035327.531122,267497,11703.092,45600487.657248
2025-08-08 02:00:00,3887.35,3906.58,3880.0,3893.68,13375.9968,2025-08-08 02:59:59.999,52067053.074899,95222,7148.7486,27832632.213367
2025-08-08 03:00:00,3893.67,3969.06,3892.6,3939.18,52679.7141,2025-08-08 03:59:59.999,207679512.656005,220477,33997.8766,134029804.407404
2025-08-08 04:00:00,3939.19,3939.34,3916.0,3920.5,13674.9861,2025-08-08 04:59:59.999,53684917.681459,95335,6866.143,26958498.074574
2025-08-08 05:00:00,3920.51,3920.87,3894.56,3901.5,15809.6234,2025-08-08 05:59:59.999,61737223.473883,93678,7537.3414,29433151.774353
2025-08-08 06:00:00,3901.5,3920.32,3892.47,3915.01,14818.3957,2025-08-08 06:59:59.999,57921469.932196,103437,7497.1707,29318156.477533
2025-08-08 07:00:00,3915.01,3928.29,3900.4,3915.97,22590.2051,2025-08-08 07:59:59.999,88472627.9492,117845,9501.6553,37212860.40758
2025-08-08 08:00:00,3915.98,3927.54,3885.29,3898.46,23335.7904,2025-08-08 08:59:59.999,91096066.228158,159037,11763.0392,45942845.168781
2025-08-08 09:00:00,3898.46,3902.0,3884.44,3900.03,11907.3276,2025-08-08 09:59:59.999,46364175.009127,117673,5884.998,22917882.780561
2025-08-08 10:00:00,3900.03,3908.37,3886.59,3897.41,9849.5187,2025-08-08 10:59:59.999,38395026.767345,95244,5407.0309,21080148.765308
2025-08-08 11:00:00,3897.41,3920.43,3897.4,3917.97,10922.5071,2025-08-08 11:59:59.999,42712742.480692,94854,7097.5938,27757922.89585
2025-08-08 12:00:00,3917.97,3917.97,3892.37,3892.37,14527.1882,2025-08-08 12:59:59.999,56716214.960547,113796,6314.1796,24647048.107077
2025-08-08 13:00:00,3892.37,4012.0,3891.52,3999.76,116642.6907,2025-08-08 13:59:59.999,463670902.54398894,406396,76733.2791,304977520.835986
2025-08-08 14:00:00,3999.76,4005.55,3943.29,3984.5,68063.6707,2025-08-08 14:59:59.999,270387226.596993,387896,34846.9208,138392611.213762
2025-08-08 15:00:00,3984.49,3988.9,3925.2,3954.56,50400.5584,2025-08-08 15:59:59.999,199284321.151257,268980,23041.6174,91113299.302284
2025-08-08 16:00:00,3954.56,3977.12,3950.0,3970.97,20358.4206,2025-08-08 16:59:59.999,80687352.270389,182431,10399.0586,41220995.066229
2025-08-08 17:00:00,3970.98,4035.0,3967.9,4032.69,63964.0566,2025-08-08 17:59:59.999,256516708.198734,307312,34003.1228,136279750.2813
2025-08-08 18:00:00,4032.7,4057.85,4030.36,4056.72,46808.9051,2025-08-08 18:59:59.999,189407287.022078,252356,25954.6052,105035394.677932
2025-08-08 19:00:00,4056.73,4065.86,4031.25,4060.99,30025.7912,2025-08-08 19:59:59.999,121576525.981993,162047,16390.9551,66383623.764597
2025-08-08 20:00:00,4060.98,4071.0,4045.51,4057.94,20319.5214,2025-08-08 20:59:59.999,82394883.127449,121910,11096.987,45008589.027271
2025-08-08 21:00:00,4057.95,4059.06,4038.46,4038.46,11447.8578,2025-08-08 21:59:59.999,46328790.054149,59041,4879.7624,19745603.908471
2025-08-08 22:00:00,4038.46,4039.33,4019.11,4024.86,15842.2821,2025-08-08 22:59:59.999,63841196.044602,86561,6639.4033,26757304.746676
2025-08-08 23:00:00,4024.86,4032.59,4006.9,4009.5,11443.5063,2025-08-08 23:59:59.999,45979241.520133,59365,4232.6364,17005674.351967
2025-08-09 00:00:00,4009.51,4025.91,4006.63,4016.99,12126.1851,2025-08-09 00:59:59.999,48698468.147919,76992,7107.6846,28545883.588723
2025-08-09 01:00:00,4017.0,4036.99,4010.75,4033.19,9425.4095,2025-08-09 01:59:59.999,37924906.241355,70886,5072.2663,20413656.567525
2025-08-09 02:00:00,4033.18,4038.83,4023.2,4032.44,9130.3825,2025-08-09 02:59:59.999,36808014.990078,55485,4471.2283,18029744.828931
2025-08-09 03:00:00,4032.44,4053.01,4025.14,4051.01,24240.1242,2025-08-09 03:59:59.999,97988005.923383,88366,13773.9137,55692286.671465
2025-08-09 04:00:00,4051.02,4100.0,4045.0,4080.92,42323.7132,2025-08-09 04:59:59.999,172669764.26549,195148,25314.7173,103302077.997573
2025-08-09 05:00:00,4080.91,4200.0,4075.31,4181.94,111627.872,2025-08-09 05:59:59.999,464647382.337033,488664,61684.8293,256575190.290095
2025-08-09 06:00:00,4181.95,4183.79,4142.62,4162.23,37543.3639,2025-08-09 06:59:59.999,156269242.67509,179021,14686.5064,61147621.213054
2025-08-09 07:00:00,4162.23,4176.47,4156.77,4170.64,17906.0267,2025-08-09 07:59:59.999,74609336.382372,81853,8511.521,35466468.732759
2025-08-09 08:00:00,4170.64,4202.19,4166.22,4189.89,27532.6831,2025-08-09 08:59:59.999,115194421.735403,143556,15537.4203,65020740.967052
2025-08-09 09:00:00,4189.9,4238.77,4174.04,4219.62,47238.3791,2025-08-09 09:59:59.999,198605961.34762,220509,24611.6432,103498803.489097
2025-08-09 10:00:00,4219.62,4246.65,4212.28,4217.33,32607.8819,2025-08-09 10:59:59.999,137836786.668057,194770,16003.3328,67667805.027961
2025-08-09 11:00:00,4217.32,4218.13,4184.62,4190.0,25022.6075,2025-08-09 11:59:59.999,105150604.447438,138508,10102.1484,42458048.878765
2025-08-09 12:00:00,4190.0,4207.77,4181.19,4196.24,20693.583,2025-08-09 12:59:59.999,86846318.790649,117490,9473.7128,39759434.430469
2025-08-09 13:00:00,4196.24,4199.63,4165.0,4165.56,22725.8895,2025-08-09 13:59:59.999,94994948.821375,166657,10720.5369,44816571.259
2025-08-09 14:00:00,4165.55,4198.6,4153.17,4197.16,23421.7823,2025-08-09 14:59:59.999,97958636.534869,134158,12299.9967,51442944.102297
2025-08-09 15:00:00,4197.16,4226.23,4171.7,4209.57,32676.6818,2025-08-09 15:59:59.999,137361420.556858,249568,16603.3369,69806236.079014
2025-08-09 16:00:00,4209.57,4226.0,4192.8,4207.77,20990.322,2025-08-09 16:59:59.999,88412714.546248,159872,8903.9643,37512484.712364
2025-08-09 17:00:00,4207.76,4239.57,4200.3,4235.0,17118.2417,2025-08-09 17:59:59.999,72285452.144696,118073,9993.6245,42204826.972618
2025-08-09 18:00:00,4234.99,4254.86,4220.01,4241.96,20343.6186,2025-08-09 18:59:59.999,86231127.730108,130593,11262.0093,47755159.982307
2025-08-09 19:00:00,4241.97,4271.45,4237.08,4258.57,22678.7011,2025-08-09 19:59:59.999,96432112.181554,153214,12438.4483,52891293.483953
2025-08-09 20:00:00,4258.57,4293.97,4256.43,4290.29,30462.6105,2025-08-09 20:59:59.999,130243155.259823,191901,15161.1978,64826076.64645
2025-08-09 21:00:00,4290.29,4299.0,4262.2,4278.16,25142.2463,2025-08-09 21:59:59.999,107619956.452872,187017,11715.4057,50161557.778073
2025-08-09 22:00:00,4278.15,4326.2,4242.87,4264.28,42576.9056,2025-08-09 22:59:59.999,182517013.849311,274169,21378.1427,91700897.429792
2025-08-09 23:00:00,4264.28,4274.57,4248.0,4260.62,16376.8937,2025-08-09 23:59:59.999,69769023.110558,116527,7569.2217,32250524.043521
2025-08-10 00:00:00,4260.63,4332.6,4248.3,4311.09,26792.688,2025-08-10 00:59:59.999,114924647.30895,191412,16061.4365,68911762.335411
2025-08-10 01:00:00,4311.09,4322.77,4287.97,4300.75,26098.2514,2025-08-10 01:59:59.999,112309793.703498,209569,13913.832,59872612.743469
2025-08-10 02:00:00,4300.75,4304.71,4246.95,4247.0,30472.2039,2025-08-10 02:59:59.999,130000112.231022,191282,11140.0047,47515065.805444
2025-08-10 03:00:00,4246.99,4257.75,4206.55,4242.74,49668.9642,2025-08-10 03:59:59.999,210313176.06238,253555,23471.0237,99389247.502565
2025-08-10 04:00:00,4242.73,4264.98,4226.55,4251.52,16757.5138,2025-08-10 04:59:59.999,71175517.399085,129254,8985.8341,38163553.598917
2025-08-10 05:00:00,4251.52,4251.59,4212.43,4220.54,20393.9155,2025-08-10 05:59:59.999,86278299.600722,142635,9006.6232,38106043.42484
2025-08-10 06:00:00,4220.55,4236.26,4203.0,4225.21,20865.6096,2025-08-10 06:59:59.999,88040048.77619,140313,10169.8876,42923201.644974
2025-08-10 07:00:00,4225.21,4233.83,4176.0,4185.12,35238.5171,2025-08-10 07:59:59.999,147893714.333143,174812,14214.7741,59688591.745433
2025-08-10 08:00:00,4185.12,4218.7,4160.0,4210.0,32987.9957,2025-08-10 08:59:59.999,138268177.613951,193641,15335.3119,64298993.280224
2025-08-10 09:00:00,4210.0,4230.63,4210.0,4225.37,16367.4165,2025-08-10 09:59:59.999,69072395.663636,98192,7316.8001,30892319.316592
2025-08-10 10:00:00,4225.37,4232.73,4192.87,4198.31,18484.2853,2025-08-10 10:59:59.999,77831172.244712,127852,7040.4992,29652430.854801
2025-08-10 11:00:00,4198.31,4221.42,4177.69,4180.57,19440.7445,2025-08-10 11:59:59.999,81623981.323931,130345,8112.1754,34085343.328155
2025-08-10 12:00:00,4180.58,4201.7,4173.67,4201.1,15281.5805,2025-08-10 12:59:59.999,64000955.381661,111129,8518.8953,35685077.101441
2025-08-10 13:00:00,4201.1,4205.68,4166.01,4167.45,14748.6289,2025-08-10 13:59:59.999,61754309.654353,139605,6275.9307,26287905.543379
2025-08-10 14:00:00,4167.45,4226.7,4153.07,4219.37,31200.971,2025-08-10 14:59:59.999,131017295.840895,197031,17950.4212,75466648.8381
2025-08-10 15:00:00,4219.37,4237.43,4211.19,4217.94,16046.4026,2025-08-10 15:59:59.999,67734751.307763,168123,8034.5696,33920992.300539
2025-08-10 16:00:00,4217.94,4240.91,4214.45,4233.6,12853.7373,2025-08-10 16:59:59.999,54375746.468996,96090,6528.0598,27616759.556256
2025-08-10 17:00:00,4233.59,4246.99,4223.7,4224.01,7956.8475,2025-08-10 17:59:59.999,33687764.495524,89037,3952.4762,16735169.576886
2025-08-10 18:00:00,4224.01,4236.55,4217.3,4235.67,5485.0635,2025-08-10 18:59:59.999,23180293.161879,62116,2745.5272,11604476.968784
2025-08-10 19:00:00,4235.67,4259.36,4230.56,4248.83,14191.9769,2025-08-10 19:59:59.999,60264115.923383,73638,8809.9995,37409811.197674
2025-08-10 20:00:00,4248.8,4250.51,4207.4,4217.0,16369.4639,2025-08-10 20:59:59.999,69218945.161797,97652,5850.8739,24732262.661017
2025-08-10 21:00:00,4217.0,4223.33,4186.16,4223.33,22062.5491,2025-08-10 21:59:59.999,92743252.304373,120400,9467.6114,39809082.949422
2025-08-10 22:00:00,4223.33,4250.63,4205.0,4250.63,12638.3173,2025-08-10 22:59:59.999,53415900.14059,97270,6404.4627,27074988.567639
2025-08-10 23:00:00,4250.63,4254.54,4228.14,4250.57,12440.1665,2025-08-10 23:59:59.999,52823966.48668,84149,6534.2663,27747383.844693
2025-08-11 00:00:00,4250.58,4284.99,4238.52,4262.94,25647.6173,2025-08-11 00:59:59.999,109425543.604487,214906,12779.0185,54524592.816554
2025-08-11 01:00:00,4262.94,4322.2,4261.0,4303.81,39750.4876,2025-08-11 01:59:59.999,170939680.838684,243998,23214.3998,99787078.944931
2025-08-11 02:00:00,4303.81,4343.0,4294.42,4309.05,44188.5938,2025-08-11 02:59:59.999,190759023.216765,300573,21046.1257,90874338.774488
2025-08-11 03:00:00,4309.05,4312.04,4284.39,4309.64,25604.8634,2025-08-11 03:59:59.999,110067745.960411,168706,12319.7815,52960368.327712
2025-08-11 04:00:00,4309.65,4349.81,4305.43,4319.4,31302.4194,2025-08-11 04:59:59.999,135518348.768504,199531,16513.7116,71497628.962438
2025-08-11 05:00:00,4319.4,4331.51,4292.46,4306.47,21965.1424,2025-08-11 05:59:59.999,94684131.816247,156429,12350.1202,53243484.10378
2025-08-11 06:00:00,4306.47,4312.5,4295.44,4298.95,12904.001,2025-08-11 06:59:59.999,55524093.292851,109536,5668.4783,24393035.292644
2025-08-11 07:00:00,4298.96,4304.0,4266.66,4273.69,25758.1301,2025-08-11 07:59:59.999,110273413.662841,169033,9860.4903,42213893.947317
2025-08-11 08:00:00,4273.69,4287.17,4253.91,4281.76,19848.1123,2025-08-11 08:59:59.999,84771498.481901,150841,10665.5619,45559704.860209
2025-08-11 09:00:00,4281.77,4284.31,4261.1,4266.1,14494.6419,2025-08-11 09:59:59.999,61930852.867853,102812,4579.7425,19568386.679632
2025-08-11 10:00:00,4266.13,4269.04,4220.54,4236.58,28952.9662,2025-08-11 10:59:59.999,122987035.7762,198985,12607.4164,53551602.732096
2025-08-11 11:00:00,4236.59,4239.83,4170.02,4185.1,45980.7108,2025-08-11 11:59:59.999,193244774.420623,297567,22442.6855,94339131.374723
2025-08-11 12:00:00,4185.1,4199.19,4166.77,4184.1,29289.5577,2025-08-11 12:59:59.999,122528814.161845,237376,13865.2115,58019077.355884
2025-08-11 13:00:00,4184.09,4303.34,4170.59,4279.72,60303.2885,2025-08-11 13:59:59.999,255825076.058945,369022,31403.9233,133193746.72341
2025-08-11 14:00:00,4279.72,4320.38,4263.23,4277.64,52065.1709,2025-08-11 14:59:59.999,223350861.496246,362596,28899.5264,123980057.207593
2025-08-11 15:00:00,4277.64,4332.17,4259.45,4329.74,35130.2519,2025-08-11 15:59:59.999,151033740.500423,287907,20535.2348,88305522.277709
2025-08-11 16:00:00,4329.74,4366.46,4312.13,4312.13,58449.4514,2025-08-11 16:59:59.999,253937984.736774,351541,30691.7146,133365755.96135
2025-08-11 17:00:00,4312.13,4322.42,4283.45,4293.68,24372.9255,2025-08-11 17:59:59.999,104819921.583919,221912,10650.7462,45803311.660098
2025-08-11 18:00:00,4293.69,4308.24,4266.97,4295.2,19042.7131,2025-08-11 18:59:59.999,81702893.794687,197914,9427.5838,40460594.309429
2025-08-11 19:00:00,4295.2,4309.22,4233.99,4259.39,25589.5371,2025-08-11 19:59:59.999,109343737.819775,207662,11558.7045,49406335.593082
2025-08-11 20:00:00,4259.38,4259.38,4217.51,4243.14,22436.4079,2025-08-11 20:59:59.999,95184346.979248,173529,10445.1059,44325110.02836
2025-08-11 21:00:00,4243.13,4256.16,4190.0,4219.94,28680.158,2025-08-11 21:59:59.999,120934967.408949,183439,12291.1658,51831555.090755
2025-08-11 22:00:00,4219.94,4225.49,4190.14,4220.62,19074.9695,2025-08-11 22:59:59.999,80271626.105857,150708,10370.1492,43646859.269554
2025-08-11 23:00:00,4220.63,4235.41,4214.7,4223.22,11831.9223,2025-08-11 23:59:59.999,50020999.200839,106025,6031.6972,25499072.126864
2025-08-12 00:00:00,4223.22,4283.32,4219.04,4274.33,18844.458,2025-08-12 00:59:59.999,80039289.992025,149481,11351.2037,48213048.425734
2025-08-12 01:00:00,4274.34,4290.78,4258.68,4269.99,18663.3997,2025-08-12 01:59:59.999,79789559.562883,134926,9169.3814,39205239.797187
2025-08-12 02:00:00,4270.0,4311.12,4262.29,4291.69,17398.5001,2025-08-12 02:59:59.999,74670445.48906,120980,9288.9868,39877360.19571
2025-08-12 03:00:00,4291.69,4304.88,4275.1,4286.09,14197.2148,2025-08-12 03:59:59.999,60891775.507444,109768,6414.44,27513348.929018
2025-08-12 04:00:00,4286.09,4321.67,4280.49,4310.94,15373.359,2025-08-12 04:59:59.999,66233458.08632,100425,8680.0411,37402392.276979
2025-08-12 05:00:00,4310.94,4311.0,4267.41,4285.5,28182.0547,2025-08-12 05:59:59.999,120940050.579816,137601,10775.7722,46259525.803264
2025-08-12 06:00:00,4285.49,4311.0,4273.17,4290.84,18392.258,2025-08-12 06:59:59.999,79014878.837795,115144,11138.2043,47863943.990977
2025-08-12 07:00:00,4290.84,4319.13,4290.84,4315.57,18645.8222,2025-08-12 07:59:59.999,80395764.309328,111073,11128.8306,47983910.909199
2025-08-12 08:00:00,4315.57,4332.32,4293.48,4310.65,24093.0783,2025-08-12 08:59:59.999,103886271.856648,139566,13193.7896,56903094.059159
2025-08-12 09:00:00,4310.65,4317.45,4286.01,4288.01,16179.5505,2025-08-12 09:59:59.999,69553428.899724,126070,7551.0283,32462973.952496
2025-08-12 10:00:00,4288.02,4298.82,4273.93,4277.39,15927.9192,2025-08-12 10:59:59.999,68242828.590687,129922,8356.7864,35808168.559507
2025-08-12 11:00:00,4277.39,4297.29,4256.92,4290.94,18375.5402,2025-08-12 11:59:59.999,78563303.547793,129210,10138.1518,43359954.376732
2025-08-12 12:00:00,4290.94,4428.67,4278.01,4407.27,125762.52,2025-08-12 12:59:59.999,550099203.521861,505309,69688.5169,304577091.459568
2025-08-12 13:00:00,4407.26,4434.25,4352.82,4383.49,96542.1807,2025-08-12 13:59:59.999,424216932.42586,507708,45544.787,200216398.725434
2025-08-12 14:00:00,4383.49,4424.0,4376.68,4415.71,37723.0602,2025-08-12 14:59:59.999,166037736.393815,300099,18871.5067,83077754.045983
2025-08-12 15:00:00,4415.69,4480.66,4414.66,4472.62,59528.085,2025-08-12 15:59:59.999,264562243.42243,325066,33517.6891,148976292.536002
2025-08-12 16:00:00,4472.62,4487.1,4440.38,4465.75,42496.2222,2025-08-12 16:59:59.999,189743963.102027,271014,19435.4318,86793387.835598
2025-08-12 17:00:00,4465.75,4506.58,4463.42,4500.25,57025.6094,2025-08-12 17:59:59.999,256029088.748823,279079,34925.9198,156852652.372975
2025-08-12 18:00:00,4500.26,4518.73,4477.67,4490.28,33828.9381,2025-08-12 18:59:59.999,152190041.871023,240827,15844.2805,71295934.892582
2025-08-12 19:00:00,4490.28,4518.89,4482.78,4516.97,22419.8234,2025-08-12 19:59:59.999,100905847.032586,153178,11058.213,49760330.30843
2025-08-12 20:00:00,4516.97,4639.7,4504.54,4621.84,95225.1208,2025-08-12 20:59:59.999,436846019.411136,473708,53428.4113,245017944.162245
2025-08-12 21:00:00,4621.83,4621.83,4578.51,4586.48,42004.8958,2025-08-12 21:59:59.999,193191928.357085,242886,17304.5739,79586562.206358
2025-08-12 22:00:00,4586.49,4591.48,4563.32,4576.4,24966.847,2025-08-12 22:59:59.999,114214675.362722,163732,11925.6741,54562477.663992
2025-08-12 23:00:00,4576.4,4616.45,4573.73,4590.52,23491.6079,2025-08-12 23:59:59.999,108020475.145038,138096,11989.6378,55133825.29339
2025-08-13 00:00:00,4590.52,4639.0,4584.01,4614.11,29348.1586,2025-08-13 00:59:59.999,135469578.030092,209371,15709.7037,72521810.117623
2025-08-13 01:00:00,4614.11,4618.09,4564.33,4585.23,29587.8536,2025-08-13 01:59:59.999,135604622.191055,224772,13432.5527,61559410.284898
2025-08-13 02:00:00,4585.23,4627.69,4570.23,4623.52,24107.1987,2025-08-13 02:59:59.999,110902656.212198,187757,13562.6509,62417506.391371
2025-08-13 03:00:00,4623.52,4656.24,4608.21,4647.0,35663.6399,2025-08-13 03:59:59.999,165281661.15738,250581,19663.8525,91157998.962986
2025-08-13 04:00:00,4646.99,4683.0,4645.53,4673.8,45478.117,2025-08-13 04:59:59.999,212266489.232691,256619,22307.6429,104123736.791379
2025-08-13 05:00:00,4673.8,4674.58,4621.5,4632.21,25408.7719,2025-08-13 05:59:59.999,118119032.248971,177461,10677.3983,49639466.700437
2025-08-13 06:00:00,4632.21,4649.62,4608.21,4623.01,26698.6865,2025-08-13 06:59:59.999,123531971.32691,185077,12146.563,56218142.92329
2025-08-13 07:00:00,4623.0,4632.44,4611.39,4625.59,23944.607,2025-08-13 07:59:59.999,110702107.594941,144074,11986.7378,55421693.787362
2025-08-13 08:00:00,4625.6,4638.71,4609.04,4625.32,23720.1092,2025-08-13 08:59:59.999,109696631.075697,157819,11570.3079,53518184.921337
2025-08-13 09:00:00,4625.32,4712.73,4622.93,4706.82,54532.6147,2025-08-13 09:59:59.999,254645196.027594,236169,34286.4692,160179794.806572
2025-08-13 10:00:00,4706.82,4715.75,4688.11,4694.58,37857.7085,2025-08-13 10:59:59.999,177881847.948697,180183,18205.5104,85552539.196384
2025-08-13 11:00:00,4694.59,4707.53,4669.21,4690.33,27295.2165,2025-08-13 11:59:59.999,127930235.302112,144603,13395.8937,62791522.763695
2025-08-13 12:00:00,4690.28,4720.81,4674.72,4685.91,40076.0906,2025-08-13 12:59:59.999,188410036.133362,197023,20898.8694,98266519.015773
2025-08-13 13:00:00,4685.91,4736.82,4646.03,4671.0,74328.511,2025-08-13 13:59:59.999,349053206.7916,370910,36553.543,171709985.517215
2025-08-13 14:00:00,4671.0,4704.41,4634.25,4648.35,64662.0389,2025-08-13 14:59:59.999,301817270.715341,406667,32116.0433,149959943.706015
2025-08-13 15:00:00,4648.36,4673.52,4616.0,4664.38,44380.8768,2025-08-13 15:59:59.999,206148186.019514,289617,23108.0778,107357644.520295
2025-08-13 16:00:00,4664.38,4734.63,4661.09,4700.53,55955.8512,2025-08-13 16:59:59.999,263125189.623821,302025,32692.092,153756694.906552
2025-08-13 17:00:00,4700.54,4735.0,4697.13,4726.35,40415.496,2025-08-13 17:59:59.999,190721630.463321,180237,21422.427,101108648.14543
2025-08-13 18:00:00,4726.35,4750.0,4688.51,4716.43,43486.5446,2025-08-13 18:59:59.999,205382533.407667,220867,20329.1182,96080392.242763
2025-08-13 19:00:00,4716.44,4749.73,4708.83,4738.99,38330.613,2025-08-13 19:59:59.999,181241020.447837,184694,24077.8215,113843248.807927
2025-08-13 20:00:00,4738.98,4742.0,4697.34,4717.58,27745.7325,2025-08-13 20:59:59.999,130887674.33811,137826,8783.3693,41457824.544388
2025-08-13 21:00:00,4717.59,4775.0,4713.59,4721.16,45086.7753,2025-08-13 21:59:59.999,213874672.030887,222223,26452.0869,125458674.556497
2025-08-13 22:00:00,4721.16,4783.1,4705.69,4734.31,41737.19,2025-08-13 22:59:59.999,198227784.883015,233400,20178.7372,95869793.153371
2025-08-13 23:00:00,4734.31,4783.85,4733.03,4749.3,26083.0968,2025-08-13 23:59:59.999,124023203.707822,193059,13081.726,62202557.134174
2025-08-14 00:00:00,4749.31,4764.62,4711.81,4716.47,39621.7335,2025-08-14 00:59:59.999,187574000.999726,289250,16143.2488,76444622.17096
2025-08-14 01:00:00,4716.46,4749.36,4708.35,4721.1,21690.906,2025-08-14 01:59:59.999,102523043.939859,217057,9995.2206,47244447.687479
2025-08-14 02:00:00,4721.1,4769.76,4718.81,4750.31,26633.6764,2025-08-14 02:59:59.999,126427069.28039,182724,15927.9576,75634870.703813
2025-08-14 03:00:00,4750.31,4779.0,4740.59,4774.08,22409.1819,2025-08-14 03:59:59.999,106722081.967684,148116,12633.6021,60167895.162205
2025-08-14 04:00:00,4774.09,4786.54,4751.28,4758.82,20760.6171,2025-08-14 04:59:59.999,99031050.000424,129076,9463.0058,45150505.0015
2025-08-14 05:00:00,4758.82,4771.2,4724.48,4731.74,26567.6758,2025-08-14 05:59:59.999,125966027.391369,155410,10740.6484,50920603.291454
2025-08-14 06:00:00,4731.73,4788.0,4716.0,4774.47,37854.6529,2025-08-14 06:59:59.999,179831121.279861,226504,19935.3843,94738495.319296
2025-08-14 07:00:00,4774.47,4774.47,4729.54,4748.37,41549.1335,2025-08-14 07:59:59.999,197058834.798233,168640,15316.4387,72662431.533015
2025-08-14 08:00:00,4748.37,4749.56,4721.0,4726.72,30522.7619,2025-08-14 08:59:59.999,144406697.524471,137028,9474.4857,44836815.292546
2025-08-14 09:00:00,4726.72,4762.94,4720.0,4760.0,32399.1108,2025-08-14 09:59:59.999,153799488.672117,121999,16164.1857,76731208.088309
2025-08-14 10:00:00,4760.0,4766.66,4675.81,4707.54,66168.5268,2025-08-14 10:59:59.999,312263807.759857,227822,26314.7093,124136426.059453
2025-08-14 11:00:00,4707.53,4721.5,4691.97,4718.17,23239.4797,2025-08-14 11:59:59.999,109394383.333519,145917,11330.6782,53337926.652027
2025-08-14 12:00:00,4718.18,4736.0,4513.13,4567.33,208796.6805,2025-08-14 12:59:59.999,963248820.7061859,714562,110424.2813,509272031.512619
2025-08-14 13:00:00,4567.33,4638.81,4451.33,4612.7,178341.8583,2025-08-14 13:59:59.999,811544963.6673741,844680,91905.3728,418379714.043618
2025-08-14 14:00:00,4612.71,4703.71,4580.27,4670.58,92126.7485,2025-08-14 14:59:59.999,428316372.972654,493747,47997.9482,223087308.604232
2025-08-14 15:00:00,4670.58,4686.49,4588.4,4618.87,75143.8693,2025-08-14 15:59:59.999,347719782.828763,452965,35156.0262,162720764.284656
2025-08-14 16:00:00,4618.87,4623.62,4515.38,4546.48,81536.1121,2025-08-14 16:59:59.999,371240533.488885,410243,38456.8266,175074387.877408
2025-08-14 17:00:00,4546.48,4563.95,4506.63,4548.78,41118.0636,2025-08-14 17:59:59.999,186584363.57304,263036,20602.1985,93513685.690668
2025-08-14 18:00:00,4548.78,4558.36,4480.63,4537.97,57950.4462,2025-08-14 18:59:59.999,262186127.27547,242842,26121.0854,118228831.22787
2025-08-14 19:00:00,4537.97,4573.41,4533.8,4537.63,25385.2715,2025-08-14 19:59:59.999,115637268.353182,168408,13368.2702,60916448.235466
2025-08-14 20:00:00,4537.64,4546.48,4507.09,4534.01,30975.6891,2025-08-14 20:59:59.999,140255564.014914,193153,12362.5924,55986088.102454
2025-08-14 21:00:00,4534.0,4544.06,4453.13,4477.9,38540.3031,2025-08-14 21:59:59.999,172940380.252762,259844,15777.5295,70818964.250926
2025-08-14 22:00:00,4477.89,4532.68,4457.25,4531.62,20657.7173,2025-08-14 22:59:59.999,93026330.442996,166491,10901.7211,49093134.172067
2025-08-14 23:00:00,4531.62,4572.0,4529.71,4546.84,25458.8295,2025-08-14 23:59:59.999,115971634.642072,128750,14279.7319,65047635.926755
2025-08-15 00:00:00,4546.84,4591.0,4537.32,4562.98,25165.3613,2025-08-15 00:59:59.999,114838404.779299,205653,13146.7869,60010136.627537
2025-08-15 01:00:00,4562.98,4611.74,4556.0,4604.02,30361.9679,2025-08-15 01:59:59.999,139368640.42766,204118,15921.8716,73100747.29235
2025-08-15 02:00:00,4604.02,4642.7,4595.94,4621.72,24610.3148,2025-08-15 02:59:59.999,113758875.875137,182622,12158.3215,56201793.307919
2025-08-15 03:00:00,4621.72,4650.0,4613.66,4634.46,27486.2403,2025-08-15 03:59:59.999,127420393.263955,164874,13503.0786,62605063.610584
2025-08-15 04:00:00,4634.47,4647.13,4614.4,4624.86,15582.2023,2025-08-15 04:59:59.999,72136377.618802,130721,7494.5567,34701531.895023
2025-08-15 05:00:00,4624.86,4632.34,4599.01,4618.8,17543.1045,2025-08-15 05:59:59.999,80923187.308677,115561,8606.3355,39707604.926511
2025-08-15 06:00:00,4618.79,4662.6,4618.04,4647.62,23419.0648,2025-08-15 06:59:59.999,108756098.896164,165818,13208.8144,61335481.068299
2025-08-15 07:00:00,4647.63,4653.94,4626.0,4640.16,34577.2018,2025-08-15 07:59:59.999,160338714.006036,147663,15584.6749,72264353.65908
2025-08-15 08:00:00,4640.15,4666.66,4632.88,4641.44,21314.3486,2025-08-15 08:59:59.999,99077484.2719,112848,11385.3479,52928736.25153
2025-08-15 09:00:00,4641.44,4653.01,4612.31,4624.28,18070.5062,2025-08-15 09:59:59.999,83676232.665788,119561,9078.7153,42040697.973769
2025-08-15 10:00:00,4624.28,4649.54,4624.05,4636.21,17983.366,2025-08-15 10:59:59.999,83402957.953845,114812,11181.7849,51848264.1
2025-08-15 11:00:00,4636.21,4647.5,4623.18,4634.16,12464.0541,2025-08-15 11:59:59.999,57792268.425256,103820,5569.3636,25822442.176491
2025-08-15 12:00:00,4634.17,4672.67,4592.42,4628.37,58582.4914,2025-08-15 12:59:59.999,271469479.06872,327790,32150.9603,149066203.156169
2025-08-15 13:00:00,4628.38,4631.22,4534.43,4540.23,58687.1019,2025-08-15 13:59:59.999,269236585.931391,351752,24050.8612,110285321.375645
2025-08-15 14:00:00,4540.24,4578.23,4471.64,4493.22,81919.8416,2025-08-15 14:59:59.999,370993328.103944,412329,41262.1387,186824048.648259
2025-08-15 15:00:00,4493.22,4500.0,4395.47,4430.86,102067.6144,2025-08-15 15:59:59.999,454074740.087636,545280,47667.3289,212115769.842455
2025-08-15 16:00:00,4430.87,4434.31,4369.46,4415.63,65513.4841,2025-08-15 16:59:59.999,288176578.985246,361483,33279.5397,146446372.387148
2025-08-15 17:00:00,4415.63,4462.26,4373.58,4438.98,49773.3996,2025-08-15 17:59:59.999,220184800.301271,260101,27026.5553,119557529.385152
2025-08-15 18:00:00,4438.98,4454.75,4380.16,4396.54,25190.6023,2025-08-15 18:59:59.999,111246169.552772,193228,11775.092,51998682.190438
2025-08-15 19:00:00,4396.55,4425.7,4375.74,4383.45,28001.9066,2025-08-15 19:59:59.999,123071280.911272,192131,11969.6661,52637851.312951
2025-08-15 20:00:00,4383.45,4433.0,4368.0,4425.99,22384.0291,2025-08-15 20:59:59.999,98613484.215631,157485,12672.8107,55853243.339193
2025-08-15 21:00:00,4425.99,4430.53,4391.95,4428.83,37227.805,2025-08-15 21:59:59.999,164266414.405311,147322,14939.0907,65947453.397768
2025-08-15 22:00:00,4428.82,4478.33,4410.59,4474.86,48234.2416,2025-08-15 22:59:59.999,214041841.175828,172768,20855.4774,92592328.038256
2025-08-15 23:00:00,4474.86,4490.73,4406.78,4439.47,34249.0089,2025-08-15 23:59:59.999,152038279.827238,201645,17478.365,77605890.909512
2025-08-16 00:00:00,4439.47,4484.01,4431.34,4476.45,22042.4396,2025-08-16 00:59:59.999,98321733.269278,165548,11758.494,52447902.71352
