Open_time,Open,High,Low,Close,Volume,Close_time,Quote_asset_volume,Number_of_trades,Taker_buy_base_asset_volume,Taker_buy_quote_asset_volume
2025-01-01 00:00:00,0.26901,0.27247,0.26853,0.27219,10982568.0,2025-01-01 00:59:59.999,2966002.05461,10868,6694248.0,1807865.52273
2025-01-01 01:00:00,0.27218,0.27245,0.26787,0.26828,8614956.0,2025-01-01 01:59:59.999,2326048.37463,9051,4152995.0,1121376.89594
2025-01-01 02:00:00,0.26828,0.27117,0.26821,0.27009,8661897.0,2025-01-01 02:59:59.999,2334445.2689,8560,5050229.0,1361360.99556
2025-01-01 03:00:00,0.27008,0.27044,0.26842,0.26932,7905989.0,2025-01-01 03:59:59.999,2127052.56829,6451,3787238.0,1018776.47615
2025-01-01 04:00:00,0.26931,0.26931,0.26776,0.26795,8300399.0,2025-01-01 04:59:59.999,2228008.33957,6712,3372506.0,904957.28831
2025-01-01 05:00:00,0.26796,0.275,0.26772,0.27283,16091932.0,2025-01-01 05:59:59.999,4379224.62213,13896,8614362.0,2343461.59309
2025-01-01 06:00:00,0.27284,0.27354,0.26962,0.27003,11468577.0,2025-01-01 06:59:59.999,3114556.52685,10577,5460941.0,1482999.73259
2025-01-01 07:00:00,0.27005,0.27025,0.26838,0.26869,6753951.0,2025-01-01 07:59:59.999,1816639.56966,6441,3242274.0,871997.17047
2025-01-01 08:00:00,0.26868,0.26937,0.26673,0.26684,10553917.0,2025-01-01 08:59:59.999,2827320.19315,10340,5015091.0,1343733.29098
2025-01-01 09:00:00,0.26685,0.26755,0.26433,0.26674,15024278.0,2025-01-01 09:59:59.999,3992275.58587,13898,6888997.0,1830726.87387
2025-01-01 10:00:00,0.26673,0.26785,0.26548,0.26562,8843288.0,2025-01-01 10:59:59.999,2357325.81605,7531,3492002.0,931267.50086
2025-01-01 11:00:00,0.26563,0.26977,0.26426,0.26806,15220128.0,2025-01-01 11:59:59.999,4061889.60297,13661,7255268.0,1936503.18599
2025-01-01 12:00:00,0.26804,0.2727,0.26722,0.27205,16093245.0,2025-01-01 12:59:59.999,4344165.23281,15343,7899931.0,2132810.8293
2025-01-01 13:00:00,0.27206,0.27393,0.27,0.27164,18724823.0,2025-01-01 13:59:59.999,5089036.10547,20978,8758825.0,2381047.67319
2025-01-01 14:00:00,0.27165,0.27439,0.2699,0.27328,16551036.0,2025-01-01 14:59:59.999,4510631.71429,20491,7559216.0,2059919.44406
2025-01-01 15:00:00,0.27327,0.2809,0.27188,0.27988,27791674.0,2025-01-01 15:59:59.999,7670130.54594,29361,15223093.0,4203037.69521
2025-01-01 16:00:00,0.27989,0.2961,0.2792,0.29088,145614385.0,2025-01-01 16:59:59.999,42133154.11948,188734,78973280.0,22835772.57543
2025-01-01 17:00:00,0.29089,0.29204,0.282,0.28986,55809055.0,2025-01-01 17:59:59.999,16004775.92801,60718,27419293.0,7861590.42377
2025-01-01 18:00:00,0.28986,0.29588,0.28844,0.2928,45475246.0,2025-01-01 18:59:59.999,13293190.786,48011,22009596.0,6434202.46932
2025-01-01 19:00:00,0.29277,0.29855,0.28931,0.29572,61816168.0,2025-01-01 19:59:59.999,18216159.20718,59171,28586508.0,8428175.73723
2025-01-01 20:00:00,0.2958,0.30062,0.29308,0.29365,43651203.0,2025-01-01 20:59:59.999,12937834.83048,42807,22831526.0,6768965.59021
2025-01-01 21:00:00,0.29361,0.29529,0.29102,0.29261,22074797.0,2025-01-01 21:59:59.999,6469813.72036,22396,11850135.0,3474172.15098
2025-01-01 22:00:00,0.2926,0.2957,0.29071,0.29506,16644042.0,2025-01-01 22:59:59.999,4869441.2948,14056,7721726.0,2259349.77718
2025-01-01 23:00:00,0.29506,0.29988,0.29361,0.2948,30174017.0,2025-01-01 23:59:59.999,8945657.0108,29682,13292774.0,3944691.08568
2025-01-02 00:00:00,0.29482,0.31,0.29476,0.29968,99346324.0,2025-01-02 00:59:59.999,30165538.6129,105465,54098933.0,16432379.81251
2025-01-02 01:00:00,0.29964,0.30206,0.29516,0.29548,27869587.0,2025-01-02 01:59:59.999,8337819.02193,33276,13084313.0,3917346.05853
2025-01-02 02:00:00,0.29552,0.29718,0.29264,0.29565,23215952.0,2025-01-02 02:59:59.999,6842486.39643,22170,12372496.0,3646871.12653
2025-01-02 03:00:00,0.29564,0.29693,0.29434,0.29536,13156273.0,2025-01-02 03:59:59.999,3888757.50131,13902,6955305.0,2056001.83232
2025-01-02 04:00:00,0.29536,0.29641,0.29269,0.29413,18256944.0,2025-01-02 04:59:59.999,5378013.79489,16344,8602062.0,2534711.64467
2025-01-02 05:00:00,0.29413,0.29428,0.28958,0.28991,14894002.0,2025-01-02 05:59:59.999,4350863.65147,14518,7013538.0,2049160.01432
2025-01-02 06:00:00,0.28992,0.291,0.28513,0.28696,23817457.0,2025-01-02 06:59:59.999,6842101.82967,21318,11198811.0,3217384.00587
2025-01-02 07:00:00,0.28697,0.28893,0.28631,0.28862,16497894.0,2025-01-02 07:59:59.999,4744026.64564,14171,9255649.0,2661828.61547
2025-01-02 08:00:00,0.28863,0.29144,0.2875,0.29123,17551731.0,2025-01-02 08:59:59.999,5081959.59466,17831,9338509.0,2704058.99738
2025-01-02 09:00:00,0.29123,0.29561,0.29054,0.29476,21427767.0,2025-01-02 09:59:59.999,6282498.8245,26300,12229530.0,3585508.13228
2025-01-02 10:00:00,0.29477,0.2952,0.29196,0.29328,20179289.0,2025-01-02 10:59:59.999,5920908.66025,19942,9596214.0,2815389.78348
2025-01-02 11:00:00,0.29323,0.29414,0.29171,0.29372,11767224.0,2025-01-02 11:59:59.999,3448134.57167,12135,5497717.0,1610764.48017
2025-01-02 12:00:00,0.29375,0.29734,0.2935,0.29533,19849354.0,2025-01-02 12:59:59.999,5866552.45828,19896,10619724.0,3138596.53518
2025-01-02 13:00:00,0.29534,0.29583,0.29099,0.29248,29195325.0,2025-01-02 13:59:59.999,8584718.20029,24786,13565480.0,3991056.5189
2025-01-02 14:00:00,0.29248,0.29549,0.28902,0.29199,33777004.0,2025-01-02 14:59:59.999,9854426.7121,37748,16550826.0,4829664.43192
2025-01-02 15:00:00,0.29197,0.29234,0.28826,0.28984,21125792.0,2025-01-02 15:59:59.999,6125736.97052,23040,11000596.0,3190337.95717
2025-01-02 16:00:00,0.28987,0.29424,0.2888,0.29307,15372056.0,2025-01-02 16:59:59.999,4490648.64296,16910,7745468.0,2262070.37892
2025-01-02 17:00:00,0.2931,0.29531,0.28965,0.29232,15380521.0,2025-01-02 17:59:59.999,4501808.10984,18728,7182024.0,2102380.88102
2025-01-02 18:00:00,0.29227,0.29387,0.29042,0.29277,11752964.0,2025-01-02 18:59:59.999,3434846.51385,13123,5366590.0,1568801.90041
2025-01-02 19:00:00,0.29279,0.29456,0.29224,0.29248,7068263.0,2025-01-02 19:59:59.999,2073632.21579,9326,3278657.0,962019.14097
2025-01-02 20:00:00,0.29249,0.29368,0.28932,0.29176,11813015.0,2025-01-02 20:59:59.999,3447174.67656,11055,4912922.0,1434145.56922
2025-01-02 21:00:00,0.29177,0.29225,0.28968,0.29158,7055996.0,2025-01-02 21:59:59.999,2052670.48869,7881,3305647.0,961598.02018
2025-01-02 22:00:00,0.29167,0.29371,0.29032,0.29316,8173018.0,2025-01-02 22:59:59.999,2387705.19194,7804,3882472.0,1134447.37669
2025-01-02 23:00:00,0.29315,0.29377,0.29151,0.29218,6992533.0,2025-01-02 23:59:59.999,2044370.58798,10217,3133946.0,916168.41935
2025-01-03 00:00:00,0.29218,0.29771,0.292,0.29519,27113147.0,2025-01-03 00:59:59.999,8005650.34508,27757,14413167.0,4256106.11307
2025-01-03 01:00:00,0.29519,0.30047,0.29275,0.29847,32693525.0,2025-01-03 01:59:59.999,9723834.64251,31093,17366088.0,5167163.36749
2025-01-03 02:00:00,0.29848,0.305,0.29835,0.30108,40758757.0,2025-01-03 02:59:59.999,12311554.17295,35855,19510770.0,5892873.63888
2025-01-03 03:00:00,0.30108,0.3046,0.29919,0.3039,25051910.0,2025-01-03 03:59:59.999,7564015.26564,25043,12250112.0,3698949.39575
2025-01-03 04:00:00,0.30385,0.30593,0.30069,0.30233,27779345.0,2025-01-03 04:59:59.999,8430701.7957,31134,14950700.0,4537351.62904
2025-01-03 05:00:00,0.30235,0.30365,0.29972,0.30145,24634808.0,2025-01-03 05:59:59.999,7425861.26742,22740,11070463.0,3338117.99493
2025-01-03 06:00:00,0.30145,0.306,0.30109,0.3031,30171456.0,2025-01-03 06:59:59.999,9167436.83472,28161,14767018.0,4487891.0408
2025-01-03 07:00:00,0.3031,0.30335,0.29763,0.29967,28360018.0,2025-01-03 07:59:59.999,8507945.07597,25166,13320677.0,3996492.8463
2025-01-03 08:00:00,0.29968,0.30559,0.2996,0.30243,30623052.0,2025-01-03 08:59:59.999,9279084.16432,26416,15543650.0,4710534.08305
2025-01-03 09:00:00,0.30244,0.30797,0.30192,0.30525,28269985.0,2025-01-03 09:59:59.999,8613700.10314,22611,13417126.0,4088426.36329
2025-01-03 10:00:00,0.30528,0.31208,0.30406,0.3095,42085584.0,2025-01-03 10:59:59.999,12984171.24994,39205,23364926.0,7209580.72206
2025-01-03 11:00:00,0.30951,0.31528,0.3095,0.31456,36866542.0,2025-01-03 11:59:59.999,11542070.53834,36437,18798771.0,5886057.37169
2025-01-03 12:00:00,0.31454,0.32437,0.31414,0.31845,76003266.0,2025-01-03 12:59:59.999,24267975.56369,70691,43579774.0,13917197.99824
2025-01-03 13:00:00,0.31849,0.31991,0.31012,0.31282,57596972.0,2025-01-03 13:59:59.999,18073288.28133,59757,27726433.0,8700055.24864
2025-01-03 14:00:00,0.31283,0.3158,0.31101,0.31373,39333058.0,2025-01-03 14:59:59.999,12333108.00396,37562,19457670.0,6102098.49581
2025-01-03 15:00:00,0.31376,0.31466,0.31196,0.31311,24070527.0,2025-01-03 15:59:59.999,7539789.23402,24886,11216172.0,3513294.06317
2025-01-03 16:00:00,0.31312,0.31381,0.30902,0.30998,28176459.0,2025-01-03 16:59:59.999,8767384.92926,26541,12649749.0,3936932.93615
2025-01-03 17:00:00,0.30999,0.31274,0.30928,0.3108,15083265.0,2025-01-03 17:59:59.999,4691898.14172,15525,8710548.0,2709995.19545
2025-01-03 18:00:00,0.31079,0.31457,0.3104,0.31307,18733775.0,2025-01-03 18:59:59.999,5855737.49473,16249,10159612.0,3177706.20382
2025-01-03 19:00:00,0.31309,0.31977,0.31259,0.31638,24645861.0,2025-01-03 19:59:59.999,7800998.61117,23139,12833038.0,4061858.39682
2025-01-03 20:00:00,0.31637,0.31698,0.31101,0.31106,16207755.0,2025-01-03 20:59:59.999,5073721.70312,16211,6769195.0,2120073.61722
2025-01-03 21:00:00,0.31106,0.31645,0.31106,0.31501,11818790.0,2025-01-03 21:59:59.999,3712009.63599,12619,6383796.0,2004338.65053
2025-01-03 22:00:00,0.31502,0.3168,0.31324,0.31409,10743524.0,2025-01-03 22:59:59.999,3385949.49759,9147,5084074.0,1602892.53916
2025-01-03 23:00:00,0.31409,0.3146,0.31199,0.31361,10718441.0,2025-01-03 23:59:59.999,3356795.49218,10928,5111740.0,1601274.91351
2025-01-04 00:00:00,0.31363,0.31484,0.30699,0.30905,26632760.0,2025-01-04 00:59:59.999,8269488.20179,22244,12071316.0,3747906.40564
2025-01-04 01:00:00,0.30903,0.31418,0.3069,0.31391,15410525.0,2025-01-04 01:59:59.999,4772195.95321,18051,7537441.0,2335474.44602
2025-01-04 02:00:00,0.31389,0.32036,0.31271,0.31778,39483366.0,2025-01-04 02:59:59.999,12506589.30759,41559,21387647.0,6775615.20727
2025-01-04 03:00:00,0.31781,0.31835,0.31228,0.31351,25422655.0,2025-01-04 03:59:59.999,8006580.43949,22746,9424778.0,2967845.97042
2025-01-04 04:00:00,0.31351,0.31418,0.3096,0.31155,12435147.0,2025-01-04 04:59:59.999,3870865.8141,13232,5681829.0,1768859.09165
2025-01-04 05:00:00,0.31156,0.31319,0.3093,0.31032,9641644.0,2025-01-04 05:59:59.999,2997945.21949,10159,4467997.0,1389794.71386
2025-01-04 06:00:00,0.31032,0.31131,0.30809,0.30818,12721029.0,2025-01-04 06:59:59.999,3936345.28552,11397,6434413.0,1990997.65302
2025-01-04 07:00:00,0.30819,0.30967,0.30794,0.30828,11867978.0,2025-01-04 07:59:59.999,3661368.36363,12072,7005101.0,2161149.9631
2025-01-04 08:00:00,0.30828,0.30922,0.30201,0.30212,29870106.0,2025-01-04 08:59:59.999,9101967.35247,25635,13096214.0,3994414.52489
2025-01-04 09:00:00,0.30211,0.30499,0.30211,0.30422,11999880.0,2025-01-04 09:59:59.999,3647374.83004,11865,7078267.0,2151450.35756
2025-01-04 10:00:00,0.3042,0.30516,0.30195,0.30416,9998714.0,2025-01-04 10:59:59.999,3035588.50177,10489,5744612.0,1744397.35614
2025-01-04 11:00:00,0.30413,0.30491,0.30307,0.30462,9546766.0,2025-01-04 11:59:59.999,2903325.14811,9050,4981303.0,1514874.96539
2025-01-04 12:00:00,0.30462,0.30856,0.30461,0.30722,17012544.0,2025-01-04 12:59:59.999,5217956.65901,17855,8999263.0,2759530.04136
2025-01-04 13:00:00,0.30722,0.31053,0.30635,0.31003,16189997.0,2025-01-04 13:59:59.999,5002787.47029,16178,8268087.0,2554503.30303
2025-01-04 14:00:00,0.31002,0.3128,0.30833,0.31094,17508648.0,2025-01-04 14:59:59.999,5437365.3033,15627,8832615.0,2742598.91736
2025-01-04 15:00:00,0.31098,0.31185,0.30049,0.30379,33646559.0,2025-01-04 15:59:59.999,10287710.59172,33833,12865828.0,3937012.56319
2025-01-04 16:00:00,0.30376,0.30608,0.3034,0.30561,11401118.0,2025-01-04 16:59:59.999,3475872.79413,14733,5785493.0,1764123.45318
2025-01-04 17:00:00,0.30562,0.30708,0.30478,0.30707,6038076.0,2025-01-04 17:59:59.999,1848192.59265,8558,3491543.0,1068992.85299
2025-01-04 18:00:00,0.30707,0.30776,0.3036,0.30405,9629276.0,2025-01-04 18:59:59.999,2942667.56664,10309,4742745.0,1449835.5256
2025-01-04 19:00:00,0.30406,0.30673,0.304,0.30535,5483254.0,2025-01-04 19:59:59.999,1673965.38149,8420,3043402.0,929057.63087
2025-01-04 20:00:00,0.30535,0.30797,0.30535,0.30713,6793727.0,2025-01-04 20:59:59.999,2085685.71614,8211,3501522.0,1074750.13582
2025-01-04 21:00:00,0.30714,0.30809,0.30565,0.30576,6371553.0,2025-01-04 21:59:59.999,1955614.95597,7602,3083544.0,946558.13143
2025-01-04 22:00:00,0.30576,0.3077,0.30472,0.30703,6217983.0,2025-01-04 22:59:59.999,1902516.02955,6361,3125573.0,956524.15289
2025-01-04 23:00:00,0.30701,0.30701,0.30502,0.30571,7002241.0,2025-01-04 23:59:59.999,2142981.18815,7166,3418652.0,1046343.38303
2025-01-05 00:00:00,0.30571,0.3125,0.30391,0.30995,27666692.0,2025-01-05 00:59:59.999,8548183.83008,27340,14948039.0,4620258.91061
2025-01-05 01:00:00,0.30996,0.31274,0.306,0.30805,26363009.0,2025-01-05 01:59:59.999,8161854.94886,27808,13558917.0,4198257.27496
2025-01-05 02:00:00,0.30807,0.30962,0.30461,0.30598,19386003.0,2025-01-05 02:59:59.999,5949095.48356,19518,9051860.0,2778649.45508
2025-01-05 03:00:00,0.30595,0.30807,0.30505,0.30613,9758506.0,2025-01-05 03:59:59.999,2989338.34874,10227,4529130.0,1387527.10353
2025-01-05 04:00:00,0.30613,0.30826,0.3055,0.30652,15208421.0,2025-01-05 04:59:59.999,4665958.98453,14160,6674665.0,2047769.95423
2025-01-05 05:00:00,0.30652,0.30793,0.30318,0.30395,10797359.0,2025-01-05 05:59:59.999,3300310.54981,11244,4944573.0,1511333.65399
2025-01-05 06:00:00,0.30395,0.30784,0.30327,0.30684,7506278.0,2025-01-05 06:59:59.999,2290757.78093,8426,4028816.0,1229071.43924
2025-01-05 07:00:00,0.30687,0.30749,0.30438,0.30442,9312146.0,2025-01-05 07:59:59.999,2848546.51327,8688,4345257.0,1329305.66566
2025-01-05 08:00:00,0.30443,0.3052,0.29896,0.30294,18437448.0,2025-01-05 08:59:59.999,5558351.63472,18362,8827640.0,2660906.47302
2025-01-05 09:00:00,0.30293,0.30331,0.29818,0.2986,11728648.0,2025-01-05 09:59:59.999,3522814.93372,12485,4701555.0,1412921.92903
2025-01-05 10:00:00,0.2986,0.30063,0.29714,0.2998,12846357.0,2025-01-05 10:59:59.999,3838650.77407,15271,5893257.0,1761302.74993
2025-01-05 11:00:00,0.2998,0.30215,0.29912,0.29954,7974654.0,2025-01-05 11:59:59.999,2397586.92294,8429,4282233.0,1287601.04304
2025-01-05 12:00:00,0.29951,0.30084,0.29776,0.29986,11630552.0,2025-01-05 12:59:59.999,3485120.97999,11175,6012499.0,1801958.10531
2025-01-05 13:00:00,0.29986,0.30267,0.29959,0.30054,8175987.0,2025-01-05 13:59:59.999,2461544.74524,9152,4027425.0,1212562.36199
2025-01-05 14:00:00,0.30057,0.30151,0.29557,0.3007,16407285.0,2025-01-05 14:59:59.999,4895787.04275,19525,7597923.0,2269215.53162
2025-01-05 15:00:00,0.30068,0.30242,0.29852,0.30121,12863724.0,2025-01-05 15:59:59.999,3869188.0378,13667,6582865.0,1979936.79235
2025-01-05 16:00:00,0.30126,0.30325,0.29846,0.29939,13148298.0,2025-01-05 16:59:59.999,3954496.44102,12814,7527308.0,2264607.81394
2025-01-05 17:00:00,0.29938,0.30054,0.29792,0.2989,6143566.0,2025-01-05 17:59:59.999,1838298.40589,8360,3173568.0,949486.23768
2025-01-05 18:00:00,0.29891,0.30144,0.2973,0.30126,9725940.0,2025-01-05 18:59:59.999,2911651.36091,11511,4881441.0,1461891.30292
2025-01-05 19:00:00,0.30126,0.30133,0.2991,0.30008,8074232.0,2025-01-05 19:59:59.999,2423740.76466,8820,3496203.0,1049283.45269
2025-01-05 20:00:00,0.3001,0.30198,0.29923,0.3001,8417601.0,2025-01-05 20:59:59.999,2529682.6776,9121,4297694.0,1291404.57461
2025-01-05 21:00:00,0.3001,0.30174,0.29982,0.3009,6134756.0,2025-01-05 21:59:59.999,1844647.74866,6877,3007847.0,904345.55171
2025-01-05 22:00:00,0.30091,0.30272,0.29972,0.30258,4806886.0,2025-01-05 22:59:59.999,1447010.38333,5047,2689667.0,809804.20146
2025-01-05 23:00:00,0.30257,0.30304,0.30031,0.30137,7400949.0,2025-01-05 23:59:59.999,2233720.61745,6145,4271659.0,1289251.55648
2025-01-06 00:00:00,0.30138,0.30248,0.29788,0.29791,11588176.0,2025-01-06 00:59:59.999,3477564.23298,9445,5582896.0,1675932.83436
2025-01-06 01:00:00,0.29793,0.3037,0.29668,0.30328,13897166.0,2025-01-06 01:59:59.999,4173183.21027,10815,7250147.0,2179097.82985
2025-01-06 02:00:00,0.30327,0.30751,0.30292,0.30491,20569880.0,2025-01-06 02:59:59.999,6291008.49314,14932,10356677.0,3167540.95305
2025-01-06 03:00:00,0.30488,0.30842,0.30353,0.30674,12431136.0,2025-01-06 03:59:59.999,3812426.20088,8540,6448328.0,1978147.54844
2025-01-06 04:00:00,0.30675,0.30781,0.30458,0.30621,10312052.0,2025-01-06 04:59:59.999,3156854.22582,7168,4570551.0,1399233.07076
2025-01-06 05:00:00,0.30621,0.3066,0.30391,0.30434,8064382.0,2025-01-06 05:59:59.999,2460458.6058,6391,3503711.0,1069176.41104
2025-01-06 06:00:00,0.30438,0.30509,0.3026,0.30393,7412790.0,2025-01-06 06:59:59.999,2252930.8643,5742,3305285.0,1004588.39216
2025-01-06 07:00:00,0.30401,0.30458,0.30075,0.30128,6209737.0,2025-01-06 07:59:59.999,1875744.5825,5840,2667030.0,805539.87465
2025-01-06 08:00:00,0.30122,0.304,0.30069,0.30078,7143030.0,2025-01-06 08:59:59.999,2156327.59795,5780,3490498.0,1053677.85924
2025-01-06 09:00:00,0.30077,0.30271,0.30003,0.30232,6266512.0,2025-01-06 09:59:59.999,1888295.25391,4717,3305680.0,996109.1724
2025-01-06 10:00:00,0.3023,0.30829,0.30105,0.30808,13450039.0,2025-01-06 10:59:59.999,4105314.54874,10305,6876793.0,2100247.33733
2025-01-06 11:00:00,0.30808,0.3119,0.30561,0.31062,21145010.0,2025-01-06 11:59:59.999,6536209.14286,15324,11459666.0,3543268.8985
2025-01-06 12:00:00,0.3106,0.3134,0.30566,0.30615,21747580.0,2025-01-06 12:59:59.999,6750771.27673,16506,11497553.0,3573545.99051
2025-01-06 13:00:00,0.30615,0.30661,0.3008,0.30517,23877775.0,2025-01-06 13:59:59.999,7255012.10991,18877,10918995.0,3317427.71941
2025-01-06 14:00:00,0.30516,0.31168,0.30198,0.30924,25035697.0,2025-01-06 14:59:59.999,7678617.72777,20325,11921707.0,3656806.27627
2025-01-06 15:00:00,0.30927,0.31284,0.30827,0.31063,35096517.0,2025-01-06 15:59:59.999,10917994.79855,23715,16345161.0,5085097.72309
2025-01-06 16:00:00,0.31066,0.31387,0.30957,0.31167,26331686.0,2025-01-06 16:59:59.999,8217807.80137,16496,12675348.0,3956190.05081
2025-01-06 17:00:00,0.31174,0.31286,0.30764,0.31026,20715379.0,2025-01-06 17:59:59.999,6424725.21949,15404,9244287.0,2868353.4025
2025-01-06 18:00:00,0.31025,0.31374,0.30823,0.31187,15235022.0,2025-01-06 18:59:59.999,4745727.02573,13384,7292394.0,2272001.25748
2025-01-06 19:00:00,0.31189,0.31851,0.31147,0.31542,26417739.0,2025-01-06 19:59:59.999,8338646.9052,20793,13689763.0,4320880.76805
2025-01-06 20:00:00,0.31542,0.31676,0.31258,0.31332,19439615.0,2025-01-06 20:59:59.999,6115770.91126,15924,8255123.0,2597843.44234
2025-01-06 21:00:00,0.31322,0.31365,0.30951,0.30971,15166407.0,2025-01-06 21:59:59.999,4720387.06654,14745,7330230.0,2281575.21632
2025-01-06 22:00:00,0.30972,0.31148,0.30865,0.30902,15375078.0,2025-01-06 22:59:59.999,4758577.27706,12742,7666448.0,2372765.92969
2025-01-06 23:00:00,0.30905,0.30931,0.30551,0.30813,16021795.0,2025-01-06 23:59:59.999,4921442.33257,15148,6989394.0,2147474.37437
2025-01-07 00:00:00,0.30816,0.30926,0.30526,0.3083,9243234.0,2025-01-07 00:59:59.999,2840315.61472,9985,4310591.0,1325388.50327
2025-01-07 01:00:00,0.3083,0.31459,0.3064,0.31433,18309489.0,2025-01-07 01:59:59.999,5693578.57653,11569,10987914.0,3415415.68128
2025-01-07 02:00:00,0.31434,0.31494,0.30925,0.30997,10874899.0,2025-01-07 02:59:59.999,3387277.90889,8277,5058349.0,1575678.67439
2025-01-07 03:00:00,0.30997,0.31597,0.30941,0.31567,11777695.0,2025-01-07 03:59:59.999,3684783.62516,9757,6762142.0,2116831.5525
2025-01-07 04:00:00,0.31573,0.31666,0.31204,0.31373,14372219.0,2025-01-07 04:59:59.999,4520770.9016,10329,6869782.0,2159826.79098
2025-01-07 05:00:00,0.31366,0.31765,0.31243,0.31713,14799347.0,2025-01-07 05:59:59.999,4667750.72418,11219,7472250.0,2356719.23418
2025-01-07 06:00:00,0.31714,0.32495,0.31486,0.32409,38325330.0,2025-01-07 06:59:59.999,12283625.90675,28769,21755453.0,6973024.77357
2025-01-07 07:00:00,0.32407,0.32414,0.31841,0.32376,32618226.0,2025-01-07 07:59:59.999,10468608.64689,20216,15974616.0,5125039.83725
2025-01-07 08:00:00,0.32374,0.3301,0.32202,0.3275,51805926.0,2025-01-07 08:59:59.999,16916600.25938,37802,27288091.0,8917510.83188
2025-01-07 09:00:00,0.32769,0.32819,0.32053,0.32388,24241937.0,2025-01-07 09:59:59.999,7845486.50998,20366,12731467.0,4120059.73673
2025-01-07 10:00:00,0.32383,0.32569,0.32098,0.32321,20502351.0,2025-01-07 10:59:59.999,6622594.78996,15070,10878971.0,3513197.31238
2025-01-07 11:00:00,0.32326,0.32413,0.31307,0.316,38220187.0,2025-01-07 11:59:59.999,12137619.8242,26513,17845042.0,5668198.75785
2025-01-07 12:00:00,0.31604,0.31979,0.31404,0.31678,30506295.0,2025-01-07 12:59:59.999,9673289.23097,20603,14483161.0,4592124.22423
2025-01-07 13:00:00,0.31677,0.32273,0.31665,0.322,18884710.0,2025-01-07 13:59:59.999,6050350.07681,14293,10099857.0,3235562.77688
2025-01-07 14:00:00,0.32201,0.32489,0.31329,0.31593,37280649.0,2025-01-07 14:59:59.999,11962835.29715,28139,17844067.0,5731116.05188
2025-01-07 15:00:00,0.31591,0.31717,0.29668,0.30049,134651657.0,2025-01-07 15:59:59.999,41312935.28994,137665,60020113.0,18418665.37605
2025-01-07 16:00:00,0.30047,0.30572,0.29776,0.30086,43661697.0,2025-01-07 16:59:59.999,13193621.96623,38444,23119399.0,6988816.97335
2025-01-07 17:00:00,0.30085,0.30276,0.29744,0.29941,21587476.0,2025-01-07 17:59:59.999,6483228.00969,18781,10182644.0,3058858.71687
2025-01-07 18:00:00,0.29941,0.30122,0.29109,0.29457,36376907.0,2025-01-07 18:59:59.999,10753446.49974,27676,14535246.0,4301312.29829
2025-01-07 19:00:00,0.29463,0.29714,0.29024,0.2919,18682730.0,2025-01-07 19:59:59.999,5477528.59532,15985,8773256.0,2574575.44625
2025-01-07 20:00:00,0.29186,0.29363,0.2885,0.2915,21134905.0,2025-01-07 20:59:59.999,6157931.40141,17814,9852673.0,2872894.81752
2025-01-07 21:00:00,0.2915,0.29602,0.28885,0.28893,24008244.0,2025-01-07 21:59:59.999,7027088.51969,19215,12251342.0,3587839.36762
2025-01-07 22:00:00,0.28884,0.2941,0.28808,0.29192,17593912.0,2025-01-07 22:59:59.999,5132076.64913,14012,9012152.0,2629334.40812
2025-01-07 23:00:00,0.29192,0.29324,0.28886,0.28909,16686232.0,2025-01-07 23:59:59.999,4855349.40757,14914,9515308.0,2770631.22055
2025-01-08 00:00:00,0.28913,0.29578,0.28899,0.29411,22125397.0,2025-01-08 00:59:59.999,6483936.99987,18311,10198037.0,2986626.87765
2025-01-08 01:00:00,0.29415,0.29415,0.28575,0.28937,20512075.0,2025-01-08 01:59:59.999,5945650.04365,15714,9076620.0,2630430.54282
2025-01-08 02:00:00,0.2894,0.29289,0.28762,0.28882,18262592.0,2025-01-08 02:59:59.999,5306043.14634,11695,9224161.0,2681238.52741
2025-01-08 03:00:00,0.28882,0.28941,0.28367,0.28558,22390819.0,2025-01-08 03:59:59.999,6409326.45288,17268,10350525.0,2962498.63249
2025-01-08 04:00:00,0.28558,0.28753,0.28261,0.28279,17108661.0,2025-01-08 04:59:59.999,4867877.05247,12329,7729502.0,2199630.47696
2025-01-08 05:00:00,0.2828,0.28674,0.28235,0.28337,12361105.0,2025-01-08 05:59:59.999,3515250.37497,9269,6206685.0,1765457.58783
2025-01-08 06:00:00,0.28346,0.28544,0.27555,0.27601,28585552.0,2025-01-08 06:59:59.999,8026680.02642,19913,12055488.0,3390207.81373
2025-01-08 07:00:00,0.27599,0.28146,0.27582,0.2803,20277699.0,2025-01-08 07:59:59.999,5672153.13552,13021,10414718.0,2912327.26124
2025-01-08 08:00:00,0.2804,0.28555,0.28037,0.28272,21043971.0,2025-01-08 08:59:59.999,5970926.58269,19571,11732436.0,3328672.10476
2025-01-08 09:00:00,0.28271,0.28447,0.27986,0.27987,13158033.0,2025-01-08 09:59:59.999,3718298.42787,10237,6620418.0,1871606.22202
2025-01-08 10:00:00,0.27984,0.2833,0.27983,0.281,9921869.0,2025-01-08 10:59:59.999,2791887.44435,8696,4795576.0,1349617.92075
2025-01-08 11:00:00,0.28098,0.28132,0.27567,0.27988,16685682.0,2025-01-08 11:59:59.999,4649699.27583,15498,7985782.0,2226364.86337
2025-01-08 12:00:00,0.2799,0.28358,0.27802,0.2781,19786193.0,2025-01-08 12:59:59.999,5560056.4304,17405,10378003.0,2917031.28796
2025-01-08 13:00:00,0.27816,0.28111,0.27679,0.2768,19947924.0,2025-01-08 13:59:59.999,5567459.65202,18106,9425424.0,2630729.23539
2025-01-08 14:00:00,0.2768,0.28147,0.27673,0.27894,20220838.0,2025-01-08 14:59:59.999,5638844.48929,17680,10043499.0,2800526.5041
2025-01-08 15:00:00,0.27894,0.2828,0.27647,0.28007,21093043.0,2025-01-08 15:59:59.999,5893987.41283,17291,10809583.0,3020916.74505
2025-01-08 16:00:00,0.28005,0.28075,0.2745,0.27505,25916989.0,2025-01-08 16:59:59.999,7196548.56737,19027,11159455.0,3103765.95093
2025-01-08 17:00:00,0.2751,0.27792,0.2663,0.27765,56621527.0,2025-01-08 17:59:59.999,15383508.78276,49008,26457147.0,7193240.34307
2025-01-08 18:00:00,0.2776,0.28671,0.27677,0.28059,38584357.0,2025-01-08 18:59:59.999,10891811.93772,27760,19807984.0,5596834.88147
2025-01-08 19:00:00,0.28063,0.28211,0.27859,0.27977,21073378.0,2025-01-08 19:59:59.999,5910978.6584,16059,10987981.0,3082605.99912
2025-01-08 20:00:00,0.27971,0.28111,0.2773,0.27932,10569606.0,2025-01-08 20:59:59.999,2952322.91972,8267,5903459.0,1649286.96585
2025-01-08 21:00:00,0.27944,0.28227,0.2771,0.28165,11215997.0,2025-01-08 21:59:59.999,3134615.54455,9821,6197703.0,1731987.25265
2025-01-08 22:00:00,0.28161,0.28857,0.28103,0.2875,19558680.0,2025-01-08 22:59:59.999,5573580.36693,13730,9968232.0,2839508.25726
2025-01-08 23:00:00,0.28743,0.28751,0.28353,0.285,9040247.0,2025-01-08 23:59:59.999,2577970.83509,6705,4360189.0,1243098.79002
2025-01-09 00:00:00,0.28509,0.28514,0.28053,0.28351,14739068.0,2025-01-09 00:59:59.999,4169206.2713,10704,5974441.0,1690719.76126
2025-01-09 01:00:00,0.28349,0.28516,0.28204,0.2825,10751473.0,2025-01-09 01:59:59.999,3049067.07163,9791,4534699.0,1286262.48172
2025-01-09 02:00:00,0.2825,0.28373,0.27779,0.27981,17208121.0,2025-01-09 02:59:59.999,4823283.75731,13761,7898282.0,2213351.90243
2025-01-09 03:00:00,0.27984,0.2803,0.2768,0.27709,11522079.0,2025-01-09 03:59:59.999,3206833.78806,7786,5978567.0,1663785.35421
2025-01-09 04:00:00,0.27702,0.27875,0.275,0.27777,12581846.0,2025-01-09 04:59:59.999,3481384.71421,8881,5520156.0,1528039.21854
2025-01-09 05:00:00,0.27773,0.27908,0.27641,0.27751,6986360.0,2025-01-09 05:59:59.999,1937938.81001,5322,3642346.0,1010365.90832
2025-01-09 06:00:00,0.27749,0.27782,0.27376,0.27392,9252919.0,2025-01-09 06:59:59.999,2551742.51079,6551,4284393.0,1181655.61356
2025-01-09 07:00:00,0.27393,0.27516,0.26909,0.26962,22025638.0,2025-01-09 07:59:59.999,5975877.37027,12378,11342681.0,3077079.49349
2025-01-09 08:00:00,0.2699,0.27477,0.26929,0.27305,13750565.0,2025-01-09 08:59:59.999,3738010.41149,8883,7247757.0,1970400.10802
2025-01-09 09:00:00,0.27305,0.27483,0.27226,0.2724,7742309.0,2025-01-09 09:59:59.999,2118633.89918,5201,3978634.0,1088802.68489
2025-01-09 10:00:00,0.27246,0.27334,0.26701,0.2706,15668227.0,2025-01-09 10:59:59.999,4225257.61244,10671,6032191.0,1628046.69706
2025-01-09 11:00:00,0.2706,0.2737,0.26937,0.27129,10698578.0,2025-01-09 11:59:59.999,2907589.5481,7741,5440760.0,1479024.18951
2025-01-09 12:00:00,0.27124,0.27226,0.26866,0.27094,12394788.0,2025-01-09 12:59:59.999,3353307.83139,8019,7050302.0,1907801.83579
2025-01-09 13:00:00,0.27092,0.27218,0.2634,0.26352,26480424.0,2025-01-09 13:59:59.999,7064517.44772,17745,12185811.0,3253448.75713
2025-01-09 14:00:00,0.26346,0.26935,0.26268,0.26728,23654608.0,2025-01-09 14:59:59.999,6294846.79969,16020,12527681.0,3334309.10661
2025-01-09 15:00:00,0.26722,0.27789,0.2658,0.27566,27765594.0,2025-01-09 15:59:59.999,7562392.20862,20292,14103113.0,3842525.02225
2025-01-09 16:00:00,0.27568,0.27863,0.27337,0.27729,18415287.0,2025-01-09 16:59:59.999,5087021.97643,12794,8546700.0,2361112.66166
2025-01-09 17:00:00,0.27722,0.27751,0.26873,0.27093,19524775.0,2025-01-09 17:59:59.999,5322388.06442,13039,9823781.0,2677314.81197
2025-01-09 18:00:00,0.2709,0.27445,0.26944,0.27235,15198987.0,2025-01-09 18:59:59.999,4131932.93006,9438,7882053.0,2144046.36797
2025-01-09 19:00:00,0.27237,0.27279,0.266,0.26705,19462961.0,2025-01-09 19:59:59.999,5227675.59226,10862,8114575.0,2182618.1157
2025-01-09 20:00:00,0.2672,0.26888,0.263,0.26669,22148157.0,2025-01-09 20:59:59.999,5887402.94201,15895,10498402.0,2790441.10292
2025-01-09 21:00:00,0.26664,0.26954,0.26449,0.26491,14852172.0,2025-01-09 21:59:59.999,3962602.4652,9374,8221916.0,2192764.44611
2025-01-09 22:00:00,0.26491,0.27073,0.26427,0.26972,10471954.0,2025-01-09 22:59:59.999,2798776.2037,7400,5541084.0,1481081.30525
2025-01-09 23:00:00,0.26971,0.27045,0.26729,0.26877,6450475.0,2025-01-09 23:59:59.999,1733481.44383,7913,2942205.0,790586.04803
2025-01-10 00:00:00,0.26876,0.27124,0.26857,0.26927,7662184.0,2025-01-10 00:59:59.999,2067784.60274,11265,3888880.0,1049421.40568
2025-01-10 01:00:00,0.26927,0.27234,0.26839,0.27196,9156896.0,2025-01-10 01:59:59.999,2474570.62783,10886,5084220.0,1374315.72829
2025-01-10 02:00:00,0.27196,0.27509,0.27124,0.27304,12035274.0,2025-01-10 02:59:59.999,3291701.78281,12298,7227558.0,1977345.54961
2025-01-10 03:00:00,0.27307,0.27408,0.2714,0.27295,6682132.0,2025-01-10 03:59:59.999,1823252.41073,7531,3810374.0,1039799.92281
2025-01-10 04:00:00,0.27295,0.27439,0.2716,0.27231,6800039.0,2025-01-10 04:59:59.999,1855185.68959,7751,3067117.0,836575.43093
2025-01-10 05:00:00,0.27231,0.2772,0.2707,0.27429,10489980.0,2025-01-10 05:59:59.999,2874697.3488,12189,4902134.0,1343771.01349
2025-01-10 06:00:00,0.27429,0.27922,0.27354,0.27889,11224202.0,2025-01-10 06:59:59.999,3097262.15487,12383,6293831.0,1736560.49445
2025-01-10 07:00:00,0.27894,0.28542,0.27735,0.28201,25766649.0,2025-01-10 07:59:59.999,7266691.39588,24759,15348193.0,4328534.03574
2025-01-10 08:00:00,0.28199,0.28526,0.28087,0.28163,15791307.0,2025-01-10 08:59:59.999,4469057.49373,17764,7492817.0,2121035.73684
2025-01-10 09:00:00,0.28162,0.28348,0.28,0.28193,10716096.0,2025-01-10 09:59:59.999,3018540.60671,11921,5368612.0,1512589.71759
2025-01-10 10:00:00,0.28195,0.28456,0.28183,0.28435,11073390.0,2025-01-10 10:59:59.999,3135355.1709,10790,5378138.0,1522914.42736
2025-01-10 11:00:00,0.28434,0.28434,0.27785,0.2793,13771231.0,2025-01-10 11:59:59.999,3861572.35809,16069,6647162.0,1864148.14362
2025-01-10 12:00:00,0.27932,0.28022,0.27585,0.27898,15057981.0,2025-01-10 12:59:59.999,4180941.07636,15130,7335808.0,2038502.08884
2025-01-10 13:00:00,0.27896,0.28035,0.26674,0.27136,57342362.0,2025-01-10 13:59:59.999,15625803.95038,83845,27792076.0,7575226.9127
2025-01-10 14:00:00,0.27133,0.27841,0.2707,0.27248,25002490.0,2025-01-10 14:59:59.999,6847158.39352,38002,12321290.0,3374716.22437
2025-01-10 15:00:00,0.27245,0.275,0.26712,0.272,22693625.0,2025-01-10 15:59:59.999,6139951.95088,33225,11590005.0,3136113.8716
2025-01-10 16:00:00,0.27203,0.27276,0.26875,0.26919,14364957.0,2025-01-10 16:59:59.999,3881673.28601,18217,7409474.0,2002591.90741
2025-01-10 17:00:00,0.26922,0.28065,0.26847,0.27977,20037095.0,2025-01-10 17:59:59.999,5494957.89087,23850,11107840.0,3045563.18846
2025-01-10 18:00:00,0.27977,0.28081,0.27738,0.27994,19202552.0,2025-01-10 18:59:59.999,5355841.66224,23210,10106176.0,2818294.34752
2025-01-10 19:00:00,0.27995,0.28538,0.27777,0.28493,15931281.0,2025-01-10 19:59:59.999,4496691.78191,18184,8583611.0,2422327.4873
2025-01-10 20:00:00,0.28493,0.28497,0.27964,0.28143,10269714.0,2025-01-10 20:59:59.999,2892416.1152,12701,4005841.0,1127844.06196
2025-01-10 21:00:00,0.28145,0.28297,0.28055,0.28103,6166063.0,2025-01-10 21:59:59.999,1737461.83004,7647,2966471.0,835859.47895
2025-01-10 22:00:00,0.28101,0.28381,0.27895,0.2826,8641025.0,2025-01-10 22:59:59.999,2426187.72935,6929,4561917.0,1280952.52988
2025-01-10 23:00:00,0.2826,0.28345,0.28161,0.28164,6201962.0,2025-01-10 23:59:59.999,1752403.0873,5205,2985320.0,843528.31354
2025-01-11 00:00:00,0.28164,0.28332,0.27906,0.28086,9501659.0,2025-01-11 00:59:59.999,2666776.59912,8417,4776855.0,1340468.11021
2025-01-11 01:00:00,0.28086,0.28216,0.2786,0.2794,8762108.0,2025-01-11 01:59:59.999,2453476.24319,8210,4063175.0,1137696.21553
2025-01-11 02:00:00,0.27942,0.28086,0.27818,0.28014,4705066.0,2025-01-11 02:59:59.999,1314625.86272,5450,2298070.0,642126.52563
2025-01-11 03:00:00,0.28012,0.28012,0.27662,0.27699,5226771.0,2025-01-11 03:59:59.999,1452898.24626,5646,2383978.0,662666.4077
2025-01-11 04:00:00,0.27699,0.27903,0.27521,0.27701,7281580.0,2025-01-11 04:59:59.999,2015495.61508,6260,2811127.0,778699.48877
2025-01-11 05:00:00,0.27692,0.27885,0.27611,0.27803,7703022.0,2025-01-11 05:59:59.999,2137872.27581,6327,3908867.0,1084959.79975
2025-01-11 06:00:00,0.278,0.27989,0.27766,0.27778,8693373.0,2025-01-11 06:59:59.999,2423172.51058,5446,4641133.0,1293573.03517
2025-01-11 07:00:00,0.2777,0.2788,0.27679,0.27809,4051225.0,2025-01-11 07:59:59.999,1125368.11156,4143,2013141.0,559169.01874
2025-01-11 08:00:00,0.27809,0.28029,0.27721,0.27813,9232513.0,2025-01-11 08:59:59.999,2574500.53854,7342,4623675.0,1289064.64287
2025-01-11 09:00:00,0.27813,0.27991,0.27799,0.27891,6523367.0,2025-01-11 09:59:59.999,1820094.79185,5275,2843062.0,793098.51686
2025-01-11 10:00:00,0.27897,0.28213,0.2781,0.282,7899303.0,2025-01-11 10:59:59.999,2214605.39546,6892,4493173.0,1260001.02862
2025-01-11 11:00:00,0.28195,0.28422,0.28041,0.2828,11442434.0,2025-01-11 11:59:59.999,3230226.91898,9208,5919110.0,1671116.47752
2025-01-11 12:00:00,0.28271,0.28425,0.281,0.28192,13690622.0,2025-01-11 12:59:59.999,3866425.8237,10049,6206894.0,1752283.97843
2025-01-11 13:00:00,0.28192,0.28259,0.27909,0.27996,8212245.0,2025-01-11 13:59:59.999,2303020.88795,7504,3909576.0,1096537.40315
2025-01-11 14:00:00,0.28,0.28243,0.27871,0.28191,8663999.0,2025-01-11 14:59:59.999,2431809.26017,6951,4609874.0,1293840.94385
2025-01-11 15:00:00,0.28188,0.282,0.278,0.27862,8461893.0,2025-01-11 15:59:59.999,2366213.38999,7956,3490388.0,975619.46622
2025-01-11 16:00:00,0.27862,0.28333,0.27716,0.28182,15342262.0,2025-01-11 16:59:59.999,4294028.88747,11808,8089037.0,2264608.49794
2025-01-11 17:00:00,0.28182,0.28215,0.27795,0.27904,16923009.0,2025-01-11 17:59:59.999,4727003.50629,16435,8333337.0,2327822.07607
2025-01-11 18:00:00,0.27905,0.28164,0.27822,0.28106,11865288.0,2025-01-11 18:59:59.999,3321658.08918,10308,5558436.0,1556238.2167
2025-01-11 19:00:00,0.28106,0.28261,0.27936,0.28206,9661635.0,2025-01-11 19:59:59.999,2711442.13948,9246,4469618.0,1254357.48776
2025-01-11 20:00:00,0.28206,0.29327,0.28087,0.29214,26872206.0,2025-01-11 20:59:59.999,7707261.21623,21513,14512977.0,4165398.00015
2025-01-11 21:00:00,0.29194,0.29588,0.29126,0.29485,34672902.0,2025-01-11 21:59:59.999,10173575.28237,27691,17555866.0,5153038.285
2025-01-11 22:00:00,0.295,0.29649,0.28865,0.28959,23765472.0,2025-01-11 22:59:59.999,6951157.95468,20043,10004735.0,2926901.34641
2025-01-11 23:00:00,0.28962,0.29374,0.2892,0.29217,12930379.0,2025-01-11 23:59:59.999,3770284.63373,10973,7048173.0,2055040.95598
2025-01-12 00:00:00,0.29218,0.29232,0.28743,0.2894,23385446.0,2025-01-12 00:59:59.999,6760862.78273,17755,12899358.0,3727578.17559
2025-01-12 01:00:00,0.28943,0.2908,0.28721,0.28993,9679362.0,2025-01-12 01:59:59.999,2794713.96766,7802,4652486.0,1343570.82749
2025-01-12 02:00:00,0.28999,0.29073,0.28719,0.28866,10000453.0,2025-01-12 02:59:59.999,2886335.12098,7539,5055647.0,1458936.55978
2025-01-12 03:00:00,0.28876,0.28915,0.28537,0.28751,8729210.0,2025-01-12 03:59:59.999,2501391.83877,6258,3715889.0,1065162.96906
2025-01-12 04:00:00,0.28743,0.28937,0.2869,0.28842,6839328.0,2025-01-12 04:59:59.999,1970546.01251,5187,3437587.0,990457.66735
2025-01-12 05:00:00,0.28841,0.28901,0.28643,0.2875,4990122.0,2025-01-12 05:59:59.999,1435619.3423,4489,2583501.0,743163.87487
2025-01-12 06:00:00,0.2875,0.28816,0.28334,0.28334,8076529.0,2025-01-12 06:59:59.999,2303943.84674,6093,3814172.0,1088488.49831
2025-01-12 07:00:00,0.28334,0.28606,0.28284,0.28559,6042662.0,2025-01-12 07:59:59.999,1718404.746,5163,3249598.0,924304.38909
2025-01-12 08:00:00,0.2856,0.28842,0.28265,0.28309,11352917.0,2025-01-12 08:59:59.999,3237973.77502,8093,6203971.0,1770029.02975
2025-01-12 09:00:00,0.28318,0.2841,0.28013,0.28117,10634888.0,2025-01-12 09:59:59.999,2995313.28095,8844,5420525.0,1527086.85771
2025-01-12 10:00:00,0.2812,0.28166,0.27904,0.28077,7789289.0,2025-01-12 10:59:59.999,2183191.38232,6245,3557466.0,997190.16781
2025-01-12 11:00:00,0.28082,0.28239,0.28001,0.2812,6976900.0,2025-01-12 11:59:59.999,1960950.26059,5456,3639977.0,1023275.3955
2025-01-12 12:00:00,0.28117,0.2842,0.27981,0.28073,14633719.0,2025-01-12 12:59:59.999,4124223.17792,9303,8025004.0,2261891.31927
2025-01-12 13:00:00,0.28072,0.2827,0.28006,0.28221,9687745.0,2025-01-12 13:59:59.999,2724665.34276,10011,4236369.0,1191843.36689
2025-01-12 14:00:00,0.28226,0.28297,0.27977,0.28029,9263589.0,2025-01-12 14:59:59.999,2607162.3447,8486,4587063.0,1291457.21464
2025-01-12 15:00:00,0.2803,0.28494,0.27929,0.28239,13615075.0,2025-01-12 15:59:59.999,3845674.61432,11557,6876640.0,1943678.97663
2025-01-12 16:00:00,0.28235,0.28399,0.28046,0.28265,11161066.0,2025-01-12 16:59:59.999,3152906.28993,8949,5719202.0,1615754.00503
2025-01-12 17:00:00,0.28265,0.28497,0.28229,0.28371,8147925.0,2025-01-12 17:59:59.999,2313471.01504,7696,4213525.0,1196260.32737
2025-01-12 18:00:00,0.28365,0.2852,0.28126,0.28344,10766027.0,2025-01-12 18:59:59.999,3049950.33353,9880,5779533.0,1636757.23596
2025-01-12 19:00:00,0.28337,0.28456,0.2817,0.28209,5983976.0,2025-01-12 19:59:59.999,1692102.11768,10816,2460288.0,695878.98698
2025-01-12 20:00:00,0.28208,0.28226,0.27934,0.28012,9691646.0,2025-01-12 20:59:59.999,2719415.45089,16969,3668568.0,1029057.1327
2025-01-12 21:00:00,0.28012,0.28069,0.27662,0.2772,12676990.0,2025-01-12 21:59:59.999,3525009.69622,17647,5657116.0,1572821.91332
2025-01-12 22:00:00,0.27719,0.2777,0.273,0.27464,18538749.0,2025-01-12 22:59:59.999,5092302.93415,21305,8520851.0,2339924.02381
2025-01-12 23:00:00,0.27465,0.27845,0.2745,0.27813,8720883.0,2025-01-12 23:59:59.999,2406895.8959,11712,4195583.0,1158173.78536
2025-01-13 00:00:00,0.27812,0.28892,0.27746,0.2841,25307209.0,2025-01-13 00:59:59.999,7197567.54141,31884,12546203.0,3568350.58681
2025-01-13 01:00:00,0.28407,0.2843,0.27862,0.27996,16831249.0,2025-01-13 01:59:59.999,4742384.18622,20156,7884897.0,2221007.12091
2025-01-13 02:00:00,0.27996,0.28077,0.27287,0.27471,14444054.0,2025-01-13 02:59:59.999,4000444.86147,17638,7238202.0,2006441.24441
2025-01-13 03:00:00,0.2747,0.27614,0.27221,0.27355,11715731.0,2025-01-13 03:59:59.999,3216265.97125,15001,5746862.0,1577776.75943
2025-01-13 04:00:00,0.27354,0.27889,0.27296,0.27743,7456568.0,2025-01-13 04:59:59.999,2061498.45,11135,3535327.0,977676.36935
2025-01-13 05:00:00,0.27743,0.27752,0.27142,0.27163,10696284.0,2025-01-13 05:59:59.999,2925807.61064,12957,4271642.0,1168381.58908
2025-01-13 06:00:00,0.27168,0.27368,0.2685,0.26933,16577908.0,2025-01-13 06:59:59.999,4484199.52861,18360,7048031.0,1907111.07284
2025-01-13 07:00:00,0.26935,0.27195,0.26879,0.26996,9891115.0,2025-01-13 07:59:59.999,2674208.02424,11868,5072342.0,1371453.79735
2025-01-13 08:00:00,0.26992,0.26992,0.26577,0.26671,13731985.0,2025-01-13 08:59:59.999,3671903.94725,15028,5952301.0,1591233.08584
2025-01-13 09:00:00,0.26667,0.268,0.26475,0.26728,16398896.0,2025-01-13 09:59:59.999,4369842.34734,19387,8365578.0,2229420.04486
2025-01-13 10:00:00,0.26728,0.2676,0.26353,0.26524,15257647.0,2025-01-13 10:59:59.999,4046593.65494,18525,7329698.0,1943810.49165
2025-01-13 11:00:00,0.26523,0.26611,0.25908,0.25911,24216504.0,2025-01-13 11:59:59.999,6352764.64917,25148,9688936.0,2542608.23514
2025-01-13 12:00:00,0.25913,0.26363,0.25896,0.26264,29761240.0,2025-01-13 12:59:59.999,7775222.16676,32399,16240274.0,4246046.03288
2025-01-13 13:00:00,0.26263,0.26732,0.26114,0.26327,21214260.0,2025-01-13 13:59:59.999,5613734.46105,28072,11386976.0,3013663.74413
2025-01-13 14:00:00,0.26326,0.27187,0.25,0.26889,57868440.0,2025-01-13 14:59:59.999,15225750.82001,76697,26100441.0,6885720.78145
2025-01-13 15:00:00,0.26887,0.2774,0.26736,0.2708,42369198.0,2025-01-13 15:59:59.999,11563787.56924,56880,22168441.0,6051432.57006
2025-01-13 16:00:00,0.27081,0.27199,0.26615,0.26645,16627388.0,2025-01-13 16:59:59.999,4482035.77913,26419,8271097.0,2231186.88364
2025-01-13 17:00:00,0.26644,0.26956,0.26508,0.26689,12296355.0,2025-01-13 17:59:59.999,3286350.62521,21536,6414194.0,1714505.83083
2025-01-13 18:00:00,0.26688,0.26927,0.26318,0.2655,16746927.0,2025-01-13 18:59:59.999,4450301.1669,25374,8743826.0,2323212.83237
2025-01-13 19:00:00,0.2655,0.26806,0.26345,0.26629,19786402.0,2025-01-13 19:59:59.999,5259279.98748,27076,9086999.0,2415253.45543
2025-01-13 20:00:00,0.26629,0.2751,0.26402,0.27249,16190415.0,2025-01-13 20:59:59.999,4372556.09848,25815,8442386.0,2281749.65842
2025-01-13 21:00:00,0.2725,0.27531,0.27031,0.27337,14365304.0,2025-01-13 21:59:59.999,3915438.77075,25372,7297608.0,1989581.73215
2025-01-13 22:00:00,0.27338,0.27885,0.27304,0.27845,14770219.0,2025-01-13 22:59:59.999,4083012.39347,18311,7490039.0,2069935.27387
2025-01-13 23:00:00,0.27846,0.27859,0.27437,0.2751,8144688.0,2025-01-13 23:59:59.999,2247604.67778,13312,3715878.0,1025577.19748
2025-01-14 00:00:00,0.27509,0.27724,0.27266,0.27679,9507638.0,2025-01-14 00:59:59.999,2614466.49328,12607,4712939.0,1295970.50192
2025-01-14 01:00:00,0.27679,0.2803,0.27628,0.277,9596150.0,2025-01-14 01:59:59.999,2668955.16147,11626,5530986.0,1537859.16937
2025-01-14 02:00:00,0.277,0.28086,0.27699,0.27869,7676446.0,2025-01-14 02:59:59.999,2139943.52041,10538,4134738.0,1152794.8277
2025-01-14 03:00:00,0.27869,0.27922,0.27671,0.27676,6822232.0,2025-01-14 03:59:59.999,1896571.58493,7323,2907609.0,808288.67724
2025-01-14 04:00:00,0.27677,0.2797,0.27662,0.27908,7085986.0,2025-01-14 04:59:59.999,1969348.66257,7663,3399396.0,944560.44533
2025-01-14 05:00:00,0.27904,0.28131,0.27629,0.27677,7836349.0,2025-01-14 05:59:59.999,2189023.99833,8911,3385681.0,946068.37563
2025-01-14 06:00:00,0.27677,0.27978,0.27652,0.27915,6806288.0,2025-01-14 06:59:59.999,1894820.65261,7794,3527702.0,981968.16228
2025-01-14 07:00:00,0.27916,0.2813,0.2784,0.2784,9201987.0,2025-01-14 07:59:59.999,2576940.85869,9079,4873125.0,1364887.10849
2025-01-14 08:00:00,0.2784,0.28329,0.2784,0.28192,12770374.0,2025-01-14 08:59:59.999,3599031.12855,14806,7043814.0,1985412.07107
2025-01-14 09:00:00,0.28192,0.28742,0.28153,0.28495,19608570.0,2025-01-14 09:59:59.999,5582770.85835,22740,10054591.0,2862864.60683
2025-01-14 10:00:00,0.28495,0.286,0.28326,0.28456,14693895.0,2025-01-14 10:59:59.999,4184956.47873,17276,7287683.0,2076207.80173
2025-01-14 11:00:00,0.28456,0.28466,0.28147,0.28395,9415207.0,2025-01-14 11:59:59.999,2663412.74378,12436,3901430.0,1103695.02095
2025-01-14 12:00:00,0.28395,0.28508,0.27969,0.28,14804983.0,2025-01-14 12:59:59.999,4172880.69561,16727,5603096.0,1579279.21794
2025-01-14 13:00:00,0.28001,0.28763,0.27916,0.28416,31450190.0,2025-01-14 13:59:59.999,8937781.73874,41268,15590876.0,4434120.85619
2025-01-14 14:00:00,0.28424,0.29116,0.28316,0.28675,22686899.0,2025-01-14 14:59:59.999,6528654.69648,30425,12002626.0,3453894.7315
2025-01-14 15:00:00,0.28676,0.291,0.28596,0.28963,13607735.0,2025-01-14 15:59:59.999,3933019.29809,23574,7299109.0,2110121.60312
2025-01-14 16:00:00,0.28963,0.29019,0.28616,0.28838,18593180.0,2025-01-14 16:59:59.999,5354339.34031,28762,9535980.0,2746427.10983
2025-01-14 17:00:00,0.28838,0.29331,0.28753,0.28919,26423073.0,2025-01-14 17:59:59.999,7680489.85732,37106,13373074.0,3887743.41189
2025-01-14 18:00:00,0.28919,0.29266,0.28875,0.29121,14305103.0,2025-01-14 18:59:59.999,4158894.25957,22975,7575717.0,2203100.93949
2025-01-14 19:00:00,0.29118,0.2918,0.28863,0.2888,10264190.0,2025-01-14 19:59:59.999,2979947.87913,17059,4770610.0,1385405.18225
2025-01-14 20:00:00,0.28879,0.28989,0.28475,0.28853,19427996.0,2025-01-14 20:59:59.999,5581535.69541,23483,10286541.0,2954637.69769
2025-01-14 21:00:00,0.28853,0.29069,0.28853,0.28984,10065364.0,2025-01-14 21:59:59.999,2915387.62122,17465,5944131.0,1721634.47582
2025-01-14 22:00:00,0.28985,0.29045,0.28911,0.2892,5723347.0,2025-01-14 22:59:59.999,1658229.05702,9390,2357310.0,683042.97247
2025-01-14 23:00:00,0.28919,0.28988,0.28656,0.28715,7427512.0,2025-01-14 23:59:59.999,2138952.42183,9879,3494207.0,1006186.33774
2025-01-15 00:00:00,0.28716,0.29051,0.2858,0.28941,11482463.0,2025-01-15 00:59:59.999,3313016.07647,9863,5643232.0,1629271.82919
2025-01-15 01:00:00,0.28937,0.29946,0.28879,0.2962,37442535.0,2025-01-15 01:59:59.999,11055074.98495,28491,21166532.0,6251693.92806
2025-01-15 02:00:00,0.29625,0.3033,0.29505,0.30067,36018348.0,2025-01-15 02:59:59.999,10788849.94957,29918,19003979.0,5691681.13252
2025-01-15 03:00:00,0.30074,0.30237,0.29665,0.29921,22406326.0,2025-01-15 03:59:59.999,6698739.88812,16738,10961633.0,3277656.50898
2025-01-15 04:00:00,0.29924,0.30104,0.29778,0.30046,16820919.0,2025-01-15 04:59:59.999,5035522.59052,11180,8804775.0,2636095.05584
2025-01-15 05:00:00,0.3004,0.30299,0.29792,0.30208,18363332.0,2025-01-15 05:59:59.999,5523820.97811,12863,9827321.0,2956575.69586
2025-01-15 06:00:00,0.30209,0.30843,0.30129,0.30808,28699579.0,2025-01-15 06:59:59.999,8734453.12893,19903,16381400.0,4987153.60586
2025-01-15 07:00:00,0.30808,0.31427,0.30634,0.31216,37130360.0,2025-01-15 07:59:59.999,11529627.47423,28129,19113738.0,5937074.19698
2025-01-15 08:00:00,0.31215,0.31311,0.30606,0.30687,30128210.0,2025-01-15 08:59:59.999,9312256.75564,23278,13818240.0,4273104.46547
2025-01-15 09:00:00,0.30687,0.30844,0.29871,0.30033,40168774.0,2025-01-15 09:59:59.999,12214232.26425,30548,18667257.0,5675358.27296
2025-01-15 10:00:00,0.30032,0.30372,0.29779,0.3018,26609014.0,2025-01-15 10:59:59.999,8006517.75588,19000,14048276.0,4231029.64595
2025-01-15 11:00:00,0.30174,0.30248,0.29431,0.29757,34749070.0,2025-01-15 11:59:59.999,10321148.658,27164,14840988.0,4406045.20804
2025-01-15 12:00:00,0.29758,0.29908,0.29466,0.29824,16963851.0,2025-01-15 12:59:59.999,5039815.89563,14737,8667201.0,2574919.83813
2025-01-15 13:00:00,0.29816,0.31363,0.29792,0.31058,76361778.0,2025-01-15 13:59:59.999,23532662.16188,71077,40610496.0,12503213.60596
2025-01-15 14:00:00,0.31054,0.31243,0.30478,0.31149,41349949.0,2025-01-15 14:59:59.999,12782684.25744,29971,20945072.0,6474409.10816
2025-01-15 15:00:00,0.3115,0.32242,0.31141,0.31789,81561384.0,2025-01-15 15:59:59.999,25880634.11388,71252,44300550.0,14053325.78227
2025-01-15 16:00:00,0.3179,0.32189,0.31223,0.31252,37300162.0,2025-01-15 16:59:59.999,11827378.22679,33780,16620343.0,5274255.40322
2025-01-15 17:00:00,0.31256,0.31535,0.30821,0.30986,30243780.0,2025-01-15 17:59:59.999,9436061.46616,26233,13931372.0,4348528.23627
2025-01-15 18:00:00,0.30986,0.31248,0.30923,0.31171,20486264.0,2025-01-15 18:59:59.999,6368117.14913,20027,9566502.0,2973939.66831
2025-01-15 19:00:00,0.31171,0.31261,0.30929,0.31019,20006811.0,2025-01-15 19:59:59.999,6216673.09505,18242,8818897.0,2740445.77478
2025-01-15 20:00:00,0.31018,0.31366,0.30764,0.31001,31603174.0,2025-01-15 20:59:59.999,9824965.83013,27031,15909058.0,4949519.75609
2025-01-15 21:00:00,0.31008,0.31725,0.31008,0.31566,17144017.0,2025-01-15 21:59:59.999,5380999.4201,16884,9416594.0,2957147.14874
2025-01-15 22:00:00,0.31558,0.3191,0.315,0.31838,21768493.0,2025-01-15 22:59:59.999,6904091.472,19529,11712430.0,3716887.64272
2025-01-15 23:00:00,0.31838,0.32801,0.31729,0.32243,47641945.0,2025-01-15 23:59:59.999,15365401.70597,35746,24725241.0,7974350.16767
2025-01-16 00:00:00,0.32238,0.32313,0.30793,0.31251,47747400.0,2025-01-16 00:59:59.999,14997872.75474,40640,21032841.0,6612350.69802
2025-01-16 01:00:00,0.31255,0.32105,0.31242,0.31963,27327373.0,2025-01-16 01:59:59.999,8648249.42585,21448,15595451.0,4935756.62045
2025-01-16 02:00:00,0.3195,0.3281,0.31684,0.32413,65284656.0,2025-01-16 02:59:59.999,21163046.15665,52101,39070280.0,12668705.65265
2025-01-16 03:00:00,0.32398,0.3344,0.32281,0.3268,58826869.0,2025-01-16 03:59:59.999,19365156.43768,50616,31780205.0,10470764.52699
2025-01-16 04:00:00,0.32676,0.33654,0.32625,0.33533,41753697.0,2025-01-16 04:59:59.999,13892370.01296,34131,23418415.0,7794169.9965
2025-01-16 05:00:00,0.33533,0.33696,0.32732,0.32783,33050051.0,2025-01-16 05:59:59.999,10958968.31642,27162,13222968.0,4390734.831
2025-01-16 06:00:00,0.32785,0.34696,0.32669,0.34632,64399786.0,2025-01-16 06:59:59.999,21883108.37705,52814,37519553.0,12742038.09842
2025-01-16 07:00:00,0.34632,0.34746,0.3356,0.33741,37617888.0,2025-01-16 07:59:59.999,12857529.39666,37939,18206134.0,6226668.64049
2025-01-16 08:00:00,0.33738,0.34705,0.32949,0.33387,58978655.0,2025-01-16 08:59:59.999,19879585.22822,55378,30218437.0,10194086.09025
2025-01-16 09:00:00,0.33389,0.33647,0.3311,0.33404,24966033.0,2025-01-16 09:59:59.999,8324205.40722,25264,12661872.0,4222524.49065
2025-01-16 10:00:00,0.33405,0.33998,0.33344,0.33985,32788253.0,2025-01-16 10:59:59.999,11055131.84601,25214,17716371.0,5974625.04117
2025-01-16 11:00:00,0.33988,0.34826,0.3352,0.34741,86881333.0,2025-01-16 11:59:59.999,29780028.52834,84713,44618143.0,15296823.96141
2025-01-16 12:00:00,0.34741,0.36046,0.34339,0.36007,94336071.0,2025-01-16 12:59:59.999,33349127.35223,89856,49801948.0,17613826.11704
2025-01-16 13:00:00,0.36005,0.37212,0.35381,0.37164,160578579.0,2025-01-16 13:59:59.999,58495431.07712,145378,91176545.0,33234090.75133
2025-01-16 14:00:00,0.37166,0.376,0.34868,0.35121,137824735.0,2025-01-16 14:59:59.999,49761363.92542,141404,65618537.0,23722248.21959
2025-01-16 15:00:00,0.3512,0.36189,0.34913,0.3608,66881576.0,2025-01-16 15:59:59.999,23791555.91564,60461,34897130.0,12426514.53024
2025-01-16 16:00:00,0.36081,0.3749,0.36059,0.37194,69876609.0,2025-01-16 16:59:59.999,25763077.91025,64326,35716793.0,13177315.19283
2025-01-16 17:00:00,0.37173,0.3735,0.36661,0.36685,42337166.0,2025-01-16 17:59:59.999,15661430.38907,45024,18891627.0,6989484.69988
2025-01-16 18:00:00,0.36688,0.37399,0.36688,0.37056,37988786.0,2025-01-16 18:59:59.999,14093257.58402,39690,16418728.0,6094598.90315
2025-01-16 19:00:00,0.37055,0.3845,0.36721,0.37784,52356295.0,2025-01-16 19:59:59.999,19709878.55208,55518,28893424.0,10892999.03554
2025-01-16 20:00:00,0.37787,0.38683,0.37536,0.37935,63472543.0,2025-01-16 20:59:59.999,24219502.06898,62189,30795413.0,11754423.64302
2025-01-16 21:00:00,0.37927,0.38028,0.36824,0.37394,57464926.0,2025-01-16 21:59:59.999,21522609.16576,48705,27421278.0,10271564.94282
2025-01-16 22:00:00,0.37394,0.37553,0.36293,0.36556,51193959.0,2025-01-16 22:59:59.999,18849965.29544,44065,23947284.0,8817412.04797
2025-01-16 23:00:00,0.36558,0.36817,0.35866,0.36278,36129184.0,2025-01-16 23:59:59.999,13108277.37078,50175,15833065.0,5748649.1563
2025-01-17 00:00:00,0.36279,0.38971,0.36154,0.38902,100766065.0,2025-01-17 00:59:59.999,38116062.70388,148157,59401586.0,22465922.37894
2025-01-17 01:00:00,0.38902,0.39514,0.38,0.39299,107366758.0,2025-01-17 01:59:59.999,41795148.44024,164319,54948239.0,21396151.89673
2025-01-17 02:00:00,0.39303,0.40139,0.3895,0.39141,84293626.0,2025-01-17 02:59:59.999,33449178.10774,115135,42699381.0,16948998.8918
2025-01-17 03:00:00,0.3914,0.39218,0.38291,0.38545,50919824.0,2025-01-17 03:59:59.999,19714106.2625,62359,21632883.0,8378019.99758
2025-01-17 04:00:00,0.38545,0.39377,0.38371,0.39193,27694232.0,2025-01-17 04:59:59.999,10759948.88559,40331,16357018.0,6353276.39339
2025-01-17 05:00:00,0.39196,0.39348,0.3799,0.3837,68954008.0,2025-01-17 05:59:59.999,26564428.04262,66049,28557270.0,11007328.3445
2025-01-17 06:00:00,0.3837,0.38559,0.37719,0.38261,33266218.0,2025-01-17 06:59:59.999,12669426.44743,43015,16317948.0,6217045.31024
2025-01-17 07:00:00,0.38265,0.38518,0.37533,0.37631,35208430.0,2025-01-17 07:59:59.999,13401838.06206,37850,15253641.0,5809058.05208
2025-01-17 08:00:00,0.37616,0.37704,0.3682,0.37129,64094141.0,2025-01-17 08:59:59.999,23816457.65008,75772,28247266.0,10498444.25629
2025-01-17 09:00:00,0.37129,0.37461,0.3675,0.37257,33110122.0,2025-01-17 09:59:59.999,12283207.61352,38400,16454378.0,6108948.60758
2025-01-17 10:00:00,0.37257,0.3769,0.37206,0.3744,21227782.0,2025-01-17 10:59:59.999,7954006.69017,35612,12037197.0,4511250.62689
2025-01-17 11:00:00,0.37439,0.37667,0.37014,0.37479,22662042.0,2025-01-17 11:59:59.999,8472359.73682,30760,10820274.0,4047540.40554
2025-01-17 12:00:00,0.37478,0.3749,0.367,0.36757,28600765.0,2025-01-17 12:59:59.999,10599839.33779,34527,12895013.0,4780397.59625
2025-01-17 13:00:00,0.36759,0.37185,0.36599,0.368,22758552.0,2025-01-17 13:59:59.999,8397617.44731,32569,10571326.0,3902233.21639
2025-01-17 14:00:00,0.36802,0.37354,0.36801,0.37088,28504099.0,2025-01-17 14:59:59.999,10563269.67366,47214,13978381.0,5181983.26401
2025-01-17 15:00:00,0.37085,0.37455,0.36213,0.36436,36893537.0,2025-01-17 15:59:59.999,13601069.53047,56398,16692218.0,6160874.6138
2025-01-17 16:00:00,0.36436,0.37405,0.3617,0.36985,27109867.0,2025-01-17 16:59:59.999,9988533.40694,45020,13483257.0,4966042.28684
2025-01-17 17:00:00,0.36985,0.37088,0.36453,0.36601,18474401.0,2025-01-17 17:59:59.999,6791926.86326,30981,8139207.0,2991818.70013
2025-01-17 18:00:00,0.36602,0.37097,0.36566,0.37029,10923929.0,2025-01-17 18:59:59.999,4026093.70795,19403,5823000.0,2145635.81626
2025-01-17 19:00:00,0.37027,0.37267,0.36928,0.36952,15724921.0,2025-01-17 19:59:59.999,5835077.95756,21272,7681545.0,2850813.94642
2025-01-17 20:00:00,0.36952,0.37254,0.36855,0.37066,17689326.0,2025-01-17 20:59:59.999,6566618.07636,22646,9018432.0,3348009.82868
2025-01-17 21:00:00,0.37069,0.37536,0.3706,0.37463,16746236.0,2025-01-17 21:59:59.999,6247510.10344,22546,9043611.0,3374866.03172
2025-01-17 22:00:00,0.3746,0.37984,0.36979,0.37391,25290604.0,2025-01-17 22:59:59.999,9504667.27203,27046,10315978.0,3883499.98734
2025-01-17 23:00:00,0.37398,0.37756,0.37178,0.37453,13253593.0,2025-01-17 23:59:59.999,4957760.98263,18246,6668731.0,2494729.07799
2025-01-18 00:00:00,0.37454,0.38483,0.37055,0.37333,39820882.0,2025-01-18 00:59:59.999,15073305.54423,76889,19350914.0,7326365.04312
2025-01-18 01:00:00,0.3733,0.37336,0.36231,0.36724,29792816.0,2025-01-18 01:59:59.999,10938370.96597,36787,13173140.0,4832266.42032
2025-01-18 02:00:00,0.36724,0.37427,0.3671,0.37038,19391907.0,2025-01-18 02:59:59.999,7196268.10047,28189,9085390.0,3370468.93145
2025-01-18 03:00:00,0.37039,0.37237,0.36077,0.37177,33565638.0,2025-01-18 03:59:59.999,12277410.31668,52433,15638822.0,5723709.1853
2025-01-18 04:00:00,0.37176,0.37773,0.37097,0.37491,33634656.0,2025-01-18 04:59:59.999,12584610.54814,67682,17810264.0,6663558.53678
2025-01-18 05:00:00,0.37491,0.3767,0.34861,0.35115,87955805.0,2025-01-18 05:59:59.999,31758177.02129,116280,47976238.0,17298010.68443
2025-01-18 06:00:00,0.35114,0.35975,0.35096,0.35508,39120577.0,2025-01-18 06:59:59.999,13897309.24702,58135,20099507.0,7140036.11832
2025-01-18 07:00:00,0.35509,0.35844,0.34958,0.34984,20627569.0,2025-01-18 07:59:59.999,7297209.49594,30521,9479245.0,3356512.53693
2025-01-18 08:00:00,0.34983,0.35465,0.34327,0.34986,31010912.0,2025-01-18 08:59:59.999,10823945.49609,53032,15210426.0,5310455.11213
2025-01-18 09:00:00,0.3499,0.35279,0.34773,0.35218,20168896.0,2025-01-18 09:59:59.999,7064014.15092,25588,9880709.0,3462438.07148
2025-01-18 10:00:00,0.35219,0.35249,0.34059,0.34333,28105693.0,2025-01-18 10:59:59.999,9698629.44266,41624,12372516.0,4269906.81586
2025-01-18 11:00:00,0.34332,0.35124,0.34282,0.35013,24393002.0,2025-01-18 11:59:59.999,8492113.91462,34855,13464684.0,4688782.04249
2025-01-18 12:00:00,0.35014,0.35179,0.34714,0.34928,15029448.0,2025-01-18 12:59:59.999,5251332.63489,23036,7593854.0,2653287.30241
2025-01-18 13:00:00,0.34926,0.36311,0.34696,0.3595,36821433.0,2025-01-18 13:59:59.999,13110268.13312,47650,20530346.0,7309998.04768
2025-01-18 14:00:00,0.35951,0.35955,0.35178,0.35304,26362250.0,2025-01-18 14:59:59.999,9362798.06153,36913,11938372.0,4240910.30436
2025-01-18 15:00:00,0.35305,0.35767,0.34846,0.34865,24734441.0,2025-01-18 15:59:59.999,8736653.36129,34758,11879422.0,4199312.34007
2025-01-18 16:00:00,0.34865,0.35015,0.34207,0.34402,30529678.0,2025-01-18 16:59:59.999,10572831.79945,47272,14460439.0,5009021.4562
2025-01-18 17:00:00,0.34398,0.34892,0.34387,0.34597,20981951.0,2025-01-18 17:59:59.999,7276331.85446,30871,10566230.0,3664773.84039
2025-01-18 18:00:00,0.34593,0.35009,0.345,0.34749,13750608.0,2025-01-18 18:59:59.999,4777683.00724,22780,6800107.0,2362965.13397
2025-01-18 19:00:00,0.34746,0.35795,0.34732,0.35795,19214668.0,2025-01-18 19:59:59.999,6804986.36974,27497,9034374.0,3197670.57694
2025-01-18 20:00:00,0.35794,0.358,0.3508,0.35221,20317272.0,2025-01-18 20:59:59.999,7184068.27331,25952,9484782.0,3351927.27846
2025-01-18 21:00:00,0.3522,0.35555,0.35077,0.3528,9355369.0,2025-01-18 21:59:59.999,3302195.82897,14855,4771731.0,1684238.3733
2025-01-18 22:00:00,0.35276,0.3588,0.3522,0.3568,12101357.0,2025-01-18 22:59:59.999,4313188.28287,14094,5677971.0,2022092.027
2025-01-18 23:00:00,0.3568,0.35699,0.35332,0.3547,15714281.0,2025-01-18 23:59:59.999,5579116.27367,22225,8357199.0,2966900.95045
2025-01-19 00:00:00,0.35472,0.35748,0.34972,0.35565,25866010.0,2025-01-19 00:59:59.999,9141784.9309,33350,12426963.0,4393999.74256
2025-01-19 01:00:00,0.35565,0.37106,0.35484,0.36614,44154314.0,2025-01-19 01:59:59.999,16066951.77708,70616,22296709.0,8114491.63042
2025-01-19 02:00:00,0.36615,0.3662,0.35726,0.35788,26623480.0,2025-01-19 02:59:59.999,9622450.59009,34092,13086505.0,4729054.49235
2025-01-19 03:00:00,0.35794,0.3582,0.35309,0.35468,16341188.0,2025-01-19 03:59:59.999,5808377.39537,22024,7540244.0,2679835.87507
2025-01-19 04:00:00,0.35469,0.35469,0.34938,0.34964,17984300.0,2025-01-19 04:59:59.999,6332007.40038,32308,7429336.0,2616525.79356
2025-01-19 05:00:00,0.34965,0.35296,0.34723,0.35292,28784392.0,2025-01-19 05:59:59.999,10059844.03807,27367,12966922.0,4531194.22939
2025-01-19 06:00:00,0.35293,0.36138,0.35208,0.35424,33783689.0,2025-01-19 06:59:59.999,12059534.69896,35540,16260540.0,5805194.00999
2025-01-19 07:00:00,0.35425,0.35551,0.34976,0.34986,18871496.0,2025-01-19 07:59:59.999,6631635.61093,23075,8551426.0,3005025.85374
2025-01-19 08:00:00,0.34986,0.34986,0.33704,0.33777,34503079.0,2025-01-19 08:59:59.999,11823427.46395,50667,13561418.0,4647864.18425
2025-01-19 09:00:00,0.33776,0.34399,0.33087,0.34305,63136062.0,2025-01-19 09:59:59.999,21277042.70028,113371,31125474.0,10493169.92939
2025-01-19 10:00:00,0.34304,0.34316,0.33767,0.33973,17916586.0,2025-01-19 10:59:59.999,6093992.21661,29334,8205372.0,2791118.49938
2025-01-19 11:00:00,0.3397,0.34096,0.32671,0.3285,38144886.0,2025-01-19 11:59:59.999,12697467.98499,51317,16469900.0,5482152.16489
2025-01-19 12:00:00,0.32853,0.33843,0.32829,0.3374,30323295.0,2025-01-19 12:59:59.999,10100145.71876,47934,15088052.0,5027375.43461
2025-01-19 13:00:00,0.33741,0.34053,0.33578,0.34047,20176910.0,2025-01-19 13:59:59.999,6813696.92898,33053,9987952.0,3373078.31358
2025-01-19 14:00:00,0.34047,0.3484,0.33827,0.3484,44015560.0,2025-01-19 14:59:59.999,15047453.79521,69986,23381714.0,7998164.90563
2025-01-19 15:00:00,0.34835,0.35156,0.3445,0.34649,24802048.0,2025-01-19 15:59:59.999,8619738.62965,46432,11926752.0,4144880.20319
2025-01-19 16:00:00,0.34648,0.35397,0.34347,0.35375,22329050.0,2025-01-19 16:59:59.999,7795906.8899,34899,11137784.0,3891481.50322
2025-01-19 17:00:00,0.35367,0.35645,0.34818,0.35609,24414883.0,2025-01-19 17:59:59.999,8605575.08373,34659,11996977.0,4228798.94833
2025-01-19 18:00:00,0.35602,0.35999,0.35311,0.35972,23300858.0,2025-01-19 18:59:59.999,8286757.07686,37361,11560571.0,4111150.90245
2025-01-19 19:00:00,0.3597,0.36342,0.35572,0.36266,25542607.0,2025-01-19 19:59:59.999,9181110.3248,36417,12680621.0,4558516.66176
2025-01-19 20:00:00,0.36266,0.3648,0.35745,0.35806,30309544.0,2025-01-19 20:59:59.999,10947462.1719,41328,13859021.0,5008752.70572
2025-01-19 21:00:00,0.3581,0.35867,0.3371,0.33789,86358007.0,2025-01-19 21:59:59.999,29824803.25117,158329,40535335.0,13987388.92035
2025-01-19 22:00:00,0.33788,0.34408,0.32086,0.33363,73289595.0,2025-01-19 22:59:59.999,24520587.70105,111207,33825051.0,11318381.56499
2025-01-19 23:00:00,0.33362,0.33364,0.31701,0.32623,100119694.0,2025-01-19 23:59:59.999,32473536.81334,194302,50454508.0,16369429.8353
2025-01-20 00:00:00,0.32623,0.33106,0.31935,0.31939,106292075.0,2025-01-20 00:59:59.999,34550753.82395,207936,53581720.0,17420176.04836
2025-01-20 01:00:00,0.3194,0.32879,0.3194,0.32392,49889565.0,2025-01-20 01:59:59.999,16156643.19788,109821,24366656.0,7892132.80712
2025-01-20 02:00:00,0.32393,0.33934,0.32301,0.33653,41360479.0,2025-01-20 02:59:59.999,13791554.81521,75726,20827533.0,6943259.42241
2025-01-20 03:00:00,0.33649,0.34378,0.33453,0.34029,26311524.0,2025-01-20 03:59:59.999,8917914.53461,56943,13075966.0,4432724.49505
2025-01-20 04:00:00,0.34043,0.346,0.33487,0.34128,22722982.0,2025-01-20 04:59:59.999,7738718.72706,37794,11059229.0,3769642.86025
2025-01-20 05:00:00,0.34122,0.3434,0.33666,0.33991,20549893.0,2025-01-20 05:59:59.999,6983627.16947,34138,9413225.0,3198720.74118
2025-01-20 06:00:00,0.33991,0.35944,0.33957,0.3539,44085537.0,2025-01-20 06:59:59.999,15450534.54169,81855,22574811.0,7911921.39668
2025-01-20 07:00:00,0.35388,0.37146,0.35325,0.36365,80193287.0,2025-01-20 07:59:59.999,29152728.48959,165634,41527708.0,15101214.41784
2025-01-20 08:00:00,0.36373,0.37224,0.36057,0.36832,34196566.0,2025-01-20 08:59:59.999,12572043.58914,56387,16786856.0,6182552.45006
2025-01-20 09:00:00,0.36833,0.374,0.36126,0.36282,35292069.0,2025-01-20 09:59:59.999,12976839.23644,56440,15268002.0,5615452.61933
2025-01-20 10:00:00,0.36285,0.37048,0.36267,0.36684,24858938.0,2025-01-20 10:59:59.999,9110890.30149,43161,13336778.0,4887966.06402
2025-01-20 11:00:00,0.36683,0.37099,0.36319,0.37066,21437702.0,2025-01-20 11:59:59.999,7869382.50146,38932,11355337.0,4169532.84182
2025-01-20 12:00:00,0.37065,0.3743,0.35233,0.35882,55313810.0,2025-01-20 12:59:59.999,19917093.3513,110301,27302802.0,9844376.87245
2025-01-20 13:00:00,0.35878,0.367,0.35694,0.36497,30785704.0,2025-01-20 13:59:59.999,11161279.63086,63986,15657620.0,5678672.86515
2025-01-20 14:00:00,0.36495,0.36627,0.36074,0.36369,24502636.0,2025-01-20 14:59:59.999,8897074.53734,45218,11400242.0,4141592.7181
2025-01-20 15:00:00,0.36359,0.36369,0.35341,0.35425,32109946.0,2025-01-20 15:59:59.999,11509417.3931,59466,14409462.0,5165561.73977
2025-01-20 16:00:00,0.35425,0.363,0.34829,0.36118,33402128.0,2025-01-20 16:59:59.999,11880142.2188,66075,16930388.0,6026498.16825
2025-01-20 17:00:00,0.36118,0.3617,0.32919,0.34106,112208785.0,2025-01-20 17:59:59.999,38527197.48424,240415,57645229.0,19794780.08244
2025-01-20 18:00:00,0.34111,0.34837,0.34093,0.34688,25939492.0,2025-01-20 18:59:59.999,8959629.09101,64899,12228136.0,4223484.98363
2025-01-20 19:00:00,0.34685,0.34984,0.34327,0.34702,19970210.0,2025-01-20 19:59:59.999,6934728.55035,36292,8770626.0,3045555.5934
2025-01-20 20:00:00,0.34703,0.34703,0.34207,0.34482,13641895.0,2025-01-20 20:59:59.999,4699435.08763,24756,6243956.0,2150824.70067
2025-01-20 21:00:00,0.34481,0.34784,0.33695,0.33746,15204160.0,2025-01-20 21:59:59.999,5210357.9199,27369,7175879.0,2461687.52693
2025-01-20 22:00:00,0.33748,0.34764,0.33379,0.3465,21370486.0,2025-01-20 22:59:59.999,7289140.98422,23924,12948834.0,4419959.24465
2025-01-20 23:00:00,0.34653,0.34815,0.33963,0.34215,18739182.0,2025-01-20 23:59:59.999,6458151.27349,23331,9397683.0,3240842.74336
2025-01-21 00:00:00,0.34215,0.34606,0.33791,0.33917,26414229.0,2025-01-21 00:59:59.999,9031828.02904,34094,14648112.0,5010324.08498
2025-01-21 01:00:00,0.33927,0.34547,0.33429,0.3358,26992180.0,2025-01-21 01:59:59.999,9144229.90745,35326,13061054.0,4427312.08348
2025-01-21 02:00:00,0.33574,0.33919,0.33149,0.3366,23944247.0,2025-01-21 02:59:59.999,8040058.93488,26007,12115751.0,4069625.06325
2025-01-21 03:00:00,0.33662,0.33842,0.33236,0.33597,14248554.0,2025-01-21 03:59:59.999,4778537.43695,14542,7155261.0,2400368.80828
2025-01-21 04:00:00,0.33607,0.33609,0.32603,0.33241,25812623.0,2025-01-21 04:59:59.999,8522951.71861,23080,10421778.0,3442531.54838
2025-01-21 05:00:00,0.33241,0.33357,0.32561,0.32712,15311525.0,2025-01-21 05:59:59.999,5050919.22328,15079,7221781.0,2381434.73014
2025-01-21 06:00:00,0.32721,0.33234,0.32554,0.32981,14295612.0,2025-01-21 06:59:59.999,4708159.94576,14761,7480032.0,2464597.64629
2025-01-21 07:00:00,0.32981,0.332,0.3276,0.33132,19516574.0,2025-01-21 07:59:59.999,6438012.54274,16293,10520573.0,3471964.87773
2025-01-21 08:00:00,0.33128,0.33643,0.32804,0.3345,22444414.0,2025-01-21 08:59:59.999,7481293.27127,22469,12112262.0,4038947.76563
2025-01-21 09:00:00,0.33443,0.33863,0.33216,0.33652,14685814.0,2025-01-21 09:59:59.999,4922041.73465,17723,7454738.0,2499417.03273
2025-01-21 10:00:00,0.33651,0.34091,0.33502,0.3371,14757899.0,2025-01-21 10:59:59.999,4994592.91133,20135,7732071.0,2617769.36168
2025-01-21 11:00:00,0.33709,0.33897,0.33256,0.33561,21615898.0,2025-01-21 11:59:59.999,7265043.11556,23459,11136743.0,3742779.9979
2025-01-21 12:00:00,0.33569,0.34403,0.33547,0.33824,16307743.0,2025-01-21 12:59:59.999,5535996.13954,18842,8883018.0,3016172.8186
2025-01-21 13:00:00,0.33821,0.33905,0.33368,0.33767,17437922.0,2025-01-21 13:59:59.999,5863846.88912,16349,9457967.0,3181103.98658
2025-01-21 14:00:00,0.33767,0.33964,0.33039,0.33136,19597070.0,2025-01-21 14:59:59.999,6551000.59755,23231,9603224.0,3210295.49208
2025-01-21 15:00:00,0.33139,0.33537,0.32811,0.33406,16854410.0,2025-01-21 15:59:59.999,5599401.39888,19198,8218276.0,2733855.80005
2025-01-21 16:00:00,0.33403,0.34327,0.33291,0.33843,21838112.0,2025-01-21 16:59:59.999,7409805.82178,23730,10879210.0,3694327.83848
2025-01-21 17:00:00,0.33837,0.34496,0.33797,0.34416,19679573.0,2025-01-21 17:59:59.999,6709275.20492,17462,10539900.0,3594900.85871
2025-01-21 18:00:00,0.34412,0.34846,0.342,0.34682,19438174.0,2025-01-21 18:59:59.999,6711727.76638,18875,10855670.0,3748073.83598
2025-01-21 19:00:00,0.34682,0.34746,0.33918,0.34232,12898393.0,2025-01-21 19:59:59.999,4418921.32233,13127,5161153.0,1767271.79359
2025-01-21 20:00:00,0.34233,0.34435,0.33912,0.34435,10548054.0,2025-01-21 20:59:59.999,3605447.05738,9748,5039200.0,1722629.04992
2025-01-21 21:00:00,0.3443,0.3486,0.34099,0.3414,15673671.0,2025-01-21 21:59:59.999,5404866.51407,15610,7340806.0,2532022.96895
2025-01-21 22:00:00,0.3414,0.3428,0.33652,0.33667,16212442.0,2025-01-21 22:59:59.999,5504896.74472,13091,7087519.0,2406385.62008
2025-01-21 23:00:00,0.33667,0.33796,0.3333,0.33775,13641963.0,2025-01-21 23:59:59.999,4579204.14965,24255,7227302.0,2426179.35948
2025-01-22 00:00:00,0.33776,0.33812,0.33445,0.3375,10604296.0,2025-01-22 00:59:59.999,3561518.20823,18319,5891530.0,1978415.38977
2025-01-22 01:00:00,0.33751,0.3376,0.33125,0.33193,10684638.0,2025-01-22 01:59:59.999,3571196.63595,15391,4519154.0,1510531.78975
2025-01-22 02:00:00,0.33192,0.33422,0.33086,0.33297,8575034.0,2025-01-22 02:59:59.999,2852973.95899,12563,5063880.0,1684697.40737
2025-01-22 03:00:00,0.33297,0.33398,0.32984,0.3308,10898932.0,2025-01-22 03:59:59.999,3618226.09897,11602,6991306.0,2321422.64673
2025-01-22 04:00:00,0.3308,0.33178,0.32908,0.3308,7041622.0,2025-01-22 04:59:59.999,2325974.80614,10123,3805604.0,1256970.66163
2025-01-22 05:00:00,0.3308,0.3325,0.33004,0.3302,6709918.0,2025-01-22 05:59:59.999,2223026.81845,9417,4135613.0,1370143.33717
2025-01-22 06:00:00,0.3302,0.33069,0.32678,0.32761,32174437.0,2025-01-22 06:59:59.999,10572333.58644,21523,11816836.0,3884096.72329
2025-01-22 07:00:00,0.32761,0.3291,0.32611,0.32631,10363635.0,2025-01-22 07:59:59.999,3393005.95407,12943,5952813.0,1949114.0727
2025-01-22 08:00:00,0.32633,0.32712,0.32084,0.325,26381242.0,2025-01-22 08:59:59.999,8528733.99294,30698,13911744.0,4496534.86457
2025-01-22 09:00:00,0.325,0.32514,0.32324,0.32349,8346774.0,2025-01-22 09:59:59.999,2703971.70716,11717,3913586.0,1267725.50288
2025-01-22 10:00:00,0.3235,0.32476,0.32121,0.32426,14199848.0,2025-01-22 10:59:59.999,4585220.59092,21678,6959074.0,2247352.50066
2025-01-22 11:00:00,0.32423,0.33,0.32351,0.32949,24885142.0,2025-01-22 11:59:59.999,8125874.87723,29377,11616026.0,3797462.78598
2025-01-22 12:00:00,0.32953,0.3329,0.3275,0.32795,20480748.0,2025-01-22 12:59:59.999,6766499.65014,29913,10989674.0,3630012.40466
2025-01-22 13:00:00,0.32794,0.32819,0.32194,0.3235,16733882.0,2025-01-22 13:59:59.999,5437344.26217,24782,6556110.0,2131409.45074
2025-01-22 14:00:00,0.32351,0.32682,0.32092,0.32384,17235078.0,2025-01-22 14:59:59.999,5573986.16229,26946,9265812.0,2997366.39688
2025-01-22 15:00:00,0.32385,0.32593,0.32179,0.32296,11860900.0,2025-01-22 15:59:59.999,3837914.02524,19569,5996500.0,1940637.51931
2025-01-22 16:00:00,0.32295,0.32454,0.32065,0.32403,10831288.0,2025-01-22 16:59:59.999,3494500.27133,18767,5048358.0,1628617.40249
2025-01-22 17:00:00,0.32404,0.3278,0.32316,0.32748,7356338.0,2025-01-22 17:59:59.999,2398362.58865,12396,4118318.0,1342448.86313
2025-01-22 18:00:00,0.32748,0.32822,0.32138,0.32225,7004405.0,2025-01-22 18:59:59.999,2275881.07106,12949,2908396.0,944983.02733
2025-01-22 19:00:00,0.32226,0.32965,0.32226,0.32631,13647521.0,2025-01-22 19:59:59.999,4458086.08404,25768,6659044.0,2174975.74417
2025-01-22 20:00:00,0.32629,0.33098,0.32563,0.32659,11908406.0,2025-01-22 20:59:59.999,3907108.72526,21977,5263800.0,1727300.79557
2025-01-22 21:00:00,0.32658,0.32709,0.32403,0.32584,8991431.0,2025-01-22 21:59:59.999,2925854.32099,15597,4641642.0,1511054.30118
2025-01-22 22:00:00,0.32582,0.32779,0.3229,0.32355,6845707.0,2025-01-22 22:59:59.999,2225052.195,9138,2927680.0,951382.68739
2025-01-22 23:00:00,0.32353,0.32612,0.32186,0.32602,8210058.0,2025-01-22 23:59:59.999,2662813.801,18849,3752769.0,1216967.11362
2025-01-23 00:00:00,0.32602,0.33077,0.32344,0.32427,20008550.0,2025-01-23 00:59:59.999,6533809.20293,26329,9837719.0,3211160.48859
2025-01-23 01:00:00,0.32428,0.32609,0.32037,0.32069,10226714.0,2025-01-23 01:59:59.999,3302393.2198,14056,4546391.0,1468498.66584
2025-01-23 02:00:00,0.32074,0.32179,0.31701,0.31784,14239311.0,2025-01-23 02:59:59.999,4539219.54173,19523,5702684.0,1817862.45562
2025-01-23 03:00:00,0.31784,0.322,0.31666,0.31869,8488940.0,2025-01-23 03:59:59.999,2709978.33467,12666,3864215.0,1233204.8115
2025-01-23 04:00:00,0.3187,0.31967,0.31418,0.31588,11427998.0,2025-01-23 04:59:59.999,3613399.33196,17589,4871852.0,1540660.08097
2025-01-23 05:00:00,0.31587,0.32037,0.31587,0.31847,9299030.0,2025-01-23 05:59:59.999,2961510.66752,12793,4424668.0,1409149.28603
2025-01-23 06:00:00,0.31849,0.31998,0.31652,0.31714,5243112.0,2025-01-23 06:59:59.999,1669216.29091,9090,2775245.0,883678.26893
2025-01-23 07:00:00,0.31714,0.32114,0.31468,0.32069,8900080.0,2025-01-23 07:59:59.999,2826346.75769,13551,4410215.0,1401818.73711
2025-01-23 08:00:00,0.32069,0.32075,0.31674,0.31787,8531696.0,2025-01-23 08:59:59.999,2721903.97645,14450,3912866.0,1248330.74805
2025-01-23 09:00:00,0.31786,0.32396,0.316,0.31622,16205518.0,2025-01-23 09:59:59.999,5194864.03477,22720,7244064.0,2323625.41722
2025-01-23 10:00:00,0.31622,0.32119,0.31571,0.3173,13079670.0,2025-01-23 10:59:59.999,4160039.10051,19813,6199710.0,1972350.12582
2025-01-23 11:00:00,0.31735,0.31926,0.31527,0.31731,9005682.0,2025-01-23 11:59:59.999,2861213.73878,14206,4367588.0,1387876.27565
2025-01-23 12:00:00,0.31731,0.31758,0.3127,0.31408,15530416.0,2025-01-23 12:59:59.999,4887838.90158,22295,7234969.0,2276822.01436
2025-01-23 13:00:00,0.31408,0.32206,0.31225,0.32085,17303618.0,2025-01-23 13:59:59.999,5482600.13361,26852,8738452.0,2772448.07835
2025-01-23 14:00:00,0.32084,0.32995,0.31747,0.32823,31851390.0,2025-01-23 14:59:59.999,10348178.95062,50601,14937108.0,4854648.86093
2025-01-23 15:00:00,0.32824,0.33178,0.3209,0.32895,41448781.0,2025-01-23 15:59:59.999,13541997.86247,77942,20944312.0,6848845.80062
2025-01-23 16:00:00,0.32895,0.33531,0.32593,0.3262,28766564.0,2025-01-23 16:59:59.999,9528561.33911,52472,14134613.0,4686269.38528
2025-01-23 17:00:00,0.32619,0.32624,0.32244,0.32444,14603489.0,2025-01-23 17:59:59.999,4729054.11352,27357,7098455.0,2298998.68124
2025-01-23 18:00:00,0.32445,0.32537,0.31661,0.31708,14049086.0,2025-01-23 18:59:59.999,4492667.79319,19642,6655367.0,2127209.52379
2025-01-23 19:00:00,0.31711,0.31747,0.31243,0.3154,19574784.0,2025-01-23 19:59:59.999,6164987.27934,27871,9443276.0,2975972.53746
2025-01-23 20:00:00,0.31539,0.32796,0.31424,0.32,43516604.0,2025-01-23 20:59:59.999,14007030.07639,86527,22266308.0,7166111.88163
2025-01-23 21:00:00,0.31999,0.32335,0.31403,0.31619,28387346.0,2025-01-23 21:59:59.999,9031686.99524,43193,15057362.0,4789731.04699
2025-01-23 22:00:00,0.3162,0.32256,0.31534,0.32256,15125721.0,2025-01-23 22:59:59.999,4837344.56628,15078,8738267.0,2794481.39
2025-01-23 23:00:00,0.32257,0.33007,0.32132,0.32809,18387980.0,2025-01-23 23:59:59.999,5996261.20489,26728,9490531.0,3094944.19291
2025-01-24 00:00:00,0.32809,0.32954,0.31844,0.31886,12844197.0,2025-01-24 00:59:59.999,4158954.5507,20354,5262151.0,1703193.43801
2025-01-24 01:00:00,0.3189,0.32242,0.31645,0.3169,12502544.0,2025-01-24 01:59:59.999,3994615.50168,17359,5770115.0,1843379.04759
2025-01-24 02:00:00,0.31691,0.3199,0.31448,0.31498,12770678.0,2025-01-24 02:59:59.999,4043054.61715,15795,6028692.0,1909155.30354
2025-01-24 03:00:00,0.31498,0.32393,0.31498,0.32156,18405495.0,2025-01-24 03:59:59.999,5893307.82082,31507,10098637.0,3235508.91052
2025-01-24 04:00:00,0.32152,0.3296,0.32118,0.3286,13733932.0,2025-01-24 04:59:59.999,4468191.97769,23017,6795189.0,2211156.32587
2025-01-24 05:00:00,0.32857,0.33371,0.32735,0.33324,22687671.0,2025-01-24 05:59:59.999,7521292.9096,24045,10590009.0,3509964.30369
2025-01-24 06:00:00,0.33325,0.33389,0.32847,0.33043,12636586.0,2025-01-24 06:59:59.999,4188355.06046,17895,5623712.0,1864894.03943
2025-01-24 07:00:00,0.33043,0.33282,0.32789,0.3288,10619318.0,2025-01-24 07:59:59.999,3504172.18728,13928,4285090.0,1414721.29021
2025-01-24 08:00:00,0.32881,0.33525,0.32759,0.33505,14089929.0,2025-01-24 08:59:59.999,4685277.49047,14987,7378053.0,2454688.53791
2025-01-24 09:00:00,0.33504,0.33873,0.3339,0.33701,16546158.0,2025-01-24 09:59:59.999,5563069.1099,20739,8409422.0,2827818.34393
2025-01-24 10:00:00,0.337,0.33953,0.33521,0.33704,12656453.0,2025-01-24 10:59:59.999,4262732.56568,17140,6829262.0,2300921.56163
2025-01-24 11:00:00,0.337,0.34068,0.33674,0.33924,13412201.0,2025-01-24 11:59:59.999,4548018.97857,16824,7655756.0,2596326.61442
2025-01-24 12:00:00,0.33933,0.34899,0.33924,0.34783,38034107.0,2025-01-24 12:59:59.999,13108954.53972,43584,20430126.0,7038999.98353
2025-01-24 13:00:00,0.34787,0.35098,0.34479,0.34502,35367602.0,2025-01-24 13:59:59.999,12323426.68503,47464,17034336.0,5937351.12724
2025-01-24 14:00:00,0.34503,0.34744,0.33974,0.3432,25703072.0,2025-01-24 14:59:59.999,8823665.24447,37887,11931882.0,4098556.63615
2025-01-24 15:00:00,0.34319,0.34476,0.33579,0.3403,26479738.0,2025-01-24 15:59:59.999,8980833.78877,33554,12622188.0,4279431.52869
2025-01-24 16:00:00,0.34035,0.34089,0.3374,0.33748,10497594.0,2025-01-24 16:59:59.999,3563197.98078,14273,5089558.0,1727871.90982
2025-01-24 17:00:00,0.33749,0.33999,0.33644,0.33967,8524550.0,2025-01-24 17:59:59.999,2884120.39191,14213,4594164.0,1554680.19213
2025-01-24 18:00:00,0.33966,0.34076,0.33607,0.33679,12875227.0,2025-01-24 18:59:59.999,4362854.95565,17573,6884818.0,2333883.42523
2025-01-24 19:00:00,0.33677,0.33838,0.33369,0.33689,9383600.0,2025-01-24 19:59:59.999,3151280.65549,13516,4385966.0,1472800.38758
2025-01-24 20:00:00,0.33689,0.33837,0.33167,0.3319,21326975.0,2025-01-24 20:59:59.999,7130036.93095,20084,8605430.0,2878656.93601
2025-01-24 21:00:00,0.33191,0.33399,0.33034,0.33161,11634694.0,2025-01-24 21:59:59.999,3865146.56158,15889,5391932.0,1790987.53358
2025-01-24 22:00:00,0.33161,0.33201,0.32766,0.32792,8833314.0,2025-01-24 22:59:59.999,2917884.23042,9790,3961061.0,1309190.77483
2025-01-24 23:00:00,0.32792,0.32829,0.32554,0.32687,9846893.0,2025-01-24 23:59:59.999,3215958.61923,13606,4400770.0,1437774.47267
2025-01-25 00:00:00,0.32686,0.331,0.32556,0.32832,15099113.0,2025-01-25 00:59:59.999,4964871.65648,24649,7982663.0,2625185.07547
2025-01-25 01:00:00,0.32831,0.33773,0.32817,0.333,18542908.0,2025-01-25 01:59:59.999,6200690.03538,27554,9420871.0,3148568.56095
2025-01-25 02:00:00,0.333,0.33545,0.33138,0.33261,9141354.0,2025-01-25 02:59:59.999,3050018.92035,14850,4331580.0,1445274.09247
2025-01-25 03:00:00,0.33261,0.33884,0.33157,0.33667,13179406.0,2025-01-25 03:59:59.999,4423903.11288,16275,6758503.0,2268063.36651
2025-01-25 04:00:00,0.33668,0.33786,0.33271,0.33347,8047801.0,2025-01-25 04:59:59.999,2693905.75498,12120,3800835.0,1272128.64216
2025-01-25 05:00:00,0.33348,0.3337,0.33093,0.33268,5815160.0,2025-01-25 05:59:59.999,1931877.57011,8918,2812654.0,934194.07996
2025-01-25 06:00:00,0.33266,0.33323,0.32975,0.33018,5345463.0,2025-01-25 06:59:59.999,1768658.41371,9803,2704165.0,894625.83265
2025-01-25 07:00:00,0.33017,0.33504,0.32991,0.33378,8210810.0,2025-01-25 07:59:59.999,2734720.71279,12648,4613794.0,1536639.79242
2025-01-25 08:00:00,0.33378,0.33379,0.33007,0.33135,6795803.0,2025-01-25 08:59:59.999,2253264.36279,10647,3082298.0,1022178.4804
2025-01-25 09:00:00,0.33134,0.33391,0.3308,0.33231,8077749.0,2025-01-25 09:59:59.999,2683017.4249,10575,5013318.0,1664853.05116
2025-01-25 10:00:00,0.33228,0.33228,0.32797,0.33094,8458049.0,2025-01-25 10:59:59.999,2789459.17049,11828,4088476.0,1348126.27449
2025-01-25 11:00:00,0.33094,0.33268,0.32973,0.33185,6097979.0,2025-01-25 11:59:59.999,2018277.84266,8931,3288839.0,1088614.88595
2025-01-25 12:00:00,0.33181,0.33415,0.33063,0.334,8215383.0,2025-01-25 12:59:59.999,2732269.92576,11119,4137869.0,1376215.23945
2025-01-25 13:00:00,0.334,0.33443,0.32944,0.33067,7865347.0,2025-01-25 13:59:59.999,2609152.20689,10484,3684723.0,1222152.24979
2025-01-25 14:00:00,0.33067,0.33163,0.32887,0.33045,5554924.0,2025-01-25 14:59:59.999,1833358.6743,9340,2662719.0,878676.35656
2025-01-25 15:00:00,0.33049,0.33473,0.33017,0.33318,17231856.0,2025-01-25 15:59:59.999,5733282.998,20777,8675559.0,2885329.61877
2025-01-25 16:00:00,0.33318,0.33645,0.33112,0.33257,8913548.0,2025-01-25 16:59:59.999,2971381.86413,11933,4610398.0,1536561.24572
2025-01-25 17:00:00,0.33254,0.33275,0.3296,0.33257,8416535.0,2025-01-25 17:59:59.999,2788070.23259,10120,4483581.0,1485039.78676
2025-01-25 18:00:00,0.33258,0.33394,0.33156,0.33394,5188596.0,2025-01-25 18:59:59.999,1724812.64984,6993,2615170.0,869363.76215
2025-01-25 19:00:00,0.33394,0.33494,0.33258,0.33328,4530622.0,2025-01-25 19:59:59.999,1512290.39788,6357,1974951.0,659448.39032
2025-01-25 20:00:00,0.33327,0.33416,0.33221,0.3331,4684424.0,2025-01-25 20:59:59.999,1560935.48627,6176,2578273.0,859358.73512
2025-01-25 21:00:00,0.33311,0.33346,0.33127,0.33256,3804845.0,2025-01-25 21:59:59.999,1264144.43539,5954,1855327.0,616426.72083
2025-01-25 22:00:00,0.33256,0.3371,0.33256,0.3343,7211486.0,2025-01-25 22:59:59.999,2416437.31856,7752,3763274.0,1260658.06378
2025-01-25 23:00:00,0.33429,0.33486,0.33179,0.33224,5088858.0,2025-01-25 23:59:59.999,1695168.54793,8029,2208224.0,735420.68739
2025-01-26 00:00:00,0.33224,0.33666,0.33165,0.33448,14319215.0,2025-01-26 00:59:59.999,4783033.42761,16832,7479024.0,2498794.47305
2025-01-26 01:00:00,0.33447,0.33738,0.33258,0.33514,12419328.0,2025-01-26 01:59:59.999,4162491.80989,14494,6644832.0,2227369.66754
2025-01-26 02:00:00,0.33513,0.34236,0.33363,0.34126,17375963.0,2025-01-26 02:59:59.999,5874973.97333,19320,8606784.0,2909952.66354
2025-01-26 03:00:00,0.3413,0.34686,0.34034,0.34603,20735799.0,2025-01-26 03:59:59.999,7132097.19814,24084,10485289.0,3607322.2047
2025-01-26 04:00:00,0.34607,0.35447,0.34488,0.34639,39051044.0,2025-01-26 04:59:59.999,13648304.43593,40161,18016152.0,6295253.79003
2025-01-26 05:00:00,0.34639,0.34705,0.34034,0.34121,15267311.0,2025-01-26 05:59:59.999,5238862.0951,16530,6878947.0,2359627.93113
2025-01-26 06:00:00,0.34121,0.34532,0.34018,0.3453,10562422.0,2025-01-26 06:59:59.999,3618515.31454,12713,6363209.0,2180204.91854
2025-01-26 07:00:00,0.3453,0.349,0.34486,0.34536,12117433.0,2025-01-26 07:59:59.999,4206649.80558,18629,5621224.0,1951380.87915
2025-01-26 08:00:00,0.34534,0.34793,0.34291,0.3437,9430721.0,2025-01-26 08:59:59.999,3255168.19924,13834,4299700.0,1484350.89197
2025-01-26 09:00:00,0.34369,0.34401,0.33693,0.33794,15314152.0,2025-01-26 09:59:59.999,5198809.07064,15682,6205908.0,2106461.30129
2025-01-26 10:00:00,0.33793,0.3394,0.33664,0.33857,7442923.0,2025-01-26 10:59:59.999,2515139.56898,10367,4389945.0,1483688.46492
2025-01-26 11:00:00,0.33858,0.34158,0.33802,0.33951,10652344.0,2025-01-26 11:59:59.999,3616816.26147,11439,4618341.0,1567772.44465
2025-01-26 12:00:00,0.33951,0.34003,0.3374,0.33805,10782919.0,2025-01-26 12:59:59.999,3648032.09995,10461,6211905.0,2101090.46502
2025-01-26 13:00:00,0.33806,0.33921,0.33641,0.33666,8046420.0,2025-01-26 13:59:59.999,2717330.02254,9654,3305173.0,1116386.45164
2025-01-26 14:00:00,0.33664,0.33684,0.33507,0.3359,8014554.0,2025-01-26 14:59:59.999,2691072.60982,8807,4314385.0,1448778.80009
2025-01-26 15:00:00,0.33595,0.33799,0.33473,0.33508,7050853.0,2025-01-26 15:59:59.999,2371063.84485,9271,3877437.0,1303858.45586
2025-01-26 16:00:00,0.33506,0.33507,0.33258,0.33406,7895117.0,2025-01-26 16:59:59.999,2634601.92321,9506,3184483.0,1062918.79719
2025-01-26 17:00:00,0.33408,0.33543,0.33255,0.33436,5717147.0,2025-01-26 17:59:59.999,1910110.46455,7059,3265016.0,1091058.4143
2025-01-26 18:00:00,0.33436,0.33747,0.3341,0.33696,8526963.0,2025-01-26 18:59:59.999,2868566.99569,11968,4871334.0,1638954.15246
2025-01-26 19:00:00,0.33695,0.33732,0.3346,0.3361,4902873.0,2025-01-26 19:59:59.999,1646183.29866,6439,2266878.0,761060.56105
2025-01-26 20:00:00,0.33609,0.34029,0.33489,0.33579,11242548.0,2025-01-26 20:59:59.999,3796906.75556,12568,5078684.0,1715913.35133
2025-01-26 21:00:00,0.3358,0.33599,0.33136,0.33139,7671816.0,2025-01-26 21:59:59.999,2557515.73026,11223,3447214.0,1149007.92515
2025-01-26 22:00:00,0.33138,0.33307,0.3293,0.33132,10639105.0,2025-01-26 22:59:59.999,3522208.2,11856,4517510.0,1496239.62931
2025-01-26 23:00:00,0.33125,0.33129,0.32276,0.32317,19826314.0,2025-01-26 23:59:59.999,6467032.96766,35026,8042589.0,2621886.33979
2025-01-27 00:00:00,0.32316,0.32661,0.31966,0.32109,26084065.0,2025-01-27 00:59:59.999,8430303.14522,40513,12475273.0,4030491.68709
2025-01-27 01:00:00,0.32109,0.32265,0.31666,0.31756,22101147.0,2025-01-27 01:59:59.999,7060705.23497,33593,9769030.0,3123274.72612
2025-01-27 02:00:00,0.31757,0.31885,0.31428,0.3155,20617214.0,2025-01-27 02:59:59.999,6527733.57062,31100,7974351.0,2524604.78368
2025-01-27 03:00:00,0.31549,0.32057,0.31515,0.3184,11141417.0,2025-01-27 03:59:59.999,3547347.43991,16907,6040898.0,1923023.20899
2025-01-27 04:00:00,0.31839,0.31839,0.31327,0.31426,18034506.0,2025-01-27 04:59:59.999,5680478.64872,19340,7621936.0,2400356.66628
2025-01-27 05:00:00,0.31422,0.31464,0.30729,0.30984,21497355.0,2025-01-27 05:59:59.999,6673535.50555,27012,8849803.0,2748407.85136
2025-01-27 06:00:00,0.30988,0.3119,0.30201,0.30386,32534078.0,2025-01-27 06:59:59.999,9959753.4989,44103,16113440.0,4937217.76322
2025-01-27 07:00:00,0.30387,0.30606,0.29129,0.30273,57326665.0,2025-01-27 07:59:59.999,17146292.93869,97536,26913379.0,8051397.01796
2025-01-27 08:00:00,0.30273,0.30284,0.29273,0.29682,26919213.0,2025-01-27 08:59:59.999,8011229.11554,45605,12137240.0,3613087.3736
2025-01-27 09:00:00,0.29682,0.30228,0.29541,0.29956,26177124.0,2025-01-27 09:59:59.999,7827463.70132,39964,15194477.0,4545021.97125
2025-01-27 10:00:00,0.29954,0.29954,0.29222,0.29351,21585101.0,2025-01-27 10:59:59.999,6380519.39298,34504,10010976.0,2959600.00629
2025-01-27 11:00:00,0.29353,0.29927,0.2934,0.29531,18097120.0,2025-01-27 11:59:59.999,5371463.53112,30606,9849946.0,2923346.99912
2025-01-27 12:00:00,0.29533,0.30759,0.29452,0.30486,31429653.0,2025-01-27 12:59:59.999,9432676.58602,44348,16261171.0,4885408.86544
2025-01-27 13:00:00,0.30485,0.31047,0.30225,0.30318,33950968.0,2025-01-27 13:59:59.999,10420231.66096,66877,17439651.0,5354111.27803
2025-01-27 14:00:00,0.30317,0.31259,0.30084,0.31111,27192658.0,2025-01-27 14:59:59.999,8312756.39577,50461,14787905.0,4519844.63359
2025-01-27 15:00:00,0.31109,0.31385,0.30852,0.30916,22474724.0,2025-01-27 15:59:59.999,6993125.88135,44246,10709965.0,3333773.56284
2025-01-27 16:00:00,0.30914,0.3121,0.30358,0.30486,17836027.0,2025-01-27 16:59:59.999,5487383.07988,34016,7755491.0,2387750.88183
2025-01-27 17:00:00,0.30485,0.30646,0.30077,0.30148,16478278.0,2025-01-27 17:59:59.999,5005178.01982,27508,7559832.0,2298369.38226
2025-01-27 18:00:00,0.30148,0.30455,0.29886,0.29995,11730508.0,2025-01-27 18:59:59.999,3534405.87779,21873,5980771.0,1802079.54083
2025-01-27 19:00:00,0.29996,0.30518,0.29996,0.30324,9971345.0,2025-01-27 19:59:59.999,3021836.18211,17532,5396933.0,1635298.63832
2025-01-27 20:00:00,0.30325,0.3138,0.30313,0.31272,13874102.0,2025-01-27 20:59:59.999,4285428.00339,24993,6339701.0,1957281.90929
2025-01-27 21:00:00,0.31271,0.31811,0.31048,0.31253,21108056.0,2025-01-27 21:59:59.999,6636031.30603,32510,10490263.0,3299107.56067
2025-01-27 22:00:00,0.31254,0.31545,0.31177,0.31418,9900427.0,2025-01-27 22:59:59.999,3106640.42594,11485,4765083.0,1495435.10572
2025-01-27 23:00:00,0.31419,0.31581,0.31265,0.31469,7919836.0,2025-01-27 23:59:59.999,2487096.35117,12217,3287137.0,1032066.17569
2025-01-28 00:00:00,0.3147,0.31998,0.31329,0.3137,17304160.0,2025-01-28 00:59:59.999,5476714.79886,23081,9325640.0,2951448.3597
2025-01-28 01:00:00,0.31371,0.31392,0.30874,0.31084,11906407.0,2025-01-28 01:59:59.999,3703546.80278,14255,5903690.0,1836154.64881
2025-01-28 02:00:00,0.31083,0.31404,0.3107,0.3127,6041936.0,2025-01-28 02:59:59.999,1887647.22766,10523,3294580.0,1029209.42838
2025-01-28 03:00:00,0.3127,0.3153,0.31059,0.31454,6591414.0,2025-01-28 03:59:59.999,2064160.52482,10619,3569107.0,1117860.68841
2025-01-28 04:00:00,0.3145,0.32054,0.3143,0.3189,11252719.0,2025-01-28 04:59:59.999,3577664.56102,16211,6073314.0,1930817.78044
2025-01-28 05:00:00,0.31889,0.32169,0.31861,0.31925,9032212.0,2025-01-28 05:59:59.999,2890441.70291,12904,4130666.0,1322047.94498
2025-01-28 06:00:00,0.31929,0.31962,0.31636,0.3171,8723865.0,2025-01-28 06:59:59.999,2772543.8796,12122,4308042.0,1369456.72743
2025-01-28 07:00:00,0.31709,0.32131,0.31553,0.31838,8009254.0,2025-01-28 07:59:59.999,2553251.59938,12317,4090651.0,1304009.82942
2025-01-28 08:00:00,0.31838,0.31906,0.31543,0.31634,7033367.0,2025-01-28 08:59:59.999,2230370.07696,11877,3019021.0,957485.00196
2025-01-28 09:00:00,0.31634,0.3169,0.31279,0.31523,9493390.0,2025-01-28 09:59:59.999,2985439.5512,13090,4015798.0,1263061.65475
2025-01-28 10:00:00,0.31522,0.31861,0.31419,0.31753,6913412.0,2025-01-28 10:59:59.999,2191457.93241,11647,3714772.0,1177627.05806
2025-01-28 11:00:00,0.31756,0.32008,0.31557,0.31737,8870470.0,2025-01-28 11:59:59.999,2820586.33134,13756,4070425.0,1294266.43305
2025-01-28 12:00:00,0.3174,0.32236,0.31579,0.32035,19891081.0,2025-01-28 12:59:59.999,6346164.85007,31062,9335413.0,2978660.40895
2025-01-28 13:00:00,0.32033,0.32299,0.31751,0.31865,12574230.0,2025-01-28 13:59:59.999,4024522.78684,20341,5578279.0,1785382.59521
2025-01-28 14:00:00,0.31865,0.3189,0.31256,0.31468,25614511.0,2025-01-28 14:59:59.999,8071962.94485,38004,12011449.0,3784620.30791
2025-01-28 15:00:00,0.31467,0.32137,0.31462,0.31622,23022861.0,2025-01-28 15:59:59.999,7312513.56786,36432,10728258.0,3407598.73507
2025-01-28 16:00:00,0.3162,0.3174,0.3093,0.31169,19260388.0,2025-01-28 16:59:59.999,6032592.70647,28453,8450058.0,2648562.2239
2025-01-28 17:00:00,0.31165,0.31434,0.30995,0.31096,11681067.0,2025-01-28 17:59:59.999,3647443.1024,19021,5817385.0,1816880.98037
2025-01-28 18:00:00,0.31097,0.31206,0.30642,0.30728,14495224.0,2025-01-28 18:59:59.999,4485293.25848,20211,6304669.0,1950938.38862
2025-01-28 19:00:00,0.30729,0.30886,0.30575,0.3088,12361803.0,2025-01-28 19:59:59.999,3801641.92162,14996,7103200.0,2185960.95222
2025-01-28 20:00:00,0.3088,0.30903,0.3003,0.30064,15119156.0,2025-01-28 20:59:59.999,4593507.7131,20488,6776575.0,2059688.61868
2025-01-28 21:00:00,0.3006,0.30405,0.29595,0.29635,13992231.0,2025-01-28 21:59:59.999,4198783.21526,22468,6245260.0,1874378.98333
2025-01-28 22:00:00,0.29639,0.30162,0.29512,0.30115,12923092.0,2025-01-28 22:59:59.999,3853180.92619,16232,6855264.0,2042673.18759
2025-01-28 23:00:00,0.30119,0.3012,0.29649,0.29899,10072699.0,2025-01-28 23:59:59.999,3009343.83328,14312,5403809.0,1614672.31688
2025-01-29 00:00:00,0.29901,0.30253,0.2977,0.30039,12351739.0,2025-01-29 00:59:59.999,3709769.51511,15741,5091049.0,1529877.91063
2025-01-29 01:00:00,0.3004,0.30241,0.29986,0.30078,6549457.0,2025-01-29 01:59:59.999,1973501.04242,10932,3513585.0,1058992.46818
2025-01-29 02:00:00,0.30082,0.30377,0.30043,0.30052,6034010.0,2025-01-29 02:59:59.999,1824239.82351,9127,2841832.0,859054.76093
2025-01-29 03:00:00,0.30053,0.30394,0.30035,0.30371,6496795.0,2025-01-29 03:59:59.999,1963988.44963,8555,3432281.0,1038069.97715
2025-01-29 04:00:00,0.30371,0.30651,0.3032,0.30555,5635246.0,2025-01-29 04:59:59.999,1719233.39438,8492,2486281.0,758671.83106
2025-01-29 05:00:00,0.30555,0.30586,0.30403,0.30586,4988625.0,2025-01-29 05:59:59.999,1521238.29975,7081,2346528.0,715533.70799
2025-01-29 06:00:00,0.30587,0.30985,0.30491,0.30982,6099502.0,2025-01-29 06:59:59.999,1875439.20218,8677,2958348.0,909314.55704
2025-01-29 07:00:00,0.30982,0.30988,0.3072,0.30961,4774308.0,2025-01-29 07:59:59.999,1473546.60553,6232,2197262.0,678363.49548
2025-01-29 08:00:00,0.3096,0.31118,0.3089,0.30905,7654145.0,2025-01-29 08:59:59.999,2373066.94743,8743,3997787.0,1239340.42433
2025-01-29 09:00:00,0.30904,0.30922,0.30528,0.30611,7846370.0,2025-01-29 09:59:59.999,2408373.0252,8939,3206554.0,983839.69954
2025-01-29 10:00:00,0.30612,0.309,0.30479,0.30794,5176271.0,2025-01-29 10:59:59.999,1590462.97063,7463,2557092.0,785943.18496
2025-01-29 11:00:00,0.30795,0.31081,0.30715,0.30909,5412073.0,2025-01-29 11:59:59.999,1672353.90227,7666,3001979.0,927699.7869
2025-01-29 12:00:00,0.3091,0.31042,0.30525,0.30575,7456582.0,2025-01-29 12:59:59.999,2293486.21017,10461,3083569.0,948846.73463
2025-01-29 13:00:00,0.30576,0.30594,0.30067,0.30174,15147495.0,2025-01-29 13:59:59.999,4580620.03328,18997,8493800.0,2567880.68002
2025-01-29 14:00:00,0.30177,0.30439,0.30024,0.30137,12792050.0,2025-01-29 14:59:59.999,3866319.57123,18370,6064794.0,1833802.76801
2025-01-29 15:00:00,0.3014,0.30528,0.30093,0.30318,13949037.0,2025-01-29 15:59:59.999,4225351.87276,16307,6842050.0,2073100.62303
2025-01-29 16:00:00,0.30313,0.30371,0.30025,0.3011,6747382.0,2025-01-29 16:59:59.999,2033791.5967,9846,2740683.0,826142.51542
2025-01-29 17:00:00,0.30113,0.30597,0.30082,0.30244,14568778.0,2025-01-29 17:59:59.999,4428298.07168,14006,7003694.0,2128940.04005
2025-01-29 18:00:00,0.30245,0.30454,0.29902,0.30398,10270183.0,2025-01-29 18:59:59.999,3094544.65131,15880,4976783.0,1499378.23282
2025-01-29 19:00:00,0.30395,0.31122,0.29375,0.30574,70136900.0,2025-01-29 19:59:59.999,21229698.24188,118873,34688378.0,10507562.61416
2025-01-29 20:00:00,0.30573,0.31803,0.30198,0.311,42468220.0,2025-01-29 20:59:59.999,13156228.85454,82564,21523844.0,6667000.10435
2025-01-29 21:00:00,0.31099,0.31532,0.30803,0.3117,19265839.0,2025-01-29 21:59:59.999,6006740.17858,36146,9993467.0,3114894.53777
2025-01-29 22:00:00,0.31171,0.31408,0.30838,0.31054,9211537.0,2025-01-29 22:59:59.999,2865338.06059,9615,4398585.0,1368261.24721
2025-01-29 23:00:00,0.31048,0.31384,0.30842,0.30876,8074297.0,2025-01-29 23:59:59.999,2512206.51149,13322,4064000.0,1264662.59662
2025-01-30 00:00:00,0.30876,0.31125,0.30628,0.31081,7274035.0,2025-01-30 00:59:59.999,2244096.69502,12008,3845773.0,1186321.9074
2025-01-30 01:00:00,0.31082,0.31614,0.30955,0.31352,12590574.0,2025-01-30 01:59:59.999,3931694.91183,14645,7176331.0,2238501.07462
2025-01-30 02:00:00,0.31353,0.31642,0.31239,0.31636,5769835.0,2025-01-30 02:59:59.999,1813892.6047,8771,3180780.0,999962.10518
2025-01-30 03:00:00,0.31637,0.31816,0.315,0.31811,5725774.0,2025-01-30 03:59:59.999,1811756.61531,9136,2886064.0,913039.17743
2025-01-30 04:00:00,0.31811,0.32159,0.3169,0.32108,8361467.0,2025-01-30 04:59:59.999,2670910.16701,11138,3826819.0,1222604.4577
2025-01-30 05:00:00,0.32109,0.32119,0.31668,0.31845,5668400.0,2025-01-30 05:59:59.999,1807134.51292,8091,2708409.0,863492.56912
2025-01-30 06:00:00,0.31845,0.32014,0.31648,0.31709,5592357.0,2025-01-30 06:59:59.999,1781645.56433,7927,2724297.0,868156.04492
2025-01-30 07:00:00,0.31713,0.31797,0.31244,0.31383,7725987.0,2025-01-30 07:59:59.999,2432847.01265,9115,3318018.0,1044324.26187
2025-01-30 08:00:00,0.31381,0.31532,0.31224,0.31443,6695165.0,2025-01-30 08:59:59.999,2102211.01427,10128,3684330.0,1157122.62873
2025-01-30 09:00:00,0.31443,0.31732,0.31357,0.31596,6288181.0,2025-01-30 09:59:59.999,1986091.52567,9183,3443859.0,1087681.40061
2025-01-30 10:00:00,0.316,0.31608,0.31393,0.31606,5352548.0,2025-01-30 10:59:59.999,1685664.91645,7336,2564744.0,807719.59821
2025-01-30 11:00:00,0.31605,0.31611,0.31322,0.3153,5646004.0,2025-01-30 11:59:59.999,1775766.03098,7223,2904433.0,913410.51838
2025-01-30 12:00:00,0.31531,0.31538,0.30996,0.31244,11941942.0,2025-01-30 12:59:59.999,3725945.33889,12005,5300129.0,1654821.10595
2025-01-30 13:00:00,0.31242,0.31444,0.31085,0.31285,9011312.0,2025-01-30 13:59:59.999,2819040.52785,14661,4619098.0,1444960.02263
2025-01-30 14:00:00,0.31284,0.31734,0.31228,0.31663,11142712.0,2025-01-30 14:59:59.999,3504807.52892,15658,6042590.0,1901102.22354
2025-01-30 15:00:00,0.31664,0.32191,0.31586,0.31874,17602828.0,2025-01-30 15:59:59.999,5615142.56979,26816,8735921.0,2785672.30791
2025-01-30 16:00:00,0.31886,0.32248,0.31819,0.31896,11858502.0,2025-01-30 16:59:59.999,3797886.30316,17276,5804769.0,1859567.22356
2025-01-30 17:00:00,0.31897,0.3212,0.31676,0.31771,10837815.0,2025-01-30 17:59:59.999,3452918.36632,14308,5658114.0,1802614.33041
2025-01-30 18:00:00,0.31771,0.31828,0.31479,0.31784,9517090.0,2025-01-30 18:59:59.999,3015626.46254,12580,4300926.0,1363161.86511
2025-01-30 19:00:00,0.31784,0.31991,0.31599,0.31934,7504382.0,2025-01-30 19:59:59.999,2384248.36426,11386,3795253.0,1205893.04461
2025-01-30 20:00:00,0.31937,0.31969,0.31601,0.3179,9050600.0,2025-01-30 20:59:59.999,2880011.52285,12876,4870987.0,1549792.01874
2025-01-30 21:00:00,0.31789,0.3227,0.31753,0.31941,13666959.0,2025-01-30 21:59:59.999,4372344.55921,17235,6802189.0,2176422.00624
2025-01-30 22:00:00,0.31942,0.321,0.31732,0.31754,7961124.0,2025-01-30 22:59:59.999,2545421.92469,8678,3466408.0,1108427.5524
2025-01-30 23:00:00,0.31754,0.32014,0.31584,0.31588,7939526.0,2025-01-30 23:59:59.999,2527188.69889,10633,3615820.0,1151648.03802
2025-01-31 00:00:00,0.31589,0.31671,0.313,0.31415,8414346.0,2025-01-31 00:59:59.999,2647481.61696,14342,3895650.0,1226087.95863
2025-01-31 01:00:00,0.31414,0.31439,0.31124,0.31256,9363490.0,2025-01-31 01:59:59.999,2926376.21724,11783,4459515.0,1393155.79706
2025-01-31 02:00:00,0.31257,0.31394,0.30968,0.31041,8420618.0,2025-01-31 02:59:59.999,2624407.18702,9901,3342808.0,1041501.6732
2025-01-31 03:00:00,0.31037,0.31038,0.3081,0.30867,9118194.0,2025-01-31 03:59:59.999,2819940.60589,10751,4172107.0,1290229.02935
2025-01-31 04:00:00,0.30867,0.30867,0.30584,0.30607,6793629.0,2025-01-31 04:59:59.999,2088825.47351,7543,2618475.0,805237.52361
2025-01-31 05:00:00,0.30608,0.30951,0.306,0.30946,5973996.0,2025-01-31 05:59:59.999,1841367.03186,7687,3332027.0,1027187.34717
2025-01-31 06:00:00,0.30944,0.3124,0.30881,0.31201,6284871.0,2025-01-31 06:59:59.999,1952129.19131,9899,3129997.0,971628.21878
2025-01-31 07:00:00,0.31202,0.31526,0.31051,0.31154,7827927.0,2025-01-31 07:59:59.999,2449830.278,10632,3368894.0,1054426.69329
2025-01-31 08:00:00,0.31154,0.31228,0.30876,0.309,6417838.0,2025-01-31 08:59:59.999,1991413.55373,8569,3043599.0,943961.30656
2025-01-31 09:00:00,0.30903,0.31345,0.30868,0.31297,7261642.0,2025-01-31 09:59:59.999,2262860.0567,10283,3990799.0,1243292.13878
2025-01-31 10:00:00,0.31297,0.31429,0.31082,0.31273,4743377.0,2025-01-31 10:59:59.999,1481981.85012,7390,2032493.0,635158.61136
2025-01-31 11:00:00,0.31272,0.31826,0.31271,0.31762,9668989.0,2025-01-31 11:59:59.999,3058256.89142,14868,4088961.0,1293080.60001
2025-01-31 12:00:00,0.31762,0.319,0.31631,0.31735,7530945.0,2025-01-31 12:59:59.999,2393248.16058,11814,3337236.0,1060802.04826
2025-01-31 13:00:00,0.31736,0.31971,0.31642,0.31719,8932120.0,2025-01-31 13:59:59.999,2840771.46315,13256,4426912.0,1408211.96554
2025-01-31 14:00:00,0.31719,0.31841,0.31433,0.31499,8382152.0,2025-01-31 14:59:59.999,2649571.16596,15080,3966027.0,1253563.93422
2025-01-31 15:00:00,0.315,0.32,0.31476,0.31783,15356061.0,2025-01-31 15:59:59.999,4881563.69404,21892,6993543.0,2223357.06758
2025-01-31 16:00:00,0.3178,0.31904,0.31578,0.31591,10687474.0,2025-01-31 16:59:59.999,3391135.7364,13985,5550543.0,1762005.94233
2025-01-31 17:00:00,0.31595,0.31671,0.3124,0.31247,7921082.0,2025-01-31 17:59:59.999,2489129.38185,11279,3733880.0,1173449.18053
2025-01-31 18:00:00,0.31248,0.31361,0.30322,0.30588,34124696.0,2025-01-31 18:59:59.999,10493042.85359,43258,19160801.0,5895040.47969
2025-01-31 19:00:00,0.30588,0.30834,0.30472,0.30643,11066426.0,2025-01-31 19:59:59.999,3394524.7673,18514,5667154.0,1738663.98023
2025-01-31 20:00:00,0.30642,0.3065,0.30192,0.30484,10673743.0,2025-01-31 20:59:59.999,3246628.38722,16777,5331144.0,1622261.32191
2025-01-31 21:00:00,0.30483,0.30654,0.30214,0.30653,7575219.0,2025-01-31 21:59:59.999,2303440.86654,11716,4219090.0,1283094.78399
2025-01-31 22:00:00,0.30654,0.30761,0.30492,0.30586,5951818.0,2025-01-31 22:59:59.999,1822982.95462,6718,2531949.0,775129.22864
2025-01-31 23:00:00,0.30583,0.30672,0.30394,0.30672,3031888.0,2025-01-31 23:59:59.999,926130.0801,6021,1596880.0,487810.47472
2025-02-01 00:00:00,0.30667,0.30916,0.30485,0.30878,5291897.0,2025-02-01 00:59:59.999,1623173.95201,9176,2537858.0,778671.14153
2025-02-01 01:00:00,0.30874,0.30914,0.30755,0.30765,3274556.0,2025-02-01 01:59:59.999,1009944.34051,5125,1793208.0,553133.64485
2025-02-01 02:00:00,0.30765,0.31153,0.30724,0.31134,8307920.0,2025-02-01 02:59:59.999,2574640.44855,11002,5018879.0,1554913.08257
2025-02-01 03:00:00,0.3114,0.31237,0.30808,0.30862,5640122.0,2025-02-01 03:59:59.999,1749929.94392,7482,1914466.0,593431.56237
2025-02-01 04:00:00,0.30863,0.30914,0.30645,0.3071,3824771.0,2025-02-01 04:59:59.999,1176665.10307,5975,1705268.0,524575.05246
2025-02-01 05:00:00,0.30712,0.30876,0.30683,0.30818,2785256.0,2025-02-01 05:59:59.999,857830.00691,5313,1367784.0,421341.40253
2025-02-01 06:00:00,0.30818,0.3083,0.30488,0.30634,3531002.0,2025-02-01 06:59:59.999,1081839.02374,5767,1595851.0,488871.5169
2025-02-01 07:00:00,0.30633,0.30663,0.30408,0.30473,2833442.0,2025-02-01 07:59:59.999,864244.35505,5681,1313338.0,400454.95691
2025-02-01 08:00:00,0.30476,0.30562,0.30204,0.30319,4564314.0,2025-02-01 08:59:59.999,1384272.13383,8250,2146779.0,651011.77054
2025-02-01 09:00:00,0.3032,0.30339,0.29851,0.29943,9807256.0,2025-02-01 09:59:59.999,2947033.94943,13474,4107711.0,1234795.77184
2025-02-01 10:00:00,0.29949,0.30239,0.29839,0.2985,9587266.0,2025-02-01 10:59:59.999,2880806.44716,11327,4056612.0,1219284.87617
2025-02-01 11:00:00,0.2985,0.30174,0.29845,0.30167,6489264.0,2025-02-01 11:59:59.999,1948467.72168,8354,3619945.0,1086862.13788
2025-02-01 12:00:00,0.30167,0.30167,0.3,0.30077,6847980.0,2025-02-01 12:59:59.999,2060534.09171,7903,3762647.0,1132203.11061
2025-02-01 13:00:00,0.30078,0.30107,0.29723,0.29763,7193914.0,2025-02-01 13:59:59.999,2154315.54941,9568,3128347.0,937229.11921
2025-02-01 14:00:00,0.29762,0.29974,0.29686,0.2971,5484006.0,2025-02-01 14:59:59.999,1636070.03709,9604,2527093.0,753892.04106
2025-02-01 15:00:00,0.29714,0.2993,0.2953,0.29887,6566781.0,2025-02-01 15:59:59.999,1951580.11105,10504,3249573.0,965894.67837
2025-02-01 16:00:00,0.29886,0.29997,0.29597,0.29604,7551372.0,2025-02-01 16:59:59.999,2250051.59224,11362,3867317.0,1152203.32843
2025-02-01 17:00:00,0.29605,0.29953,0.29604,0.2992,5718525.0,2025-02-01 17:59:59.999,1705894.77305,9864,3014850.0,899348.06526
2025-02-01 18:00:00,0.29923,0.29933,0.29554,0.29571,8735853.0,2025-02-01 18:59:59.999,2597919.77055,10629,3323679.0,989033.49294
2025-02-01 19:00:00,0.29572,0.29592,0.29135,0.29322,12877142.0,2025-02-01 19:59:59.999,3777812.20822,19869,5459718.0,1601560.50023
2025-02-01 20:00:00,0.29322,0.29329,0.28793,0.29072,17157751.0,2025-02-01 20:59:59.999,4974558.33927,24650,7363674.0,2134450.73936
2025-02-01 21:00:00,0.29071,0.29306,0.28792,0.28836,9585621.0,2025-02-01 21:59:59.999,2786379.55542,14948,4609564.0,1340574.71219
2025-02-01 22:00:00,0.28833,0.29007,0.28351,0.28738,13476551.0,2025-02-01 22:59:59.999,3859874.77268,13591,5814520.0,1666855.14977
2025-02-01 23:00:00,0.28731,0.28789,0.28134,0.28502,21557945.0,2025-02-01 23:59:59.999,6144693.04122,30572,9290570.0,2648722.34833
2025-02-02 00:00:00,0.28502,0.29224,0.28498,0.29108,11823728.0,2025-02-02 00:59:59.999,3417985.49071,17950,6812087.0,1969180.94265
2025-02-02 01:00:00,0.29112,0.294,0.29069,0.29099,4459467.0,2025-02-02 01:59:59.999,1303962.33709,8757,1757753.0,514073.57423
2025-02-02 02:00:00,0.291,0.29105,0.28435,0.28538,13868288.0,2025-02-02 02:59:59.999,3995450.30085,17736,4233776.0,1217313.17219
2025-02-02 03:00:00,0.28538,0.28624,0.27803,0.27838,24009351.0,2025-02-02 03:59:59.999,6751897.29192,40624,11304941.0,3180553.44755
2025-02-02 04:00:00,0.27839,0.28271,0.27769,0.27998,11837051.0,2025-02-02 04:59:59.999,3318248.59449,23221,5270088.0,1477541.58732
2025-02-02 05:00:00,0.27999,0.28419,0.27969,0.28386,8832782.0,2025-02-02 05:59:59.999,2493661.80751,15058,5328775.0,1504758.8261
2025-02-02 06:00:00,0.28385,0.2862,0.28287,0.28368,8957989.0,2025-02-02 06:59:59.999,2548840.51292,12760,3513372.0,999717.93675
2025-02-02 07:00:00,0.28369,0.28378,0.27946,0.28026,8287425.0,2025-02-02 07:59:59.999,2330808.73123,12155,3365063.0,946791.40407
2025-02-02 08:00:00,0.2803,0.285,0.27904,0.28223,10482367.0,2025-02-02 08:59:59.999,2959423.70948,14304,5994940.0,1693842.10625
2025-02-02 09:00:00,0.28223,0.28224,0.28001,0.28163,7338187.0,2025-02-02 09:59:59.999,2062835.63399,11312,4192771.0,1178568.11621
2025-02-02 10:00:00,0.28163,0.28184,0.27661,0.2782,12720643.0,2025-02-02 10:59:59.999,3542594.87026,16371,5479185.0,1526403.15642
2025-02-02 11:00:00,0.27819,0.27924,0.27169,0.27281,21404137.0,2025-02-02 11:59:59.999,5877551.15406,28062,8296109.0,2278587.97836
2025-02-02 12:00:00,0.27281,0.27593,0.26901,0.26905,16822706.0,2025-02-02 12:59:59.999,4586985.00669,23289,6962408.0,1900481.54904
2025-02-02 13:00:00,0.26911,0.27581,0.26861,0.27581,14904783.0,2025-02-02 13:59:59.999,4049169.8011,23521,6720777.0,1826661.92069
2025-02-02 14:00:00,0.27582,0.27755,0.27321,0.27321,12004576.0,2025-02-02 14:59:59.999,3310042.77383,17014,5754355.0,1587238.62189
2025-02-02 15:00:00,0.27323,0.27439,0.27041,0.27342,12845164.0,2025-02-02 15:59:59.999,3501448.37933,17158,6704131.0,1827661.99178
2025-02-02 16:00:00,0.27343,0.27347,0.25933,0.26077,40550017.0,2025-02-02 16:59:59.999,10787008.12482,52634,19166954.0,5114938.91986
2025-02-02 17:00:00,0.26079,0.26467,0.24886,0.25167,73569288.0,2025-02-02 17:59:59.999,18822405.96619,120239,34665473.0,8874231.7928
2025-02-02 18:00:00,0.25168,0.25599,0.24642,0.24759,60051045.0,2025-02-02 18:59:59.999,15079748.39797,106647,31027984.0,7791709.47372
2025-02-02 19:00:00,0.24761,0.26152,0.24386,0.25846,64723733.0,2025-02-02 19:59:59.999,16310141.92302,112421,32217625.0,8128411.91065
2025-02-02 20:00:00,0.25847,0.26275,0.25474,0.25553,27368770.0,2025-02-02 20:59:59.999,7087956.7833,46233,14118242.0,3658067.19647
2025-02-02 21:00:00,0.25558,0.25669,0.24942,0.25065,25195178.0,2025-02-02 21:59:59.999,6376440.9029,39645,10812440.0,2735493.49005
2025-02-02 22:00:00,0.25066,0.25526,0.237,0.25079,40040213.0,2025-02-02 22:59:59.999,9896413.02579,37804,19234889.0,4762722.11941
2025-02-02 23:00:00,0.25077,0.2546,0.24138,0.25326,54742745.0,2025-02-02 23:59:59.999,13542648.63104,63754,27664600.0,6845410.08248
2025-02-03 00:00:00,0.25329,0.25348,0.22778,0.23391,125947757.0,2025-02-03 00:59:59.999,29996006.13904,124565,55880515.0,13283766.50176
2025-02-03 01:00:00,0.23389,0.23571,0.19,0.20571,155869405.0,2025-02-03 01:59:59.999,34301226.50485,168734,70010927.0,15462089.2279
2025-02-03 02:00:00,0.20573,0.21619,0.17721,0.21041,256656808.0,2025-02-03 02:59:59.999,52644421.50081,267389,125787599.0,25828686.53547
2025-02-03 03:00:00,0.21043,0.22609,0.20954,0.22214,113204118.0,2025-02-03 03:59:59.999,24933004.7489,78889,62983874.0,13870484.03014
2025-02-03 04:00:00,0.2222,0.22475,0.21069,0.21109,51138622.0,2025-02-03 04:59:59.999,11088108.39612,44236,25860895.0,5614031.8678
2025-02-03 05:00:00,0.21109,0.22389,0.21093,0.22381,40569505.0,2025-02-03 05:59:59.999,8843862.05021,33123,20944680.0,4570522.96625
2025-02-03 06:00:00,0.22379,0.23272,0.22011,0.23154,44373097.0,2025-02-03 06:59:59.999,10084783.37625,41012,23501746.0,5339149.96115
2025-02-03 07:00:00,0.23152,0.24549,0.2305,0.24442,46993477.0,2025-02-03 07:59:59.999,11178650.27194,51312,24859043.0,5917311.49205
2025-02-03 08:00:00,0.24436,0.24436,0.23376,0.23895,38650152.0,2025-02-03 08:59:59.999,9199005.67829,34379,18007314.0,4288044.3332
2025-02-03 09:00:00,0.23893,0.24227,0.23471,0.23617,29206852.0,2025-02-03 09:59:59.999,6950065.00183,31319,14353331.0,3417654.80665
2025-02-03 10:00:00,0.23619,0.24652,0.23474,0.24652,23339138.0,2025-02-03 10:59:59.999,5591580.57161,21120,12285217.0,2948262.97105
2025-02-03 11:00:00,0.24652,0.24665,0.23525,0.23679,28166994.0,2025-02-03 11:59:59.999,6726505.70112,26984,12527605.0,2994699.29031
2025-02-03 12:00:00,0.2368,0.23955,0.23021,0.23107,39206609.0,2025-02-03 12:59:59.999,9244224.18118,29174,19115108.0,4507998.7186
2025-02-03 13:00:00,0.23111,0.23348,0.22633,0.2292,32777717.0,2025-02-03 13:59:59.999,7528617.65196,29762,15119764.0,3471912.74768
2025-02-03 14:00:00,0.22923,0.23842,0.22077,0.23711,103725829.0,2025-02-03 14:59:59.999,23916893.61051,110095,53746468.0,12398431.98003
2025-02-03 15:00:00,0.23709,0.26654,0.23574,0.26402,119047497.0,2025-02-03 15:59:59.999,30018091.92645,106966,66478427.0,16786127.30835
2025-02-03 16:00:00,0.264,0.26842,0.25811,0.25961,65010593.0,2025-02-03 16:59:59.999,17104690.56013,63947,36144333.0,9510567.95255
2025-02-03 17:00:00,0.25961,0.26317,0.25555,0.26039,34665295.0,2025-02-03 17:59:59.999,8979587.3006,29795,17749642.0,4600022.91251
2025-02-03 18:00:00,0.26037,0.2684,0.25718,0.2684,41410205.0,2025-02-03 18:59:59.999,10906554.10786,32980,23397126.0,6164115.30406
2025-02-03 19:00:00,0.26836,0.27843,0.26408,0.27498,51847160.0,2025-02-03 19:59:59.999,14088717.31802,47040,25564070.0,6952480.55941
2025-02-03 20:00:00,0.27492,0.27494,0.26466,0.26858,36000657.0,2025-02-03 20:59:59.999,9637977.74651,39534,18175323.0,4865977.88387
2025-02-03 21:00:00,0.26859,0.27782,0.26816,0.2753,34608814.0,2025-02-03 21:59:59.999,9439562.29564,33303,18339533.0,5002337.20286
2025-02-03 22:00:00,0.27536,0.2824,0.27438,0.27546,35413101.0,2025-02-03 22:59:59.999,9855748.16168,36099,17634342.0,4909843.86767
2025-02-03 23:00:00,0.27556,0.27703,0.27192,0.27487,16712492.0,2025-02-03 23:59:59.999,4585675.58387,22377,8483100.0,2327396.10676
2025-02-04 00:00:00,0.27487,0.27833,0.26963,0.26974,20986809.0,2025-02-04 00:59:59.999,5766564.86051,29318,9771718.0,2685893.43039
2025-02-04 01:00:00,0.26969,0.27468,0.26889,0.27182,20932495.0,2025-02-04 01:59:59.999,5679173.8615,31541,9814771.0,2664837.6586
2025-02-04 02:00:00,0.27185,0.2727,0.26617,0.26709,16061984.0,2025-02-04 02:59:59.999,4320792.501,22931,7867014.0,2115405.15171
2025-02-04 03:00:00,0.26712,0.26794,0.26423,0.26654,19178612.0,2025-02-04 03:59:59.999,5101192.70489,20997,7426723.0,1975486.44898
2025-02-04 04:00:00,0.26654,0.2677,0.26092,0.26177,19163379.0,2025-02-04 04:59:59.999,5066964.95867,28695,9113464.0,2408762.07408
2025-02-04 05:00:00,0.26174,0.26231,0.2487,0.251,53599547.0,2025-02-04 05:59:59.999,13576027.1435,94264,26493453.0,6715024.56852
2025-02-04 06:00:00,0.25101,0.25673,0.25101,0.25526,27101164.0,2025-02-04 06:59:59.999,6906736.74861,35628,12013953.0,3059250.24368
2025-02-04 07:00:00,0.25525,0.25535,0.2463,0.24717,22063420.0,2025-02-04 07:59:59.999,5535718.39902,28336,11064122.0,2776874.05334
2025-02-04 08:00:00,0.24716,0.25043,0.24533,0.24745,27271212.0,2025-02-04 08:59:59.999,6755265.92344,38781,13460659.0,3335873.16413
2025-02-04 09:00:00,0.24744,0.25064,0.24727,0.24863,18359161.0,2025-02-04 09:59:59.999,4577810.85184,25740,9512447.0,2372311.43855
2025-02-04 10:00:00,0.24863,0.25472,0.24838,0.25354,20656646.0,2025-02-04 10:59:59.999,5218785.77373,26796,10327793.0,2608954.69754
2025-02-04 11:00:00,0.25351,0.26017,0.2533,0.25469,25782809.0,2025-02-04 11:59:59.999,6637924.69242,34679,11952750.0,3077072.14981
2025-02-04 12:00:00,0.2547,0.26077,0.25434,0.2577,20555192.0,2025-02-04 12:59:59.999,5292562.63612,27582,9594190.0,2470058.94242
2025-02-04 13:00:00,0.25771,0.26154,0.25476,0.25578,26197188.0,2025-02-04 13:59:59.999,6794210.91518,37491,12720192.0,3300645.01851
2025-02-04 14:00:00,0.25579,0.26545,0.25398,0.26128,44555029.0,2025-02-04 14:59:59.999,11612423.92253,68598,22606006.0,5891213.80338
2025-02-04 15:00:00,0.26128,0.26288,0.25419,0.2572,38427879.0,2025-02-04 15:59:59.999,9919621.52638,69803,17593186.0,4541761.35512
2025-02-04 16:00:00,0.25721,0.26179,0.256,0.25897,20880319.0,2025-02-04 16:59:59.999,5408512.07385,33013,9671799.0,2505195.44558
2025-02-04 17:00:00,0.25896,0.26176,0.25616,0.25871,18941063.0,2025-02-04 17:59:59.999,4905109.89781,23678,8552076.0,2214876.93292
2025-02-04 18:00:00,0.25866,0.26243,0.2573,0.26165,17969428.0,2025-02-04 18:59:59.999,4675750.11247,21698,8849811.0,2303394.64804
2025-02-04 19:00:00,0.26164,0.26987,0.25612,0.25615,49560394.0,2025-02-04 19:59:59.999,13093426.92173,61092,24224649.0,6397961.5269
2025-02-04 20:00:00,0.25615,0.25905,0.25011,0.252,60343396.0,2025-02-04 20:59:59.999,15301616.58172,96398,28520371.0,7231768.95885
2025-02-04 21:00:00,0.25196,0.25213,0.24261,0.24356,43921557.0,2025-02-04 21:59:59.999,10838697.99305,67909,20639017.0,5092679.15325
2025-02-04 22:00:00,0.24357,0.252,0.24316,0.25101,20039938.0,2025-02-04 22:59:59.999,4946449.36257,22550,9776298.0,2414320.26014
2025-02-04 23:00:00,0.25104,0.25404,0.24877,0.25015,18209350.0,2025-02-04 23:59:59.999,4568211.05185,24173,9124208.0,2288223.08434
2025-02-05 00:00:00,0.25015,0.25255,0.24911,0.25088,15296336.0,2025-02-05 00:59:59.999,3837829.71305,23237,7971541.0,1999762.52881
2025-02-05 01:00:00,0.25087,0.25513,0.25033,0.25065,13854693.0,2025-02-05 01:59:59.999,3505568.03712,17399,6956888.0,1759960.55584
2025-02-05 02:00:00,0.25065,0.25509,0.24883,0.25401,17720480.0,2025-02-05 02:59:59.999,4461510.25951,24153,8751350.0,2203233.21834
2025-02-05 03:00:00,0.25397,0.25519,0.25184,0.2531,10324334.0,2025-02-05 03:59:59.999,2616877.98385,12257,5180048.0,1312584.485
2025-02-05 04:00:00,0.25309,0.25474,0.25206,0.25235,6923374.0,2025-02-05 04:59:59.999,1753818.5879,9176,3233563.0,819498.28023
2025-02-05 05:00:00,0.25236,0.25537,0.24921,0.25417,11516499.0,2025-02-05 05:59:59.999,2900922.59006,13455,5540191.0,1395533.22319
2025-02-05 06:00:00,0.25416,0.25416,0.24991,0.25061,10240244.0,2025-02-05 06:59:59.999,2579357.39606,13887,4682985.0,1179704.47224
2025-02-05 07:00:00,0.2506,0.2534,0.2492,0.25261,8383241.0,2025-02-05 07:59:59.999,2105672.9278,11097,4657976.0,1170103.88277
2025-02-05 08:00:00,0.25261,0.2543,0.25071,0.25176,7918487.0,2025-02-05 08:59:59.999,1997324.70112,13310,3827578.0,964827.96089
2025-02-05 09:00:00,0.25175,0.25445,0.25005,0.25141,10419141.0,2025-02-05 09:59:59.999,2627689.85318,16801,4999661.0,1260669.89018
2025-02-05 10:00:00,0.2514,0.25331,0.25072,0.25197,8068612.0,2025-02-05 10:59:59.999,2033411.16453,13054,4028804.0,1015103.78144
2025-02-05 11:00:00,0.25195,0.2566,0.25195,0.2563,16867005.0,2025-02-05 11:59:59.999,4299994.12875,21529,8608068.0,2193541.12236
2025-02-05 12:00:00,0.25628,0.25793,0.25293,0.25347,12388908.0,2025-02-05 12:59:59.999,3169041.64477,21895,5606430.0,1434256.67835
2025-02-05 13:00:00,0.25349,0.25656,0.25283,0.25631,9881871.0,2025-02-05 13:59:59.999,2519598.3223,19067,5915499.0,1508980.44387
2025-02-05 14:00:00,0.2563,0.25847,0.25262,0.25371,16262989.0,2025-02-05 14:59:59.999,4164501.21193,31095,8111229.0,2077195.34234
2025-02-05 15:00:00,0.2537,0.25588,0.24989,0.2529,19089651.0,2025-02-05 15:59:59.999,4827893.78615,40517,8810542.0,2228571.88913
2025-02-05 16:00:00,0.25292,0.25362,0.2452,0.24775,28199142.0,2025-02-05 16:59:59.999,6999335.66318,58774,12742617.0,3164302.71225
2025-02-05 17:00:00,0.24778,0.24924,0.24093,0.24107,21863548.0,2025-02-05 17:59:59.999,5341409.74805,41112,10562369.0,2581081.05798
2025-02-05 18:00:00,0.24105,0.24345,0.23859,0.23995,23411256.0,2025-02-05 18:59:59.999,5635451.48139,46207,11311285.0,2723590.05774
2025-02-05 19:00:00,0.23994,0.24623,0.23894,0.24579,17009202.0,2025-02-05 19:59:59.999,4134572.56092,29513,8553514.0,2079267.68964
2025-02-05 20:00:00,0.24576,0.2486,0.24068,0.24236,20877091.0,2025-02-05 20:59:59.999,5115123.06959,35364,11707303.0,2869884.09282
2025-02-05 21:00:00,0.24237,0.24368,0.23943,0.24015,13842086.0,2025-02-05 21:59:59.999,3347464.99696,23762,6310407.0,1527455.21345
2025-02-05 22:00:00,0.24015,0.24169,0.23577,0.23684,13912253.0,2025-02-05 22:59:59.999,3316442.90638,18208,6434783.0,1534027.74822
2025-02-05 23:00:00,0.23682,0.23971,0.23658,0.23852,7617091.0,2025-02-05 23:59:59.999,1815430.42943,17928,3595634.0,856951.75798
2025-02-06 00:00:00,0.23851,0.24169,0.23811,0.23848,12015890.0,2025-02-06 00:59:59.999,2883526.31033,27843,5843501.0,1402542.59168
2025-02-06 01:00:00,0.23849,0.2433,0.23707,0.24065,9825193.0,2025-02-06 01:59:59.999,2362559.46038,20390,5367749.0,1291388.06698
2025-02-06 02:00:00,0.24063,0.24378,0.24053,0.2419,11971840.0,2025-02-06 02:59:59.999,2901829.52839,22925,5668827.0,1374018.20323
2025-02-06 03:00:00,0.2419,0.24432,0.24048,0.24283,6906426.0,2025-02-06 03:59:59.999,1673507.9868,14931,3542511.0,858878.72076
2025-02-06 04:00:00,0.24286,0.2452,0.24244,0.24473,7445329.0,2025-02-06 04:59:59.999,1817789.65467,13918,3993330.0,975238.27307
2025-02-06 05:00:00,0.24473,0.24511,0.24291,0.24435,5557916.0,2025-02-06 05:59:59.999,1356911.39749,10110,2900090.0,708328.23818
2025-02-06 06:00:00,0.24435,0.24773,0.24276,0.24711,9832768.0,2025-02-06 06:59:59.999,2414892.02879,14317,5422439.0,1332166.79144
2025-02-06 07:00:00,0.24709,0.24711,0.24321,0.24443,8816346.0,2025-02-06 07:59:59.999,2160221.70795,12326,3956849.0,970600.72514
2025-02-06 08:00:00,0.24444,0.24499,0.2422,0.24277,6015495.0,2025-02-06 08:59:59.999,1465067.17254,13257,2967893.0,722901.71569
2025-02-06 09:00:00,0.24279,0.24745,0.24189,0.24701,11204563.0,2025-02-06 09:59:59.999,2750466.04975,18838,6403921.0,1572064.39389
2025-02-06 10:00:00,0.24698,0.24985,0.24626,0.24831,11698547.0,2025-02-06 10:59:59.999,2900776.4746,21758,6141009.0,1523021.65423
2025-02-06 11:00:00,0.2483,0.2487,0.24367,0.24591,13034545.0,2025-02-06 11:59:59.999,3203738.14169,24673,5536154.0,1361126.37096
2025-02-06 12:00:00,0.24593,0.24641,0.24,0.24163,13586842.0,2025-02-06 12:59:59.999,3295921.41682,27788,6976170.0,1692303.66305
2025-02-06 13:00:00,0.24164,0.24632,0.24124,0.24461,17187961.0,2025-02-06 13:59:59.999,4197355.39611,32235,9531154.0,2328366.28431
2025-02-06 14:00:00,0.24464,0.24547,0.2377,0.23939,24835166.0,2025-02-06 14:59:59.999,5986329.66822,46002,13466859.0,3247451.55923
2025-02-06 15:00:00,0.23939,0.24074,0.22978,0.23195,49442146.0,2025-02-06 15:59:59.999,11578278.13822,89243,22983422.0,5382534.55564
2025-02-06 16:00:00,0.23197,0.23573,0.22931,0.23111,30506851.0,2025-02-06 16:59:59.999,7075915.62935,56624,13851632.0,3210954.52458
2025-02-06 17:00:00,0.23108,0.23638,0.22944,0.23277,14213904.0,2025-02-06 17:59:59.999,3307530.03819,27675,7747576.0,1802523.61879
2025-02-06 18:00:00,0.23278,0.23323,0.22926,0.22944,15646240.0,2025-02-06 18:59:59.999,3621882.77749,30833,7806224.0,1807711.63465
2025-02-06 19:00:00,0.22947,0.23223,0.22717,0.22817,22677950.0,2025-02-06 19:59:59.999,5197532.69779,37511,9154797.0,2099875.50841
2025-02-06 20:00:00,0.22818,0.23346,0.22774,0.2324,15095781.0,2025-02-06 20:59:59.999,3483133.18891,30773,7874971.0,1816385.73015
2025-02-06 21:00:00,0.23242,0.23259,0.227,0.23076,15769865.0,2025-02-06 21:59:59.999,3623448.27982,28837,7549346.0,1734353.27639
2025-02-06 22:00:00,0.23079,0.23091,0.22705,0.23041,8778184.0,2025-02-06 22:59:59.999,2010073.10491,10643,4625466.0,1059172.3543
2025-02-06 23:00:00,0.23041,0.23139,0.22639,0.22861,9977099.0,2025-02-06 23:59:59.999,2284695.98084,15732,3862786.0,884182.91994
2025-02-07 00:00:00,0.22861,0.23291,0.22827,0.23015,11204050.0,2025-02-07 00:59:59.999,2584519.40711,22486,5053963.0,1165702.48995
2025-02-07 01:00:00,0.23014,0.2367,0.22849,0.23502,17563075.0,2025-02-07 01:59:59.999,4071498.20014,25169,7689417.0,1786624.60236
2025-02-07 02:00:00,0.23501,0.23727,0.23387,0.23466,8345285.0,2025-02-07 02:59:59.999,1962749.68984,19691,3857013.0,907536.33108
2025-02-07 03:00:00,0.23465,0.23532,0.23149,0.23336,6189890.0,2025-02-07 03:59:59.999,1444907.62024,13782,2774571.0,647296.57097
2025-02-07 04:00:00,0.23337,0.23532,0.23296,0.23364,5187340.0,2025-02-07 04:59:59.999,1215792.9639,10298,2335230.0,547213.02763
2025-02-07 05:00:00,0.23364,0.23423,0.23177,0.23328,4007458.0,2025-02-07 05:59:59.999,933495.27689,8788,2001811.0,466438.13429
2025-02-07 06:00:00,0.2333,0.2335,0.22738,0.22987,12729007.0,2025-02-07 06:59:59.999,2921018.6649,22428,6212155.0,1424520.69921
2025-02-07 07:00:00,0.22987,0.23387,0.22982,0.23091,10822576.0,2025-02-07 07:59:59.999,2511129.01045,19795,5118391.0,1187738.83246
2025-02-07 08:00:00,0.23091,0.23491,0.22985,0.23334,8642111.0,2025-02-07 08:59:59.999,2005619.77763,18549,4564604.0,1059629.62565
2025-02-07 09:00:00,0.23336,0.23682,0.23295,0.23658,8632916.0,2025-02-07 09:59:59.999,2031402.74788,17614,4386843.0,1032252.31206
2025-02-07 10:00:00,0.23657,0.23815,0.23558,0.23589,8673055.0,2025-02-07 10:59:59.999,2053231.66328,17879,4229873.0,1001395.72828
2025-02-07 11:00:00,0.23591,0.23831,0.23573,0.23801,10276042.0,2025-02-07 11:59:59.999,2438890.42122,14968,5681410.0,1348824.89176
2025-02-07 12:00:00,0.23798,0.23928,0.23528,0.23736,10155803.0,2025-02-07 12:59:59.999,2405877.66788,16243,4788529.0,1134107.29141
2025-02-07 13:00:00,0.23736,0.24373,0.23487,0.24328,26232611.0,2025-02-07 13:59:59.999,6264821.37467,51943,13144419.0,3138629.72002
2025-02-07 14:00:00,0.24327,0.24789,0.2417,0.24679,33949863.0,2025-02-07 14:59:59.999,8326802.34275,68525,16734083.0,4104342.35751
2025-02-07 15:00:00,0.24676,0.2468,0.23741,0.2418,41171615.0,2025-02-07 15:59:59.999,9947369.00156,84626,20574759.0,4970063.53669
2025-02-07 16:00:00,0.24181,0.24342,0.23844,0.24023,19555027.0,2025-02-07 16:59:59.999,4709566.91668,43921,10017287.0,2411821.93383
2025-02-07 17:00:00,0.24025,0.24062,0.23553,0.23747,17212740.0,2025-02-07 17:59:59.999,4090099.47093,42642,8439623.0,2005822.54363
2025-02-07 18:00:00,0.23748,0.24467,0.23692,0.24171,14124840.0,2025-02-07 18:59:59.999,3414809.75659,24716,7428932.0,1796228.96116
2025-02-07 19:00:00,0.24166,0.24204,0.23734,0.23854,10034192.0,2025-02-07 19:59:59.999,2406582.55579,20611,4857309.0,1164735.5704
2025-02-07 20:00:00,0.23853,0.23898,0.22921,0.22974,24062204.0,2025-02-07 20:59:59.999,5606470.97296,45747,10784492.0,2515166.32557
2025-02-07 21:00:00,0.22975,0.23297,0.22825,0.22913,11426259.0,2025-02-07 21:59:59.999,2633767.48257,28517,5801495.0,1337298.22984
2025-02-07 22:00:00,0.22914,0.23003,0.22635,0.22974,13614251.0,2025-02-07 22:59:59.999,3100573.59252,17907,6682882.0,1522402.17604
2025-02-07 23:00:00,0.22973,0.23302,0.22914,0.23269,13246070.0,2025-02-07 23:59:59.999,3060200.9323,17398,7877292.0,1820179.74506
2025-02-08 00:00:00,0.23263,0.23538,0.2311,0.23437,8658328.0,2025-02-08 00:59:59.999,2021946.71922,20147,4109018.0,959408.94097
2025-02-08 01:00:00,0.23437,0.23437,0.23055,0.23059,7325467.0,2025-02-08 01:59:59.999,1702406.27146,14548,2592307.0,603080.27074
2025-02-08 02:00:00,0.23062,0.23171,0.22965,0.23094,6446630.0,2025-02-08 02:59:59.999,1487137.74716,14429,2700536.0,623013.33302
2025-02-08 03:00:00,0.23095,0.23245,0.22952,0.23017,6390250.0,2025-02-08 03:59:59.999,1472854.30543,10140,2603736.0,600606.7797
2025-02-08 04:00:00,0.23018,0.2313,0.22812,0.22855,8391044.0,2025-02-08 04:59:59.999,1927648.19778,10428,2902675.0,666797.19717
2025-02-08 05:00:00,0.22856,0.2296,0.22717,0.22863,5796493.0,2025-02-08 05:59:59.999,1322540.762,9950,3363131.0,767312.0369
2025-02-08 06:00:00,0.22864,0.23008,0.22758,0.22835,5044860.0,2025-02-08 06:59:59.999,1154479.67514,9021,2750854.0,629606.43433
2025-02-08 07:00:00,0.22836,0.23099,0.22573,0.22985,8652707.0,2025-02-08 07:59:59.999,1973721.32826,14387,4273781.0,974963.67253
2025-02-08 08:00:00,0.22984,0.23079,0.22681,0.22684,5273685.0,2025-02-08 08:59:59.999,1204447.72137,12810,2688013.0,613850.15405
2025-02-08 09:00:00,0.22681,0.22887,0.22677,0.22836,4363528.0,2025-02-08 09:59:59.999,994229.99494,10066,2194470.0,500055.24416
2025-02-08 10:00:00,0.22838,0.2298,0.22782,0.22894,6499520.0,2025-02-08 10:59:59.999,1488432.64212,11211,3594346.0,823128.88489
2025-02-08 11:00:00,0.22893,0.22963,0.22714,0.22929,4336770.0,2025-02-08 11:59:59.999,990771.5124,10432,2117511.0,483854.69054
2025-02-08 12:00:00,0.22927,0.23053,0.22724,0.22777,9354399.0,2025-02-08 12:59:59.999,2138695.16623,14754,5050078.0,1154826.19735
2025-02-08 13:00:00,0.22778,0.2326,0.22764,0.23037,10135292.0,2025-02-08 13:59:59.999,2333010.60811,18405,5347185.0,1230715.57452
2025-02-08 14:00:00,0.23037,0.2318,0.22819,0.23157,10628754.0,2025-02-08 14:59:59.999,2444508.15914,17355,5282951.0,1215189.09917
2025-02-08 15:00:00,0.23158,0.23327,0.22897,0.23054,13039117.0,2025-02-08 15:59:59.999,3018769.81203,19442,7667164.0,1775512.11508
2025-02-08 16:00:00,0.23053,0.23165,0.22876,0.23136,7691420.0,2025-02-08 16:59:59.999,1771941.20744,16858,3856064.0,888225.378
2025-02-08 17:00:00,0.23136,0.23343,0.22981,0.23228,12473956.0,2025-02-08 17:59:59.999,2892267.37593,24056,5472771.0,1268899.29783
2025-02-08 18:00:00,0.2323,0.23354,0.23057,0.2325,7014286.0,2025-02-08 18:59:59.999,1626984.68751,15042,3365810.0,780765.58073
2025-02-08 19:00:00,0.23249,0.23457,0.23208,0.23368,10437513.0,2025-02-08 19:59:59.999,2439057.72225,15295,3945667.0,921689.53298
2025-02-08 20:00:00,0.23369,0.23435,0.23222,0.23313,4733709.0,2025-02-08 20:59:59.999,1103293.37868,10501,2321388.0,540991.49331
2025-02-08 21:00:00,0.23309,0.23445,0.23244,0.23319,4567746.0,2025-02-08 21:59:59.999,1065988.89148,9695,2247401.0,524436.20723
2025-02-08 22:00:00,0.23316,0.23454,0.23158,0.23256,4266372.0,2025-02-08 22:59:59.999,994757.96071,5069,1925125.0,448867.00138
2025-02-08 23:00:00,0.23256,0.23629,0.23252,0.23416,4539594.0,2025-02-08 23:59:59.999,1064928.07702,8063,2498164.0,585714.93216
2025-02-09 00:00:00,0.23415,0.23478,0.23311,0.23398,4495986.0,2025-02-09 00:59:59.999,1051624.89151,9670,2230827.0,521947.83527
2025-02-09 01:00:00,0.23399,0.23775,0.23323,0.2364,8864937.0,2025-02-09 01:59:59.999,2090381.23881,14490,4812752.0,1135795.58562
2025-02-09 02:00:00,0.23636,0.23667,0.23433,0.23451,4646207.0,2025-02-09 02:59:59.999,1092959.9565,10592,2356498.0,554274.96624
2025-02-09 03:00:00,0.2345,0.2423,0.23415,0.24228,11700161.0,2025-02-09 03:59:59.999,2796192.97834,21935,5905275.0,1411045.32848
2025-02-09 04:00:00,0.24222,0.2423,0.23892,0.24034,8557959.0,2025-02-09 04:59:59.999,2054517.67861,13277,3460707.0,830529.27977
2025-02-09 05:00:00,0.24037,0.24114,0.23937,0.24021,4593125.0,2025-02-09 05:59:59.999,1102940.58372,8204,2518604.0,604714.53114
2025-02-09 06:00:00,0.24027,0.24048,0.23756,0.24004,6742173.0,2025-02-09 06:59:59.999,1610128.45915,10644,2901942.0,693432.02555
2025-02-09 07:00:00,0.24008,0.24071,0.23875,0.2404,4486009.0,2025-02-09 07:59:59.999,1075517.94864,9685,2107554.0,505322.96368
2025-02-09 08:00:00,0.24041,0.24307,0.24041,0.24178,6656068.0,2025-02-09 08:59:59.999,1610001.27244,11696,3582481.0,866416.1017
2025-02-09 09:00:00,0.24179,0.24198,0.23898,0.23997,4919184.0,2025-02-09 09:59:59.999,1181348.0812,9544,2335800.0,560856.21243
2025-02-09 10:00:00,0.23997,0.24003,0.23807,0.23827,5824475.0,2025-02-09 10:59:59.999,1393676.33421,8988,2970435.0,710837.05399
2025-02-09 11:00:00,0.23824,0.23905,0.23591,0.23607,4707294.0,2025-02-09 11:59:59.999,1118238.85101,10423,2295804.0,545376.4418
2025-02-09 12:00:00,0.23608,0.23697,0.23296,0.23391,10180042.0,2025-02-09 12:59:59.999,2386228.35565,13381,5378136.0,1259826.13361
2025-02-09 13:00:00,0.23391,0.23442,0.22821,0.22902,10339717.0,2025-02-09 13:59:59.999,2390549.9976,20513,4947218.0,1143056.0224
2025-02-09 14:00:00,0.22904,0.23166,0.22855,0.23111,9563929.0,2025-02-09 14:59:59.999,2208016.10995,14265,4508285.0,1040607.31847
2025-02-09 15:00:00,0.2311,0.23424,0.23088,0.2342,7651986.0,2025-02-09 15:59:59.999,1782913.20011,13376,3961650.0,923093.18887
2025-02-09 16:00:00,0.23417,0.2358,0.23335,0.23494,6082208.0,2025-02-09 16:59:59.999,1427853.52847,10524,3062180.0,718975.20631
2025-02-09 17:00:00,0.23493,0.2362,0.2321,0.23313,6082023.0,2025-02-09 17:59:59.999,1422530.32534,11495,3021573.0,706936.5866
2025-02-09 18:00:00,0.23314,0.23316,0.23127,0.23223,3883605.0,2025-02-09 18:59:59.999,902078.99775,9237,1950691.0,453147.71095
2025-02-09 19:00:00,0.2322,0.23258,0.22907,0.22966,5348811.0,2025-02-09 19:59:59.999,1232567.54351,11139,2508168.0,578561.09188
2025-02-09 20:00:00,0.22966,0.23287,0.22941,0.2309,5316287.0,2025-02-09 20:59:59.999,1229762.6357,12326,2845434.0,657998.07886
2025-02-09 21:00:00,0.2309,0.23146,0.21947,0.22192,26476024.0,2025-02-09 21:59:59.999,5933829.04798,48404,12383129.0,2775002.37753
2025-02-09 22:00:00,0.22184,0.22734,0.21956,0.22468,18359000.0,2025-02-09 22:59:59.999,4101677.83247,29673,9604566.0,2145546.60268
2025-02-09 23:00:00,0.22467,0.22973,0.22393,0.22905,6995954.0,2025-02-09 23:59:59.999,1587399.13334,17781,3107722.0,704233.99995
2025-02-10 00:00:00,0.22905,0.23582,0.22891,0.23429,17262384.0,2025-02-10 00:59:59.999,4034090.33048,33244,8084552.0,1888742.37641
2025-02-10 01:00:00,0.23429,0.23475,0.22589,0.22671,15340935.0,2025-02-10 01:59:59.999,3528473.89652,31665,7430343.0,1707233.76606
2025-02-10 02:00:00,0.22668,0.22767,0.2238,0.22529,19732411.0,2025-02-10 02:59:59.999,4440994.62428,31059,10388392.0,2339224.62738
2025-02-10 03:00:00,0.22529,0.23441,0.22416,0.23208,17783265.0,2025-02-10 03:59:59.999,4093781.12959,42283,7996021.0,1840000.56463
2025-02-10 04:00:00,0.23209,0.23622,0.23076,0.23422,9983499.0,2025-02-10 04:59:59.999,2334707.42324,23655,4868597.0,1138876.98581
2025-02-10 05:00:00,0.2342,0.2394,0.2336,0.23622,9401958.0,2025-02-10 05:59:59.999,2220258.98547,23894,4342777.0,1025528.09055
2025-02-10 06:00:00,0.23623,0.23694,0.23472,0.23639,7178737.0,2025-02-10 06:59:59.999,1692174.94462,15317,3731074.0,879501.77042
2025-02-10 07:00:00,0.23638,0.239,0.23637,0.23868,6572301.0,2025-02-10 07:59:59.999,1561993.22387,14949,3568950.0,848263.65631
2025-02-10 08:00:00,0.23866,0.2419,0.23789,0.24043,10879482.0,2025-02-10 08:59:59.999,2615107.24707,24375,5295424.0,1272844.99155
2025-02-10 09:00:00,0.24043,0.242,0.23847,0.23871,10574436.0,2025-02-10 09:59:59.999,2537937.96356,19293,4989505.0,1197390.27379
2025-02-10 10:00:00,0.2387,0.24113,0.23738,0.23782,11231030.0,2025-02-10 10:59:59.999,2684763.5588,16926,6010097.0,1437080.81443
2025-02-10 11:00:00,0.23782,0.23971,0.23686,0.23883,9343479.0,2025-02-10 11:59:59.999,2225791.84199,17542,4758284.0,1133317.54327
2025-02-10 12:00:00,0.23882,0.23977,0.23549,0.23625,8771009.0,2025-02-10 12:59:59.999,2080591.44254,17361,4098456.0,972451.44607
2025-02-10 13:00:00,0.23626,0.24404,0.23569,0.2424,12273680.0,2025-02-10 13:59:59.999,2937949.72381,26562,6604687.0,1580626.85271
2025-02-10 14:00:00,0.24243,0.24351,0.23596,0.23673,17530315.0,2025-02-10 14:59:59.999,4192421.64523,40745,8775501.0,2097981.95292
2025-02-10 15:00:00,0.23674,0.23781,0.23242,0.23387,11872751.0,2025-02-10 15:59:59.999,2790819.84606,25877,5650053.0,1328291.40507
2025-02-10 16:00:00,0.2339,0.23623,0.2316,0.23498,12787575.0,2025-02-10 16:59:59.999,2995186.19269,21789,6552960.0,1534760.5984
2025-02-10 17:00:00,0.23499,0.23648,0.23326,0.23566,8043108.0,2025-02-10 17:59:59.999,1889942.32747,19276,4292732.0,1008836.80531
2025-02-10 18:00:00,0.23565,0.23647,0.23424,0.23591,6777294.0,2025-02-10 18:59:59.999,1596230.61595,14761,3436671.0,809237.59972
2025-02-10 19:00:00,0.23591,0.23692,0.23383,0.23425,7013682.0,2025-02-10 19:59:59.999,1652792.7048,12987,3591769.0,846657.75995
2025-02-10 20:00:00,0.23426,0.23561,0.23344,0.23501,6072060.0,2025-02-10 20:59:59.999,1422364.37668,12671,3110297.0,728791.95947
2025-02-10 21:00:00,0.23501,0.23509,0.23272,0.23299,4462296.0,2025-02-10 21:59:59.999,1043402.3441,8784,1924779.0,449991.18173
2025-02-10 22:00:00,0.23297,0.23453,0.23175,0.23251,6399538.0,2025-02-10 22:59:59.999,1490093.11871,8123,3533226.0,822791.2948
2025-02-10 23:00:00,0.2325,0.23297,0.23058,0.2319,6239109.0,2025-02-10 23:59:59.999,1445443.80162,11634,3404621.0,788706.38872
2025-02-11 00:00:00,0.2319,0.2367,0.23085,0.236,12132714.0,2025-02-11 00:59:59.999,2836305.24088,22375,6146430.0,1437181.24468
2025-02-11 01:00:00,0.23599,0.23891,0.2348,0.23757,12274274.0,2025-02-11 01:59:59.999,2909263.18578,19579,6372369.0,1510938.79261
2025-02-11 02:00:00,0.23755,0.23806,0.23403,0.23572,6338937.0,2025-02-11 02:59:59.999,1493777.32922,12618,3228379.0,760461.5818
2025-02-11 03:00:00,0.23568,0.23705,0.2346,0.23643,5094192.0,2025-02-11 03:59:59.999,1201465.1823,8958,3005360.0,708914.95868
2025-02-11 04:00:00,0.23641,0.24351,0.23623,0.24305,14918437.0,2025-02-11 04:59:59.999,3582002.44196,18884,9292733.0,2232056.64667
2025-02-11 05:00:00,0.24307,0.24825,0.24207,0.24728,19286228.0,2025-02-11 05:59:59.999,4725596.80833,32070,9238764.0,2265280.95252
2025-02-11 06:00:00,0.24729,0.2488,0.24463,0.24769,14823418.0,2025-02-11 06:59:59.999,3650881.72513,21804,7844756.0,1931862.63058
2025-02-11 07:00:00,0.24769,0.24789,0.24516,0.24542,9805342.0,2025-02-11 07:59:59.999,2417102.82694,15731,5130284.0,1264580.33837
2025-02-11 08:00:00,0.24541,0.24598,0.24171,0.2444,32422508.0,2025-02-11 08:59:59.999,7891368.06647,30285,13122966.0,3195229.74666
2025-02-11 09:00:00,0.2444,0.24518,0.24044,0.24074,16251934.0,2025-02-11 09:59:59.999,3942306.47282,17796,6260697.0,1521393.4783
2025-02-11 10:00:00,0.24074,0.24161,0.2393,0.23979,8885185.0,2025-02-11 10:59:59.999,2134758.64967,14694,4351152.0,1045494.89766
2025-02-11 11:00:00,0.23978,0.24268,0.23886,0.24266,9696654.0,2025-02-11 11:59:59.999,2333917.1569,12387,5745049.0,1382636.01875
2025-02-11 12:00:00,0.24263,0.24291,0.23896,0.2407,11228595.0,2025-02-11 12:59:59.999,2698750.3905,17529,4742129.0,1140338.23508
2025-02-11 13:00:00,0.24071,0.2414,0.23368,0.23454,15285599.0,2025-02-11 13:59:59.999,3627418.94995,27219,7980013.0,1892071.58924
2025-02-11 14:00:00,0.23448,0.23814,0.23369,0.23767,10563866.0,2025-02-11 14:59:59.999,2499552.37239,30751,5089021.0,1203831.3164
2025-02-11 15:00:00,0.23766,0.23975,0.23603,0.23728,12323411.0,2025-02-11 15:59:59.999,2928827.19411,34086,5476951.0,1302415.02546
2025-02-11 16:00:00,0.23728,0.23873,0.2351,0.23545,10094169.0,2025-02-11 16:59:59.999,2387487.22962,25566,3632390.0,859708.10032
2025-02-11 17:00:00,0.23547,0.23564,0.23228,0.2327,9883958.0,2025-02-11 17:59:59.999,2311737.6002,27547,4265405.0,997683.44005
2025-02-11 18:00:00,0.2327,0.23272,0.22914,0.22977,19348446.0,2025-02-11 18:59:59.999,4461180.6341,35925,8519204.0,1964613.8814
2025-02-11 19:00:00,0.22977,0.23052,0.22631,0.22776,16234440.0,2025-02-11 19:59:59.999,3705570.89687,33923,7450956.0,1699360.33458
2025-02-11 20:00:00,0.22775,0.23093,0.22725,0.22855,11448252.0,2025-02-11 20:59:59.999,2622660.86675,27472,5082358.0,1164798.79905
2025-02-11 21:00:00,0.22855,0.23238,0.22807,0.2305,15091835.0,2025-02-11 21:59:59.999,3479583.07961,30791,5965578.0,1375727.73905
2025-02-11 22:00:00,0.23049,0.23215,0.22676,0.22737,15588063.0,2025-02-11 22:59:59.999,3589907.43016,20368,6977313.0,1606145.17443
2025-02-11 23:00:00,0.22741,0.23004,0.22733,0.22874,5624185.0,2025-02-11 23:59:59.999,1288035.28631,14411,2415443.0,553115.7667
2025-02-12 00:00:00,0.22873,0.23007,0.22755,0.22947,6608037.0,2025-02-12 00:59:59.999,1512378.95487,14592,3327423.0,761590.70176
2025-02-12 01:00:00,0.22947,0.22993,0.22743,0.22912,5496110.0,2025-02-12 01:59:59.999,1256013.23755,11997,2532082.0,578672.38043
2025-02-12 02:00:00,0.22913,0.22927,0.22427,0.22537,8592080.0,2025-02-12 02:59:59.999,1945790.89842,14766,3718392.0,842495.36998
2025-02-12 03:00:00,0.2254,0.22591,0.22303,0.22343,12290000.0,2025-02-12 03:59:59.999,2758759.17257,21138,5995096.0,1345898.21369
2025-02-12 04:00:00,0.22345,0.22453,0.22116,0.22301,10026232.0,2025-02-12 04:59:59.999,2231836.45488,18683,5209819.0,1160010.57258
2025-02-12 05:00:00,0.22302,0.22527,0.22232,0.22485,9026713.0,2025-02-12 05:59:59.999,2026094.73763,14532,5299993.0,1189776.81754
2025-02-12 06:00:00,0.22488,0.22518,0.222,0.22269,8240375.0,2025-02-12 06:59:59.999,1843672.51793,10677,5094595.0,1140076.03203
2025-02-12 07:00:00,0.2227,0.22521,0.22222,0.22372,6298352.0,2025-02-12 07:59:59.999,1410096.00186,11983,3510125.0,786035.87631
2025-02-12 08:00:00,0.22375,0.22589,0.22373,0.2247,6256237.0,2025-02-12 08:59:59.999,1406985.29467,11800,3355685.0,754748.25338
2025-02-12 09:00:00,0.2247,0.22483,0.22252,0.22449,7265453.0,2025-02-12 09:59:59.999,1623663.58628,11108,4046720.0,904284.26502
2025-02-12 10:00:00,0.22445,0.22493,0.22162,0.22298,6871234.0,2025-02-12 10:59:59.999,1532747.75058,11396,3556719.0,793655.96963
2025-02-12 11:00:00,0.22298,0.22597,0.22298,0.22458,6742878.0,2025-02-12 11:59:59.999,1514284.9932,11600,3841555.0,862551.42255
2025-02-12 12:00:00,0.22458,0.22725,0.22414,0.22426,8458063.0,2025-02-12 12:59:59.999,1907872.55872,13648,4008825.0,903876.78721
2025-02-12 13:00:00,0.22429,0.22826,0.21442,0.2193,56738761.0,2025-02-12 13:59:59.999,12463891.43753,91361,26717451.0,5869639.98936
2025-02-12 14:00:00,0.2193,0.22023,0.21353,0.21917,30770330.0,2025-02-12 14:59:59.999,6689014.32626,59390,15734916.0,3423211.13046
2025-02-12 15:00:00,0.21913,0.2204,0.21527,0.21845,25772786.0,2025-02-12 15:59:59.999,5628338.55091,53620,13026755.0,2844827.88764
2025-02-12 16:00:00,0.21846,0.22329,0.21576,0.22286,20403170.0,2025-02-12 16:59:59.999,4461713.02508,39058,10074572.0,2202467.4778
2025-02-12 17:00:00,0.22287,0.23003,0.22286,0.2277,29577437.0,2025-02-12 17:59:59.999,6705327.99655,51722,16208345.0,3673689.6062
2025-02-12 18:00:00,0.22775,0.22789,0.22309,0.22509,22239358.0,2025-02-12 18:59:59.999,5008713.86082,29202,9069130.0,2043374.69161
2025-02-12 19:00:00,0.22507,0.22821,0.22361,0.22791,13374783.0,2025-02-12 19:59:59.999,3018765.90093,24260,7375966.0,1665815.62666
2025-02-12 20:00:00,0.22791,0.23015,0.22671,0.22745,13157135.0,2025-02-12 20:59:59.999,3004014.26524,23617,6203254.0,1417353.44847
2025-02-12 21:00:00,0.22746,0.23084,0.22609,0.22987,15111504.0,2025-02-12 21:59:59.999,3456335.91676,19347,8757683.0,2005080.11735
2025-02-12 22:00:00,0.22988,0.23822,0.22835,0.23375,25997925.0,2025-02-12 22:59:59.999,6085597.09541,25983,11803816.0,2762260.71231
2025-02-12 23:00:00,0.23374,0.23536,0.23243,0.23517,9476240.0,2025-02-12 23:59:59.999,2216594.52805,15256,5131218.0,1200656.51651
2025-02-13 00:00:00,0.23517,0.23534,0.23189,0.23352,7389546.0,2025-02-13 00:59:59.999,1725720.57883,11956,3004148.0,701286.84315
2025-02-13 01:00:00,0.23352,0.23682,0.23324,0.23614,7155961.0,2025-02-13 01:59:59.999,1682364.19503,12233,3419447.0,803638.40022
2025-02-13 02:00:00,0.23613,0.23621,0.2329,0.23377,6087089.0,2025-02-13 02:59:59.999,1425524.06435,9589,3205553.0,750625.43472
2025-02-13 03:00:00,0.23377,0.23577,0.23048,0.2337,11000002.0,2025-02-13 03:59:59.999,2560729.84434,13141,4869167.0,1133229.86868
2025-02-13 04:00:00,0.23371,0.23409,0.23038,0.23124,5516991.0,2025-02-13 04:59:59.999,1282527.30635,12162,2437894.0,566823.03
2025-02-13 05:00:00,0.23124,0.23211,0.2294,0.23128,9219022.0,2025-02-13 05:59:59.999,2130284.3241,12600,3855944.0,890837.1808
2025-02-13 06:00:00,0.23131,0.23179,0.22769,0.22836,12902526.0,2025-02-13 06:59:59.999,2970105.87423,16792,4963386.0,1142157.53936
2025-02-13 07:00:00,0.22834,0.22933,0.22654,0.22683,8158538.0,2025-02-13 07:59:59.999,1858981.6597,11530,3767968.0,858751.68709
2025-02-13 08:00:00,0.22683,0.22754,0.22483,0.22584,8713128.0,2025-02-13 08:59:59.999,1970351.55752,14933,4022855.0,910059.13401
2025-02-13 09:00:00,0.22586,0.22815,0.22516,0.22763,7865113.0,2025-02-13 09:59:59.999,1788179.51277,10474,4795971.0,1090729.9817
2025-02-13 10:00:00,0.22763,0.22766,0.22617,0.22641,4009730.0,2025-02-13 10:59:59.999,909731.55764,7935,1956111.0,443847.70866
2025-02-13 11:00:00,0.22641,0.22675,0.22341,0.22512,9020217.0,2025-02-13 11:59:59.999,2029628.35452,11289,3716093.0,836079.32392
2025-02-13 12:00:00,0.22513,0.22585,0.22313,0.2236,7871103.0,2025-02-13 12:59:59.999,1768224.49362,12828,4471202.0,1004406.16177
2025-02-13 13:00:00,0.22361,0.22576,0.22224,0.22435,17100338.0,2025-02-13 13:59:59.999,3831407.14131,31163,8142384.0,1824455.69163
2025-02-13 14:00:00,0.22432,0.22462,0.22078,0.22228,13088337.0,2025-02-13 14:59:59.999,2911873.17732,29021,6697099.0,1489835.26568
2025-02-13 15:00:00,0.2223,0.22499,0.22121,0.22281,15413304.0,2025-02-13 15:59:59.999,3441872.68055,27151,6414652.0,1432749.15552
2025-02-13 16:00:00,0.22282,0.22283,0.22026,0.22101,10917440.0,2025-02-13 16:59:59.999,2418097.42032,25786,4797835.0,1062901.34979
2025-02-13 17:00:00,0.22103,0.22194,0.2192,0.21921,8637586.0,2025-02-13 17:59:59.999,1907175.40521,19768,3425703.0,756665.07651
2025-02-13 18:00:00,0.21925,0.22134,0.21824,0.22134,9501900.0,2025-02-13 18:59:59.999,2088187.27106,21979,5055716.0,1110915.49529
2025-02-13 19:00:00,0.22134,0.22427,0.22,0.22055,8657634.0,2025-02-13 19:59:59.999,1922446.17613,18832,3733781.0,828762.62396
2025-02-13 20:00:00,0.22055,0.22308,0.22039,0.22288,7348287.0,2025-02-13 20:59:59.999,1632375.36992,15072,3781813.0,840032.59906
2025-02-13 21:00:00,0.22288,0.22564,0.22261,0.22424,10515849.0,2025-02-13 21:59:59.999,2360008.82331,19004,5472740.0,1228703.07637
2025-02-13 22:00:00,0.22422,0.22727,0.22301,0.22324,14595427.0,2025-02-13 22:59:59.999,3291797.67897,15394,8493250.0,1917155.2092
2025-02-13 23:00:00,0.22325,0.2259,0.2222,0.22554,8967115.0,2025-02-13 23:59:59.999,2005246.08042,12002,5208405.0,1164120.69394
2025-02-14 00:00:00,0.22554,0.2267,0.22403,0.22585,7447341.0,2025-02-14 00:59:59.999,1676719.04378,12298,3636791.0,818784.54817
2025-02-14 01:00:00,0.22584,0.2265,0.22356,0.22499,7954802.0,2025-02-14 01:59:59.999,1787564.27732,10160,3284507.0,737946.90445
2025-02-14 02:00:00,0.22499,0.22691,0.22447,0.22558,5802867.0,2025-02-14 02:59:59.999,1311540.94854,9648,2919217.0,659781.58049
2025-02-14 03:00:00,0.22559,0.229,0.22554,0.22872,5217650.0,2025-02-14 03:59:59.999,1184994.43001,10007,2566845.0,582425.25685
2025-02-14 04:00:00,0.22873,0.2289,0.22567,0.22607,5475287.0,2025-02-14 04:59:59.999,1244364.49933,8022,2727614.0,620102.76869
2025-02-14 05:00:00,0.22607,0.22703,0.22476,0.22575,3534461.0,2025-02-14 05:59:59.999,798476.03727,6757,1654728.0,373890.14233
2025-02-14 06:00:00,0.22575,0.22617,0.22414,0.22536,4289193.0,2025-02-14 06:59:59.999,965342.14659,7926,1789850.0,402894.93961
2025-02-14 07:00:00,0.22537,0.22663,0.22509,0.22624,4709207.0,2025-02-14 07:59:59.999,1064579.40414,6908,2927662.0,661906.12299
2025-02-14 08:00:00,0.22623,0.23209,0.22594,0.23053,19714085.0,2025-02-14 08:59:59.999,4527390.86393,27021,10322314.0,2371823.08028
2025-02-14 09:00:00,0.23054,0.23691,0.23035,0.23636,25941328.0,2025-02-14 09:59:59.999,6083985.10286,35041,13296796.0,3118984.51693
2025-02-14 10:00:00,0.23635,0.23799,0.23441,0.2346,16181024.0,2025-02-14 10:59:59.999,3820709.78666,22876,7605506.0,1796756.00595
2025-02-14 11:00:00,0.23462,0.23648,0.23115,0.23293,15463719.0,2025-02-14 11:59:59.999,3616225.99462,26205,6401575.0,1497615.51569
2025-02-14 12:00:00,0.23293,0.23316,0.23026,0.23207,12674574.0,2025-02-14 12:59:59.999,2932530.6257,22088,6198804.0,1434070.91408
2025-02-14 13:00:00,0.23205,0.23498,0.23104,0.2343,15264715.0,2025-02-14 13:59:59.999,3557489.5572,22922,9313277.0,2170978.44104
2025-02-14 14:00:00,0.2343,0.23859,0.23275,0.23723,16499795.0,2025-02-14 14:59:59.999,3888066.17996,29661,8005541.0,1886625.5963
2025-02-14 15:00:00,0.23726,0.23775,0.231,0.23271,17868690.0,2025-02-14 15:59:59.999,4173135.96438,38480,8694672.0,2030332.04376
2025-02-14 16:00:00,0.23271,0.23297,0.22825,0.23286,16356134.0,2025-02-14 16:59:59.999,3768819.59427,33068,8238330.0,1898001.06816
2025-02-14 17:00:00,0.23285,0.24002,0.23222,0.23726,20359988.0,2025-02-14 17:59:59.999,4806719.15096,39969,10282713.0,2426969.1682
2025-02-14 18:00:00,0.23725,0.23899,0.23558,0.23665,21418695.0,2025-02-14 18:59:59.999,5088552.2499,36443,10728976.0,2548319.30198
2025-02-14 19:00:00,0.23666,0.23991,0.2341,0.23509,14308277.0,2025-02-14 19:59:59.999,3383595.89226,31118,6932162.0,1639184.99089
2025-02-14 20:00:00,0.23509,0.23589,0.23072,0.23163,9214052.0,2025-02-14 20:59:59.999,2152296.04414,21913,4141705.0,967560.88199
2025-02-14 21:00:00,0.23164,0.23421,0.22963,0.23392,13010695.0,2025-02-14 21:59:59.999,3019922.48553,23624,6587995.0,1530687.23748
2025-02-14 22:00:00,0.23389,0.23465,0.22691,0.22866,12166835.0,2025-02-14 22:59:59.999,2811426.26622,18115,6173519.0,1427985.82237
2025-02-14 23:00:00,0.22868,0.23122,0.22786,0.23077,7948624.0,2025-02-14 23:59:59.999,1826798.16142,15484,4286385.0,985268.15681
2025-02-15 00:00:00,0.23078,0.23105,0.22871,0.23027,7502344.0,2025-02-15 00:59:59.999,1724917.33668,12909,3816230.0,877388.85422
2025-02-15 01:00:00,0.23028,0.23564,0.2301,0.23518,8407548.0,2025-02-15 01:59:59.999,1962993.81691,13837,5196680.0,1212748.73184
2025-02-15 02:00:00,0.23518,0.23837,0.23516,0.23812,12188766.0,2025-02-15 02:59:59.999,2885821.7132,18164,5022213.0,1189030.68653
2025-02-15 03:00:00,0.23813,0.23821,0.23567,0.23702,4558472.0,2025-02-15 03:59:59.999,1079516.37656,8641,1813144.0,429261.2348
2025-02-15 04:00:00,0.23703,0.23876,0.2352,0.23559,7566965.0,2025-02-15 04:59:59.999,1792400.7814,11778,3639191.0,861895.41101
2025-02-15 05:00:00,0.2356,0.23617,0.23408,0.23472,4033582.0,2025-02-15 05:59:59.999,948856.36001,8414,1756154.0,413138.78512
2025-02-15 06:00:00,0.23471,0.23484,0.2311,0.23165,4873729.0,2025-02-15 06:59:59.999,1135256.06335,9251,2346003.0,546446.4532
2025-02-15 07:00:00,0.23165,0.23543,0.23035,0.2341,7602152.0,2025-02-15 07:59:59.999,1771094.62854,11896,4050447.0,943418.0547
2025-02-15 08:00:00,0.2341,0.23742,0.23409,0.23648,5814406.0,2025-02-15 08:59:59.999,1372852.17089,11591,3064981.0,723444.61598
2025-02-15 09:00:00,0.23645,0.23823,0.23503,0.23584,5952288.0,2025-02-15 09:59:59.999,1408069.91068,10548,2581959.0,610744.18078
2025-02-15 10:00:00,0.23583,0.23674,0.23455,0.23577,4791234.0,2025-02-15 10:59:59.999,1128005.16313,10030,2254627.0,530987.29845
2025-02-15 11:00:00,0.23578,0.23593,0.23295,0.23387,6268641.0,2025-02-15 11:59:59.999,1467400.26848,10341,3355107.0,785199.97052
2025-02-15 12:00:00,0.23387,0.23717,0.23343,0.23642,6998444.0,2025-02-15 12:59:59.999,1649963.04139,15174,4034231.0,951225.79896
2025-02-15 13:00:00,0.2364,0.23809,0.23475,0.23495,7891447.0,2025-02-15 13:59:59.999,1865056.39869,14997,3444587.0,814287.17034
2025-02-15 14:00:00,0.23495,0.23499,0.22906,0.23089,17038801.0,2025-02-15 14:59:59.999,3948963.1941,30724,7474685.0,1732333.34085
2025-02-15 15:00:00,0.23091,0.23279,0.22832,0.22993,12089033.0,2025-02-15 15:59:59.999,2782316.17891,22329,5244231.0,1206449.55483
2025-02-15 16:00:00,0.22993,0.23215,0.22854,0.2291,11212375.0,2025-02-15 16:59:59.999,2582102.78751,23230,5681596.0,1308720.86894
2025-02-15 17:00:00,0.22911,0.23015,0.22695,0.22811,9362835.0,2025-02-15 17:59:59.999,2135266.23306,19019,4473127.0,1020016.57184
2025-02-15 18:00:00,0.22814,0.23018,0.22728,0.22946,6328887.0,2025-02-15 18:59:59.999,1448482.91557,15211,2641285.0,604604.83645
2025-02-15 19:00:00,0.22946,0.22974,0.22694,0.22727,6510723.0,2025-02-15 19:59:59.999,1483202.37912,12980,3400596.0,774380.82886
2025-02-15 20:00:00,0.22727,0.22814,0.22592,0.22704,7216324.0,2025-02-15 20:59:59.999,1637306.93709,13981,2995653.0,679594.68224
2025-02-15 21:00:00,0.22704,0.22868,0.22685,0.22819,6138178.0,2025-02-15 21:59:59.999,1397467.37452,13462,2562241.0,583260.342
2025-02-15 22:00:00,0.2282,0.22866,0.22648,0.2277,5014462.0,2025-02-15 22:59:59.999,1140742.05291,6484,1871145.0,425496.03269
2025-02-15 23:00:00,0.2277,0.22941,0.22734,0.2292,5090741.0,2025-02-15 23:59:59.999,1163581.0757,8798,2209714.0,505046.4325
2025-02-16 00:00:00,0.22921,0.23044,0.22815,0.2284,10524725.0,2025-02-16 00:59:59.999,2416066.6731,10857,7370975.0,1692546.07557
2025-02-16 01:00:00,0.2284,0.22847,0.22695,0.22831,4273501.0,2025-02-16 01:59:59.999,973277.69011,8283,2235604.0,509083.46991
2025-02-16 02:00:00,0.22831,0.22852,0.226,0.22633,6325309.0,2025-02-16 02:59:59.999,1435376.94599,8607,2389890.0,542345.49285
2025-02-16 03:00:00,0.22632,0.22752,0.22566,0.22749,2885925.0,2025-02-16 03:59:59.999,653724.10547,6977,1527056.0,346031.71816
2025-02-16 04:00:00,0.22749,0.22814,0.22652,0.22713,2620266.0,2025-02-16 04:59:59.999,595409.32709,5745,1191469.0,270630.81119
2025-02-16 05:00:00,0.22714,0.22785,0.22585,0.22694,3119785.0,2025-02-16 05:59:59.999,707030.95384,5570,1342983.0,304261.70905
2025-02-16 06:00:00,0.22693,0.22729,0.22597,0.22631,3509151.0,2025-02-16 06:59:59.999,795325.20232,5941,1752784.0,397137.18033
2025-02-16 07:00:00,0.22632,0.22632,0.2231,0.22357,8616323.0,2025-02-16 07:59:59.999,1935291.82274,11090,3818407.0,857562.05351
2025-02-16 08:00:00,0.22358,0.22552,0.22283,0.22481,5242617.0,2025-02-16 08:59:59.999,1177265.8264,9072,2425489.0,544660.84943
2025-02-16 09:00:00,0.2248,0.2266,0.22314,0.22625,9072313.0,2025-02-16 09:59:59.999,2036579.81811,14896,3956146.0,888873.71139
2025-02-16 10:00:00,0.22625,0.22673,0.22524,0.22525,3884658.0,2025-02-16 10:59:59.999,877412.86507,7790,1832614.0,414000.95527
2025-02-16 11:00:00,0.22525,0.22707,0.2248,0.227,4554189.0,2025-02-16 11:59:59.999,1030112.50753,8694,2284154.0,516845.77383
2025-02-16 12:00:00,0.227,0.22713,0.22435,0.22465,4810725.0,2025-02-16 12:59:59.999,1085379.4377,9439,2597657.0,585738.73461
2025-02-16 13:00:00,0.22465,0.22485,0.22132,0.22164,11712731.0,2025-02-16 13:59:59.999,2612776.18955,14542,5277924.0,1178378.83763
2025-02-16 14:00:00,0.22163,0.22339,0.22024,0.22247,8521702.0,2025-02-16 14:59:59.999,1888661.00305,15783,4136795.0,916684.69012
2025-02-16 15:00:00,0.2225,0.22326,0.22203,0.22217,4331814.0,2025-02-16 15:59:59.999,964717.46462,8856,2095571.0,466604.13713
2025-02-16 16:00:00,0.22216,0.22365,0.22146,0.22255,7714284.0,2025-02-16 16:59:59.999,1718370.5633,8701,2714049.0,604156.60086
2025-02-16 17:00:00,0.22254,0.22382,0.22063,0.22102,9724699.0,2025-02-16 17:59:59.999,2164806.46907,12119,3616395.0,804260.86668
2025-02-16 18:00:00,0.22102,0.22181,0.21942,0.22139,7351668.0,2025-02-16 18:59:59.999,1621396.69962,14906,3800384.0,838675.16157
2025-02-16 19:00:00,0.2214,0.22191,0.21986,0.22138,2765140.0,2025-02-16 19:59:59.999,611024.22709,7614,1423932.0,314657.25739
2025-02-16 20:00:00,0.22134,0.22208,0.22004,0.22012,5760902.0,2025-02-16 20:59:59.999,1273178.79,10838,3207890.0,709114.37258
2025-02-16 21:00:00,0.22012,0.22267,0.21913,0.22212,5032953.0,2025-02-16 21:59:59.999,1110714.06744,10555,2267956.0,500687.86284
2025-02-16 22:00:00,0.22212,0.22222,0.21945,0.22141,8897533.0,2025-02-16 22:59:59.999,1966111.18777,7011,4652671.0,1027923.96808
2025-02-16 23:00:00,0.22142,0.2215,0.21932,0.22008,8029052.0,2025-02-16 23:59:59.999,1768505.82261,13055,3326152.0,732797.34506
2025-02-17 00:00:00,0.22008,0.22213,0.21994,0.22207,4570550.0,2025-02-17 00:59:59.999,1011059.19493,9454,2254503.0,498726.93242
2025-02-17 01:00:00,0.22208,0.22348,0.22121,0.22292,3301298.0,2025-02-17 01:59:59.999,733978.16727,7409,1831140.0,407127.83623
2025-02-17 02:00:00,0.22287,0.22359,0.22067,0.22089,4242567.0,2025-02-17 02:59:59.999,941841.85524,6827,1838392.0,408545.72984
2025-02-17 03:00:00,0.22088,0.22088,0.21898,0.21977,6701114.0,2025-02-17 03:59:59.999,1471463.87278,8867,2532193.0,556387.15338
2025-02-17 04:00:00,0.21976,0.21976,0.2176,0.21845,5924914.0,2025-02-17 04:59:59.999,1296038.43084,9125,2493558.0,545616.78253
2025-02-17 05:00:00,0.21845,0.21912,0.2152,0.21904,10469775.0,2025-02-17 05:59:59.999,2272683.03637,20669,4565940.0,991876.94499
2025-02-17 06:00:00,0.21905,0.22079,0.21886,0.21944,6014438.0,2025-02-17 06:59:59.999,1322697.20673,11847,3239617.0,712571.13069
2025-02-17 07:00:00,0.21942,0.22015,0.21533,0.21626,9688907.0,2025-02-17 07:59:59.999,2104345.73561,14786,4280408.0,931511.24054
2025-02-17 08:00:00,0.21625,0.21885,0.21552,0.21793,7144882.0,2025-02-17 08:59:59.999,1550403.94036,13985,3367076.0,730346.11997
2025-02-17 09:00:00,0.21794,0.2203,0.21749,0.2195,8439058.0,2025-02-17 09:59:59.999,1851774.52825,11803,4539198.0,996368.89754
2025-02-17 10:00:00,0.2195,0.22312,0.21917,0.22031,8755097.0,2025-02-17 10:59:59.999,1938960.62701,17163,5366233.0,1188947.54742
2025-02-17 11:00:00,0.2203,0.22162,0.21959,0.22064,5898747.0,2025-02-17 11:59:59.999,1300785.00688,11388,2196203.0,484344.1466
2025-02-17 12:00:00,0.22064,0.2234,0.22047,0.22282,4743548.0,2025-02-17 12:59:59.999,1054739.78466,9792,2390214.0,531365.20388
2025-02-17 13:00:00,0.22281,0.2229,0.22093,0.22176,3504725.0,2025-02-17 13:59:59.999,777154.75254,8083,1432887.0,317784.29411
2025-02-17 14:00:00,0.22176,0.225,0.21915,0.22306,16778780.0,2025-02-17 14:59:59.999,3724310.2939,22932,6104397.0,1358950.65509
2025-02-17 15:00:00,0.22306,0.224,0.21614,0.21653,10095537.0,2025-02-17 15:59:59.999,2216082.55642,21607,5155411.0,1131205.28097
2025-02-17 16:00:00,0.21652,0.21808,0.21229,0.21299,19338520.0,2025-02-17 16:59:59.999,4150922.81094,33475,8769406.0,1879563.10134
2025-02-17 17:00:00,0.21298,0.21506,0.21184,0.21191,8384849.0,2025-02-17 17:59:59.999,1787810.54392,19899,3613584.0,770850.1208
2025-02-17 18:00:00,0.21193,0.21304,0.20971,0.21027,10607636.0,2025-02-17 18:59:59.999,2237814.21225,21968,4895498.0,1033249.95546
2025-02-17 19:00:00,0.21025,0.21245,0.20919,0.2117,9326809.0,2025-02-17 19:59:59.999,1968354.38309,16118,5023023.0,1060460.04804
2025-02-17 20:00:00,0.21169,0.21301,0.2113,0.21203,6153522.0,2025-02-17 20:59:59.999,1305270.70042,11241,3024890.0,641765.35348
2025-02-17 21:00:00,0.21198,0.21583,0.21191,0.21575,5013979.0,2025-02-17 21:59:59.999,1071593.29681,10006,2823170.0,603557.60809
2025-02-17 22:00:00,0.21574,0.21594,0.21052,0.21146,6545841.0,2025-02-17 22:59:59.999,1394804.93257,7796,2237139.0,476877.05331
2025-02-17 23:00:00,0.21145,0.21299,0.21138,0.21232,4855458.0,2025-02-17 23:59:59.999,1030109.40745,7414,2669564.0,566404.99254
2025-02-18 00:00:00,0.21232,0.2135,0.21037,0.21179,7207585.0,2025-02-18 00:59:59.999,1526382.79375,10300,3396257.0,719373.97964
2025-02-18 01:00:00,0.2118,0.21436,0.21135,0.21402,5083262.0,2025-02-18 01:59:59.999,1082489.86834,8789,2910702.0,619886.74137
2025-02-18 02:00:00,0.21402,0.21453,0.21245,0.21348,3068031.0,2025-02-18 02:59:59.999,655035.74846,6059,1429357.0,305179.4224
2025-02-18 03:00:00,0.21348,0.21425,0.21261,0.21313,3563822.0,2025-02-18 03:59:59.999,760116.34153,6346,1540380.0,328589.26621
2025-02-18 04:00:00,0.21312,0.21353,0.21067,0.21145,3796940.0,2025-02-18 04:59:59.999,804798.50965,6169,1612178.0,341618.35394
2025-02-18 05:00:00,0.21149,0.21169,0.20746,0.20793,7290471.0,2025-02-18 05:59:59.999,1524576.27389,15293,2790581.0,583706.33355
2025-02-18 06:00:00,0.20794,0.20809,0.20372,0.20441,13873228.0,2025-02-18 06:59:59.999,2850571.53564,29026,6507942.0,1337192.3697
2025-02-18 07:00:00,0.20444,0.20645,0.20334,0.20506,8215971.0,2025-02-18 07:59:59.999,1684847.78389,16487,3722146.0,763496.19943
2025-02-18 08:00:00,0.20509,0.20518,0.20077,0.2016,10631793.0,2025-02-18 08:59:59.999,2155321.8319,16802,4839354.0,981797.26005
2025-02-18 09:00:00,0.20159,0.20607,0.20036,0.20605,13237560.0,2025-02-18 09:59:59.999,2691010.17247,21064,6693268.0,1360820.19082
2025-02-18 10:00:00,0.20601,0.20639,0.20411,0.20425,4804514.0,2025-02-18 10:59:59.999,985769.12294,10080,2914296.0,598000.81151
2025-02-18 11:00:00,0.20427,0.20462,0.20285,0.20344,4846297.0,2025-02-18 11:59:59.999,987596.73126,8343,2354342.0,479745.39814
2025-02-18 12:00:00,0.20342,0.20769,0.20304,0.20625,8355675.0,2025-02-18 12:59:59.999,1719278.63637,12497,5014516.0,1031659.76939
2025-02-18 13:00:00,0.20624,0.20661,0.20492,0.20589,5795643.0,2025-02-18 13:59:59.999,1192415.11406,9981,2862755.0,588993.72817
2025-02-18 14:00:00,0.20589,0.20867,0.2021,0.2041,17573729.0,2025-02-18 14:59:59.999,3611265.80638,23492,8271432.0,1698912.02743
2025-02-18 15:00:00,0.20411,0.20419,0.19829,0.19957,16041873.0,2025-02-18 15:59:59.999,3223185.87387,27374,7300866.0,1466759.16079
2025-02-18 16:00:00,0.19957,0.20182,0.19639,0.19692,20483145.0,2025-02-18 16:59:59.999,4065540.54439,40698,8845929.0,1756213.81448
2025-02-18 17:00:00,0.19693,0.19884,0.19476,0.19856,21821593.0,2025-02-18 17:59:59.999,4296330.93788,32490,10763501.0,2120381.87705
2025-02-18 18:00:00,0.19856,0.20257,0.1977,0.2012,14803077.0,2025-02-18 18:59:59.999,2969947.73391,22156,7108615.0,1426503.3864
2025-02-18 19:00:00,0.20121,0.2031,0.19959,0.20202,10145729.0,2025-02-18 19:59:59.999,2040928.05239,14588,4708437.0,946747.0315
2025-02-18 20:00:00,0.20203,0.20373,0.20027,0.20162,8277027.0,2025-02-18 20:59:59.999,1671955.12038,13259,4099840.0,828097.76404
2025-02-18 21:00:00,0.20165,0.2052,0.20145,0.20381,9550425.0,2025-02-18 21:59:59.999,1946363.47547,16172,4613494.0,940090.10797
2025-02-18 22:00:00,0.20384,0.20663,0.20347,0.20536,5124409.0,2025-02-18 22:59:59.999,1051714.33956,6018,2670721.0,548583.9515
2025-02-18 23:00:00,0.20535,0.20748,0.20488,0.20699,4517899.0,2025-02-18 23:59:59.999,933152.06457,7431,1942962.0,401180.88297
2025-02-19 00:00:00,0.20697,0.20857,0.2061,0.20629,8654341.0,2025-02-19 00:59:59.999,1795252.87154,9646,3902222.0,809094.90341
2025-02-19 01:00:00,0.20633,0.20672,0.20519,0.20663,7956088.0,2025-02-19 01:59:59.999,1638066.0323,12115,3238501.0,666870.66272
2025-02-19 02:00:00,0.20664,0.20908,0.20643,0.20821,5493158.0,2025-02-19 02:59:59.999,1141516.62007,9532,2878420.0,598491.41307
2025-02-19 03:00:00,0.20822,0.20824,0.20681,0.20778,3683147.0,2025-02-19 03:59:59.999,763889.94448,6715,1923478.0,398916.14167
2025-02-19 04:00:00,0.20779,0.20811,0.20415,0.20415,4933379.0,2025-02-19 04:59:59.999,1015528.37863,8028,1714955.0,353178.29187
2025-02-19 05:00:00,0.20414,0.20626,0.20365,0.20583,9088491.0,2025-02-19 05:59:59.999,1865485.16815,21715,5009675.0,1028509.24361
2025-02-19 06:00:00,0.20584,0.20797,0.20522,0.2078,7793898.0,2025-02-19 06:59:59.999,1606885.30014,25931,4247146.0,875552.18942
2025-02-19 07:00:00,0.2078,0.21306,0.20758,0.2116,14954463.0,2025-02-19 07:59:59.999,3149564.63167,32653,7978260.0,1679797.63157
2025-02-19 08:00:00,0.21159,0.2131,0.20784,0.20805,10838530.0,2025-02-19 08:59:59.999,2282186.87232,28042,5172784.0,1089646.81238
2025-02-19 09:00:00,0.20808,0.2102,0.20778,0.20966,7739532.0,2025-02-19 09:59:59.999,1616157.03962,17214,4212578.0,879660.23041
2025-02-19 10:00:00,0.20969,0.21211,0.20969,0.21109,12649177.0,2025-02-19 10:59:59.999,2669129.2743,28446,6762625.0,1427041.33767
2025-02-19 11:00:00,0.21108,0.21485,0.21084,0.21436,14085893.0,2025-02-19 11:59:59.999,2994842.91129,29373,7373735.0,1567252.77031
2025-02-19 12:00:00,0.2144,0.21532,0.21124,0.21129,13220367.0,2025-02-19 12:59:59.999,2824924.86646,31510,6238514.0,1333889.33209
2025-02-19 13:00:00,0.21129,0.21504,0.21128,0.21403,9043355.0,2025-02-19 13:59:59.999,1927971.63137,22725,4613220.0,983339.44363
2025-02-19 14:00:00,0.21404,0.21558,0.21033,0.21058,16584998.0,2025-02-19 14:59:59.999,3533424.79451,35395,7815959.0,1665610.45751
2025-02-19 15:00:00,0.21058,0.21367,0.20958,0.21161,12763441.0,2025-02-19 15:59:59.999,2699180.19499,33714,6554957.0,1386362.66131
2025-02-19 16:00:00,0.2116,0.21499,0.21108,0.21467,12750992.0,2025-02-19 16:59:59.999,2723193.16634,32736,6731966.0,1437852.97599
2025-02-19 17:00:00,0.21466,0.21787,0.21462,0.21688,15073507.0,2025-02-19 17:59:59.999,3257026.22882,33563,7791185.0,1683416.34222
2025-02-19 18:00:00,0.21685,0.21758,0.2126,0.21289,14722454.0,2025-02-19 18:59:59.999,3163728.68208,30988,6621227.0,1423106.96303
2025-02-19 19:00:00,0.2129,0.21704,0.21211,0.21545,12691683.0,2025-02-19 19:59:59.999,2727653.41904,30991,6548828.0,1406890.06866
2025-02-19 20:00:00,0.21542,0.21773,0.21496,0.21613,13980696.0,2025-02-19 20:59:59.999,3031262.56222,25015,7830751.0,1697858.25247
2025-02-19 21:00:00,0.21614,0.21649,0.21329,0.21409,7787081.0,2025-02-19 21:59:59.999,1676491.927,15502,3254421.0,700805.38771
2025-02-19 22:00:00,0.21407,0.21678,0.21307,0.21643,6639311.0,2025-02-19 22:59:59.999,1425202.29589,7792,3277880.0,703560.12076
2025-02-19 23:00:00,0.21644,0.218,0.21542,0.21579,9665966.0,2025-02-19 23:59:59.999,2095624.60686,11916,5625711.0,1219325.61995
2025-02-20 00:00:00,0.21579,0.2186,0.21513,0.21768,8990070.0,2025-02-20 00:59:59.999,1947101.02877,14073,4279486.0,926689.69939
2025-02-20 01:00:00,0.21766,0.21874,0.21498,0.21596,7288537.0,2025-02-20 01:59:59.999,1580483.42162,11074,3210467.0,696753.52493
2025-02-20 02:00:00,0.21598,0.21895,0.21557,0.21817,8558734.0,2025-02-20 02:59:59.999,1860996.54034,13596,3900249.0,848640.65006
2025-02-20 03:00:00,0.21818,0.22044,0.21743,0.21972,8702223.0,2025-02-20 03:59:59.999,1905503.74694,11961,4385589.0,960298.87571
2025-02-20 04:00:00,0.21973,0.2239,0.21947,0.22301,14598566.0,2025-02-20 04:59:59.999,3245020.11335,15230,7374602.0,1638381.65159
2025-02-20 05:00:00,0.22302,0.22629,0.2224,0.22349,13573076.0,2025-02-20 05:59:59.999,3046770.32194,17675,6891169.0,1547122.50961
2025-02-20 06:00:00,0.22352,0.22551,0.22205,0.22519,11662594.0,2025-02-20 06:59:59.999,2607401.3685,14422,5352732.0,1197070.94913
2025-02-20 07:00:00,0.22519,0.22595,0.21901,0.21901,14749679.0,2025-02-20 07:59:59.999,3267647.11241,13898,6315623.0,1399031.73913
2025-02-20 08:00:00,0.219,0.22235,0.21822,0.22163,14629631.0,2025-02-20 08:59:59.999,3216441.79165,13905,8509699.0,1870873.62638
2025-02-20 09:00:00,0.22164,0.22188,0.21955,0.22001,7565951.0,2025-02-20 09:59:59.999,1668525.25029,11094,3390878.0,747652.41173
2025-02-20 10:00:00,0.22002,0.22108,0.21859,0.22106,9403837.0,2025-02-20 10:59:59.999,2066695.32959,11958,3994062.0,878273.22517
2025-02-20 11:00:00,0.22106,0.22159,0.21865,0.21955,14271074.0,2025-02-20 11:59:59.999,3133355.03146,13671,5393077.0,1184789.73325
2025-02-20 12:00:00,0.21952,0.2218,0.2194,0.21989,9774639.0,2025-02-20 12:59:59.999,2155663.5514,11695,5907989.0,1303149.73997
2025-02-20 13:00:00,0.21989,0.22079,0.2179,0.22022,11030600.0,2025-02-20 13:59:59.999,2419775.38568,14513,6008637.0,1318460.21462
2025-02-20 14:00:00,0.22023,0.22383,0.21771,0.21792,19706241.0,2025-02-20 14:59:59.999,4357452.63111,29876,8606331.0,1904980.90542
2025-02-20 15:00:00,0.21793,0.22007,0.21638,0.21692,15385062.0,2025-02-20 15:59:59.999,3355943.12682,26055,8016922.0,1749199.80636
2025-02-20 16:00:00,0.21693,0.21907,0.21622,0.21725,11167409.0,2025-02-20 16:59:59.999,2430888.58718,16846,5337638.0,1162409.35942
2025-02-20 17:00:00,0.21724,0.22073,0.21705,0.21972,8382408.0,2025-02-20 17:59:59.999,1837463.24694,12101,4658049.0,1020899.36248
2025-02-20 18:00:00,0.21971,0.22282,0.2197,0.22052,11528105.0,2025-02-20 18:59:59.999,2550301.11611,17398,5530990.0,1223332.92131
2025-02-20 19:00:00,0.22051,0.22128,0.21955,0.22084,5228689.0,2025-02-20 19:59:59.999,1152916.36093,10805,2723113.0,600368.66616
2025-02-20 20:00:00,0.22081,0.2222,0.2199,0.22073,8907331.0,2025-02-20 20:59:59.999,1967940.84694,13194,4426101.0,978198.1372
2025-02-20 21:00:00,0.22074,0.22112,0.21908,0.21919,6355862.0,2025-02-20 21:59:59.999,1398365.27243,10139,3013904.0,663328.40279
2025-02-20 22:00:00,0.21918,0.22088,0.21887,0.21911,5177966.0,2025-02-20 22:59:59.999,1137841.61854,4966,2686131.0,590393.14091
2025-02-20 23:00:00,0.21911,0.22323,0.21908,0.22204,7125941.0,2025-02-20 23:59:59.999,1579624.50558,9863,3637675.0,806121.81575
2025-02-21 00:00:00,0.22204,0.22263,0.21931,0.22024,6976463.0,2025-02-21 00:59:59.999,1539576.79979,11662,3439997.0,758787.32256
2025-02-21 01:00:00,0.22026,0.22066,0.21868,0.21943,5502662.0,2025-02-21 01:59:59.999,1208061.42166,9241,2391330.0,525118.2994
2025-02-21 02:00:00,0.21941,0.22135,0.21852,0.21898,5862917.0,2025-02-21 02:59:59.999,1289066.04047,10575,2955767.0,649730.52763
2025-02-21 03:00:00,0.21897,0.21984,0.21786,0.21851,4643208.0,2025-02-21 03:59:59.999,1016239.05707,7114,2210381.0,483612.00079
2025-02-21 04:00:00,0.21851,0.22095,0.21839,0.22039,7394822.0,2025-02-21 04:59:59.999,1626444.07809,8883,3765531.0,828060.83567
2025-02-21 05:00:00,0.2204,0.22089,0.21963,0.21993,4290059.0,2025-02-21 05:59:59.999,945051.01182,7743,1998559.0,440300.31848
2025-02-21 06:00:00,0.21992,0.221,0.21902,0.22079,6466672.0,2025-02-21 06:59:59.999,1421394.20519,7661,3699740.0,813399.37105
2025-02-21 07:00:00,0.22081,0.2214,0.21948,0.21978,6299694.0,2025-02-21 07:59:59.999,1388586.08746,7132,2988107.0,658578.62817
2025-02-21 08:00:00,0.21978,0.22263,0.21974,0.22152,7551000.0,2025-02-21 08:59:59.999,1668652.51538,10125,4139422.0,914577.09136
2025-02-21 09:00:00,0.22153,0.22605,0.22111,0.22239,22796333.0,2025-02-21 09:59:59.999,5101090.34258,26094,12644564.0,2830046.58006
2025-02-21 10:00:00,0.22238,0.22522,0.22152,0.22503,12530067.0,2025-02-21 10:59:59.999,2802886.67183,11386,5479901.0,1226064.54618
2025-02-21 11:00:00,0.22504,0.22579,0.22387,0.22408,9064718.0,2025-02-21 11:59:59.999,2040046.76694,13199,4678160.0,1052972.90976
2025-02-21 12:00:00,0.22407,0.22604,0.22349,0.22558,10192790.0,2025-02-21 12:59:59.999,2293703.73531,13672,5062662.0,1139114.18749
2025-02-21 13:00:00,0.22559,0.23009,0.22534,0.22848,23645116.0,2025-02-21 13:59:59.999,5392580.67014,34423,11584440.0,2643096.19206
2025-02-21 14:00:00,0.22847,0.22994,0.22329,0.2249,22291137.0,2025-02-21 14:59:59.999,5044085.30237,28745,10265338.0,2321348.30743
2025-02-21 15:00:00,0.2249,0.22728,0.21524,0.21883,40391256.0,2025-02-21 15:59:59.999,8901219.92623,67516,19197140.0,4227995.13071
2025-02-21 16:00:00,0.21882,0.22198,0.2176,0.21955,18175598.0,2025-02-21 16:59:59.999,3992729.08756,34899,9143176.0,2008560.60745
2025-02-21 17:00:00,0.21953,0.22027,0.21159,0.21245,28584072.0,2025-02-21 17:59:59.999,6159295.63575,36789,13223749.0,2849760.1
2025-02-21 18:00:00,0.21243,0.21407,0.21063,0.21237,13224862.0,2025-02-21 18:59:59.999,2807391.19142,24887,6362146.0,1351003.73352
2025-02-21 19:00:00,0.21236,0.21277,0.2051,0.20698,21647693.0,2025-02-21 19:59:59.999,4510711.31587,35489,9469593.0,1970675.26995
2025-02-21 20:00:00,0.20697,0.20858,0.20544,0.20644,14404552.0,2025-02-21 20:59:59.999,2984447.58466,23604,7603231.0,1575218.14141
2025-02-21 21:00:00,0.20645,0.20958,0.20552,0.20892,12700949.0,2025-02-21 21:59:59.999,2635350.9699,18435,6393175.0,1326334.83945
2025-02-21 22:00:00,0.20895,0.21399,0.20837,0.21262,16554374.0,2025-02-21 22:59:59.999,3487413.28598,14357,9326764.0,1964061.95485
2025-02-21 23:00:00,0.21261,0.21496,0.21041,0.21439,12615623.0,2025-02-21 23:59:59.999,2684374.33387,14096,6544458.0,1392529.13002
2025-02-22 00:00:00,0.2144,0.2214,0.21188,0.22101,27220166.0,2025-02-22 00:59:59.999,5925835.87234,34527,13846946.0,3015219.21496
2025-02-22 01:00:00,0.221,0.22271,0.21741,0.21759,21982513.0,2025-02-22 01:59:59.999,4847212.41285,25153,12114332.0,2673660.04483
2025-02-22 02:00:00,0.21759,0.21775,0.2155,0.21671,10044893.0,2025-02-22 02:59:59.999,2177631.52193,11741,4964297.0,1076128.67811
2025-02-22 03:00:00,0.21674,0.21704,0.21481,0.21593,7987600.0,2025-02-22 03:59:59.999,1724577.39785,9942,3681673.0,794885.4968
2025-02-22 04:00:00,0.21592,0.21739,0.21546,0.21637,5601904.0,2025-02-22 04:59:59.999,1213552.42801,8786,3133341.0,678622.08765
2025-02-22 05:00:00,0.21638,0.21644,0.21499,0.21589,4076215.0,2025-02-22 05:59:59.999,879057.03724,6017,2014651.0,434600.25675
2025-02-22 06:00:00,0.21589,0.21694,0.21523,0.21555,3802824.0,2025-02-22 06:59:59.999,821168.53394,6062,1665167.0,359594.71923
2025-02-22 07:00:00,0.21555,0.21696,0.21517,0.2152,3575211.0,2025-02-22 07:59:59.999,773099.26753,5943,1796394.0,388476.62258
2025-02-22 08:00:00,0.21523,0.21564,0.21324,0.2134,7042469.0,2025-02-22 08:59:59.999,1509057.83848,9319,3395632.0,727598.81044
2025-02-22 09:00:00,0.21342,0.21459,0.21284,0.2135,4391087.0,2025-02-22 09:59:59.999,937777.31789,7667,2244362.0,479334.33677
2025-02-22 10:00:00,0.2135,0.21487,0.21313,0.21395,4508429.0,2025-02-22 10:59:59.999,965701.62,7882,2201055.0,471485.03227
2025-02-22 11:00:00,0.21395,0.21491,0.21388,0.21441,3869142.0,2025-02-22 11:59:59.999,829098.02023,5905,1676144.0,359228.57632
2025-02-22 12:00:00,0.21441,0.21595,0.21422,0.21549,4622236.0,2025-02-22 12:59:59.999,994698.50188,8954,2611826.0,562076.55286
2025-02-22 13:00:00,0.2155,0.21674,0.21534,0.21552,5935112.0,2025-02-22 13:59:59.999,1281961.09946,8749,2732684.0,590350.80051
2025-02-22 14:00:00,0.21554,0.21593,0.21407,0.21423,4296339.0,2025-02-22 14:59:59.999,923441.4726,6759,1691228.0,363522.19774
2025-02-22 15:00:00,0.21422,0.21705,0.21422,0.21651,5157950.0,2025-02-22 15:59:59.999,1110455.30418,8097,2683512.0,577560.22713
2025-02-22 16:00:00,0.21648,0.21862,0.21601,0.2177,8115398.0,2025-02-22 16:59:59.999,1764466.53388,11978,4425914.0,962512.61685
2025-02-22 17:00:00,0.21769,0.22099,0.21743,0.22051,7505972.0,2025-02-22 17:59:59.999,1643302.34549,12747,4011611.0,878516.3567
2025-02-22 18:00:00,0.2205,0.22163,0.21861,0.21937,9094800.0,2025-02-22 18:59:59.999,2002242.82088,12813,4130246.0,909406.41687
2025-02-22 19:00:00,0.21936,0.21959,0.21804,0.21829,4722020.0,2025-02-22 19:59:59.999,1032201.61849,7400,2107099.0,460546.02423
2025-02-22 20:00:00,0.2183,0.21874,0.21581,0.21725,7696426.0,2025-02-22 20:59:59.999,1671684.94305,8904,3451746.0,749778.90861
2025-02-22 21:00:00,0.21725,0.21833,0.21694,0.21725,8787155.0,2025-02-22 21:59:59.999,1911249.97999,9544,4378375.0,952220.17156
2025-02-22 22:00:00,0.21724,0.21744,0.21566,0.21621,3440438.0,2025-02-22 22:59:59.999,745724.6524,3299,1616625.0,350379.29189
2025-02-22 23:00:00,0.21622,0.21721,0.21524,0.21643,5272597.0,2025-02-22 23:59:59.999,1141945.85023,5997,2341398.0,507061.5319
2025-02-23 00:00:00,0.21645,0.21731,0.21534,0.21617,9330499.0,2025-02-23 00:59:59.999,2018710.2552,10896,5194558.0,1123989.53948
2025-02-23 01:00:00,0.21617,0.21668,0.21424,0.21498,4397417.0,2025-02-23 01:59:59.999,946300.63116,5692,2072316.0,445920.35244
2025-02-23 02:00:00,0.215,0.21506,0.21345,0.21358,4842580.0,2025-02-23 02:59:59.999,1036888.65256,5449,1776005.0,380383.47286
2025-02-23 03:00:00,0.21359,0.21485,0.21307,0.21446,4163152.0,2025-02-23 03:59:59.999,890452.87629,5955,2269817.0,485481.80589
2025-02-23 04:00:00,0.21447,0.21447,0.21301,0.21367,5023083.0,2025-02-23 04:59:59.999,1073155.3586,5692,2515802.0,537405.95164
2025-02-23 05:00:00,0.21367,0.2142,0.2133,0.21332,2844451.0,2025-02-23 05:59:59.999,607848.60549,4384,1346752.0,287815.79672
2025-02-23 06:00:00,0.21332,0.21421,0.2127,0.21415,3420921.0,2025-02-23 06:59:59.999,730429.15171,4392,2193171.0,468403.80007
2025-02-23 07:00:00,0.21414,0.21764,0.2136,0.21705,8679503.0,2025-02-23 07:59:59.999,1876394.4197,8355,4104806.0,886344.45652
2025-02-23 08:00:00,0.21709,0.21716,0.21442,0.21479,9941427.0,2025-02-23 08:59:59.999,2141701.43105,8830,4248403.0,915329.80291
2025-02-23 09:00:00,0.21479,0.21507,0.21337,0.21386,4374259.0,2025-02-23 09:59:59.999,936575.20816,5828,2497172.0,534673.83782
2025-02-23 10:00:00,0.21384,0.21409,0.21282,0.21361,4499036.0,2025-02-23 10:59:59.999,960471.08942,5734,2207524.0,471301.03705
2025-02-23 11:00:00,0.2136,0.21404,0.21164,0.21198,5597543.0,2025-02-23 11:59:59.999,1190381.80646,7127,2624461.0,558083.57483
2025-02-23 12:00:00,0.21196,0.21248,0.20959,0.21008,9867932.0,2025-02-23 12:59:59.999,2076885.03792,10137,3811727.0,802095.93804
2025-02-23 13:00:00,0.21009,0.21173,0.20992,0.21104,4185438.0,2025-02-23 13:59:59.999,882720.65106,7367,2233119.0,470929.76534
2025-02-23 14:00:00,0.21104,0.21113,0.20882,0.20909,7715509.0,2025-02-23 14:59:59.999,1620004.08963,7262,2932165.0,615614.32279
2025-02-23 15:00:00,0.2091,0.21094,0.20778,0.20818,7452441.0,2025-02-23 15:59:59.999,1560260.55481,9032,3666148.0,768440.19289
2025-02-23 16:00:00,0.20818,0.2101,0.20791,0.20901,5744952.0,2025-02-23 16:59:59.999,1202691.78796,7167,3491586.0,731062.18811
2025-02-23 17:00:00,0.20901,0.21114,0.20901,0.21082,3531139.0,2025-02-23 17:59:59.999,742098.78287,5632,1808069.0,379901.86724
2025-02-23 18:00:00,0.21081,0.21215,0.21009,0.2102,5161732.0,2025-02-23 18:59:59.999,1090551.29142,5608,2383806.0,504241.96461
2025-02-23 19:00:00,0.21019,0.21052,0.20945,0.21003,4711410.0,2025-02-23 19:59:59.999,989636.31837,5299,2642110.0,554937.09531
2025-02-23 20:00:00,0.21003,0.21044,0.20819,0.20937,4445924.0,2025-02-23 20:59:59.999,930110.77029,5602,1577786.0,329980.00887
2025-02-23 21:00:00,0.20936,0.20996,0.20859,0.20987,6463192.0,2025-02-23 21:59:59.999,1351643.46343,5583,1780905.0,372507.64341
2025-02-23 22:00:00,0.20986,0.20998,0.2079,0.20907,5322946.0,2025-02-23 22:59:59.999,1111326.05984,4095,2399006.0,500668.98291
2025-02-23 23:00:00,0.2091,0.21194,0.20903,0.21123,14089545.0,2025-02-23 23:59:59.999,2969214.18811,8496,7587344.0,1598770.48789
2025-02-24 00:00:00,0.21124,0.21347,0.21045,0.21052,7710225.0,2025-02-24 00:59:59.999,1633288.79692,6171,3471408.0,735921.06235
2025-02-24 01:00:00,0.21048,0.21097,0.20819,0.20896,5426313.0,2025-02-24 01:59:59.999,1136585.49016,4656,2483539.0,520414.01486
2025-02-24 02:00:00,0.20895,0.20975,0.20728,0.2074,7943892.0,2025-02-24 02:59:59.999,1657545.01828,5178,4659303.0,972815.4951
2025-02-24 03:00:00,0.2074,0.2074,0.20373,0.20478,9284889.0,2025-02-24 03:59:59.999,1908688.31331,8457,4236216.0,870815.76033
2025-02-24 04:00:00,0.20478,0.20541,0.20244,0.20471,8694216.0,2025-02-24 04:59:59.999,1773940.09853,7417,4116780.0,840262.86037
2025-02-24 05:00:00,0.20468,0.20645,0.20363,0.20568,4773716.0,2025-02-24 05:59:59.999,980603.55516,4285,2514730.0,516575.02166
2025-02-24 06:00:00,0.20569,0.20574,0.20428,0.20495,3791322.0,2025-02-24 06:59:59.999,776885.08677,5140,1828012.0,374585.67771
2025-02-24 07:00:00,0.20493,0.20595,0.20407,0.20483,3028233.0,2025-02-24 07:59:59.999,620608.17682,3514,1285926.0,263479.78859
2025-02-24 08:00:00,0.20483,0.20483,0.20121,0.20151,7840416.0,2025-02-24 08:59:59.999,1587699.85265,6987,3416617.0,691865.16519
2025-02-24 09:00:00,0.20157,0.20463,0.20133,0.20323,4804689.0,2025-02-24 09:59:59.999,977312.63101,4219,2443729.0,496980.57649
2025-02-24 10:00:00,0.20324,0.20364,0.20029,0.20148,8787924.0,2025-02-24 10:59:59.999,1770711.36591,6495,4701908.0,947542.01208
2025-02-24 11:00:00,0.20149,0.21385,0.20024,0.21003,49053436.0,2025-02-24 11:59:59.999,10201539.70999,37596,25466307.0,5289635.68516
2025-02-24 12:00:00,0.21008,0.22483,0.20624,0.22383,118356306.0,2025-02-24 12:59:59.999,25690513.99291,102966,66761187.0,14498126.54352
2025-02-24 13:00:00,0.22383,0.22701,0.21929,0.21988,99866027.0,2025-02-24 13:59:59.999,22336324.22134,74160,49362524.0,11046376.00567
2025-02-24 14:00:00,0.21982,0.22562,0.21446,0.21543,59291035.0,2025-02-24 14:59:59.999,13066697.99983,48095,29948357.0,6604556.89792
2025-02-24 15:00:00,0.21544,0.22116,0.21078,0.21226,58787702.0,2025-02-24 15:59:59.999,12641664.59953,44018,28094959.0,6046652.04565
2025-02-24 16:00:00,0.21228,0.21855,0.2117,0.21765,39945610.0,2025-02-24 16:59:59.999,8604658.98439,22220,20437148.0,4400678.01821
2025-02-24 17:00:00,0.21765,0.22177,0.21562,0.21607,28769176.0,2025-02-24 17:59:59.999,6314316.39989,18901,14287342.0,3138252.78438
2025-02-24 18:00:00,0.21612,0.21799,0.21415,0.21456,15191212.0,2025-02-24 18:59:59.999,3283629.13395,11466,6975180.0,1508007.27509
2025-02-24 19:00:00,0.21454,0.21591,0.21,0.21089,23116648.0,2025-02-24 19:59:59.999,4921597.68293,14092,9743149.0,2073450.00669
2025-02-24 20:00:00,0.21096,0.21419,0.21038,0.21071,13190258.0,2025-02-24 20:59:59.999,2805106.63847,9491,6493473.0,1381128.7088
2025-02-24 21:00:00,0.21072,0.21159,0.20572,0.20601,22868383.0,2025-02-24 21:59:59.999,4773999.09044,14089,10683570.0,2231089.40491
2025-02-24 22:00:00,0.20589,0.20626,0.19598,0.19816,61618120.0,2025-02-24 22:59:59.999,12454768.00701,41046,29007481.0,5868942.15034
2025-02-24 23:00:00,0.19826,0.20213,0.19554,0.19654,26670189.0,2025-02-24 23:59:59.999,5290392.48989,16022,10668273.0,2119987.65864
2025-02-25 00:00:00,0.19652,0.19983,0.19145,0.19669,44443140.0,2025-02-25 00:59:59.999,8719497.30041,33129,21870296.0,4291764.51191
2025-02-25 01:00:00,0.19674,0.19942,0.19278,0.19626,32779430.0,2025-02-25 01:59:59.999,6438823.48099,22428,15082860.0,2963257.65493
2025-02-25 02:00:00,0.19619,0.20133,0.19462,0.19875,26864609.0,2025-02-25 02:59:59.999,5313903.23209,20277,14452760.0,2857473.00211
2025-02-25 03:00:00,0.19876,0.19966,0.19567,0.19612,19169057.0,2025-02-25 03:59:59.999,3783447.34335,14197,8444913.0,1667354.7128
2025-02-25 04:00:00,0.19623,0.19745,0.19267,0.19272,23563130.0,2025-02-25 04:59:59.999,4587816.90947,16393,10747547.0,2092225.15207
2025-02-25 05:00:00,0.19269,0.19582,0.19176,0.19485,22203745.0,2025-02-25 05:59:59.999,4312303.7995,15452,10540007.0,2046400.49659
2025-02-25 06:00:00,0.19484,0.19535,0.18826,0.18857,28686787.0,2025-02-25 06:59:59.999,5479700.56297,21253,14213962.0,2714929.66381
2025-02-25 07:00:00,0.18859,0.18902,0.17946,0.18476,93644519.0,2025-02-25 07:59:59.999,17216095.6094,79837,44190241.0,8125731.65704
2025-02-25 08:00:00,0.18478,0.18787,0.18364,0.18451,26727713.0,2025-02-25 08:59:59.999,4975865.5796,23491,12852698.0,2392207.6506
2025-02-25 09:00:00,0.18457,0.18505,0.18044,0.18066,22192623.0,2025-02-25 09:59:59.999,4045590.30533,16651,10550075.0,1923179.16075
2025-02-25 10:00:00,0.18067,0.18319,0.17624,0.18071,43175878.0,2025-02-25 10:59:59.999,7765781.36307,32307,19227550.0,3457831.78939
2025-02-25 11:00:00,0.18076,0.18633,0.17564,0.1857,41422996.0,2025-02-25 11:59:59.999,7487160.41095,27973,18326497.0,3306581.95977
2025-02-25 12:00:00,0.18568,0.18951,0.1827,0.18909,49252020.0,2025-02-25 12:59:59.999,9135339.4036,36225,23822699.0,4420606.80823
2025-02-25 13:00:00,0.18915,0.19256,0.1846,0.18581,45803213.0,2025-02-25 13:59:59.999,8564899.68107,32078,21933944.0,4104518.09934
2025-02-25 14:00:00,0.18582,0.18882,0.18054,0.182,46453594.0,2025-02-25 14:59:59.999,8591891.37725,26445,18675613.0,3458649.30832
2025-02-25 15:00:00,0.182,0.18767,0.1807,0.18531,39872103.0,2025-02-25 15:59:59.999,7313834.0831,25319,21245100.0,3901292.0937
2025-02-25 16:00:00,0.18533,0.18802,0.18144,0.18523,37008395.0,2025-02-25 16:59:59.999,6824908.80146,20903,17886013.0,3298037.20058
2025-02-25 17:00:00,0.18525,0.18821,0.18347,0.18661,24168867.0,2025-02-25 17:59:59.999,4502688.64005,14168,12963805.0,2414916.00434
2025-02-25 18:00:00,0.18663,0.18913,0.18491,0.18704,25211271.0,2025-02-25 18:59:59.999,4711814.37928,15239,13104393.0,2450283.77878
2025-02-25 19:00:00,0.18702,0.19228,0.18474,0.1919,24109498.0,2025-02-25 19:59:59.999,4527505.5876,14210,12170246.0,2285296.07869
2025-02-25 20:00:00,0.19187,0.19715,0.18939,0.19668,53001887.0,2025-02-25 20:59:59.999,10273149.1914,27965,25543926.0,4955704.60933
2025-02-25 21:00:00,0.19672,0.1995,0.19453,0.19879,18873165.0,2025-02-25 21:59:59.999,3711976.30042,12493,9462139.0,1861799.61399
2025-02-25 22:00:00,0.19885,0.20118,0.19641,0.19748,15057482.0,2025-02-25 22:59:59.999,2990408.02346,9458,7785485.0,1546292.85255
2025-02-25 23:00:00,0.19755,0.20122,0.19751,0.19841,15052246.0,2025-02-25 23:59:59.999,3000880.93852,9884,7763239.0,1547418.58413
2025-02-26 00:00:00,0.19843,0.1991,0.19326,0.19369,20279352.0,2025-02-26 00:59:59.999,3969851.79362,13601,8977300.0,1757622.67178
2025-02-26 01:00:00,0.19373,0.1982,0.19362,0.19735,16256263.0,2025-02-26 01:59:59.999,3177285.32718,10720,8721332.0,1704366.04083
2025-02-26 02:00:00,0.19732,0.20053,0.19484,0.19879,16321029.0,2025-02-26 02:59:59.999,3227750.74797,10920,8067654.0,1596341.17106
2025-02-26 03:00:00,0.19878,0.20176,0.19854,0.19854,17999499.0,2025-02-26 03:59:59.999,3603673.13689,10872,8264041.0,1653969.75087
2025-02-26 04:00:00,0.19853,0.20024,0.19691,0.19701,10389734.0,2025-02-26 04:59:59.999,2063746.16392,10187,5218154.0,1036581.28835
2025-02-26 05:00:00,0.19701,0.19796,0.19474,0.19488,15983435.0,2025-02-26 05:59:59.999,3140933.20889,12397,8326276.0,1636133.62001
2025-02-26 06:00:00,0.19489,0.19774,0.19475,0.19773,11651019.0,2025-02-26 06:59:59.999,2286487.31849,10158,6115172.0,1200541.90008
2025-02-26 07:00:00,0.19774,0.19803,0.19361,0.19557,14546012.0,2025-02-26 07:59:59.999,2843232.15271,9900,7127414.0,1392455.10626
2025-02-26 08:00:00,0.19557,0.19663,0.19365,0.1952,12031273.0,2025-02-26 08:59:59.999,2341266.1055,9797,5883831.0,1145110.9578
2025-02-26 09:00:00,0.1952,0.19965,0.19486,0.19939,10999364.0,2025-02-26 09:59:59.999,2172398.43652,9526,5633442.0,1112239.42886
2025-02-26 10:00:00,0.19938,0.20057,0.19745,0.19992,10477140.0,2025-02-26 10:59:59.999,2081798.07147,8375,5499881.0,1092712.76478
2025-02-26 11:00:00,0.19993,0.20163,0.19741,0.19767,14693010.0,2025-02-26 11:59:59.999,2926769.15208,10688,7006402.0,1396416.94822
2025-02-26 12:00:00,0.1977,0.1983,0.19255,0.19376,23104077.0,2025-02-26 12:59:59.999,4500787.45727,14086,13304932.0,2585712.19045
2025-02-26 13:00:00,0.19367,0.19488,0.19247,0.19309,19758933.0,2025-02-26 13:59:59.999,3823193.54073,16700,9452852.0,1829815.76975
2025-02-26 14:00:00,0.19309,0.19857,0.18946,0.19725,41257985.0,2025-02-26 14:59:59.999,7956412.95744,36337,20248116.0,3907716.94923
2025-02-26 15:00:00,0.19729,0.20091,0.19692,0.19776,22080357.0,2025-02-26 15:59:59.999,4385033.35773,17849,10821197.0,2149002.83494
2025-02-26 16:00:00,0.19786,0.2001,0.19457,0.19996,30201759.0,2025-02-26 16:59:59.999,5969739.73783,18779,15250825.0,3016368.1703
2025-02-26 17:00:00,0.19996,0.20149,0.19271,0.19364,31394710.0,2025-02-26 17:59:59.999,6178879.72453,24010,12092829.0,2384565.4258
2025-02-26 18:00:00,0.19366,0.19532,0.18848,0.18983,43937243.0,2025-02-26 18:59:59.999,8413050.41868,37745,22443627.0,4299692.06378
2025-02-26 19:00:00,0.18981,0.19226,0.18873,0.19041,21314455.0,2025-02-26 19:59:59.999,4060160.24152,15201,10539222.0,2008636.32273
2025-02-26 20:00:00,0.19044,0.19575,0.18753,0.19514,27300959.0,2025-02-26 20:59:59.999,5227293.55764,20363,14220337.0,2725378.95298
2025-02-26 21:00:00,0.19516,0.19772,0.1925,0.19742,33358386.0,2025-02-26 21:59:59.999,6510199.22227,22365,15309839.0,2988605.5172
2025-02-26 22:00:00,0.19744,0.20002,0.1961,0.19741,20884564.0,2025-02-26 22:59:59.999,4143190.05342,15917,10762212.0,2135352.18065
2025-02-26 23:00:00,0.19747,0.19927,0.1953,0.19611,11674562.0,2025-02-26 23:59:59.999,2304305.48794,7714,4785146.0,944750.27341
2025-02-27 00:00:00,0.19615,0.19827,0.19442,0.19615,10947984.0,2025-02-27 00:59:59.999,2152511.42603,8564,5294326.0,1041323.90347
2025-02-27 01:00:00,0.19611,0.19949,0.19382,0.19774,17726153.0,2025-02-27 01:59:59.999,3498327.745,12916,8973073.0,1771035.84322
2025-02-27 02:00:00,0.19773,0.20048,0.1964,0.19723,12593629.0,2025-02-27 02:59:59.999,2499708.64071,9030,5874229.0,1166166.03627
2025-02-27 03:00:00,0.19726,0.19992,0.19665,0.19925,8422397.0,2025-02-27 03:59:59.999,1671246.43262,6221,3736446.0,741230.68581
2025-02-27 04:00:00,0.19922,0.20022,0.19615,0.19761,8948710.0,2025-02-27 04:59:59.999,1771533.5338,6624,3905397.0,773327.27801
2025-02-27 05:00:00,0.19759,0.20031,0.19749,0.19953,7234115.0,2025-02-27 05:59:59.999,1440813.63824,5601,3636474.0,724531.4841
2025-02-27 06:00:00,0.19956,0.2023,0.1993,0.201,11154461.0,2025-02-27 06:59:59.999,2238633.5817,8024,5430603.0,1089479.6028
2025-02-27 07:00:00,0.20101,0.20243,0.20039,0.20153,9687294.0,2025-02-27 07:59:59.999,1950323.03835,6776,5287650.0,1064777.26367
2025-02-27 08:00:00,0.20157,0.20234,0.19952,0.19992,9100980.0,2025-02-27 08:59:59.999,1829402.00432,7600,4269153.0,857654.65932
2025-02-27 09:00:00,0.19986,0.20193,0.19912,0.20051,7457083.0,2025-02-27 09:59:59.999,1496263.78659,6306,3988138.0,800099.64143
2025-02-27 10:00:00,0.20055,0.20405,0.20019,0.20377,12805405.0,2025-02-27 10:59:59.999,2589812.85011,8402,8144077.0,1647293.51891
2025-02-27 11:00:00,0.20377,0.20391,0.20068,0.20131,11037287.0,2025-02-27 11:59:59.999,2233589.20776,8703,4463966.0,903795.98087
2025-02-27 12:00:00,0.20132,0.20229,0.19935,0.20071,11199353.0,2025-02-27 12:59:59.999,2248548.7018,8038,5684311.0,1140926.48191
2025-02-27 13:00:00,0.20072,0.20605,0.19977,0.20325,25525988.0,2025-02-27 13:59:59.999,5176631.04291,19309,13104523.0,2656729.24231
2025-02-27 14:00:00,0.20318,0.20541,0.2,0.20024,29803376.0,2025-02-27 14:59:59.999,6035467.42105,21324,13891780.0,2814433.35633
2025-02-27 15:00:00,0.2002,0.20352,0.19837,0.20153,21153730.0,2025-02-27 15:59:59.999,4258490.92803,16755,11033451.0,2220956.94645
2025-02-27 16:00:00,0.20149,0.20242,0.19704,0.19755,22808086.0,2025-02-27 16:59:59.999,4565984.87117,14407,8811130.0,1763986.1963
2025-02-27 17:00:00,0.19755,0.19986,0.19719,0.1997,10306734.0,2025-02-27 17:59:59.999,2045130.55328,7491,5518252.0,1094643.55193
2025-02-27 18:00:00,0.19969,0.20203,0.19951,0.20056,10104595.0,2025-02-27 18:59:59.999,2026555.11098,8132,5160200.0,1035114.80058
2025-02-27 19:00:00,0.20052,0.20089,0.19661,0.19764,11655629.0,2025-02-27 19:59:59.999,2310294.45708,8188,5284560.0,1046424.56778
2025-02-27 20:00:00,0.19767,0.19788,0.19405,0.19609,16238950.0,2025-02-27 20:59:59.999,3174250.57252,13448,8013337.0,1566165.43431
2025-02-27 21:00:00,0.19605,0.19893,0.19402,0.1986,11998093.0,2025-02-27 21:59:59.999,2362261.12046,8655,5490934.0,1081936.60201
2025-02-27 22:00:00,0.19851,0.20014,0.19656,0.19992,11134920.0,2025-02-27 22:59:59.999,2203228.02606,6833,4628012.0,916084.18373
2025-02-27 23:00:00,0.19987,0.20023,0.19882,0.19978,5526485.0,2025-02-27 23:59:59.999,1102579.54859,4353,2762687.0,551146.81367
2025-02-28 00:00:00,0.19979,0.20176,0.19874,0.20076,16834954.0,2025-02-28 00:59:59.999,3371584.86892,11477,7923616.0,1586873.9793
2025-02-28 01:00:00,0.20075,0.20423,0.19226,0.19236,51169225.0,2025-02-28 01:59:59.999,10109505.4151,52867,26107772.0,5159243.35918
2025-02-28 02:00:00,0.19236,0.19638,0.18885,0.19188,47168716.0,2025-02-28 02:59:59.999,9065877.23573,44037,23117323.0,4442932.02123
2025-02-28 03:00:00,0.19187,0.19442,0.18666,0.18711,19407529.0,2025-02-28 03:59:59.999,3696745.5051,15221,8954589.0,1705157.28263
2025-02-28 04:00:00,0.18717,0.1896,0.18495,0.18775,21314366.0,2025-02-28 04:59:59.999,3989766.37974,18505,10323565.0,1932218.96861
2025-02-28 05:00:00,0.18771,0.18862,0.18348,0.18556,15812188.0,2025-02-28 05:59:59.999,2939237.18167,13663,7440902.0,1383878.76493
2025-02-28 06:00:00,0.1856,0.18668,0.1812,0.18276,28884730.0,2025-02-28 06:59:59.999,5292514.99445,19986,14067266.0,2578083.35922
2025-02-28 07:00:00,0.18274,0.18676,0.1822,0.18299,15241264.0,2025-02-28 07:59:59.999,2806261.16792,11609,6553054.0,1206199.45762
2025-02-28 08:00:00,0.18297,0.18438,0.17995,0.18405,19696648.0,2025-02-28 08:59:59.999,3590586.32256,17413,9367645.0,1708801.65991
2025-02-28 09:00:00,0.18405,0.19032,0.18345,0.1897,21147015.0,2025-02-28 09:59:59.999,3965864.28554,14447,11127322.0,2086589.51672
2025-02-28 10:00:00,0.18969,0.19033,0.186,0.18632,11976523.0,2025-02-28 10:59:59.999,2248144.98423,9769,5249836.0,985253.34257
2025-02-28 11:00:00,0.18629,0.19041,0.18563,0.18838,11347287.0,2025-02-28 11:59:59.999,2139358.30083,10786,4894152.0,922647.44671
2025-02-28 12:00:00,0.18829,0.18881,0.18619,0.18846,9815193.0,2025-02-28 12:59:59.999,1842649.07772,8679,5202783.0,977080.81715
2025-02-28 13:00:00,0.18844,0.19632,0.18788,0.19543,31661025.0,2025-02-28 13:59:59.999,6102412.93901,23829,14854324.0,2863051.21208
2025-02-28 14:00:00,0.19534,0.20301,0.19525,0.20106,43558300.0,2025-02-28 14:59:59.999,8703641.22129,31437,21818236.0,4361047.03357
2025-02-28 15:00:00,0.20104,0.20583,0.20096,0.20324,23400605.0,2025-02-28 15:59:59.999,4764716.83439,19345,12485465.0,2543703.76336
2025-02-28 16:00:00,0.20323,0.20999,0.20277,0.20965,25692237.0,2025-02-28 16:59:59.999,5293031.15393,21557,12656021.0,2606528.67718
2025-02-28 17:00:00,0.20964,0.20991,0.20633,0.20662,19782697.0,2025-02-28 17:59:59.999,4118703.35669,16744,9576652.0,1994482.03094
2025-02-28 18:00:00,0.2066,0.21479,0.20651,0.21316,33163125.0,2025-02-28 18:59:59.999,6994608.67124,25683,18634935.0,3929492.55068
2025-02-28 19:00:00,0.21313,0.21483,0.21025,0.21411,14934662.0,2025-02-28 19:59:59.999,3179737.03758,12973,6962646.0,1483080.161
2025-02-28 20:00:00,0.21411,0.21665,0.21333,0.21441,20021581.0,2025-02-28 20:59:59.999,4298203.58771,15755,9794307.0,2103982.54797
2025-02-28 21:00:00,0.21438,0.2165,0.21375,0.21538,13441224.0,2025-02-28 21:59:59.999,2891689.56891,11322,6146340.0,1322486.06538
2025-02-28 22:00:00,0.21536,0.21628,0.21193,0.21373,17439493.0,2025-02-28 22:59:59.999,3730699.91863,14200,7919196.0,1694128.58452
2025-02-28 23:00:00,0.21376,0.21453,0.21209,0.21352,20215997.0,2025-02-28 23:59:59.999,4306147.62013,16776,9429109.0,2008178.89283
2025-03-01 00:00:00,0.21353,0.21714,0.21139,0.21221,23657771.0,2025-03-01 00:59:59.999,5062598.60196,18859,11969862.0,2562404.15241
2025-03-01 01:00:00,0.2122,0.21799,0.21166,0.21737,11997002.0,2025-03-01 01:59:59.999,2574771.99236,10883,5874340.0,1259625.69051
2025-03-01 02:00:00,0.21728,0.22292,0.21581,0.22292,21778712.0,2025-03-01 02:59:59.999,4758031.83707,18530,12654670.0,2766674.89616
2025-03-01 03:00:00,0.22293,0.22725,0.21985,0.22572,41325647.0,2025-03-01 03:59:59.999,9263379.22719,33717,22567856.0,5062096.07077
2025-03-01 04:00:00,0.22567,0.23494,0.22466,0.23442,41088669.0,2025-03-01 04:59:59.999,9429491.27353,37290,22665385.0,5203562.56701
2025-03-01 05:00:00,0.23441,0.2355,0.22568,0.22946,43261723.0,2025-03-01 05:59:59.999,9931680.07957,42066,21210184.0,4870651.79852
2025-03-01 06:00:00,0.22952,0.2325,0.22755,0.23095,25745070.0,2025-03-01 06:59:59.999,5926775.17955,21805,13203844.0,3040739.79178
2025-03-01 07:00:00,0.23094,0.2314,0.22685,0.22935,20741528.0,2025-03-01 07:59:59.999,4748455.85102,18625,9282811.0,2125466.81441
2025-03-01 08:00:00,0.22937,0.23691,0.22937,0.23487,32104245.0,2025-03-01 08:59:59.999,7495934.80705,32600,17505971.0,4087531.05561
2025-03-01 09:00:00,0.23489,0.23893,0.23294,0.23726,32984005.0,2025-03-01 09:59:59.999,7792099.79933,33977,17104050.0,4041222.10049
2025-03-01 10:00:00,0.23729,0.23795,0.23178,0.23302,26525881.0,2025-03-01 10:59:59.999,6218215.06329,28144,12110717.0,2840212.09021
2025-03-01 11:00:00,0.23304,0.23543,0.2312,0.23367,23655646.0,2025-03-01 11:59:59.999,5513216.83398,26622,10734790.0,2502598.72932
2025-03-01 12:00:00,0.23366,0.23657,0.23013,0.23154,29102481.0,2025-03-01 12:59:59.999,6775006.63061,28413,14577587.0,3393082.36929
2025-03-01 13:00:00,0.23151,0.23285,0.22473,0.22641,66584228.0,2025-03-01 13:59:59.999,15164928.22814,44978,35182565.0,8006180.29323
2025-03-01 14:00:00,0.2264,0.23331,0.22551,0.23174,34607659.0,2025-03-01 14:59:59.999,7958406.79755,35609,19791749.0,4550034.46519
2025-03-01 15:00:00,0.23172,0.23736,0.23139,0.23663,41915521.0,2025-03-01 15:59:59.999,9838636.6004,35880,21668137.0,5085198.27159
2025-03-01 16:00:00,0.23663,0.23797,0.23273,0.23649,32697084.0,2025-03-01 16:59:59.999,7677701.46148,28069,16625626.0,3905233.07934
2025-03-01 17:00:00,0.23646,0.23666,0.23292,0.23463,17380616.0,2025-03-01 17:59:59.999,4077335.65351,15665,7448586.0,1747532.84342
2025-03-01 18:00:00,0.23459,0.24,0.23375,0.23798,28364010.0,2025-03-01 18:59:59.999,6729435.20849,25885,16058999.0,3810950.04471
2025-03-01 19:00:00,0.23797,0.24991,0.23751,0.24897,64591093.0,2025-03-01 19:59:59.999,15808767.39298,73836,37645409.0,9215314.43453
2025-03-01 20:00:00,0.24898,0.24976,0.24404,0.24783,47603105.0,2025-03-01 20:59:59.999,11764037.08024,47319,21702091.0,5366262.58087
2025-03-01 21:00:00,0.24786,0.2651,0.24706,0.26229,88820703.0,2025-03-01 21:59:59.999,22882253.74883,84585,47592040.0,12257331.67848
2025-03-01 22:00:00,0.26239,0.26242,0.25093,0.25572,46450819.0,2025-03-01 22:59:59.999,11881126.25893,38298,20827727.0,5325260.64516
2025-03-01 23:00:00,0.25574,0.25768,0.25237,0.25265,26284318.0,2025-03-01 23:59:59.999,6689935.34654,24026,11884298.0,3025943.49002
2025-03-02 00:00:00,0.25275,0.25571,0.24837,0.25073,39631462.0,2025-03-02 00:59:59.999,9971451.49316,34870,18343227.0,4617560.09563
2025-03-02 01:00:00,0.25073,0.25368,0.24837,0.25035,21565277.0,2025-03-02 01:59:59.999,5403552.42375,21136,10426239.0,2613134.58935
2025-03-02 02:00:00,0.25032,0.25468,0.24941,0.25174,29888325.0,2025-03-02 02:59:59.999,7527720.55424,26076,15249557.0,3842672.93387
2025-03-02 03:00:00,0.25166,0.25322,0.24984,0.25125,13002726.0,2025-03-02 03:59:59.999,3270950.7841,13315,6173587.0,1553386.82101
2025-03-02 04:00:00,0.25125,0.2514,0.246,0.24774,20469691.0,2025-03-02 04:59:59.999,5082962.06121,19556,8296510.0,2059884.84083
2025-03-02 05:00:00,0.24775,0.25024,0.24529,0.2459,21820072.0,2025-03-02 05:59:59.999,5405181.1391,20679,9802640.0,2431036.38389
2025-03-02 06:00:00,0.24591,0.24849,0.24524,0.24706,16062695.0,2025-03-02 06:59:59.999,3967186.62736,17941,7853384.0,1939683.08087
2025-03-02 07:00:00,0.24706,0.24729,0.24454,0.24509,12682497.0,2025-03-02 07:59:59.999,3118483.67331,16058,6182307.0,1520455.83405
2025-03-02 08:00:00,0.24509,0.24549,0.24232,0.2437,21398966.0,2025-03-02 08:59:59.999,5215456.9077,20279,9371541.0,2285489.0454
2025-03-02 09:00:00,0.2437,0.24654,0.24343,0.24603,18565789.0,2025-03-02 09:59:59.999,4547700.41865,12898,10831476.0,2655028.49728
2025-03-02 10:00:00,0.24604,0.25046,0.24569,0.24933,26971912.0,2025-03-02 10:59:59.999,6704977.28494,29960,16667012.0,4143918.4504
2025-03-02 11:00:00,0.24933,0.25177,0.24736,0.25091,17243645.0,2025-03-02 11:59:59.999,4303630.54953,14056,9627416.0,2403463.55266
2025-03-02 12:00:00,0.25091,0.25192,0.24877,0.25021,17356111.0,2025-03-02 12:59:59.999,4341147.57681,16397,7951057.0,1988973.23599
2025-03-02 13:00:00,0.25027,0.25096,0.2461,0.24811,18724588.0,2025-03-02 13:59:59.999,4648912.32787,16159,6522168.0,1620884.4319
2025-03-02 14:00:00,0.2481,0.2501,0.24521,0.24642,20763366.0,2025-03-02 14:59:59.999,5140547.43576,21318,9978312.0,2471128.71443
2025-03-02 15:00:00,0.24641,0.25933,0.2425,0.24306,108293857.0,2025-03-02 15:59:59.999,27228683.63651,100051,55626144.0,13996356.73702
2025-03-02 16:00:00,0.24306,0.28554,0.24282,0.2672,214919405.0,2025-03-02 16:59:59.999,56880137.71874,178251,109057100.0,28896013.18168
2025-03-02 17:00:00,0.26705,0.27268,0.2593,0.26301,94319538.0,2025-03-02 17:59:59.999,25082957.18386,82371,46052794.0,12260438.64842
2025-03-02 18:00:00,0.26305,0.26497,0.25193,0.25732,68777222.0,2025-03-02 18:59:59.999,17760377.53728,68025,32264396.0,8330672.19518
2025-03-02 19:00:00,0.25749,0.2633,0.25599,0.26298,25623364.0,2025-03-02 19:59:59.999,6666182.56677,22664,14336421.0,3730930.18071
2025-03-02 20:00:00,0.26292,0.26626,0.25937,0.26533,27358749.0,2025-03-02 20:59:59.999,7201604.78018,20836,14568357.0,3835497.92254
2025-03-02 21:00:00,0.26533,0.2693,0.26341,0.26397,31004225.0,2025-03-02 21:59:59.999,8254413.50374,23430,15377431.0,4096347.29088
2025-03-02 22:00:00,0.26395,0.2673,0.26187,0.26553,15820017.0,2025-03-02 22:59:59.999,4192160.5629,14409,8208381.0,2175138.16727
2025-03-02 23:00:00,0.26547,0.26758,0.26377,0.26416,19972837.0,2025-03-02 23:59:59.999,5298902.41488,16731,10139981.0,2690670.07078
2025-03-03 00:00:00,0.26404,0.28781,0.25962,0.27874,112735453.0,2025-03-03 00:59:59.999,31183541.03832,98648,58753228.0,16245523.5244
2025-03-03 01:00:00,0.2788,0.28069,0.26713,0.27077,42990968.0,2025-03-03 01:59:59.999,11702004.89807,36625,21391988.0,5827082.12021
2025-03-03 02:00:00,0.27077,0.27168,0.26271,0.2675,27843996.0,2025-03-03 02:59:59.999,7432654.01023,21758,13690035.0,3658764.29269
2025-03-03 03:00:00,0.26748,0.26884,0.26054,0.26188,23203044.0,2025-03-03 03:59:59.999,6117609.73571,17486,11222449.0,2956571.36347
2025-03-03 04:00:00,0.26188,0.2622,0.25843,0.26114,15471435.0,2025-03-03 04:59:59.999,4023833.21037,15030,7483546.0,1946733.31401
2025-03-03 05:00:00,0.26114,0.26179,0.25959,0.2611,10908827.0,2025-03-03 05:59:59.999,2844089.98627,12901,5798330.0,1511826.04435
2025-03-03 06:00:00,0.26114,0.26115,0.24913,0.25042,27635745.0,2025-03-03 06:59:59.999,7021201.2751,27148,10953195.0,2783339.9448
2025-03-03 07:00:00,0.25042,0.25605,0.24778,0.25543,24225971.0,2025-03-03 07:59:59.999,6119049.97049,26072,13045869.0,3296647.52239
2025-03-03 08:00:00,0.25546,0.25557,0.24657,0.24864,28191867.0,2025-03-03 08:59:59.999,7079067.14827,28798,12042805.0,3026608.87444
2025-03-03 09:00:00,0.24866,0.24982,0.2454,0.24708,22224741.0,2025-03-03 09:59:59.999,5510327.16689,22389,9676001.0,2400684.83654
2025-03-03 10:00:00,0.24706,0.25163,0.24676,0.25011,19647391.0,2025-03-03 10:59:59.999,4900366.17426,18747,10070404.0,2511662.27083
2025-03-03 11:00:00,0.25003,0.25164,0.24876,0.24974,11751534.0,2025-03-03 11:59:59.999,2940085.62141,12108,5375588.0,1345043.65617
2025-03-03 12:00:00,0.24973,0.25253,0.24899,0.25016,16923159.0,2025-03-03 12:59:59.999,4246859.91853,17040,7095353.0,1781042.03204
2025-03-03 13:00:00,0.25018,0.25197,0.24872,0.25089,14944392.0,2025-03-03 13:59:59.999,3742961.81512,16686,7132505.0,1786250.48698
2025-03-03 14:00:00,0.25089,0.25725,0.24478,0.24542,64145899.0,2025-03-03 14:59:59.999,16136141.89959,59618,34748124.0,8748372.0366
2025-03-03 15:00:00,0.24548,0.25298,0.24515,0.2469,28124609.0,2025-03-03 15:59:59.999,7017035.99164,30851,14348870.0,3579735.94581
2025-03-03 16:00:00,0.24693,0.24963,0.24524,0.24568,14946208.0,2025-03-03 16:59:59.999,3694401.10206,13314,6375124.0,1576394.49883
2025-03-03 17:00:00,0.24567,0.24774,0.24144,0.2426,22645488.0,2025-03-03 17:59:59.999,5525182.43312,19954,10298254.0,2514147.69517
2025-03-03 18:00:00,0.24266,0.24339,0.23299,0.23414,45657513.0,2025-03-03 18:59:59.999,10842004.29435,52873,20723289.0,4919165.59259
2025-03-03 19:00:00,0.23414,0.23614,0.22491,0.22537,45293654.0,2025-03-03 19:59:59.999,10393701.4477,55702,21801120.0,5008993.50576
2025-03-03 20:00:00,0.22537,0.22888,0.22277,0.22583,30569833.0,2025-03-03 20:59:59.999,6923970.3758,35033,16102464.0,3648900.14725
2025-03-03 21:00:00,0.22584,0.22793,0.21985,0.22123,20054182.0,2025-03-03 21:59:59.999,4491867.93146,16694,8146092.0,1828916.13996
2025-03-03 22:00:00,0.22124,0.22732,0.22113,0.22512,17304498.0,2025-03-03 22:59:59.999,3901812.75975,14832,7567488.0,1705898.60733
2025-03-03 23:00:00,0.2251,0.2257,0.22264,0.22324,11004358.0,2025-03-03 23:59:59.999,2469177.39216,10401,5159913.0,1158186.49965
2025-03-04 00:00:00,0.2233,0.23583,0.22152,0.23267,58121759.0,2025-03-04 00:59:59.999,13334629.77717,47734,32281092.0,7416061.73156
2025-03-04 01:00:00,0.23272,0.23365,0.22198,0.22593,73100967.0,2025-03-04 01:59:59.999,16600573.49652,56778,32199741.0,7320205.97124
2025-03-04 02:00:00,0.226,0.23287,0.2203,0.22955,40557635.0,2025-03-04 02:59:59.999,9176084.41666,38684,22256269.0,5041815.03924
2025-03-04 03:00:00,0.22954,0.23302,0.22517,0.22586,20794366.0,2025-03-04 03:59:59.999,4760788.08673,17910,8931593.0,2046798.02198
2025-03-04 04:00:00,0.22589,0.22924,0.22297,0.22305,22563635.0,2025-03-04 04:59:59.999,5094665.08779,16660,10308424.0,2330052.97165
2025-03-04 05:00:00,0.22309,0.22889,0.22253,0.22819,25926913.0,2025-03-04 05:59:59.999,5857979.92068,26068,13471392.0,3044399.40487
2025-03-04 06:00:00,0.22818,0.23093,0.22661,0.22745,27258295.0,2025-03-04 06:59:59.999,6235460.71363,22068,15222206.0,3483013.78626
2025-03-04 07:00:00,0.22744,0.22983,0.224,0.22905,20170849.0,2025-03-04 07:59:59.999,4591155.14181,16641,8759106.0,1994134.95474
2025-03-04 08:00:00,0.22906,0.23298,0.22845,0.23169,36573309.0,2025-03-04 08:59:59.999,8438682.63378,25248,18630290.0,4299751.81668
2025-03-04 09:00:00,0.23172,0.23549,0.22998,0.23151,26736093.0,2025-03-04 09:59:59.999,6222526.98831,26055,12585803.0,2930461.2463
2025-03-04 10:00:00,0.23153,0.2396,0.23112,0.23696,27579230.0,2025-03-04 10:59:59.999,6513787.74835,29174,15763363.0,3724502.91801
2025-03-04 11:00:00,0.23694,0.24359,0.23675,0.24118,36512386.0,2025-03-04 11:59:59.999,8782898.717,36990,18956464.0,4557423.63754
2025-03-04 12:00:00,0.24125,0.24606,0.23705,0.24119,33680686.0,2025-03-04 12:59:59.999,8124513.00348,31154,18093477.0,4363149.62106
2025-03-04 13:00:00,0.24119,0.24119,0.23164,0.23287,37590686.0,2025-03-04 13:59:59.999,8836576.82285,32677,17159046.0,4034885.14108
2025-03-04 14:00:00,0.23288,0.24245,0.22623,0.22992,66912204.0,2025-03-04 14:59:59.999,15612346.37297,68442,32427633.0,7574267.74448
2025-03-04 15:00:00,0.22997,0.23891,0.22841,0.23341,35500953.0,2025-03-04 15:59:59.999,8248212.31844,37648,18767336.0,4363033.95453
2025-03-04 16:00:00,0.23342,0.23877,0.22773,0.23603,32771065.0,2025-03-04 16:59:59.999,7597646.73341,33231,15623661.0,3622080.54841
2025-03-04 17:00:00,0.23596,0.24176,0.23472,0.23932,26260442.0,2025-03-04 17:59:59.999,6257514.3186,25278,14436263.0,3441450.74961
2025-03-04 18:00:00,0.23931,0.24704,0.23906,0.24646,27923778.0,2025-03-04 18:59:59.999,6799113.23004,26729,15550212.0,3787482.37715
2025-03-04 19:00:00,0.24646,0.24765,0.24206,0.24545,28158929.0,2025-03-04 19:59:59.999,6896949.68706,25519,14482337.0,3550059.31864
2025-03-04 20:00:00,0.24545,0.24764,0.23682,0.23721,23470563.0,2025-03-04 20:59:59.999,5703390.39006,22682,10793608.0,2625117.75908
2025-03-04 21:00:00,0.23726,0.24396,0.23636,0.24046,20112549.0,2025-03-04 21:59:59.999,4832325.69509,19336,10725210.0,2575973.39582
2025-03-04 22:00:00,0.24049,0.2448,0.23922,0.23954,15236372.0,2025-03-04 22:59:59.999,3685193.72298,12142,7272121.0,1758840.48769
2025-03-04 23:00:00,0.2395,0.24242,0.23829,0.24138,9669885.0,2025-03-04 23:59:59.999,2323123.49772,9219,4985724.0,1198517.69784
2025-03-05 00:00:00,0.24137,0.24613,0.23947,0.24196,19139675.0,2025-03-05 00:59:59.999,4647514.71369,17652,9867867.0,2396710.36621
2025-03-05 01:00:00,0.24192,0.25243,0.24028,0.25168,24420932.0,2025-03-05 01:59:59.999,6042800.11764,21423,13619110.0,3372129.6758
2025-03-05 02:00:00,0.25168,0.25719,0.24852,0.25383,23361436.0,2025-03-05 02:59:59.999,5907385.16267,20234,11894751.0,3008272.12019
2025-03-05 03:00:00,0.25381,0.25515,0.24676,0.24727,18497154.0,2025-03-05 03:59:59.999,4629354.3419,16991,8491700.0,2128418.76612
2025-03-05 04:00:00,0.24734,0.25044,0.24685,0.25029,12989906.0,2025-03-05 04:59:59.999,3225181.98458,12534,6725983.0,1670397.46159
2025-03-05 05:00:00,0.2503,0.25044,0.24734,0.24957,8927492.0,2025-03-05 05:59:59.999,2222925.46368,9739,4509263.0,1122631.39657
2025-03-05 06:00:00,0.24959,0.25475,0.24534,0.25394,16916439.0,2025-03-05 06:59:59.999,4229641.10175,16005,8658945.0,2164721.66958
2025-03-05 07:00:00,0.25395,0.25652,0.25177,0.25553,21427505.0,2025-03-05 07:59:59.999,5450944.50829,18686,10485931.0,2666798.2814
2025-03-05 08:00:00,0.25553,0.26005,0.25515,0.25603,34246160.0,2025-03-05 08:59:59.999,8813637.35651,27014,15825911.0,4074075.66458
2025-03-05 09:00:00,0.25604,0.26093,0.25525,0.25623,22947481.0,2025-03-05 09:59:59.999,5905049.52572,16534,10769425.0,2772509.94886
2025-03-05 10:00:00,0.25623,0.26499,0.25593,0.25804,23592533.0,2025-03-05 10:59:59.999,6141512.9032,22796,12155815.0,3163209.71801
2025-03-05 11:00:00,0.25804,0.26198,0.25398,0.25444,25499603.0,2025-03-05 11:59:59.999,6547956.80262,22922,11330614.0,2912228.45765
2025-03-05 12:00:00,0.25449,0.25601,0.2532,0.2549,14849542.0,2025-03-05 12:59:59.999,3778023.93568,13736,7081690.0,1802114.31172
2025-03-05 13:00:00,0.25488,0.25594,0.25081,0.25196,18742474.0,2025-03-05 13:59:59.999,4735476.00218,16615,9248324.0,2337728.9059
2025-03-05 14:00:00,0.25192,0.2522,0.24676,0.24718,25495175.0,2025-03-05 14:59:59.999,6371916.73979,28618,10612806.0,2652811.42858
2025-03-05 15:00:00,0.2472,0.24991,0.24423,0.24633,16497974.0,2025-03-05 15:59:59.999,4070481.45826,21299,8997228.0,2220123.04995
2025-03-05 16:00:00,0.2463,0.24748,0.24271,0.24501,17821830.0,2025-03-05 16:59:59.999,4359067.5492,15727,7875246.0,1926743.51427
2025-03-05 17:00:00,0.24491,0.24871,0.24389,0.24502,20355066.0,2025-03-05 17:59:59.999,5009473.91842,17816,11893368.0,2925719.67694
2025-03-05 18:00:00,0.24507,0.24649,0.2431,0.24585,10074709.0,2025-03-05 18:59:59.999,2464964.57664,11646,4919956.0,1204414.69554
2025-03-05 19:00:00,0.24587,0.24993,0.24585,0.24833,11537079.0,2025-03-05 19:59:59.999,2859044.77911,12350,5800938.0,1437576.37984
2025-03-05 20:00:00,0.24834,0.25102,0.24807,0.24934,8248403.0,2025-03-05 20:59:59.999,2057375.47409,10360,4061054.0,1012905.6558
2025-03-05 21:00:00,0.24929,0.2512,0.24808,0.25058,6475598.0,2025-03-05 21:59:59.999,1615232.93414,8023,3420907.0,853676.35511
2025-03-05 22:00:00,0.25058,0.25217,0.24921,0.25003,8053106.0,2025-03-05 22:59:59.999,2018505.67019,8380,4238472.0,1062320.9016
2025-03-05 23:00:00,0.25002,0.2518,0.24863,0.24908,12000339.0,2025-03-05 23:59:59.999,3004498.61286,9720,5778365.0,1446762.26269
2025-03-06 00:00:00,0.24907,0.24969,0.24362,0.24377,13383380.0,2025-03-06 00:59:59.999,3297550.80804,11957,5613972.0,1382865.49367
2025-03-06 01:00:00,0.24375,0.25194,0.24346,0.24893,14413506.0,2025-03-06 01:59:59.999,3573316.83555,13604,7344914.0,1819177.71287
2025-03-06 02:00:00,0.2489,0.25002,0.24611,0.2493,11659123.0,2025-03-06 02:59:59.999,2892574.32424,9568,4879766.0,1210674.78617
2025-03-06 03:00:00,0.24936,0.25122,0.24867,0.24939,7637629.0,2025-03-06 03:59:59.999,1909014.28364,9522,3901477.0,975142.38668
2025-03-06 04:00:00,0.24943,0.25297,0.24903,0.25216,18288365.0,2025-03-06 04:59:59.999,4588623.89526,12258,8740810.0,2192124.14505
2025-03-06 05:00:00,0.25219,0.25578,0.2496,0.25095,19189908.0,2025-03-06 05:59:59.999,4847496.04158,17642,9326518.0,2356657.92527
2025-03-06 06:00:00,0.251,0.25106,0.24738,0.24778,13171922.0,2025-03-06 06:59:59.999,3275740.03721,13713,5716806.0,1421905.31454
2025-03-06 07:00:00,0.24782,0.24865,0.24615,0.24697,7275774.0,2025-03-06 07:59:59.999,1799629.08279,7618,3167277.0,783475.60949
2025-03-06 08:00:00,0.24698,0.25124,0.24661,0.24875,15057167.0,2025-03-06 08:59:59.999,3753546.66771,14572,7917607.0,1973215.95232
2025-03-06 09:00:00,0.2487,0.24872,0.245,0.24658,13864181.0,2025-03-06 09:59:59.999,3417879.69145,12519,6420021.0,1584071.84344
2025-03-06 10:00:00,0.24661,0.251,0.24555,0.25019,12425481.0,2025-03-06 10:59:59.999,3098257.36093,12742,6210765.0,1548443.31132
2025-03-06 11:00:00,0.25021,0.25071,0.24793,0.249,8008987.0,2025-03-06 11:59:59.999,1997887.51206,7497,3519059.0,877704.98969
2025-03-06 12:00:00,0.24901,0.24911,0.2438,0.24408,15136065.0,2025-03-06 12:59:59.999,3720177.17129,14129,6704951.0,1648790.40008
2025-03-06 13:00:00,0.24406,0.24548,0.24262,0.24335,12285959.0,2025-03-06 13:59:59.999,2999502.4169,12663,6134278.0,1498004.75194
2025-03-06 14:00:00,0.24334,0.2444,0.2375,0.23974,20795770.0,2025-03-06 14:59:59.999,4999338.32295,20483,9991431.0,2402453.91935
2025-03-06 15:00:00,0.23974,0.24494,0.23929,0.24253,14608348.0,2025-03-06 15:59:59.999,3538724.79193,17093,8047151.0,1949484.11767
2025-03-06 16:00:00,0.24258,0.24555,0.23793,0.23805,15946139.0,2025-03-06 16:59:59.999,3855911.14753,16062,7127773.0,1724487.13824
2025-03-06 17:00:00,0.23808,0.23871,0.23548,0.23678,13537954.0,2025-03-06 17:59:59.999,3209532.5563,14723,6853936.0,1625555.38895
2025-03-06 18:00:00,0.23675,0.23752,0.2344,0.23563,8113572.0,2025-03-06 18:59:59.999,1913543.85364,9680,3686033.0,869774.3603
2025-03-06 19:00:00,0.23557,0.23861,0.23451,0.23678,7483422.0,2025-03-06 19:59:59.999,1772366.57244,8106,3593071.0,850739.99399
2025-03-06 20:00:00,0.23678,0.23875,0.23572,0.23709,5722712.0,2025-03-06 20:59:59.999,1358149.30364,8125,2513086.0,596496.024
2025-03-06 21:00:00,0.2372,0.23923,0.23637,0.23762,5271364.0,2025-03-06 21:59:59.999,1253270.2863,7080,3087008.0,733859.70584
2025-03-06 22:00:00,0.23764,0.2408,0.23638,0.23712,10281944.0,2025-03-06 22:59:59.999,2453295.80695,10428,5730256.0,1369116.58268
2025-03-06 23:00:00,0.23712,0.23915,0.23649,0.23771,5274043.0,2025-03-06 23:59:59.999,1254754.91044,7488,2684600.0,638717.92589
2025-03-07 00:00:00,0.23774,0.24148,0.22428,0.22596,47605642.0,2025-03-07 00:59:59.999,10977061.97773,79170,22011803.0,5081144.75006
2025-03-07 01:00:00,0.22596,0.23736,0.22484,0.23619,28297013.0,2025-03-07 01:59:59.999,6557897.16972,38731,14218633.0,3294983.8029
2025-03-07 02:00:00,0.23618,0.24015,0.23528,0.23528,13692067.0,2025-03-07 02:59:59.999,3251446.19759,17996,6800750.0,1615216.39493
2025-03-07 03:00:00,0.23528,0.23577,0.23283,0.23301,7859083.0,2025-03-07 03:59:59.999,1842240.30824,10282,3720992.0,872806.15861
2025-03-07 04:00:00,0.23303,0.23839,0.23243,0.23712,13447112.0,2025-03-07 04:59:59.999,3175100.91497,12898,7425499.0,1753321.62852
2025-03-07 05:00:00,0.23711,0.24904,0.23663,0.24605,29748171.0,2025-03-07 05:59:59.999,7288422.10413,37382,15729229.0,3849837.72012
2025-03-07 06:00:00,0.24605,0.2501,0.24356,0.2439,27404493.0,2025-03-07 06:59:59.999,6763224.31011,32923,13459741.0,3323015.34561
2025-03-07 07:00:00,0.24392,0.24709,0.24318,0.2468,12198380.0,2025-03-07 07:59:59.999,2986354.0132,16199,5847225.0,1431984.23466
2025-03-07 08:00:00,0.24686,0.25228,0.24578,0.25026,21065979.0,2025-03-07 08:59:59.999,5245767.03886,25196,10874905.0,2707709.78166
2025-03-07 09:00:00,0.25025,0.25529,0.25005,0.25292,24607688.0,2025-03-07 09:59:59.999,6227675.43281,29049,13757668.0,3483113.42399
2025-03-07 10:00:00,0.25288,0.25438,0.25062,0.25347,17277421.0,2025-03-07 10:59:59.999,4362638.56774,19457,8834119.0,2230015.45473
2025-03-07 11:00:00,0.25349,0.2542,0.2506,0.25228,13041476.0,2025-03-07 11:59:59.999,3287956.02092,18639,6403677.0,1614616.44667
2025-03-07 12:00:00,0.25229,0.25449,0.24694,0.2503,22563284.0,2025-03-07 12:59:59.999,5658028.06589,27501,10063517.0,2525145.94101
2025-03-07 13:00:00,0.25027,0.258,0.24952,0.25303,30622104.0,2025-03-07 13:59:59.999,7768683.51616,50498,14734778.0,3738323.54153
2025-03-07 14:00:00,0.25305,0.25641,0.24946,0.25215,34993201.0,2025-03-07 14:59:59.999,8861053.76463,54625,15599516.0,3951265.06539
2025-03-07 15:00:00,0.25215,0.25312,0.24257,0.24398,30011332.0,2025-03-07 15:59:59.999,7397028.19822,51397,14447772.0,3564162.54935
2025-03-07 16:00:00,0.24397,0.24632,0.23481,0.23789,30224739.0,2025-03-07 16:59:59.999,7247029.83035,55095,14785178.0,3545467.82217
2025-03-07 17:00:00,0.23792,0.24141,0.2372,0.23892,17376793.0,2025-03-07 17:59:59.999,4156712.21353,30116,9491798.0,2271051.63499
2025-03-07 18:00:00,0.23898,0.24374,0.23842,0.24323,12253494.0,2025-03-07 18:59:59.999,2960339.43754,26012,5783790.0,1397205.03923
2025-03-07 19:00:00,0.24324,0.2447,0.23783,0.23892,12664936.0,2025-03-07 19:59:59.999,3045383.70693,24601,5220822.0,1256598.37263
2025-03-07 20:00:00,0.23891,0.24312,0.23643,0.23974,14919018.0,2025-03-07 20:59:59.999,3572465.2917,32796,8072207.0,1933652.85709
2025-03-07 21:00:00,0.23971,0.24029,0.23222,0.23506,30124600.0,2025-03-07 21:59:59.999,7105541.07328,56816,13507904.0,3186127.89424
2025-03-07 22:00:00,0.23504,0.23605,0.23162,0.23555,22120033.0,2025-03-07 22:59:59.999,5170755.20532,21150,10805989.0,2530038.21457
2025-03-07 23:00:00,0.23556,0.23581,0.23121,0.23255,10075229.0,2025-03-07 23:59:59.999,2348790.39226,15021,5087726.0,1186359.96197
2025-03-08 00:00:00,0.23253,0.23497,0.23073,0.2348,10248103.0,2025-03-08 00:59:59.999,2387042.15403,14745,5653645.0,1317674.79168
2025-03-08 01:00:00,0.23481,0.23581,0.22864,0.23077,13646504.0,2025-03-08 01:59:59.999,3159573.34916,16704,5248739.0,1216405.27215
2025-03-08 02:00:00,0.23079,0.23152,0.22901,0.22953,3589162.0,2025-03-08 02:59:59.999,825888.91696,6371,1794604.0,413150.00646
2025-03-08 03:00:00,0.22956,0.2315,0.22709,0.22932,16115181.0,2025-03-08 03:59:59.999,3703866.40022,15564,9916291.0,2280506.03831
2025-03-08 04:00:00,0.22932,0.234,0.22828,0.23373,9826998.0,2025-03-08 04:59:59.999,2272316.99048,12174,6003553.0,1388668.79864
2025-03-08 05:00:00,0.23376,0.2349,0.23248,0.23258,5734217.0,2025-03-08 05:59:59.999,1340268.4944,8537,2562610.0,599285.33823
2025-03-08 06:00:00,0.23256,0.23409,0.2321,0.23255,5361846.0,2025-03-08 06:59:59.999,1250575.26912,7650,2856864.0,666513.34424
2025-03-08 07:00:00,0.23254,0.2337,0.23125,0.23184,4530849.0,2025-03-08 07:59:59.999,1054571.07957,7203,2516802.0,585969.60645
2025-03-08 08:00:00,0.23183,0.23205,0.22893,0.22893,7656344.0,2025-03-08 08:59:59.999,1762851.08837,9429,2950528.0,679622.85646
2025-03-08 09:00:00,0.22893,0.23062,0.22688,0.22747,5741213.0,2025-03-08 09:59:59.999,1312438.98412,7526,2335856.0,534337.79424
2025-03-08 10:00:00,0.22746,0.23022,0.22744,0.22904,5517023.0,2025-03-08 10:59:59.999,1264458.89309,9506,3063664.0,702029.12189
2025-03-08 11:00:00,0.2291,0.22937,0.22473,0.22589,10805376.0,2025-03-08 11:59:59.999,2446434.42604,15635,4262954.0,965489.43143
2025-03-08 12:00:00,0.22589,0.22783,0.22442,0.22606,6625903.0,2025-03-08 12:59:59.999,1499581.87664,10100,3418937.0,774159.65342
2025-03-08 13:00:00,0.22606,0.22809,0.22559,0.22748,7142342.0,2025-03-08 13:59:59.999,1618112.26436,9656,4148072.0,939784.87917
2025-03-08 14:00:00,0.22748,0.22871,0.22672,0.22728,9104615.0,2025-03-08 14:59:59.999,2073400.95895,13268,4045065.0,921016.83851
2025-03-08 15:00:00,0.22725,0.22906,0.22679,0.22684,5741340.0,2025-03-08 15:59:59.999,1308320.06444,8000,2402061.0,547587.75325
2025-03-08 16:00:00,0.22685,0.22717,0.22304,0.22509,10554101.0,2025-03-08 16:59:59.999,2370670.9529,11575,4030180.0,904919.70391
2025-03-08 17:00:00,0.2251,0.2274,0.22269,0.22541,13797412.0,2025-03-08 17:59:59.999,3108176.8501,14054,6684568.0,1505416.90799
2025-03-08 18:00:00,0.22536,0.22834,0.22525,0.22796,8195595.0,2025-03-08 18:59:59.999,1860734.75168,8255,4496266.0,1021109.03901
2025-03-08 19:00:00,0.22793,0.23016,0.22663,0.22966,6906036.0,2025-03-08 19:59:59.999,1578533.23484,9435,4060599.0,928702.54221
2025-03-08 20:00:00,0.22965,0.23139,0.22863,0.22949,11088870.0,2025-03-08 20:59:59.999,2550452.36669,12325,5671628.0,1304583.50187
2025-03-08 21:00:00,0.2295,0.2311,0.2288,0.22918,7222987.0,2025-03-08 21:59:59.999,1660411.11018,7454,2851451.0,655729.05374
2025-03-08 22:00:00,0.22915,0.2301,0.22763,0.22986,6232435.0,2025-03-08 22:59:59.999,1427204.28554,6433,2992679.0,685324.11405
2025-03-08 23:00:00,0.22988,0.22997,0.22635,0.22703,4267654.0,2025-03-08 23:59:59.999,971807.09823,5757,2092038.0,476109.66997
2025-03-09 00:00:00,0.22703,0.23143,0.22592,0.22821,12736457.0,2025-03-09 00:59:59.999,2914937.89055,14421,6992764.0,1600275.05276
2025-03-09 01:00:00,0.22821,0.23085,0.22575,0.22685,12857699.0,2025-03-09 01:59:59.999,2938641.08821,12894,6228428.0,1422991.05312
2025-03-09 02:00:00,0.22687,0.22716,0.22467,0.22503,8735745.0,2025-03-09 02:59:59.999,1971270.73048,9775,3408092.0,769161.71569
2025-03-09 03:00:00,0.22499,0.22536,0.22379,0.22451,4848327.0,2025-03-09 03:59:59.999,1088803.04011,6997,2267781.0,509361.67007
2025-03-09 04:00:00,0.22447,0.22585,0.22349,0.22548,3212856.0,2025-03-09 04:59:59.999,722033.89753,5555,1981918.0,445493.221
2025-03-09 05:00:00,0.22548,0.22635,0.2245,0.22492,4423695.0,2025-03-09 05:59:59.999,996658.79311,5899,2128423.0,479513.22828
2025-03-09 06:00:00,0.2249,0.22493,0.22276,0.22341,7907760.0,2025-03-09 06:59:59.999,1769309.01706,8664,3976597.0,889841.30149
2025-03-09 07:00:00,0.2234,0.22522,0.223,0.22393,3068405.0,2025-03-09 07:59:59.999,688109.73465,4823,1712784.0,384155.0992
2025-03-09 08:00:00,0.22392,0.22395,0.22202,0.2221,3930184.0,2025-03-09 08:59:59.999,875804.08461,5513,1468893.0,327381.46647
2025-03-09 09:00:00,0.22211,0.22246,0.21744,0.21908,18502320.0,2025-03-09 09:59:59.999,4079756.61884,12171,7536682.0,1663160.46952
2025-03-09 10:00:00,0.21909,0.22009,0.21394,0.21455,18286472.0,2025-03-09 10:59:59.999,3966364.76318,22860,8387248.0,1819937.81038
2025-03-09 11:00:00,0.21457,0.21721,0.21416,0.21558,9370635.0,2025-03-09 11:59:59.999,2021001.15778,13385,4536549.0,978877.10622
2025-03-09 12:00:00,0.21557,0.21637,0.21356,0.21614,10359067.0,2025-03-09 12:59:59.999,2226258.39002,14368,4577280.0,984273.72742
2025-03-09 13:00:00,0.21617,0.21735,0.21072,0.2108,12792004.0,2025-03-09 13:59:59.999,2735361.0938,19176,5401469.0,1156738.55616
2025-03-09 14:00:00,0.2108,0.21236,0.20944,0.21151,19606735.0,2025-03-09 14:59:59.999,4135473.88016,29932,9553920.0,2015609.2213
2025-03-09 15:00:00,0.2115,0.21246,0.20905,0.20918,18270019.0,2025-03-09 15:59:59.999,3845770.01159,21316,9912464.0,2087066.5531
2025-03-09 16:00:00,0.20916,0.21077,0.20311,0.20355,24661217.0,2025-03-09 16:59:59.999,5103688.09875,36377,13990547.0,2898082.38789
2025-03-09 17:00:00,0.20356,0.20602,0.20091,0.20143,17397177.0,2025-03-09 17:59:59.999,3538056.31656,26063,7899422.0,1608138.28067
2025-03-09 18:00:00,0.20143,0.20508,0.20001,0.20151,16093509.0,2025-03-09 18:59:59.999,3253640.54564,30468,8801192.0,1780711.62386
2025-03-09 19:00:00,0.20151,0.20434,0.20073,0.20301,15654906.0,2025-03-09 19:59:59.999,3170913.97995,17889,7570401.0,1533795.81905
2025-03-09 20:00:00,0.20302,0.20606,0.20257,0.20461,14148551.0,2025-03-09 20:59:59.999,2898905.10782,19208,6778753.0,1388835.67758
2025-03-09 21:00:00,0.20461,0.20529,0.20071,0.20104,11114020.0,2025-03-09 21:59:59.999,2253025.61469,10743,5660880.0,1147876.59953
2025-03-09 22:00:00,0.20104,0.20297,0.19978,0.20104,12578512.0,2025-03-09 22:59:59.999,2529128.91164,14101,5920032.0,1190627.8896
2025-03-09 23:00:00,0.20099,0.20207,0.19826,0.19941,13530333.0,2025-03-09 23:59:59.999,2704894.07531,22908,6625678.0,1325365.34897
2025-03-10 00:00:00,0.19942,0.20328,0.19511,0.20248,32774819.0,2025-03-10 00:59:59.999,6560314.71136,38783,14761574.0,2955602.86807
2025-03-10 01:00:00,0.20248,0.20617,0.20158,0.20438,23550185.0,2025-03-10 01:59:59.999,4812259.57249,26950,12964733.0,2649386.91708
2025-03-10 02:00:00,0.20435,0.20992,0.20366,0.20866,19307275.0,2025-03-10 02:59:59.999,4006641.90971,25731,10673546.0,2215286.9967
2025-03-10 03:00:00,0.20866,0.21145,0.20729,0.20909,17576382.0,2025-03-10 03:59:59.999,3676586.52844,21030,9368584.0,1960064.84221
2025-03-10 04:00:00,0.20909,0.21067,0.20793,0.20941,9555754.0,2025-03-10 04:59:59.999,2000456.00753,11903,4990751.0,1045293.91519
2025-03-10 05:00:00,0.20945,0.21047,0.20802,0.20883,11395984.0,2025-03-10 05:59:59.999,2388456.5857,11034,6477140.0,1357792.97759
2025-03-10 06:00:00,0.20884,0.20932,0.2074,0.20915,6184341.0,2025-03-10 06:59:59.999,1288902.71623,7393,3065794.0,639140.60017
2025-03-10 07:00:00,0.20918,0.21182,0.20876,0.20953,11730897.0,2025-03-10 07:59:59.999,2467045.13301,12960,5094908.0,1071289.37198
2025-03-10 08:00:00,0.20955,0.20979,0.20457,0.205,17546139.0,2025-03-10 08:59:59.999,3624890.57187,19004,7415187.0,1532979.357
2025-03-10 09:00:00,0.20499,0.21855,0.20495,0.21111,29832877.0,2025-03-10 09:59:59.999,6369343.93275,43055,16161884.0,3447969.3824
2025-03-10 10:00:00,0.2111,0.21216,0.20715,0.20909,13445678.0,2025-03-10 10:59:59.999,2815245.71574,19044,6354799.0,1331791.78564
2025-03-10 11:00:00,0.2091,0.21377,0.2079,0.21293,11346180.0,2025-03-10 11:59:59.999,2388739.61712,14929,6248976.0,1315956.98954
2025-03-10 12:00:00,0.21295,0.21377,0.20825,0.21044,14749259.0,2025-03-10 12:59:59.999,3105255.85354,16621,6893671.0,1451312.82077
2025-03-10 13:00:00,0.21046,0.21058,0.20419,0.20471,13457900.0,2025-03-10 13:59:59.999,2788134.62907,21203,6550374.0,1358400.96276
2025-03-10 14:00:00,0.20469,0.20469,0.19701,0.19963,35592330.0,2025-03-10 14:59:59.999,7121928.53823,56159,18280036.0,3658093.55417
2025-03-10 15:00:00,0.19963,0.207,0.19869,0.20268,24737750.0,2025-03-10 15:59:59.999,5020714.57272,32889,14156682.0,2874950.85834
2025-03-10 16:00:00,0.20264,0.20338,0.19791,0.19811,13628274.0,2025-03-10 16:59:59.999,2731665.94718,26620,5855122.0,1173903.2135
2025-03-10 17:00:00,0.19812,0.19877,0.19243,0.1931,34233762.0,2025-03-10 17:59:59.999,6684525.314,61358,17405730.0,3398738.98802
2025-03-10 18:00:00,0.19309,0.19528,0.18834,0.18844,27283977.0,2025-03-10 18:59:59.999,5244058.25832,47357,12215025.0,2350056.83749
2025-03-10 19:00:00,0.18845,0.19502,0.1882,0.19336,23750149.0,2025-03-10 19:59:59.999,4560330.40554,42310,13056191.0,2506852.91976
2025-03-10 20:00:00,0.19337,0.19416,0.18973,0.19253,12052358.0,2025-03-10 20:59:59.999,2316703.62279,19262,6059930.0,1164416.17038
2025-03-10 21:00:00,0.19252,0.19566,0.19166,0.19396,12072322.0,2025-03-10 21:59:59.999,2337234.37831,15112,6329794.0,1225626.79061
2025-03-10 22:00:00,0.19396,0.19483,0.19035,0.1907,12718417.0,2025-03-10 22:59:59.999,2440860.45101,20711,6342685.0,1216609.43383
2025-03-10 23:00:00,0.19071,0.19291,0.1891,0.18945,13463053.0,2025-03-10 23:59:59.999,2573309.81353,21152,6788164.0,1297876.87216
2025-03-11 00:00:00,0.18948,0.19276,0.17968,0.18403,47506584.0,2025-03-11 00:59:59.999,8751422.59915,81460,20276170.0,3738538.00251
2025-03-11 01:00:00,0.18402,0.18907,0.17897,0.18907,38608120.0,2025-03-11 01:59:59.999,7077931.57275,65316,18515901.0,3394952.63948
2025-03-11 02:00:00,0.18911,0.19137,0.18832,0.18951,21067464.0,2025-03-11 02:59:59.999,3999911.5756,35912,10798842.0,2050376.42325
2025-03-11 03:00:00,0.18952,0.19165,0.18842,0.1886,11076544.0,2025-03-11 03:59:59.999,2105591.37013,17317,6085486.0,1157089.39503
2025-03-11 04:00:00,0.1886,0.19269,0.18781,0.19045,14785699.0,2025-03-11 04:59:59.999,2822747.17124,19588,7972995.0,1521862.1787
2025-03-11 05:00:00,0.19044,0.19628,0.19031,0.19404,17703476.0,2025-03-11 05:59:59.999,3432798.48534,25382,8273833.0,1602793.57633
2025-03-11 06:00:00,0.19405,0.19733,0.19222,0.19243,15182155.0,2025-03-11 06:59:59.999,2960048.72798,21711,8113780.0,1581287.56227
2025-03-11 07:00:00,0.19242,0.19605,0.19213,0.19558,16189102.0,2025-03-11 07:59:59.999,3154082.80372,18802,8942274.0,1742341.88558
2025-03-11 08:00:00,0.19557,0.20008,0.195,0.19833,23274912.0,2025-03-11 08:59:59.999,4611997.00207,27210,10571449.0,2095258.44416
2025-03-11 09:00:00,0.19832,0.20317,0.19787,0.20011,22341749.0,2025-03-11 09:59:59.999,4488383.99758,23153,12986701.0,2610820.66693
2025-03-11 10:00:00,0.20012,0.20135,0.19867,0.1993,13949641.0,2025-03-11 10:59:59.999,2793963.51596,16881,7220565.0,1446541.04364
2025-03-11 11:00:00,0.19929,0.2031,0.19779,0.20136,13046054.0,2025-03-11 11:59:59.999,2612395.16603,17962,6459928.0,1293494.03058
2025-03-11 12:00:00,0.20135,0.20207,0.19655,0.19738,19725653.0,2025-03-11 12:59:59.999,3925938.84852,25242,8983477.0,1787901.31566
2025-03-11 13:00:00,0.19739,0.2038,0.19469,0.19816,37601835.0,2025-03-11 13:59:59.999,7470448.59676,71207,18475038.0,3667174.58225
2025-03-11 14:00:00,0.19817,0.20017,0.19033,0.19148,36953331.0,2025-03-11 14:59:59.999,7190938.23295,79833,17611781.0,3431259.53188
2025-03-11 15:00:00,0.19147,0.19902,0.19062,0.19762,21877707.0,2025-03-11 15:59:59.999,4270157.55695,48483,11458714.0,2236274.48287
2025-03-11 16:00:00,0.19762,0.20289,0.19475,0.19648,35044330.0,2025-03-11 16:59:59.999,6963786.3996,53789,17027003.0,3384858.89683
2025-03-11 17:00:00,0.19646,0.19647,0.19062,0.19218,24418200.0,2025-03-11 17:59:59.999,4723344.49665,38795,11521689.0,2227895.53448
2025-03-11 18:00:00,0.19218,0.20232,0.19204,0.20163,34104960.0,2025-03-11 18:59:59.999,6779693.81797,55030,16027067.0,3184046.56421
2025-03-11 19:00:00,0.20163,0.20439,0.20032,0.20094,29865393.0,2025-03-11 19:59:59.999,6038180.10007,45826,14872089.0,3008381.71796
2025-03-11 20:00:00,0.20089,0.2013,0.19753,0.19758,20198942.0,2025-03-11 20:59:59.999,4029124.74959,30775,8564337.0,1709147.93828
2025-03-11 21:00:00,0.19759,0.20098,0.19747,0.19844,19331473.0,2025-03-11 21:59:59.999,3847706.19923,20125,9107863.0,1813061.1439
2025-03-11 22:00:00,0.19843,0.19918,0.19684,0.19751,9377373.0,2025-03-11 22:59:59.999,1858072.33277,16945,3697931.0,732964.77887
2025-03-11 23:00:00,0.19751,0.19797,0.19447,0.19718,10110080.0,2025-03-11 23:59:59.999,1979426.04134,16032,5446923.0,1066621.77009
2025-03-12 00:00:00,0.19717,0.19997,0.19524,0.19764,23760571.0,2025-03-12 00:59:59.999,4701329.36648,31485,13230749.0,2619759.9509
2025-03-12 01:00:00,0.19762,0.20507,0.19727,0.20266,26307211.0,2025-03-12 01:59:59.999,5288923.54169,29183,14248587.0,2864277.8972
2025-03-12 02:00:00,0.20267,0.20511,0.19916,0.20098,34482658.0,2025-03-12 02:59:59.999,6964711.17948,33424,16511193.0,3334406.85034
2025-03-12 03:00:00,0.20105,0.203,0.19761,0.19834,15913116.0,2025-03-12 03:59:59.999,3190454.19573,18500,8086306.0,1623473.13581
2025-03-12 04:00:00,0.19834,0.20017,0.19626,0.19894,10947082.0,2025-03-12 04:59:59.999,2166499.63606,15861,5714006.0,1130899.04919
2025-03-12 05:00:00,0.19891,0.20403,0.19814,0.20329,15918350.0,2025-03-12 05:59:59.999,3198703.57105,17072,8485971.0,1705777.70636
2025-03-12 06:00:00,0.20328,0.20328,0.1975,0.19945,13889502.0,2025-03-12 06:59:59.999,2778700.38928,14753,6433398.0,1286894.47503
2025-03-12 07:00:00,0.19945,0.20249,0.19736,0.2011,14427303.0,2025-03-12 07:59:59.999,2884206.565,22210,7499596.0,1499501.7276
2025-03-12 08:00:00,0.20109,0.20461,0.20028,0.20296,18221516.0,2025-03-12 08:59:59.999,3688819.54135,24829,8818862.0,1785046.62518
2025-03-12 09:00:00,0.20297,0.20486,0.20006,0.2019,18060848.0,2025-03-12 09:59:59.999,3642343.8136,20797,8844703.0,1785174.273
2025-03-12 10:00:00,0.20194,0.20266,0.19915,0.20145,14869946.0,2025-03-12 10:59:59.999,2982710.25045,13407,7844976.0,1574394.60694
2025-03-12 11:00:00,0.20149,0.20346,0.20149,0.20298,11190590.0,2025-03-12 11:59:59.999,2263335.31164,11336,5286891.0,1069268.34043
2025-03-12 12:00:00,0.20291,0.21539,0.20286,0.21215,56497033.0,2025-03-12 12:59:59.999,11908867.01313,78932,28191403.0,5944745.90825
2025-03-12 13:00:00,0.21225,0.2135,0.20036,0.20168,36334979.0,2025-03-12 13:59:59.999,7495158.28994,45697,18190602.0,3754075.40192
2025-03-12 14:00:00,0.20167,0.2022,0.19661,0.19671,34385401.0,2025-03-12 14:59:59.999,6848649.23626,41020,16596837.0,3307025.44817
2025-03-12 15:00:00,0.19672,0.19853,0.19275,0.19784,35741117.0,2025-03-12 15:59:59.999,7003350.05696,43637,18214090.0,3570011.70158
2025-03-12 16:00:00,0.19784,0.20087,0.19698,0.19807,25156810.0,2025-03-12 16:59:59.999,5003999.42955,34191,12897714.0,2566042.30771
2025-03-12 17:00:00,0.19808,0.20148,0.19639,0.19657,19011111.0,2025-03-12 17:59:59.999,3789503.93584,21786,9353522.0,1865715.19087
2025-03-12 18:00:00,0.19659,0.19953,0.19626,0.19718,7557284.0,2025-03-12 18:59:59.999,1496413.89639,12592,3541014.0,701317.24365
2025-03-12 19:00:00,0.19719,0.19824,0.19455,0.19788,23060420.0,2025-03-12 19:59:59.999,4528532.2906,23232,11267528.0,2215252.76076
2025-03-12 20:00:00,0.19782,0.19911,0.19643,0.19802,10066247.0,2025-03-12 20:59:59.999,1992022.50468,13269,5124066.0,1013941.69964
2025-03-12 21:00:00,0.19803,0.19975,0.19699,0.19745,9603664.0,2025-03-12 21:59:59.999,1906655.64974,11729,4290619.0,852080.59873
2025-03-12 22:00:00,0.19747,0.20058,0.19739,0.20008,9825826.0,2025-03-12 22:59:59.999,1960255.18299,11621,5355643.0,1068275.66423
2025-03-12 23:00:00,0.20009,0.20151,0.19907,0.20089,10559203.0,2025-03-12 23:59:59.999,2113632.0948,10564,5410493.0,1083326.60982
2025-03-13 00:00:00,0.20086,0.20147,0.19809,0.19853,11788056.0,2025-03-13 00:59:59.999,2352510.63369,15395,5323903.0,1062388.81691
2025-03-13 01:00:00,0.19853,0.20028,0.19732,0.19955,9609647.0,2025-03-13 01:59:59.999,1908974.11486,11584,4590204.0,912533.14076
2025-03-13 02:00:00,0.19956,0.20111,0.19771,0.19801,11437480.0,2025-03-13 02:59:59.999,2280993.29117,12524,5722486.0,1141791.98497
2025-03-13 03:00:00,0.19803,0.19999,0.19655,0.19787,10166465.0,2025-03-13 03:59:59.999,2014865.30467,11130,4479159.0,888958.63957
2025-03-13 04:00:00,0.19789,0.19865,0.19542,0.19701,13694373.0,2025-03-13 04:59:59.999,2698307.7877,18001,6995822.0,1378188.18505
2025-03-13 05:00:00,0.19702,0.19842,0.19494,0.19535,10762905.0,2025-03-13 05:59:59.999,2113956.33811,16203,4889899.0,960267.57885
2025-03-13 06:00:00,0.19535,0.19558,0.19329,0.19471,11531406.0,2025-03-13 06:59:59.999,2239570.80518,14689,5458261.0,1060251.19369
2025-03-13 07:00:00,0.19475,0.19606,0.19401,0.19449,7607062.0,2025-03-13 07:59:59.999,1482469.77987,9183,3745802.0,730141.87041
2025-03-13 08:00:00,0.19449,0.19537,0.19283,0.19501,9663702.0,2025-03-13 08:59:59.999,1875446.52669,12466,4883382.0,947760.41459
2025-03-13 09:00:00,0.19502,0.19883,0.19471,0.19875,12900501.0,2025-03-13 09:59:59.999,2537782.89564,16352,7094781.0,1395801.55991
2025-03-13 10:00:00,0.19874,0.19883,0.19646,0.19858,12071979.0,2025-03-13 10:59:59.999,2387955.8502,14267,5974357.0,1182082.80526
2025-03-13 11:00:00,0.19858,0.19971,0.19622,0.19958,12013665.0,2025-03-13 11:59:59.999,2376619.29868,14228,6069585.0,1200997.84999
2025-03-13 12:00:00,0.19957,0.20332,0.19671,0.19772,28272628.0,2025-03-13 12:59:59.999,5648255.30864,36905,13301180.0,2657282.81269
2025-03-13 13:00:00,0.19771,0.20065,0.1939,0.19476,22166952.0,2025-03-13 13:59:59.999,4379730.53187,35684,9950840.0,1968762.39788
2025-03-13 14:00:00,0.19475,0.19656,0.1916,0.1933,27339212.0,2025-03-13 14:59:59.999,5306378.11632,34466,11556016.0,2245807.92829
2025-03-13 15:00:00,0.19332,0.19394,0.19053,0.19082,19163389.0,2025-03-13 15:59:59.999,3674553.94354,26200,9018029.0,1729855.8317
2025-03-13 16:00:00,0.19082,0.1913,0.18863,0.18964,15869304.0,2025-03-13 16:59:59.999,3014088.93324,22043,7583532.0,1440498.91968
2025-03-13 17:00:00,0.18965,0.18974,0.18567,0.18629,16037425.0,2025-03-13 17:59:59.999,3007473.04631,27787,7597716.0,1425029.65663
2025-03-13 18:00:00,0.18629,0.18896,0.18573,0.18699,24180383.0,2025-03-13 18:59:59.999,4529703.84537,32327,10370024.0,1942880.66108
2025-03-13 19:00:00,0.18699,0.18801,0.18481,0.18542,26623869.0,2025-03-13 19:59:59.999,4950294.58406,30436,14151187.0,2630799.2371
2025-03-13 20:00:00,0.18541,0.18678,0.1841,0.18445,20465380.0,2025-03-13 20:59:59.999,3795093.34749,24490,12076639.0,2239939.64158
2025-03-13 21:00:00,0.18444,0.18749,0.18436,0.18749,20004222.0,2025-03-13 21:59:59.999,3714605.18881,23958,11753090.0,2183043.32397
2025-03-13 22:00:00,0.18748,0.19142,0.18746,0.19129,12525301.0,2025-03-13 22:59:59.999,2369509.74102,12998,7057061.0,1334683.22653
2025-03-13 23:00:00,0.19127,0.19171,0.18902,0.18936,9071472.0,2025-03-13 23:59:59.999,1725187.62835,11145,4731027.0,900292.09986
2025-03-14 00:00:00,0.18937,0.191,0.18794,0.18907,11750216.0,2025-03-14 00:59:59.999,2225446.05601,14683,5042663.0,954833.50706
2025-03-14 01:00:00,0.18909,0.18971,0.18781,0.18821,8438994.0,2025-03-14 01:59:59.999,1591049.5032,10066,4639257.0,874679.56276
2025-03-14 02:00:00,0.18821,0.19256,0.18788,0.19171,9718633.0,2025-03-14 02:59:59.999,1849637.19454,11045,5495778.0,1046514.40015
2025-03-14 03:00:00,0.1917,0.19174,0.18925,0.19014,4908438.0,2025-03-14 03:59:59.999,933491.34214,5343,2378374.0,452307.37042
2025-03-14 04:00:00,0.19012,0.19065,0.1896,0.18998,4187233.0,2025-03-14 04:59:59.999,795624.32365,4842,1961630.0,372780.29684
2025-03-14 05:00:00,0.18998,0.19077,0.18938,0.19054,4212096.0,2025-03-14 05:59:59.999,800659.8555,5233,2161584.0,411003.67172
2025-03-14 06:00:00,0.19055,0.19085,0.1888,0.18917,5243708.0,2025-03-14 06:59:59.999,993808.35794,6023,2136414.0,405107.55073
2025-03-14 07:00:00,0.18916,0.19015,0.18827,0.18884,4369232.0,2025-03-14 07:59:59.999,825843.77482,5616,2098405.0,396647.0566
2025-03-14 08:00:00,0.18885,0.19179,0.18872,0.19104,8791606.0,2025-03-14 08:59:59.999,1674890.32571,10998,4750505.0,905100.22427
2025-03-14 09:00:00,0.19104,0.19289,0.19067,0.19177,12255215.0,2025-03-14 09:59:59.999,2351154.08695,12653,6793065.0,1303389.88013
2025-03-14 10:00:00,0.19182,0.19338,0.19082,0.19221,6845946.0,2025-03-14 10:59:59.999,1314590.67136,8756,3335465.0,640694.89304
2025-03-14 11:00:00,0.19222,0.19397,0.19191,0.1925,7307404.0,2025-03-14 11:59:59.999,1409941.47909,7670,3029592.0,584775.81087
2025-03-14 12:00:00,0.1925,0.19398,0.19127,0.19263,8526934.0,2025-03-14 12:59:59.999,1643600.57382,8626,3758970.0,724484.76392
2025-03-14 13:00:00,0.19263,0.19387,0.1917,0.19296,11836591.0,2025-03-14 13:59:59.999,2280705.67212,16027,5217403.0,1005308.0019
2025-03-14 14:00:00,0.19295,0.19488,0.19102,0.19333,22181628.0,2025-03-14 14:59:59.999,4274227.56733,27977,10840102.0,2090042.90467
2025-03-14 15:00:00,0.19334,0.19888,0.1933,0.19635,36526592.0,2025-03-14 15:59:59.999,7197144.37042,36746,16361256.0,3223251.81301
2025-03-14 16:00:00,0.19635,0.19779,0.19418,0.19734,14598199.0,2025-03-14 16:59:59.999,2856904.98706,20023,6834196.0,1338307.46203
2025-03-14 17:00:00,0.19733,0.19791,0.19473,0.19539,7857836.0,2025-03-14 17:59:59.999,1540241.81476,11262,3601278.0,706101.91811
2025-03-14 18:00:00,0.19539,0.19619,0.19321,0.19394,14901641.0,2025-03-14 18:59:59.999,2900928.06979,14276,8518471.0,1658791.40482
2025-03-14 19:00:00,0.19395,0.19503,0.19203,0.1927,7848013.0,2025-03-14 19:59:59.999,1518647.41827,10236,3953966.0,764895.07767
2025-03-14 20:00:00,0.1927,0.19288,0.18921,0.19058,18531025.0,2025-03-14 20:59:59.999,3531264.16017,21873,8761705.0,1670828.33267
2025-03-14 21:00:00,0.19058,0.19133,0.18976,0.19132,9539324.0,2025-03-14 21:59:59.999,1815658.93153,11757,4510107.0,858519.26245
2025-03-14 22:00:00,0.19132,0.19391,0.19073,0.19327,13099261.0,2025-03-14 22:59:59.999,2519960.22661,11137,5949901.0,1144180.25415
2025-03-14 23:00:00,0.19328,0.19351,0.19106,0.1911,8987438.0,2025-03-14 23:59:59.999,1729229.41301,10503,3549613.0,683311.58304
2025-03-15 00:00:00,0.19111,0.19725,0.19076,0.19603,33435696.0,2025-03-15 00:59:59.999,6522494.23376,35791,18845188.0,3674805.71308
2025-03-15 01:00:00,0.19603,0.19659,0.19345,0.19521,11833607.0,2025-03-15 01:59:59.999,2307849.9656,13222,5827640.0,1136466.98855
2025-03-15 02:00:00,0.19521,0.19557,0.19355,0.19476,8118176.0,2025-03-15 02:59:59.999,1578702.60406,8530,4083737.0,794069.16779
2025-03-15 03:00:00,0.19475,0.19555,0.19421,0.19446,6009207.0,2025-03-15 03:59:59.999,1171078.06079,7997,3060045.0,596371.41499
2025-03-15 04:00:00,0.19447,0.19645,0.19345,0.19575,8315024.0,2025-03-15 04:59:59.999,1619519.44059,9379,3367236.0,656722.51353
2025-03-15 05:00:00,0.19576,0.19603,0.19342,0.19355,6797432.0,2025-03-15 05:59:59.999,1321114.9088,7320,3363297.0,653499.97141
2025-03-15 06:00:00,0.19356,0.19391,0.19217,0.19239,6905515.0,2025-03-15 06:59:59.999,1333696.40507,7443,3683009.0,711666.2512
2025-03-15 07:00:00,0.19239,0.19252,0.19039,0.19143,9832639.0,2025-03-15 07:59:59.999,1881121.66994,9039,4080562.0,780641.14933
2025-03-15 08:00:00,0.19144,0.19285,0.19118,0.19253,7092880.0,2025-03-15 08:59:59.999,1362814.3201,7176,3675077.0,706134.76694
2025-03-15 09:00:00,0.19253,0.19384,0.19197,0.19345,7074146.0,2025-03-15 09:59:59.999,1363867.99097,6892,3824813.0,737377.19844
2025-03-15 10:00:00,0.19344,0.1936,0.19247,0.19332,3828682.0,2025-03-15 10:59:59.999,739365.43313,5020,1836876.0,354730.77735
2025-03-15 11:00:00,0.19333,0.19424,0.1925,0.19389,5383057.0,2025-03-15 11:59:59.999,1041769.78624,5774,2233654.0,432101.43117
2025-03-15 12:00:00,0.19388,0.1945,0.19266,0.19278,5928892.0,2025-03-15 12:59:59.999,1147715.69602,8370,2788972.0,540036.36335
2025-03-15 13:00:00,0.19278,0.19465,0.19253,0.1941,7896493.0,2025-03-15 13:59:59.999,1527860.04193,12873,3481212.0,673491.688
2025-03-15 14:00:00,0.19409,0.19412,0.19246,0.19251,10052188.0,2025-03-15 14:59:59.999,1940367.22204,13360,4286751.0,827382.56968
2025-03-15 15:00:00,0.19252,0.19371,0.19228,0.19277,5057257.0,2025-03-15 15:59:59.999,976915.83854,9834,2111278.0,407914.26146
2025-03-15 16:00:00,0.19277,0.19328,0.19151,0.192,6456106.0,2025-03-15 16:59:59.999,1241950.24786,10907,2554630.0,491514.7705
2025-03-15 17:00:00,0.192,0.19281,0.1916,0.19215,5509444.0,2025-03-15 17:59:59.999,1058716.29976,10424,1849785.0,355527.80113
2025-03-15 18:00:00,0.19215,0.19274,0.19056,0.19085,6300304.0,2025-03-15 18:59:59.999,1206513.80177,11399,2472930.0,473564.69459
2025-03-15 19:00:00,0.19086,0.19206,0.19016,0.1918,6163407.0,2025-03-15 19:59:59.999,1177327.17259,7745,2947978.0,563053.42045
2025-03-15 20:00:00,0.1918,0.19397,0.1918,0.19347,7465428.0,2025-03-15 20:59:59.999,1442108.1104,6853,4226136.0,816061.75091
2025-03-15 21:00:00,0.19348,0.19462,0.19332,0.19381,5186527.0,2025-03-15 21:59:59.999,1006435.23013,4417,2951926.0,572847.67373
2025-03-15 22:00:00,0.19382,0.19406,0.19267,0.19307,4636394.0,2025-03-15 22:59:59.999,896120.8701,5434,2321038.0,448585.978
2025-03-15 23:00:00,0.19308,0.19353,0.19164,0.19277,6560882.0,2025-03-15 23:59:59.999,1262498.37209,5813,2955826.0,568889.62891
2025-03-16 00:00:00,0.19277,0.19509,0.19214,0.19417,8385183.0,2025-03-16 00:59:59.999,1626667.1066,9612,4414839.0,856787.11103
2025-03-16 01:00:00,0.19419,0.19473,0.19087,0.1909,9073763.0,2025-03-16 01:59:59.999,1747700.01636,8380,3550983.0,684661.92917
2025-03-16 02:00:00,0.19089,0.19112,0.18828,0.18956,11330281.0,2025-03-16 02:59:59.999,2147460.37373,11047,5798351.0,1098760.05366
2025-03-16 03:00:00,0.18958,0.19134,0.18909,0.19133,4362619.0,2025-03-16 03:59:59.999,829357.20787,5725,2271221.0,431804.52038
2025-03-16 04:00:00,0.19133,0.19304,0.19087,0.19297,6562736.0,2025-03-16 04:59:59.999,1259147.59772,7250,3697036.0,709314.27673
2025-03-16 05:00:00,0.19298,0.194,0.19252,0.19353,5872226.0,2025-03-16 05:59:59.999,1135866.97235,7036,2451219.0,474228.31503
2025-03-16 06:00:00,0.19352,0.19357,0.19222,0.19227,4354588.0,2025-03-16 06:59:59.999,839633.93507,4859,2233949.0,430747.4474
2025-03-16 07:00:00,0.19227,0.19299,0.1909,0.19244,6198406.0,2025-03-16 07:59:59.999,1190166.47115,6027,2914700.0,559781.15798
2025-03-16 08:00:00,0.19243,0.19293,0.19128,0.19194,4392762.0,2025-03-16 08:59:59.999,843457.63195,5335,2098596.0,402910.47673
2025-03-16 09:00:00,0.19195,0.19205,0.1888,0.18898,8443037.0,2025-03-16 09:59:59.999,1604204.25411,7924,3031666.0,575360.9116
2025-03-16 10:00:00,0.189,0.18994,0.18805,0.1889,7922761.0,2025-03-16 10:59:59.999,1495724.64457,8647,4745112.0,895787.77528
2025-03-16 11:00:00,0.1889,0.1904,0.18486,0.18557,25247533.0,2025-03-16 11:59:59.999,4730130.68938,25576,10748629.0,2016654.86683
2025-03-16 12:00:00,0.18557,0.18767,0.18526,0.18747,10628027.0,2025-03-16 12:59:59.999,1983584.46236,14248,5166049.0,963976.33637
2025-03-16 13:00:00,0.18746,0.18863,0.18501,0.18507,10345347.0,2025-03-16 13:59:59.999,1933803.52985,12855,4754400.0,889374.83643
2025-03-16 14:00:00,0.18506,0.1879,0.18503,0.18772,8589337.0,2025-03-16 14:59:59.999,1600128.72529,11847,4636467.0,863671.813
2025-03-16 15:00:00,0.18771,0.18835,0.18567,0.1864,10329013.0,2025-03-16 15:59:59.999,1928943.58575,12327,5124564.0,956713.3549
2025-03-16 16:00:00,0.1864,0.19139,0.1861,0.18879,27399976.0,2025-03-16 16:59:59.999,5194181.68379,32140,13418207.0,2544006.37102
2025-03-16 17:00:00,0.18878,0.19002,0.18707,0.188,7432224.0,2025-03-16 17:59:59.999,1401706.71355,8738,3943075.0,743978.16872
2025-03-16 18:00:00,0.188,0.18827,0.18585,0.18642,6154336.0,2025-03-16 18:59:59.999,1150988.17404,8291,2889758.0,540520.27892
2025-03-16 19:00:00,0.18639,0.18652,0.1824,0.1838,17714918.0,2025-03-16 19:59:59.999,3264340.76598,17712,7492980.0,1381302.27702
2025-03-16 20:00:00,0.18381,0.18524,0.18287,0.18442,7140874.0,2025-03-16 20:59:59.999,1313173.49898,9166,3543595.0,651949.37847
2025-03-16 21:00:00,0.18441,0.18452,0.18294,0.18347,5299438.0,2025-03-16 21:59:59.999,974071.36913,5460,2774287.0,509897.35285
2025-03-16 22:00:00,0.18346,0.18414,0.18186,0.18287,6976605.0,2025-03-16 22:59:59.999,1278069.67958,9014,3144478.0,576510.31932
2025-03-16 23:00:00,0.18285,0.18535,0.18203,0.18475,7406491.0,2025-03-16 23:59:59.999,1361506.02655,9206,3382406.0,622103.0745
2025-03-17 00:00:00,0.18475,0.18962,0.18428,0.18832,12137555.0,2025-03-17 00:59:59.999,2265462.09134,13644,5612171.0,1047577.44204
2025-03-17 01:00:00,0.1883,0.18971,0.1875,0.18864,6508019.0,2025-03-17 01:59:59.999,1228186.75447,8450,2980168.0,562382.07456
2025-03-17 02:00:00,0.18865,0.19324,0.18854,0.19243,13715741.0,2025-03-17 02:59:59.999,2623659.62511,13935,7698499.0,1472334.22832
2025-03-17 03:00:00,0.19242,0.19409,0.19207,0.1935,12479241.0,2025-03-17 03:59:59.999,2410703.1467,12196,7146360.0,1380522.2198
2025-03-17 04:00:00,0.1935,0.19591,0.1925,0.19362,16702202.0,2025-03-17 04:59:59.999,3249969.11914,14243,9328980.0,1815815.59204
2025-03-17 05:00:00,0.19361,0.19425,0.19173,0.19187,8343231.0,2025-03-17 05:59:59.999,1610715.71651,9172,3999351.0,772518.37926
2025-03-17 06:00:00,0.19189,0.19265,0.1895,0.19211,11150048.0,2025-03-17 06:59:59.999,2133396.67538,11651,5162575.0,988099.67034
2025-03-17 07:00:00,0.19212,0.19471,0.19187,0.19337,9786840.0,2025-03-17 07:59:59.999,1892609.60707,11501,5823213.0,1126303.32174
2025-03-17 08:00:00,0.19337,0.19372,0.19078,0.19189,10555000.0,2025-03-17 08:59:59.999,2025756.69459,11332,5296224.0,1016221.41366
2025-03-17 09:00:00,0.19188,0.19254,0.19057,0.19143,7688042.0,2025-03-17 09:59:59.999,1472695.57378,9109,3901419.0,747523.11466
2025-03-17 10:00:00,0.19141,0.19151,0.18996,0.19023,7022610.0,2025-03-17 10:59:59.999,1338067.10226,8148,3243035.0,617972.40215
2025-03-17 11:00:00,0.19023,0.192,0.18954,0.19063,6154191.0,2025-03-17 11:59:59.999,1175403.54692,7326,3187423.0,608933.14192
2025-03-17 12:00:00,0.19063,0.19398,0.18988,0.19056,20375219.0,2025-03-17 12:59:59.999,3909150.5114,24463,10161311.0,1949027.53987
2025-03-17 13:00:00,0.19061,0.1929,0.18962,0.19119,14377773.0,2025-03-17 13:59:59.999,2749392.80999,17105,7549661.0,1444564.82368
2025-03-17 14:00:00,0.19118,0.19172,0.18944,0.18998,14477303.0,2025-03-17 14:59:59.999,2760326.42287,18491,7022945.0,1339184.41174
2025-03-17 15:00:00,0.18999,0.19258,0.18959,0.19185,11355467.0,2025-03-17 15:59:59.999,2172621.54761,13955,6633249.0,1269566.82719
2025-03-17 16:00:00,0.19185,0.19265,0.19027,0.19091,8910611.0,2025-03-17 16:59:59.999,1708268.55133,11927,4113610.0,788904.6463
2025-03-17 17:00:00,0.1909,0.19308,0.19062,0.19272,8214868.0,2025-03-17 17:59:59.999,1579287.88725,10124,4354217.0,837376.47965
2025-03-17 18:00:00,0.19272,0.19477,0.19211,0.19469,13442625.0,2025-03-17 18:59:59.999,2598293.25326,12678,7132679.0,1377346.25606
2025-03-17 19:00:00,0.19468,0.19497,0.1931,0.19316,6650130.0,2025-03-17 19:59:59.999,1289505.21348,8574,3055398.0,592320.6864
2025-03-17 20:00:00,0.19316,0.19356,0.19124,0.19194,9195620.0,2025-03-17 20:59:59.999,1769870.38097,9453,4036147.0,777180.05094
2025-03-17 21:00:00,0.19194,0.19285,0.19126,0.19135,5348137.0,2025-03-17 21:59:59.999,1026740.37372,4407,2618355.0,502342.19633
2025-03-17 22:00:00,0.19136,0.19215,0.19116,0.19149,3649629.0,2025-03-17 22:59:59.999,699218.86489,4260,1815956.0,347854.02488
2025-03-17 23:00:00,0.19149,0.1919,0.1905,0.19148,3956558.0,2025-03-17 23:59:59.999,756082.79327,4925,1587264.0,303433.59619
2025-03-18 00:00:00,0.19148,0.19175,0.18887,0.19006,8698791.0,2025-03-18 00:59:59.999,1654625.03843,8799,3789308.0,720806.23148
2025-03-18 01:00:00,0.19008,0.19087,0.18761,0.18824,9303216.0,2025-03-18 01:59:59.999,1759604.30788,10740,4902022.0,927962.58066
2025-03-18 02:00:00,0.18825,0.19002,0.18808,0.18866,5742659.0,2025-03-18 02:59:59.999,1085070.96432,7020,2799346.0,529022.13735
2025-03-18 03:00:00,0.18863,0.18865,0.18623,0.18652,7295785.0,2025-03-18 03:59:59.999,1365745.77669,8606,2696769.0,504967.0895
2025-03-18 04:00:00,0.18651,0.18686,0.18573,0.18616,5028090.0,2025-03-18 04:59:59.999,937067.23947,7847,2553739.0,476011.7092
2025-03-18 05:00:00,0.18616,0.18839,0.18611,0.18774,4404788.0,2025-03-18 05:59:59.999,825572.08557,6151,2704512.0,506913.18347
2025-03-18 06:00:00,0.18774,0.18799,0.18487,0.18508,6189939.0,2025-03-18 06:59:59.999,1151019.08385,10073,2464973.0,458346.72024
2025-03-18 07:00:00,0.18506,0.18817,0.1849,0.18789,7989386.0,2025-03-18 07:59:59.999,1493527.7151,10346,4434828.0,829696.80363
2025-03-18 08:00:00,0.18787,0.18919,0.18687,0.18873,6708692.0,2025-03-18 08:59:59.999,1262131.52533,7205,3314629.0,623829.32296
2025-03-18 09:00:00,0.18873,0.18895,0.18697,0.18719,4259303.0,2025-03-18 09:59:59.999,801273.25206,5985,1903652.0,358200.59972
2025-03-18 10:00:00,0.18718,0.1878,0.18604,0.18695,4004257.0,2025-03-18 10:59:59.999,747828.91445,6289,1745260.0,325944.03717
2025-03-18 11:00:00,0.18694,0.18718,0.18506,0.18537,4604676.0,2025-03-18 11:59:59.999,856161.66422,6421,2099616.0,390686.22891
2025-03-18 12:00:00,0.18536,0.18633,0.18467,0.18498,5546008.0,2025-03-18 12:59:59.999,1028305.35814,7173,2644548.0,490536.46015
2025-03-18 13:00:00,0.18496,0.18597,0.18236,0.18287,17462546.0,2025-03-18 13:59:59.999,3216545.22831,22145,6817537.0,1255026.22027
2025-03-18 14:00:00,0.18285,0.18551,0.18233,0.18433,7794334.0,2025-03-18 14:59:59.999,1432558.10063,13002,3810443.0,700629.49956
2025-03-18 15:00:00,0.18432,0.18497,0.18336,0.18375,4537773.0,2025-03-18 15:59:59.999,834783.87809,9074,2059750.0,378997.05253
2025-03-18 16:00:00,0.18376,0.18479,0.18279,0.18394,5212712.0,2025-03-18 16:59:59.999,957577.68106,8287,2377941.0,437126.97426
2025-03-18 17:00:00,0.18397,0.18445,0.18266,0.18315,5559781.0,2025-03-18 17:59:59.999,1019670.44689,8163,2751079.0,504547.80641
2025-03-18 18:00:00,0.18314,0.1846,0.18223,0.18427,4873370.0,2025-03-18 18:59:59.999,894077.42875,7283,2719017.0,499118.20984
2025-03-18 19:00:00,0.18427,0.1858,0.18411,0.18559,4798369.0,2025-03-18 19:59:59.999,887764.3729,6220,2551518.0,472104.63755
2025-03-18 20:00:00,0.18558,0.18638,0.18427,0.18517,4794941.0,2025-03-18 20:59:59.999,889071.05792,5144,2386383.0,442878.15
2025-03-18 21:00:00,0.18517,0.1854,0.18435,0.18524,2733343.0,2025-03-18 21:59:59.999,505586.43266,2835,1357455.0,251096.40749
2025-03-18 22:00:00,0.18523,0.18717,0.18494,0.1867,4547847.0,2025-03-18 22:59:59.999,845968.53097,5448,2741540.0,510177.71777
2025-03-18 23:00:00,0.18671,0.18893,0.18671,0.18849,8830547.0,2025-03-18 23:59:59.999,1661851.82642,7523,4052216.0,762420.7408
2025-03-19 00:00:00,0.18851,0.19104,0.18848,0.18936,11597690.0,2025-03-19 00:59:59.999,2200915.04771,10788,6234472.0,1183200.33382
2025-03-19 01:00:00,0.18936,0.18988,0.18646,0.18646,7845586.0,2025-03-19 01:59:59.999,1474977.19981,7810,3209514.0,603454.64946
2025-03-19 02:00:00,0.18644,0.18757,0.18611,0.18753,4602975.0,2025-03-19 02:59:59.999,859505.65797,5457,2425097.0,452842.17377
2025-03-19 03:00:00,0.18753,0.18855,0.18649,0.18839,3726317.0,2025-03-19 03:59:59.999,698887.46514,4631,1986676.0,372816.14184
2025-03-19 04:00:00,0.18839,0.18855,0.18687,0.18707,3433358.0,2025-03-19 04:59:59.999,643701.64025,4924,1772814.0,332447.27406
2025-03-19 05:00:00,0.18707,0.18823,0.18675,0.18771,7750879.0,2025-03-19 05:59:59.999,1452932.1546,7640,3635319.0,681287.21314
2025-03-19 06:00:00,0.18771,0.18825,0.18723,0.18751,3235868.0,2025-03-19 06:59:59.999,607393.52456,3927,1662475.0,312022.30886
2025-03-19 07:00:00,0.18751,0.18881,0.18716,0.18735,7573064.0,2025-03-19 07:59:59.999,1422540.44915,6956,3449410.0,647888.10657
2025-03-19 08:00:00,0.18736,0.1886,0.18734,0.18826,4058596.0,2025-03-19 08:59:59.999,763558.0349,5545,2195369.0,413010.3021
2025-03-19 09:00:00,0.18825,0.19,0.18801,0.1891,7120831.0,2025-03-19 09:59:59.999,1345636.47053,6322,3798481.0,717846.3172
2025-03-19 10:00:00,0.1891,0.19097,0.18886,0.18959,9749447.0,2025-03-19 10:59:59.999,1850298.19319,11041,4797177.0,910541.91532
2025-03-19 11:00:00,0.18959,0.1932,0.18939,0.19256,13757031.0,2025-03-19 11:59:59.999,2636233.60625,15412,7062778.0,1353731.66474
2025-03-19 12:00:00,0.19256,0.19314,0.19037,0.19137,10097966.0,2025-03-19 12:59:59.999,1935197.73809,10860,4823781.0,924653.06815
2025-03-19 13:00:00,0.19137,0.19549,0.19061,0.19295,40119118.0,2025-03-19 13:59:59.999,7742811.34238,65617,19976787.0,3857902.10895
2025-03-19 14:00:00,0.19296,0.19504,0.19197,0.19367,19189471.0,2025-03-19 14:59:59.999,3719187.51996,28243,9150803.0,1773468.65762
2025-03-19 15:00:00,0.19365,0.19503,0.19281,0.19449,9925341.0,2025-03-19 15:59:59.999,1926606.92466,13271,5338508.0,1036491.91733
2025-03-19 16:00:00,0.19449,0.1949,0.19141,0.19308,16637877.0,2025-03-19 16:59:59.999,3207792.31825,16367,6776938.0,1306730.60869
2025-03-19 17:00:00,0.19308,0.19336,0.19049,0.19115,12388794.0,2025-03-19 17:59:59.999,2374597.83215,16347,5652163.0,1083752.21555
2025-03-19 18:00:00,0.19116,0.19457,0.18886,0.19387,25316427.0,2025-03-19 18:59:59.999,4850818.18409,37356,12549224.0,2407616.68725
2025-03-19 19:00:00,0.1939,0.1961,0.19319,0.19422,17484856.0,2025-03-19 19:59:59.999,3404134.6348,26122,9230136.0,1797830.81852
2025-03-19 20:00:00,0.19423,0.19598,0.19386,0.19446,8773958.0,2025-03-19 20:59:59.999,1711388.8397,9957,4141903.0,807974.77839
2025-03-19 21:00:00,0.19445,0.19617,0.19435,0.19591,8809710.0,2025-03-19 21:59:59.999,1723331.37375,10029,4988570.0,975958.66333
2025-03-19 22:00:00,0.19593,0.19841,0.19584,0.19693,12748540.0,2025-03-19 22:59:59.999,2514209.91946,15036,6446515.0,1271285.93749
2025-03-19 23:00:00,0.19692,0.19797,0.19658,0.19753,7700242.0,2025-03-19 23:59:59.999,1519328.71771,9355,3982109.0,785903.30991
2025-03-20 00:00:00,0.19754,0.19912,0.19407,0.1943,17726282.0,2025-03-20 00:59:59.999,3493424.03265,19764,7573385.0,1494204.90696
2025-03-20 01:00:00,0.19429,0.19535,0.19344,0.19392,6799062.0,2025-03-20 01:59:59.999,1320591.51668,8060,3803230.0,738755.48507
2025-03-20 02:00:00,0.19392,0.19424,0.19301,0.19403,4452939.0,2025-03-20 02:59:59.999,861744.3454,5997,2245618.0,434569.76157
2025-03-20 03:00:00,0.19404,0.19429,0.19302,0.19402,3865562.0,2025-03-20 03:59:59.999,748494.20745,5369,2059219.0,398791.01299
2025-03-20 04:00:00,0.19402,0.1945,0.19318,0.19353,4242101.0,2025-03-20 04:59:59.999,822282.91351,4756,1726407.0,334657.5597
2025-03-20 05:00:00,0.19354,0.19406,0.19254,0.19368,6859220.0,2025-03-20 05:59:59.999,1324167.57725,7560,3189687.0,615819.84604
2025-03-20 06:00:00,0.19368,0.1959,0.19359,0.19581,8033666.0,2025-03-20 06:59:59.999,1562686.2255,8097,4380870.0,852473.47743
2025-03-20 07:00:00,0.19581,0.19641,0.19301,0.19346,9986345.0,2025-03-20 07:59:59.999,1939916.4568,11925,4268422.0,829103.60434
2025-03-20 08:00:00,0.19346,0.19577,0.19256,0.19536,6854847.0,2025-03-20 08:59:59.999,1333067.99131,7830,3869591.0,752929.0148
2025-03-20 09:00:00,0.19536,0.1957,0.19408,0.19431,3957636.0,2025-03-20 09:59:59.999,770064.34981,5423,1811501.0,352519.70568
2025-03-20 10:00:00,0.19432,0.1949,0.18933,0.19119,17401898.0,2025-03-20 10:59:59.999,3326832.34317,15328,6216345.0,1189659.01433
2025-03-20 11:00:00,0.19119,0.19186,0.19055,0.19088,6756198.0,2025-03-20 11:59:59.999,1291671.63397,7169,2816699.0,538481.34443
2025-03-20 12:00:00,0.19088,0.19121,0.18968,0.19097,6488978.0,2025-03-20 12:59:59.999,1235819.95455,7932,2663379.0,507461.48135
2025-03-20 13:00:00,0.19097,0.19352,0.19085,0.19248,8961666.0,2025-03-20 13:59:59.999,1721350.19454,11100,5583307.0,1072757.85285
2025-03-20 14:00:00,0.19248,0.19427,0.19164,0.19421,12869671.0,2025-03-20 14:59:59.999,2483693.50141,14012,6612253.0,1276391.00385
2025-03-20 15:00:00,0.19422,0.19471,0.19004,0.19019,14020699.0,2025-03-20 15:59:59.999,2693717.3832,17941,6445511.0,1238834.42973
2025-03-20 16:00:00,0.19018,0.1914,0.18739,0.18819,15070856.0,2025-03-20 16:59:59.999,2846390.0335,22048,6169219.0,1165432.9468
2025-03-20 17:00:00,0.1882,0.19073,0.18792,0.18997,6399950.0,2025-03-20 17:59:59.999,1212101.49134,9550,3500926.0,662995.37888
2025-03-20 18:00:00,0.18998,0.19088,0.18936,0.18949,4450288.0,2025-03-20 18:59:59.999,846147.38074,6465,2154051.0,409538.32569
2025-03-20 19:00:00,0.18947,0.18992,0.18893,0.18973,3191677.0,2025-03-20 19:59:59.999,604506.58836,4886,1671773.0,316673.36514
2025-03-20 20:00:00,0.18972,0.1906,0.18923,0.19014,2223189.0,2025-03-20 20:59:59.999,422473.93529,3712,1188949.0,225916.45349
2025-03-20 21:00:00,0.19013,0.19069,0.1897,0.19004,3501065.0,2025-03-20 21:59:59.999,665536.05736,3371,2049343.0,389516.33256
2025-03-20 22:00:00,0.19003,0.19042,0.1891,0.18947,3110709.0,2025-03-20 22:59:59.999,590132.99719,4302,1620823.0,307492.5778
2025-03-20 23:00:00,0.18948,0.19002,0.18865,0.18998,5037371.0,2025-03-20 23:59:59.999,953188.05695,9560,2836700.0,536797.77171
2025-03-21 00:00:00,0.18997,0.19156,0.18979,0.19038,5466525.0,2025-03-21 00:59:59.999,1042094.69648,13354,3188827.0,608079.37263
2025-03-21 01:00:00,0.19037,0.19092,0.1896,0.1903,3110731.0,2025-03-21 01:59:59.999,591542.75158,7928,1568175.0,298236.26648
2025-03-21 02:00:00,0.19029,0.19042,0.18877,0.18917,5280719.0,2025-03-21 02:59:59.999,999530.62696,6519,1948858.0,368846.07942
2025-03-21 03:00:00,0.18917,0.18923,0.18671,0.18707,6601722.0,2025-03-21 03:59:59.999,1238123.0178,8911,2284064.0,428309.92605
2025-03-21 04:00:00,0.18707,0.18819,0.18701,0.18781,2982091.0,2025-03-21 04:59:59.999,559879.29562,5073,1396837.0,262204.54739
2025-03-21 05:00:00,0.1878,0.18785,0.18685,0.18739,3842062.0,2025-03-21 05:59:59.999,719624.77509,8547,1953618.0,365911.45393
2025-03-21 06:00:00,0.18738,0.18741,0.18563,0.18597,7257387.0,2025-03-21 06:59:59.999,1351563.09866,9334,3159910.0,588577.83732
2025-03-21 07:00:00,0.18597,0.18613,0.18398,0.18575,12595083.0,2025-03-21 07:59:59.999,2329703.55907,13772,6118862.0,1132268.17264
2025-03-21 08:00:00,0.18573,0.18633,0.18458,0.18565,6414583.0,2025-03-21 08:59:59.999,1189428.21827,11310,2621565.0,486198.59187
2025-03-21 09:00:00,0.18564,0.18614,0.18446,0.18501,4817115.0,2025-03-21 09:59:59.999,892455.00979,6573,2193949.0,406573.35995
2025-03-21 10:00:00,0.18499,0.18538,0.18379,0.1849,4952469.0,2025-03-21 10:59:59.999,914131.80575,7557,2577770.0,475980.04831
2025-03-21 11:00:00,0.1849,0.18497,0.18366,0.18427,6211001.0,2025-03-21 11:59:59.999,1143869.48959,7532,2387818.0,439865.80456
2025-03-21 12:00:00,0.18426,0.18472,0.18222,0.18274,8595299.0,2025-03-21 12:59:59.999,1576958.82484,14253,3390160.0,622436.65365
2025-03-21 13:00:00,0.18272,0.18444,0.18207,0.18401,7832192.0,2025-03-21 13:59:59.999,1434823.45468,14452,4126828.0,756371.56457
2025-03-21 14:00:00,0.18402,0.18523,0.18289,0.18457,8071311.0,2025-03-21 14:59:59.999,1486868.42086,10111,3875176.0,714494.54032
2025-03-21 15:00:00,0.18456,0.18474,0.18272,0.1828,4475883.0,2025-03-21 15:59:59.999,822353.61143,9634,1926861.0,354233.14936
2025-03-21 16:00:00,0.18279,0.18513,0.18211,0.18508,7126272.0,2025-03-21 16:59:59.999,1308910.82198,11923,3991370.0,733733.82636
2025-03-21 17:00:00,0.18508,0.18568,0.18434,0.18529,3797348.0,2025-03-21 17:59:59.999,702551.56467,6117,2303157.0,426202.75846
2025-03-21 18:00:00,0.1853,0.18709,0.18506,0.18595,6182492.0,2025-03-21 18:59:59.999,1151896.01482,7621,3019820.0,562557.7902
2025-03-21 19:00:00,0.18595,0.18635,0.18549,0.18618,3527081.0,2025-03-21 19:59:59.999,655850.18333,4275,1867628.0,347306.5122
2025-03-21 20:00:00,0.18617,0.18705,0.18593,0.18689,4915570.0,2025-03-21 20:59:59.999,916341.33686,4700,2757500.0,513980.00454
2025-03-21 21:00:00,0.18687,0.18722,0.18598,0.18639,3661454.0,2025-03-21 21:59:59.999,683871.53705,3179,1659415.0,309980.50178
2025-03-21 22:00:00,0.18639,0.18641,0.18471,0.18526,4651206.0,2025-03-21 22:59:59.999,862436.64598,6219,2148218.0,398357.0135
2025-03-21 23:00:00,0.18524,0.18524,0.18385,0.18459,5290964.0,2025-03-21 23:59:59.999,975932.87335,5740,2618446.0,483065.60212
2025-03-22 00:00:00,0.18458,0.18533,0.18403,0.18439,5900803.0,2025-03-22 00:59:59.999,1089251.88512,7433,2394536.0,442016.05659
2025-03-22 01:00:00,0.1844,0.18509,0.18288,0.18293,6413305.0,2025-03-22 01:59:59.999,1179107.88354,6375,2517202.0,462880.13484
2025-03-22 02:00:00,0.18293,0.18394,0.18267,0.18333,4223319.0,2025-03-22 02:59:59.999,774061.95429,5522,2512936.0,460583.91309
2025-03-22 03:00:00,0.18332,0.18388,0.18266,0.18378,5242892.0,2025-03-22 03:59:59.999,959778.39486,7025,3093682.0,566315.68989
2025-03-22 04:00:00,0.18377,0.18474,0.18295,0.18459,5925880.0,2025-03-22 04:59:59.999,1089144.80049,8718,2795228.0,513929.33127
2025-03-22 05:00:00,0.1846,0.1852,0.18369,0.18427,5292494.0,2025-03-22 05:59:59.999,975976.66849,9507,2738896.0,505093.26301
2025-03-22 06:00:00,0.18426,0.18531,0.18412,0.1848,5168468.0,2025-03-22 06:59:59.999,955409.57243,6137,2676233.0,494691.97351
2025-03-22 07:00:00,0.18478,0.18536,0.18452,0.18464,4228755.0,2025-03-22 07:59:59.999,782108.55841,4397,2210274.0,408832.08804
2025-03-22 08:00:00,0.18464,0.18512,0.18416,0.18469,3770309.0,2025-03-22 08:59:59.999,696291.9674,4950,2108852.0,389481.44558
2025-03-22 09:00:00,0.18469,0.18628,0.18466,0.1856,5986131.0,2025-03-22 09:59:59.999,1110790.00783,6770,3414767.0,633613.54243
2025-03-22 10:00:00,0.18559,0.18612,0.18542,0.18565,3743222.0,2025-03-22 10:59:59.999,695122.56566,6586,2110423.0,391860.60889
2025-03-22 11:00:00,0.18566,0.18569,0.18397,0.18413,6557903.0,2025-03-22 11:59:59.999,1210624.1233,7264,3153679.0,582114.4107
2025-03-22 12:00:00,0.18412,0.18421,0.1829,0.18368,10338223.0,2025-03-22 12:59:59.999,1897441.13366,7916,4905246.0,900366.14782
2025-03-22 13:00:00,0.18368,0.1839,0.18244,0.18348,7869061.0,2025-03-22 13:59:59.999,1441004.77281,8682,4003711.0,733199.65425
2025-03-22 14:00:00,0.18346,0.18348,0.18229,0.18252,6016683.0,2025-03-22 14:59:59.999,1099924.54167,7592,2676664.0,489376.35296
2025-03-22 15:00:00,0.18247,0.18357,0.18241,0.18338,3302192.0,2025-03-22 15:59:59.999,604404.53216,4810,1524267.0,278982.38358
2025-03-22 16:00:00,0.18337,0.18434,0.18313,0.18368,5340676.0,2025-03-22 16:59:59.999,981375.82923,5388,3092726.0,568263.36958
2025-03-22 17:00:00,0.18369,0.18473,0.18368,0.18452,4203606.0,2025-03-22 17:59:59.999,774456.88277,5559,1992638.0,367156.28874
2025-03-22 18:00:00,0.18454,0.18534,0.18433,0.18456,4779028.0,2025-03-22 18:59:59.999,883557.85698,4234,2692297.0,497834.91377
2025-03-22 19:00:00,0.18456,0.18492,0.18393,0.18425,4666390.0,2025-03-22 19:59:59.999,860479.6635,4012,1774760.0,327291.60122
2025-03-22 20:00:00,0.18424,0.1846,0.18324,0.18324,3683327.0,2025-03-22 20:59:59.999,677672.24284,4054,1548874.0,285047.81855
2025-03-22 21:00:00,0.18324,0.18351,0.1814,0.18237,8017617.0,2025-03-22 21:59:59.999,1462339.79609,6116,2894118.0,527973.4765
2025-03-22 22:00:00,0.18237,0.18301,0.18219,0.18224,5441205.0,2025-03-22 22:59:59.999,993341.4373,5780,2615434.0,477503.21254
2025-03-22 23:00:00,0.18222,0.18269,0.18144,0.18264,5813179.0,2025-03-22 23:59:59.999,1057335.17608,6169,2513352.0,457212.8019
2025-03-23 00:00:00,0.18265,0.18387,0.18242,0.1827,7237819.0,2025-03-23 00:59:59.999,1325603.36369,8626,3514328.0,643689.76477
2025-03-23 01:00:00,0.1827,0.18324,0.18173,0.18269,6694604.0,2025-03-23 01:59:59.999,1222274.29647,6646,2884412.0,526595.94633
2025-03-23 02:00:00,0.1827,0.18289,0.18194,0.18261,4766165.0,2025-03-23 02:59:59.999,869241.17955,4576,2396050.0,436934.3373
2025-03-23 03:00:00,0.18262,0.18327,0.18209,0.18319,3696936.0,2025-03-23 03:59:59.999,674667.78353,3546,2044441.0,373141.88688
2025-03-23 04:00:00,0.1832,0.18322,0.18245,0.18276,3572639.0,2025-03-23 04:59:59.999,652926.42968,3794,1680887.0,307170.10179
2025-03-23 05:00:00,0.18278,0.18282,0.1814,0.18225,8699732.0,2025-03-23 05:59:59.999,1584241.95855,7310,3927284.0,715371.30105
2025-03-23 06:00:00,0.18225,0.18286,0.18174,0.18247,4687671.0,2025-03-23 06:59:59.999,853961.14868,4746,2423983.0,441470.02864
2025-03-23 07:00:00,0.18247,0.18354,0.18212,0.18351,4672929.0,2025-03-23 07:59:59.999,853887.32408,4020,2406538.0,439913.67555
2025-03-23 08:00:00,0.18352,0.18438,0.18339,0.1835,5787637.0,2025-03-23 08:59:59.999,1063964.11052,5170,2726946.0,501327.33488
2025-03-23 09:00:00,0.18352,0.18433,0.1834,0.18396,4016497.0,2025-03-23 09:59:59.999,738431.651,3864,2099035.0,385838.50973
2025-03-23 10:00:00,0.18396,0.18432,0.18349,0.18365,3478611.0,2025-03-23 10:59:59.999,639744.5833,3598,1425402.0,262175.77821
2025-03-23 11:00:00,0.18364,0.18494,0.18338,0.1839,6703334.0,2025-03-23 11:59:59.999,1235505.83044,6399,2932093.0,540480.08336
2025-03-23 12:00:00,0.18389,0.18531,0.18339,0.18364,10563077.0,2025-03-23 12:59:59.999,1946720.81062,8544,5232080.0,964322.97386
2025-03-23 13:00:00,0.18364,0.18447,0.18277,0.18427,6273564.0,2025-03-23 13:59:59.999,1152217.42093,5755,2797921.0,513989.09347
2025-03-23 14:00:00,0.18428,0.18464,0.18306,0.18306,7083470.0,2025-03-23 14:59:59.999,1302406.78513,7220,3589540.0,660290.64473
2025-03-23 15:00:00,0.18306,0.18441,0.18306,0.1839,6055378.0,2025-03-23 15:59:59.999,1113070.97766,7464,3156306.0,580142.98942
2025-03-23 16:00:00,0.18391,0.18403,0.18236,0.18273,5510340.0,2025-03-23 16:59:59.999,1009728.03361,5825,2389323.0,437784.79883
2025-03-23 17:00:00,0.18274,0.18303,0.17967,0.18168,14959148.0,2025-03-23 17:59:59.999,2714197.24442,11363,7066895.0,1284056.39834
2025-03-23 18:00:00,0.18168,0.18204,0.18066,0.18152,5869674.0,2025-03-23 18:59:59.999,1063887.32773,6208,2426473.0,439854.37943
2025-03-23 19:00:00,0.1815,0.18277,0.18128,0.18261,2640715.0,2025-03-23 19:59:59.999,480658.62437,4453,1485658.0,270468.27559
2025-03-23 20:00:00,0.18261,0.18492,0.1826,0.18344,7319382.0,2025-03-23 20:59:59.999,1346092.47758,8407,3901249.0,717613.02849
2025-03-23 21:00:00,0.18345,0.18468,0.18313,0.18447,3509543.0,2025-03-23 21:59:59.999,645529.34291,3448,1626863.0,299316.66924
2025-03-23 22:00:00,0.18445,0.18545,0.18412,0.18478,5169590.0,2025-03-23 22:59:59.999,955561.00898,5072,2908556.0,537718.21035
2025-03-23 23:00:00,0.18478,0.186,0.18477,0.18591,5270288.0,2025-03-23 23:59:59.999,977164.69748,5462,2560680.0,474822.46687
2025-03-24 00:00:00,0.18592,0.18728,0.18516,0.18529,10356801.0,2025-03-24 00:59:59.999,1928982.08098,10469,4939215.0,920176.87988
2025-03-24 01:00:00,0.18529,0.18541,0.18383,0.18409,6939236.0,2025-03-24 01:59:59.999,1278883.18579,8585,3720854.0,685562.37275
2025-03-24 02:00:00,0.18409,0.1851,0.18387,0.18481,4451034.0,2025-03-24 02:59:59.999,821230.16197,5616,2581709.0,476374.22356
2025-03-24 03:00:00,0.18482,0.18883,0.18472,0.18877,11523610.0,2025-03-24 03:59:59.999,2160184.06182,12048,5141689.0,963814.01808
2025-03-24 04:00:00,0.18877,0.19157,0.18876,0.1913,9325264.0,2025-03-24 04:59:59.999,1776029.7478,11595,4723817.0,899275.72832
2025-03-24 05:00:00,0.1913,0.19195,0.19023,0.19054,5870730.0,2025-03-24 05:59:59.999,1122424.57245,8016,2791024.0,533566.33027
2025-03-24 06:00:00,0.19054,0.19233,0.19039,0.19176,7971542.0,2025-03-24 06:59:59.999,1526236.0027,9698,3857088.0,738454.26902
2025-03-24 07:00:00,0.19177,0.192,0.18953,0.19027,6782281.0,2025-03-24 07:59:59.999,1294403.51108,7749,2895758.0,552906.19374
2025-03-24 08:00:00,0.19026,0.19229,0.19023,0.19186,8350626.0,2025-03-24 08:59:59.999,1598044.17853,7173,4688969.0,897030.43124
2025-03-24 09:00:00,0.19186,0.19287,0.19126,0.19181,7987022.0,2025-03-24 09:59:59.999,1532833.82519,5624,5534546.0,1062333.69583
2025-03-24 10:00:00,0.19179,0.19397,0.19173,0.19331,7223076.0,2025-03-24 10:59:59.999,1393760.91344,6981,3749222.0,723771.68217
2025-03-24 11:00:00,0.1933,0.19347,0.19209,0.19297,5237310.0,2025-03-24 11:59:59.999,1009363.36168,7194,1958567.0,377570.5494
2025-03-24 12:00:00,0.19298,0.19351,0.19141,0.19239,7532729.0,2025-03-24 12:59:59.999,1450139.14387,12377,3904672.0,751847.01801
2025-03-24 13:00:00,0.19238,0.19267,0.19135,0.19209,5594883.0,2025-03-24 13:59:59.999,1073699.84127,7883,2752408.0,528328.30725
2025-03-24 14:00:00,0.19209,0.19558,0.19131,0.19162,16378977.0,2025-03-24 14:59:59.999,3168612.00976,15614,7759841.0,1502868.24039
2025-03-24 15:00:00,0.19165,0.19291,0.19132,0.19275,6650697.0,2025-03-24 15:59:59.999,1278143.61774,8203,3969763.0,762930.58033
2025-03-24 16:00:00,0.19275,0.193,0.19112,0.19183,4826230.0,2025-03-24 16:59:59.999,925627.48642,7435,2270261.0,435423.65407
2025-03-24 17:00:00,0.19184,0.19396,0.19155,0.19383,5011382.0,2025-03-24 17:59:59.999,967254.63623,6308,2797444.0,539880.11973
2025-03-24 18:00:00,0.19383,0.19486,0.19283,0.19447,4758613.0,2025-03-24 18:59:59.999,921743.37621,6163,2372340.0,459843.18906
2025-03-24 19:00:00,0.19448,0.1953,0.19427,0.19487,4824960.0,2025-03-24 19:59:59.999,940577.74666,5931,2563958.0,499820.40932
2025-03-24 20:00:00,0.19486,0.19566,0.19366,0.19388,5078730.0,2025-03-24 20:59:59.999,988949.6329,8848,2586101.0,503702.07894
2025-03-24 21:00:00,0.19389,0.1954,0.19366,0.19474,5451591.0,2025-03-24 21:59:59.999,1060765.30497,6812,2393201.0,465530.1
2025-03-24 22:00:00,0.19476,0.1952,0.19317,0.19354,5097067.0,2025-03-24 22:59:59.999,988892.59813,8289,2782946.0,539902.25828
2025-03-24 23:00:00,0.19354,0.19389,0.19181,0.19311,6312722.0,2025-03-24 23:59:59.999,1215654.24796,8792,2353492.0,453193.70655
2025-03-25 00:00:00,0.19311,0.19483,0.19268,0.19364,6953308.0,2025-03-25 00:59:59.999,1347932.12999,10247,3806571.0,738319.34423
2025-03-25 01:00:00,0.19363,0.19371,0.19136,0.19183,6471372.0,2025-03-25 01:59:59.999,1245007.64751,8800,2771035.0,533140.08687
2025-03-25 02:00:00,0.19182,0.19322,0.19131,0.19269,3242138.0,2025-03-25 02:59:59.999,623631.2539,6961,1543919.0,297004.44753
2025-03-25 03:00:00,0.19269,0.19298,0.19117,0.19187,4517715.0,2025-03-25 03:59:59.999,866781.1505,7753,2406934.0,461798.72333
2025-03-25 04:00:00,0.19187,0.19368,0.19118,0.19367,4235587.0,2025-03-25 04:59:59.999,816023.96836,7631,2345312.0,451850.64394
2025-03-25 05:00:00,0.19366,0.19485,0.19311,0.19358,4750229.0,2025-03-25 05:59:59.999,921899.49492,7831,2434873.0,472664.32881
2025-03-25 06:00:00,0.19358,0.19511,0.19326,0.19468,5183782.0,2025-03-25 06:59:59.999,1008079.79133,7333,3052689.0,593610.36772
2025-03-25 07:00:00,0.19469,0.1954,0.19375,0.19407,2683947.0,2025-03-25 07:59:59.999,522087.81045,5538,1342994.0,261348.88611
2025-03-25 08:00:00,0.19407,0.19701,0.19407,0.19671,6642861.0,2025-03-25 08:59:59.999,1300977.2303,7912,3447302.0,675195.34803
2025-03-25 09:00:00,0.19671,0.19797,0.19595,0.19685,6308556.0,2025-03-25 09:59:59.999,1242998.74948,7096,4011112.0,790432.71348
2025-03-25 10:00:00,0.19685,0.19802,0.19604,0.19748,8045552.0,2025-03-25 10:59:59.999,1586056.69306,8114,4344581.0,857008.84265
2025-03-25 11:00:00,0.19748,0.19836,0.19725,0.19814,5357386.0,2025-03-25 11:59:59.999,1060627.87013,7462,2603366.0,515474.25389
2025-03-25 12:00:00,0.19815,0.19999,0.19736,0.19772,8678955.0,2025-03-25 12:59:59.999,1725350.63166,10155,4248599.0,844903.61503
2025-03-25 13:00:00,0.19772,0.20151,0.19758,0.2008,13915687.0,2025-03-25 13:59:59.999,2784779.48308,14810,7677378.0,1536452.86224
2025-03-25 14:00:00,0.2008,0.20095,0.19782,0.19868,12388890.0,2025-03-25 14:59:59.999,2466046.72705,13955,6501309.0,1294579.95524
2025-03-25 15:00:00,0.19874,0.19937,0.19748,0.19762,8793105.0,2025-03-25 15:59:59.999,1744545.54869,10771,3544813.0,703783.96647
2025-03-25 16:00:00,0.19763,0.19833,0.19634,0.19689,9003260.0,2025-03-25 16:59:59.999,1777163.70897,11047,3089367.0,609945.62546
2025-03-25 17:00:00,0.1969,0.1977,0.19613,0.19716,4841979.0,2025-03-25 17:59:59.999,953529.59114,7899,2675309.0,526899.83214
2025-03-25 18:00:00,0.19716,0.19759,0.19525,0.19541,5892349.0,2025-03-25 18:59:59.999,1156995.03596,7932,2997237.0,588582.12815
2025-03-25 19:00:00,0.19541,0.19666,0.19527,0.1956,4142401.0,2025-03-25 19:59:59.999,811762.70525,6454,2023291.0,396508.03211
2025-03-25 20:00:00,0.19557,0.19698,0.19488,0.19528,5732171.0,2025-03-25 20:59:59.999,1122794.53154,8570,2999655.0,587598.47482
2025-03-25 21:00:00,0.19529,0.19643,0.19427,0.19436,4456563.0,2025-03-25 21:59:59.999,870733.85535,6372,2222539.0,434385.6013
2025-03-25 22:00:00,0.19436,0.19531,0.19325,0.19471,7932939.0,2025-03-25 22:59:59.999,1541351.32473,8400,4017433.0,780512.22266
2025-03-25 23:00:00,0.19471,0.195,0.19367,0.19469,3510647.0,2025-03-25 23:59:59.999,682241.86754,5315,1885768.0,366302.03254
2025-03-26 00:00:00,0.19469,0.19627,0.19398,0.19555,4889242.0,2025-03-26 00:59:59.999,955326.6594,6823,2496113.0,487828.34367
2025-03-26 01:00:00,0.19555,0.19726,0.19523,0.19689,4781815.0,2025-03-26 01:59:59.999,939556.17471,8017,2693397.0,529079.83389
2025-03-26 02:00:00,0.1969,0.19694,0.19413,0.19428,5176587.0,2025-03-26 02:59:59.999,1011839.36403,6657,3102855.0,606460.69995
2025-03-26 03:00:00,0.19426,0.19499,0.19347,0.19411,5715594.0,2025-03-26 03:59:59.999,1109187.17124,6109,2384054.0,463005.36531
2025-03-26 04:00:00,0.1941,0.19513,0.19343,0.19498,6380057.0,2025-03-26 04:59:59.999,1237263.56459,6535,2967450.0,575390.84437
2025-03-26 05:00:00,0.19498,0.19581,0.19433,0.19537,3994176.0,2025-03-26 05:59:59.999,779004.85462,6195,2284518.0,445598.2265
2025-03-26 06:00:00,0.19538,0.19718,0.19493,0.19696,3361489.0,2025-03-26 06:59:59.999,659525.36983,5464,2026503.0,397660.01658
2025-03-26 07:00:00,0.19696,0.20006,0.19645,0.19935,10057933.0,2025-03-26 07:59:59.999,1998466.5355,10177,5973999.0,1187112.5724
2025-03-26 08:00:00,0.19935,0.20023,0.198,0.19864,7932330.0,2025-03-26 08:59:59.999,1580862.93425,9208,3545105.0,706583.21624
2025-03-26 09:00:00,0.19865,0.19912,0.19777,0.19823,3191814.0,2025-03-26 09:59:59.999,633129.92126,4979,1653810.0,328064.61979
2025-03-26 10:00:00,0.19823,0.19948,0.19786,0.19932,3456267.0,2025-03-26 10:59:59.999,687207.15136,5444,2236900.0,444775.3816
2025-03-26 11:00:00,0.19931,0.20078,0.19923,0.20006,8406424.0,2025-03-26 11:59:59.999,1681973.43245,7374,4356782.0,871691.44504
2025-03-26 12:00:00,0.20006,0.20099,0.19797,0.19889,11467776.0,2025-03-26 12:59:59.999,2286120.69936,10522,4412295.0,880458.74406
2025-03-26 13:00:00,0.1989,0.19943,0.19509,0.19511,10949971.0,2025-03-26 13:59:59.999,2160274.6243,10617,3901263.0,770716.80958
2025-03-26 14:00:00,0.19508,0.19658,0.19181,0.19365,19587025.0,2025-03-26 14:59:59.999,3798327.35362,15324,8361606.0,1621844.20159
2025-03-26 15:00:00,0.19361,0.1948,0.19234,0.19361,6369456.0,2025-03-26 15:59:59.999,1234437.53736,5643,3839985.0,744414.94026
2025-03-26 16:00:00,0.19355,0.19578,0.19295,0.19453,5848228.0,2025-03-26 16:59:59.999,1137311.09021,5135,2818379.0,548145.73061
2025-03-26 17:00:00,0.19449,0.19537,0.19237,0.19293,6020650.0,2025-03-26 17:59:59.999,1166039.8019,6158,2771449.0,537171.18706
2025-03-26 18:00:00,0.1929,0.19405,0.19133,0.19179,5799098.0,2025-03-26 18:59:59.999,1116854.31881,4549,1692167.0,326123.13968
2025-03-26 19:00:00,0.19183,0.19233,0.1895,0.19163,8057304.0,2025-03-26 19:59:59.999,1538350.37018,7822,3477593.0,664586.95659
2025-03-26 20:00:00,0.19155,0.19449,0.19121,0.19364,7506021.0,2025-03-26 20:59:59.999,1451157.99139,5837,4367916.0,844900.83992
2025-03-26 21:00:00,0.19368,0.19369,0.19068,0.19259,5930536.0,2025-03-26 21:59:59.999,1142120.21868,5134,2133518.0,410700.09301
2025-03-26 22:00:00,0.19257,0.19281,0.19058,0.19171,3394455.0,2025-03-26 22:59:59.999,649675.56949,3057,1521713.0,291447.30385
2025-03-26 23:00:00,0.19173,0.19187,0.19022,0.19179,3099924.0,2025-03-26 23:59:59.999,592328.17171,4361,1353249.0,258638.39248
2025-03-27 00:00:00,0.19182,0.19386,0.19148,0.19376,4952951.0,2025-03-27 00:59:59.999,955718.86804,5246,2951600.0,569792.00575
2025-03-27 01:00:00,0.19376,0.19468,0.1926,0.19336,3474616.0,2025-03-27 01:59:59.999,673011.56406,4214,1851712.0,358717.54631
2025-03-27 02:00:00,0.19337,0.19697,0.1932,0.19669,3892704.0,2025-03-27 02:59:59.999,760846.3718,5625,2356880.0,460545.9158
2025-03-27 03:00:00,0.19668,0.19712,0.1954,0.19628,4137351.0,2025-03-27 03:59:59.999,811390.05469,3994,1753521.0,343931.49495
2025-03-27 04:00:00,0.19629,0.19644,0.19503,0.19551,1763964.0,2025-03-27 04:59:59.999,344797.33117,2388,844353.0,165015.89042
2025-03-27 05:00:00,0.19549,0.19574,0.19391,0.1942,2174116.0,2025-03-27 05:59:59.999,423567.60044,2945,987476.0,192489.87245
2025-03-27 06:00:00,0.19417,0.19542,0.19393,0.19435,1746563.0,2025-03-27 06:59:59.999,340133.61457,2373,927184.0,180589.57733
2025-03-27 07:00:00,0.19433,0.19472,0.19311,0.19331,2356896.0,2025-03-27 07:59:59.999,456645.8859,2938,1355542.0,262629.76501
2025-03-27 08:00:00,0.1933,0.19418,0.19243,0.19279,3207524.0,2025-03-27 08:59:59.999,619646.28157,4006,1232903.0,238391.46283
2025-03-27 09:00:00,0.19277,0.19333,0.192,0.19279,2648777.0,2025-03-27 09:59:59.999,509989.73689,3283,1373199.0,264417.04767
2025-03-27 10:00:00,0.19279,0.19344,0.191,0.19124,3594054.0,2025-03-27 10:59:59.999,690150.09324,3251,1427982.0,274643.3245
2025-03-27 11:00:00,0.19118,0.19199,0.18972,0.19002,5162279.0,2025-03-27 11:59:59.999,984249.64522,4264,2932569.0,559284.4996
2025-03-27 12:00:00,0.18997,0.19178,0.18959,0.19056,4362872.0,2025-03-27 12:59:59.999,831467.75276,4443,2473376.0,471410.22703
2025-03-27 13:00:00,0.1905,0.19126,0.18771,0.18924,10646881.0,2025-03-27 13:59:59.999,2012182.49423,9811,4785311.0,904958.95377
2025-03-27 14:00:00,0.18923,0.19317,0.18806,0.19245,12725049.0,2025-03-27 14:59:59.999,2427708.00544,9832,7647469.0,1459080.44537
2025-03-27 15:00:00,0.19253,0.19317,0.19138,0.1922,4968415.0,2025-03-27 15:59:59.999,955162.34474,4265,2407996.0,463078.89291
2025-03-27 16:00:00,0.19218,0.19343,0.19167,0.19178,4163620.0,2025-03-27 16:59:59.999,801467.96286,3006,2034604.0,391642.56331
2025-03-27 17:00:00,0.1918,0.19261,0.19057,0.19102,3537625.0,2025-03-27 17:59:59.999,677876.45787,2492,1042851.0,199724.102
2025-03-27 18:00:00,0.19097,0.19321,0.19097,0.19249,2882877.0,2025-03-27 18:59:59.999,553798.02062,2589,1724525.0,331216.6277
2025-03-27 19:00:00,0.19247,0.19343,0.19189,0.19258,3602520.0,2025-03-27 19:59:59.999,694262.98122,3508,1978437.0,381329.97654
2025-03-27 20:00:00,0.19256,0.19459,0.19256,0.1944,4931886.0,2025-03-27 20:59:59.999,955489.79948,3920,3401686.0,658978.14797
2025-03-27 21:00:00,0.19441,0.19602,0.19353,0.19545,5929722.0,2025-03-27 21:59:59.999,1156692.07583,4403,3548865.0,692203.28601
2025-03-27 22:00:00,0.19544,0.19608,0.19441,0.19504,3198157.0,2025-03-27 22:59:59.999,624717.93838,3057,1569085.0,306648.90122
2025-03-27 23:00:00,0.19501,0.19501,0.19311,0.19357,3355856.0,2025-03-27 23:59:59.999,650396.72465,2486,1059472.0,205290.7312
2025-03-28 00:00:00,0.19359,0.1943,0.19179,0.19373,3811888.0,2025-03-28 00:59:59.999,735977.98462,3719,1915711.0,369947.1436
2025-03-28 01:00:00,0.19376,0.19476,0.19258,0.19331,3355054.0,2025-03-28 01:59:59.999,649741.07363,3669,1258981.0,243903.74998
2025-03-28 02:00:00,0.19332,0.19382,0.19189,0.19199,3680139.0,2025-03-28 02:59:59.999,709303.46578,3325,1457251.0,280969.38364
2025-03-28 03:00:00,0.19204,0.19212,0.1901,0.19056,4541907.0,2025-03-28 03:59:59.999,866536.67005,4232,1829869.0,349099.0071
2025-03-28 04:00:00,0.19055,0.19065,0.186,0.18705,11884819.0,2025-03-28 04:59:59.999,2233423.6511,11505,5468032.0,1026096.5727
2025-03-28 05:00:00,0.18702,0.18702,0.1838,0.18433,12385246.0,2025-03-28 05:59:59.999,2292510.80299,9217,5607067.0,1038294.87647
2025-03-28 06:00:00,0.18433,0.1856,0.18303,0.18378,8717191.0,2025-03-28 06:59:59.999,1607760.7801,6665,4376429.0,807354.22383
2025-03-28 07:00:00,0.18379,0.18442,0.1831,0.18315,4149307.0,2025-03-28 07:59:59.999,762753.43564,5522,1949798.0,358401.14771
2025-03-28 08:00:00,0.18317,0.18432,0.18237,0.18306,9830516.0,2025-03-28 08:59:59.999,1800656.27246,6625,5065407.0,927733.07581
2025-03-28 09:00:00,0.18306,0.18401,0.18236,0.18335,5767138.0,2025-03-28 09:59:59.999,1056372.73518,6050,3321720.0,608534.08571
2025-03-28 10:00:00,0.18336,0.18417,0.18251,0.18275,3360518.0,2025-03-28 10:59:59.999,616608.42992,4494,1384849.0,254116.35026
2025-03-28 11:00:00,0.18275,0.18476,0.182,0.18469,5752675.0,2025-03-28 11:59:59.999,1053774.06776,7582,2830225.0,518825.92625
2025-03-28 12:00:00,0.18473,0.18563,0.18305,0.1831,8715078.0,2025-03-28 12:59:59.999,1609431.37839,7670,4636923.0,856228.87031
2025-03-28 13:00:00,0.1831,0.18475,0.18255,0.18276,12266894.0,2025-03-28 13:59:59.999,2251360.97379,9892,4736048.0,869015.30736
2025-03-28 14:00:00,0.18283,0.1839,0.18128,0.18282,8087875.0,2025-03-28 14:59:59.999,1476956.04413,7201,3038679.0,555229.55854
2025-03-28 15:00:00,0.1828,0.18292,0.18174,0.18203,4078573.0,2025-03-28 15:59:59.999,743380.49401,5319,1790198.0,326388.98698
2025-03-28 16:00:00,0.18202,0.18269,0.18011,0.18105,9239251.0,2025-03-28 16:59:59.999,1677952.29139,7251,4242915.0,770966.63015
2025-03-28 17:00:00,0.18104,0.18197,0.17994,0.18165,5905810.0,2025-03-28 17:59:59.999,1069321.53054,4539,3087707.0,559818.67567
2025-03-28 18:00:00,0.18166,0.18199,0.18052,0.18142,4385816.0,2025-03-28 18:59:59.999,793754.23554,3323,2409891.0,436096.79436
2025-03-28 19:00:00,0.18141,0.18148,0.17973,0.18051,3539586.0,2025-03-28 19:59:59.999,638956.18897,3644,1478170.0,266892.20733
2025-03-28 20:00:00,0.18048,0.1829,0.18012,0.18067,6539724.0,2025-03-28 20:59:59.999,1188568.55401,5335,3850237.0,699950.01574
2025-03-28 21:00:00,0.18069,0.1818,0.18,0.18114,6641248.0,2025-03-28 21:59:59.999,1201042.84954,3947,2933630.0,530375.23694
2025-03-28 22:00:00,0.18116,0.18286,0.18096,0.18282,4830589.0,2025-03-28 22:59:59.999,878487.80759,3329,3239715.0,589370.8658
2025-03-28 23:00:00,0.18277,0.18279,0.18153,0.18228,2554906.0,2025-03-28 23:59:59.999,465034.14452,2286,1344030.0,244615.3192
2025-03-29 00:00:00,0.18232,0.18346,0.18167,0.18207,2859226.0,2025-03-29 00:59:59.999,522323.10701,3260,1194450.0,218250.97188
2025-03-29 01:00:00,0.18208,0.18271,0.18045,0.18084,4007685.0,2025-03-29 01:59:59.999,727310.29245,3355,1991395.0,361493.11195
2025-03-29 02:00:00,0.18085,0.1815,0.17881,0.17919,4478967.0,2025-03-29 02:59:59.999,806187.21038,4554,1636033.0,294605.33942
2025-03-29 03:00:00,0.17916,0.18062,0.17737,0.18015,5767291.0,2025-03-29 03:59:59.999,1031146.77731,6357,2734303.0,489399.80066
2025-03-29 04:00:00,0.18013,0.18026,0.17836,0.17885,3263943.0,2025-03-29 04:59:59.999,585103.32027,3458,1148565.0,205803.9697
2025-03-29 05:00:00,0.17884,0.17885,0.1772,0.17788,3686976.0,2025-03-29 05:59:59.999,656132.64775,4571,1627855.0,289725.22472
2025-03-29 06:00:00,0.17785,0.17788,0.17569,0.17695,6326183.0,2025-03-29 06:59:59.999,1117549.44636,6920,2628185.0,464220.48652
2025-03-29 07:00:00,0.17695,0.17702,0.17375,0.17481,11417663.0,2025-03-29 07:59:59.999,2002374.96029,11563,4407329.0,773253.44349
2025-03-29 08:00:00,0.17484,0.1759,0.17416,0.17533,5911336.0,2025-03-29 08:59:59.999,1035281.64888,7350,1861012.0,325998.81401
2025-03-29 09:00:00,0.17533,0.1755,0.17173,0.17325,9086283.0,2025-03-29 09:59:59.999,1575096.45795,10454,3932998.0,681667.86807
2025-03-29 10:00:00,0.17327,0.17353,0.17133,0.17177,6955950.0,2025-03-29 10:59:59.999,1199084.64825,6943,2879479.0,496256.23399
2025-03-29 11:00:00,0.17176,0.17202,0.16851,0.17032,14146244.0,2025-03-29 11:59:59.999,2407222.981,12689,6329084.0,1077687.74205
2025-03-29 12:00:00,0.17032,0.17144,0.16915,0.16962,9619091.0,2025-03-29 12:59:59.999,1638078.13452,7269,5511317.0,939194.70297
2025-03-29 13:00:00,0.1696,0.17205,0.16957,0.17178,8280974.0,2025-03-29 13:59:59.999,1414227.64949,7191,5033518.0,859580.01547
2025-03-29 14:00:00,0.17168,0.17169,0.16842,0.16917,10850934.0,2025-03-29 14:59:59.999,1839277.50337,9504,4438844.0,752530.87321
2025-03-29 15:00:00,0.16916,0.17049,0.16873,0.16893,4768544.0,2025-03-29 15:59:59.999,808121.20875,5021,1850960.0,313716.10165
2025-03-29 16:00:00,0.16893,0.17036,0.16772,0.16796,15497559.0,2025-03-29 16:59:59.999,2618250.74961,12468,6920563.0,1169697.85863
2025-03-29 17:00:00,0.16796,0.17107,0.16664,0.16911,17829909.0,2025-03-29 17:59:59.999,3003365.38081,14115,8388312.0,1414427.01475
2025-03-29 18:00:00,0.16911,0.17049,0.16863,0.1691,9346332.0,2025-03-29 18:59:59.999,1584833.36407,7813,3505702.0,594776.75064
2025-03-29 19:00:00,0.16916,0.17115,0.16905,0.1711,4879859.0,2025-03-29 19:59:59.999,829670.74692,4001,2687151.0,457001.28151
2025-03-29 20:00:00,0.17112,0.17112,0.1682,0.16865,3841034.0,2025-03-29 20:59:59.999,650905.76602,3842,1340521.0,227087.84244
2025-03-29 21:00:00,0.16864,0.172,0.16863,0.17043,5089675.0,2025-03-29 21:59:59.999,868289.11867,4681,3017732.0,514979.53169
2025-03-29 22:00:00,0.1704,0.17127,0.16973,0.17082,3549410.0,2025-03-29 22:59:59.999,604968.69732,2873,1430573.0,243916.39785
2025-03-29 23:00:00,0.17083,0.1722,0.17033,0.17206,3405036.0,2025-03-29 23:59:59.999,583224.54349,2997,2083848.0,356879.79471
2025-03-30 00:00:00,0.17208,0.17273,0.17062,0.17218,4923509.0,2025-03-30 00:59:59.999,845147.50136,4023,2210970.0,379855.06095
2025-03-30 01:00:00,0.17215,0.17398,0.17205,0.17299,4845268.0,2025-03-30 01:59:59.999,839420.06099,4313,2792782.0,483785.88334
2025-03-30 02:00:00,0.173,0.17474,0.17293,0.1741,3499368.0,2025-03-30 02:59:59.999,609081.08468,3078,1678988.0,292248.21987
2025-03-30 03:00:00,0.17411,0.17542,0.17377,0.17379,6976070.0,2025-03-30 03:59:59.999,1219090.83325,8721,3729591.0,651868.53136
2025-03-30 04:00:00,0.17379,0.17504,0.17379,0.17421,2334593.0,2025-03-30 04:59:59.999,407380.94468,3341,922487.0,160923.40191
2025-03-30 05:00:00,0.17419,0.17449,0.17291,0.17312,2691687.0,2025-03-30 05:59:59.999,467893.23793,2445,885277.0,153902.94773
2025-03-30 06:00:00,0.17314,0.17372,0.17145,0.1732,5575238.0,2025-03-30 06:59:59.999,960637.02934,4555,2350846.0,405127.10746
2025-03-30 07:00:00,0.17319,0.17365,0.17186,0.17215,3241698.0,2025-03-30 07:59:59.999,560498.32104,3158,1375727.0,237944.15086
2025-03-30 08:00:00,0.17217,0.17371,0.17201,0.17352,2700678.0,2025-03-30 08:59:59.999,467228.38099,2532,1673755.0,289598.84394
2025-03-30 09:00:00,0.17356,0.17367,0.17201,0.17214,3023546.0,2025-03-30 09:59:59.999,521871.48168,3293,1273598.0,219853.89649
2025-03-30 10:00:00,0.17212,0.17283,0.17065,0.171,3690054.0,2025-03-30 10:59:59.999,633175.50621,3116,1943306.0,333524.17093
2025-03-30 11:00:00,0.17099,0.17234,0.1709,0.17161,3217294.0,2025-03-30 11:59:59.999,551964.5205,2501,2008857.0,344597.75815
2025-03-30 12:00:00,0.17162,0.17224,0.17083,0.17112,2298720.0,2025-03-30 12:59:59.999,394184.85031,2252,1159043.0,198755.62089
2025-03-30 13:00:00,0.17115,0.17133,0.169,0.16953,5742808.0,2025-03-30 13:59:59.999,976873.93076,6161,2695696.0,458570.07556
2025-03-30 14:00:00,0.16951,0.17063,0.16907,0.17006,4088068.0,2025-03-30 14:59:59.999,694404.92218,5147,1794702.0,304899.525
2025-03-30 15:00:00,0.17011,0.17121,0.16967,0.16987,2339842.0,2025-03-30 15:59:59.999,398636.51661,2243,1059182.0,180450.1191
2025-03-30 16:00:00,0.16987,0.17041,0.16804,0.16863,3901447.0,2025-03-30 16:59:59.999,659442.0302,3992,2004735.0,338691.25441
2025-03-30 17:00:00,0.16859,0.1701,0.16812,0.16959,3369390.0,2025-03-30 17:59:59.999,570752.25219,3843,1365298.0,231190.6329
2025-03-30 18:00:00,0.16959,0.17167,0.16959,0.17164,5072358.0,2025-03-30 18:59:59.999,866050.81673,4251,2865510.0,489505.40044
2025-03-30 19:00:00,0.17167,0.17246,0.1702,0.17026,3050035.0,2025-03-30 19:59:59.999,521786.95568,2719,1235289.0,211339.52018
2025-03-30 20:00:00,0.1703,0.17054,0.16951,0.16967,2220372.0,2025-03-30 20:59:59.999,377419.70721,2440,1175002.0,199719.36714
2025-03-30 21:00:00,0.16969,0.17094,0.16824,0.16884,3580031.0,2025-03-30 21:59:59.999,607096.74653,3790,1566563.0,265484.27203
2025-03-30 22:00:00,0.16882,0.17012,0.16671,0.16885,6195057.0,2025-03-30 22:59:59.999,1041805.98032,6964,2535381.0,426355.49444
2025-03-30 23:00:00,0.16886,0.16903,0.16669,0.16775,4601733.0,2025-03-30 23:59:59.999,771510.94604,4514,1838442.0,308309.48114
2025-03-31 00:00:00,0.1678,0.16826,0.1633,0.1636,10626465.0,2025-03-31 00:59:59.999,1755648.20294,11279,4323498.0,714827.44608
2025-03-31 01:00:00,0.16364,0.1665,0.16329,0.16577,10784096.0,2025-03-31 01:59:59.999,1783399.93522,9814,4976617.0,823176.66929
2025-03-31 02:00:00,0.1658,0.16637,0.16406,0.16505,5506798.0,2025-03-31 02:59:59.999,909681.59562,4763,2453244.0,405095.93917
2025-03-31 03:00:00,0.16508,0.16548,0.16188,0.16223,8172834.0,2025-03-31 03:59:59.999,1339052.17195,7164,3139986.0,514049.98827
2025-03-31 04:00:00,0.16224,0.16297,0.16042,0.16181,9546665.0,2025-03-31 04:59:59.999,1543788.16934,6859,5328038.0,861330.74205
2025-03-31 05:00:00,0.1618,0.16455,0.16167,0.16273,6440571.0,2025-03-31 05:59:59.999,1051285.40787,4834,3224365.0,526157.52938
2025-03-31 06:00:00,0.16275,0.1633,0.16032,0.16043,10764121.0,2025-03-31 06:59:59.999,1739615.9568,7141,5519706.0,892645.66355
2025-03-31 07:00:00,0.16047,0.16153,0.15828,0.15919,9031856.0,2025-03-31 07:59:59.999,1444081.63785,7559,3859397.0,617022.29233
2025-03-31 08:00:00,0.15922,0.161,0.15871,0.15887,6278905.0,2025-03-31 08:59:59.999,1005517.66868,4764,3542716.0,567528.41694
2025-03-31 09:00:00,0.15884,0.16002,0.15627,0.15701,15182785.0,2025-03-31 09:59:59.999,2397356.36159,11103,5669857.0,896596.6053
2025-03-31 10:00:00,0.15701,0.16006,0.15636,0.15961,10308615.0,2025-03-31 10:59:59.999,1633158.19117,9218,5727775.0,907609.84268
2025-03-31 11:00:00,0.15963,0.16061,0.1575,0.16006,9614880.0,2025-03-31 11:59:59.999,1528304.0865,7750,4511806.0,717318.96498
2025-03-31 12:00:00,0.16007,0.16433,0.15917,0.16261,11406935.0,2025-03-31 12:59:59.999,1846912.71009,9678,6010225.0,973969.068
2025-03-31 13:00:00,0.16266,0.1634,0.15857,0.16084,13617693.0,2025-03-31 13:59:59.999,2191158.3548,11144,6323396.0,1018008.50971
2025-03-31 14:00:00,0.16085,0.16556,0.16085,0.16467,16695423.0,2025-03-31 14:59:59.999,2733701.02618,11653,7954744.0,1303536.45836
2025-03-31 15:00:00,0.16468,0.1664,0.16455,0.16487,12544862.0,2025-03-31 15:59:59.999,2076555.21829,7926,7779376.0,1287928.06404
2025-03-31 16:00:00,0.16488,0.16589,0.16358,0.16373,5857286.0,2025-03-31 16:59:59.999,964515.13577,4446,2366819.0,389683.41633
2025-03-31 17:00:00,0.16372,0.16475,0.16195,0.16298,6341525.0,2025-03-31 17:59:59.999,1034840.47657,5622,3257146.0,531293.65382
2025-03-31 18:00:00,0.16299,0.16654,0.16299,0.16508,7446114.0,2025-03-31 18:59:59.999,1228588.28261,5813,4710442.0,777784.50404
2025-03-31 19:00:00,0.16507,0.16618,0.16311,0.16337,5736947.0,2025-03-31 19:59:59.999,943870.94184,3500,2370959.0,389716.17562
2025-03-31 20:00:00,0.16339,0.16455,0.16274,0.16291,3775351.0,2025-03-31 20:59:59.999,617763.31421,2610,1769034.0,289465.08297
2025-03-31 21:00:00,0.1629,0.16395,0.16286,0.16298,3727099.0,2025-03-31 21:59:59.999,608555.94467,2320,1861054.0,303931.64292
2025-03-31 22:00:00,0.16297,0.16321,0.16226,0.16313,3402729.0,2025-03-31 22:59:59.999,553569.41842,2673,1987531.0,323350.72105
2025-03-31 23:00:00,0.16313,0.16438,0.16284,0.16315,4123778.0,2025-03-31 23:59:59.999,674055.95388,3272,2116598.0,345944.90655
2025-04-01 00:00:00,0.16314,0.16449,0.16277,0.16359,5827807.0,2025-04-01 00:59:59.999,954302.1613,4407,3145430.0,515102.17748
2025-04-01 01:00:00,0.16357,0.16364,0.16179,0.16201,6478869.0,2025-04-01 01:59:59.999,1051267.05527,4499,3078483.0,499430.58886
2025-04-01 02:00:00,0.16197,0.16491,0.16196,0.16474,5800714.0,2025-04-01 02:59:59.999,950135.69587,3659,2967984.0,485960.79504
2025-04-01 03:00:00,0.16473,0.16534,0.16376,0.16404,4734142.0,2025-04-01 03:59:59.999,779447.01119,3412,2488064.0,409673.22599
2025-04-01 04:00:00,0.16403,0.16449,0.16312,0.16424,3243426.0,2025-04-01 04:59:59.999,531553.07334,2514,1563165.0,256228.99939
2025-04-01 05:00:00,0.16423,0.16585,0.16394,0.16398,3506521.0,2025-04-01 05:59:59.999,578738.50698,3583,1901981.0,313952.65781
2025-04-01 06:00:00,0.16397,0.16554,0.1634,0.16525,6647262.0,2025-04-01 06:59:59.999,1094933.85669,6525,2640762.0,434712.33187
2025-04-01 07:00:00,0.16523,0.16737,0.16488,0.16554,8138745.0,2025-04-01 07:59:59.999,1351227.03264,6718,4566832.0,758391.17075
2025-04-01 08:00:00,0.16552,0.17038,0.16544,0.17026,12322895.0,2025-04-01 08:59:59.999,2077117.86478,11657,6641118.0,1119744.16638
2025-04-01 09:00:00,0.17023,0.17379,0.17017,0.17252,16006488.0,2025-04-01 09:59:59.999,2751636.56737,17267,9480180.0,1628964.38251
2025-04-01 10:00:00,0.17253,0.17277,0.16869,0.1689,11781269.0,2025-04-01 10:59:59.999,2011272.36744,9230,5859048.0,1000131.8782
2025-04-01 11:00:00,0.1689,0.16934,0.16731,0.16823,7701736.0,2025-04-01 11:59:59.999,1296479.05846,5984,3600266.0,606296.41867
2025-04-01 12:00:00,0.16822,0.16938,0.16732,0.16793,5248825.0,2025-04-01 12:59:59.999,882970.52002,6412,2453709.0,412801.68813
2025-04-01 13:00:00,0.16793,0.1715,0.16761,0.17099,13314112.0,2025-04-01 13:59:59.999,2262044.96568,9085,7261656.0,1233661.99806
2025-04-01 14:00:00,0.17099,0.17244,0.16739,0.17169,14859378.0,2025-04-01 14:59:59.999,2524778.93876,12854,7136734.0,1212539.05486
2025-04-01 15:00:00,0.17167,0.17573,0.17158,0.17472,17193845.0,2025-04-01 15:59:59.999,2992695.20225,15592,9105575.0,1584474.97526
2025-04-01 16:00:00,0.17472,0.17609,0.17266,0.17369,11583933.0,2025-04-01 16:59:59.999,2019481.44484,9805,4918047.0,857430.70935
2025-04-01 17:00:00,0.17372,0.17433,0.17183,0.17233,8348787.0,2025-04-01 17:59:59.999,1442615.98489,7270,4139058.0,715460.58291
2025-04-01 18:00:00,0.17232,0.17238,0.16999,0.17093,7848379.0,2025-04-01 18:59:59.999,1339286.25818,8314,3269929.0,557878.32
2025-04-01 19:00:00,0.1709,0.17114,0.16974,0.17043,6299991.0,2025-04-01 19:59:59.999,1073312.74186,6453,3235812.0,551302.29271
2025-04-01 20:00:00,0.17041,0.17124,0.1693,0.17103,4080602.0,2025-04-01 20:59:59.999,694706.66163,5649,2122419.0,361352.02079
2025-04-01 21:00:00,0.17107,0.17231,0.17065,0.17077,6328248.0,2025-04-01 21:59:59.999,1085436.10906,4709,2951967.0,506382.16259
2025-04-01 22:00:00,0.17083,0.17149,0.17042,0.17077,3083716.0,2025-04-01 22:59:59.999,527001.40692,3104,1434421.0,245130.671
2025-04-01 23:00:00,0.17078,0.17142,0.16949,0.17021,3163412.0,2025-04-01 23:59:59.999,538567.64979,4772,1293348.0,220190.23533
2025-04-02 00:00:00,0.17021,0.1708,0.16818,0.16842,4859103.0,2025-04-02 00:59:59.999,824076.45534,5524,2274713.0,385843.55929
2025-04-02 01:00:00,0.16844,0.16845,0.16666,0.16716,5361997.0,2025-04-02 01:59:59.999,898394.18866,4620,2373565.0,397674.33697
2025-04-02 02:00:00,0.16721,0.16723,0.16457,0.16585,6269514.0,2025-04-02 02:59:59.999,1038575.69854,4789,2833333.0,469015.09499
2025-04-02 03:00:00,0.16588,0.16728,0.16569,0.16631,3021692.0,2025-04-02 03:59:59.999,503415.45405,2927,1297683.0,216151.04321
2025-04-02 04:00:00,0.16632,0.1668,0.16546,0.16624,4327272.0,2025-04-02 04:59:59.999,719003.15125,2910,2651118.0,440547.32919
2025-04-02 05:00:00,0.16625,0.16628,0.16256,0.16268,6198048.0,2025-04-02 05:59:59.999,1016777.0352,5283,2273028.0,373209.61621
2025-04-02 06:00:00,0.1627,0.16411,0.16243,0.16261,5210767.0,2025-04-02 06:59:59.999,849865.63661,8238,2282618.0,372339.7653
2025-04-02 07:00:00,0.16265,0.16622,0.16257,0.1648,7575782.0,2025-04-02 07:59:59.999,1248335.46604,6126,4528923.0,746548.64362
2025-04-02 08:00:00,0.16481,0.16703,0.16437,0.1667,6733400.0,2025-04-02 08:59:59.999,1116966.53377,4993,3388768.0,562237.05655
2025-04-02 09:00:00,0.16669,0.1697,0.16652,0.16827,10913229.0,2025-04-02 09:59:59.999,1835107.82382,8658,5770158.0,970240.70567
2025-04-02 10:00:00,0.16825,0.16918,0.16666,0.16689,3391051.0,2025-04-02 10:59:59.999,569005.97918,3078,1683546.0,282464.17957
2025-04-02 11:00:00,0.1669,0.16765,0.16606,0.16628,2758162.0,2025-04-02 11:59:59.999,460450.26012,2717,1245222.0,207958.17497
2025-04-02 12:00:00,0.16628,0.16707,0.1652,0.16699,3842799.0,2025-04-02 12:59:59.999,637723.37204,3513,1848319.0,306794.15345
2025-04-02 13:00:00,0.16701,0.16905,0.16446,0.16687,8846511.0,2025-04-02 13:59:59.999,1479324.83917,7903,4016860.0,671398.67354
2025-04-02 14:00:00,0.16683,0.16879,0.16632,0.16855,5109204.0,2025-04-02 14:59:59.999,856982.36604,5954,2402929.0,403066.51007
2025-04-02 15:00:00,0.16854,0.17433,0.16821,0.17227,20056634.0,2025-04-02 15:59:59.999,3452909.24594,19369,10179123.0,1752651.13189
2025-04-02 16:00:00,0.17227,0.17368,0.1709,0.17132,6000702.0,2025-04-02 16:59:59.999,1033841.332,6802,3046306.0,525198.37177
2025-04-02 17:00:00,0.17133,0.17311,0.1691,0.17155,31104168.0,2025-04-02 17:59:59.999,5319108.02587,17628,19186980.0,3279872.74912
2025-04-02 18:00:00,0.17148,0.17433,0.1707,0.17299,18550647.0,2025-04-02 18:59:59.999,3199550.84076,13072,8768700.0,1511856.58298
2025-04-02 19:00:00,0.173,0.1745,0.17176,0.17388,9422977.0,2025-04-02 19:59:59.999,1629299.9796,7343,4317355.0,746422.73627
2025-04-02 20:00:00,0.17388,0.18072,0.16902,0.17137,61871300.0,2025-04-02 20:59:59.999,10774232.97086,52501,29647260.0,5163285.41721
2025-04-02 21:00:00,0.17137,0.17156,0.16702,0.16813,13035494.0,2025-04-02 21:59:59.999,2198338.96326,9277,6015517.0,1014532.53815
2025-04-02 22:00:00,0.16813,0.16813,0.15824,0.15913,21666524.0,2025-04-02 22:59:59.999,3510272.00467,18068,8859197.0,1435040.67777
2025-04-02 23:00:00,0.15912,0.16212,0.15788,0.16138,12041104.0,2025-04-02 23:59:59.999,1929457.13854,10059,6440139.0,1032785.23367
2025-04-03 00:00:00,0.16137,0.16529,0.16032,0.16427,14910497.0,2025-04-03 00:59:59.999,2434982.01142,12769,8333472.0,1360818.98778
2025-04-03 01:00:00,0.1643,0.16553,0.16301,0.16504,7314909.0,2025-04-03 01:59:59.999,1200676.76896,7061,3824849.0,628202.94067
2025-04-03 02:00:00,0.16504,0.16681,0.16473,0.16663,6021736.0,2025-04-03 02:59:59.999,998422.56051,6372,2957846.0,490245.70752
2025-04-03 03:00:00,0.16663,0.16689,0.1654,0.16578,2641610.0,2025-04-03 03:59:59.999,438885.54496,3596,1325242.0,220151.55336
2025-04-03 04:00:00,0.1658,0.16626,0.16454,0.16559,4556884.0,2025-04-03 04:59:59.999,753613.9,5004,2505980.0,414346.94986
2025-04-03 05:00:00,0.16561,0.16634,0.16366,0.16371,5447229.0,2025-04-03 05:59:59.999,896323.64356,6446,1947651.0,320945.56685
2025-04-03 06:00:00,0.16373,0.16422,0.16222,0.16252,4027445.0,2025-04-03 06:59:59.999,657829.66548,4134,1907261.0,311476.03346
2025-04-03 07:00:00,0.16253,0.16369,0.16156,0.1634,5328775.0,2025-04-03 07:59:59.999,865937.9769,6430,2929121.0,475967.7618
2025-04-03 08:00:00,0.16337,0.1643,0.16264,0.16327,4587162.0,2025-04-03 08:59:59.999,749792.53279,7179,2446527.0,399908.06954
2025-04-03 09:00:00,0.16328,0.16366,0.16235,0.16246,4544754.0,2025-04-03 09:59:59.999,740924.12707,3538,2614077.0,426334.80679
2025-04-03 10:00:00,0.16244,0.1632,0.15953,0.15957,5807371.0,2025-04-03 10:59:59.999,935299.97976,7044,2317587.0,373578.0161
2025-04-03 11:00:00,0.15956,0.16042,0.15891,0.15925,6343736.0,2025-04-03 11:59:59.999,1011844.56183,5928,2629287.0,419427.0504
2025-04-03 12:00:00,0.15924,0.15971,0.15509,0.15553,17218231.0,2025-04-03 12:59:59.999,2707106.53866,14635,7303752.0,1148928.02634
2025-04-03 13:00:00,0.15552,0.15934,0.15496,0.15817,20119364.0,2025-04-03 13:59:59.999,3158915.83719,17819,9622549.0,1512672.60238
2025-04-03 14:00:00,0.15819,0.15824,0.15454,0.15487,14042892.0,2025-04-03 14:59:59.999,2189893.33931,12757,6674218.0,1040928.33833
2025-04-03 15:00:00,0.15485,0.16077,0.15326,0.16001,23747863.0,2025-04-03 15:59:59.999,3724119.0892,18124,11949586.0,1878256.02803
2025-04-03 16:00:00,0.16,0.16121,0.15697,0.15744,12795197.0,2025-04-03 16:59:59.999,2036779.26985,9416,6309110.0,1004759.84263
2025-04-03 17:00:00,0.15748,0.16185,0.15697,0.15945,20050475.0,2025-04-03 17:59:59.999,3197732.82584,12758,10642195.0,1696818.72749
2025-04-03 18:00:00,0.15941,0.16199,0.15803,0.16093,8808120.0,2025-04-03 18:59:59.999,1406825.26764,6791,4355875.0,695822.13121
2025-04-03 19:00:00,0.16096,0.16195,0.16015,0.16127,7997095.0,2025-04-03 19:59:59.999,1287877.25979,5278,2974341.0,478856.2478
2025-04-03 20:00:00,0.16132,0.16227,0.16,0.1618,14072858.0,2025-04-03 20:59:59.999,2265857.40411,7816,5333430.0,858984.32502
2025-04-03 21:00:00,0.1618,0.16507,0.16174,0.16451,6566634.0,2025-04-03 21:59:59.999,1068748.95123,5354,3745421.0,609997.19789
2025-04-03 22:00:00,0.16449,0.16449,0.16218,0.16235,4052850.0,2025-04-03 22:59:59.999,660572.76126,3807,1999242.0,325818.63625
2025-04-03 23:00:00,0.16238,0.16304,0.16135,0.16265,3723236.0,2025-04-03 23:59:59.999,603734.49787,3793,2218095.0,359712.29461
2025-04-04 00:00:00,0.1627,0.16477,0.16264,0.16265,5088542.0,2025-04-04 00:59:59.999,832370.60188,5427,3113351.0,509328.38118
2025-04-04 01:00:00,0.16266,0.16402,0.16096,0.16129,3307091.0,2025-04-04 01:59:59.999,536970.5188,3365,1510212.0,245229.32804
2025-04-04 02:00:00,0.16134,0.16362,0.16131,0.16185,4498811.0,2025-04-04 02:59:59.999,730312.08122,3813,2399747.0,389705.60677
2025-04-04 03:00:00,0.16186,0.16203,0.1606,0.16147,2780768.0,2025-04-04 03:59:59.999,448455.92724,3014,1378076.0,222274.11634
2025-04-04 04:00:00,0.16142,0.16159,0.16023,0.16064,3899474.0,2025-04-04 04:59:59.999,627220.61618,3413,1774297.0,285488.57833
2025-04-04 05:00:00,0.16066,0.16297,0.16015,0.16255,2931343.0,2025-04-04 05:59:59.999,474269.09145,4319,1326936.0,214732.0079
2025-04-04 06:00:00,0.16257,0.16289,0.16108,0.16135,5060863.0,2025-04-04 06:59:59.999,818812.76629,4391,2147850.0,347681.85724
2025-04-04 07:00:00,0.16139,0.16492,0.16138,0.16453,8243716.0,2025-04-04 07:59:59.999,1348403.4288,6672,4140925.0,677277.77269
2025-04-04 08:00:00,0.16455,0.16626,0.16449,0.16564,6751820.0,2025-04-04 08:59:59.999,1116786.12233,5018,3245824.0,536926.27575
2025-04-04 09:00:00,0.16564,0.16598,0.16455,0.16543,3651665.0,2025-04-04 09:59:59.999,603685.11128,3081,1347471.0,222611.48624
2025-04-04 10:00:00,0.16549,0.16564,0.15992,0.16016,12976714.0,2025-04-04 10:59:59.999,2103275.4872,10463,6691526.0,1085101.54554
2025-04-04 11:00:00,0.1602,0.16046,0.15709,0.15984,11900121.0,2025-04-04 11:59:59.999,1891384.22933,10156,5495232.0,872635.13476
2025-04-04 12:00:00,0.15981,0.1646,0.15773,0.1627,24231187.0,2025-04-04 12:59:59.999,3899236.62035,16630,14562342.0,2347863.46826
2025-04-04 13:00:00,0.16271,0.16501,0.15976,0.1639,29128456.0,2025-04-04 13:59:59.999,4743008.45283,18497,12478360.0,2034252.3132
2025-04-04 14:00:00,0.1639,0.16488,0.16159,0.16373,13082531.0,2025-04-04 14:59:59.999,2135298.96374,10403,6711821.0,1096724.13724
2025-04-04 15:00:00,0.16371,0.16765,0.16352,0.1642,21162027.0,2025-04-04 15:59:59.999,3504633.28916,19631,10830843.0,1791916.88497
2025-04-04 16:00:00,0.16427,0.1663,0.16313,0.16528,12438537.0,2025-04-04 16:59:59.999,2047433.57803,8760,6567601.0,1080915.33981
2025-04-04 17:00:00,0.16529,0.16807,0.1638,0.16705,13610558.0,2025-04-04 17:59:59.999,2261350.28751,11121,6511384.0,1081969.59221
2025-04-04 18:00:00,0.16704,0.16719,0.16443,0.16473,7025562.0,2025-04-04 18:59:59.999,1161474.76236,5866,3339862.0,552481.33621
2025-04-04 19:00:00,0.16473,0.16632,0.16407,0.16572,4893597.0,2025-04-04 19:59:59.999,809448.05909,3512,2973162.0,491901.30482
2025-04-04 20:00:00,0.16572,0.1664,0.16477,0.16573,6236650.0,2025-04-04 20:59:59.999,1032558.53024,5032,2992243.0,495511.87737
2025-04-04 21:00:00,0.16573,0.16658,0.16479,0.16551,6241112.0,2025-04-04 21:59:59.999,1034691.63419,5446,3187076.0,528449.50937
2025-04-04 22:00:00,0.16556,0.16567,0.16356,0.16386,5928524.0,2025-04-04 22:59:59.999,974604.22965,6032,2660329.0,437433.64149
2025-04-04 23:00:00,0.16385,0.1647,0.16337,0.16426,4092175.0,2025-04-04 23:59:59.999,670707.12003,2853,2289351.0,375223.32391
2025-04-05 00:00:00,0.16425,0.165,0.16317,0.16454,3275256.0,2025-04-05 00:59:59.999,537615.34205,3119,1404811.0,230493.13592
2025-04-05 01:00:00,0.16453,0.16514,0.16377,0.16378,2773872.0,2025-04-05 01:59:59.999,456554.31668,2553,1407759.0,231768.57999
2025-04-05 02:00:00,0.16381,0.16391,0.16302,0.16331,3719400.0,2025-04-05 02:59:59.999,607903.9215,2973,1299979.0,212459.18637
2025-04-05 03:00:00,0.1633,0.16344,0.16287,0.1629,1564335.0,2025-04-05 03:59:59.999,255152.29924,2004,486223.0,79288.94466
2025-04-05 04:00:00,0.16294,0.16377,0.16263,0.16272,2104929.0,2025-04-05 04:59:59.999,343491.38073,2668,930048.0,151782.58972
2025-04-05 05:00:00,0.16272,0.16347,0.1625,0.1625,1655752.0,2025-04-05 05:59:59.999,269876.15005,1680,894740.0,145861.86867
2025-04-05 06:00:00,0.16248,0.1632,0.16189,0.16245,2133834.0,2025-04-05 06:59:59.999,346757.3984,2871,886156.0,144063.93744
2025-04-05 07:00:00,0.16246,0.16276,0.16178,0.16233,2939910.0,2025-04-05 07:59:59.999,476639.36844,3046,1832625.0,296963.24083
2025-04-05 08:00:00,0.16235,0.16282,0.16191,0.16259,3209407.0,2025-04-05 08:59:59.999,520885.93789,2643,1745124.0,283178.34189
2025-04-05 09:00:00,0.16261,0.16335,0.1625,0.16321,2504515.0,2025-04-05 09:59:59.999,408045.99038,2511,1084502.0,176706.15678
2025-04-05 10:00:00,0.16319,0.16369,0.16228,0.16231,3095970.0,2025-04-05 10:59:59.999,504369.38871,3348,1311755.0,213727.2254
2025-04-05 11:00:00,0.16232,0.16277,0.16192,0.16228,2407990.0,2025-04-05 11:59:59.999,390664.31994,3758,1528312.0,247954.14376
2025-04-05 12:00:00,0.1623,0.16263,0.16047,0.16122,6959695.0,2025-04-05 12:59:59.999,1122590.11212,5374,3184930.0,513805.39245
2025-04-05 13:00:00,0.16125,0.16154,0.15877,0.15927,8490947.0,2025-04-05 13:59:59.999,1356815.30254,9841,4273595.0,682391.62543
2025-04-05 14:00:00,0.1593,0.16063,0.15928,0.16006,4880500.0,2025-04-05 14:59:59.999,780482.9432,5339,1902695.0,304360.31438
2025-04-05 15:00:00,0.16006,0.16008,0.15921,0.15993,2536903.0,2025-04-05 15:59:59.999,405111.18505,3623,1214266.0,193840.90822
2025-04-05 16:00:00,0.15993,0.16076,0.15978,0.16018,2395411.0,2025-04-05 16:59:59.999,384155.97466,3855,1110508.0,178089.80465
2025-04-05 17:00:00,0.16018,0.16123,0.15965,0.16084,1757857.0,2025-04-05 17:59:59.999,282393.26329,3063,849874.0,136490.9437
2025-04-05 18:00:00,0.16087,0.16166,0.16078,0.16146,1662597.0,2025-04-05 18:59:59.999,268202.72904,2583,810548.0,130747.64745
2025-04-05 19:00:00,0.16146,0.16173,0.16046,0.16088,1275829.0,2025-04-05 19:59:59.999,205503.85449,1897,488830.0,78726.58039
2025-04-05 20:00:00,0.16087,0.16178,0.1605,0.16147,2255105.0,2025-04-05 20:59:59.999,363374.18417,3558,1145874.0,184561.88335
2025-04-05 21:00:00,0.16147,0.16179,0.16016,0.16066,2238260.0,2025-04-05 21:59:59.999,360365.80752,2465,856039.0,137863.0909
2025-04-05 22:00:00,0.16068,0.16158,0.16068,0.16151,3250492.0,2025-04-05 22:59:59.999,524098.74258,2003,1083584.0,174658.49173
2025-04-05 23:00:00,0.16151,0.16237,0.16122,0.16205,2682483.0,2025-04-05 23:59:59.999,434033.15276,5028,1171188.0,189549.32987
2025-04-06 00:00:00,0.16206,0.16266,0.1617,0.16185,3099357.0,2025-04-06 00:59:59.999,502569.50078,3749,1214127.0,196863.38382
2025-04-06 01:00:00,0.16185,0.16291,0.16158,0.16177,2921225.0,2025-04-06 01:59:59.999,473814.74319,2094,1846537.0,299435.59885
2025-04-06 02:00:00,0.16178,0.16182,0.16077,0.16078,1173226.0,2025-04-06 02:59:59.999,189148.5673,1898,625522.0,100833.57962
2025-04-06 03:00:00,0.16078,0.16095,0.16001,0.16042,2804985.0,2025-04-06 03:59:59.999,450064.05952,4290,1388554.0,222785.8673
2025-04-06 04:00:00,0.16044,0.16052,0.15976,0.1605,3231852.0,2025-04-06 04:59:59.999,517505.65359,3627,1677832.0,268632.74819
2025-04-06 05:00:00,0.16049,0.16083,0.15995,0.16038,3506601.0,2025-04-06 05:59:59.999,562191.17653,2859,1397318.0,223967.2455
2025-04-06 06:00:00,0.16041,0.16044,0.15834,0.15834,3131118.0,2025-04-06 06:59:59.999,498669.9645,4666,1356450.0,216045.04274
2025-04-06 07:00:00,0.15837,0.15877,0.15756,0.15758,4921799.0,2025-04-06 07:59:59.999,778420.28563,9665,2063327.0,326456.38635
2025-04-06 08:00:00,0.15759,0.15845,0.15677,0.15821,4175855.0,2025-04-06 08:59:59.999,657852.79349,5987,1920790.0,302534.50587
2025-04-06 09:00:00,0.1582,0.15867,0.1577,0.15778,2262990.0,2025-04-06 09:59:59.999,357903.34079,2937,1354391.0,214182.36839
2025-04-06 10:00:00,0.15776,0.15788,0.15668,0.15711,3088536.0,2025-04-06 10:59:59.999,485189.08381,4869,1473146.0,231423.14077
2025-04-06 11:00:00,0.15711,0.15711,0.15571,0.15628,6078597.0,2025-04-06 11:59:59.999,950089.75268,6138,2164142.0,338331.31775
2025-04-06 12:00:00,0.15628,0.15674,0.15528,0.15536,3586914.0,2025-04-06 12:59:59.999,559922.32552,4161,1608376.0,251071.9401
2025-04-06 13:00:00,0.15536,0.15592,0.15316,0.15335,7923380.0,2025-04-06 13:59:59.999,1223375.56009,6548,4186889.0,646943.42165
2025-04-06 14:00:00,0.15335,0.15571,0.15315,0.15545,6570842.0,2025-04-06 14:59:59.999,1013992.99154,5948,3593867.0,555044.37588
2025-04-06 15:00:00,0.15543,0.15589,0.15431,0.15459,3468959.0,2025-04-06 15:59:59.999,537663.89373,2976,1312764.0,203465.62551
2025-04-06 16:00:00,0.15455,0.15464,0.15262,0.15342,6530294.0,2025-04-06 16:59:59.999,1003032.17981,4827,2774682.0,426512.14513
2025-04-06 17:00:00,0.15339,0.15373,0.14758,0.14789,23300639.0,2025-04-06 17:59:59.999,3503273.84877,20691,7953845.0,1198223.87335
2025-04-06 18:00:00,0.1479,0.1479,0.14191,0.14227,43605514.0,2025-04-06 18:59:59.999,6300077.65196,29285,19544703.0,2813801.91727
2025-04-06 19:00:00,0.1423,0.14448,0.14164,0.14387,17351254.0,2025-04-06 19:59:59.999,2485545.52444,15413,7980370.0,1143055.73084
2025-04-06 20:00:00,0.14386,0.14467,0.14106,0.1412,13782628.0,2025-04-06 20:59:59.999,1969152.99355,13600,6576050.0,940106.5916
2025-04-06 21:00:00,0.14123,0.14326,0.14099,0.14151,7065708.0,2025-04-06 21:59:59.999,1003675.56964,6940,2822990.0,401041.96262
2025-04-06 22:00:00,0.1415,0.14291,0.13929,0.13977,17606393.0,2025-04-06 22:59:59.999,2480960.37613,15446,8071597.0,1137886.10074
2025-04-06 23:00:00,0.13976,0.14037,0.13555,0.14005,24341829.0,2025-04-06 23:59:59.999,3363370.04225,18307,10040676.0,1387882.8689
2025-04-07 00:00:00,0.14006,0.14037,0.13766,0.13947,14107673.0,2025-04-07 00:59:59.999,1961206.76481,11935,6985947.0,971737.84717
2025-04-07 01:00:00,0.1395,0.14393,0.1395,0.14195,13624134.0,2025-04-07 01:59:59.999,1931260.15546,10887,7210668.0,1021477.65473
2025-04-07 02:00:00,0.14192,0.14237,0.13935,0.13955,6849338.0,2025-04-07 02:59:59.999,965875.03161,5847,3026920.0,426801.90441
2025-04-07 03:00:00,0.13957,0.13998,0.13388,0.13555,16968136.0,2025-04-07 03:59:59.999,2309050.33055,13954,7838550.0,1068028.46108
2025-04-07 04:00:00,0.13549,0.13745,0.13405,0.13557,13040608.0,2025-04-07 04:59:59.999,1769346.24027,13102,5401390.0,732954.53544
2025-04-07 05:00:00,0.13557,0.13697,0.13319,0.13393,13109900.0,2025-04-07 05:59:59.999,1769799.36213,13813,6485700.0,876024.43365
2025-04-07 06:00:00,0.13395,0.13525,0.12488,0.12659,57286768.0,2025-04-07 06:59:59.999,7385406.13104,44000,25741269.0,3316752.57023
2025-04-07 07:00:00,0.1266,0.13045,0.12628,0.12859,24864587.0,2025-04-07 07:59:59.999,3197629.65683,18735,13127940.0,1688776.13915
2025-04-07 08:00:00,0.12858,0.13584,0.128,0.1343,32079441.0,2025-04-07 08:59:59.999,4239383.45911,20779,16107121.0,2128661.12603
2025-04-07 09:00:00,0.13426,0.1371,0.13301,0.13456,14535823.0,2025-04-07 09:59:59.999,1962850.58053,11122,6899359.0,931598.79319
2025-04-07 10:00:00,0.13461,0.13854,0.13449,0.13684,14385199.0,2025-04-07 10:59:59.999,1970475.67469,12792,8361000.0,1145189.92008
2025-04-07 11:00:00,0.13683,0.13939,0.13562,0.13617,14429735.0,2025-04-07 11:59:59.999,1980973.49813,8812,6781611.0,931510.91233
2025-04-07 12:00:00,0.13619,0.14054,0.13544,0.13872,21678047.0,2025-04-07 12:59:59.999,2994917.93805,15108,12123359.0,1676279.43544
2025-04-07 13:00:00,0.13867,0.14442,0.13553,0.14307,39971369.0,2025-04-07 13:59:59.999,5606197.13354,28656,19989767.0,2807807.93872
2025-04-07 14:00:00,0.14303,0.15456,0.14237,0.14563,118508058.0,2025-04-07 14:59:59.999,17363176.24954,81199,60587026.0,8887389.61031
2025-04-07 15:00:00,0.14562,0.14654,0.14156,0.14414,38230593.0,2025-04-07 15:59:59.999,5504393.9158,27849,18661526.0,2686208.85619
2025-04-07 16:00:00,0.14411,0.14679,0.14364,0.14377,15616661.0,2025-04-07 16:59:59.999,2264222.71584,10854,6379270.0,925055.64868
2025-04-07 17:00:00,0.14382,0.15071,0.14382,0.15005,24745114.0,2025-04-07 17:59:59.999,3648147.17524,19932,13200418.0,1944611.81426
2025-04-07 18:00:00,0.15011,0.15051,0.14705,0.14777,16814273.0,2025-04-07 18:59:59.999,2499438.39221,11055,8594252.0,1277260.92206
2025-04-07 19:00:00,0.14781,0.15014,0.14733,0.14778,12452736.0,2025-04-07 19:59:59.999,1850542.26412,9741,6051406.0,899172.98624
2025-04-07 20:00:00,0.14777,0.153,0.14772,0.15204,12797501.0,2025-04-07 20:59:59.999,1931249.17159,8526,6774751.0,1022875.58676
2025-04-07 21:00:00,0.15203,0.15207,0.14928,0.15105,10923583.0,2025-04-07 21:59:59.999,1646400.7829,6432,5263645.0,793226.33556
2025-04-07 22:00:00,0.15106,0.15459,0.1509,0.1539,7909445.0,2025-04-07 22:59:59.999,1210283.20727,7957,4264467.0,652765.06573
2025-04-07 23:00:00,0.1539,0.1543,0.15171,0.15253,9114781.0,2025-04-07 23:59:59.999,1395704.44476,7893,4271471.0,654159.9244
2025-04-08 00:00:00,0.15255,0.15429,0.15133,0.15142,9593582.0,2025-04-08 00:59:59.999,1465909.71843,8496,5374519.0,821614.7149
2025-04-08 01:00:00,0.15145,0.15402,0.15096,0.15273,21980257.0,2025-04-08 01:59:59.999,3364353.92534,17452,10392446.0,1591190.6246
2025-04-08 02:00:00,0.15272,0.1539,0.1517,0.15319,34328167.0,2025-04-08 02:59:59.999,5242096.50825,21492,15093637.0,2306455.27721
2025-04-08 03:00:00,0.15319,0.15568,0.15234,0.15521,13598248.0,2025-04-08 03:59:59.999,2093148.32933,10741,6830175.0,1052888.46157
2025-04-08 04:00:00,0.1552,0.15939,0.1548,0.15911,11949635.0,2025-04-08 04:59:59.999,1880071.42585,9551,6082233.0,956729.58942
2025-04-08 05:00:00,0.1591,0.1597,0.15673,0.15921,16699031.0,2025-04-08 05:59:59.999,2643515.48716,12119,9048472.0,1433162.18721
2025-04-08 06:00:00,0.15919,0.1595,0.15716,0.15779,11168421.0,2025-04-08 06:59:59.999,1766097.65309,10375,5671806.0,897290.88526
2025-04-08 07:00:00,0.15778,0.15997,0.15636,0.15756,20300257.0,2025-04-08 07:59:59.999,3212256.51649,22598,10612683.0,1680400.12108
2025-04-08 08:00:00,0.15755,0.15791,0.15507,0.15613,21822130.0,2025-04-08 08:59:59.999,3419580.92817,23139,12197103.0,1912094.97991
2025-04-08 09:00:00,0.15612,0.15726,0.15474,0.15587,11732675.0,2025-04-08 09:59:59.999,1827885.40378,14213,5308865.0,826777.65213
2025-04-08 10:00:00,0.15587,0.15825,0.15567,0.15746,10964192.0,2025-04-08 10:59:59.999,1722349.92791,10242,4659343.0,732637.15685
2025-04-08 11:00:00,0.15747,0.16352,0.15673,0.16332,28171285.0,2025-04-08 11:59:59.999,4502720.57755,24713,17061677.0,2725051.81391
2025-04-08 12:00:00,0.16333,0.16456,0.15948,0.16169,21826415.0,2025-04-08 12:59:59.999,3526764.46913,23336,11595839.0,1874174.29691
2025-04-08 13:00:00,0.16169,0.16704,0.16149,0.16467,34705523.0,2025-04-08 13:59:59.999,5708313.05633,43942,19027851.0,3129696.21043
2025-04-08 14:00:00,0.16463,0.16598,0.1606,0.16063,20589128.0,2025-04-08 14:59:59.999,3357736.62733,28691,9519794.0,1552449.3058
2025-04-08 15:00:00,0.16066,0.16121,0.15807,0.15905,26882853.0,2025-04-08 15:59:59.999,4297222.89592,24390,12196439.0,1950595.26704
2025-04-08 16:00:00,0.15904,0.15926,0.15295,0.15308,28382987.0,2025-04-08 16:59:59.999,4419224.85124,27813,12304031.0,1915258.58289
2025-04-08 17:00:00,0.15309,0.15326,0.14845,0.15045,34461527.0,2025-04-08 17:59:59.999,5200046.73212,37191,17402886.0,2625280.1771
2025-04-08 18:00:00,0.15046,0.15269,0.14952,0.15053,17473899.0,2025-04-08 18:59:59.999,2640489.52996,20831,8633748.0,1305172.9992
2025-04-08 19:00:00,0.15053,0.15117,0.1476,0.14973,21331154.0,2025-04-08 19:59:59.999,3178730.58733,20331,10914192.0,1628535.04312
2025-04-08 20:00:00,0.14974,0.15056,0.14771,0.1497,11114653.0,2025-04-08 20:59:59.999,1656218.80593,13138,5470489.0,815529.77309
2025-04-08 21:00:00,0.14971,0.15065,0.14892,0.15015,7191934.0,2025-04-08 21:59:59.999,1077440.8356,5624,3555505.0,532748.86855
2025-04-08 22:00:00,0.15015,0.15015,0.14596,0.14692,13853330.0,2025-04-08 22:59:59.999,2044898.85323,16088,5958387.0,879457.2762
2025-04-08 23:00:00,0.14691,0.14747,0.14538,0.14611,12105256.0,2025-04-08 23:59:59.999,1771340.42543,13716,5960455.0,872784.94087
2025-04-09 00:00:00,0.14611,0.14844,0.14482,0.14631,19144698.0,2025-04-09 00:59:59.999,2809803.24513,23975,9807379.0,1440028.27577
2025-04-09 01:00:00,0.14631,0.14796,0.1425,0.14666,45284579.0,2025-04-09 01:59:59.999,6553389.01699,42453,22132853.0,3206856.59021
2025-04-09 02:00:00,0.14666,0.14822,0.14489,0.14496,18334448.0,2025-04-09 02:59:59.999,2691150.70113,20446,8742934.0,1282866.48286
2025-04-09 03:00:00,0.14497,0.14538,0.14299,0.1438,9570057.0,2025-04-09 03:59:59.999,1379837.15344,12932,4800329.0,692258.39337
2025-04-09 04:00:00,0.14379,0.14865,0.14342,0.14752,22521768.0,2025-04-09 04:59:59.999,3294904.92192,27570,12152360.0,1776571.23174
2025-04-09 05:00:00,0.14751,0.15154,0.14748,0.15118,18686954.0,2025-04-09 05:59:59.999,2794551.48037,18967,10250870.0,1533092.87086
2025-04-09 06:00:00,0.15118,0.15465,0.15115,0.15239,20307923.0,2025-04-09 06:59:59.999,3110542.56293,24969,10554936.0,1616117.59595
2025-04-09 07:00:00,0.15238,0.15587,0.15193,0.1543,22032069.0,2025-04-09 07:59:59.999,3404152.87096,25758,11629451.0,1796512.14802
2025-04-09 08:00:00,0.15431,0.15507,0.15253,0.15336,8423817.0,2025-04-09 08:59:59.999,1293793.53647,10726,4549520.0,698495.94809
2025-04-09 09:00:00,0.15337,0.1535,0.15033,0.15148,16843687.0,2025-04-09 09:59:59.999,2549122.005,14644,7062160.0,1069494.80678
2025-04-09 10:00:00,0.1515,0.15246,0.15048,0.15175,13859106.0,2025-04-09 10:59:59.999,2095355.43683,12444,5813361.0,879306.07734
2025-04-09 11:00:00,0.15174,0.15189,0.1471,0.14788,42016775.0,2025-04-09 11:59:59.999,6280017.08474,34430,16924769.0,2528549.2062
2025-04-09 12:00:00,0.14787,0.15012,0.14619,0.14899,13398176.0,2025-04-09 12:59:59.999,1984154.95065,16871,6696923.0,992322.02065
2025-04-09 13:00:00,0.14899,0.15247,0.14783,0.15039,31850388.0,2025-04-09 13:59:59.999,4783854.97484,39675,16604490.0,2495077.78091
2025-04-09 14:00:00,0.15038,0.15406,0.14975,0.14992,34090072.0,2025-04-09 14:59:59.999,5176628.5861,33359,18211131.0,2766120.44138
2025-04-09 15:00:00,0.1499,0.15079,0.14893,0.14973,17065629.0,2025-04-09 15:59:59.999,2557682.86975,15945,9345541.0,1400605.02308
2025-04-09 16:00:00,0.14974,0.15327,0.1494,0.15327,12365789.0,2025-04-09 16:59:59.999,1869990.74879,14224,6707598.0,1014193.47269
2025-04-09 17:00:00,0.15328,0.17623,0.14908,0.17563,143989744.0,2025-04-09 17:59:59.999,23323272.98753,138247,78714357.0,12730703.5601
2025-04-09 18:00:00,0.17559,0.17747,0.1686,0.16869,72289341.0,2025-04-09 18:59:59.999,12477704.78205,82990,36376756.0,6281054.54302
2025-04-09 19:00:00,0.16868,0.17262,0.16778,0.17081,33215791.0,2025-04-09 19:59:59.999,5649690.10327,30506,16013634.0,2725595.92992
2025-04-09 20:00:00,0.17082,0.17231,0.1692,0.17117,21468404.0,2025-04-09 20:59:59.999,3662583.6455,21680,10843630.0,1850013.5888
2025-04-09 21:00:00,0.17118,0.17243,0.16954,0.17084,13343262.0,2025-04-09 21:59:59.999,2281707.23922,12096,7878967.0,1346842.39964
2025-04-09 22:00:00,0.17083,0.17182,0.17003,0.17079,7759750.0,2025-04-09 22:59:59.999,1326158.93629,9856,3548978.0,606502.5124
2025-04-09 23:00:00,0.17078,0.17096,0.16837,0.16879,9618115.0,2025-04-09 23:59:59.999,1627721.215,9314,4224500.0,714598.54513
2025-04-10 00:00:00,0.16879,0.17027,0.16681,0.16918,10964417.0,2025-04-10 00:59:59.999,1849432.93318,10968,5260553.0,888458.20053
2025-04-10 01:00:00,0.16918,0.17031,0.16823,0.16846,5469291.0,2025-04-10 01:59:59.999,925793.35378,7929,3381348.0,572290.35745
2025-04-10 02:00:00,0.16845,0.16989,0.16793,0.16809,6076527.0,2025-04-10 02:59:59.999,1025360.49414,7992,3158004.0,532968.95898
2025-04-10 03:00:00,0.16809,0.16818,0.16382,0.1658,12209364.0,2025-04-10 03:59:59.999,2023369.26269,14139,5631636.0,932834.15074
2025-04-10 04:00:00,0.16577,0.16691,0.16349,0.16687,6274774.0,2025-04-10 04:59:59.999,1036615.56595,8743,3593123.0,594153.14053
2025-04-10 05:00:00,0.16686,0.17011,0.16625,0.16991,11664171.0,2025-04-10 05:59:59.999,1964962.70264,12094,6467829.0,1090105.03253
2025-04-10 06:00:00,0.16992,0.1717,0.169,0.17155,14019298.0,2025-04-10 06:59:59.999,2390426.46101,12805,7594895.0,1295403.58301
2025-04-10 07:00:00,0.17155,0.17256,0.169,0.16967,13599795.0,2025-04-10 07:59:59.999,2324680.6141,15307,6612295.0,1130706.87024
2025-04-10 08:00:00,0.16967,0.17123,0.16886,0.16955,9555301.0,2025-04-10 08:59:59.999,1625198.69736,11493,5082487.0,864387.74251
2025-04-10 09:00:00,0.16956,0.17162,0.16891,0.17026,9606186.0,2025-04-10 09:59:59.999,1638839.22057,11446,5224635.0,891711.46285
2025-04-10 10:00:00,0.17028,0.17086,0.16867,0.17074,6322593.0,2025-04-10 10:59:59.999,1073957.27352,8600,3113320.0,529146.55184
2025-04-10 11:00:00,0.17074,0.17182,0.16899,0.17156,10239272.0,2025-04-10 11:59:59.999,1744737.03556,10994,5419829.0,923431.29924
2025-04-10 12:00:00,0.17155,0.1788,0.17099,0.17323,42153636.0,2025-04-10 12:59:59.999,7347005.42385,37977,20400680.0,3557562.0904
2025-04-10 13:00:00,0.17324,0.17785,0.17185,0.17193,25977404.0,2025-04-10 13:59:59.999,4534061.21166,33353,12489095.0,2181261.0415
2025-04-10 14:00:00,0.17192,0.17653,0.17095,0.17219,18832997.0,2025-04-10 14:59:59.999,3265240.77264,23259,9650055.0,1673293.23522
2025-04-10 15:00:00,0.17223,0.17267,0.16553,0.16586,32806354.0,2025-04-10 15:59:59.999,5527767.97575,31633,14208581.0,2392000.18972
2025-04-10 16:00:00,0.16585,0.16916,0.16548,0.16747,20353420.0,2025-04-10 16:59:59.999,3402028.59074,27558,10655392.0,1780746.49374
2025-04-10 17:00:00,0.16744,0.16954,0.16588,0.16864,15495085.0,2025-04-10 17:59:59.999,2598018.52153,20514,8198031.0,1374053.94049
2025-04-10 18:00:00,0.16857,0.17045,0.16715,0.16848,12652324.0,2025-04-10 18:59:59.999,2132244.33277,17201,5889662.0,993330.40169
2025-04-10 19:00:00,0.16849,0.17094,0.16822,0.16959,10717753.0,2025-04-10 19:59:59.999,1818594.55455,14471,4761858.0,807240.97506
2025-04-10 20:00:00,0.16958,0.17089,0.16903,0.1703,4851755.0,2025-04-10 20:59:59.999,823505.11383,7270,2598691.0,441237.37071
2025-04-10 21:00:00,0.1703,0.1716,0.16887,0.16946,5289290.0,2025-04-10 21:59:59.999,899820.9565,4848,2912371.0,495584.98571
2025-04-10 22:00:00,0.16948,0.17022,0.1681,0.16818,4951219.0,2025-04-10 22:59:59.999,837196.79889,6462,2380818.0,402657.53856
2025-04-10 23:00:00,0.16818,0.16859,0.16683,0.1679,6011593.0,2025-04-10 23:59:59.999,1008124.80492,6743,2868365.0,481285.35757
2025-04-11 00:00:00,0.16789,0.16909,0.16684,0.16709,7540895.0,2025-04-11 00:59:59.999,1264657.06977,10746,3796482.0,636802.05366
2025-04-11 01:00:00,0.16709,0.17112,0.1669,0.17025,16530765.0,2025-04-11 01:59:59.999,2800217.47013,16397,8620198.0,1460527.2171
2025-04-11 02:00:00,0.17025,0.17338,0.16965,0.16997,16489455.0,2025-04-11 02:59:59.999,2829317.63158,11899,9637960.0,1655347.14487
2025-04-11 03:00:00,0.16997,0.17258,0.16928,0.17057,10863553.0,2025-04-11 03:59:59.999,1856771.59929,10039,5856415.0,1001330.29512
2025-04-11 04:00:00,0.17054,0.172,0.16947,0.17199,9190570.0,2025-04-11 04:59:59.999,1566066.90569,8181,4702937.0,801639.62106
2025-04-11 05:00:00,0.17198,0.17255,0.17047,0.17245,8012704.0,2025-04-11 05:59:59.999,1373369.64677,7982,4216978.0,722594.68771
2025-04-11 06:00:00,0.17245,0.1742,0.17195,0.17309,12671427.0,2025-04-11 06:59:59.999,2191778.77589,10491,7122797.0,1232116.13343
2025-04-11 07:00:00,0.17314,0.17381,0.17121,0.17333,16016841.0,2025-04-11 07:59:59.999,2757687.31672,10345,7088426.0,1220342.47099
2025-04-11 08:00:00,0.17333,0.17465,0.17068,0.17198,14053147.0,2025-04-11 08:59:59.999,2425581.41771,15762,6978234.0,1204654.74736
2025-04-11 09:00:00,0.17197,0.17443,0.17127,0.17443,7798390.0,2025-04-11 09:59:59.999,1350157.87481,8658,4017411.0,695527.69055
2025-04-11 10:00:00,0.17443,0.1768,0.17312,0.17369,14149288.0,2025-04-11 10:59:59.999,2471149.75459,13869,7295805.0,1274502.01842
2025-04-11 11:00:00,0.17368,0.17448,0.17103,0.17142,15633328.0,2025-04-11 11:59:59.999,2696665.52768,14853,8180430.0,1411176.47117
2025-04-11 12:00:00,0.17143,0.17334,0.17066,0.17105,16911629.0,2025-04-11 12:59:59.999,2904437.75042,15536,7402166.0,1271971.89481
2025-04-11 13:00:00,0.17106,0.17367,0.17014,0.17035,25794563.0,2025-04-11 13:59:59.999,4423694.69158,28005,12492639.0,2142822.49373
2025-04-11 14:00:00,0.17036,0.17036,0.1661,0.16646,29295724.0,2025-04-11 14:59:59.999,4927201.59265,28350,12036355.0,2024690.33143
2025-04-11 15:00:00,0.16646,0.16793,0.16567,0.16662,45138364.0,2025-04-11 15:59:59.999,7526014.82523,41960,20543547.0,3428603.32892
2025-04-11 16:00:00,0.16662,0.16751,0.16475,0.16684,14648415.0,2025-04-11 16:59:59.999,2433303.07327,20230,6258412.0,1040634.22328
2025-04-11 17:00:00,0.16685,0.1699,0.16618,0.16842,19977079.0,2025-04-11 17:59:59.999,3358150.32905,21086,9504240.0,1596671.97228
2025-04-11 18:00:00,0.16841,0.17034,0.16779,0.16779,17918487.0,2025-04-11 18:59:59.999,3031973.25963,22266,7687686.0,1300991.48737
2025-04-11 19:00:00,0.1678,0.16861,0.16765,0.16805,9577875.0,2025-04-11 19:59:59.999,1610527.30118,17488,3394268.0,570783.08442
2025-04-11 20:00:00,0.16804,0.17052,0.16742,0.17004,9502217.0,2025-04-11 20:59:59.999,1607285.82708,11382,4632110.0,784170.24149
2025-04-11 21:00:00,0.17004,0.17109,0.16829,0.16905,10421453.0,2025-04-11 21:59:59.999,1768479.80802,7816,5058333.0,858462.21574
2025-04-11 22:00:00,0.16904,0.16951,0.16812,0.16827,7087192.0,2025-04-11 22:59:59.999,1195153.51676,6371,3773852.0,636448.04379
2025-04-11 23:00:00,0.16826,0.16839,0.16656,0.16752,10655716.0,2025-04-11 23:59:59.999,1784208.52561,7752,5517573.0,924115.59756
2025-04-12 00:00:00,0.16752,0.16891,0.16649,0.16744,7190573.0,2025-04-12 00:59:59.999,1204768.91699,8204,3706916.0,621128.94077
2025-04-12 01:00:00,0.16745,0.16798,0.1662,0.16684,6306656.0,2025-04-12 01:59:59.999,1052872.79008,5859,2228360.0,372130.07879
2025-04-12 02:00:00,0.16683,0.16694,0.16566,0.1659,4392073.0,2025-04-12 02:59:59.999,730506.14781,5328,2192900.0,364740.77934
2025-04-12 03:00:00,0.16589,0.16745,0.1655,0.1662,8093534.0,2025-04-12 03:59:59.999,1346201.49376,6243,4881866.0,812427.31099
2025-04-12 04:00:00,0.16619,0.16758,0.16554,0.16679,5474991.0,2025-04-12 04:59:59.999,911513.17884,6485,2725507.0,453740.85784
2025-04-12 05:00:00,0.1668,0.16733,0.16623,0.16714,4233075.0,2025-04-12 05:59:59.999,705705.15859,5043,2567807.0,428134.94792
2025-04-12 06:00:00,0.16713,0.16927,0.16707,0.16873,7966487.0,2025-04-12 06:59:59.999,1341280.65595,7308,4469460.0,752436.97231
2025-04-12 07:00:00,0.16872,0.16884,0.16778,0.16834,4730708.0,2025-04-12 07:59:59.999,796190.9049,5378,2530258.0,425846.71712
2025-04-12 08:00:00,0.16835,0.17024,0.16796,0.16872,8637810.0,2025-04-12 08:59:59.999,1460498.33826,8120,4899392.0,828379.04319
2025-04-12 09:00:00,0.16871,0.17087,0.16845,0.17022,9234807.0,2025-04-12 09:59:59.999,1569114.96495,7669,5467190.0,929260.11999
2025-04-12 10:00:00,0.17023,0.17129,0.16912,0.16955,6762099.0,2025-04-12 10:59:59.999,1151479.13907,7393,3523522.0,600010.61637
2025-04-12 11:00:00,0.16956,0.17005,0.16807,0.16857,4820958.0,2025-04-12 11:59:59.999,814771.56728,5604,2943172.0,497349.36997
2025-04-12 12:00:00,0.16856,0.17145,0.1678,0.1711,9802065.0,2025-04-12 12:59:59.999,1662194.24821,9333,4221027.0,717061.18368
2025-04-12 13:00:00,0.17109,0.17462,0.17045,0.17453,19351432.0,2025-04-12 13:59:59.999,3338581.15324,18018,10776401.0,1859864.01409
2025-04-12 14:00:00,0.17451,0.17642,0.17294,0.17535,22839946.0,2025-04-12 14:59:59.999,3990272.12511,26224,9721368.0,1699500.68308
2025-04-12 15:00:00,0.17534,0.17609,0.17099,0.17243,26180662.0,2025-04-12 15:59:59.999,4562886.51665,27185,11512252.0,2006768.82275
2025-04-12 16:00:00,0.17242,0.17377,0.17135,0.1719,10466284.0,2025-04-12 16:59:59.999,1807985.08959,15353,4061097.0,701916.69374
2025-04-12 17:00:00,0.1719,0.17233,0.17062,0.17133,7455871.0,2025-04-12 17:59:59.999,1276202.87844,11358,3840802.0,657335.07077
2025-04-12 18:00:00,0.17133,0.17316,0.17105,0.17292,7652847.0,2025-04-12 18:59:59.999,1316184.14742,10256,3180183.0,547045.0575
2025-04-12 19:00:00,0.17291,0.17295,0.17134,0.17226,8034174.0,2025-04-12 19:59:59.999,1383287.52133,10728,3185194.0,548372.58036
2025-04-12 20:00:00,0.17226,0.17565,0.17209,0.17444,10636389.0,2025-04-12 20:59:59.999,1852545.13192,13699,5611408.0,977026.26669
2025-04-12 21:00:00,0.17444,0.17494,0.17373,0.1742,5554137.0,2025-04-12 21:59:59.999,967980.34657,9757,2505144.0,436533.09876
2025-04-12 22:00:00,0.17422,0.17684,0.1741,0.17674,11201241.0,2025-04-12 22:59:59.999,1966746.38875,9919,6883067.0,1208828.42882
2025-04-12 23:00:00,0.17675,0.1785,0.17568,0.17706,15353467.0,2025-04-12 23:59:59.999,2719842.66591,12064,7965402.0,1411407.29012
2025-04-13 00:00:00,0.17707,0.17739,0.17466,0.17543,8723323.0,2025-04-13 00:59:59.999,1532658.03843,9645,3864562.0,678833.81533
2025-04-13 01:00:00,0.17542,0.17682,0.17392,0.17434,7179626.0,2025-04-13 01:59:59.999,1260019.68835,9770,3513155.0,616249.82256
2025-04-13 02:00:00,0.17433,0.17465,0.1733,0.17413,5785448.0,2025-04-13 02:59:59.999,1006883.10906,7413,2894818.0,503566.67298
2025-04-13 03:00:00,0.1741,0.17549,0.17404,0.17511,4603949.0,2025-04-13 03:59:59.999,804534.91388,5238,2474528.0,432402.09233
2025-04-13 04:00:00,0.17511,0.17537,0.17221,0.17239,9606905.0,2025-04-13 04:59:59.999,1669003.5517,7409,4132597.0,716625.27313
2025-04-13 05:00:00,0.17239,0.1726,0.17115,0.17202,4639928.0,2025-04-13 05:59:59.999,797713.9723,5533,2702228.0,464577.72521
2025-04-13 06:00:00,0.17202,0.17213,0.17092,0.17106,3156414.0,2025-04-13 06:59:59.999,541167.72654,4180,1524417.0,261335.80543
2025-04-13 07:00:00,0.17106,0.17173,0.17086,0.1712,3384886.0,2025-04-13 07:59:59.999,579560.45194,3729,1728625.0,295972.01971
2025-04-13 08:00:00,0.17121,0.17231,0.17061,0.17231,4652503.0,2025-04-13 08:59:59.999,797793.81599,4821,1870891.0,320818.12519
2025-04-13 09:00:00,0.1723,0.17546,0.17196,0.17526,8565587.0,2025-04-13 09:59:59.999,1483670.89189,7252,4642236.0,803964.37852
2025-04-13 10:00:00,0.17525,0.17586,0.17234,0.17464,7192016.0,2025-04-13 10:59:59.999,1251322.1523,8333,3640907.0,633479.54788
2025-04-13 11:00:00,0.17464,0.17502,0.17126,0.17172,7764090.0,2025-04-13 11:59:59.999,1340496.90912,8598,3286564.0,567722.44927
2025-04-13 12:00:00,0.17172,0.17305,0.17114,0.17136,7108692.0,2025-04-13 12:59:59.999,1222258.2778,8047,3272487.0,562686.78404
2025-04-13 13:00:00,0.17138,0.1724,0.16787,0.1686,11134915.0,2025-04-13 13:59:59.999,1893512.93588,11472,4463286.0,759389.47815
2025-04-13 14:00:00,0.1686,0.16972,0.16762,0.16836,11197879.0,2025-04-13 14:59:59.999,1887441.45983,15966,5016671.0,845428.38445
2025-04-13 15:00:00,0.16837,0.16838,0.16678,0.16757,6548748.0,2025-04-13 15:59:59.999,1096551.20674,12238,2592696.0,434169.01693
2025-04-13 16:00:00,0.16756,0.16948,0.16745,0.16776,10593156.0,2025-04-13 16:59:59.999,1784227.40731,13497,3590706.0,604533.51505
2025-04-13 17:00:00,0.16776,0.17111,0.16753,0.17015,8890166.0,2025-04-13 17:59:59.999,1506545.16244,16219,4322795.0,732195.10316
2025-04-13 18:00:00,0.17015,0.17145,0.16838,0.16904,11512733.0,2025-04-13 18:59:59.999,1957513.37712,18149,5071508.0,862322.06829
2025-04-13 19:00:00,0.16904,0.16904,0.16459,0.16598,21980981.0,2025-04-13 19:59:59.999,3659677.37057,32726,9474179.0,1578149.44876
2025-04-13 20:00:00,0.16599,0.16766,0.16455,0.16468,11944076.0,2025-04-13 20:59:59.999,1981109.47501,19155,4677535.0,776143.37278
2025-04-13 21:00:00,0.16468,0.16588,0.16345,0.16437,10840432.0,2025-04-13 21:59:59.999,1781176.75118,9730,3563478.0,585965.96439
2025-04-13 22:00:00,0.16438,0.16541,0.16379,0.16393,5891874.0,2025-04-13 22:59:59.999,969476.08294,9124,2846588.0,468332.89118
2025-04-13 23:00:00,0.16394,0.16573,0.16352,0.16529,6063198.0,2025-04-13 23:59:59.999,999744.10395,9319,3517136.0,579843.76849
2025-04-14 00:00:00,0.1653,0.16917,0.16503,0.16714,10737100.0,2025-04-14 00:59:59.999,1798719.23409,16025,5486985.0,918998.54818
2025-04-14 01:00:00,0.16713,0.16818,0.1663,0.16702,4584168.0,2025-04-14 01:59:59.999,766079.2806,8224,2220390.0,371062.19335
2025-04-14 02:00:00,0.16703,0.17281,0.16677,0.16977,15749902.0,2025-04-14 02:59:59.999,2687039.71673,18164,7961668.0,1356659.00896
2025-04-14 03:00:00,0.16976,0.17001,0.16721,0.16787,15752563.0,2025-04-14 03:59:59.999,2659241.76994,15437,9345702.0,1577802.34637
2025-04-14 04:00:00,0.16786,0.17136,0.16752,0.17103,14805276.0,2025-04-14 04:59:59.999,2499835.76936,14078,7279546.0,1229631.1646
2025-04-14 05:00:00,0.17104,0.17135,0.1681,0.16913,6214956.0,2025-04-14 05:59:59.999,1054801.54045,7610,2590813.0,440594.293
2025-04-14 06:00:00,0.16914,0.16921,0.16707,0.16716,4727016.0,2025-04-14 06:59:59.999,794491.65643,6761,2201992.0,370067.59894
2025-04-14 07:00:00,0.16713,0.16735,0.16505,0.16699,8204287.0,2025-04-14 07:59:59.999,1363927.81264,10500,4206301.0,699377.08249
2025-04-14 08:00:00,0.16699,0.1684,0.16636,0.1674,5547585.0,2025-04-14 08:59:59.999,928136.69555,8249,2457083.0,411164.14715
2025-04-14 09:00:00,0.1674,0.16812,0.16631,0.16709,3450781.0,2025-04-14 09:59:59.999,576872.18312,5849,1559008.0,260663.17536
2025-04-14 10:00:00,0.16709,0.1704,0.16705,0.16959,29443840.0,2025-04-14 10:59:59.999,4969727.89346,20222,16009794.0,2705855.27668
2025-04-14 11:00:00,0.16962,0.17079,0.16893,0.16966,16191906.0,2025-04-14 11:59:59.999,2747566.0405,12746,6372794.0,1081840.78964
2025-04-14 12:00:00,0.16965,0.17055,0.16901,0.17038,7298600.0,2025-04-14 12:59:59.999,1240882.7629,11493,3117012.0,529979.02398
2025-04-14 13:00:00,0.17038,0.17129,0.16662,0.16725,10266715.0,2025-04-14 13:59:59.999,1734551.1198,14629,4691393.0,792446.5478
2025-04-14 14:00:00,0.16726,0.17095,0.16685,0.16894,14630083.0,2025-04-14 14:59:59.999,2474104.98488,16193,7888996.0,1333811.47175
2025-04-14 15:00:00,0.16895,0.1692,0.16243,0.16316,20590735.0,2025-04-14 15:59:59.999,3404647.70237,24594,9944791.0,1646595.46193
2025-04-14 16:00:00,0.16317,0.16621,0.1631,0.1653,19520582.0,2025-04-14 16:59:59.999,3214193.29178,23243,9730256.0,1602459.74399
2025-04-14 17:00:00,0.16531,0.1663,0.1641,0.16585,11541804.0,2025-04-14 17:59:59.999,1906489.60876,12793,5450117.0,899987.5929
2025-04-14 18:00:00,0.16585,0.1675,0.16531,0.16726,8148419.0,2025-04-14 18:59:59.999,1356520.06079,10581,4157732.0,691975.16108
2025-04-14 19:00:00,0.16726,0.16856,0.16697,0.16788,7234962.0,2025-04-14 19:59:59.999,1214086.25665,11457,2987283.0,501201.60657
2025-04-14 20:00:00,0.16789,0.16795,0.16551,0.16681,7135506.0,2025-04-14 20:59:59.999,1188912.09049,7946,2668308.0,443970.96742
2025-04-14 21:00:00,0.16681,0.167,0.16429,0.16606,4837398.0,2025-04-14 21:59:59.999,802243.75043,5380,2130172.0,353096.5638
2025-04-14 22:00:00,0.16609,0.16642,0.16522,0.16587,3729761.0,2025-04-14 22:59:59.999,618725.309,5590,2189351.0,363241.13793
2025-04-14 23:00:00,0.16586,0.16601,0.16458,0.16522,3743295.0,2025-04-14 23:59:59.999,618583.11507,4843,2061523.0,340608.42515
2025-04-15 00:00:00,0.16522,0.16553,0.16426,0.16466,6472520.0,2025-04-15 00:59:59.999,1067549.01704,7030,3589649.0,591951.09918
2025-04-15 01:00:00,0.16467,0.16733,0.16388,0.16658,5709372.0,2025-04-15 01:59:59.999,945611.29372,7237,2936857.0,486517.75176
2025-04-15 02:00:00,0.16661,0.167,0.16571,0.16685,13570109.0,2025-04-15 02:59:59.999,2256551.00179,10639,6485522.0,1078474.97894
2025-04-15 03:00:00,0.16686,0.16799,0.16625,0.16779,9060985.0,2025-04-15 03:59:59.999,1514799.92675,8059,4024336.0,672732.51719
2025-04-15 04:00:00,0.16779,0.16789,0.16602,0.16715,3696936.0,2025-04-15 04:59:59.999,616930.27649,4583,1950219.0,325303.17192
2025-04-15 05:00:00,0.16715,0.16825,0.16695,0.16721,4369375.0,2025-04-15 05:59:59.999,732080.40756,5462,2087790.0,349925.88627
2025-04-15 06:00:00,0.1672,0.16728,0.16604,0.16625,3465770.0,2025-04-15 06:59:59.999,577425.8122,4101,1533309.0,255432.12909
2025-04-15 07:00:00,0.16626,0.16729,0.16622,0.16682,2926757.0,2025-04-15 07:59:59.999,487846.96331,3672,1591374.0,265223.47111
2025-04-15 08:00:00,0.16681,0.16749,0.16634,0.16681,4207289.0,2025-04-15 08:59:59.999,701483.94017,2442,2315010.0,386008.34493
2025-04-15 09:00:00,0.16681,0.16807,0.16627,0.168,6819820.0,2025-04-15 09:59:59.999,1141755.03394,4293,3297928.0,552194.99721
2025-04-15 10:00:00,0.16801,0.16829,0.16509,0.16554,4638129.0,2025-04-15 10:59:59.999,770671.88772,4083,2243877.0,372542.5822
2025-04-15 11:00:00,0.16554,0.16562,0.16428,0.16467,4454516.0,2025-04-15 11:59:59.999,734992.52377,5183,2173622.0,358591.59423
2025-04-15 12:00:00,0.16467,0.16556,0.16351,0.16464,7699002.0,2025-04-15 12:59:59.999,1265062.1187,12527,2651472.0,435904.31476
2025-04-15 13:00:00,0.16464,0.16702,0.16391,0.16447,12034438.0,2025-04-15 13:59:59.999,1990651.41542,17883,5469098.0,905075.6336
2025-04-15 14:00:00,0.16446,0.16495,0.16219,0.16307,12921528.0,2025-04-15 14:59:59.999,2108651.03975,18889,6170927.0,1007180.26462
2025-04-15 15:00:00,0.1631,0.16433,0.16257,0.16338,6531415.0,2025-04-15 15:59:59.999,1067614.84763,10442,3409544.0,557525.72522
2025-04-15 16:00:00,0.16338,0.16407,0.1624,0.16247,4533402.0,2025-04-15 16:59:59.999,740297.7187,7878,1829086.0,298578.97103
2025-04-15 17:00:00,0.16247,0.1627,0.15971,0.16021,11643002.0,2025-04-15 17:59:59.999,1874643.7142,10345,4623381.0,744867.80475
2025-04-15 18:00:00,0.16022,0.16033,0.15855,0.15911,8890683.0,2025-04-15 18:59:59.999,1417919.85227,10742,3718968.0,593474.22281
2025-04-15 19:00:00,0.15912,0.15958,0.15853,0.15946,5394277.0,2025-04-15 19:59:59.999,858162.15221,8700,2322153.0,369445.65166
2025-04-15 20:00:00,0.15945,0.1606,0.15805,0.15862,6424926.0,2025-04-15 20:59:59.999,1024943.34178,9471,2588027.0,413123.7798
2025-04-15 21:00:00,0.15863,0.15875,0.15732,0.1577,5718857.0,2025-04-15 21:59:59.999,903385.70396,6360,2748048.0,434401.71455
2025-04-15 22:00:00,0.1577,0.15778,0.15673,0.1574,7253078.0,2025-04-15 22:59:59.999,1140245.97442,7426,2783411.0,437793.64292
2025-04-15 23:00:00,0.15739,0.15768,0.15662,0.15699,3010075.0,2025-04-15 23:59:59.999,472834.29537,4529,1561741.0,245289.37075
2025-04-16 00:00:00,0.15699,0.15739,0.15596,0.1566,4501986.0,2025-04-16 00:59:59.999,705765.68656,6768,2335313.0,366216.97449
2025-04-16 01:00:00,0.15659,0.15821,0.15628,0.1576,4035931.0,2025-04-16 01:59:59.999,634889.58949,6067,1919289.0,301757.59782
2025-04-16 02:00:00,0.15761,0.15874,0.15753,0.15831,5178319.0,2025-04-16 02:59:59.999,819106.71832,5810,2237160.0,353835.1846
2025-04-16 03:00:00,0.15833,0.1587,0.15737,0.15744,2739782.0,2025-04-16 03:59:59.999,433094.70657,3565,1383345.0,218634.28543
2025-04-16 04:00:00,0.15744,0.15769,0.15667,0.15765,4007019.0,2025-04-16 04:59:59.999,630011.00674,4477,1751998.0,275392.23287
2025-04-16 05:00:00,0.15765,0.15888,0.15666,0.15681,3506497.0,2025-04-16 05:59:59.999,552467.36858,5869,1854881.0,292194.31033
2025-04-16 06:00:00,0.15679,0.15772,0.15641,0.15769,3067333.0,2025-04-16 06:59:59.999,482017.90839,4155,1651078.0,259453.19306
2025-04-16 07:00:00,0.15769,0.15805,0.1554,0.15606,6241446.0,2025-04-16 07:59:59.999,975799.28049,5749,3143350.0,491310.04584
2025-04-16 08:00:00,0.15607,0.1587,0.15518,0.15735,7731415.0,2025-04-16 08:59:59.999,1212460.65148,8485,3836345.0,601672.31266
2025-04-16 09:00:00,0.15736,0.15843,0.1565,0.15653,5411302.0,2025-04-16 09:59:59.999,852638.30466,6518,2746025.0,432840.10052
2025-04-16 10:00:00,0.15652,0.15838,0.1563,0.15795,5669195.0,2025-04-16 10:59:59.999,892264.98034,5309,3478681.0,547291.39439
2025-04-16 11:00:00,0.15796,0.15959,0.15694,0.15827,10553725.0,2025-04-16 11:59:59.999,1671875.9079,6417,7006821.0,1111189.78657
2025-04-16 12:00:00,0.15827,0.1588,0.15659,0.15659,4570774.0,2025-04-16 12:59:59.999,721236.01763,5145,2396999.0,378311.14684
2025-04-16 13:00:00,0.1566,0.15808,0.15606,0.15667,4520218.0,2025-04-16 13:59:59.999,709336.45763,7362,2061371.0,323541.2272
2025-04-16 14:00:00,0.15665,0.16011,0.15659,0.15927,9316389.0,2025-04-16 14:59:59.999,1478533.69344,10028,4560224.0,723958.36131
2025-04-16 15:00:00,0.15927,0.16071,0.15849,0.15863,6550061.0,2025-04-16 15:59:59.999,1045571.80086,8940,3449504.0,550662.3744
2025-04-16 16:00:00,0.15864,0.15961,0.15731,0.15897,5412700.0,2025-04-16 16:59:59.999,857988.58713,6935,2563755.0,406155.12777
2025-04-16 17:00:00,0.1589,0.16093,0.15396,0.1541,17444362.0,2025-04-16 17:59:59.999,2742909.81579,20001,8457748.0,1331116.95525
2025-04-16 18:00:00,0.15414,0.15835,0.15411,0.15644,15533617.0,2025-04-16 18:59:59.999,2429956.5828,18741,9134462.0,1429329.5555
2025-04-16 19:00:00,0.15644,0.15966,0.15543,0.15894,8138655.0,2025-04-16 19:59:59.999,1280676.22226,10798,3184813.0,501922.09019
2025-04-16 20:00:00,0.15893,0.16056,0.15751,0.15765,4020269.0,2025-04-16 20:59:59.999,640116.45625,7596,2142394.0,341142.43562
2025-04-16 21:00:00,0.15765,0.15926,0.15663,0.15851,10688698.0,2025-04-16 21:59:59.999,1689775.25791,7938,3379122.0,535476.14317
2025-04-16 22:00:00,0.15851,0.15932,0.15799,0.15857,3430426.0,2025-04-16 22:59:59.999,543990.85696,5357,1824617.0,289271.64251
2025-04-16 23:00:00,0.15857,0.15879,0.15684,0.15748,2680094.0,2025-04-16 23:59:59.999,422457.69761,3884,1114526.0,175651.28275
2025-04-17 00:00:00,0.15747,0.15855,0.1571,0.15762,4455309.0,2025-04-17 00:59:59.999,702981.14215,6640,1986990.0,313605.56982
2025-04-17 01:00:00,0.15762,0.15845,0.15711,0.15751,3676695.0,2025-04-17 01:59:59.999,579762.86408,5685,1880041.0,296458.74849
2025-04-17 02:00:00,0.15752,0.15759,0.15665,0.15709,3866413.0,2025-04-17 02:59:59.999,607223.56943,4527,1678202.0,263460.00036
2025-04-17 03:00:00,0.1571,0.15765,0.15629,0.15703,2078863.0,2025-04-17 03:59:59.999,326017.18671,3860,1108015.0,173761.06124
2025-04-17 04:00:00,0.15702,0.15784,0.15639,0.15772,2638404.0,2025-04-17 04:59:59.999,413835.01745,3879,1425061.0,223539.93817
2025-04-17 05:00:00,0.15771,0.15979,0.15745,0.15946,4097836.0,2025-04-17 05:59:59.999,650847.08409,6082,2152091.0,342220.44182
2025-04-17 06:00:00,0.15947,0.16121,0.15903,0.16072,6249452.0,2025-04-17 06:59:59.999,1001001.22479,7478,3736391.0,598169.08614
2025-04-17 07:00:00,0.16077,0.16095,0.15964,0.15984,4270849.0,2025-04-17 07:59:59.999,684818.66472,5036,2327283.0,373223.56801
2025-04-17 08:00:00,0.15985,0.16027,0.15865,0.15867,4300476.0,2025-04-17 08:59:59.999,686064.41787,5525,2301202.0,367070.4812
2025-04-17 09:00:00,0.15869,0.15974,0.15837,0.15886,3841888.0,2025-04-17 09:59:59.999,610847.25851,4261,1987172.0,315922.53571
2025-04-17 10:00:00,0.15886,0.15921,0.15792,0.15909,3589161.0,2025-04-17 10:59:59.999,569208.85146,3997,1883437.0,298607.67182
2025-04-17 11:00:00,0.15909,0.16013,0.15909,0.15952,2534991.0,2025-04-17 11:59:59.999,404799.67488,3719,1286620.0,205441.7762
2025-04-17 12:00:00,0.15953,0.16055,0.1595,0.16047,3580872.0,2025-04-17 12:59:59.999,573056.30006,4913,2005301.0,320847.11074
2025-04-17 13:00:00,0.16046,0.16078,0.16001,0.16027,3528178.0,2025-04-17 13:59:59.999,565857.25365,4696,1535524.0,246248.34602
2025-04-17 14:00:00,0.16026,0.16035,0.15841,0.15926,6611791.0,2025-04-17 14:59:59.999,1055124.903,7550,2661513.0,424396.50405
2025-04-17 15:00:00,0.1593,0.16223,0.1593,0.16111,6467581.0,2025-04-17 15:59:59.999,1041457.84406,8177,3371408.0,542840.5732
2025-04-17 16:00:00,0.16111,0.16378,0.16046,0.16353,8600731.0,2025-04-17 16:59:59.999,1394628.48308,11869,4534249.0,735279.17064
2025-04-17 17:00:00,0.16355,0.16475,0.16309,0.16433,4572486.0,2025-04-17 17:59:59.999,749420.25635,5598,2737075.0,448762.98565
2025-04-17 18:00:00,0.16434,0.166,0.16347,0.1635,8021935.0,2025-04-17 18:59:59.999,1323791.23782,8175,4485299.0,740677.53493
2025-04-17 19:00:00,0.1635,0.16397,0.16141,0.16285,6033547.0,2025-04-17 19:59:59.999,979521.05633,7285,2488906.0,404556.67906
2025-04-17 20:00:00,0.16285,0.16491,0.16285,0.16479,5506026.0,2025-04-17 20:59:59.999,905363.78033,6364,3193325.0,525065.75315
2025-04-17 21:00:00,0.1648,0.16481,0.16334,0.1641,2460099.0,2025-04-17 21:59:59.999,403133.67984,2564,1045755.0,171384.41357
2025-04-17 22:00:00,0.16407,0.16452,0.16271,0.16273,2626841.0,2025-04-17 22:59:59.999,429597.29042,3331,1139404.0,186377.11855
2025-04-17 23:00:00,0.16273,0.16372,0.1627,0.16302,1697419.0,2025-04-17 23:59:59.999,276830.08999,2198,889776.0,145114.28765
2025-04-18 00:00:00,0.16302,0.16344,0.16195,0.16223,3678560.0,2025-04-18 00:59:59.999,597660.52214,4517,2065758.0,335566.0636
2025-04-18 01:00:00,0.16221,0.16485,0.16197,0.16432,2703900.0,2025-04-18 01:59:59.999,443214.56762,4467,1729094.0,283285.25943
2025-04-18 02:00:00,0.16431,0.16519,0.16374,0.16381,3166558.0,2025-04-18 02:59:59.999,520778.00566,4623,1507409.0,247876.45476
2025-04-18 03:00:00,0.16382,0.16406,0.16255,0.16382,1913507.0,2025-04-18 03:59:59.999,312217.64518,3101,1043699.0,170272.79063
2025-04-18 04:00:00,0.16383,0.16444,0.16257,0.16408,4421202.0,2025-04-18 04:59:59.999,722898.65576,4643,2317739.0,378699.11249
2025-04-18 05:00:00,0.16407,0.16555,0.16348,0.1655,2545261.0,2025-04-18 05:59:59.999,418348.77728,3930,1520719.0,250007.5535
2025-04-18 06:00:00,0.16549,0.16591,0.16476,0.16587,2967377.0,2025-04-18 06:59:59.999,491064.43104,4023,1568152.0,259497.48437
2025-04-18 07:00:00,0.16587,0.16599,0.16451,0.16547,4919654.0,2025-04-18 07:59:59.999,814253.9962,6204,2714023.0,449189.45133
2025-04-18 08:00:00,0.16549,0.16657,0.16516,0.16544,4657559.0,2025-04-18 08:59:59.999,773351.41693,6109,1973052.0,327567.90389
2025-04-18 09:00:00,0.16544,0.16638,0.16514,0.16624,3133650.0,2025-04-18 09:59:59.999,519790.13425,4501,1809501.0,300173.47489
2025-04-18 10:00:00,0.16624,0.16666,0.16482,0.16497,7847395.0,2025-04-18 10:59:59.999,1299235.47491,6143,4163288.0,689283.76367
2025-04-18 11:00:00,0.16496,0.16585,0.16484,0.16575,4569752.0,2025-04-18 11:59:59.999,755077.054,4539,2992884.0,494322.88775
2025-04-18 12:00:00,0.16573,0.16664,0.16499,0.16605,3682657.0,2025-04-18 12:59:59.999,611089.60909,5203,1768871.0,293614.67585
2025-04-18 13:00:00,0.16604,0.16621,0.16511,0.16562,3311316.0,2025-04-18 13:59:59.999,548567.43765,4877,1547859.0,256464.39663
2025-04-18 14:00:00,0.1656,0.16604,0.16456,0.16465,2254706.0,2025-04-18 14:59:59.999,372271.16183,4350,991374.0,163715.30286
2025-04-18 15:00:00,0.16464,0.16511,0.16361,0.1642,3168454.0,2025-04-18 15:59:59.999,520290.18942,4828,1539586.0,252866.86987
2025-04-18 16:00:00,0.16418,0.16519,0.16395,0.16448,3793690.0,2025-04-18 16:59:59.999,624193.59582,4764,2219645.0,365092.95826
2025-04-18 17:00:00,0.16447,0.16634,0.1644,0.16629,5987240.0,2025-04-18 17:59:59.999,991605.71913,5592,3166049.0,524071.18695
2025-04-18 18:00:00,0.16629,0.16631,0.16559,0.16571,3482004.0,2025-04-18 18:59:59.999,577593.32057,4432,1891141.0,313709.3951
2025-04-18 19:00:00,0.16571,0.16577,0.16443,0.16576,6110886.0,2025-04-18 19:59:59.999,1008992.9143,4527,3096732.0,511325.28199
2025-04-18 20:00:00,0.16575,0.16638,0.16548,0.16609,5698337.0,2025-04-18 20:59:59.999,945589.56326,4905,2742833.0,455089.51379
2025-04-18 21:00:00,0.16608,0.16645,0.16562,0.16601,2107546.0,2025-04-18 21:59:59.999,349891.84423,2450,1125215.0,186804.37229
2025-04-18 22:00:00,0.16602,0.16609,0.16493,0.16493,1478859.0,2025-04-18 22:59:59.999,244575.07315,2309,622179.0,102879.18636
2025-04-18 23:00:00,0.16492,0.16523,0.16417,0.16517,1911557.0,2025-04-18 23:59:59.999,314787.26199,2244,1080054.0,177901.02358
2025-04-19 00:00:00,0.16518,0.16632,0.16509,0.16602,1647029.0,2025-04-19 00:59:59.999,272819.06831,2732,659891.0,109290.36418
2025-04-19 01:00:00,0.16603,0.16661,0.1657,0.16641,2730238.0,2025-04-19 01:59:59.999,453994.77783,3212,1636813.0,272231.06579
2025-04-19 02:00:00,0.16642,0.16737,0.16604,0.1672,1919088.0,2025-04-19 02:59:59.999,320471.05035,3048,1130920.0,188852.82711
2025-04-19 03:00:00,0.1672,0.16785,0.16678,0.1669,2042973.0,2025-04-19 03:59:59.999,341698.15132,3250,928477.0,155321.23434
2025-04-19 04:00:00,0.1669,0.16766,0.16671,0.16743,3371118.0,2025-04-19 04:59:59.999,564056.80749,3169,1174426.0,196363.00061
2025-04-19 05:00:00,0.16743,0.16778,0.16707,0.1672,1325757.0,2025-04-19 05:59:59.999,221951.56859,2323,758963.0,127061.64311
2025-04-19 06:00:00,0.16721,0.16746,0.16647,0.16647,1979858.0,2025-04-19 06:59:59.999,330692.65964,2195,912842.0,152479.15306
2025-04-19 07:00:00,0.16647,0.16689,0.16598,0.16645,2528998.0,2025-04-19 07:59:59.999,420851.18217,2567,1006042.0,167399.63798
2025-04-19 08:00:00,0.16644,0.16708,0.16613,0.16681,1541226.0,2025-04-19 08:59:59.999,256838.64102,2132,828638.0,138100.60616
2025-04-19 09:00:00,0.1668,0.16752,0.16614,0.16619,2353481.0,2025-04-19 09:59:59.999,392433.14465,2663,1202271.0,200552.76574
2025-04-19 10:00:00,0.16619,0.1662,0.16552,0.16569,4089587.0,2025-04-19 10:59:59.999,678622.69534,2983,2579848.0,428171.41706
2025-04-19 11:00:00,0.16568,0.1665,0.16567,0.16591,1813289.0,2025-04-19 11:59:59.999,301262.04309,2186,1242913.0,206521.70802
2025-04-19 12:00:00,0.16593,0.1661,0.1649,0.16492,1814985.0,2025-04-19 12:59:59.999,300248.9638,2309,718779.0,118932.40203
2025-04-19 13:00:00,0.16493,0.16539,0.16432,0.16531,3911104.0,2025-04-19 13:59:59.999,644309.0574,3541,2287695.0,376840.40287
2025-04-19 14:00:00,0.1653,0.16599,0.16519,0.16545,1926466.0,2025-04-19 14:59:59.999,318867.07538,2801,953487.0,157836.26769
2025-04-19 15:00:00,0.16545,0.16614,0.16491,0.16523,2400823.0,2025-04-19 15:59:59.999,397585.14568,3255,888839.0,147290.12159
2025-04-19 16:00:00,0.16522,0.16587,0.1644,0.16483,2900365.0,2025-04-19 16:59:59.999,479160.36269,3546,1320630.0,218295.87504
2025-04-19 17:00:00,0.1648,0.16706,0.16478,0.16696,2643842.0,2025-04-19 17:59:59.999,439454.35209,3915,1387273.0,230485.80903
2025-04-19 18:00:00,0.16696,0.16746,0.16592,0.16629,3136877.0,2025-04-19 18:59:59.999,523209.73995,3582,1556072.0,259376.01169
2025-04-19 19:00:00,0.16629,0.16682,0.16584,0.16596,1106028.0,2025-04-19 19:59:59.999,183742.5432,2227,593286.0,98541.51159
2025-04-19 20:00:00,0.16597,0.16684,0.16585,0.16669,1282132.0,2025-04-19 20:59:59.999,213463.98484,2629,720102.0,119902.05521
2025-04-19 21:00:00,0.16669,0.16732,0.16628,0.16663,2210453.0,2025-04-19 21:59:59.999,368791.70974,2139,1131517.0,188815.89278
2025-04-19 22:00:00,0.16663,0.16732,0.16649,0.16732,1184323.0,2025-04-19 22:59:59.999,197690.31764,1749,770974.0,128684.87184
2025-04-19 23:00:00,0.16733,0.16755,0.16671,0.16691,1449442.0,2025-04-19 23:59:59.999,242149.4958,1618,878569.0,146742.43119
2025-04-20 00:00:00,0.16692,0.16774,0.16692,0.16739,3156150.0,2025-04-20 00:59:59.999,528608.67772,2507,1468559.0,245961.73473
2025-04-20 01:00:00,0.16738,0.16796,0.16732,0.16778,1495064.0,2025-04-20 01:59:59.999,250747.11055,2022,832780.0,139681.58392
2025-04-20 02:00:00,0.16779,0.16793,0.16681,0.16685,1585134.0,2025-04-20 02:59:59.999,265234.13585,1779,699161.0,117003.25407
2025-04-20 03:00:00,0.16686,0.16691,0.16599,0.16602,1813214.0,2025-04-20 03:59:59.999,301693.72935,1711,915413.0,152252.40238
2025-04-20 04:00:00,0.16602,0.16679,0.16544,0.16633,2162220.0,2025-04-20 04:59:59.999,358905.4156,2604,819308.0,136040.77149
2025-04-20 05:00:00,0.16632,0.16638,0.16564,0.16564,1383167.0,2025-04-20 05:59:59.999,229636.40377,2075,512235.0,85044.91893
2025-04-20 06:00:00,0.16563,0.16601,0.16456,0.16509,3671179.0,2025-04-20 06:59:59.999,606202.3444,3571,1993517.0,329172.30563
2025-04-20 07:00:00,0.16506,0.16524,0.16371,0.16447,4005140.0,2025-04-20 07:59:59.999,658011.59649,3892,1479966.0,243204.78455
2025-04-20 08:00:00,0.16448,0.16461,0.16355,0.16375,2593100.0,2025-04-20 08:59:59.999,425138.1522,2968,1199249.0,196631.20212
2025-04-20 09:00:00,0.16375,0.16377,0.16242,0.16279,2612630.0,2025-04-20 09:59:59.999,426014.41007,2889,1101586.0,179655.31983
2025-04-20 10:00:00,0.16276,0.16285,0.16091,0.16145,2643144.0,2025-04-20 10:59:59.999,428463.90509,3840,1227314.0,199014.93702
2025-04-20 11:00:00,0.16145,0.16228,0.16108,0.16176,4189331.0,2025-04-20 11:59:59.999,677207.78126,4031,1686207.0,272756.21723
2025-04-20 12:00:00,0.16176,0.16245,0.16148,0.16172,3012584.0,2025-04-20 12:59:59.999,488014.76475,3419,1481477.0,239929.10471
2025-04-20 13:00:00,0.16171,0.16205,0.16089,0.16178,1832011.0,2025-04-20 13:59:59.999,295951.64921,2648,895541.0,144604.53549
2025-04-20 14:00:00,0.16178,0.1638,0.16158,0.16362,3046172.0,2025-04-20 14:59:59.999,496156.0424,3241,1796401.0,292499.88153
2025-04-20 15:00:00,0.16358,0.16448,0.163,0.16341,2712289.0,2025-04-20 15:59:59.999,444472.41623,3468,1414017.0,231828.78771
2025-04-20 16:00:00,0.16341,0.16551,0.16341,0.1654,3053362.0,2025-04-20 16:59:59.999,502837.99472,4108,1695986.0,279221.23109
2025-04-20 17:00:00,0.16539,0.16596,0.16506,0.16574,2328082.0,2025-04-20 17:59:59.999,385308.14162,3221,1035118.0,171277.37356
2025-04-20 18:00:00,0.16574,0.16662,0.16493,0.16531,3259893.0,2025-04-20 18:59:59.999,540105.93724,3938,1326608.0,219821.41983
2025-04-20 19:00:00,0.16532,0.16698,0.16501,0.16696,2543398.0,2025-04-20 19:59:59.999,422716.49865,3408,1228556.0,204150.84463
2025-04-20 20:00:00,0.16696,0.16888,0.16677,0.16768,5688038.0,2025-04-20 20:59:59.999,954521.79482,7799,2908620.0,487980.94712
2025-04-20 21:00:00,0.16768,0.16774,0.16598,0.16622,1980134.0,2025-04-20 21:59:59.999,330481.74562,2850,738936.0,123349.31416
2025-04-20 22:00:00,0.16626,0.16636,0.16471,0.16568,3445858.0,2025-04-20 22:59:59.999,570721.24253,4009,1564675.0,259001.42063
2025-04-20 23:00:00,0.16568,0.16653,0.16532,0.16601,2086233.0,2025-04-20 23:59:59.999,346104.86697,3359,887092.0,147144.08549
2025-04-21 00:00:00,0.16603,0.17114,0.16603,0.1699,11916002.0,2025-04-21 00:59:59.999,2016989.13061,16094,5962032.0,1009410.12251
2025-04-21 01:00:00,0.16991,0.17289,0.16991,0.17194,10970319.0,2025-04-21 01:59:59.999,1884298.67014,12069,5665946.0,973039.058
2025-04-21 02:00:00,0.17194,0.17246,0.16997,0.17046,9447235.0,2025-04-21 02:59:59.999,1616901.16691,9654,5385533.0,921544.31556
2025-04-21 03:00:00,0.17047,0.17163,0.17008,0.17069,4505829.0,2025-04-21 03:59:59.999,769701.25158,5810,2369553.0,404669.06629
2025-04-21 04:00:00,0.1707,0.17185,0.17018,0.17131,2801703.0,2025-04-21 04:59:59.999,478946.77402,3800,1398895.0,239187.93842
2025-04-21 05:00:00,0.17131,0.17285,0.17049,0.17206,4065525.0,2025-04-21 05:59:59.999,697558.35868,5125,1986016.0,341062.85235
2025-04-21 06:00:00,0.17207,0.17263,0.17166,0.17216,4156102.0,2025-04-21 06:59:59.999,716132.49392,4252,1848332.0,318496.28046
2025-04-21 07:00:00,0.17215,0.17318,0.17215,0.17281,3862445.0,2025-04-21 07:59:59.999,666928.86859,4459,2416955.0,417262.59933
2025-04-21 08:00:00,0.17281,0.17373,0.17277,0.17328,4726262.0,2025-04-21 08:59:59.999,819319.80047,4932,2277760.0,394771.71374
2025-04-21 09:00:00,0.17327,0.17405,0.17187,0.17218,6587796.0,2025-04-21 09:59:59.999,1138709.11093,6541,3112124.0,538029.86062
2025-04-21 10:00:00,0.17217,0.17297,0.17069,0.17227,6386514.0,2025-04-21 10:59:59.999,1097185.40846,7595,3370534.0,579117.23997
2025-04-21 11:00:00,0.17228,0.17233,0.16997,0.1702,5308629.0,2025-04-21 11:59:59.999,905417.82786,7304,2197721.0,374843.96149
2025-04-21 12:00:00,0.17019,0.1712,0.16948,0.16973,5659827.0,2025-04-21 12:59:59.999,964097.28671,5936,2639403.0,449663.69809
2025-04-21 13:00:00,0.16973,0.17037,0.16911,0.16911,6571778.0,2025-04-21 13:59:59.999,1115215.26675,10002,3173847.0,538774.43837
2025-04-21 14:00:00,0.1691,0.1727,0.16867,0.17152,9725354.0,2025-04-21 14:59:59.999,1664757.08669,12544,4895999.0,837921.35034
2025-04-21 15:00:00,0.17151,0.17175,0.17052,0.17109,4593947.0,2025-04-21 15:59:59.999,786370.54314,6876,1877979.0,321602.53543
2025-04-21 16:00:00,0.17111,0.17118,0.16779,0.16787,6096968.0,2025-04-21 16:59:59.999,1033246.05793,7645,2809321.0,476396.49357
2025-04-21 17:00:00,0.16787,0.16963,0.16613,0.16903,10519440.0,2025-04-21 17:59:59.999,1769532.74303,13244,5897999.0,992211.93614
2025-04-21 18:00:00,0.16901,0.16959,0.16841,0.16888,2920780.0,2025-04-21 18:59:59.999,493644.37351,5652,1471772.0,248790.53821
2025-04-21 19:00:00,0.16887,0.17188,0.16867,0.17181,4824052.0,2025-04-21 19:59:59.999,822506.0212,7369,3019477.0,514926.75467
2025-04-21 20:00:00,0.1718,0.17207,0.16861,0.16921,3328083.0,2025-04-21 20:59:59.999,565897.89374,4979,1580559.0,268707.528
2025-04-21 21:00:00,0.16922,0.16993,0.16863,0.16913,2888842.0,2025-04-21 21:59:59.999,488622.36658,2891,1053230.0,178242.03787
2025-04-21 22:00:00,0.16912,0.16934,0.1685,0.16896,2676295.0,2025-04-21 22:59:59.999,451957.82181,3902,1321265.0,223165.96566
2025-04-21 23:00:00,0.16895,0.16964,0.16817,0.16921,2446030.0,2025-04-21 23:59:59.999,412756.20694,3851,1368075.0,230871.24786
2025-04-22 00:00:00,0.16921,0.1696,0.16763,0.16902,5241296.0,2025-04-22 00:59:59.999,883224.62295,7235,2548056.0,429489.95738
2025-04-22 01:00:00,0.16903,0.17109,0.16844,0.17063,5373573.0,2025-04-22 01:59:59.999,914719.90102,9212,2850213.0,485038.13297
2025-04-22 02:00:00,0.17061,0.17147,0.16937,0.16982,4243420.0,2025-04-22 02:59:59.999,722930.01372,6193,2207492.0,376147.4782
2025-04-22 03:00:00,0.16984,0.17079,0.16931,0.17019,4553952.0,2025-04-22 03:59:59.999,774706.29299,5296,3167488.0,538819.0634
2025-04-22 04:00:00,0.17019,0.17107,0.17007,0.17018,2170379.0,2025-04-22 04:59:59.999,370260.90709,3696,1065914.0,181878.09443
2025-04-22 05:00:00,0.17019,0.17135,0.16986,0.17131,3189928.0,2025-04-22 05:59:59.999,544597.69293,4189,1381585.0,235821.46533
2025-04-22 06:00:00,0.17133,0.17217,0.17101,0.1719,5922509.0,2025-04-22 06:59:59.999,1017040.26213,5282,3123932.0,536539.30372
2025-04-22 07:00:00,0.1719,0.17388,0.17161,0.17375,5394700.0,2025-04-22 07:59:59.999,932564.73837,7079,2498092.0,431916.49909
2025-04-22 08:00:00,0.17376,0.17406,0.17268,0.17305,4159623.0,2025-04-22 08:59:59.999,721414.66648,5052,1890803.0,328146.07324
2025-04-22 09:00:00,0.17304,0.17331,0.17206,0.17243,3531583.0,2025-04-22 09:59:59.999,609598.60716,4214,2171972.0,374845.34985
2025-04-22 10:00:00,0.17242,0.17271,0.17146,0.17178,3268681.0,2025-04-22 10:59:59.999,562286.35134,4223,1526347.0,262564.39927
2025-04-22 11:00:00,0.17179,0.17357,0.17177,0.17292,4689098.0,2025-04-22 11:59:59.999,810453.5003,4874,3055223.0,528113.55802
2025-04-22 12:00:00,0.17291,0.17405,0.17273,0.1737,2961975.0,2025-04-22 12:59:59.999,513561.13506,4908,1772865.0,307414.77935
2025-04-22 13:00:00,0.1737,0.17641,0.17367,0.17524,10744806.0,2025-04-22 13:59:59.999,1880393.65465,13716,6313196.0,1104859.69277
2025-04-22 14:00:00,0.17523,0.17685,0.17437,0.17677,9574736.0,2025-04-22 14:59:59.999,1682505.25587,12152,5282163.0,928450.01432
2025-04-22 15:00:00,0.17678,0.17861,0.17587,0.17723,16454049.0,2025-04-22 15:59:59.999,2915953.68597,19782,7996360.0,1417917.57453
2025-04-22 16:00:00,0.17722,0.17782,0.17563,0.17586,9966881.0,2025-04-22 16:59:59.999,1756901.27999,9785,4011234.0,707334.01382
2025-04-22 17:00:00,0.17585,0.17796,0.17576,0.17778,5470494.0,2025-04-22 17:59:59.999,967120.98405,7224,3224461.0,570285.00957
2025-04-22 18:00:00,0.17778,0.17816,0.17671,0.17735,5895631.0,2025-04-22 18:59:59.999,1045858.18064,5941,2078666.0,368692.63919
2025-04-22 19:00:00,0.17736,0.17767,0.1762,0.17711,3609431.0,2025-04-22 19:59:59.999,638525.62341,4695,2092256.0,370233.77061
2025-04-22 20:00:00,0.17711,0.17737,0.17659,0.17668,2439548.0,2025-04-22 20:59:59.999,431640.92036,3345,1333390.0,235909.37858
2025-04-22 21:00:00,0.17666,0.17992,0.17588,0.17937,14889295.0,2025-04-22 21:59:59.999,2654741.12169,11779,8281804.0,1478206.602
2025-04-22 22:00:00,0.17935,0.18056,0.17888,0.18052,12112731.0,2025-04-22 22:59:59.999,2175359.19868,13272,7338842.0,1318187.28593
2025-04-22 23:00:00,0.18053,0.18237,0.18041,0.1813,10409911.0,2025-04-22 23:59:59.999,1889194.52921,12041,5076149.0,921334.22313
2025-04-23 00:00:00,0.18131,0.18281,0.17906,0.17936,12759721.0,2025-04-23 00:59:59.999,2307705.18443,12653,6071904.0,1098969.28704
2025-04-23 01:00:00,0.17937,0.18076,0.17905,0.17914,5477905.0,2025-04-23 01:59:59.999,984557.08117,8013,3124341.0,561533.57804
2025-04-23 02:00:00,0.17914,0.18127,0.17893,0.18118,5822069.0,2025-04-23 02:59:59.999,1050112.31374,7160,3746863.0,676121.27887
2025-04-23 03:00:00,0.18116,0.18247,0.18051,0.18237,5077326.0,2025-04-23 03:59:59.999,921689.61528,5795,3015735.0,547581.03826
2025-04-23 04:00:00,0.18236,0.184,0.1814,0.18398,6984864.0,2025-04-23 04:59:59.999,1274179.3223,7418,4502538.0,821656.51955
2025-04-23 05:00:00,0.18392,0.18393,0.18269,0.18293,6265717.0,2025-04-23 05:59:59.999,1148481.36143,9055,3371614.0,618129.433
2025-04-23 06:00:00,0.18291,0.1862,0.1825,0.1849,9959922.0,2025-04-23 06:59:59.999,1836388.56813,11359,6293681.0,1160347.32757
2025-04-23 07:00:00,0.18488,0.18633,0.18361,0.18628,9102522.0,2025-04-23 07:59:59.999,1683939.34788,10103,5608574.0,1037599.30138
2025-04-23 08:00:00,0.18627,0.18864,0.18501,0.18727,13564382.0,2025-04-23 08:59:59.999,2538656.4494,15969,7050958.0,1319818.63782
2025-04-23 09:00:00,0.18727,0.18983,0.18701,0.18702,13878762.0,2025-04-23 09:59:59.999,2612577.11611,15184,6597723.0,1242538.96734
2025-04-23 10:00:00,0.18702,0.18726,0.1843,0.18522,9697143.0,2025-04-23 10:59:59.999,1799303.98024,12926,4418996.0,820168.65837
2025-04-23 11:00:00,0.18521,0.18678,0.18455,0.18512,6317922.0,2025-04-23 11:59:59.999,1173244.07023,7203,3393213.0,630421.66446
2025-04-23 12:00:00,0.18512,0.18681,0.18459,0.18632,8440488.0,2025-04-23 12:59:59.999,1568516.92758,9091,3985848.0,741388.24515
2025-04-23 13:00:00,0.18631,0.18957,0.18351,0.18402,19405475.0,2025-04-23 13:59:59.999,3631343.22057,30789,11076869.0,2074581.11546
2025-04-23 14:00:00,0.18404,0.186,0.18117,0.18145,13752267.0,2025-04-23 14:59:59.999,2519651.1476,22609,6165392.0,1129957.00095
2025-04-23 15:00:00,0.18146,0.18194,0.17742,0.18167,15521251.0,2025-04-23 15:59:59.999,2788580.1347,25375,7927716.0,1424485.99716
2025-04-23 16:00:00,0.18169,0.18205,0.17969,0.18162,6291175.0,2025-04-23 16:59:59.999,1140041.60069,11375,3166262.0,573843.59121
2025-04-23 17:00:00,0.18156,0.18287,0.18095,0.18255,5455426.0,2025-04-23 17:59:59.999,993010.58882,7777,2923669.0,532090.50992
2025-04-23 18:00:00,0.18254,0.18393,0.1819,0.18199,5021976.0,2025-04-23 18:59:59.999,919125.9585,6442,2493679.0,456449.69965
2025-04-23 19:00:00,0.18197,0.18204,0.17907,0.18056,7695807.0,2025-04-23 19:59:59.999,1388912.92673,9478,3196698.0,576775.03442
2025-04-23 20:00:00,0.18055,0.1817,0.18026,0.18095,2543899.0,2025-04-23 20:59:59.999,460604.60563,4325,1212551.0,219506.02235
2025-04-23 21:00:00,0.18093,0.18099,0.17949,0.18,3242853.0,2025-04-23 21:59:59.999,584152.63428,3882,1550595.0,279256.54293
2025-04-23 22:00:00,0.18,0.18134,0.17933,0.18128,2656820.0,2025-04-23 22:59:59.999,479180.09519,4450,1554568.0,280459.19127
2025-04-23 23:00:00,0.18127,0.18127,0.17981,0.18037,3603691.0,2025-04-23 23:59:59.999,650376.41798,4765,1356437.0,244786.13404
2025-04-24 00:00:00,0.18036,0.18108,0.17911,0.17953,5943474.0,2025-04-24 00:59:59.999,1069658.31873,8463,2675067.0,481269.98189
2025-04-24 01:00:00,0.17952,0.17971,0.17787,0.17933,4306382.0,2025-04-24 01:59:59.999,770340.51962,6478,1941334.0,347467.30753
2025-04-24 02:00:00,0.17934,0.17997,0.17766,0.17791,3313364.0,2025-04-24 02:59:59.999,592043.38772,5654,1708036.0,305178.91262
2025-04-24 03:00:00,0.17788,0.17875,0.17582,0.17599,7341233.0,2025-04-24 03:59:59.999,1297610.0679,7494,2416285.0,427624.00195
2025-04-24 04:00:00,0.17599,0.17799,0.17568,0.17789,5284451.0,2025-04-24 04:59:59.999,934977.24051,7706,2617455.0,463070.08346
2025-04-24 05:00:00,0.17789,0.18048,0.17789,0.18039,3584137.0,2025-04-24 05:59:59.999,642501.57156,5495,1828845.0,327389.42642
2025-04-24 06:00:00,0.18038,0.18081,0.1779,0.17817,7730798.0,2025-04-24 06:59:59.999,1387729.96894,8587,2684273.0,481186.71197
2025-04-24 07:00:00,0.17817,0.179,0.17698,0.17702,5023725.0,2025-04-24 07:59:59.999,894148.33873,7027,1993798.0,354974.89422
2025-04-24 08:00:00,0.17703,0.17775,0.17543,0.17609,8137717.0,2025-04-24 08:59:59.999,1436032.58713,8869,4490535.0,792678.02001
2025-04-24 09:00:00,0.1761,0.17783,0.17564,0.17771,4525697.0,2025-04-24 09:59:59.999,799192.99901,5620,2444890.0,431727.17532
2025-04-24 10:00:00,0.17772,0.17955,0.17698,0.17933,4160681.0,2025-04-24 10:59:59.999,742768.3417,4319,2352932.0,419895.67824
2025-04-24 11:00:00,0.17933,0.17938,0.1776,0.17896,4017228.0,2025-04-24 11:59:59.999,716609.74558,5098,2464074.0,439510.77268
2025-04-24 12:00:00,0.17896,0.18205,0.17831,0.1812,7708509.0,2025-04-24 12:59:59.999,1387530.34083,8873,4455387.0,802011.96421
2025-04-24 13:00:00,0.18119,0.18411,0.18069,0.18231,11974233.0,2025-04-24 13:59:59.999,2185484.70774,15509,6563223.0,1197813.45954
2025-04-24 14:00:00,0.18229,0.18651,0.18214,0.18469,14492864.0,2025-04-24 14:59:59.999,2668893.74474,17440,7780474.0,1434499.86888
2025-04-24 15:00:00,0.18468,0.18913,0.18398,0.1878,18618125.0,2025-04-24 15:59:59.999,3490853.0394,24806,10318066.0,1934444.30112
2025-04-24 16:00:00,0.18781,0.18888,0.18618,0.18701,15415411.0,2025-04-24 16:59:59.999,2888980.21149,18523,7356703.0,1378653.36519
2025-04-24 17:00:00,0.18701,0.18826,0.18313,0.18501,12139507.0,2025-04-24 17:59:59.999,2250516.32444,18263,5211623.0,966367.21507
2025-04-24 18:00:00,0.18499,0.18773,0.18499,0.18717,5419229.0,2025-04-24 18:59:59.999,1011634.86145,9686,2880875.0,537909.88957
2025-04-24 19:00:00,0.18716,0.18746,0.18583,0.1872,4755683.0,2025-04-24 19:59:59.999,887766.54713,7127,2328301.0,434594.92373
2025-04-24 20:00:00,0.1872,0.1885,0.18659,0.18663,5927501.0,2025-04-24 20:59:59.999,1111229.66615,7998,3498112.0,655906.92402
2025-04-24 21:00:00,0.18662,0.18735,0.18519,0.18624,4292409.0,2025-04-24 21:59:59.999,799159.51764,5670,2060100.0,383580.88254
2025-04-24 22:00:00,0.18625,0.18771,0.18603,0.18724,3476530.0,2025-04-24 22:59:59.999,650420.2872,5468,1853974.0,346903.8461
2025-04-24 23:00:00,0.18724,0.1885,0.1869,0.18836,9477275.0,2025-04-24 23:59:59.999,1781269.64008,8157,6638563.0,1247890.39594
2025-04-25 00:00:00,0.18836,0.18881,0.18705,0.18782,7552842.0,2025-04-25 00:59:59.999,1418752.07547,8109,3664428.0,688403.47943
2025-04-25 01:00:00,0.18781,0.18924,0.1868,0.18709,12849015.0,2025-04-25 01:59:59.999,2414352.8594,9137,6102155.0,1147917.60925
2025-04-25 02:00:00,0.18709,0.18827,0.18402,0.18453,9294220.0,2025-04-25 02:59:59.999,1725224.64222,11522,3880010.0,720385.54652
2025-04-25 03:00:00,0.18454,0.18666,0.18403,0.18617,5072381.0,2025-04-25 03:59:59.999,939915.16652,7913,2902222.0,537878.30338
2025-04-25 04:00:00,0.18616,0.18711,0.18515,0.18583,4720777.0,2025-04-25 04:59:59.999,878253.11715,6643,2380055.0,442652.91225
2025-04-25 05:00:00,0.18583,0.18773,0.18557,0.18731,5205808.0,2025-04-25 05:59:59.999,973129.96604,6894,2944495.0,550417.1021
2025-04-25 06:00:00,0.18731,0.1914,0.18699,0.19076,12509880.0,2025-04-25 06:59:59.999,2374059.48132,12673,7571987.0,1437742.18216
2025-04-25 07:00:00,0.19074,0.19321,0.18958,0.19307,8254721.0,2025-04-25 07:59:59.999,1579772.23709,10237,4104682.0,785621.26608
2025-04-25 08:00:00,0.19308,0.19589,0.19257,0.1958,11531978.0,2025-04-25 08:59:59.999,2239919.26731,12105,6545362.0,1271397.8242
2025-04-25 09:00:00,0.1958,0.19684,0.19388,0.19683,10592601.0,2025-04-25 09:59:59.999,2067180.44554,13484,5062664.0,988050.12141
2025-04-25 10:00:00,0.19683,0.19695,0.19428,0.19639,10773782.0,2025-04-25 10:59:59.999,2108968.33146,14100,5298045.0,1037240.39076
2025-04-25 11:00:00,0.1964,0.19939,0.1964,0.1977,10459185.0,2025-04-25 11:59:59.999,2068415.12159,14319,5581291.0,1103788.34967
2025-04-25 12:00:00,0.19771,0.19977,0.1968,0.19784,16116846.0,2025-04-25 12:59:59.999,3196398.73159,19727,8436855.0,1673610.97704
2025-04-25 13:00:00,0.19785,0.19958,0.19439,0.19723,16529109.0,2025-04-25 13:59:59.999,3257490.31208,21541,7350785.0,1448929.08254
2025-04-25 14:00:00,0.19722,0.20239,0.19698,0.20055,21759911.0,2025-04-25 14:59:59.999,4342085.91786,27318,12088483.0,2413388.77183
2025-04-25 15:00:00,0.20058,0.20172,0.1979,0.19892,15448725.0,2025-04-25 15:59:59.999,3082013.01781,19716,8167310.0,1630247.51153
2025-04-25 16:00:00,0.19892,0.1999,0.19626,0.19923,12973929.0,2025-04-25 16:59:59.999,2572904.92219,13132,6378678.0,1266601.8917
2025-04-25 17:00:00,0.19922,0.20004,0.19625,0.19675,8787643.0,2025-04-25 17:59:59.999,1741291.73568,12087,4267032.0,846042.9902
2025-04-25 18:00:00,0.19675,0.19909,0.19675,0.19775,6697064.0,2025-04-25 18:59:59.999,1326046.88679,8583,3132611.0,620373.19603
2025-04-25 19:00:00,0.19776,0.19845,0.19481,0.19589,9068189.0,2025-04-25 19:59:59.999,1780117.44609,9133,3837145.0,753380.93318
2025-04-25 20:00:00,0.19589,0.19596,0.19433,0.19534,6133706.0,2025-04-25 20:59:59.999,1196439.01539,7187,2983808.0,582064.60112
2025-04-25 21:00:00,0.19534,0.19596,0.19262,0.19326,6926863.0,2025-04-25 21:59:59.999,1345948.2935,5903,3063503.0,595111.37546
2025-04-25 22:00:00,0.19327,0.19457,0.19301,0.19352,3374331.0,2025-04-25 22:59:59.999,653403.71296,4693,1692115.0,327679.38425
2025-04-25 23:00:00,0.19353,0.19357,0.19172,0.19258,4892041.0,2025-04-25 23:59:59.999,941561.41258,4957,2383173.0,458846.18837
2025-04-26 00:00:00,0.19258,0.19441,0.19258,0.19424,4301791.0,2025-04-26 00:59:59.999,832692.28826,7327,2241782.0,433908.41196
2025-04-26 01:00:00,0.19423,0.1964,0.19406,0.19557,7439402.0,2025-04-26 01:59:59.999,1452844.57539,9589,4366899.0,852565.0304
2025-04-26 02:00:00,0.19556,0.19579,0.19449,0.19509,4435051.0,2025-04-26 02:59:59.999,865833.28194,5933,2308339.0,450684.81392
2025-04-26 03:00:00,0.19508,0.19627,0.19473,0.1956,4332371.0,2025-04-26 03:59:59.999,846547.0757,6616,1803714.0,352543.45157
2025-04-26 04:00:00,0.19559,0.19682,0.19394,0.19412,4268156.0,2025-04-26 04:59:59.999,835310.41578,6667,2201808.0,431061.10381
2025-04-26 05:00:00,0.19413,0.19607,0.19367,0.19526,3238928.0,2025-04-26 05:59:59.999,631472.14512,5384,1327831.0,258643.08886
2025-04-26 06:00:00,0.19525,0.19805,0.19517,0.19657,4723079.0,2025-04-26 06:59:59.999,928863.66891,6992,2731243.0,536999.74892
2025-04-26 07:00:00,0.19657,0.19774,0.19626,0.19628,4499361.0,2025-04-26 07:59:59.999,886600.98365,6983,2246245.0,442630.2305
2025-04-26 08:00:00,0.19629,0.19716,0.1941,0.19444,6265982.0,2025-04-26 08:59:59.999,1225801.6345,9978,2887426.0,564912.34452
2025-04-26 09:00:00,0.19443,0.19445,0.19212,0.19348,6684163.0,2025-04-26 09:59:59.999,1290499.56898,9082,3484604.0,672896.57235
2025-04-26 10:00:00,0.19349,0.19433,0.19279,0.19352,3608778.0,2025-04-26 10:59:59.999,698581.1915,5878,1613609.0,312317.65397
2025-04-26 11:00:00,0.19351,0.1937,0.19026,0.191,6840488.0,2025-04-26 11:59:59.999,1311377.59511,8828,2704276.0,518712.73233
2025-04-26 12:00:00,0.19101,0.1921,0.19067,0.19101,4538084.0,2025-04-26 12:59:59.999,868413.56323,7028,2115077.0,404633.43891
2025-04-26 13:00:00,0.19101,0.1922,0.19016,0.19118,4794562.0,2025-04-26 13:59:59.999,916182.60276,7230,2659190.0,508382.34175
2025-04-26 14:00:00,0.19118,0.19263,0.18993,0.19182,5353400.0,2025-04-26 14:59:59.999,1023466.17507,8408,2715787.0,519500.77412
2025-04-26 15:00:00,0.19183,0.19332,0.19183,0.19298,3609984.0,2025-04-26 15:59:59.999,695635.52254,5751,1530717.0,295003.94056
2025-04-26 16:00:00,0.19296,0.19373,0.19207,0.19271,2587080.0,2025-04-26 16:59:59.999,499066.75596,5183,1270769.0,245187.8072
2025-04-26 17:00:00,0.1927,0.19289,0.19136,0.19159,4831759.0,2025-04-26 17:59:59.999,928452.35524,5383,2777159.0,533821.1601
2025-04-26 18:00:00,0.1916,0.192,0.19117,0.19125,2745154.0,2025-04-26 18:59:59.999,525553.97837,4049,1351715.0,258770.02377
2025-04-26 19:00:00,0.19125,0.19229,0.19097,0.19198,2501883.0,2025-04-26 19:59:59.999,479476.40159,3977,1302525.0,249630.04055
2025-04-26 20:00:00,0.19197,0.19274,0.19078,0.19083,1929393.0,2025-04-26 20:59:59.999,370147.34849,3361,931625.0,178822.21057
2025-04-26 21:00:00,0.19084,0.19131,0.19039,0.19068,1487546.0,2025-04-26 21:59:59.999,283928.60245,2412,740222.0,141285.12043
2025-04-26 22:00:00,0.19069,0.19272,0.19069,0.19158,3136718.0,2025-04-26 22:59:59.999,601959.81782,4643,1452040.0,278635.14147
2025-04-26 23:00:00,0.19158,0.19188,0.19084,0.19155,2302866.0,2025-04-26 23:59:59.999,440722.90016,3385,1243639.0,237941.3362
2025-04-27 00:00:00,0.19156,0.194,0.19117,0.19377,7940661.0,2025-04-27 00:59:59.999,1534474.76235,9397,3632165.0,702102.64069
2025-04-27 01:00:00,0.19377,0.19411,0.18807,0.18832,9584156.0,2025-04-27 01:59:59.999,1825048.49984,14589,4357700.0,830139.83877
2025-04-27 02:00:00,0.1883,0.19018,0.18783,0.18981,3355755.0,2025-04-27 02:59:59.999,635389.02379,6080,1612753.0,305508.38419
2025-04-27 03:00:00,0.18979,0.19107,0.18974,0.19037,2657614.0,2025-04-27 03:59:59.999,506307.86862,4620,1395469.0,265808.03539
2025-04-27 04:00:00,0.19037,0.19095,0.18788,0.18833,2646547.0,2025-04-27 04:59:59.999,501460.20133,4484,981718.0,185987.40156
2025-04-27 05:00:00,0.18832,0.18899,0.18682,0.18814,3589209.0,2025-04-27 05:59:59.999,674475.80967,6457,1709277.0,321229.06304
2025-04-27 06:00:00,0.18816,0.18928,0.18801,0.18873,1992519.0,2025-04-27 06:59:59.999,376015.69339,3581,1065170.0,201044.23018
2025-04-27 07:00:00,0.18874,0.18925,0.1877,0.18895,2733714.0,2025-04-27 07:59:59.999,516153.67682,3854,1280787.0,241928.39055
2025-04-27 08:00:00,0.18896,0.1904,0.18856,0.1899,2833435.0,2025-04-27 08:59:59.999,537137.05161,4756,1649860.0,312709.45705
2025-04-27 09:00:00,0.18988,0.19041,0.18925,0.18962,1664525.0,2025-04-27 09:59:59.999,316029.0656,3573,851090.0,161645.64522
2025-04-27 10:00:00,0.18962,0.18987,0.1886,0.18926,2997746.0,2025-04-27 10:59:59.999,567195.62025,4003,1446886.0,273685.98948
2025-04-27 11:00:00,0.18928,0.18953,0.18843,0.18845,2181952.0,2025-04-27 11:59:59.999,412512.81447,3600,1028058.0,194411.08905
2025-04-27 12:00:00,0.18845,0.1913,0.18704,0.18821,6868670.0,2025-04-27 12:59:59.999,1296042.55816,11999,3665944.0,691347.53809
2025-04-27 13:00:00,0.1882,0.18997,0.18652,0.1892,6489375.0,2025-04-27 13:59:59.999,1220938.88804,10985,3088573.0,581267.5014
2025-04-27 14:00:00,0.18919,0.1893,0.18753,0.18755,3668712.0,2025-04-27 14:59:59.999,691760.01532,6342,1587506.0,299338.53817
2025-04-27 15:00:00,0.18754,0.18774,0.18566,0.18656,3730183.0,2025-04-27 15:59:59.999,696176.76491,6127,1604027.0,299405.9299
2025-04-27 16:00:00,0.18656,0.18684,0.18491,0.18579,3909444.0,2025-04-27 16:59:59.999,726815.70793,6317,1668755.0,310278.07296
2025-04-27 17:00:00,0.18577,0.18731,0.18531,0.18683,3125365.0,2025-04-27 17:59:59.999,582945.34807,5438,1572808.0,293446.11967
2025-04-27 18:00:00,0.18684,0.19047,0.18673,0.18914,5722500.0,2025-04-27 18:59:59.999,1081536.08289,6941,3129757.0,591465.52779
2025-04-27 19:00:00,0.18914,0.19173,0.18792,0.19155,9029810.0,2025-04-27 19:59:59.999,1709388.5854,10194,4307451.0,816191.59259
2025-04-27 20:00:00,0.19157,0.19217,0.18961,0.19035,3809553.0,2025-04-27 20:59:59.999,726519.61501,6874,1756777.0,335005.02126
2025-04-27 21:00:00,0.19034,0.19318,0.18918,0.19248,5478457.0,2025-04-27 21:59:59.999,1048104.12462,6056,2463329.0,471417.37453
2025-04-27 22:00:00,0.19246,0.19312,0.19069,0.1924,10434739.0,2025-04-27 22:59:59.999,2003264.43381,13949,5145724.0,987657.75455
2025-04-27 23:00:00,0.19239,0.19239,0.18928,0.19029,10926560.0,2025-04-27 23:59:59.999,2083886.21106,9956,4066479.0,774795.67733
2025-04-28 00:00:00,0.1903,0.19124,0.18821,0.18951,8376293.0,2025-04-28 00:59:59.999,1587514.96063,15805,4179991.0,791974.5076
2025-04-28 01:00:00,0.18951,0.19067,0.18535,0.18716,11536335.0,2025-04-28 01:59:59.999,2168705.85716,17658,5580946.0,1050635.36732
2025-04-28 02:00:00,0.18715,0.19303,0.18666,0.19298,8424048.0,2025-04-28 02:59:59.999,1601956.79226,12782,4670629.0,889355.81991
2025-04-28 03:00:00,0.19298,0.19429,0.19178,0.1925,7523077.0,2025-04-28 03:59:59.999,1451756.68561,11348,3971222.0,766519.10653
2025-04-28 04:00:00,0.19249,0.1945,0.19238,0.19256,6111358.0,2025-04-28 04:59:59.999,1181148.64102,8504,2988285.0,577968.13767
2025-04-28 05:00:00,0.19254,0.19476,0.19175,0.19467,5244787.0,2025-04-28 05:59:59.999,1011621.6051,8318,3148988.0,607580.54867
2025-04-28 06:00:00,0.19466,0.19817,0.19425,0.198,10125175.0,2025-04-28 06:59:59.999,1988453.75634,13214,5885077.0,1155585.70976
2025-04-28 07:00:00,0.19801,0.19923,0.19647,0.19678,10772134.0,2025-04-28 07:59:59.999,2130409.13346,13333,5421647.0,1072488.01185
2025-04-28 08:00:00,0.19678,0.1986,0.1962,0.19638,6244610.0,2025-04-28 08:59:59.999,1232481.89723,9592,2888257.0,570153.17658
2025-04-28 09:00:00,0.19638,0.19754,0.19618,0.19722,7183827.0,2025-04-28 09:59:59.999,1413813.0687,8357,3276463.0,644862.1547
2025-04-28 10:00:00,0.19722,0.19805,0.19503,0.19624,10983671.0,2025-04-28 10:59:59.999,2162750.35249,16098,5760655.0,1134950.43024
2025-04-28 11:00:00,0.19624,0.19695,0.1956,0.19611,9033440.0,2025-04-28 11:59:59.999,1772686.2481,9007,4085094.0,801823.51129
2025-04-28 12:00:00,0.19613,0.19666,0.19464,0.19557,6303614.0,2025-04-28 12:59:59.999,1232461.4904,8371,3005385.0,587970.33907
2025-04-28 13:00:00,0.19556,0.19636,0.19222,0.19239,8625070.0,2025-04-28 13:59:59.999,1675500.75769,12464,3530759.0,686653.0055
2025-04-28 14:00:00,0.1924,0.19536,0.19147,0.19187,8906919.0,2025-04-28 14:59:59.999,1723589.02986,13287,4726517.0,914962.11152
2025-04-28 15:00:00,0.19187,0.19247,0.18786,0.18884,11757474.0,2025-04-28 15:59:59.999,2229279.24239,15744,4647779.0,880457.27736
2025-04-28 16:00:00,0.18882,0.19157,0.1871,0.19009,11890725.0,2025-04-28 16:59:59.999,2255574.8989,14869,7375944.0,1400142.96266
2025-04-28 17:00:00,0.19008,0.19227,0.18963,0.19212,8418611.0,2025-04-28 17:59:59.999,1604532.90367,7879,5072672.0,967111.92357
2025-04-28 18:00:00,0.19211,0.19295,0.19096,0.19137,5314468.0,2025-04-28 18:59:59.999,1019915.96803,6828,2409351.0,462821.6836
2025-04-28 19:00:00,0.19137,0.19288,0.19059,0.19108,7432767.0,2025-04-28 19:59:59.999,1424038.80376,8969,3837370.0,735643.31925
2025-04-28 20:00:00,0.19107,0.19206,0.19016,0.19056,7406519.0,2025-04-28 20:59:59.999,1414918.20374,6866,4249528.0,811960.2888
2025-04-28 21:00:00,0.19057,0.19111,0.18935,0.19102,5961092.0,2025-04-28 21:59:59.999,1134711.99587,4209,2666952.0,508147.82286
2025-04-28 22:00:00,0.19101,0.19195,0.19036,0.19161,6988728.0,2025-04-28 22:59:59.999,1335670.14099,6761,3822455.0,730385.49021
2025-04-28 23:00:00,0.19162,0.19196,0.19045,0.19081,5542294.0,2025-04-28 23:59:59.999,1058825.32446,6297,3066117.0,585744.53584
2025-04-29 00:00:00,0.19082,0.19195,0.19005,0.19102,5123662.0,2025-04-29 00:59:59.999,978043.5559,6403,2413021.0,460831.36195
2025-04-29 01:00:00,0.19101,0.19177,0.1894,0.18966,9047552.0,2025-04-29 01:59:59.999,1723904.98951,10334,3745985.0,714321.24035
2025-04-29 02:00:00,0.18966,0.18984,0.1882,0.18916,6297668.0,2025-04-29 02:59:59.999,1190824.41461,7300,2311981.0,437357.59275
2025-04-29 03:00:00,0.18915,0.18955,0.18865,0.18942,3551432.0,2025-04-29 03:59:59.999,672227.03353,4339,2052496.0,388497.53526
2025-04-29 04:00:00,0.18942,0.18963,0.18721,0.18745,6300829.0,2025-04-29 04:59:59.999,1186410.52216,5887,3218438.0,605897.09857
2025-04-29 05:00:00,0.18746,0.1882,0.18712,0.18781,2804503.0,2025-04-29 05:59:59.999,526408.0295,4491,1492969.0,280325.75598
2025-04-29 06:00:00,0.18779,0.19028,0.18769,0.19004,5413166.0,2025-04-29 06:59:59.999,1025514.26984,5029,3796364.0,719038.57501
2025-04-29 07:00:00,0.19005,0.19112,0.1897,0.19087,3730780.0,2025-04-29 07:59:59.999,711065.72139,4293,2346521.0,447202.02788
2025-04-29 08:00:00,0.19088,0.19127,0.18945,0.19023,6411684.0,2025-04-29 08:59:59.999,1219821.21182,5782,3258959.0,619949.91785
2025-04-29 09:00:00,0.19023,0.1905,0.18874,0.18971,4312284.0,2025-04-29 09:59:59.999,816542.02552,4762,1748300.0,331026.7341
2025-04-29 10:00:00,0.1897,0.19039,0.18793,0.18885,7063736.0,2025-04-29 10:59:59.999,1335772.52419,6588,3541802.0,669927.63922
2025-04-29 11:00:00,0.18885,0.1895,0.18838,0.18885,3522750.0,2025-04-29 11:59:59.999,665941.81729,4338,1750757.0,331161.00593
2025-04-29 12:00:00,0.18885,0.18895,0.18619,0.18665,7733139.0,2025-04-29 12:59:59.999,1448642.33148,8878,3148496.0,589388.9513
2025-04-29 13:00:00,0.18664,0.1882,0.18589,0.18763,5889061.0,2025-04-29 13:59:59.999,1101979.18051,7455,3377535.0,632131.55219
2025-04-29 14:00:00,0.1876,0.18941,0.18692,0.18873,6436608.0,2025-04-29 14:59:59.999,1211692.18216,8452,3440120.0,648021.12619
2025-04-29 15:00:00,0.18874,0.18879,0.18752,0.18803,3046642.0,2025-04-29 15:59:59.999,573052.359,5232,1159076.0,218042.15215
2025-04-29 16:00:00,0.18803,0.19105,0.18772,0.18943,10997362.0,2025-04-29 16:59:59.999,2086918.95182,13265,6061902.0,1150053.37349
2025-04-29 17:00:00,0.18942,0.18993,0.18831,0.18914,6999694.0,2025-04-29 17:59:59.999,1324198.46751,9455,3235444.0,612357.00902
2025-04-29 18:00:00,0.18915,0.1902,0.18907,0.18965,4075487.0,2025-04-29 18:59:59.999,773071.54741,5868,2475479.0,469645.08029
2025-04-29 19:00:00,0.18966,0.19012,0.18886,0.1889,3712626.0,2025-04-29 19:59:59.999,703114.80598,5085,1543138.0,292271.85719
2025-04-29 20:00:00,0.18891,0.18933,0.18791,0.18805,3204554.0,2025-04-29 20:59:59.999,603738.10605,4698,1391360.0,262131.48343
2025-04-29 21:00:00,0.18804,0.18804,0.18585,0.18781,6021371.0,2025-04-29 21:59:59.999,1125446.31867,7177,2969899.0,554993.54114
2025-04-29 22:00:00,0.18781,0.18781,0.18472,0.18513,6616477.0,2025-04-29 22:59:59.999,1229812.09275,9869,2888734.0,536964.39648
2025-04-29 23:00:00,0.18512,0.1865,0.18315,0.18603,12897934.0,2025-04-29 23:59:59.999,2382627.68888,13754,6235852.0,1153312.46309
2025-04-30 00:00:00,0.18602,0.18793,0.18557,0.18731,6902047.0,2025-04-30 00:59:59.999,1290026.05889,7757,3716355.0,694802.54031
2025-04-30 01:00:00,0.18732,0.18743,0.18545,0.18702,7759230.0,2025-04-30 01:59:59.999,1446693.13451,8591,3311302.0,617549.0765
2025-04-30 02:00:00,0.18701,0.18837,0.18656,0.18786,5023303.0,2025-04-30 02:59:59.999,942170.53083,6283,2623850.0,492078.48311
2025-04-30 03:00:00,0.18786,0.18858,0.18739,0.18833,3505856.0,2025-04-30 03:59:59.999,659191.01873,6058,1932776.0,363479.76836
2025-04-30 04:00:00,0.18834,0.18858,0.18796,0.18837,2965598.0,2025-04-30 04:59:59.999,558191.48702,4594,1704474.0,320830.00054
2025-04-30 05:00:00,0.18837,0.1884,0.18673,0.18683,3519019.0,2025-04-30 05:59:59.999,659697.49916,4116,1147235.0,215048.6537
2025-04-30 06:00:00,0.18684,0.18755,0.18596,0.18596,4147118.0,2025-04-30 06:59:59.999,774354.81466,4453,1714979.0,320284.19414
2025-04-30 07:00:00,0.18597,0.18621,0.18417,0.18471,7213678.0,2025-04-30 07:59:59.999,1335838.37137,5985,2708908.0,501596.63706
2025-04-30 08:00:00,0.18471,0.1856,0.18399,0.1854,6546152.0,2025-04-30 08:59:59.999,1210282.12465,5897,3591098.0,663947.97664
2025-04-30 09:00:00,0.18541,0.18681,0.18541,0.18635,4990040.0,2025-04-30 09:59:59.999,928997.90846,4795,3245374.0,604231.19604
2025-04-30 10:00:00,0.18636,0.18659,0.1859,0.18627,2438590.0,2025-04-30 10:59:59.999,454180.89755,4130,1226450.0,228435.25897
2025-04-30 11:00:00,0.18627,0.18703,0.18553,0.18608,8178536.0,2025-04-30 11:59:59.999,1523489.71656,13921,3630469.0,676383.46341
2025-04-30 12:00:00,0.18607,0.18607,0.18087,0.18207,19527839.0,2025-04-30 12:59:59.999,3573949.17795,20458,7244103.0,1323448.42616
2025-04-30 13:00:00,0.18206,0.18225,0.17622,0.17627,32072442.0,2025-04-30 13:59:59.999,5747141.68854,32513,11284122.0,2024755.23675
2025-04-30 14:00:00,0.17628,0.18127,0.17588,0.18105,35265595.0,2025-04-30 14:59:59.999,6314404.38442,31359,18983218.0,3398919.92091
2025-04-30 15:00:00,0.18106,0.18227,0.18053,0.18103,10998135.0,2025-04-30 15:59:59.999,1995914.35135,16130,5651383.0,1025653.33564
2025-04-30 16:00:00,0.18102,0.18171,0.18008,0.18094,8420663.0,2025-04-30 16:59:59.999,1523248.77536,13591,3357686.0,607424.30123
2025-04-30 17:00:00,0.18095,0.18245,0.17973,0.18161,18553098.0,2025-04-30 17:59:59.999,3365053.64315,15783,6413144.0,1163233.45864
2025-04-30 18:00:00,0.18162,0.18327,0.18135,0.18218,12455375.0,2025-04-30 18:59:59.999,2274550.35338,17048,5802450.0,1059527.36323
2025-04-30 19:00:00,0.18218,0.18363,0.18167,0.18321,7403639.0,2025-04-30 19:59:59.999,1350938.72896,12085,3712891.0,677976.20543
2025-04-30 20:00:00,0.18321,0.18487,0.18282,0.18326,10403162.0,2025-04-30 20:59:59.999,1911475.89094,11447,5399931.0,992360.89015
2025-04-30 21:00:00,0.18326,0.18368,0.18226,0.18249,4107290.0,2025-04-30 21:59:59.999,751652.13642,4594,1795862.0,328897.21314
2025-04-30 22:00:00,0.18249,0.18324,0.18176,0.18219,4664932.0,2025-04-30 22:59:59.999,851494.49997,5616,2166219.0,395547.98923
2025-04-30 23:00:00,0.18219,0.18253,0.1818,0.1821,2174146.0,2025-04-30 23:59:59.999,396176.79125,3565,1038950.0,189310.09384
2025-05-01 00:00:00,0.1821,0.18348,0.18133,0.18321,4904196.0,2025-05-01 00:59:59.999,894833.8502,5902,2832012.0,517138.76551
2025-05-01 01:00:00,0.18322,0.18418,0.18319,0.18375,5043388.0,2025-05-01 01:59:59.999,926653.41526,6460,2453432.0,450787.16193
2025-05-01 02:00:00,0.18375,0.18432,0.18341,0.18382,3891992.0,2025-05-01 02:59:59.999,715900.84198,6655,1717275.0,315832.28385
2025-05-01 03:00:00,0.18383,0.18453,0.18283,0.18293,5552850.0,2025-05-01 03:59:59.999,1019755.07947,6026,2152054.0,395473.89799
2025-05-01 04:00:00,0.18294,0.18372,0.18232,0.18257,5613580.0,2025-05-01 04:59:59.999,1027055.33267,5410,2446748.0,447957.45967
2025-05-01 05:00:00,0.18257,0.1838,0.18247,0.18372,3641409.0,2025-05-01 05:59:59.999,666727.2345,4759,1898302.0,347711.6533
2025-05-01 06:00:00,0.18373,0.18375,0.18182,0.18247,3920592.0,2025-05-01 06:59:59.999,716269.91112,4463,1372980.0,250940.74299
2025-05-01 07:00:00,0.18247,0.1832,0.18199,0.18267,2595762.0,2025-05-01 07:59:59.999,474277.48378,3093,1603658.0,293021.03601
2025-05-01 08:00:00,0.18266,0.18481,0.18229,0.1847,5585870.0,2025-05-01 08:59:59.999,1027019.94903,5353,3737276.0,687378.10939
2025-05-01 09:00:00,0.18469,0.18646,0.18462,0.18577,7151060.0,2025-05-01 09:59:59.999,1326332.58679,7684,4659351.0,864230.15959
2025-05-01 10:00:00,0.18577,0.18936,0.18577,0.18922,13162042.0,2025-05-01 10:59:59.999,2472508.74845,12462,7208325.0,1353309.47977
2025-05-01 11:00:00,0.18921,0.18986,0.18792,0.18941,10072001.0,2025-05-01 11:59:59.999,1904177.90033,10546,4745097.0,897163.90489
2025-05-01 12:00:00,0.18941,0.18983,0.18813,0.18899,5869251.0,2025-05-01 12:59:59.999,1110323.41728,7112,2953809.0,559044.35842
2025-05-01 13:00:00,0.18898,0.18968,0.18685,0.18693,8826289.0,2025-05-01 13:59:59.999,1664190.64804,12672,3467224.0,654372.65732
2025-05-01 14:00:00,0.18692,0.18979,0.18692,0.18971,11406315.0,2025-05-01 14:59:59.999,2147818.0527,14743,6039343.0,1137269.84831
2025-05-01 15:00:00,0.18972,0.19161,0.18907,0.18931,13296820.0,2025-05-01 15:59:59.999,2530416.35695,15795,6936951.0,1320518.37179
2025-05-01 16:00:00,0.18932,0.1919,0.18932,0.19011,8087681.0,2025-05-01 16:59:59.999,1542643.96938,9751,4659269.0,888635.25463
2025-05-01 17:00:00,0.19013,0.19063,0.18845,0.18901,6671782.0,2025-05-01 17:59:59.999,1264589.76924,8694,2977803.0,564040.95712
2025-05-01 18:00:00,0.18902,0.19006,0.18726,0.18976,9302907.0,2025-05-01 18:59:59.999,1754456.50797,9302,4505154.0,850329.49972
2025-05-01 19:00:00,0.18977,0.18982,0.18727,0.18771,5282160.0,2025-05-01 19:59:59.999,994712.86155,7609,1791644.0,337596.23199
2025-05-01 20:00:00,0.1877,0.18822,0.18678,0.18745,4308462.0,2025-05-01 20:59:59.999,807747.56034,8387,2216641.0,415521.16862
2025-05-01 21:00:00,0.18745,0.18881,0.1874,0.18822,2670283.0,2025-05-01 21:59:59.999,502841.25115,3475,1375166.0,258877.86251
2025-05-01 22:00:00,0.18823,0.18874,0.18726,0.18755,2533198.0,2025-05-01 22:59:59.999,475845.72276,4700,1018787.0,191452.49417
2025-05-01 23:00:00,0.18755,0.18773,0.18551,0.18591,6601487.0,2025-05-01 23:59:59.999,1229838.56594,6055,1813981.0,338281.22992
2025-05-02 00:00:00,0.18592,0.18794,0.18543,0.18774,8031474.0,2025-05-02 00:59:59.999,1502048.59929,10881,5063274.0,947343.841
2025-05-02 01:00:00,0.18774,0.18798,0.18595,0.18702,5518271.0,2025-05-02 01:59:59.999,1030488.67944,7563,2096875.0,391765.23177
2025-05-02 02:00:00,0.18702,0.18942,0.18654,0.18942,7386050.0,2025-05-02 02:59:59.999,1389710.05895,8810,4696092.0,883662.09859
2025-05-02 03:00:00,0.18942,0.1906,0.18793,0.18809,6781873.0,2025-05-02 03:59:59.999,1282471.15282,10255,3133616.0,592298.60424
2025-05-02 04:00:00,0.1881,0.1884,0.18653,0.18703,5388382.0,2025-05-02 04:59:59.999,1010790.57555,6504,2305610.0,432381.30386
2025-05-02 05:00:00,0.18703,0.18773,0.18629,0.18695,4770906.0,2025-05-02 05:59:59.999,891189.59798,5935,1747069.0,326497.11101
2025-05-02 06:00:00,0.18694,0.18843,0.18678,0.18744,5750788.0,2025-05-02 06:59:59.999,1079227.12495,7524,3300784.0,619726.49714
2025-05-02 07:00:00,0.18744,0.18751,0.1852,0.18559,6577228.0,2025-05-02 07:59:59.999,1225995.28472,7731,2522870.0,470233.03246
2025-05-02 08:00:00,0.1856,0.18837,0.18538,0.18763,6001270.0,2025-05-02 08:59:59.999,1123105.02495,7283,3575878.0,669470.27331
2025-05-02 09:00:00,0.18763,0.18793,0.18662,0.18689,4147542.0,2025-05-02 09:59:59.999,776056.68367,5776,1469407.0,274961.66044
2025-05-02 10:00:00,0.18689,0.18775,0.1864,0.18651,4396637.0,2025-05-02 10:59:59.999,821801.55456,6208,2185608.0,408547.05531
2025-05-02 11:00:00,0.18652,0.1871,0.18589,0.18589,3440541.0,2025-05-02 11:59:59.999,642101.93279,5331,1835633.0,342573.90303
2025-05-02 12:00:00,0.1859,0.18663,0.18455,0.18657,14066266.0,2025-05-02 12:59:59.999,2609800.32733,15007,7047819.0,1307881.33207
2025-05-02 13:00:00,0.18658,0.18676,0.1853,0.18555,6390511.0,2025-05-02 13:59:59.999,1188283.44257,10851,3078975.0,572705.21058
2025-05-02 14:00:00,0.18556,0.18968,0.18553,0.18892,9193715.0,2025-05-02 14:59:59.999,1723903.28337,11674,6007776.0,1126632.12241
2025-05-02 15:00:00,0.18893,0.18947,0.18642,0.18682,6766524.0,2025-05-02 15:59:59.999,1269290.37078,8832,2828858.0,530744.52044
2025-05-02 16:00:00,0.18683,0.18883,0.18683,0.18762,9101995.0,2025-05-02 16:59:59.999,1710599.64778,13271,4465577.0,839207.07938
2025-05-02 17:00:00,0.18762,0.18762,0.18589,0.18637,6593574.0,2025-05-02 17:59:59.999,1230803.27988,6332,2123953.0,396612.24043
2025-05-02 18:00:00,0.18637,0.18733,0.18525,0.1854,5580200.0,2025-05-02 18:59:59.999,1039449.88812,5964,2221960.0,414031.50903
2025-05-02 19:00:00,0.1854,0.1854,0.18375,0.18416,8407066.0,2025-05-02 19:59:59.999,1551285.9985,8391,3066426.0,565946.12997
2025-05-02 20:00:00,0.18415,0.18532,0.18377,0.18504,2875140.0,2025-05-02 20:59:59.999,531149.02028,3595,1813919.0,335119.79339
2025-05-02 21:00:00,0.18504,0.18575,0.18435,0.18497,4051996.0,2025-05-02 21:59:59.999,749880.74777,2891,1971074.0,364945.31359
2025-05-02 22:00:00,0.18498,0.18573,0.18491,0.18557,2877341.0,2025-05-02 22:59:59.999,533272.54931,3992,1676493.0,310735.13567
2025-05-02 23:00:00,0.18557,0.187,0.18538,0.187,3990269.0,2025-05-02 23:59:59.999,743065.47569,3846,2487247.0,463215.43513
2025-05-03 00:00:00,0.187,0.18746,0.18482,0.18494,6889132.0,2025-05-03 00:59:59.999,1283398.50037,6144,2466435.0,459937.37206
2025-05-03 01:00:00,0.18495,0.18518,0.18404,0.18453,3730352.0,2025-05-03 01:59:59.999,688092.58012,4010,1447677.0,266957.35281
2025-05-03 02:00:00,0.18453,0.18534,0.1843,0.18491,2494058.0,2025-05-03 02:59:59.999,460810.50364,2843,1486797.0,274758.592
2025-05-03 03:00:00,0.18492,0.18528,0.18412,0.18435,2375475.0,2025-05-03 03:59:59.999,438473.48794,2670,758015.0,139970.68143
2025-05-03 04:00:00,0.18434,0.18479,0.18419,0.18467,1336804.0,2025-05-03 04:59:59.999,246646.30178,1989,808729.0,149182.1033
2025-05-03 05:00:00,0.18466,0.18478,0.18406,0.18415,1613985.0,2025-05-03 05:59:59.999,297664.80225,2031,867904.0,160059.73258
2025-05-03 06:00:00,0.18414,0.18414,0.18302,0.18357,4343322.0,2025-05-03 06:59:59.999,796742.50665,4043,2193602.0,402444.4503
2025-05-03 07:00:00,0.18359,0.1839,0.183,0.18339,2002265.0,2025-05-03 07:59:59.999,367202.32956,2929,927873.0,170118.65171
2025-05-03 08:00:00,0.1834,0.18448,0.18292,0.18361,3248117.0,2025-05-03 08:59:59.999,596351.23422,3670,1997569.0,366695.40724
2025-05-03 09:00:00,0.18362,0.18383,0.183,0.18334,2813870.0,2025-05-03 09:59:59.999,516273.72705,3195,1208061.0,221664.87733
2025-05-03 10:00:00,0.18335,0.18335,0.18103,0.18115,8097844.0,2025-05-03 10:59:59.999,1474624.85499,6266,2689237.0,489591.06431
2025-05-03 11:00:00,0.18113,0.18209,0.18103,0.18146,3016528.0,2025-05-03 11:59:59.999,548242.0758,3995,1861818.0,338506.83408
2025-05-03 12:00:00,0.18146,0.18297,0.18146,0.18246,3998416.0,2025-05-03 12:59:59.999,729413.71131,3869,2472372.0,450894.63238
2025-05-03 13:00:00,0.18246,0.18334,0.18246,0.18322,2496635.0,2025-05-03 13:59:59.999,456866.02682,2979,1605433.0,293800.21252
2025-05-03 14:00:00,0.18322,0.18393,0.18285,0.18368,3367500.0,2025-05-03 14:59:59.999,617496.46778,3825,1875811.0,344029.10988
2025-05-03 15:00:00,0.18369,0.18434,0.18324,0.18364,4587214.0,2025-05-03 15:59:59.999,843039.15981,4253,2383899.0,438332.78579
2025-05-03 16:00:00,0.18365,0.18375,0.18109,0.18175,5890605.0,2025-05-03 16:59:59.999,1072856.44039,6172,2027546.0,369218.83845
2025-05-03 17:00:00,0.18174,0.18182,0.17914,0.18109,10833171.0,2025-05-03 17:59:59.999,1950836.40434,10978,4579215.0,825053.66715
2025-05-03 18:00:00,0.18108,0.18164,0.1799,0.18061,3943888.0,2025-05-03 18:59:59.999,713300.88305,4303,1620896.0,293532.12043
2025-05-03 19:00:00,0.1806,0.18285,0.18017,0.18275,5887460.0,2025-05-03 19:59:59.999,1070704.99808,5132,4402580.0,800493.27994
2025-05-03 20:00:00,0.18275,0.1829,0.18147,0.18177,3869119.0,2025-05-03 20:59:59.999,704277.92798,3784,1223019.0,222803.31313
2025-05-03 21:00:00,0.18177,0.18188,0.18066,0.18085,2796249.0,2025-05-03 21:59:59.999,506692.74401,3252,1224215.0,221730.03554
2025-05-03 22:00:00,0.18087,0.18148,0.18045,0.18098,4154288.0,2025-05-03 22:59:59.999,751604.82785,2994,2338030.0,423154.30648
2025-05-03 23:00:00,0.18098,0.18121,0.18012,0.18024,3155049.0,2025-05-03 23:59:59.999,569908.58073,3990,1399551.0,252850.17268
2025-05-04 00:00:00,0.18024,0.18122,0.17962,0.18018,5296550.0,2025-05-04 00:59:59.999,955238.22735,5366,2217459.0,400217.61529
2025-05-04 01:00:00,0.18019,0.18378,0.17978,0.18371,12700136.0,2025-05-04 01:59:59.999,2310919.00551,19423,7845595.0,1427530.50549
2025-05-04 02:00:00,0.18373,0.18484,0.18149,0.18194,3763330.0,2025-05-04 02:59:59.999,688641.14133,8176,1839480.0,336740.4449
2025-05-04 03:00:00,0.18194,0.18194,0.17979,0.17995,4374931.0,2025-05-04 03:59:59.999,791265.07375,7749,1903758.0,344455.38041
2025-05-04 04:00:00,0.17994,0.18091,0.17951,0.17978,3002919.0,2025-05-04 04:59:59.999,540912.34244,5405,1501737.0,270463.49591
2025-05-04 05:00:00,0.17978,0.18145,0.1796,0.18107,2309546.0,2025-05-04 05:59:59.999,416897.24018,4900,1157215.0,208865.53239
2025-05-04 06:00:00,0.18107,0.18157,0.17955,0.18083,2859847.0,2025-05-04 06:59:59.999,515946.59268,4967,1514771.0,273379.86373
2025-05-04 07:00:00,0.18084,0.18095,0.17953,0.1803,2189205.0,2025-05-04 07:59:59.999,394529.73368,3599,1018430.0,183439.20454
2025-05-04 08:00:00,0.18031,0.18051,0.17745,0.17813,6632679.0,2025-05-04 08:59:59.999,1185398.73362,8967,2732988.0,487926.21513
2025-05-04 09:00:00,0.17812,0.17837,0.17667,0.1779,5747600.0,2025-05-04 09:59:59.999,1020313.25057,8642,2814958.0,500222.59934
2025-05-04 10:00:00,0.1779,0.1789,0.17779,0.17854,2866070.0,2025-05-04 10:59:59.999,511280.27928,5084,1574443.0,280886.92425
2025-05-04 11:00:00,0.17853,0.17946,0.17807,0.17886,3145574.0,2025-05-04 11:59:59.999,562493.40392,3802,1672063.0,298924.7763
2025-05-04 12:00:00,0.17885,0.17964,0.17829,0.17869,2720976.0,2025-05-04 12:59:59.999,486532.49729,3606,981390.0,175591.4026
2025-05-04 13:00:00,0.17869,0.17903,0.17661,0.17771,7430673.0,2025-05-04 13:59:59.999,1319225.60922,5785,2891251.0,513405.79729
2025-05-04 14:00:00,0.1777,0.17884,0.17751,0.17823,5691960.0,2025-05-04 14:59:59.999,1014872.2983,4839,3143139.0,560391.75642
2025-05-04 15:00:00,0.17823,0.17843,0.17704,0.17785,5089333.0,2025-05-04 15:59:59.999,904467.55035,4470,1831671.0,325579.16816
2025-05-04 16:00:00,0.17784,0.17809,0.1766,0.17706,3658120.0,2025-05-04 16:59:59.999,647776.82668,5053,1485583.0,263153.02984
2025-05-04 17:00:00,0.17705,0.17788,0.17573,0.17695,8265001.0,2025-05-04 17:59:59.999,1461356.96188,6350,4195489.0,742663.39179
2025-05-04 18:00:00,0.17695,0.17746,0.17604,0.17641,2684269.0,2025-05-04 18:59:59.999,474267.59193,3511,920708.0,162626.92892
2025-05-04 19:00:00,0.17641,0.17784,0.17611,0.1776,5146835.0,2025-05-04 19:59:59.999,910744.47957,4603,3311058.0,585806.66611
2025-05-04 20:00:00,0.17761,0.17875,0.17746,0.17869,2167627.0,2025-05-04 20:59:59.999,386186.35666,3668,1196087.0,213088.60246
2025-05-04 21:00:00,0.17867,0.17874,0.17759,0.1781,1797654.0,2025-05-04 21:59:59.999,320128.61153,2388,747778.0,133218.045
2025-05-04 22:00:00,0.17809,0.17809,0.17583,0.17722,4956244.0,2025-05-04 22:59:59.999,876950.61821,7859,2745328.0,485930.48896
2025-05-04 23:00:00,0.17722,0.17725,0.1756,0.17619,5641537.0,2025-05-04 23:59:59.999,994255.85544,6884,1940825.0,342128.61548
2025-05-05 00:00:00,0.17618,0.17772,0.17569,0.17751,3369726.0,2025-05-05 00:59:59.999,595751.78492,5511,1581453.0,279502.53334
2025-05-05 01:00:00,0.17751,0.17763,0.17409,0.17455,6599267.0,2025-05-05 01:59:59.999,1157387.26041,9703,2889752.0,506542.56454
2025-05-05 02:00:00,0.17454,0.17698,0.17386,0.17617,4861082.0,2025-05-05 02:59:59.999,855339.57498,7305,1806522.0,317797.58307
2025-05-05 03:00:00,0.17617,0.1763,0.17482,0.17491,2370366.0,2025-05-05 03:59:59.999,415590.78926,4245,1076860.0,188795.54255
2025-05-05 04:00:00,0.17492,0.17646,0.17459,0.1764,3259664.0,2025-05-05 04:59:59.999,572512.09571,4762,1850587.0,324960.2639
2025-05-05 05:00:00,0.17639,0.17858,0.17585,0.17811,4209559.0,2025-05-05 05:59:59.999,745953.83195,5406,2531317.0,448939.76921
2025-05-05 06:00:00,0.17811,0.17848,0.17711,0.17742,2745945.0,2025-05-05 06:59:59.999,487619.88845,4358,1393879.0,247465.67358
2025-05-05 07:00:00,0.1774,0.17746,0.17663,0.17735,3936889.0,2025-05-05 07:59:59.999,697559.82013,3754,2566446.0,454796.14931
2025-05-05 08:00:00,0.17736,0.17798,0.17656,0.17698,4585113.0,2025-05-05 08:59:59.999,812511.70915,4499,2122896.0,376449.34459
2025-05-05 09:00:00,0.17698,0.17752,0.17654,0.17673,3274693.0,2025-05-05 09:59:59.999,579981.19218,3469,1840234.0,326032.7101
2025-05-05 10:00:00,0.17672,0.17675,0.1732,0.17424,12817387.0,2025-05-05 10:59:59.999,2242012.75836,9438,4215876.0,737079.83866
2025-05-05 11:00:00,0.17425,0.17536,0.17343,0.17358,9297171.0,2025-05-05 11:59:59.999,1620009.14485,6076,4808936.0,838086.55777
2025-05-05 12:00:00,0.17357,0.1742,0.17293,0.17365,5995509.0,2025-05-05 12:59:59.999,1041069.20086,5514,2382320.0,414082.17014
2025-05-05 13:00:00,0.17366,0.17416,0.17239,0.17391,4471534.0,2025-05-05 13:59:59.999,774477.53326,9501,1861903.0,322520.57989
2025-05-05 14:00:00,0.17391,0.17456,0.17312,0.1738,5324170.0,2025-05-05 14:59:59.999,925280.7244,8214,3026326.0,525912.92005
2025-05-05 15:00:00,0.17379,0.17407,0.17223,0.17307,6843884.0,2025-05-05 15:59:59.999,1182646.83261,7635,2104413.0,363963.55213
2025-05-05 16:00:00,0.17306,0.17497,0.173,0.1744,4088151.0,2025-05-05 16:59:59.999,711783.90756,5671,2321433.0,404056.13365
2025-05-05 17:00:00,0.17439,0.17544,0.17396,0.17443,6725554.0,2025-05-05 17:59:59.999,1174913.95281,7464,4335799.0,757519.13865
2025-05-05 18:00:00,0.17444,0.17695,0.17441,0.1763,4683602.0,2025-05-05 18:59:59.999,824129.00015,6551,2527400.0,444770.09075
2025-05-05 19:00:00,0.1763,0.1769,0.17458,0.17479,4543749.0,2025-05-05 19:59:59.999,797982.77397,5439,2398911.0,421172.24024
2025-05-05 20:00:00,0.17479,0.17489,0.17169,0.17314,9233973.0,2025-05-05 20:59:59.999,1598170.99157,7848,5172273.0,894496.00821
2025-05-05 21:00:00,0.17316,0.17422,0.17267,0.1737,2572598.0,2025-05-05 21:59:59.999,446769.5359,3901,1274401.0,221244.46089
2025-05-05 22:00:00,0.17369,0.17482,0.17355,0.17465,3818428.0,2025-05-05 22:59:59.999,665422.30916,5362,2399975.0,418338.78251
2025-05-05 23:00:00,0.17466,0.17492,0.17341,0.17349,2739958.0,2025-05-05 23:59:59.999,476773.69937,3364,1131731.0,197021.24518
2025-05-06 00:00:00,0.1735,0.17394,0.17267,0.17312,3990509.0,2025-05-06 00:59:59.999,691211.99991,5067,1584532.0,274436.06568
2025-05-06 01:00:00,0.17313,0.17425,0.17225,0.17231,6256709.0,2025-05-06 01:59:59.999,1083652.28542,5318,2704323.0,468718.36019
2025-05-06 02:00:00,0.1723,0.17313,0.17104,0.17313,9844105.0,2025-05-06 02:59:59.999,1690983.00039,7992,4304651.0,739865.15448
2025-05-06 03:00:00,0.17313,0.17425,0.17291,0.17423,4287923.0,2025-05-06 03:59:59.999,744247.77288,4585,2863542.0,496975.83572
2025-05-06 04:00:00,0.17424,0.17471,0.17397,0.17433,2531803.0,2025-05-06 04:59:59.999,441567.98148,3885,1202086.0,209655.37032
2025-05-06 05:00:00,0.17434,0.17447,0.1735,0.17361,1889959.0,2025-05-06 05:59:59.999,328644.09559,3364,841351.0,146281.39344
2025-05-06 06:00:00,0.17361,0.17446,0.17355,0.17441,1365196.0,2025-05-06 06:59:59.999,237802.73111,2746,694855.0,121024.15992
2025-05-06 07:00:00,0.17442,0.17487,0.17347,0.17348,2919951.0,2025-05-06 07:59:59.999,508630.58516,3911,1480563.0,257912.60823
2025-05-06 08:00:00,0.17348,0.17358,0.17132,0.173,4273648.0,2025-05-06 08:59:59.999,737672.53221,6099,2093292.0,361259.05644
2025-05-06 09:00:00,0.173,0.173,0.17109,0.17186,5575598.0,2025-05-06 09:59:59.999,958598.95222,5170,1744112.0,299728.31999
2025-05-06 10:00:00,0.17186,0.17186,0.17011,0.17078,7895662.0,2025-05-06 10:59:59.999,1349189.80652,8069,3212508.0,548893.46141
2025-05-06 11:00:00,0.17078,0.17141,0.16984,0.1704,7103754.0,2025-05-06 11:59:59.999,1212071.49526,7572,3164168.0,540202.03877
2025-05-06 12:00:00,0.1704,0.17104,0.16974,0.17095,5899539.0,2025-05-06 12:59:59.999,1005532.37899,5429,3078702.0,524981.43879
2025-05-06 13:00:00,0.17096,0.17112,0.16941,0.16992,10729076.0,2025-05-06 13:59:59.999,1827209.07665,9461,4502096.0,766982.38303
2025-05-06 14:00:00,0.16993,0.17307,0.16992,0.17175,10971994.0,2025-05-06 14:59:59.999,1884913.17353,11858,5902725.0,1013613.76979
2025-05-06 15:00:00,0.17174,0.17277,0.1711,0.17206,6736669.0,2025-05-06 15:59:59.999,1158748.05659,7287,3243973.0,558200.4061
2025-05-06 16:00:00,0.17207,0.17285,0.17137,0.17173,8721564.0,2025-05-06 16:59:59.999,1501553.46232,9118,4083283.0,703144.53328
2025-05-06 17:00:00,0.17172,0.17285,0.17169,0.17235,6700165.0,2025-05-06 17:59:59.999,1155067.8121,8185,2992584.0,515921.13482
2025-05-06 18:00:00,0.17235,0.17409,0.17226,0.17397,8080041.0,2025-05-06 18:59:59.999,1401107.11191,7935,4870438.0,844724.56703
2025-05-06 19:00:00,0.17398,0.1756,0.17391,0.17545,6421743.0,2025-05-06 19:59:59.999,1123029.11897,7294,3679362.0,643432.08828
2025-05-06 20:00:00,0.17546,0.17611,0.17443,0.17464,5926948.0,2025-05-06 20:59:59.999,1038745.13794,7368,2844467.0,498954.03887
2025-05-06 21:00:00,0.17464,0.17552,0.17225,0.17322,7165446.0,2025-05-06 21:59:59.999,1243278.00948,5790,2718950.0,471924.35182
2025-05-06 22:00:00,0.1732,0.17757,0.17313,0.17733,18759506.0,2025-05-06 22:59:59.999,3298543.10816,22799,10891333.0,1914919.86671
2025-05-06 23:00:00,0.17734,0.17746,0.17597,0.1771,5728211.0,2025-05-06 23:59:59.999,1012716.85511,9056,3071061.0,542878.45057
2025-05-07 00:00:00,0.17711,0.17798,0.17655,0.17755,6455947.0,2025-05-07 00:59:59.999,1144972.28501,9323,3718694.0,659541.41008
2025-05-07 01:00:00,0.17755,0.17811,0.17695,0.17718,5003428.0,2025-05-07 01:59:59.999,888608.02966,6797,2223926.0,394865.22171
2025-05-07 02:00:00,0.17718,0.17744,0.17551,0.17585,6953921.0,2025-05-07 02:59:59.999,1226968.45558,7064,2834989.0,500357.15819
2025-05-07 03:00:00,0.17585,0.1761,0.17502,0.17603,3430226.0,2025-05-07 03:59:59.999,602649.22347,4543,1775424.0,311873.23066
2025-05-07 04:00:00,0.17603,0.17715,0.17603,0.17702,3615720.0,2025-05-07 04:59:59.999,638722.87778,3843,2335493.0,412711.35904
2025-05-07 05:00:00,0.17702,0.1771,0.1754,0.17549,3163859.0,2025-05-07 05:59:59.999,556858.50737,3722,1036485.0,182376.03252
2025-05-07 06:00:00,0.17548,0.17625,0.17484,0.17544,3240505.0,2025-05-07 06:59:59.999,568315.20612,3916,1276463.0,223945.19045
2025-05-07 07:00:00,0.17544,0.17779,0.17539,0.17773,4656915.0,2025-05-07 07:59:59.999,823818.32644,5233,2832689.0,500749.62885
2025-05-07 08:00:00,0.17773,0.17806,0.1765,0.17797,3611666.0,2025-05-07 08:59:59.999,641100.16094,4857,2383735.0,423265.77525
2025-05-07 09:00:00,0.17798,0.17828,0.17732,0.17791,2597621.0,2025-05-07 09:59:59.999,461806.00235,4111,1353123.0,240605.34112
2025-05-07 10:00:00,0.17791,0.17791,0.17645,0.17713,4083730.0,2025-05-07 10:59:59.999,723812.37248,4656,1878697.0,332969.69438
2025-05-07 11:00:00,0.17713,0.17729,0.17669,0.17721,1817843.0,2025-05-07 11:59:59.999,321775.54024,2824,853989.0,151148.58575
2025-05-07 12:00:00,0.17722,0.17769,0.17568,0.17632,4917451.0,2025-05-07 12:59:59.999,868377.61866,5117,1899422.0,335409.87525
2025-05-07 13:00:00,0.17632,0.17689,0.17556,0.17616,3738252.0,2025-05-07 13:59:59.999,657882.02466,6114,1785061.0,314130.90856
2025-05-07 14:00:00,0.17615,0.17689,0.17495,0.17532,5014034.0,2025-05-07 14:59:59.999,882226.3685,7195,2074990.0,365302.15338
2025-05-07 15:00:00,0.17531,0.17533,0.17377,0.1739,5709163.0,2025-05-07 15:59:59.999,996410.40053,7974,2097490.0,366111.4422
2025-05-07 16:00:00,0.1739,0.17448,0.17268,0.17437,7120584.0,2025-05-07 16:59:59.999,1234681.49745,7605,3305275.0,573562.31648
2025-05-07 17:00:00,0.17438,0.17514,0.17363,0.1741,4563373.0,2025-05-07 17:59:59.999,795615.40439,6555,2375355.0,414283.51459
2025-05-07 18:00:00,0.17411,0.17599,0.17311,0.17528,18417348.0,2025-05-07 18:59:59.999,3216246.64033,21897,9472085.0,1655228.90552
2025-05-07 19:00:00,0.17528,0.1753,0.17327,0.17434,8190470.0,2025-05-07 19:59:59.999,1428038.92335,11717,3760704.0,656070.10135
2025-05-07 20:00:00,0.17435,0.17455,0.1733,0.17442,1973392.0,2025-05-07 20:59:59.999,343324.89268,4476,900742.0,156753.34862
2025-05-07 21:00:00,0.17444,0.176,0.17416,0.17546,2778609.0,2025-05-07 21:59:59.999,486909.16903,2812,1690563.0,296302.69599
2025-05-07 22:00:00,0.17545,0.17673,0.17539,0.17615,5113828.0,2025-05-07 22:59:59.999,901221.19058,6475,2869591.0,505686.53795
2025-05-07 23:00:00,0.17614,0.17662,0.17533,0.17573,2528513.0,2025-05-07 23:59:59.999,444410.41854,3008,940498.0,165476.80339
2025-05-08 00:00:00,0.17573,0.17659,0.17492,0.17646,3293696.0,2025-05-08 00:59:59.999,579034.51423,5069,1541591.0,271203.8948
2025-05-08 01:00:00,0.17645,0.17775,0.17642,0.17698,7006677.0,2025-05-08 01:59:59.999,1241671.84111,10494,3800709.0,673391.3672
2025-05-08 02:00:00,0.17699,0.17978,0.17696,0.17969,8536546.0,2025-05-08 02:59:59.999,1525407.45761,8781,5805389.0,1037107.15694
2025-05-08 03:00:00,0.1797,0.18201,0.17962,0.18194,9697876.0,2025-05-08 03:59:59.999,1752375.08691,10454,6296659.0,1137726.51973
2025-05-08 04:00:00,0.18194,0.18424,0.18194,0.18282,12119792.0,2025-05-08 04:59:59.999,2218982.04669,12069,7411485.0,1357217.87624
2025-05-08 05:00:00,0.18283,0.18392,0.18283,0.18343,5840679.0,2025-05-08 05:59:59.999,1071320.65316,4975,2656994.0,487437.69573
2025-05-08 06:00:00,0.18342,0.18423,0.18332,0.18403,3786925.0,2025-05-08 06:59:59.999,695758.65838,3525,2287204.0,420365.34126
2025-05-08 07:00:00,0.18403,0.18538,0.18384,0.18414,6105695.0,2025-05-08 07:59:59.999,1126395.93416,6543,3266462.0,602729.50286
2025-05-08 08:00:00,0.18414,0.18667,0.18407,0.18621,8725142.0,2025-05-08 08:59:59.999,1619960.5204,8341,5683628.0,1055223.63912
2025-05-08 09:00:00,0.18623,0.18694,0.18559,0.18689,4521963.0,2025-05-08 09:59:59.999,842325.56993,5193,2374895.0,442407.29695
2025-05-08 10:00:00,0.18688,0.18875,0.1868,0.18707,10684395.0,2025-05-08 10:59:59.999,2003977.22038,10410,6628328.0,1243433.28069
2025-05-08 11:00:00,0.18706,0.18711,0.18541,0.1857,9401608.0,2025-05-08 11:59:59.999,1749378.94125,7330,3144076.0,584999.78824
2025-05-08 12:00:00,0.18569,0.18706,0.18556,0.186,6906475.0,2025-05-08 12:59:59.999,1286912.64808,7293,3539320.0,659849.10362
2025-05-08 13:00:00,0.186,0.189,0.186,0.18663,7435745.0,2025-05-08 13:59:59.999,1390408.74256,7874,5082575.0,950983.79449
2025-05-08 14:00:00,0.18662,0.18817,0.18619,0.18695,7360648.0,2025-05-08 14:59:59.999,1378953.5831,9317,3941336.0,739047.5774
2025-05-08 15:00:00,0.18694,0.19395,0.18671,0.19151,29830021.0,2025-05-08 15:59:59.999,5695388.88411,31935,19389265.0,3702498.67896
2025-05-08 16:00:00,0.19149,0.19379,0.19069,0.19196,16470387.0,2025-05-08 16:59:59.999,3163953.09102,23938,8359055.0,1606767.09983
2025-05-08 17:00:00,0.19196,0.19219,0.18926,0.19002,11235547.0,2025-05-08 17:59:59.999,2142705.57894,15026,4783299.0,912489.85325
2025-05-08 18:00:00,0.19002,0.19199,0.18989,0.1906,11766509.0,2025-05-08 18:59:59.999,2247486.00197,13585,6034392.0,1152329.84831
2025-05-08 19:00:00,0.1906,0.19189,0.19,0.19135,10460495.0,2025-05-08 19:59:59.999,1998429.70244,12001,6367287.0,1217272.20888
2025-05-08 20:00:00,0.19136,0.1959,0.19067,0.19515,15895426.0,2025-05-08 20:59:59.999,3075877.30855,17741,10112000.0,1957553.67202
2025-05-08 21:00:00,0.19515,0.1971,0.19335,0.19426,15156348.0,2025-05-08 21:59:59.999,2960244.83765,18356,7226588.0,1412500.00303
2025-05-08 22:00:00,0.19427,0.1944,0.19238,0.19371,6972952.0,2025-05-08 22:59:59.999,1347430.71785,12320,3126337.0,604186.28817
2025-05-08 23:00:00,0.19371,0.19562,0.19305,0.1953,8127763.0,2025-05-08 23:59:59.999,1581951.6141,9935,5544433.0,1079185.30093
2025-05-09 00:00:00,0.19529,0.19549,0.19338,0.19474,7848805.0,2025-05-09 00:59:59.999,1526275.32076,11534,3653709.0,710785.58985
2025-05-09 01:00:00,0.19473,0.19633,0.1941,0.19583,7378116.0,2025-05-09 01:59:59.999,1440282.94092,11325,4002677.0,781277.3244
2025-05-09 02:00:00,0.19582,0.19615,0.19397,0.19458,6434435.0,2025-05-09 02:59:59.999,1252991.68508,10957,2825312.0,550373.00689
2025-05-09 03:00:00,0.19458,0.1965,0.19272,0.19315,9387238.0,2025-05-09 03:59:59.999,1826782.43296,13606,4481368.0,872304.99627
2025-05-09 04:00:00,0.19315,0.19432,0.19297,0.19397,4499913.0,2025-05-09 04:59:59.999,871535.80764,7568,2000358.0,387395.5334
2025-05-09 05:00:00,0.19397,0.19525,0.19356,0.19495,9664994.0,2025-05-09 05:59:59.999,1878179.88243,7598,3569992.0,694017.41443
2025-05-09 06:00:00,0.19496,0.19691,0.19428,0.19688,7698693.0,2025-05-09 06:59:59.999,1506256.93862,8919,4201987.0,821973.65944
2025-05-09 07:00:00,0.19688,0.2013,0.19683,0.19984,21610165.0,2025-05-09 07:59:59.999,4306238.18312,24888,11871798.0,2364256.82965
2025-05-09 08:00:00,0.19984,0.20648,0.1992,0.20143,40629630.0,2025-05-09 08:59:59.999,8221633.30279,48116,21520395.0,4355349.08517
2025-05-09 09:00:00,0.20144,0.20301,0.19771,0.20035,17672551.0,2025-05-09 09:59:59.999,3535502.31429,32870,8628493.0,1727096.93136
2025-05-09 10:00:00,0.20036,0.20433,0.19962,0.20386,12454617.0,2025-05-09 10:59:59.999,2518870.99334,17540,7663863.0,1550421.05379
2025-05-09 11:00:00,0.20386,0.20555,0.20003,0.20031,20176144.0,2025-05-09 11:59:59.999,4092888.497,33180,9275628.0,1882108.78766
2025-05-09 12:00:00,0.2003,0.2015,0.19802,0.20145,16358036.0,2025-05-09 12:59:59.999,3265531.87102,20514,5777982.0,1154377.58464
2025-05-09 13:00:00,0.20146,0.20366,0.20056,0.20306,13686595.0,2025-05-09 13:59:59.999,2768039.98474,14334,6723796.0,1360093.46161
2025-05-09 14:00:00,0.20304,0.20304,0.19814,0.19961,19511521.0,2025-05-09 14:59:59.999,3903741.67008,27220,8351313.0,1671115.39198
2025-05-09 15:00:00,0.19962,0.20059,0.19838,0.1998,10543281.0,2025-05-09 15:59:59.999,2103081.11582,17751,4675007.0,932819.68706
2025-05-09 16:00:00,0.19981,0.19995,0.19671,0.19692,11296308.0,2025-05-09 16:59:59.999,2239570.16638,19722,4555736.0,903240.80981
2025-05-09 17:00:00,0.19692,0.20168,0.19636,0.20166,14408909.0,2025-05-09 17:59:59.999,2875172.16702,15341,7873544.0,1572623.83368
2025-05-09 18:00:00,0.20167,0.20188,0.19982,0.20056,4358981.0,2025-05-09 18:59:59.999,874713.12408,7568,1908939.0,383089.40534
2025-05-09 19:00:00,0.20058,0.20146,0.19927,0.20073,8729197.0,2025-05-09 19:59:59.999,1749713.20715,8594,3647291.0,731756.5799
2025-05-09 20:00:00,0.20075,0.20222,0.20024,0.20222,6678187.0,2025-05-09 20:59:59.999,1344589.47699,6429,3236488.0,651672.64131
2025-05-09 21:00:00,0.20222,0.20322,0.20101,0.2029,6459110.0,2025-05-09 21:59:59.999,1307733.0559,6437,2882337.0,583463.48067
2025-05-09 22:00:00,0.20291,0.20371,0.20136,0.20192,6447027.0,2025-05-09 22:59:59.999,1307487.64119,7541,3800501.0,771374.10391
2025-05-09 23:00:00,0.20193,0.20305,0.20135,0.20247,5487468.0,2025-05-09 23:59:59.999,1108714.71146,7349,2115374.0,427671.62804
2025-05-10 00:00:00,0.20247,0.20575,0.20031,0.2013,15322234.0,2025-05-10 00:59:59.999,3115223.76587,19462,7187735.0,1462022.90724
2025-05-10 01:00:00,0.2013,0.20305,0.20061,0.20117,7791260.0,2025-05-10 01:59:59.999,1573414.94247,11552,4257927.0,860262.03287
2025-05-10 02:00:00,0.20118,0.20404,0.20076,0.20362,8026782.0,2025-05-10 02:59:59.999,1626533.12529,11337,4875446.0,988947.22738
2025-05-10 03:00:00,0.20359,0.20431,0.20231,0.20414,4392267.0,2025-05-10 03:59:59.999,893318.19564,8477,2489822.0,506450.3947
2025-05-10 04:00:00,0.20414,0.2042,0.20264,0.20403,4630862.0,2025-05-10 04:59:59.999,941655.44455,7851,2258587.0,459161.94524
2025-05-10 05:00:00,0.20404,0.20468,0.2027,0.20463,4545062.0,2025-05-10 05:59:59.999,924915.91408,7416,2367031.0,481789.61564
2025-05-10 06:00:00,0.20464,0.20698,0.20441,0.20627,9093381.0,2025-05-10 06:59:59.999,1869525.57109,13698,5414564.0,1113141.43741
2025-05-10 07:00:00,0.20626,0.20927,0.20608,0.20823,12149460.0,2025-05-10 07:59:59.999,2523763.6144,15902,7014759.0,1456530.43242
2025-05-10 08:00:00,0.20825,0.21065,0.2069,0.20824,12217991.0,2025-05-10 08:59:59.999,2554628.29123,18124,6685996.0,1399094.97384
2025-05-10 09:00:00,0.20825,0.20977,0.20649,0.20939,8637295.0,2025-05-10 09:59:59.999,1798256.14546,13095,4948085.0,1029658.08803
2025-05-10 10:00:00,0.20937,0.2112,0.20757,0.20785,14486142.0,2025-05-10 10:59:59.999,3039806.70362,17933,7285900.0,1530768.53286
2025-05-10 11:00:00,0.20785,0.20893,0.20333,0.20541,14375460.0,2025-05-10 11:59:59.999,2958946.25088,18798,5542081.0,1142318.7882
2025-05-10 12:00:00,0.20541,0.20735,0.20515,0.20719,5897941.0,2025-05-10 12:59:59.999,1218311.67635,9547,3196163.0,660259.53518
2025-05-10 13:00:00,0.2072,0.20978,0.20711,0.20869,8606119.0,2025-05-10 13:59:59.999,1793019.97759,10411,5516555.0,1149596.16845
2025-05-10 14:00:00,0.2087,0.20943,0.20684,0.20941,5648540.0,2025-05-10 14:59:59.999,1176080.37677,9360,2717961.0,566363.16216
2025-05-10 15:00:00,0.20942,0.20965,0.20712,0.20809,5874932.0,2025-05-10 15:59:59.999,1223343.81426,11582,2978044.0,619915.7002
2025-05-10 16:00:00,0.2081,0.21234,0.20785,0.21233,13736648.0,2025-05-10 16:59:59.999,2894330.7947,15891,7995925.0,1684831.61236
2025-05-10 17:00:00,0.21234,0.21619,0.21227,0.21362,28126751.0,2025-05-10 17:59:59.999,6036754.54967,31571,15273899.0,3278782.74495
2025-05-10 18:00:00,0.2136,0.21446,0.21074,0.21218,12148270.0,2025-05-10 18:59:59.999,2582966.04996,15112,5500169.0,1169699.97672
2025-05-10 19:00:00,0.21217,0.21444,0.21073,0.21247,12137623.0,2025-05-10 19:59:59.999,2582636.66511,9282,6942933.0,1477826.70017
2025-05-10 20:00:00,0.21253,0.21321,0.21105,0.21238,7808162.0,2025-05-10 20:59:59.999,1657890.19189,8449,4121962.0,875555.40998
2025-05-10 21:00:00,0.21237,0.21551,0.21225,0.21488,11908022.0,2025-05-10 21:59:59.999,2545277.42888,10018,7474940.0,1597133.14122
2025-05-10 22:00:00,0.21486,0.21727,0.21435,0.21706,11894962.0,2025-05-10 22:59:59.999,2566622.87656,14922,5655266.0,1220637.83989
2025-05-10 23:00:00,0.21706,0.21979,0.21692,0.21917,11613174.0,2025-05-10 23:59:59.999,2537567.71111,16955,6121037.0,1337437.31847
2025-05-11 00:00:00,0.21916,0.22079,0.21279,0.2163,22142907.0,2025-05-11 00:59:59.999,4805938.39135,35446,10545587.0,2287097.5174
2025-05-11 01:00:00,0.21629,0.21725,0.21275,0.2139,7841259.0,2025-05-11 01:59:59.999,1690538.35878,14434,3625141.0,781392.84811
2025-05-11 02:00:00,0.2139,0.21588,0.21204,0.21345,10417779.0,2025-05-11 02:59:59.999,2228212.79184,16425,4962106.0,1061720.49746
2025-05-11 03:00:00,0.21343,0.21514,0.21232,0.2134,6334890.0,2025-05-11 03:59:59.999,1355562.27267,9189,2920052.0,624738.61575
2025-05-11 04:00:00,0.21338,0.21436,0.21295,0.21428,4496077.0,2025-05-11 04:59:59.999,960932.78323,7412,2281266.0,487612.43587
2025-05-11 05:00:00,0.2143,0.21431,0.21182,0.21196,3046494.0,2025-05-11 05:59:59.999,648916.38303,5871,1453454.0,309587.57426
2025-05-11 06:00:00,0.21194,0.21239,0.20762,0.20936,15324670.0,2025-05-11 06:59:59.999,3216924.95529,19217,6728889.0,1413068.00778
2025-05-11 07:00:00,0.20936,0.20937,0.20356,0.20491,16633703.0,2025-05-11 07:59:59.999,3426783.44655,27265,7498119.0,1544872.29198
2025-05-11 08:00:00,0.20491,0.20694,0.20388,0.20488,8431674.0,2025-05-11 08:59:59.999,1731980.83249,11875,4201962.0,863542.9869
2025-05-11 09:00:00,0.20489,0.20815,0.20489,0.20742,9545606.0,2025-05-11 09:59:59.999,1971726.8227,8942,3529386.0,729818.1587
2025-05-11 10:00:00,0.2074,0.20919,0.20666,0.20879,9392878.0,2025-05-11 10:59:59.999,1955420.93861,9579,5792431.0,1206987.8493
2025-05-11 11:00:00,0.2088,0.2091,0.20764,0.20884,3420395.0,2025-05-11 11:59:59.999,712981.5829,5757,1713340.0,357196.75012
2025-05-11 12:00:00,0.20884,0.20913,0.20781,0.20856,3422902.0,2025-05-11 12:59:59.999,713718.35621,6484,1541238.0,321315.23399
2025-05-11 13:00:00,0.20855,0.2095,0.20452,0.20472,11667886.0,2025-05-11 13:59:59.999,2409918.96664,16115,5106290.0,1056374.69228
2025-05-11 14:00:00,0.20473,0.20617,0.20469,0.20527,6115921.0,2025-05-11 14:59:59.999,1256591.90786,16419,2031178.0,417329.87752
2025-05-11 15:00:00,0.20528,0.20677,0.20217,0.20391,12143327.0,2025-05-11 15:59:59.999,2483626.36115,21280,5146143.0,1052934.65382
2025-05-11 16:00:00,0.2039,0.20413,0.20104,0.20238,16708347.0,2025-05-11 16:59:59.999,3384553.30997,29575,6528870.0,1322627.10332
2025-05-11 17:00:00,0.20238,0.20423,0.20159,0.20359,10557997.0,2025-05-11 17:59:59.999,2144511.79412,20103,4124947.0,838417.66733
2025-05-11 18:00:00,0.20359,0.20639,0.20274,0.20615,10289924.0,2025-05-11 18:59:59.999,2106331.38349,18995,5320402.0,1090232.47642
2025-05-11 19:00:00,0.20615,0.20691,0.2045,0.20484,8671064.0,2025-05-11 19:59:59.999,1784579.17205,15981,3560809.0,733524.79179
2025-05-11 20:00:00,0.20484,0.20568,0.20423,0.20566,4943446.0,2025-05-11 20:59:59.999,1013221.82648,11797,1881177.0,385592.14425
2025-05-11 21:00:00,0.20566,0.20672,0.20501,0.20645,3462299.0,2025-05-11 21:59:59.999,712717.61174,4313,1920096.0,395337.69911
2025-05-11 22:00:00,0.20645,0.20715,0.20404,0.20542,6180678.0,2025-05-11 22:59:59.999,1269656.82024,9972,2771306.0,569455.69052
2025-05-11 23:00:00,0.20543,0.20685,0.20538,0.20685,5221531.0,2025-05-11 23:59:59.999,1076294.71741,6517,2922093.0,602333.02615
2025-05-12 00:00:00,0.20686,0.2099,0.20663,0.20981,10701157.0,2025-05-12 00:59:59.999,2229618.12054,13173,6183272.0,1288155.51718
2025-05-12 01:00:00,0.20981,0.21101,0.20469,0.20636,13727587.0,2025-05-12 01:59:59.999,2848289.88043,18136,5876149.0,1220457.96173
2025-05-12 02:00:00,0.20637,0.20839,0.20634,0.20764,8316565.0,2025-05-12 02:59:59.999,1725757.87633,11893,4133623.0,858177.96729
2025-05-12 03:00:00,0.20765,0.20909,0.20606,0.20909,7806998.0,2025-05-12 03:59:59.999,1622226.13394,11026,4609564.0,958687.82996
2025-05-12 04:00:00,0.20909,0.21099,0.20824,0.21032,8773784.0,2025-05-12 04:59:59.999,1839714.02698,11148,5003746.0,1049818.70354
2025-05-12 05:00:00,0.21033,0.21068,0.20633,0.20818,7268739.0,2025-05-12 05:59:59.999,1512251.7055,10973,3192562.0,664556.89288
2025-05-12 06:00:00,0.20819,0.21187,0.20742,0.21172,11441588.0,2025-05-12 06:59:59.999,2403504.75592,10981,6191062.0,1300249.87232
2025-05-12 07:00:00,0.21173,0.21813,0.21169,0.21441,39277477.0,2025-05-12 07:59:59.999,8447304.28698,47594,17908261.0,3852150.91158
2025-05-12 08:00:00,0.21442,0.21662,0.21202,0.21643,13420736.0,2025-05-12 08:59:59.999,2875571.11444,22749,7522256.0,1613637.69325
2025-05-12 09:00:00,0.21644,0.21699,0.21362,0.21381,7549701.0,2025-05-12 09:59:59.999,1624736.22932,15556,3247822.0,699421.1294
2025-05-12 10:00:00,0.21381,0.21462,0.21267,0.21389,9156321.0,2025-05-12 10:59:59.999,1955852.52947,18947,4289652.0,916319.69933
2025-05-12 11:00:00,0.21388,0.2165,0.21112,0.21145,17738932.0,2025-05-12 11:59:59.999,3789466.05716,22756,9069315.0,1937016.55741
2025-05-12 12:00:00,0.21145,0.22655,0.21119,0.22303,43088294.0,2025-05-12 12:59:59.999,9462702.33337,53613,22879049.0,5016431.54895
2025-05-12 13:00:00,0.22305,0.22885,0.22032,0.22581,54848550.0,2025-05-12 13:59:59.999,12332485.05311,77007,27609331.0,6212324.0768
2025-05-12 14:00:00,0.22582,0.22631,0.21672,0.22035,46357622.0,2025-05-12 14:59:59.999,10284568.39573,70675,21454058.0,4764420.18336
2025-05-12 15:00:00,0.22036,0.22198,0.21518,0.21807,33708405.0,2025-05-12 15:59:59.999,7374362.448,60384,15051790.0,3294686.69828
2025-05-12 16:00:00,0.21809,0.22532,0.2168,0.22301,21281035.0,2025-05-12 16:59:59.999,4709038.51826,39974,10959004.0,2427699.65246
2025-05-12 17:00:00,0.22303,0.22439,0.21734,0.2185,20159151.0,2025-05-12 17:59:59.999,4459521.68588,36463,8909525.0,1971482.67654
2025-05-12 18:00:00,0.21851,0.21995,0.207,0.21059,40336584.0,2025-05-12 18:59:59.999,8587895.88022,68979,17327513.0,3692726.70224
2025-05-12 19:00:00,0.2106,0.21408,0.21004,0.21299,17365326.0,2025-05-12 19:59:59.999,3686029.67711,32511,9138669.0,1940067.38446
2025-05-12 20:00:00,0.21297,0.21424,0.2108,0.2137,11885788.0,2025-05-12 20:59:59.999,2523953.99971,19998,4977425.0,1057629.59155
2025-05-12 21:00:00,0.2137,0.21603,0.21326,0.21404,11953884.0,2025-05-12 21:59:59.999,2567622.3411,19596,4130904.0,887028.91183
2025-05-12 22:00:00,0.21405,0.21767,0.21313,0.21609,9643726.0,2025-05-12 22:59:59.999,2077736.43236,13962,5475740.0,1180151.02254
2025-05-12 23:00:00,0.2161,0.21775,0.21428,0.21509,6575208.0,2025-05-12 23:59:59.999,1421958.62887,9342,3038318.0,657907.58349
2025-05-13 00:00:00,0.21509,0.21542,0.20952,0.20993,15394292.0,2025-05-13 00:59:59.999,3261637.40448,21681,7008548.0,1485404.02704
2025-05-13 01:00:00,0.20983,0.2108,0.20546,0.20681,14318492.0,2025-05-13 01:59:59.999,2976759.80736,26524,6952409.0,1445126.66839
2025-05-13 02:00:00,0.20683,0.2079,0.203,0.20456,18404919.0,2025-05-13 02:59:59.999,3771822.55424,37347,8834376.0,1809984.22044
2025-05-13 03:00:00,0.20455,0.20512,0.20115,0.20139,10121207.0,2025-05-13 03:59:59.999,2051712.48132,19742,4732434.0,959726.77373
2025-05-13 04:00:00,0.20136,0.20563,0.20069,0.20554,11643337.0,2025-05-13 04:59:59.999,2364573.80236,16150,5390234.0,1096547.86515
2025-05-13 05:00:00,0.20554,0.2061,0.20419,0.20539,5471093.0,2025-05-13 05:59:59.999,1122235.37621,8876,2535058.0,520038.79298
2025-05-13 06:00:00,0.20539,0.20773,0.20522,0.20618,8284475.0,2025-05-13 06:59:59.999,1712078.11861,11857,4670601.0,965370.96431
2025-05-13 07:00:00,0.20617,0.20905,0.20599,0.20677,6642622.0,2025-05-13 07:59:59.999,1378895.89317,11416,3195317.0,663210.45346
2025-05-13 08:00:00,0.20678,0.20833,0.20651,0.20718,5241162.0,2025-05-13 08:59:59.999,1087065.72302,9795,2781417.0,576998.6709
2025-05-13 09:00:00,0.20719,0.21034,0.20712,0.20992,9200234.0,2025-05-13 09:59:59.999,1925612.947,15617,4157493.0,870304.26766
2025-05-13 10:00:00,0.20992,0.20994,0.20798,0.20923,5738011.0,2025-05-13 10:59:59.999,1199454.80612,11013,2472486.0,516974.73754
2025-05-13 11:00:00,0.20922,0.21183,0.20866,0.20939,6730555.0,2025-05-13 11:59:59.999,1414938.37289,10581,3661760.0,770147.10543
2025-05-13 12:00:00,0.20937,0.21197,0.20758,0.21002,13602767.0,2025-05-13 12:59:59.999,2855936.00983,23139,6470390.0,1357640.99052
2025-05-13 13:00:00,0.21003,0.21212,0.20947,0.21041,8559536.0,2025-05-13 13:59:59.999,1803395.19665,19467,4060947.0,855785.80938
2025-05-13 14:00:00,0.21043,0.21059,0.2065,0.20779,11781440.0,2025-05-13 14:59:59.999,2456925.50141,23760,5090130.0,1061047.80434
2025-05-13 15:00:00,0.2078,0.21057,0.20739,0.21042,9327612.0,2025-05-13 15:59:59.999,1952461.77507,17050,3750642.0,784862.18278
2025-05-13 16:00:00,0.21042,0.21467,0.21036,0.21312,15060964.0,2025-05-13 16:59:59.999,3210778.80602,23657,7518314.0,1602799.5571
2025-05-13 17:00:00,0.21313,0.21475,0.2125,0.21375,10105774.0,2025-05-13 17:59:59.999,2160369.88895,15789,3008888.0,643360.28131
2025-05-13 18:00:00,0.21376,0.21629,0.21343,0.2162,9748579.0,2025-05-13 18:59:59.999,2097330.96259,16019,4787196.0,1029520.31822
2025-05-13 19:00:00,0.2162,0.21857,0.2147,0.21698,18000009.0,2025-05-13 19:59:59.999,3901186.2006,25947,8655004.0,1876160.94862
2025-05-13 20:00:00,0.21696,0.21764,0.21518,0.21695,18785924.0,2025-05-13 20:59:59.999,4068140.98408,29279,9932478.0,2151172.36142
2025-05-13 21:00:00,0.21697,0.21773,0.21566,0.21689,6325144.0,2025-05-13 21:59:59.999,1369713.79165,9712,3339079.0,723100.3194
2025-05-13 22:00:00,0.21687,0.21742,0.21542,0.2165,5777113.0,2025-05-13 22:59:59.999,1251301.81408,8822,2530440.0,548389.26904
2025-05-13 23:00:00,0.2165,0.21767,0.21461,0.21612,8792892.0,2025-05-13 23:59:59.999,1900116.58341,10731,5132838.0,1109221.52089
2025-05-14 00:00:00,0.21612,0.21684,0.21277,0.21466,10942524.0,2025-05-14 00:59:59.999,2347832.58199,13723,4531216.0,972223.5908
2025-05-14 01:00:00,0.21465,0.21595,0.21277,0.21351,8823705.0,2025-05-14 01:59:59.999,1892548.04869,15447,4401756.0,944285.15974
2025-05-14 02:00:00,0.21351,0.21354,0.21055,0.2124,13199183.0,2025-05-14 02:59:59.999,2797026.59395,13905,4752071.0,1006852.06842
2025-05-14 03:00:00,0.2124,0.21283,0.21128,0.21281,5444718.0,2025-05-14 03:59:59.999,1155373.09068,7687,2583364.0,548308.41548
2025-05-14 04:00:00,0.21283,0.2145,0.21112,0.2143,9086298.0,2025-05-14 04:59:59.999,1936248.02937,8397,5364366.0,1144116.38743
2025-05-14 05:00:00,0.21432,0.21551,0.21355,0.21489,6121247.0,2025-05-14 05:59:59.999,1313051.3907,6950,3000868.0,643738.56834
2025-05-14 06:00:00,0.21487,0.21608,0.21467,0.21582,7486783.0,2025-05-14 06:59:59.999,1613065.34473,9984,4431802.0,954984.83456
2025-05-14 07:00:00,0.21586,0.21588,0.21269,0.21458,8856830.0,2025-05-14 07:59:59.999,1899088.70792,11297,4165644.0,893750.149
2025-05-14 08:00:00,0.21458,0.21592,0.20844,0.20858,17339428.0,2025-05-14 08:59:59.999,3676873.13201,27930,7882200.0,1672486.65989
2025-05-14 09:00:00,0.2086,0.21233,0.20815,0.21101,13317570.0,2025-05-14 09:59:59.999,2799479.87471,20498,6848797.0,1439890.12825
2025-05-14 10:00:00,0.21103,0.21234,0.21018,0.21124,6078924.0,2025-05-14 10:59:59.999,1284492.57913,11393,2636822.0,557486.7195
2025-05-14 11:00:00,0.21122,0.21255,0.21104,0.21121,4973164.0,2025-05-14 11:59:59.999,1052990.14349,10354,2568936.0,543863.19217
2025-05-14 12:00:00,0.21121,0.21145,0.20819,0.20887,11204294.0,2025-05-14 12:59:59.999,2351649.37151,14365,4910535.0,1030957.6931
2025-05-14 13:00:00,0.20887,0.211,0.2049,0.20813,25460932.0,2025-05-14 13:59:59.999,5292330.14344,34114,11738378.0,2441347.79017
2025-05-14 14:00:00,0.20816,0.20816,0.20485,0.20598,9608480.0,2025-05-14 14:59:59.999,1981411.79064,19246,3916578.0,807506.15261
2025-05-14 15:00:00,0.20598,0.20742,0.20485,0.20685,9786217.0,2025-05-14 15:59:59.999,2019692.97419,14925,4252912.0,877300.7935
2025-05-14 16:00:00,0.20685,0.20768,0.20476,0.20589,6218450.0,2025-05-14 16:59:59.999,1284138.70345,14811,3534183.0,729957.82734
2025-05-14 17:00:00,0.2059,0.20641,0.20383,0.20635,7639495.0,2025-05-14 17:59:59.999,1567370.48881,14984,3528983.0,723909.73777
2025-05-14 18:00:00,0.20636,0.20727,0.20551,0.20689,6805326.0,2025-05-14 18:59:59.999,1405206.23109,11939,3166690.0,653885.2004
2025-05-14 19:00:00,0.20688,0.20777,0.2064,0.2075,3920532.0,2025-05-14 19:59:59.999,811897.8481,9105,1885612.0,390474.62431
2025-05-14 20:00:00,0.20751,0.20899,0.20741,0.20847,5001439.0,2025-05-14 20:59:59.999,1041471.26907,9850,2656398.0,553284.31615
2025-05-14 21:00:00,0.20847,0.20851,0.20672,0.20774,3661050.0,2025-05-14 21:59:59.999,759290.35661,5610,1484343.0,307790.07485
2025-05-14 22:00:00,0.20774,0.20797,0.20595,0.20621,2829705.0,2025-05-14 22:59:59.999,585167.99339,4735,1303082.0,269450.6095
2025-05-14 23:00:00,0.20622,0.20636,0.2046,0.2061,3552687.0,2025-05-14 23:59:59.999,730395.6712,6179,1409937.0,289864.15663
2025-05-15 00:00:00,0.20612,0.20779,0.20578,0.20757,4583318.0,2025-05-15 00:59:59.999,949180.00514,6901,2509570.0,519588.019
2025-05-15 01:00:00,0.20756,0.20779,0.20235,0.20325,6693674.0,2025-05-15 01:59:59.999,1369946.03149,11638,2866909.0,586801.42959
2025-05-15 02:00:00,0.20324,0.20516,0.20274,0.2046,3100709.0,2025-05-15 02:59:59.999,632489.16547,6206,1540151.0,314061.02438
2025-05-15 03:00:00,0.20461,0.20536,0.20283,0.20319,2882596.0,2025-05-15 03:59:59.999,588300.75443,5837,1217334.0,248559.82606
2025-05-15 04:00:00,0.20318,0.20507,0.20293,0.20495,2190750.0,2025-05-15 04:59:59.999,447405.922,5935,1149208.0,234658.51135
2025-05-15 05:00:00,0.20494,0.20502,0.2009,0.20139,5641126.0,2025-05-15 05:59:59.999,1141201.96099,7831,1885507.0,381681.45059
2025-05-15 06:00:00,0.20137,0.20329,0.19977,0.2016,10364382.0,2025-05-15 06:59:59.999,2086885.51596,16897,4298578.0,866971.77364
2025-05-15 07:00:00,0.20157,0.20223,0.19733,0.19776,16880383.0,2025-05-15 07:59:59.999,3363749.01157,25045,6724478.0,1342452.16587
2025-05-15 08:00:00,0.19776,0.20166,0.19773,0.20161,11651850.0,2025-05-15 08:59:59.999,2332902.04322,14106,6795930.0,1361413.86628
2025-05-15 09:00:00,0.20156,0.20156,0.1978,0.19975,12144729.0,2025-05-15 09:59:59.999,2428463.63549,20282,5263896.0,1052838.6601
2025-05-15 10:00:00,0.19977,0.20013,0.19664,0.19857,11100220.0,2025-05-15 10:59:59.999,2200269.98475,16700,4210697.0,835301.37028
2025-05-15 11:00:00,0.19858,0.20058,0.19835,0.19967,7472965.0,2025-05-15 11:59:59.999,1490127.41733,12983,4191209.0,835261.69168
2025-05-15 12:00:00,0.19967,0.20109,0.19823,0.19955,10849607.0,2025-05-15 12:59:59.999,2166820.96204,23202,5270942.0,1053315.4282
2025-05-15 13:00:00,0.19956,0.20109,0.19564,0.19791,15876099.0,2025-05-15 13:59:59.999,3154420.53715,28176,6900136.0,1373653.20808
2025-05-15 14:00:00,0.1979,0.19852,0.19333,0.19485,21800975.0,2025-05-15 14:59:59.999,4263202.29033,40088,8610091.0,1684681.03646
2025-05-15 15:00:00,0.19482,0.20008,0.19475,0.19964,11848481.0,2025-05-15 15:59:59.999,2340806.94911,25303,6225449.0,1229576.88795
2025-05-15 16:00:00,0.19962,0.20207,0.19859,0.20203,10436563.0,2025-05-15 16:59:59.999,2089394.76397,21647,4801363.0,960939.22481
2025-05-15 17:00:00,0.20204,0.20324,0.20105,0.2016,6632952.0,2025-05-15 17:59:59.999,1341012.7049,14571,2795785.0,565202.54874
2025-05-15 18:00:00,0.20158,0.20187,0.19624,0.1973,8827015.0,2025-05-15 18:59:59.999,1755645.45497,22469,4087451.0,813109.23855
2025-05-15 19:00:00,0.1973,0.20004,0.19653,0.19933,6091199.0,2025-05-15 19:59:59.999,1209020.93821,18961,2854837.0,566587.93411
2025-05-15 20:00:00,0.19934,0.20083,0.19777,0.19798,9866968.0,2025-05-15 20:59:59.999,1965814.75807,21783,4501131.0,896844.52123
2025-05-15 21:00:00,0.19798,0.19862,0.19465,0.19825,6066508.0,2025-05-15 21:59:59.999,1194113.69984,11373,2498250.0,491403.91995
2025-05-15 22:00:00,0.19824,0.19994,0.197,0.19703,5220377.0,2025-05-15 22:59:59.999,1037854.74093,10923,2425077.0,482130.9541
2025-05-15 23:00:00,0.19703,0.19808,0.19393,0.19804,9029916.0,2025-05-15 23:59:59.999,1768248.20627,22116,4191989.0,820702.01573
2025-05-16 00:00:00,0.19804,0.19997,0.19728,0.19841,6279597.0,2025-05-16 00:59:59.999,1247934.39999,16155,3140278.0,624022.89772
2025-05-16 01:00:00,0.1984,0.19909,0.1961,0.19851,6639394.0,2025-05-16 01:59:59.999,1312437.07667,18137,2944429.0,581882.1342
2025-05-16 02:00:00,0.19849,0.20032,0.19784,0.20002,8809649.0,2025-05-16 02:59:59.999,1756430.02443,16427,4400257.0,877198.73004
2025-05-16 03:00:00,0.20004,0.20128,0.19985,0.20068,4584395.0,2025-05-16 03:59:59.999,919585.89935,7900,2181416.0,437539.5088
2025-05-16 04:00:00,0.20069,0.20126,0.19866,0.1997,8056723.0,2025-05-16 04:59:59.999,1613833.78272,8512,5509971.0,1104310.84127
2025-05-16 05:00:00,0.19971,0.20095,0.19971,0.20024,2910687.0,2025-05-16 05:59:59.999,583185.13085,5596,1437740.0,288085.35626
2025-05-16 06:00:00,0.20023,0.20079,0.19968,0.20045,2689893.0,2025-05-16 06:59:59.999,538879.20502,6533,1226013.0,245621.69683
2025-05-16 07:00:00,0.20046,0.20111,0.19919,0.19982,7245545.0,2025-05-16 07:59:59.999,1450280.75102,9793,3949600.0,791223.76636
2025-05-16 08:00:00,0.19982,0.20016,0.19624,0.19792,8470573.0,2025-05-16 08:59:59.999,1678094.31957,13375,2851598.0,564433.78465
2025-05-16 09:00:00,0.19792,0.20035,0.19764,0.20017,4915578.0,2025-05-16 09:59:59.999,979642.86809,7011,3135836.0,624924.06543
2025-05-16 10:00:00,0.20021,0.20105,0.19945,0.20078,2899509.0,2025-05-16 10:59:59.999,580679.4213,5684,1549610.0,310409.45674
2025-05-16 11:00:00,0.20078,0.20169,0.20037,0.20103,6268140.0,2025-05-16 11:59:59.999,1259455.48437,9102,3025438.0,608070.4426
2025-05-16 12:00:00,0.20104,0.2013,0.1998,0.19984,3950599.0,2025-05-16 12:59:59.999,792430.52267,8797,1480300.0,297016.02247
2025-05-16 13:00:00,0.19983,0.20185,0.19956,0.20156,5078398.0,2025-05-16 13:59:59.999,1020633.38527,11108,2129525.0,427991.22701
2025-05-16 14:00:00,0.20155,0.20155,0.19784,0.19884,8382693.0,2025-05-16 14:59:59.999,1676505.48989,18320,3346125.0,668926.71973
2025-05-16 15:00:00,0.19884,0.20079,0.19826,0.1996,14085597.0,2025-05-16 15:59:59.999,2805153.85722,16135,7147087.0,1423089.01811
2025-05-16 16:00:00,0.19961,0.20053,0.19727,0.19909,5886169.0,2025-05-16 16:59:59.999,1170171.38455,12014,2409180.0,479093.39667
2025-05-16 17:00:00,0.19909,0.19994,0.1972,0.19771,2909127.0,2025-05-16 17:59:59.999,577711.74576,7102,1389578.0,276046.33515
2025-05-16 18:00:00,0.1977,0.19871,0.19755,0.19843,2405672.0,2025-05-16 18:59:59.999,476723.51928,7468,1161492.0,230191.91342
2025-05-16 19:00:00,0.19842,0.19979,0.19765,0.19959,3008452.0,2025-05-16 19:59:59.999,598011.39744,7465,1693722.0,336678.04945
2025-05-16 20:00:00,0.19958,0.19961,0.19581,0.19731,6312075.0,2025-05-16 20:59:59.999,1245962.6504,9553,2691449.0,531046.45617
2025-05-16 21:00:00,0.1973,0.19788,0.19615,0.19703,2552963.0,2025-05-16 21:59:59.999,503825.04395,4397,1134687.0,223867.88934
2025-05-16 22:00:00,0.19703,0.19723,0.19375,0.19488,4381280.0,2025-05-16 22:59:59.999,854496.31275,10588,2418311.0,471740.58031
2025-05-16 23:00:00,0.19491,0.19639,0.19486,0.19556,5347692.0,2025-05-16 23:59:59.999,1046413.18622,8142,1988353.0,389131.69759
2025-05-17 00:00:00,0.19558,0.19593,0.1921,0.19325,8735895.0,2025-05-17 00:59:59.999,1692570.99705,16748,4293105.0,832401.50381
2025-05-17 01:00:00,0.19324,0.19324,0.18962,0.19122,11973225.0,2025-05-17 01:59:59.999,2287821.32908,20134,5579838.0,1066390.06179
2025-05-17 02:00:00,0.19122,0.1931,0.19001,0.19291,4538704.0,2025-05-17 02:59:59.999,870039.59015,10520,2563951.0,491621.27146
2025-05-17 03:00:00,0.19291,0.19418,0.19111,0.19408,2568503.0,2025-05-17 03:59:59.999,494996.28405,5886,1320262.0,254583.81886
2025-05-17 04:00:00,0.19408,0.1953,0.19359,0.19507,3976634.0,2025-05-17 04:59:59.999,773428.93111,5892,1995409.0,388166.45837
2025-05-17 05:00:00,0.19506,0.19531,0.19273,0.19297,3678876.0,2025-05-17 05:59:59.999,713911.07958,5536,1629262.0,316359.88121
2025-05-17 06:00:00,0.19298,0.19426,0.19292,0.19411,1456604.0,2025-05-17 06:59:59.999,282137.8627,4513,761969.0,147600.49021
2025-05-17 07:00:00,0.19412,0.19543,0.19309,0.19407,2233835.0,2025-05-17 07:59:59.999,434309.6052,5747,1130843.0,219871.0374
2025-05-17 08:00:00,0.19407,0.19472,0.193,0.19302,2520211.0,2025-05-17 08:59:59.999,488680.43717,8835,1125405.0,218158.30014
2025-05-17 09:00:00,0.19303,0.19322,0.19096,0.19167,4313985.0,2025-05-17 09:59:59.999,828653.45387,9699,1935839.0,371831.67426
2025-05-17 10:00:00,0.19167,0.19236,0.19095,0.19146,2767265.0,2025-05-17 10:59:59.999,530195.15776,6339,1349187.0,258413.8012
2025-05-17 11:00:00,0.19146,0.19247,0.18996,0.19177,7296101.0,2025-05-17 11:59:59.999,1398137.24878,6759,2407141.0,460801.87748
2025-05-17 12:00:00,0.19178,0.19206,0.1905,0.19058,3173606.0,2025-05-17 12:59:59.999,606668.96738,9922,1314398.0,251307.54395
2025-05-17 13:00:00,0.19059,0.19146,0.188,0.18874,6533118.0,2025-05-17 13:59:59.999,1237014.94039,9955,2338949.0,443055.50629
2025-05-17 14:00:00,0.18874,0.19182,0.18874,0.1915,5046471.0,2025-05-17 14:59:59.999,960605.30337,7464,3261772.0,621147.35118
2025-05-17 15:00:00,0.1915,0.19175,0.18987,0.18988,1900916.0,2025-05-17 15:59:59.999,363039.65091,5393,876167.0,167335.5969
2025-05-17 16:00:00,0.18987,0.19048,0.187,0.18911,6109047.0,2025-05-17 16:59:59.999,1150719.8822,11629,2681778.0,505259.68607
2025-05-17 17:00:00,0.18911,0.19041,0.18882,0.18892,3358216.0,2025-05-17 17:59:59.999,636543.71728,6326,2378617.0,450837.49962
2025-05-17 18:00:00,0.18893,0.19067,0.18834,0.1885,5213769.0,2025-05-17 18:59:59.999,987732.11595,10319,2264259.0,429139.15821
2025-05-17 19:00:00,0.1885,0.19008,0.18814,0.18896,3664488.0,2025-05-17 19:59:59.999,693481.174,4137,1432839.0,270990.84058
2025-05-17 20:00:00,0.18893,0.19186,0.18849,0.19127,5918474.0,2025-05-17 20:59:59.999,1126682.91122,6711,3686160.0,702171.37689
2025-05-17 21:00:00,0.19129,0.19152,0.19013,0.19107,2660878.0,2025-05-17 21:59:59.999,508011.19646,4304,1036822.0,197893.21092
2025-05-17 22:00:00,0.19107,0.19111,0.1885,0.18969,4714540.0,2025-05-17 22:59:59.999,893738.8627,8095,2029510.0,384391.2327
2025-05-17 23:00:00,0.1897,0.19134,0.18931,0.19101,2760525.0,2025-05-17 23:59:59.999,526403.31954,4986,1872788.0,357183.2669
2025-05-18 00:00:00,0.19102,0.19215,0.19065,0.19185,3412260.0,2025-05-18 00:59:59.999,653306.3777,7123,2023430.0,387583.33382
2025-05-18 01:00:00,0.19184,0.19287,0.19121,0.19238,1689156.0,2025-05-18 01:59:59.999,324221.73852,4668,887983.0,170437.63619
2025-05-18 02:00:00,0.19237,0.19269,0.19103,0.19131,2071694.0,2025-05-18 02:59:59.999,397616.46071,4289,928418.0,178232.17897
2025-05-18 03:00:00,0.19131,0.19205,0.19047,0.19128,3890647.0,2025-05-18 03:59:59.999,744188.24976,5785,1966670.0,376216.30526
2025-05-18 04:00:00,0.19127,0.19231,0.19123,0.19212,792831.0,2025-05-18 04:59:59.999,152096.41225,2426,416002.0,79797.49034
2025-05-18 05:00:00,0.19212,0.19431,0.19212,0.19407,4862235.0,2025-05-18 05:59:59.999,939683.89023,6092,3175304.0,613800.94976
2025-05-18 06:00:00,0.19407,0.1941,0.19264,0.19292,2084388.0,2025-05-18 06:59:59.999,402728.4253,4240,903042.0,174435.98413
2025-05-18 07:00:00,0.19291,0.19484,0.19274,0.19459,4426847.0,2025-05-18 07:59:59.999,859066.37345,6256,2821491.0,548099.76791
2025-05-18 08:00:00,0.1946,0.19562,0.19429,0.19503,4534874.0,2025-05-18 08:59:59.999,884389.31405,7459,2275357.0,443720.58038
2025-05-18 09:00:00,0.19503,0.19561,0.1939,0.1943,3763269.0,2025-05-18 09:59:59.999,732454.35581,6128,1287244.0,250589.18739
2025-05-18 10:00:00,0.19429,0.19483,0.19383,0.1943,1181552.0,2025-05-18 10:59:59.999,229518.61098,3602,672934.0,130718.06447
2025-05-18 11:00:00,0.1943,0.19504,0.19339,0.19353,1431203.0,2025-05-18 11:59:59.999,278116.83832,3959,681541.0,132510.40697
2025-05-18 12:00:00,0.19353,0.19405,0.19249,0.19405,2282016.0,2025-05-18 12:59:59.999,440990.2758,4578,662065.0,128005.74551
2025-05-18 13:00:00,0.19403,0.196,0.19316,0.19567,4028931.0,2025-05-18 13:59:59.999,784023.59765,6546,2887952.0,562264.01477
2025-05-18 14:00:00,0.19567,0.19867,0.19514,0.19779,9960252.0,2025-05-18 14:59:59.999,1963681.42098,14838,6474976.0,1276761.69805
2025-05-18 15:00:00,0.1978,0.20005,0.19709,0.19991,7448938.0,2025-05-18 15:59:59.999,1480264.72912,12793,4476544.0,890050.11862
2025-05-18 16:00:00,0.19992,0.20076,0.19855,0.19939,10602864.0,2025-05-18 16:59:59.999,2116170.82613,17153,5614558.0,1120825.28748
2025-05-18 17:00:00,0.19939,0.19943,0.19445,0.19457,10002886.0,2025-05-18 17:59:59.999,1969977.36237,14995,3305176.0,651311.7597
2025-05-18 18:00:00,0.19462,0.19474,0.19119,0.19231,13674726.0,2025-05-18 18:59:59.999,2636315.39429,26715,6420459.0,1237250.59482
2025-05-18 19:00:00,0.19231,0.19345,0.18946,0.18946,10161483.0,2025-05-18 19:59:59.999,1942277.20046,18383,4689494.0,897401.0653
2025-05-18 20:00:00,0.18945,0.1914,0.18678,0.19126,19496935.0,2025-05-18 20:59:59.999,3675174.54999,32094,10580093.0,1995833.15669
2025-05-18 21:00:00,0.19124,0.19327,0.19051,0.1913,7062016.0,2025-05-18 21:59:59.999,1354821.20234,8731,3531832.0,678281.01168
2025-05-18 22:00:00,0.19131,0.19472,0.18975,0.19461,8703313.0,2025-05-18 22:59:59.999,1675563.19789,18387,5341644.0,1029251.68827
2025-05-18 23:00:00,0.19461,0.19753,0.19322,0.19681,7566890.0,2025-05-18 23:59:59.999,1478148.60377,15433,3424181.0,669331.55389
2025-05-19 00:00:00,0.19682,0.19788,0.19354,0.1942,8483352.0,2025-05-19 00:59:59.999,1657506.52929,22482,4449538.0,869375.72672
2025-05-19 01:00:00,0.19422,0.19495,0.1928,0.19413,4503715.0,2025-05-19 01:59:59.999,873520.1347,14376,2529462.0,490703.29765
2025-05-19 02:00:00,0.19412,0.19477,0.19235,0.19253,3704478.0,2025-05-19 02:59:59.999,715857.79705,9510,1868881.0,361165.71704
2025-05-19 03:00:00,0.19252,0.19252,0.18939,0.18958,5043458.0,2025-05-19 03:59:59.999,961995.96944,10372,2161665.0,412324.02519
2025-05-19 04:00:00,0.18958,0.19061,0.18685,0.18774,6719291.0,2025-05-19 04:59:59.999,1269018.68608,16116,3146236.0,594333.41187
2025-05-19 05:00:00,0.18774,0.18827,0.18639,0.18814,6451921.0,2025-05-19 05:59:59.999,1209361.52345,14573,2819442.0,528426.9226
2025-05-19 06:00:00,0.18813,0.19077,0.18577,0.1858,10220294.0,2025-05-19 06:59:59.999,1925586.22911,22960,5792098.0,1092384.11361
2025-05-19 07:00:00,0.1858,0.18913,0.18569,0.18804,5720773.0,2025-05-19 07:59:59.999,1073243.12794,11827,2673519.0,501007.30201
2025-05-19 08:00:00,0.18803,0.18882,0.18652,0.18763,3564162.0,2025-05-19 08:59:59.999,668645.02616,9872,1919457.0,360205.32017
2025-05-19 09:00:00,0.18763,0.18859,0.18646,0.18725,5273215.0,2025-05-19 09:59:59.999,989952.05945,11412,2546685.0,478106.85354
2025-05-19 10:00:00,0.18725,0.18801,0.18629,0.18722,2457360.0,2025-05-19 10:59:59.999,459777.05082,6990,1138079.0,212954.78208
2025-05-19 11:00:00,0.18724,0.18807,0.18662,0.18774,2372317.0,2025-05-19 11:59:59.999,444660.7644,5092,1182366.0,221668.59981
2025-05-19 12:00:00,0.18773,0.18786,0.18442,0.18552,5431287.0,2025-05-19 12:59:59.999,1008664.97072,10089,2134270.0,396486.64766
2025-05-19 13:00:00,0.18551,0.18909,0.18518,0.18815,8476349.0,2025-05-19 13:59:59.999,1587400.95015,15852,3885922.0,728175.81713
2025-05-19 14:00:00,0.18814,0.19051,0.18781,0.19014,4948288.0,2025-05-19 14:59:59.999,935948.91421,11027,2664076.0,503866.70132
2025-05-19 15:00:00,0.19014,0.19187,0.18979,0.19099,6004508.0,2025-05-19 15:59:59.999,1147091.15085,11125,2356247.0,450293.45817
2025-05-19 16:00:00,0.191,0.19267,0.1895,0.19261,5872746.0,2025-05-19 16:59:59.999,1120789.35218,10421,3115928.0,595303.67381
2025-05-19 17:00:00,0.19261,0.19405,0.19161,0.19226,9743956.0,2025-05-19 17:59:59.999,1875677.72967,15211,5403474.0,1040624.82989
2025-05-19 18:00:00,0.19225,0.19278,0.19001,0.19068,5671397.0,2025-05-19 18:59:59.999,1082727.20613,8999,2445372.0,467349.40457
2025-05-19 19:00:00,0.19069,0.19236,0.19022,0.19216,3209660.0,2025-05-19 19:59:59.999,614208.45856,7304,1812773.0,346925.23734
2025-05-19 20:00:00,0.19215,0.19289,0.19159,0.19205,3558480.0,2025-05-19 20:59:59.999,684408.62721,6006,2127540.0,409257.06875
2025-05-19 21:00:00,0.19205,0.193,0.19078,0.19288,4543825.0,2025-05-19 21:59:59.999,872596.04936,4799,2576960.0,495445.1362
2025-05-19 22:00:00,0.19287,0.1929,0.1918,0.19199,2122560.0,2025-05-19 22:59:59.999,407877.25315,5134,778156.0,149513.2946
2025-05-19 23:00:00,0.19199,0.19418,0.19192,0.1938,5823447.0,2025-05-19 23:59:59.999,1125575.65069,9294,2557497.0,494195.93262
2025-05-20 00:00:00,0.19381,0.19573,0.19317,0.19352,9698442.0,2025-05-20 00:59:59.999,1885947.51316,14870,5509815.0,1072040.67628
2025-05-20 01:00:00,0.1935,0.19689,0.19336,0.19641,6226043.0,2025-05-20 01:59:59.999,1215688.77222,10742,4244986.0,828858.89916
2025-05-20 02:00:00,0.19642,0.19842,0.19642,0.19687,8891425.0,2025-05-20 02:59:59.999,1753909.94206,12763,4996581.0,985961.86006
2025-05-20 03:00:00,0.19687,0.19707,0.19476,0.19575,8589532.0,2025-05-20 03:59:59.999,1683127.04168,11250,2868392.0,561789.97673
2025-05-20 04:00:00,0.19576,0.19658,0.19481,0.19622,3424349.0,2025-05-20 04:59:59.999,670533.18314,5280,1543876.0,301944.69084
2025-05-20 05:00:00,0.19622,0.19733,0.19597,0.19644,3934478.0,2025-05-20 05:59:59.999,774520.28946,7120,2591704.0,510216.92576
2025-05-20 06:00:00,0.19643,0.19689,0.19514,0.19608,2392915.0,2025-05-20 06:59:59.999,468704.95103,5998,1036921.0,203139.39679
2025-05-20 07:00:00,0.19609,0.19623,0.19438,0.19496,4538285.0,2025-05-20 07:59:59.999,886311.34899,8383,1933093.0,377558.3045
2025-05-20 08:00:00,0.19495,0.19553,0.19351,0.19493,3537113.0,2025-05-20 08:59:59.999,687251.43287,6987,1274471.0,247762.28701
2025-05-20 09:00:00,0.19492,0.19562,0.1945,0.1948,2580507.0,2025-05-20 09:59:59.999,503193.40218,4993,1696582.0,330913.47009
2025-05-20 10:00:00,0.19481,0.19551,0.19332,0.19412,3164394.0,2025-05-20 10:59:59.999,614340.87529,6643,1542906.0,299419.63033
2025-05-20 11:00:00,0.19413,0.19429,0.19261,0.19391,3057757.0,2025-05-20 11:59:59.999,591520.07465,5613,1198354.0,231898.9258
2025-05-20 12:00:00,0.19391,0.19394,0.19141,0.19274,4009848.0,2025-05-20 12:59:59.999,771593.10292,6483,1650776.0,317763.10253
2025-05-20 13:00:00,0.19277,0.19328,0.19138,0.19195,5264104.0,2025-05-20 13:59:59.999,1012914.71739,10883,2127443.0,409705.14355
2025-05-20 14:00:00,0.19194,0.19345,0.19159,0.19285,2972537.0,2025-05-20 14:59:59.999,572421.44702,8160,1519288.0,292556.52884
2025-05-20 15:00:00,0.19284,0.19493,0.19275,0.19413,8246873.0,2025-05-20 15:59:59.999,1598704.71968,9205,4035281.0,782346.50526
2025-05-20 16:00:00,0.19415,0.1949,0.19284,0.19286,2661893.0,2025-05-20 16:59:59.999,515311.46739,6636,1374837.0,266124.66583
2025-05-20 17:00:00,0.19287,0.1947,0.19276,0.19404,3563876.0,2025-05-20 17:59:59.999,691287.9023,7131,1673143.0,324489.73883
2025-05-20 18:00:00,0.19404,0.19438,0.19034,0.19067,7916567.0,2025-05-20 18:59:59.999,1521335.94871,12434,3303440.0,635202.79558
2025-05-20 19:00:00,0.19069,0.19414,0.1903,0.1936,5579691.0,2025-05-20 19:59:59.999,1075381.79655,9244,3500097.0,674819.07609
2025-05-20 20:00:00,0.1936,0.19485,0.19239,0.19432,4587240.0,2025-05-20 20:59:59.999,888268.89779,9353,2875244.0,557067.90889
2025-05-20 21:00:00,0.19431,0.19563,0.19388,0.19481,4413079.0,2025-05-20 21:59:59.999,859639.11581,7321,2450387.0,477330.60135
2025-05-20 22:00:00,0.19481,0.19526,0.19307,0.19472,3819234.0,2025-05-20 22:59:59.999,741148.7679,6477,1821997.0,353867.55274
2025-05-20 23:00:00,0.19472,0.1958,0.19422,0.19487,6240631.0,2025-05-20 23:59:59.999,1217532.64889,7923,3906356.0,762317.13864
2025-05-21 00:00:00,0.19488,0.19584,0.1939,0.19415,3195992.0,2025-05-21 00:59:59.999,623063.61281,8906,1563797.0,304813.8794
2025-05-21 01:00:00,0.19414,0.19508,0.1934,0.19357,3340553.0,2025-05-21 01:59:59.999,648519.10448,7300,1360534.0,264293.74306
2025-05-21 02:00:00,0.19357,0.19474,0.19244,0.19428,3712753.0,2025-05-21 02:59:59.999,718931.2383,7368,1780771.0,344773.76988
2025-05-21 03:00:00,0.1943,0.19547,0.19391,0.19479,3900965.0,2025-05-21 03:59:59.999,760182.9349,7031,2145018.0,418042.95388
2025-05-21 04:00:00,0.19479,0.19648,0.19431,0.19545,5255260.0,2025-05-21 04:59:59.999,1028055.38808,10006,3083303.0,603034.93265
2025-05-21 05:00:00,0.19545,0.19769,0.19545,0.19731,5622190.0,2025-05-21 05:59:59.999,1106091.2635,10410,3283725.0,646116.20337
2025-05-21 06:00:00,0.19731,0.19842,0.19631,0.19774,6211061.0,2025-05-21 06:59:59.999,1227270.37588,10129,3280070.0,648153.60002
2025-05-21 07:00:00,0.19775,0.19812,0.19524,0.19643,5880322.0,2025-05-21 07:59:59.999,1155211.90386,11310,2429508.0,477312.06453
2025-05-21 08:00:00,0.19644,0.19727,0.19532,0.19551,4345947.0,2025-05-21 08:59:59.999,853384.63449,8672,2494708.0,489969.46428
2025-05-21 09:00:00,0.19552,0.19585,0.19425,0.19444,3677591.0,2025-05-21 09:59:59.999,717036.15331,5519,1082095.0,211005.20631
2025-05-21 10:00:00,0.19444,0.19577,0.19407,0.19548,1669310.0,2025-05-21 10:59:59.999,325344.99217,3822,853234.0,166338.25647
2025-05-21 11:00:00,0.1955,0.19685,0.19518,0.19558,12349964.0,2025-05-21 11:59:59.999,2418773.29406,7964,5728942.0,1122380.89255
2025-05-21 12:00:00,0.19557,0.19646,0.1948,0.1955,1983498.0,2025-05-21 12:59:59.999,388079.05055,4051,941418.0,184201.7181
2025-05-21 13:00:00,0.1955,0.19708,0.19464,0.19633,6840518.0,2025-05-21 13:59:59.999,1339265.07708,12823,4155343.0,813812.84051
2025-05-21 14:00:00,0.19634,0.1983,0.19506,0.1983,7757553.0,2025-05-21 14:59:59.999,1526757.95046,13221,4375234.0,861915.27773
2025-05-21 15:00:00,0.1983,0.19929,0.19706,0.19881,12508980.0,2025-05-21 15:59:59.999,2484460.4744,20391,5714067.0,1134933.60829
2025-05-21 16:00:00,0.19883,0.20237,0.19828,0.20027,16171125.0,2025-05-21 16:59:59.999,3243459.20302,15271,9540951.0,1912491.87449
2025-05-21 17:00:00,0.20028,0.20122,0.19232,0.19357,32931386.0,2025-05-21 17:59:59.999,6438160.19814,63812,15992565.0,3126920.16107
2025-05-21 18:00:00,0.19358,0.19591,0.19273,0.19456,9008642.0,2025-05-21 18:59:59.999,1753649.16718,19244,4820576.0,938537.77156
2025-05-21 19:00:00,0.19456,0.19732,0.1942,0.19699,7613061.0,2025-05-21 19:59:59.999,1490592.99345,14168,4033077.0,789991.72353
2025-05-21 20:00:00,0.19698,0.19724,0.19551,0.19646,4112132.0,2025-05-21 20:59:59.999,808389.08804,9045,1836508.0,360895.60572
2025-05-21 21:00:00,0.19646,0.19754,0.19573,0.19672,2211557.0,2025-05-21 21:59:59.999,434853.69562,4830,1028274.0,202222.2167
2025-05-21 22:00:00,0.19672,0.19858,0.19666,0.19832,4092972.0,2025-05-21 22:59:59.999,809004.29286,8190,2324725.0,459724.83887
2025-05-21 23:00:00,0.19831,0.20045,0.1976,0.19801,14243900.0,2025-05-21 23:59:59.999,2833312.69877,18316,6109184.0,1216415.40312
2025-05-22 00:00:00,0.19803,0.19931,0.19724,0.19926,5355646.0,2025-05-22 00:59:59.999,1061958.12536,11530,2666922.0,529285.5656
2025-05-22 01:00:00,0.19927,0.19989,0.19746,0.19805,6384871.0,2025-05-22 01:59:59.999,1267902.44357,11980,2689559.0,534092.69541
2025-05-22 02:00:00,0.19806,0.19932,0.19753,0.19923,6142207.0,2025-05-22 02:59:59.999,1220288.62879,11165,2362295.0,469216.49767
2025-05-22 03:00:00,0.19921,0.20113,0.19851,0.20077,7801000.0,2025-05-22 03:59:59.999,1560044.6382,10979,4596641.0,919206.54578
2025-05-22 04:00:00,0.20082,0.20173,0.20024,0.20121,5560360.0,2025-05-22 04:59:59.999,1117959.46717,7258,3084530.0,620178.54438
2025-05-22 05:00:00,0.20119,0.20272,0.20049,0.2009,6546672.0,2025-05-22 05:59:59.999,1319825.57478,7181,4581935.0,923868.47344
2025-05-22 06:00:00,0.20091,0.20115,0.19995,0.20023,4632528.0,2025-05-22 06:59:59.999,928109.49025,6672,1881838.0,377042.81208
2025-05-22 07:00:00,0.20024,0.20253,0.19986,0.20251,4670455.0,2025-05-22 07:59:59.999,940771.83809,5595,3248689.0,654307.50599
2025-05-22 08:00:00,0.20251,0.20417,0.20226,0.20305,8571181.0,2025-05-22 08:59:59.999,1739739.02243,8681,5178491.0,1050873.30975
2025-05-22 09:00:00,0.20305,0.20473,0.20274,0.20417,8021165.0,2025-05-22 09:59:59.999,1634780.33347,8831,3042591.0,620295.38102
2025-05-22 10:00:00,0.20414,0.20468,0.203,0.20319,3859675.0,2025-05-22 10:59:59.999,787078.8536,7036,1885530.0,384681.63182
2025-05-22 11:00:00,0.20318,0.20408,0.20181,0.20331,7755196.0,2025-05-22 11:59:59.999,1573546.58578,8853,4243284.0,861750.3614
2025-05-22 12:00:00,0.20332,0.20385,0.20256,0.2034,5419872.0,2025-05-22 12:59:59.999,1101285.38454,7163,3176764.0,645443.4404
2025-05-22 13:00:00,0.20341,0.20356,0.20146,0.20155,8020823.0,2025-05-22 13:59:59.999,1622906.47167,14370,3591764.0,726903.94408
2025-05-22 14:00:00,0.20157,0.20462,0.20157,0.20351,7472979.0,2025-05-22 14:59:59.999,1520378.58507,11851,3741066.0,761474.03576
2025-05-22 15:00:00,0.20353,0.20483,0.20289,0.20403,6029317.0,2025-05-22 15:59:59.999,1229711.78385,8162,3585880.0,731197.06277
2025-05-22 16:00:00,0.20403,0.2054,0.20307,0.2032,6282964.0,2025-05-22 16:59:59.999,1282950.32913,9336,2937184.0,599667.14822
2025-05-22 17:00:00,0.20322,0.20489,0.20276,0.2041,4902647.0,2025-05-22 17:59:59.999,1000313.17931,8037,1977484.0,403352.81823
2025-05-22 18:00:00,0.20409,0.20596,0.20343,0.20499,9141017.0,2025-05-22 18:59:59.999,1872892.53744,11107,4039136.0,827377.83395
2025-05-22 19:00:00,0.205,0.20678,0.20371,0.20494,8612481.0,2025-05-22 19:59:59.999,1767442.42535,9817,5366879.0,1102152.0973
2025-05-22 20:00:00,0.20496,0.20551,0.2035,0.20363,5089512.0,2025-05-22 20:59:59.999,1040248.1897,6552,2148869.0,439261.28302
2025-05-22 21:00:00,0.20361,0.20361,0.20229,0.2028,4446727.0,2025-05-22 21:59:59.999,901712.35391,5784,1827229.0,370502.7284
2025-05-22 22:00:00,0.20281,0.205,0.20272,0.20347,5588825.0,2025-05-22 22:59:59.999,1138906.27546,7556,3191047.0,650390.8339
2025-05-22 23:00:00,0.20345,0.20523,0.2032,0.20466,4224414.0,2025-05-22 23:59:59.999,862921.92409,5697,2231975.0,456068.78233
2025-05-23 00:00:00,0.20468,0.20575,0.20358,0.20429,7567482.0,2025-05-23 00:59:59.999,1547970.76306,11560,3997080.0,817882.0943
2025-05-23 01:00:00,0.20427,0.20677,0.20343,0.20654,7098955.0,2025-05-23 01:59:59.999,1455885.65421,11038,3886827.0,797264.86927
2025-05-23 02:00:00,0.20654,0.20925,0.20637,0.20782,11039101.0,2025-05-23 02:59:59.999,2295687.12546,13356,5526899.0,1149161.40788
2025-05-23 03:00:00,0.20781,0.20869,0.20774,0.20835,4578840.0,2025-05-23 03:59:59.999,953340.43453,6622,2045326.0,425878.48528
2025-05-23 04:00:00,0.20836,0.2085,0.20445,0.20599,6296012.0,2025-05-23 04:59:59.999,1297579.13215,8655,2768556.0,570417.60266
2025-05-23 05:00:00,0.20599,0.20633,0.20439,0.20561,4185269.0,2025-05-23 05:59:59.999,859328.71371,6260,2074946.0,426097.59994
2025-05-23 06:00:00,0.20562,0.20562,0.20238,0.20315,6676105.0,2025-05-23 06:59:59.999,1360306.87104,11758,3222221.0,656831.59127
2025-05-23 07:00:00,0.20315,0.20498,0.20301,0.20348,5588099.0,2025-05-23 07:59:59.999,1140368.82137,7650,2665000.0,543889.63056
2025-05-23 08:00:00,0.20349,0.20624,0.20345,0.20609,3313354.0,2025-05-23 08:59:59.999,679799.93244,5797,1595114.0,327135.00628
2025-05-23 09:00:00,0.20609,0.20771,0.20551,0.20758,4513003.0,2025-05-23 09:59:59.999,934237.84753,7293,2154249.0,445992.03102
2025-05-23 10:00:00,0.20758,0.20766,0.20563,0.20656,6122054.0,2025-05-23 10:59:59.999,1264043.44574,8719,2866568.0,592110.2341
2025-05-23 11:00:00,0.20656,0.20686,0.19654,0.19779,25445992.0,2025-05-23 11:59:59.999,5119912.93133,47558,11454494.0,2307232.90158
2025-05-23 12:00:00,0.19779,0.19796,0.19263,0.1966,31189965.0,2025-05-23 12:59:59.999,6102445.80079,63781,14605788.0,2858368.40405
2025-05-23 13:00:00,0.1966,0.20021,0.19548,0.20004,11946131.0,2025-05-23 13:59:59.999,2363394.62789,25313,5782111.0,1144216.41991
2025-05-23 14:00:00,0.20003,0.20184,0.19967,0.20121,5508982.0,2025-05-23 14:59:59.999,1105054.84374,11171,2678794.0,537267.93722
2025-05-23 15:00:00,0.2012,0.20177,0.19849,0.19867,6011182.0,2025-05-23 15:59:59.999,1204712.37512,10690,2737303.0,548708.54117
2025-05-23 16:00:00,0.19867,0.19961,0.1966,0.19902,11022972.0,2025-05-23 16:59:59.999,2185966.14123,16303,5900658.0,1170836.25298
2025-05-23 17:00:00,0.19899,0.19981,0.19835,0.19903,2703971.0,2025-05-23 17:59:59.999,538756.07304,6389,1166104.0,232330.19712
2025-05-23 18:00:00,0.19902,0.19927,0.19676,0.19736,6096846.0,2025-05-23 18:59:59.999,1205648.63378,9552,2729943.0,539806.35962
2025-05-23 19:00:00,0.19736,0.19884,0.19641,0.19659,4079268.0,2025-05-23 19:59:59.999,805616.9245,7715,1952233.0,385684.83959
2025-05-23 20:00:00,0.19659,0.19669,0.19425,0.19448,4723110.0,2025-05-23 20:59:59.999,922754.18791,7153,2101295.0,410611.19514
2025-05-23 21:00:00,0.19448,0.19552,0.19346,0.19426,6751461.0,2025-05-23 21:59:59.999,1313388.48418,8593,3630567.0,706246.74437
2025-05-23 22:00:00,0.19427,0.1952,0.19286,0.19286,4079796.0,2025-05-23 22:59:59.999,791672.04824,9487,2204610.0,427711.85075
2025-05-23 23:00:00,0.19286,0.19314,0.18891,0.19049,12344245.0,2025-05-23 23:59:59.999,2354183.05916,21628,4738083.0,903100.91541
2025-05-24 00:00:00,0.19048,0.19224,0.18926,0.18999,8411554.0,2025-05-24 00:59:59.999,1607540.68334,15249,4123046.0,788433.79409
2025-05-24 01:00:00,0.18998,0.19151,0.18986,0.19016,3516632.0,2025-05-24 01:59:59.999,670670.56029,8973,1641636.0,313027.29022
2025-05-24 02:00:00,0.19017,0.1918,0.18967,0.19174,2120157.0,2025-05-24 02:59:59.999,404931.21275,5583,1089518.0,208260.11858
2025-05-24 03:00:00,0.19175,0.19285,0.19135,0.19266,2686846.0,2025-05-24 03:59:59.999,516615.13676,4512,1347856.0,259202.65157
2025-05-24 04:00:00,0.19266,0.19365,0.19231,0.19341,2286954.0,2025-05-24 04:59:59.999,441474.18886,4677,1306734.0,252355.67442
2025-05-24 05:00:00,0.19341,0.19359,0.19144,0.19219,3026397.0,2025-05-24 05:59:59.999,582291.33743,6607,1121547.0,215925.18621
2025-05-24 06:00:00,0.19218,0.19251,0.19043,0.19159,2737088.0,2025-05-24 06:59:59.999,523398.32419,6371,1024531.0,195893.29983
2025-05-24 07:00:00,0.1916,0.19233,0.19041,0.19089,2111892.0,2025-05-24 07:59:59.999,403882.03898,6321,1034621.0,197927.72973
2025-05-24 08:00:00,0.1909,0.19186,0.19023,0.19183,2033491.0,2025-05-24 08:59:59.999,388366.48224,6737,980123.0,187242.01229
2025-05-24 09:00:00,0.19184,0.19195,0.1904,0.19061,2411867.0,2025-05-24 09:59:59.999,460770.81478,5903,1189727.0,227264.14101
2025-05-24 10:00:00,0.19062,0.19236,0.19029,0.19193,5370133.0,2025-05-24 10:59:59.999,1026570.80667,10781,3136672.0,599694.60449
2025-05-24 11:00:00,0.19193,0.19276,0.1908,0.19117,4301736.0,2025-05-24 11:59:59.999,825109.76305,9080,2327444.0,446601.03929
2025-05-24 12:00:00,0.19118,0.19153,0.18985,0.19103,3779110.0,2025-05-24 12:59:59.999,720392.29075,8220,1824752.0,347939.87646
2025-05-24 13:00:00,0.19103,0.19122,0.18969,0.18975,3455339.0,2025-05-24 13:59:59.999,658045.73116,7353,1813504.0,345415.46366
2025-05-24 14:00:00,0.18975,0.19095,0.18942,0.19083,2957393.0,2025-05-24 14:59:59.999,561997.28937,6619,1525068.0,289840.90408
2025-05-24 15:00:00,0.19083,0.19125,0.18946,0.19021,3061931.0,2025-05-24 15:59:59.999,582422.50994,6749,1127578.0,214401.35855
2025-05-24 16:00:00,0.19021,0.1907,0.18935,0.19029,1689771.0,2025-05-24 16:59:59.999,321072.94024,5442,963215.0,183067.33588
2025-05-24 17:00:00,0.1903,0.19111,0.18984,0.19028,2742004.0,2025-05-24 17:59:59.999,522750.6389,5991,1519460.0,289708.9999
2025-05-24 18:00:00,0.19028,0.19128,0.18957,0.18975,4048676.0,2025-05-24 18:59:59.999,770354.82497,4852,1489628.0,283604.81866
2025-05-24 19:00:00,0.18975,0.19076,0.18959,0.1906,1617452.0,2025-05-24 19:59:59.999,307585.49116,3760,875445.0,166467.23342
2025-05-24 20:00:00,0.19061,0.19113,0.19015,0.19071,1426794.0,2025-05-24 20:59:59.999,271968.77711,3396,743216.0,141691.28815
2025-05-24 21:00:00,0.19071,0.19073,0.18903,0.19014,2595121.0,2025-05-24 21:59:59.999,492650.97525,4468,1202598.0,228323.69647
2025-05-24 22:00:00,0.19015,0.19023,0.18791,0.1883,4159992.0,2025-05-24 22:59:59.999,785537.016,7409,1450690.0,274064.46831
2025-05-24 23:00:00,0.18831,0.18874,0.18698,0.18842,4606630.0,2025-05-24 23:59:59.999,866021.11328,10127,1913645.0,359867.33281
2025-05-25 00:00:00,0.18842,0.18918,0.18548,0.18631,7323707.0,2025-05-25 00:59:59.999,1371755.88113,13349,3374765.0,632520.28283
2025-05-25 01:00:00,0.1863,0.18705,0.18481,0.18625,4721397.0,2025-05-25 01:59:59.999,877505.58136,11845,2208348.0,410753.34351
2025-05-25 02:00:00,0.18625,0.18745,0.18511,0.18733,3393427.0,2025-05-25 02:59:59.999,632374.26682,8990,1585813.0,295645.4297
2025-05-25 03:00:00,0.18732,0.18791,0.18718,0.18756,1710666.0,2025-05-25 03:59:59.999,320810.0236,4063,947168.0,177622.98328
2025-05-25 04:00:00,0.18754,0.189,0.1867,0.18881,3211306.0,2025-05-25 04:59:59.999,602910.27464,5449,1858159.0,349042.71922
2025-05-25 05:00:00,0.18881,0.19012,0.18835,0.18996,7701581.0,2025-05-25 05:59:59.999,1458378.81302,8892,5743507.0,1087907.15007
2025-05-25 06:00:00,0.18997,0.19029,0.18874,0.18937,3170318.0,2025-05-25 06:59:59.999,600334.0015,5204,959798.0,181692.60125
2025-05-25 07:00:00,0.18936,0.18936,0.18775,0.18811,2037622.0,2025-05-25 07:59:59.999,383884.7671,4743,850061.0,160218.32596
2025-05-25 08:00:00,0.18813,0.18814,0.18395,0.18477,10830773.0,2025-05-25 08:59:59.999,2007824.65279,13196,2433833.0,451830.66681
2025-05-25 09:00:00,0.18477,0.18535,0.18334,0.18488,6078881.0,2025-05-25 09:59:59.999,1119419.866,11751,3474309.0,639726.49741
2025-05-25 10:00:00,0.18489,0.18539,0.1834,0.18348,5636744.0,2025-05-25 10:59:59.999,1039824.25071,7594,3494988.0,645294.44795
2025-05-25 11:00:00,0.18348,0.18401,0.18257,0.18389,7201163.0,2025-05-25 11:59:59.999,1318320.80746,9403,2694952.0,493438.1473
2025-05-25 12:00:00,0.18389,0.18517,0.18315,0.18507,2993816.0,2025-05-25 12:59:59.999,552041.28993,7760,1429048.0,263482.36076
2025-05-25 13:00:00,0.18508,0.18531,0.18409,0.18434,2555040.0,2025-05-25 13:59:59.999,471792.32505,5936,973841.0,179887.54754
2025-05-25 14:00:00,0.18433,0.18505,0.1828,0.18317,3937650.0,2025-05-25 14:59:59.999,724765.83942,7236,2030054.0,373906.65065
2025-05-25 15:00:00,0.18318,0.18345,0.18044,0.18332,10419003.0,2025-05-25 15:59:59.999,1897211.13736,17318,4421747.0,805456.58896
2025-05-25 16:00:00,0.18333,0.18397,0.18208,0.18366,3822559.0,2025-05-25 16:59:59.999,699190.98997,9642,1611924.0,294896.84913
2025-05-25 17:00:00,0.18367,0.18414,0.18297,0.18385,2802503.0,2025-05-25 17:59:59.999,514680.17112,5387,908726.0,166865.16257
2025-05-25 18:00:00,0.18385,0.18497,0.18348,0.18417,1820567.0,2025-05-25 18:59:59.999,335477.11303,4488,956872.0,176324.12186
2025-05-25 19:00:00,0.18416,0.18578,0.18401,0.18512,2677462.0,2025-05-25 19:59:59.999,495154.88048,4741,1448988.0,267986.12735
2025-05-25 20:00:00,0.18513,0.18539,0.18391,0.18441,3347273.0,2025-05-25 20:59:59.999,617272.65304,5316,1116057.0,205872.42946
2025-05-25 21:00:00,0.1844,0.18522,0.18327,0.18403,2077923.0,2025-05-25 21:59:59.999,382758.63434,3443,757359.0,139617.01375
2025-05-25 22:00:00,0.18403,0.18822,0.18367,0.18809,8249343.0,2025-05-25 22:59:59.999,1540261.62176,13626,4170152.0,778694.70977
2025-05-25 23:00:00,0.18808,0.1886,0.18689,0.18806,3661043.0,2025-05-25 23:59:59.999,687229.44986,5701,1972431.0,370159.30155
2025-05-26 00:00:00,0.18807,0.18931,0.18711,0.18927,4275456.0,2025-05-26 00:59:59.999,804404.57054,6812,2271577.0,427522.35121
2025-05-26 01:00:00,0.18929,0.18957,0.18808,0.18861,3324356.0,2025-05-26 01:59:59.999,627579.10705,5722,1734364.0,327482.42414
2025-05-26 02:00:00,0.18863,0.1888,0.18793,0.18852,1930678.0,2025-05-26 02:59:59.999,363660.10236,3678,889061.0,167486.29247
2025-05-26 03:00:00,0.18852,0.18953,0.18829,0.18908,2668948.0,2025-05-26 03:59:59.999,504205.42268,3911,1398793.0,264212.99027
2025-05-26 04:00:00,0.18909,0.18937,0.18868,0.18927,1638643.0,2025-05-26 04:59:59.999,309815.47504,3057,766459.0,144931.17309
2025-05-26 05:00:00,0.18927,0.18997,0.18895,0.1899,2977063.0,2025-05-26 05:59:59.999,564239.79644,3890,1226811.0,232538.30296
2025-05-26 06:00:00,0.18989,0.19093,0.18972,0.19076,3494945.0,2025-05-26 06:59:59.999,664448.10008,5065,2180157.0,414502.78019
2025-05-26 07:00:00,0.19076,0.19284,0.19076,0.19267,6990529.0,2025-05-26 07:59:59.999,1341674.83995,8027,4521487.0,868068.80174
2025-05-26 08:00:00,0.19267,0.19329,0.19144,0.19181,5142635.0,2025-05-26 08:59:59.999,989966.38532,7371,2827390.0,544622.16884
2025-05-26 09:00:00,0.19181,0.19227,0.1907,0.19093,3172532.0,2025-05-26 09:59:59.999,607581.75619,5695,1259934.0,241378.70001
2025-05-26 10:00:00,0.19093,0.19185,0.19041,0.19078,2325986.0,2025-05-26 10:59:59.999,444681.34513,4964,974877.0,186417.78256
2025-05-26 11:00:00,0.19078,0.19098,0.18989,0.19057,2958340.0,2025-05-26 11:59:59.999,563553.92508,5263,1357751.0,258781.53481
2025-05-26 12:00:00,0.19058,0.19174,0.18999,0.19131,2163350.0,2025-05-26 12:59:59.999,412486.171,6675,1110247.0,211723.72555
2025-05-26 13:00:00,0.19131,0.19186,0.18867,0.18932,4887200.0,2025-05-26 13:59:59.999,930772.3957,9321,2282706.0,435108.15831
2025-05-26 14:00:00,0.18931,0.18953,0.18757,0.18851,6095105.0,2025-05-26 14:59:59.999,1149007.60049,10645,2566195.0,483658.57368
2025-05-26 15:00:00,0.18851,0.19029,0.18771,0.18958,3969904.0,2025-05-26 15:59:59.999,750922.0773,8409,1877572.0,355165.7863
2025-05-26 16:00:00,0.18959,0.19012,0.18662,0.18688,5618742.0,2025-05-26 16:59:59.999,1055135.21792,11702,2621146.0,492450.92359
2025-05-26 17:00:00,0.18688,0.18701,0.18435,0.18508,8278075.0,2025-05-26 17:59:59.999,1537585.28182,9836,3104351.0,576366.39285
2025-05-26 18:00:00,0.18508,0.18616,0.18451,0.18518,2817482.0,2025-05-26 18:59:59.999,522985.90291,5359,1444152.0,268104.09773
2025-05-26 19:00:00,0.18518,0.18581,0.18464,0.18517,2441841.0,2025-05-26 19:59:59.999,452128.23117,4606,1170871.0,216807.44489
2025-05-26 20:00:00,0.18516,0.18648,0.18423,0.18643,2613639.0,2025-05-26 20:59:59.999,484866.31696,5898,1540939.0,285913.55063
2025-05-26 21:00:00,0.1864,0.18647,0.18535,0.18602,1718438.0,2025-05-26 21:59:59.999,319514.52241,3042,825925.0,153525.9367
2025-05-26 22:00:00,0.18602,0.18704,0.18489,0.18507,2368099.0,2025-05-26 22:59:59.999,440337.52442,4451,1178714.0,219183.56848
2025-05-26 23:00:00,0.18506,0.18595,0.18444,0.18591,2108925.0,2025-05-26 23:59:59.999,390312.77346,4058,1077976.0,199541.8844
2025-05-27 00:00:00,0.18591,0.18666,0.18486,0.18494,2858486.0,2025-05-27 00:59:59.999,530576.1449,5393,1278697.0,237338.14277
2025-05-27 01:00:00,0.18495,0.18495,0.18215,0.18365,7545506.0,2025-05-27 01:59:59.999,1383651.36246,12741,3397570.0,622903.35484
2025-05-27 02:00:00,0.18365,0.18442,0.18336,0.18373,2340825.0,2025-05-27 02:59:59.999,430592.71183,4238,1107476.0,203796.56638
2025-05-27 03:00:00,0.18372,0.18525,0.18368,0.18398,2856933.0,2025-05-27 03:59:59.999,527286.42986,5798,1508562.0,278380.25747
2025-05-27 04:00:00,0.18399,0.18523,0.18386,0.18441,1932050.0,2025-05-27 04:59:59.999,356573.26273,4224,960992.0,177342.03924
2025-05-27 05:00:00,0.18442,0.18457,0.1831,0.18443,2218538.0,2025-05-27 05:59:59.999,407428.45184,4231,1170715.0,214927.49038
2025-05-27 06:00:00,0.18443,0.18649,0.18437,0.18481,6427389.0,2025-05-27 06:59:59.999,1193472.44843,8778,3350187.0,622012.43924
2025-05-27 07:00:00,0.18481,0.18696,0.18481,0.18633,3420026.0,2025-05-27 07:59:59.999,635988.97389,5296,1772380.0,329615.83099
2025-05-27 08:00:00,0.18634,0.18867,0.18634,0.18778,7708412.0,2025-05-27 08:59:59.999,1445834.78219,9155,3960877.0,743266.43315
2025-05-27 09:00:00,0.18779,0.18865,0.18726,0.18838,5897752.0,2025-05-27 09:59:59.999,1108133.39431,6534,3395736.0,638376.77579
2025-05-27 10:00:00,0.18839,0.18875,0.1877,0.18855,2514574.0,2025-05-27 10:59:59.999,473557.90052,4443,1318237.0,248247.13786
2025-05-27 11:00:00,0.18855,0.18857,0.18729,0.18838,4002054.0,2025-05-27 11:59:59.999,752697.22495,5155,1632447.0,307192.67023
2025-05-27 12:00:00,0.18837,0.18912,0.18797,0.18863,6330185.0,2025-05-27 12:59:59.999,1192771.06416,6121,3413010.0,643457.49431
2025-05-27 13:00:00,0.18863,0.192,0.18863,0.18933,10031716.0,2025-05-27 13:59:59.999,1909250.28258,16226,5111589.0,972725.2388
2025-05-27 14:00:00,0.18932,0.18993,0.1868,0.18822,6327889.0,2025-05-27 14:59:59.999,1192707.79255,12167,3144732.0,592875.41707
2025-05-27 15:00:00,0.18822,0.19,0.18752,0.18989,5166857.0,2025-05-27 15:59:59.999,975457.6359,8337,2529616.0,477943.8907
2025-05-27 16:00:00,0.18989,0.19084,0.18943,0.19012,5235558.0,2025-05-27 16:59:59.999,995285.72254,8546,2572963.0,489279.90461
2025-05-27 17:00:00,0.19013,0.19174,0.19011,0.1908,4292141.0,2025-05-27 17:59:59.999,819254.47803,7080,2439895.0,465688.97746
2025-05-27 18:00:00,0.19081,0.19148,0.19059,0.19059,3692539.0,2025-05-27 18:59:59.999,705264.14704,5999,2050715.0,391664.42204
2025-05-27 19:00:00,0.19058,0.19063,0.18934,0.18981,6106814.0,2025-05-27 19:59:59.999,1160111.54652,8116,2076667.0,394746.02045
2025-05-27 20:00:00,0.18982,0.19121,0.18975,0.19035,2543360.0,2025-05-27 20:59:59.999,484500.18832,6023,1290994.0,245859.11292
2025-05-27 21:00:00,0.19034,0.19068,0.18813,0.18871,3425427.0,2025-05-27 21:59:59.999,648129.73008,5207,1192218.0,225720.64488
2025-05-27 22:00:00,0.18872,0.1891,0.18719,0.18742,3170029.0,2025-05-27 22:59:59.999,595627.48515,6292,1086369.0,204140.14141
2025-05-27 23:00:00,0.18742,0.18754,0.18613,0.18722,3833963.0,2025-05-27 23:59:59.999,716774.86736,4956,1995363.0,373088.49288
2025-05-28 00:00:00,0.18723,0.18837,0.18566,0.18825,2783811.0,2025-05-28 00:59:59.999,520209.39341,6425,1489033.0,278461.39306
2025-05-28 01:00:00,0.18826,0.18844,0.18656,0.1867,2634128.0,2025-05-28 01:59:59.999,493767.41623,6051,1201527.0,225274.70267
2025-05-28 02:00:00,0.18669,0.18703,0.18532,0.18636,3382369.0,2025-05-28 02:59:59.999,629740.27003,7334,1510145.0,281192.46897
2025-05-28 03:00:00,0.18636,0.18722,0.18593,0.18705,2027000.0,2025-05-28 03:59:59.999,377983.65869,4545,1089960.0,203295.93143
2025-05-28 04:00:00,0.18704,0.18762,0.1859,0.1872,1668116.0,2025-05-28 04:59:59.999,311605.66147,3342,880804.0,164648.19984
2025-05-28 05:00:00,0.18719,0.18781,0.18654,0.18715,1799697.0,2025-05-28 05:59:59.999,336811.02086,3458,978799.0,183109.58239
2025-05-28 06:00:00,0.18715,0.18718,0.18517,0.18529,2885181.0,2025-05-28 06:59:59.999,536224.8423,5952,1417996.0,263572.44317
2025-05-28 07:00:00,0.18529,0.18647,0.18506,0.18566,4816493.0,2025-05-28 07:59:59.999,895692.60398,4456,1926055.0,358062.6851
2025-05-28 08:00:00,0.18567,0.18689,0.18508,0.18688,2858382.0,2025-05-28 08:59:59.999,531360.68849,5017,1383269.0,257315.84916
2025-05-28 09:00:00,0.18688,0.18695,0.18456,0.18458,3898428.0,2025-05-28 09:59:59.999,722779.41679,6362,1554959.0,288437.86991
2025-05-28 10:00:00,0.18457,0.1863,0.18368,0.18616,3027649.0,2025-05-28 10:59:59.999,560287.90363,5748,1538344.0,284813.71461
2025-05-28 11:00:00,0.18618,0.18711,0.18601,0.18688,3119670.0,2025-05-28 11:59:59.999,582187.27965,4132,1475258.0,275197.65236
2025-05-28 12:00:00,0.18689,0.18849,0.18657,0.18747,4296904.0,2025-05-28 12:59:59.999,806558.11666,6462,2328051.0,437342.1765
2025-05-28 13:00:00,0.18747,0.18787,0.18509,0.18522,5068015.0,2025-05-28 13:59:59.999,944690.61388,10981,2151528.0,401278.95354
2025-05-28 14:00:00,0.18521,0.18557,0.18312,0.18313,7880886.0,2025-05-28 14:59:59.999,1452066.91673,15094,2706655.0,498843.35825
2025-05-28 15:00:00,0.18312,0.1839,0.18174,0.1826,6935561.0,2025-05-28 15:59:59.999,1268124.93796,11004,3309343.0,605257.53171
2025-05-28 16:00:00,0.18261,0.18415,0.18261,0.18415,2157987.0,2025-05-28 16:59:59.999,395966.83196,5613,990387.0,181787.36903
2025-05-28 17:00:00,0.18415,0.18538,0.183,0.18363,4313382.0,2025-05-28 17:59:59.999,794713.03927,6912,2121565.0,391137.25331
2025-05-28 18:00:00,0.18362,0.1846,0.18215,0.18239,3584297.0,2025-05-28 18:59:59.999,656479.40299,6227,1377993.0,252603.81849
2025-05-28 19:00:00,0.18239,0.18339,0.18119,0.18129,2847701.0,2025-05-28 19:59:59.999,518409.92433,6666,1240336.0,225876.20155
2025-05-28 20:00:00,0.18129,0.18328,0.18123,0.18317,3215236.0,2025-05-28 20:59:59.999,585889.40655,6173,1659101.0,302275.18858
2025-05-28 21:00:00,0.1832,0.18399,0.18278,0.18392,1686241.0,2025-05-28 21:59:59.999,309087.18961,2748,680158.0,124673.51543
2025-05-28 22:00:00,0.18389,0.18399,0.18283,0.18368,1370420.0,2025-05-28 22:59:59.999,251388.87285,3036,747013.0,137022.83056
2025-05-28 23:00:00,0.18368,0.18613,0.18363,0.18601,3253727.0,2025-05-28 23:59:59.999,602825.82798,6493,1689450.0,312819.06131
2025-05-29 00:00:00,0.18603,0.18978,0.18534,0.18946,7128834.0,2025-05-29 00:59:59.999,1336372.77554,10600,3829482.0,718887.82243
2025-05-29 01:00:00,0.18945,0.18955,0.18738,0.18839,5065132.0,2025-05-29 01:59:59.999,954921.27254,8256,2415359.0,455273.66763
2025-05-29 02:00:00,0.18838,0.19065,0.18746,0.1906,6285035.0,2025-05-29 02:59:59.999,1191004.19932,8042,4011647.0,760643.64259
2025-05-29 03:00:00,0.19059,0.19068,0.18748,0.1885,5846199.0,2025-05-29 03:59:59.999,1105273.14358,8856,2673814.0,505770.37043
2025-05-29 04:00:00,0.1885,0.18869,0.18434,0.18589,6469160.0,2025-05-29 04:59:59.999,1206212.60907,10988,3163285.0,589297.88182
2025-05-29 05:00:00,0.1859,0.18612,0.18523,0.1856,2669201.0,2025-05-29 05:59:59.999,495707.92485,5703,1138266.0,211394.83307
2025-05-29 06:00:00,0.18559,0.1859,0.18493,0.18544,2345880.0,2025-05-29 06:59:59.999,435025.51658,4218,1241589.0,230240.27848
2025-05-29 07:00:00,0.18545,0.18624,0.18484,0.18542,2796612.0,2025-05-29 07:59:59.999,518621.53299,4536,1580271.0,292964.00696
2025-05-29 08:00:00,0.18543,0.18645,0.18453,0.18626,4608217.0,2025-05-29 08:59:59.999,855655.90852,7059,2672179.0,496207.38587
2025-05-29 09:00:00,0.18625,0.18639,0.18565,0.1862,2610326.0,2025-05-29 09:59:59.999,485517.19241,4353,998840.0,185790.23327
2025-05-29 10:00:00,0.18621,0.18717,0.18541,0.1869,2182488.0,2025-05-29 10:59:59.999,406684.74721,4825,1390299.0,259143.3924
2025-05-29 11:00:00,0.1869,0.18747,0.18631,0.1873,3052508.0,2025-05-29 11:59:59.999,570471.18316,5143,1670229.0,312187.55001
2025-05-29 12:00:00,0.18729,0.18729,0.18449,0.18502,5043271.0,2025-05-29 12:59:59.999,935902.7974,8930,1889829.0,350672.97575
2025-05-29 13:00:00,0.18502,0.18579,0.18303,0.18333,6576391.0,2025-05-29 13:59:59.999,1211180.98474,10647,2920802.0,538111.58293
2025-05-29 14:00:00,0.18332,0.18381,0.18089,0.18336,11302466.0,2025-05-29 14:59:59.999,2060617.5123,16397,5866636.0,1069832.1502
2025-05-29 15:00:00,0.18335,0.18378,0.18129,0.18161,4831756.0,2025-05-29 15:59:59.999,881720.98022,8184,2007954.0,366677.42642
2025-05-29 16:00:00,0.18162,0.18258,0.18011,0.18046,5319824.0,2025-05-29 16:59:59.999,963413.04981,8367,1734168.0,314277.55896
2025-05-29 17:00:00,0.18044,0.18208,0.18002,0.18115,6016993.0,2025-05-29 17:59:59.999,1088680.23851,10193,2876037.0,520457.95735
2025-05-29 18:00:00,0.18115,0.1821,0.17968,0.18043,5125494.0,2025-05-29 18:59:59.999,926804.99165,7863,2043958.0,369876.55592
2025-05-29 19:00:00,0.18043,0.18094,0.17877,0.17997,7557146.0,2025-05-29 19:59:59.999,1356702.03425,11744,3100256.0,556741.02965
2025-05-29 20:00:00,0.17998,0.18138,0.17998,0.18112,4919779.0,2025-05-29 20:59:59.999,888965.9643,6671,2792467.0,504536.5326
2025-05-29 21:00:00,0.18111,0.18211,0.1811,0.18199,2353637.0,2025-05-29 21:59:59.999,427258.71942,3441,1007721.0,182994.77536
2025-05-29 22:00:00,0.182,0.18222,0.1809,0.18092,3366632.0,2025-05-29 22:59:59.999,612038.9182,4164,2160329.0,392896.1318
2025-05-29 23:00:00,0.18094,0.18116,0.17872,0.17964,5661792.0,2025-05-29 23:59:59.999,1017569.21339,7948,2430164.0,436556.05235
2025-05-30 00:00:00,0.17962,0.1806,0.17158,0.17338,21640263.0,2025-05-30 00:59:59.999,3806236.04028,28591,10139205.0,1783734.21762
2025-05-30 01:00:00,0.17339,0.17717,0.17264,0.17625,9807633.0,2025-05-30 01:59:59.999,1717774.3618,18246,5068958.0,887810.97963
2025-05-30 02:00:00,0.17625,0.17843,0.1761,0.1779,4676738.0,2025-05-30 02:59:59.999,829883.64171,7950,2235694.0,396607.30571
2025-05-30 03:00:00,0.17789,0.17863,0.17748,0.17764,2051521.0,2025-05-30 03:59:59.999,365158.47587,4492,959557.0,170874.04722
2025-05-30 04:00:00,0.17764,0.17802,0.17661,0.1778,2549181.0,2025-05-30 04:59:59.999,451690.52171,4176,1377609.0,244058.6238
2025-05-30 05:00:00,0.1778,0.17852,0.17706,0.17763,2120244.0,2025-05-30 05:59:59.999,377121.68543,4552,956885.0,170193.66677
2025-05-30 06:00:00,0.17762,0.1777,0.1743,0.17533,4912812.0,2025-05-30 06:59:59.999,863569.44427,7837,2195215.0,386024.0668
2025-05-30 07:00:00,0.17533,0.17656,0.1744,0.17447,6286456.0,2025-05-30 07:59:59.999,1101898.95277,10040,2634460.0,462306.03882
2025-05-30 08:00:00,0.17448,0.17533,0.17354,0.17453,5426184.0,2025-05-30 08:59:59.999,946524.92323,10842,2024534.0,353113.57334
2025-05-30 09:00:00,0.17452,0.17551,0.17311,0.17537,6690725.0,2025-05-30 09:59:59.999,1166601.89036,11002,2186175.0,381441.54109
2025-05-30 10:00:00,0.17537,0.1765,0.17445,0.17639,5539751.0,2025-05-30 10:59:59.999,973249.42803,7425,2988777.0,524849.94679
2025-05-30 11:00:00,0.17639,0.17731,0.17613,0.17644,3094710.0,2025-05-30 11:59:59.999,546795.23827,6113,1767703.0,312331.83034
2025-05-30 12:00:00,0.17644,0.17701,0.17452,0.17601,5744794.0,2025-05-30 12:59:59.999,1009737.9657,9794,2732402.0,480254.30754
2025-05-30 13:00:00,0.176,0.17668,0.17369,0.17375,5897549.0,2025-05-30 13:59:59.999,1032488.4823,12379,2247250.0,393522.94399
2025-05-30 14:00:00,0.17376,0.17535,0.17276,0.17489,6819015.0,2025-05-30 14:59:59.999,1187096.47634,13121,3247759.0,565378.54759
2025-05-30 15:00:00,0.17488,0.17611,0.17378,0.17378,6264876.0,2025-05-30 15:59:59.999,1096699.38266,9618,2957439.0,517987.27307
2025-05-30 16:00:00,0.17379,0.17405,0.1675,0.16872,22085736.0,2025-05-30 16:59:59.999,3747497.28471,33094,9032108.0,1531722.36511
2025-05-30 17:00:00,0.16874,0.17057,0.1685,0.17,12366231.0,2025-05-30 17:59:59.999,2093910.88545,14053,6167434.0,1043894.66868
2025-05-30 18:00:00,0.17002,0.17221,0.16975,0.172,6965732.0,2025-05-30 18:59:59.999,1193255.44547,10557,3262144.0,558814.82907
2025-05-30 19:00:00,0.172,0.17256,0.17121,0.17155,3184414.0,2025-05-30 19:59:59.999,547348.27996,6089,1124002.0,193206.4888
2025-05-30 20:00:00,0.17154,0.17196,0.17053,0.17091,3495378.0,2025-05-30 20:59:59.999,597993.16151,5034,1167205.0,199720.99043
2025-05-30 21:00:00,0.17091,0.17194,0.17039,0.17066,2708628.0,2025-05-30 21:59:59.999,463998.62023,3773,944461.0,161875.64782
2025-05-30 22:00:00,0.17066,0.17123,0.1663,0.16647,7323733.0,2025-05-30 22:59:59.999,1236038.75202,12928,3027357.0,510378.84777
2025-05-30 23:00:00,0.16648,0.16796,0.16512,0.16725,10496754.0,2025-05-30 23:59:59.999,1751368.49157,23079,5041056.0,841063.96142
2025-05-31 00:00:00,0.16727,0.16743,0.16161,0.16353,15637864.0,2025-05-31 00:59:59.999,2573562.46768,34279,7764491.0,1278947.76922
2025-05-31 01:00:00,0.16354,0.16516,0.16095,0.16298,13260416.0,2025-05-31 01:59:59.999,2160769.54918,34718,6227717.0,1015266.57549
2025-05-31 02:00:00,0.16296,0.16476,0.16198,0.16229,7845104.0,2025-05-31 02:59:59.999,1281806.67838,14512,3944173.0,645121.67732
2025-05-31 03:00:00,0.1623,0.16413,0.16134,0.16368,5902481.0,2025-05-31 03:59:59.999,960124.79897,14990,3101525.0,504369.16589
2025-05-31 04:00:00,0.16369,0.16454,0.16245,0.16437,4746347.0,2025-05-31 04:59:59.999,776000.12712,9706,2498226.0,408829.1794
2025-05-31 05:00:00,0.16435,0.16452,0.16275,0.16279,3367522.0,2025-05-31 05:59:59.999,550822.98967,5597,1531260.0,250397.85699
2025-05-31 06:00:00,0.1628,0.16421,0.16265,0.16371,3157178.0,2025-05-31 06:59:59.999,516424.71953,4887,1983565.0,324522.54065
2025-05-31 07:00:00,0.16371,0.16375,0.16263,0.16293,2923462.0,2025-05-31 07:59:59.999,477414.17106,5778,1421764.0,232179.834
2025-05-31 08:00:00,0.16294,0.16374,0.16195,0.16333,4393319.0,2025-05-31 08:59:59.999,715826.04799,7262,2084004.0,339455.01525
2025-05-31 09:00:00,0.16333,0.16381,0.1618,0.16279,4096695.0,2025-05-31 09:59:59.999,667623.83184,6475,2622023.0,427595.55145
2025-05-31 10:00:00,0.16278,0.16417,0.16152,0.16228,3799212.0,2025-05-31 10:59:59.999,618309.56876,8709,1761569.0,286798.28889
2025-05-31 11:00:00,0.16228,0.16245,0.16095,0.1618,2985747.0,2025-05-31 11:59:59.999,482172.0009,4919,1680345.0,271317.65386
2025-05-31 12:00:00,0.1618,0.16463,0.16157,0.16448,5397706.0,2025-05-31 12:59:59.999,881643.16227,8418,2759287.0,450516.24196
2025-05-31 13:00:00,0.16447,0.16595,0.16379,0.1644,10286943.0,2025-05-31 13:59:59.999,1696045.54363,15565,4435163.0,731709.67847
2025-05-31 14:00:00,0.16439,0.16653,0.16433,0.16645,4601456.0,2025-05-31 14:59:59.999,762148.29859,7632,2261544.0,374636.57634
2025-05-31 15:00:00,0.16644,0.16804,0.16631,0.16734,6113374.0,2025-05-31 15:59:59.999,1021606.18449,8679,3244444.0,541916.60727
2025-05-31 16:00:00,0.16735,0.17025,0.16681,0.16927,10286400.0,2025-05-31 16:59:59.999,1738577.41899,11270,5671888.0,959057.57871
2025-05-31 17:00:00,0.16926,0.16926,0.167,0.16745,7520682.0,2025-05-31 17:59:59.999,1266138.85049,9616,3286951.0,553636.58905
2025-05-31 18:00:00,0.16745,0.16858,0.16719,0.16779,3566252.0,2025-05-31 18:59:59.999,598767.4642,5453,1721653.0,289074.60228
2025-05-31 19:00:00,0.16779,0.16897,0.16761,0.16787,1874125.0,2025-05-31 19:59:59.999,315331.95955,4018,1009660.0,169863.25042
2025-05-31 20:00:00,0.16787,0.16843,0.16741,0.16842,1965825.0,2025-05-31 20:59:59.999,330193.50018,3125,877892.0,147498.10375
2025-05-31 21:00:00,0.16842,0.16909,0.16783,0.16827,3638700.0,2025-05-31 21:59:59.999,613092.881,3886,1583149.0,266734.97856
2025-05-31 22:00:00,0.16828,0.16842,0.16721,0.16722,1890284.0,2025-05-31 22:59:59.999,316910.14155,2998,437904.0,73466.10501
2025-05-31 23:00:00,0.16722,0.16847,0.16708,0.16742,3040728.0,2025-05-31 23:59:59.999,510020.74108,3529,1602460.0,268687.35216
2025-06-01 00:00:00,0.16743,0.1675,0.16643,0.16699,3264165.0,2025-06-01 00:59:59.999,544696.70472,4364,1446211.0,241355.16228
2025-06-01 01:00:00,0.16697,0.16806,0.16546,0.16634,2386306.0,2025-06-01 01:59:59.999,398004.45791,4790,1115100.0,185988.17631
2025-06-01 02:00:00,0.16633,0.1673,0.16548,0.16694,2853836.0,2025-06-01 02:59:59.999,474486.936,5351,1601410.0,266228.51932
2025-06-01 03:00:00,0.16695,0.16762,0.16594,0.16719,1663162.0,2025-06-01 03:59:59.999,277570.83399,3528,761166.0,126994.35581
2025-06-01 04:00:00,0.16719,0.16958,0.16673,0.16933,9224750.0,2025-06-01 04:59:59.999,1553271.01242,7027,5704546.0,960264.80798
2025-06-01 05:00:00,0.16933,0.16979,0.16883,0.16916,1618212.0,2025-06-01 05:59:59.999,273995.51807,3138,885699.0,149972.3146
2025-06-01 06:00:00,0.16916,0.1692,0.16785,0.16791,3124682.0,2025-06-01 06:59:59.999,526985.40781,4146,1374553.0,231901.30657
2025-06-01 07:00:00,0.16791,0.16843,0.1673,0.16806,2380627.0,2025-06-01 07:59:59.999,399954.03096,3606,1112695.0,186874.0268
2025-06-01 08:00:00,0.16807,0.16828,0.16647,0.16703,2998640.0,2025-06-01 08:59:59.999,500964.51604,5357,1114030.0,186165.23764
2025-06-01 09:00:00,0.16704,0.16755,0.16399,0.1653,5296490.0,2025-06-01 09:59:59.999,875630.63023,8999,2507743.0,414505.76266
2025-06-01 10:00:00,0.1653,0.16594,0.16496,0.16581,3793080.0,2025-06-01 10:59:59.999,627857.62652,5631,1392566.0,230436.34844
2025-06-01 11:00:00,0.1658,0.16691,0.16524,0.1663,3187330.0,2025-06-01 11:59:59.999,529278.29999,4098,1307812.0,217123.57588
2025-06-01 12:00:00,0.16631,0.16643,0.16438,0.16505,2091746.0,2025-06-01 12:59:59.999,345813.8374,4527,890856.0,147286.27823
2025-06-01 13:00:00,0.16505,0.16658,0.16473,0.16598,1863313.0,2025-06-01 13:59:59.999,309037.96451,3768,1020655.0,169263.79239
2025-06-01 14:00:00,0.16598,0.16794,0.16598,0.16696,3105780.0,2025-06-01 14:59:59.999,519231.32266,5277,2005759.0,335310.23836
2025-06-01 15:00:00,0.16695,0.16772,0.1666,0.16732,1956744.0,2025-06-01 15:59:59.999,327300.84256,3968,924248.0,154599.76518
2025-06-01 16:00:00,0.1673,0.16938,0.16713,0.16855,7015946.0,2025-06-01 16:59:59.999,1182785.03023,10127,3834110.0,646224.24789
2025-06-01 17:00:00,0.16856,0.16884,0.16807,0.16834,2882627.0,2025-06-01 17:59:59.999,485601.25642,4439,1105377.0,186216.50952
2025-06-01 18:00:00,0.16835,0.16835,0.16568,0.16678,3465557.0,2025-06-01 18:59:59.999,577937.89427,5540,1914812.0,319239.08024
2025-06-01 19:00:00,0.16678,0.1681,0.16672,0.16799,2936301.0,2025-06-01 19:59:59.999,491522.13258,4203,1480163.0,247770.37734
2025-06-01 20:00:00,0.16799,0.16857,0.16736,0.16745,1661422.0,2025-06-01 20:59:59.999,279162.28251,3334,822369.0,138198.1538
2025-06-01 21:00:00,0.16745,0.16897,0.16729,0.16854,2351292.0,2025-06-01 21:59:59.999,395581.44589,2935,1256989.0,211534.89679
2025-06-01 22:00:00,0.16853,0.16926,0.16794,0.1682,1943312.0,2025-06-01 22:59:59.999,327752.84978,4572,939833.0,158520.83323
2025-06-01 23:00:00,0.1682,0.16926,0.16819,0.16871,1261852.0,2025-06-01 23:59:59.999,212998.13201,3033,747081.0,126102.09408
2025-06-02 00:00:00,0.16871,0.16919,0.16826,0.16864,1369388.0,2025-06-02 00:59:59.999,230988.97627,4717,687927.0,116035.88175
2025-06-02 01:00:00,0.16866,0.1701,0.16858,0.16925,2893969.0,2025-06-02 01:59:59.999,490282.4373,5391,1494572.0,253303.53942
2025-06-02 02:00:00,0.16924,0.16993,0.1688,0.16944,3625660.0,2025-06-02 02:59:59.999,613956.4956,6277,1876918.0,317796.77498
2025-06-02 03:00:00,0.16945,0.1708,0.16796,0.16934,6611479.0,2025-06-02 03:59:59.999,1119649.74919,8402,3474819.0,588696.5835
2025-06-02 04:00:00,0.16933,0.17044,0.16847,0.16864,3149304.0,2025-06-02 04:59:59.999,533997.30023,4804,1330754.0,225638.06261
2025-06-02 05:00:00,0.16865,0.16941,0.16828,0.16887,2461874.0,2025-06-02 05:59:59.999,415621.79332,4230,1197889.0,202185.67631
2025-06-02 06:00:00,0.16887,0.17044,0.16842,0.17001,4764774.0,2025-06-02 06:59:59.999,808247.06665,5202,1918639.0,325416.82815
2025-06-02 07:00:00,0.17,0.1713,0.16976,0.16996,3146270.0,2025-06-02 07:59:59.999,536953.12531,4561,1689475.0,288272.53739
2025-06-02 08:00:00,0.16995,0.17105,0.16909,0.16944,4709131.0,2025-06-02 08:59:59.999,801690.35019,6885,2652770.0,451711.8599
2025-06-02 09:00:00,0.16945,0.17038,0.16843,0.16882,6502998.0,2025-06-02 09:59:59.999,1102964.4017,8095,3752109.0,636579.70261
2025-06-02 10:00:00,0.16882,0.1689,0.16731,0.16792,5274185.0,2025-06-02 10:59:59.999,886517.83721,6029,2300696.0,386898.8498
2025-06-02 11:00:00,0.16792,0.1687,0.16764,0.16801,3010673.0,2025-06-02 11:59:59.999,506272.5298,4350,1147764.0,192990.79159
2025-06-02 12:00:00,0.168,0.16925,0.16746,0.16875,3383093.0,2025-06-02 12:59:59.999,569532.21605,5645,1687374.0,284063.91518
2025-06-02 13:00:00,0.16873,0.16953,0.16785,0.16822,3128121.0,2025-06-02 13:59:59.999,527280.59658,7082,1646590.0,277563.95813
2025-06-02 14:00:00,0.1682,0.16979,0.16764,0.16872,4670168.0,2025-06-02 14:59:59.999,787736.11222,8839,2202771.0,371518.36079
2025-06-02 15:00:00,0.16873,0.16953,0.16813,0.16893,2422994.0,2025-06-02 15:59:59.999,408897.91371,5209,1351195.0,227989.2967
2025-06-02 16:00:00,0.16894,0.16899,0.16772,0.16843,1979960.0,2025-06-02 16:59:59.999,333202.88327,4344,956573.0,160952.22582
2025-06-02 17:00:00,0.16845,0.16876,0.16765,0.16854,2008122.0,2025-06-02 17:59:59.999,337928.9781,4288,825632.0,138887.90936
2025-06-02 18:00:00,0.16853,0.16986,0.16789,0.16819,2440392.0,2025-06-02 18:59:59.999,412086.59457,4983,1091163.0,184196.0832
2025-06-02 19:00:00,0.16818,0.16877,0.16649,0.16766,2644144.0,2025-06-02 19:59:59.999,442707.43625,4546,1256590.0,210397.19141
2025-06-02 20:00:00,0.16766,0.17008,0.16766,0.16998,3793641.0,2025-06-02 20:59:59.999,642341.15668,5770,2239640.0,379188.07672
2025-06-02 21:00:00,0.16999,0.1716,0.16995,0.17088,4658433.0,2025-06-02 21:59:59.999,796018.15893,5176,2595040.0,443298.98493
2025-06-02 22:00:00,0.17086,0.17263,0.17086,0.17148,4756150.0,2025-06-02 22:59:59.999,817234.84868,7074,2473676.0,425126.51127
2025-06-02 23:00:00,0.17149,0.17215,0.17127,0.1714,2472996.0,2025-06-02 23:59:59.999,424296.04361,4776,1464643.0,251293.37824
2025-06-03 00:00:00,0.17139,0.17311,0.17136,0.17231,4960445.0,2025-06-03 00:59:59.999,854635.74932,7806,2767218.0,476796.71603
2025-06-03 01:00:00,0.17232,0.1739,0.17203,0.17367,3474170.0,2025-06-03 01:59:59.999,601732.56922,5980,2053462.0,355721.51078
2025-06-03 02:00:00,0.17366,0.17394,0.17254,0.17277,3569481.0,2025-06-03 02:59:59.999,618893.4719,5850,1556363.0,269766.53795
2025-06-03 03:00:00,0.17276,0.17299,0.17123,0.17214,2905866.0,2025-06-03 03:59:59.999,499568.11677,4140,1143976.0,196524.77238
2025-06-03 04:00:00,0.17214,0.17232,0.17097,0.17126,2567316.0,2025-06-03 04:59:59.999,440288.47027,3849,909608.0,155956.05078
2025-06-03 05:00:00,0.17127,0.17329,0.17124,0.17301,3047031.0,2025-06-03 05:59:59.999,525117.12481,3497,1700544.0,293190.40524
2025-06-03 06:00:00,0.173,0.17353,0.17269,0.17352,1640788.0,2025-06-03 06:59:59.999,283919.31071,2383,1058282.0,183149.7499
2025-06-03 07:00:00,0.17352,0.1736,0.17212,0.17223,2226335.0,2025-06-03 07:59:59.999,384639.5319,3167,857784.0,148179.2619
2025-06-03 08:00:00,0.17224,0.1724,0.17092,0.17171,2086000.0,2025-06-03 08:59:59.999,357686.04378,3583,856732.0,146955.9291
2025-06-03 09:00:00,0.17172,0.17287,0.17163,0.17245,1800708.0,2025-06-03 09:59:59.999,309842.36224,2467,1071800.0,184395.49029
2025-06-03 10:00:00,0.17245,0.17367,0.17219,0.1735,2861779.0,2025-06-03 10:59:59.999,495498.60313,3424,1758059.0,304402.06768
2025-06-03 11:00:00,0.17352,0.1739,0.17302,0.17343,2335383.0,2025-06-03 11:59:59.999,405118.82656,3299,1279741.0,221997.8466
2025-06-03 12:00:00,0.17343,0.17409,0.17306,0.17334,2028930.0,2025-06-03 12:59:59.999,352089.14949,3429,1029732.0,178699.87679
2025-06-03 13:00:00,0.17335,0.17466,0.17306,0.17433,6259340.0,2025-06-03 13:59:59.999,1089386.32551,8139,3404430.0,592562.60794
2025-06-03 14:00:00,0.17434,0.17522,0.17324,0.17498,4661705.0,2025-06-03 14:59:59.999,813181.07086,8005,2567173.0,448017.57734
2025-06-03 15:00:00,0.175,0.17547,0.17441,0.17487,3898172.0,2025-06-03 15:59:59.999,682014.33698,6350,2210258.0,386806.82079
2025-06-03 16:00:00,0.17488,0.17535,0.17385,0.17398,2897632.0,2025-06-03 16:59:59.999,506282.12995,5721,1473251.0,257494.66773
2025-06-03 17:00:00,0.17398,0.17483,0.1737,0.17427,3028480.0,2025-06-03 17:59:59.999,527374.27712,4743,1671513.0,291156.19424
2025-06-03 18:00:00,0.17426,0.17436,0.1732,0.17393,2467799.0,2025-06-03 18:59:59.999,428678.57343,4141,1052349.0,182735.96814
2025-06-03 19:00:00,0.17394,0.17505,0.17393,0.17493,2107219.0,2025-06-03 19:59:59.999,367754.02277,3179,1537964.0,268318.88732
2025-06-03 20:00:00,0.17494,0.17498,0.17178,0.17261,3840988.0,2025-06-03 20:59:59.999,663988.26248,5981,1701681.0,293931.94892
2025-06-03 21:00:00,0.17262,0.17309,0.17091,0.17165,3553222.0,2025-06-03 21:59:59.999,611583.9466,4631,1875160.0,322823.10459
2025-06-03 22:00:00,0.17167,0.17329,0.1715,0.17288,2027316.0,2025-06-03 22:59:59.999,349704.97387,4314,1043346.0,179929.38767
2025-06-03 23:00:00,0.17288,0.17297,0.17166,0.17186,1824077.0,2025-06-03 23:59:59.999,313907.14328,3383,879472.0,151394.23692
2025-06-04 00:00:00,0.17185,0.17283,0.17132,0.1728,2255532.0,2025-06-04 00:59:59.999,388267.21575,4491,812320.0,139852.40504
2025-06-04 01:00:00,0.17281,0.1739,0.1728,0.17322,2305990.0,2025-06-04 01:59:59.999,399732.57248,4815,1297677.0,224938.73609
2025-06-04 02:00:00,0.17322,0.17393,0.17244,0.17253,1493952.0,2025-06-04 02:59:59.999,258716.74845,3788,727952.0,126045.00765
2025-06-04 03:00:00,0.17252,0.1737,0.17232,0.17297,1280836.0,2025-06-04 03:59:59.999,221801.83994,3378,554909.0,96092.41736
2025-06-04 04:00:00,0.17298,0.17322,0.17262,0.17296,1040171.0,2025-06-04 04:59:59.999,179884.13953,2785,459487.0,79464.15664
2025-06-04 05:00:00,0.17297,0.17321,0.17215,0.17221,1640040.0,2025-06-04 05:59:59.999,282967.50336,3049,764123.0,131807.58838
2025-06-04 06:00:00,0.17221,0.17273,0.17178,0.17201,1143418.0,2025-06-04 06:59:59.999,196785.69549,2960,419820.0,72260.09529
2025-06-04 07:00:00,0.17202,0.1725,0.17159,0.17193,2310681.0,2025-06-04 07:59:59.999,397407.23157,2901,743404.0,127848.84619
2025-06-04 08:00:00,0.17194,0.17361,0.17194,0.17327,3922739.0,2025-06-04 08:59:59.999,678943.56954,3704,2245821.0,388907.38059
2025-06-04 09:00:00,0.17328,0.17358,0.17248,0.17349,1743108.0,2025-06-04 09:59:59.999,301561.55172,3155,736167.0,127350.35096
2025-06-04 10:00:00,0.17349,0.17382,0.17169,0.17178,3385912.0,2025-06-04 10:59:59.999,584102.22624,4081,1180587.0,203718.68778
2025-06-04 11:00:00,0.17178,0.17211,0.17034,0.17043,2719274.0,2025-06-04 11:59:59.999,465333.53573,3989,1238432.0,212016.95799
2025-06-04 12:00:00,0.17044,0.17061,0.16921,0.16969,4027896.0,2025-06-04 12:59:59.999,684315.26284,4973,1273502.0,216443.5636
2025-06-04 13:00:00,0.16968,0.17062,0.169,0.16958,3056517.0,2025-06-04 13:59:59.999,519006.91448,4742,1231320.0,209143.64121
2025-06-04 14:00:00,0.16958,0.17032,0.16838,0.17031,5067281.0,2025-06-04 14:59:59.999,856328.59048,5507,2321347.0,392154.11098
2025-06-04 15:00:00,0.17031,0.17154,0.17,0.17068,4885844.0,2025-06-04 15:59:59.999,834796.35558,5375,2840744.0,485365.62526
2025-06-04 16:00:00,0.17069,0.17079,0.16965,0.1705,2208449.0,2025-06-04 16:59:59.999,376022.00593,4019,1201693.0,204603.2157
2025-06-04 17:00:00,0.1705,0.17051,0.16858,0.16935,2432606.0,2025-06-04 17:59:59.999,411957.67048,4274,1027839.0,174105.36661
2025-06-04 18:00:00,0.16934,0.16981,0.16861,0.16881,1803895.0,2025-06-04 18:59:59.999,305136.97729,3392,770426.0,130393.2677
2025-06-04 19:00:00,0.16878,0.16916,0.16796,0.16797,1757568.0,2025-06-04 19:59:59.999,296413.91977,3801,838941.0,141512.11465
2025-06-04 20:00:00,0.16796,0.16822,0.1667,0.16701,6510384.0,2025-06-04 20:59:59.999,1089254.6713,7079,3091528.0,517381.9469
2025-06-04 21:00:00,0.167,0.16854,0.16628,0.16812,2684082.0,2025-06-04 21:59:59.999,448686.47646,4121,1076013.0,179851.06223
2025-06-04 22:00:00,0.16811,0.16834,0.16738,0.16745,1880267.0,2025-06-04 22:59:59.999,315451.80932,4571,800155.0,134257.5814
2025-06-04 23:00:00,0.16743,0.16771,0.16658,0.16708,1597624.0,2025-06-04 23:59:59.999,267120.43613,3824,911240.0,152365.83849
2025-06-05 00:00:00,0.16709,0.16826,0.1666,0.16811,2125145.0,2025-06-05 00:59:59.999,355871.47264,5543,936845.0,156833.28667
2025-06-05 01:00:00,0.16812,0.16881,0.16715,0.16761,1466242.0,2025-06-05 01:59:59.999,246463.75652,3647,712178.0,119723.97413
2025-06-05 02:00:00,0.16762,0.16923,0.16762,0.16856,4039392.0,2025-06-05 02:59:59.999,681245.275,5450,1880939.0,317115.74816
2025-06-05 03:00:00,0.16856,0.16863,0.16767,0.16827,2787989.0,2025-06-05 03:59:59.999,468765.79297,4134,1337079.0,224787.80928
2025-06-05 04:00:00,0.16828,0.16915,0.168,0.16898,1215549.0,2025-06-05 04:59:59.999,205009.99925,2987,701430.0,118289.44983
2025-06-05 05:00:00,0.16899,0.16909,0.16689,0.16738,1761573.0,2025-06-05 05:59:59.999,295349.05713,3630,833580.0,139746.76563
2025-06-05 06:00:00,0.16739,0.16761,0.16634,0.16639,4344400.0,2025-06-05 06:59:59.999,725676.9658,5703,1873805.0,313239.48161
2025-06-05 07:00:00,0.16639,0.16795,0.16633,0.16671,3440212.0,2025-06-05 07:59:59.999,575069.94288,5365,1879086.0,314133.6074
2025-06-05 08:00:00,0.16672,0.16731,0.16645,0.16706,1571881.0,2025-06-05 08:59:59.999,262423.58288,3857,847677.0,141527.66064
2025-06-05 09:00:00,0.16707,0.16789,0.167,0.16736,2112580.0,2025-06-05 09:59:59.999,353790.47024,3660,1041906.0,174556.12681
2025-06-05 10:00:00,0.16735,0.16744,0.16581,0.16669,2932054.0,2025-06-05 10:59:59.999,488019.22501,4527,1356723.0,225855.04521
2025-06-05 11:00:00,0.1667,0.16719,0.16634,0.1671,1614844.0,2025-06-05 11:59:59.999,269306.12979,3784,762771.0,127209.34209
2025-06-05 12:00:00,0.1671,0.1697,0.16694,0.16908,3536650.0,2025-06-05 12:59:59.999,596563.27045,6341,2071453.0,349521.47147
2025-06-05 13:00:00,0.16908,0.16963,0.16648,0.16678,5141373.0,2025-06-05 13:59:59.999,865740.99322,8837,2669264.0,449950.53032
2025-06-05 14:00:00,0.16677,0.16801,0.16537,0.16695,3777067.0,2025-06-05 14:59:59.999,629527.89985,8252,1644184.0,274084.25686
2025-06-05 15:00:00,0.16694,0.16817,0.16671,0.16747,2783484.0,2025-06-05 15:59:59.999,466186.14826,3938,1603581.0,268502.95743
2025-06-05 16:00:00,0.16746,0.16778,0.1652,0.16564,3847028.0,2025-06-05 16:59:59.999,638778.20002,8042,1827354.0,303555.14577
2025-06-05 17:00:00,0.16563,0.16666,0.16533,0.16566,3281636.0,2025-06-05 17:59:59.999,544544.70255,5136,1597186.0,265225.14261
2025-06-05 18:00:00,0.16565,0.16585,0.16361,0.16507,3709232.0,2025-06-05 18:59:59.999,611198.37005,7008,1511602.0,249239.5285
2025-06-05 19:00:00,0.16508,0.16522,0.16095,0.16215,10993821.0,2025-06-05 19:59:59.999,1784166.02852,16383,5454136.0,884940.86775
2025-06-05 20:00:00,0.16215,0.16237,0.15597,0.15626,20115836.0,2025-06-05 20:59:59.999,3194707.5494,34362,8846284.0,1405415.21382
2025-06-05 21:00:00,0.15626,0.16057,0.156,0.1603,13261120.0,2025-06-05 21:59:59.999,2100416.1885,17696,6892975.0,1091977.00209
2025-06-05 22:00:00,0.16031,0.16059,0.15799,0.16006,6106150.0,2025-06-05 22:59:59.999,971613.23346,11062,2652357.0,422305.30601
2025-06-05 23:00:00,0.16006,0.1604,0.15928,0.15944,3514485.0,2025-06-05 23:59:59.999,561819.23357,8378,1816008.0,290291.04342
2025-06-06 00:00:00,0.15944,0.16051,0.15852,0.16047,3671674.0,2025-06-06 00:59:59.999,585982.73366,8858,1884658.0,300834.74853
2025-06-06 01:00:00,0.16046,0.16082,0.15984,0.16068,2653146.0,2025-06-06 01:59:59.999,425823.86766,4737,872614.0,139983.37356
2025-06-06 02:00:00,0.16068,0.16229,0.16009,0.162,2617074.0,2025-06-06 02:59:59.999,421446.53708,5407,1193753.0,192316.45103
2025-06-06 03:00:00,0.16201,0.16329,0.16156,0.16304,2349964.0,2025-06-06 03:59:59.999,381964.68889,3870,1270857.0,206574.93513
2025-06-06 04:00:00,0.16304,0.16619,0.16267,0.16488,11414993.0,2025-06-06 04:59:59.999,1874954.89662,6803,8011039.0,1316602.26312
2025-06-06 05:00:00,0.16488,0.16495,0.16379,0.16422,1733861.0,2025-06-06 05:59:59.999,284958.94969,3437,917334.0,150831.00601
2025-06-06 06:00:00,0.16421,0.16506,0.16391,0.16395,2608658.0,2025-06-06 06:59:59.999,428519.65957,3382,939714.0,154395.72751
2025-06-06 07:00:00,0.16395,0.16489,0.16352,0.16386,1751426.0,2025-06-06 07:59:59.999,287485.38303,3584,780477.0,128085.70321
2025-06-06 08:00:00,0.16386,0.16488,0.16386,0.16434,2313688.0,2025-06-06 08:59:59.999,380753.99259,4075,1379310.0,226979.5289
2025-06-06 09:00:00,0.16435,0.16585,0.16428,0.16465,4930024.0,2025-06-06 09:59:59.999,813649.35004,6512,2309267.0,381356.28862
2025-06-06 10:00:00,0.16465,0.16528,0.16428,0.16472,1795635.0,2025-06-06 10:59:59.999,295866.87427,3430,857269.0,141205.06928
2025-06-06 11:00:00,0.16473,0.16547,0.16445,0.16465,4076056.0,2025-06-06 11:59:59.999,672188.56928,3804,2833143.0,467242.28993
2025-06-06 12:00:00,0.16465,0.167,0.16465,0.16534,4712111.0,2025-06-06 12:59:59.999,780963.47397,9368,2229908.0,369340.34487
2025-06-06 13:00:00,0.16534,0.169,0.16534,0.16758,6560102.0,2025-06-06 13:59:59.999,1098514.01945,9881,3754689.0,628686.49467
2025-06-06 14:00:00,0.16759,0.16846,0.16728,0.16823,4053478.0,2025-06-06 14:59:59.999,680274.55472,7427,2544613.0,426968.37175
2025-06-06 15:00:00,0.16823,0.169,0.16731,0.16799,3968783.0,2025-06-06 15:59:59.999,667501.31121,8568,2192028.0,368772.2967
2025-06-06 16:00:00,0.16798,0.16864,0.16699,0.16734,2338072.0,2025-06-06 16:59:59.999,392586.91381,6073,1234879.0,207349.71939
2025-06-06 17:00:00,0.16734,0.16736,0.16607,0.16663,3198041.0,2025-06-06 17:59:59.999,532870.01477,5538,1543908.0,257228.00493
2025-06-06 18:00:00,0.16664,0.16674,0.16374,0.1643,17766527.0,2025-06-06 18:59:59.999,2928604.85912,16685,12385418.0,2041701.0149
2025-06-06 19:00:00,0.16429,0.16471,0.16369,0.16429,3720313.0,2025-06-06 19:59:59.999,610531.19199,5582,2099003.0,344411.20371
2025-06-06 20:00:00,0.16429,0.16572,0.16405,0.16545,2323934.0,2025-06-06 20:59:59.999,383750.11341,4288,1265254.0,208978.40905
2025-06-06 21:00:00,0.16544,0.16576,0.16481,0.16545,2018474.0,2025-06-06 21:59:59.999,333949.25837,2351,526924.0,87082.1022
2025-06-06 22:00:00,0.16546,0.16558,0.16466,0.16543,2020754.0,2025-06-06 22:59:59.999,333396.64518,4249,1026257.0,169316.14208
2025-06-06 23:00:00,0.16542,0.16543,0.1643,0.1644,1464483.0,2025-06-06 23:59:59.999,241235.24925,2840,590851.0,97330.64003
2025-06-07 00:00:00,0.16441,0.16586,0.16377,0.16585,2343560.0,2025-06-07 00:59:59.999,386114.66359,3754,1068943.0,176280.61826
2025-06-07 01:00:00,0.16585,0.16605,0.16472,0.165,1247409.0,2025-06-07 01:59:59.999,206263.42922,3230,601939.0,99536.65427
2025-06-07 02:00:00,0.16499,0.16614,0.16475,0.16608,1552976.0,2025-06-07 02:59:59.999,256773.41323,2789,1037906.0,171667.33068
2025-06-07 03:00:00,0.16608,0.16751,0.16595,0.16744,2726112.0,2025-06-07 03:59:59.999,454707.39613,4197,1578853.0,263311.56489
2025-06-07 04:00:00,0.16745,0.1676,0.16687,0.16706,1691172.0,2025-06-07 04:59:59.999,282875.24892,2841,637274.0,106564.9756
2025-06-07 05:00:00,0.16707,0.16774,0.16665,0.16768,1305007.0,2025-06-07 05:59:59.999,218090.28991,2820,846615.0,141451.91706
2025-06-07 06:00:00,0.16768,0.1687,0.16709,0.16869,1542236.0,2025-06-07 06:59:59.999,258784.38329,2761,1005310.0,168731.49561
2025-06-07 07:00:00,0.16869,0.16893,0.16776,0.16887,2167501.0,2025-06-07 07:59:59.999,364873.35592,3381,1019877.0,171756.16156
2025-06-07 08:00:00,0.16887,0.1693,0.16786,0.1679,2268700.0,2025-06-07 08:59:59.999,382495.72785,3232,1125410.0,189941.86282
2025-06-07 09:00:00,0.1679,0.16838,0.16769,0.16812,3545829.0,2025-06-07 09:59:59.999,595634.11347,3070,1604453.0,269488.469
2025-06-07 10:00:00,0.16812,0.16979,0.16812,0.16959,2969615.0,2025-06-07 10:59:59.999,502233.60017,3974,1694025.0,286561.98219
2025-06-07 11:00:00,0.16959,0.16999,0.16926,0.16957,2511230.0,2025-06-07 11:59:59.999,426265.75959,3011,824050.0,139834.94029
2025-06-07 12:00:00,0.16957,0.16992,0.16914,0.1695,1532444.0,2025-06-07 12:59:59.999,259859.77686,3552,639303.0,108408.74447
2025-06-07 13:00:00,0.16951,0.17017,0.16931,0.16991,2198776.0,2025-06-07 13:59:59.999,373349.94113,3472,1147622.0,194881.19618
2025-06-07 14:00:00,0.16991,0.16993,0.16906,0.16919,1559991.0,2025-06-07 14:59:59.999,264318.81291,2890,602075.0,102035.15441
2025-06-07 15:00:00,0.1692,0.17017,0.16914,0.16934,4823007.0,2025-06-07 15:59:59.999,818059.31063,4389,2862011.0,485467.75611
2025-06-07 16:00:00,0.16935,0.1705,0.16935,0.16962,2798494.0,2025-06-07 16:59:59.999,475769.34546,4717,1587690.0,269911.74969
2025-06-07 17:00:00,0.16962,0.17002,0.16857,0.16881,1700965.0,2025-06-07 17:59:59.999,287957.43737,2605,701246.0,118688.59563
2025-06-07 18:00:00,0.1688,0.16975,0.16875,0.16947,1272872.0,2025-06-07 18:59:59.999,215502.97507,3196,705075.0,119384.63577
2025-06-07 19:00:00,0.16946,0.17006,0.16914,0.16939,1267298.0,2025-06-07 19:59:59.999,215105.55931,2353,494282.0,83865.41073
2025-06-07 20:00:00,0.1694,0.16981,0.16897,0.16911,2798428.0,2025-06-07 20:59:59.999,473815.72504,2617,815805.0,138111.31799
2025-06-07 21:00:00,0.16912,0.1697,0.16906,0.16949,1332079.0,2025-06-07 21:59:59.999,225583.09184,1451,597103.0,101089.47768
2025-06-07 22:00:00,0.16949,0.17029,0.16928,0.16963,2370598.0,2025-06-07 22:59:59.999,402827.31362,3015,1520590.0,258418.4557
2025-06-07 23:00:00,0.16963,0.16963,0.16844,0.16874,2639481.0,2025-06-07 23:59:59.999,445645.31427,3466,962452.0,162477.69918
2025-06-08 00:00:00,0.16874,0.16889,0.16767,0.16799,2083522.0,2025-06-08 00:59:59.999,350256.35805,2969,887594.0,149225.60767
2025-06-08 01:00:00,0.16799,0.16864,0.16762,0.16848,1322009.0,2025-06-08 01:59:59.999,222137.51424,2359,769601.0,129293.05139
2025-06-08 02:00:00,0.16848,0.16848,0.16787,0.16794,786902.0,2025-06-08 02:59:59.999,132242.52246,2290,429259.0,72137.32374
2025-06-08 03:00:00,0.16794,0.16805,0.16759,0.16773,711763.0,2025-06-08 03:59:59.999,119418.18693,1631,335905.0,56354.89918
2025-06-08 04:00:00,0.16773,0.16789,0.1671,0.16766,1473091.0,2025-06-08 04:59:59.999,246736.97785,1902,625519.0,104734.54424
2025-06-08 05:00:00,0.16767,0.16803,0.16723,0.16739,1173639.0,2025-06-08 05:59:59.999,196610.7599,1994,539912.0,90449.1608
2025-06-08 06:00:00,0.16739,0.16893,0.16739,0.16781,1411969.0,2025-06-08 06:59:59.999,237617.5079,2999,714324.0,120235.18703
2025-06-08 07:00:00,0.16782,0.16845,0.16753,0.16763,1092180.0,2025-06-08 07:59:59.999,183453.34457,2361,569829.0,95718.31654
2025-06-08 08:00:00,0.16764,0.16863,0.16764,0.16818,1663720.0,2025-06-08 08:59:59.999,279749.15803,3484,849270.0,142750.76754
2025-06-08 09:00:00,0.16819,0.16827,0.16647,0.16708,3426094.0,2025-06-08 09:59:59.999,572517.98504,6659,1114565.0,186294.02688
2025-06-08 10:00:00,0.16709,0.16731,0.16652,0.1672,1235184.0,2025-06-08 10:59:59.999,206144.76366,2892,705424.0,117722.01701
2025-06-08 11:00:00,0.16721,0.16887,0.16721,0.16876,2602076.0,2025-06-08 11:59:59.999,437577.90088,4163,1624917.0,273285.0001
2025-06-08 12:00:00,0.16877,0.16952,0.16837,0.16915,4829210.0,2025-06-08 12:59:59.999,816038.7888,5808,1963968.0,331976.16447
2025-06-08 13:00:00,0.16915,0.17137,0.16884,0.16978,6850466.0,2025-06-08 13:59:59.999,1167086.83485,8796,4293628.0,731352.71914
2025-06-08 14:00:00,0.16979,0.17062,0.1694,0.17055,2855797.0,2025-06-08 14:59:59.999,485606.84197,5506,1628015.0,276885.03615
2025-06-08 15:00:00,0.17056,0.17131,0.17017,0.17046,2413718.0,2025-06-08 15:59:59.999,412233.48897,4852,1214619.0,207467.24956
2025-06-08 16:00:00,0.17047,0.17225,0.1704,0.17128,4541133.0,2025-06-08 16:59:59.999,779334.77167,6083,2570423.0,441169.34083
2025-06-08 17:00:00,0.17129,0.17191,0.17066,0.17087,2247761.0,2025-06-08 17:59:59.999,384903.30112,3266,986987.0,169045.96516
2025-06-08 18:00:00,0.17086,0.17123,0.17058,0.17082,1385965.0,2025-06-08 18:59:59.999,236764.74816,2314,537769.0,91882.77973
2025-06-08 19:00:00,0.17082,0.1711,0.1702,0.17073,1673171.0,2025-06-08 19:59:59.999,285659.28801,2430,949019.0,162021.32239
2025-06-08 20:00:00,0.17072,0.17101,0.16987,0.17015,1974097.0,2025-06-08 20:59:59.999,336603.98676,2924,827366.0,141131.28284
2025-06-08 21:00:00,0.17016,0.17134,0.17001,0.17098,2256057.0,2025-06-08 21:59:59.999,384900.79906,2741,1329189.0,226702.47393
2025-06-08 22:00:00,0.17098,0.17111,0.16896,0.16927,4249817.0,2025-06-08 22:59:59.999,721958.5881,5824,1750031.0,297242.72736
2025-06-08 23:00:00,0.16927,0.16944,0.16869,0.1693,2080427.0,2025-06-08 23:59:59.999,351818.1389,4492,1110339.0,187818.0435
2025-06-09 00:00:00,0.16929,0.17025,0.16898,0.17022,4043817.0,2025-06-09 00:59:59.999,686532.44254,7969,2668709.0,453146.6226
2025-06-09 01:00:00,0.17022,0.17072,0.16954,0.17014,2344022.0,2025-06-09 01:59:59.999,399112.84231,4555,1357611.0,231169.68006
2025-06-09 02:00:00,0.17014,0.17077,0.16982,0.17049,3047459.0,2025-06-09 02:59:59.999,519130.45457,4712,1400891.0,238720.29205
2025-06-09 03:00:00,0.17049,0.17063,0.16944,0.17013,4514924.0,2025-06-09 03:59:59.999,767822.25831,4931,1750953.0,297690.51069
2025-06-09 04:00:00,0.17012,0.1702,0.16896,0.16906,1477884.0,2025-06-09 04:59:59.999,250712.54427,2385,596955.0,101311.30494
2025-06-09 05:00:00,0.16905,0.16915,0.16844,0.16852,2044923.0,2025-06-09 05:59:59.999,345112.0824,3256,840237.0,141791.22573
2025-06-09 06:00:00,0.16853,0.16903,0.16773,0.16889,3299763.0,2025-06-09 06:59:59.999,555505.64197,3501,2019687.0,339989.5921
2025-06-09 07:00:00,0.16888,0.16888,0.16761,0.1682,2440447.0,2025-06-09 07:59:59.999,410175.72171,4365,1192671.0,200467.71687
2025-06-09 08:00:00,0.1682,0.16918,0.16775,0.16917,2081521.0,2025-06-09 08:59:59.999,350704.23593,2940,1341319.0,226027.21175
2025-06-09 09:00:00,0.16918,0.17153,0.16895,0.17052,3864473.0,2025-06-09 09:59:59.999,658698.77171,6625,2050356.0,349555.67446
2025-06-09 10:00:00,0.17052,0.17217,0.17033,0.17161,4505550.0,2025-06-09 10:59:59.999,773116.286,8248,2373783.0,407173.63401
2025-06-09 11:00:00,0.17162,0.17183,0.17118,0.17156,2666996.0,2025-06-09 11:59:59.999,457460.1842,4624,1223452.0,209836.37832
2025-06-09 12:00:00,0.17157,0.17169,0.17044,0.17146,7396095.0,2025-06-09 12:59:59.999,1264433.54294,5203,3838903.0,656689.84785
2025-06-09 13:00:00,0.17145,0.17168,0.16938,0.16966,4275783.0,2025-06-09 13:59:59.999,728085.12166,6467,2059615.0,350723.59031
2025-06-09 14:00:00,0.16967,0.17154,0.16967,0.17068,3762777.0,2025-06-09 14:59:59.999,642446.33926,5954,2421919.0,413665.3832
2025-06-09 15:00:00,0.17069,0.17157,0.1704,0.17104,2835038.0,2025-06-09 15:59:59.999,485274.55711,4744,1887936.0,323376.19114
2025-06-09 16:00:00,0.17104,0.17294,0.17104,0.17219,5778950.0,2025-06-09 16:59:59.999,994730.1739,7022,2818831.0,485217.7987
2025-06-09 17:00:00,0.17218,0.17441,0.17215,0.17431,5231492.0,2025-06-09 17:59:59.999,907874.4228,7737,2844412.0,493444.34822
2025-06-09 18:00:00,0.17432,0.17542,0.17432,0.17503,4841065.0,2025-06-09 18:59:59.999,846288.6976,6778,2648115.0,462963.06988
2025-06-09 19:00:00,0.17503,0.17653,0.17467,0.17615,4752492.0,2025-06-09 19:59:59.999,835027.92629,7128,2419363.0,425042.07178
2025-06-09 20:00:00,0.17616,0.17696,0.17581,0.1762,4264296.0,2025-06-09 20:59:59.999,751045.39891,5489,2037727.0,358963.01935
2025-06-09 21:00:00,0.17621,0.17849,0.17621,0.178,8237511.0,2025-06-09 21:59:59.999,1460518.12858,8939,4001294.0,709652.77304
2025-06-09 22:00:00,0.17801,0.17888,0.17784,0.17872,4342260.0,2025-06-09 22:59:59.999,774937.11696,6942,2751482.0,491060.34512
2025-06-09 23:00:00,0.17873,0.17898,0.17723,0.17792,3900001.0,2025-06-09 23:59:59.999,694117.52288,6561,1561578.0,277943.36206
2025-06-10 00:00:00,0.17791,0.17921,0.17744,0.178,4688303.0,2025-06-10 00:59:59.999,835807.88677,10664,2731780.0,486992.95326
2025-06-10 01:00:00,0.17799,0.17922,0.17733,0.17906,4232615.0,2025-06-10 01:59:59.999,755048.12273,7458,2328667.0,415443.39721
2025-06-10 02:00:00,0.17907,0.17951,0.17812,0.17934,3607456.0,2025-06-10 02:59:59.999,645155.93505,5888,2238792.0,400400.27438
2025-06-10 03:00:00,0.17935,0.17969,0.17864,0.17914,2021754.0,2025-06-10 03:59:59.999,362338.16881,3363,1173080.0,210221.68356
2025-06-10 04:00:00,0.17913,0.17927,0.1779,0.17874,2202715.0,2025-06-10 04:59:59.999,392893.98438,3522,942809.0,168167.6298
2025-06-10 05:00:00,0.17874,0.1796,0.17741,0.17764,2941157.0,2025-06-10 05:59:59.999,524780.94815,5753,1274181.0,227517.39366
2025-06-10 06:00:00,0.17764,0.17772,0.17645,0.17711,3125262.0,2025-06-10 06:59:59.999,553568.15673,5508,1451823.0,257173.61803
2025-06-10 07:00:00,0.1771,0.17786,0.17642,0.17659,2997076.0,2025-06-10 07:59:59.999,530479.70293,5364,1336932.0,236713.51277
2025-06-10 08:00:00,0.1766,0.17704,0.17597,0.17626,2704580.0,2025-06-10 08:59:59.999,477019.47556,4367,1364073.0,240521.55906
2025-06-10 09:00:00,0.17626,0.17776,0.17596,0.1776,2645344.0,2025-06-10 09:59:59.999,467932.93838,4610,1572130.0,278154.19061
2025-06-10 10:00:00,0.17759,0.17787,0.17614,0.17719,2670642.0,2025-06-10 10:59:59.999,472469.22404,3987,1071465.0,189720.94225
2025-06-10 11:00:00,0.1772,0.18143,0.17648,0.18127,10732643.0,2025-06-10 11:59:59.999,1928867.68193,14531,5840282.0,1049352.07466
2025-06-10 12:00:00,0.18125,0.1839,0.18019,0.18337,8282411.0,2025-06-10 12:59:59.999,1510348.93613,11746,5560123.0,1014408.76855
2025-06-10 13:00:00,0.18337,0.18339,0.17947,0.18079,8329773.0,2025-06-10 13:59:59.999,1511360.67348,10542,2645535.0,479669.31673
2025-06-10 14:00:00,0.18079,0.1813,0.17866,0.17922,4503350.0,2025-06-10 14:59:59.999,809830.3261,9748,1619823.0,291274.11449
2025-06-10 15:00:00,0.17921,0.18059,0.17784,0.17934,4469225.0,2025-06-10 15:59:59.999,800690.12894,10064,2027643.0,363541.89245
2025-06-10 16:00:00,0.17934,0.18017,0.17843,0.17852,2418091.0,2025-06-10 16:59:59.999,433537.07909,5253,1307072.0,234312.3405
2025-06-10 17:00:00,0.17852,0.1798,0.17802,0.1786,1901940.0,2025-06-10 17:59:59.999,340050.56603,4248,766893.0,137174.1288
2025-06-10 18:00:00,0.17861,0.18099,0.1782,0.18051,3238567.0,2025-06-10 18:59:59.999,582030.90749,5803,1663543.0,299261.32035
2025-06-10 19:00:00,0.18052,0.18176,0.1791,0.17994,14311956.0,2025-06-10 19:59:59.999,2587191.94593,13225,7529004.0,1361055.99939
2025-06-10 20:00:00,0.17994,0.18035,0.179,0.18021,2352952.0,2025-06-10 20:59:59.999,422824.55405,6794,1291571.0,232173.47791
2025-06-10 21:00:00,0.18022,0.18067,0.17894,0.18001,3416126.0,2025-06-10 21:59:59.999,614244.37893,5904,1541878.0,277269.07677
2025-06-10 22:00:00,0.18001,0.1814,0.1798,0.18032,5342104.0,2025-06-10 22:59:59.999,964610.46241,8763,2683130.0,484612.37545
2025-06-10 23:00:00,0.18032,0.1806,0.17975,0.18013,2283119.0,2025-06-10 23:59:59.999,411222.31935,5113,1142384.0,205765.21466
2025-06-11 00:00:00,0.18014,0.18199,0.17996,0.18002,8017816.0,2025-06-11 00:59:59.999,1449914.03556,9778,4309549.0,779409.72018
2025-06-11 01:00:00,0.18001,0.18037,0.17889,0.17922,2814497.0,2025-06-11 01:59:59.999,505411.3603,5553,1039064.0,186599.33427
2025-06-11 02:00:00,0.17923,0.18035,0.17914,0.17941,1557777.0,2025-06-11 02:59:59.999,279850.82858,3920,859986.0,154483.62121
2025-06-11 03:00:00,0.1794,0.1806,0.17935,0.17986,1782685.0,2025-06-11 03:59:59.999,321067.38937,4993,887599.0,159850.40835
2025-06-11 04:00:00,0.17987,0.18022,0.17897,0.17969,1583428.0,2025-06-11 04:59:59.999,284290.77655,4077,731972.0,131473.55057
2025-06-11 05:00:00,0.1797,0.18003,0.17871,0.179,3395758.0,2025-06-11 05:59:59.999,608836.91301,6720,993550.0,178133.17437
2025-06-11 06:00:00,0.179,0.18017,0.17899,0.17997,1869713.0,2025-06-11 06:59:59.999,335614.25969,4455,1161043.0,208428.76827
2025-06-11 07:00:00,0.17999,0.18051,0.17909,0.18022,2843841.0,2025-06-11 07:59:59.999,511798.96006,5002,981022.0,176504.65072
2025-06-11 08:00:00,0.18022,0.18123,0.17968,0.18005,3953492.0,2025-06-11 08:59:59.999,714210.35068,6295,2246837.0,406024.07799
2025-06-11 09:00:00,0.18006,0.18036,0.17837,0.1787,4888873.0,2025-06-11 09:59:59.999,876197.42789,5617,2338258.0,419347.34137
2025-06-11 10:00:00,0.17872,0.18055,0.17862,0.18043,6535231.0,2025-06-11 10:59:59.999,1176374.60192,7886,4826930.0,869295.22565
2025-06-11 11:00:00,0.18044,0.18062,0.17846,0.17882,1852300.0,2025-06-11 11:59:59.999,332050.45376,3418,818817.0,146727.65435
2025-06-11 12:00:00,0.17883,0.18137,0.1786,0.18082,9969199.0,2025-06-11 12:59:59.999,1796969.44184,13793,5329935.0,960905.7021
2025-06-11 13:00:00,0.18083,0.18101,0.1781,0.17858,26978028.0,2025-06-11 13:59:59.999,4846229.9245,22362,14132830.0,2541043.8696
2025-06-11 14:00:00,0.17857,0.18051,0.17832,0.17914,6678917.0,2025-06-11 14:59:59.999,1198969.65497,19095,2429886.0,436384.06445
2025-06-11 15:00:00,0.17914,0.17979,0.17858,0.1795,5141186.0,2025-06-11 15:59:59.999,921310.82625,15846,2074691.0,371924.69942
2025-06-11 16:00:00,0.1795,0.17995,0.17687,0.17703,13680079.0,2025-06-11 16:59:59.999,2431583.11001,21461,7959421.0,1415065.78238
2025-06-11 17:00:00,0.17703,0.17795,0.17551,0.1759,9804823.0,2025-06-11 17:59:59.999,1732552.38346,15343,4301436.0,760323.26129
2025-06-11 18:00:00,0.1759,0.17672,0.1751,0.1756,5854825.0,2025-06-11 18:59:59.999,1029484.42292,13923,1868641.0,328819.94824
2025-06-11 19:00:00,0.1756,0.17605,0.17485,0.17518,5240457.0,2025-06-11 19:59:59.999,919003.62553,10141,1871327.0,328182.90552
2025-06-11 20:00:00,0.17517,0.17629,0.17473,0.17499,5092879.0,2025-06-11 20:59:59.999,893863.18883,9171,1641014.0,288153.13933
2025-06-11 21:00:00,0.17499,0.17597,0.1724,0.17264,8195310.0,2025-06-11 21:59:59.999,1425399.23854,11920,1988129.0,346041.23903
2025-06-11 22:00:00,0.17263,0.17264,0.17101,0.17194,7213267.0,2025-06-11 22:59:59.999,1238358.17471,12180,2821791.0,484598.40957
2025-06-11 23:00:00,0.17194,0.17319,0.17181,0.1729,3520251.0,2025-06-11 23:59:59.999,607152.30148,4419,1836997.0,316787.15598
2025-06-12 00:00:00,0.17289,0.17314,0.17162,0.17242,3259270.0,2025-06-12 00:59:59.999,562118.51736,5891,1497481.0,258355.57681
2025-06-12 01:00:00,0.17242,0.17246,0.17123,0.17233,3280019.0,2025-06-12 01:59:59.999,563554.9042,6515,1587637.0,272811.75538
2025-06-12 02:00:00,0.17232,0.17295,0.17211,0.17256,1977434.0,2025-06-12 02:59:59.999,341360.40405,4347,1040695.0,179660.67574
2025-06-12 03:00:00,0.17258,0.17272,0.17063,0.17085,4285996.0,2025-06-12 03:59:59.999,735299.99226,5852,1494563.0,256176.92376
2025-06-12 04:00:00,0.17086,0.1709,0.16948,0.17039,4156399.0,2025-06-12 04:59:59.999,706949.68645,5112,1830142.0,311230.93171
2025-06-12 05:00:00,0.17039,0.17049,0.16858,0.16996,8010563.0,2025-06-12 05:59:59.999,1359466.13965,8042,4374991.0,743265.72136
2025-06-12 06:00:00,0.16995,0.17035,0.16898,0.16954,2492727.0,2025-06-12 06:59:59.999,423054.91465,5026,1243270.0,210987.38476
2025-06-12 07:00:00,0.16953,0.17,0.16857,0.16903,3671243.0,2025-06-12 07:59:59.999,621150.5238,5788,1491210.0,252352.98924
2025-06-12 08:00:00,0.16903,0.16977,0.1683,0.16947,4658920.0,2025-06-12 08:59:59.999,787582.82304,6056,2499770.0,422494.56232
2025-06-12 09:00:00,0.16946,0.16962,0.16855,0.16897,3008557.0,2025-06-12 09:59:59.999,508442.60693,4003,1156150.0,195509.12298
2025-06-12 10:00:00,0.16897,0.16914,0.16751,0.16799,4423058.0,2025-06-12 10:59:59.999,743965.63146,6971,2376006.0,399679.51558
2025-06-12 11:00:00,0.16798,0.16803,0.16631,0.16677,4870068.0,2025-06-12 11:59:59.999,813201.9663,6774,2206325.0,368599.7046
2025-06-12 12:00:00,0.16678,0.17003,0.16641,0.1688,8491918.0,2025-06-12 12:59:59.999,1432472.18161,11425,4474973.0,754743.89692
2025-06-12 13:00:00,0.16879,0.17071,0.16872,0.1704,3377913.0,2025-06-12 13:59:59.999,573501.36784,7651,1911084.0,324534.02066
2025-06-12 14:00:00,0.1704,0.17096,0.16956,0.16963,3552119.0,2025-06-12 14:59:59.999,604901.3787,7507,1619084.0,275818.7973
2025-06-12 15:00:00,0.16962,0.16987,0.16731,0.16745,5978513.0,2025-06-12 15:59:59.999,1008070.91981,11937,2277023.0,383797.4966
2025-06-12 16:00:00,0.16745,0.16922,0.16736,0.16866,4913285.0,2025-06-12 16:59:59.999,827431.61088,10661,1764021.0,297186.76809
2025-06-12 17:00:00,0.16866,0.16945,0.16854,0.16888,2678713.0,2025-06-12 17:59:59.999,453034.78909,8157,1466289.0,248010.05207
2025-06-12 18:00:00,0.16888,0.16895,0.16693,0.16781,4240101.0,2025-06-12 18:59:59.999,711528.12921,7576,1420291.0,238283.77796
2025-06-12 19:00:00,0.16782,0.16812,0.16511,0.16562,5291198.0,2025-06-12 19:59:59.999,879881.79835,9226,1929302.0,321244.32018
2025-06-12 20:00:00,0.16563,0.16623,0.16301,0.16395,10764555.0,2025-06-12 20:59:59.999,1770714.73991,15422,5606179.0,922942.99515
2025-06-12 21:00:00,0.16394,0.16504,0.16285,0.16298,7509705.0,2025-06-12 21:59:59.999,1232159.71932,12992,2768135.0,454310.55329
2025-06-12 22:00:00,0.16298,0.16404,0.16294,0.16331,2981110.0,2025-06-12 22:59:59.999,487403.45721,9038,1126249.0,184103.4503
2025-06-12 23:00:00,0.1633,0.16363,0.16192,0.16288,13257099.0,2025-06-12 23:59:59.999,2158371.94064,10377,4056738.0,660559.47445
2025-06-13 00:00:00,0.16287,0.16295,0.1536,0.15426,40163240.0,2025-06-13 00:59:59.999,6330460.58515,59090,16868917.0,2658580.34709
2025-06-13 01:00:00,0.15425,0.15425,0.1501,0.15194,29020949.0,2025-06-13 01:59:59.999,4406926.84824,46558,13568481.0,2059954.43499
2025-06-13 02:00:00,0.15194,0.15303,0.15043,0.15287,11837208.0,2025-06-13 02:59:59.999,1795606.87506,24251,5872448.0,891456.8876
2025-06-13 03:00:00,0.15287,0.15632,0.15255,0.15563,10502229.0,2025-06-13 03:59:59.999,1625335.45197,17168,5529846.0,855573.40093
2025-06-13 04:00:00,0.15564,0.1558,0.15383,0.15499,7871122.0,2025-06-13 04:59:59.999,1217871.49431,11240,3808533.0,589458.3855
2025-06-13 05:00:00,0.155,0.15577,0.15433,0.1551,6473740.0,2025-06-13 05:59:59.999,1005018.31067,11821,2442110.0,379130.56818
2025-06-13 06:00:00,0.15511,0.15559,0.15353,0.15559,5677323.0,2025-06-13 06:59:59.999,876606.79486,11251,2475664.0,382465.65501
2025-06-13 07:00:00,0.1556,0.15563,0.15395,0.15485,13783357.0,2025-06-13 07:59:59.999,2133306.50926,13428,6439425.0,996598.83602
2025-06-13 08:00:00,0.15486,0.1564,0.1542,0.15493,6848673.0,2025-06-13 08:59:59.999,1064361.65578,11815,3513299.0,545935.44814
2025-06-13 09:00:00,0.15492,0.15525,0.15315,0.15397,9414357.0,2025-06-13 09:59:59.999,1449554.25582,10679,3302278.0,508692.09807
2025-06-13 10:00:00,0.15398,0.15418,0.15265,0.15411,7361706.0,2025-06-13 10:59:59.999,1128442.80953,8737,3788784.0,580830.54514
2025-06-13 11:00:00,0.15411,0.15527,0.15322,0.15507,8152064.0,2025-06-13 11:59:59.999,1257768.73164,9387,4018009.0,619946.83888
2025-06-13 12:00:00,0.15507,0.1556,0.15397,0.15429,5953159.0,2025-06-13 12:59:59.999,922298.16304,9260,2582838.0,400085.00822
2025-06-13 13:00:00,0.15428,0.15578,0.15364,0.15458,6866007.0,2025-06-13 13:59:59.999,1061375.33128,13079,3736328.0,577961.55312
2025-06-13 14:00:00,0.1546,0.15535,0.15317,0.15485,7601277.0,2025-06-13 14:59:59.999,1172732.34003,14011,3183490.0,491466.82171
2025-06-13 15:00:00,0.15485,0.15727,0.1546,0.15621,8440415.0,2025-06-13 15:59:59.999,1317733.15694,15688,4470989.0,698275.82856
2025-06-13 16:00:00,0.15621,0.15773,0.15588,0.15752,7101883.0,2025-06-13 16:59:59.999,1113379.68078,13747,3660531.0,573863.70174
2025-06-13 17:00:00,0.15752,0.15772,0.15568,0.15697,5168830.0,2025-06-13 17:59:59.999,809254.21753,13024,2714879.0,424924.08932
2025-06-13 18:00:00,0.15697,0.15715,0.15454,0.15528,8067772.0,2025-06-13 18:59:59.999,1254462.21684,14385,4004662.0,622812.59717
2025-06-13 19:00:00,0.15527,0.15618,0.15486,0.1559,4562533.0,2025-06-13 19:59:59.999,709469.6483,12093,2098621.0,326536.37225
2025-06-13 20:00:00,0.15591,0.15765,0.15557,0.15731,4042616.0,2025-06-13 20:59:59.999,632766.37471,9586,2276181.0,356421.41526
2025-06-13 21:00:00,0.15732,0.15826,0.15672,0.15788,3976413.0,2025-06-13 21:59:59.999,626104.25284,4158,2295939.0,361674.54077
2025-06-13 22:00:00,0.15788,0.15869,0.15741,0.15811,2053871.0,2025-06-13 22:59:59.999,324682.91819,3722,1034968.0,163667.27197
2025-06-13 23:00:00,0.15812,0.15922,0.15798,0.15899,2112808.0,2025-06-13 23:59:59.999,335179.20907,3425,1244377.0,197430.06381
2025-06-14 00:00:00,0.15898,0.15903,0.15785,0.1579,4223686.0,2025-06-14 00:59:59.999,669188.98525,6296,2095430.0,332027.54265
2025-06-14 01:00:00,0.1579,0.15815,0.15726,0.15766,2431516.0,2025-06-14 01:59:59.999,383308.40369,3339,807204.0,127250.12568
2025-06-14 02:00:00,0.15765,0.15847,0.15763,0.15826,1489178.0,2025-06-14 02:59:59.999,235448.25363,2351,815697.0,128976.41941
2025-06-14 03:00:00,0.15827,0.15898,0.1581,0.15869,2054081.0,2025-06-14 03:59:59.999,325872.63924,2467,1007239.0,159778.06688
2025-06-14 04:00:00,0.15869,0.15947,0.15866,0.15896,2769122.0,2025-06-14 04:59:59.999,440597.94578,3203,1818157.0,289263.85066
2025-06-14 05:00:00,0.15895,0.15954,0.15816,0.15932,2658856.0,2025-06-14 05:59:59.999,422331.47523,3331,1099212.0,174517.57458
2025-06-14 06:00:00,0.15933,0.15955,0.15855,0.15869,2611293.0,2025-06-14 06:59:59.999,415621.49035,3237,1317811.0,209772.50525
2025-06-14 07:00:00,0.1587,0.15982,0.1584,0.15946,1957156.0,2025-06-14 07:59:59.999,311239.47838,2975,947888.0,150758.6504
2025-06-14 08:00:00,0.15945,0.15976,0.15862,0.15957,2093106.0,2025-06-14 08:59:59.999,333049.34608,3172,840855.0,133854.80889
2025-06-14 09:00:00,0.15958,0.15966,0.15867,0.15872,1089369.0,2025-06-14 09:59:59.999,173394.65505,2461,448981.0,71471.74613
2025-06-14 10:00:00,0.15872,0.15945,0.15856,0.15915,1045420.0,2025-06-14 10:59:59.999,166288.49772,2205,528777.0,84099.74204
2025-06-14 11:00:00,0.15916,0.15977,0.15911,0.15959,1782720.0,2025-06-14 11:59:59.999,284256.86986,2373,780004.0,124368.35155
2025-06-14 12:00:00,0.15958,0.15982,0.15854,0.15917,1749625.0,2025-06-14 12:59:59.999,278378.94845,3174,837772.0,133336.13903
2025-06-14 13:00:00,0.15916,0.15964,0.1578,0.15812,3023119.0,2025-06-14 13:59:59.999,479870.01046,6215,975618.0,154755.7802
2025-06-14 14:00:00,0.15812,0.15889,0.15768,0.15781,3189652.0,2025-06-14 14:59:59.999,504378.65548,9089,1512506.0,239230.48367
2025-06-14 15:00:00,0.15781,0.1581,0.1564,0.15689,4546517.0,2025-06-14 15:59:59.999,714059.10613,10591,1623772.0,255153.74267
2025-06-14 16:00:00,0.15689,0.15708,0.15307,0.15321,7480181.0,2025-06-14 16:59:59.999,1158051.96662,14198,2984030.0,461939.89843
2025-06-14 17:00:00,0.15322,0.15408,0.15279,0.15372,5827441.0,2025-06-14 17:59:59.999,893810.23045,12621,3523516.0,540543.64044
2025-06-14 18:00:00,0.15371,0.1549,0.15192,0.15303,5714009.0,2025-06-14 18:59:59.999,875013.19977,11105,2627182.0,402943.71954
2025-06-14 19:00:00,0.15304,0.15377,0.15206,0.15206,3395607.0,2025-06-14 19:59:59.999,519535.09833,11198,1364386.0,208879.98704
2025-06-14 20:00:00,0.15206,0.15293,0.1512,0.15278,3811806.0,2025-06-14 20:59:59.999,579575.69546,7830,1720142.0,261674.38886
2025-06-14 21:00:00,0.15279,0.15477,0.1527,0.15464,2983478.0,2025-06-14 21:59:59.999,458575.2353,3998,1875971.0,288494.53378
2025-06-14 22:00:00,0.15465,0.15544,0.15464,0.15493,3397937.0,2025-06-14 22:59:59.999,526923.38903,3707,2084409.0,323240.33619
2025-06-14 23:00:00,0.15493,0.15566,0.15482,0.15497,1470169.0,2025-06-14 23:59:59.999,228253.98912,2594,688144.0,106825.43628
2025-06-15 00:00:00,0.15498,0.15522,0.15363,0.15387,5034943.0,2025-06-15 00:59:59.999,776883.92175,5379,2440048.0,376409.17584
2025-06-15 01:00:00,0.15387,0.15411,0.1526,0.15305,3186882.0,2025-06-15 01:59:59.999,488098.19016,4948,1815413.0,278034.40328
2025-06-15 02:00:00,0.15306,0.15405,0.15294,0.15346,7589886.0,2025-06-15 02:59:59.999,1164888.82105,4368,4337486.0,665939.52188
2025-06-15 03:00:00,0.15346,0.15447,0.15335,0.15398,4286501.0,2025-06-15 03:59:59.999,660704.00214,3213,1065653.0,164121.93921
2025-06-15 04:00:00,0.15396,0.15449,0.15386,0.15449,4800097.0,2025-06-15 04:59:59.999,740004.38417,3375,3045967.0,469568.87672
2025-06-15 05:00:00,0.15447,0.15542,0.15363,0.15533,4408911.0,2025-06-15 05:59:59.999,681086.99467,3280,2259201.0,349375.94654
2025-06-15 06:00:00,0.15533,0.15553,0.15418,0.15422,2298756.0,2025-06-15 06:59:59.999,355927.2712,2938,839501.0,129998.57788
2025-06-15 07:00:00,0.15419,0.15419,0.15319,0.15376,2832140.0,2025-06-15 07:59:59.999,435163.59932,3281,1388637.0,213358.01886
2025-06-15 08:00:00,0.15377,0.15388,0.15321,0.15359,2011157.0,2025-06-15 08:59:59.999,308608.07009,2977,915016.0,140397.78467
2025-06-15 09:00:00,0.15358,0.15359,0.15222,0.15238,4058243.0,2025-06-15 09:59:59.999,619631.00926,4315,1789422.0,273188.75556
2025-06-15 10:00:00,0.15239,0.15353,0.15235,0.15335,1793667.0,2025-06-15 10:59:59.999,274367.57286,3148,705949.0,108019.13328
2025-06-15 11:00:00,0.15336,0.15349,0.15231,0.15293,2649503.0,2025-06-15 11:59:59.999,405230.38118,3661,1455843.0,222713.27264
2025-06-15 12:00:00,0.15294,0.15349,0.15237,0.15327,2349588.0,2025-06-15 12:59:59.999,359294.9286,3647,1248447.0,190937.0243
2025-06-15 13:00:00,0.15326,0.15435,0.15301,0.15397,2662169.0,2025-06-15 13:59:59.999,409116.69096,5176,1385550.0,212924.0057
2025-06-15 14:00:00,0.15398,0.15521,0.15335,0.15499,4790876.0,2025-06-15 14:59:59.999,738909.50244,10711,2324096.0,358285.27833
2025-06-15 15:00:00,0.15499,0.1556,0.15415,0.15436,5395983.0,2025-06-15 15:59:59.999,836046.94218,10440,2388495.0,370130.5747
2025-06-15 16:00:00,0.15436,0.15479,0.15368,0.15415,3645459.0,2025-06-15 16:59:59.999,562034.62446,9760,1355989.0,209054.8775
2025-06-15 17:00:00,0.15414,0.15421,0.15315,0.15375,2626005.0,2025-06-15 17:59:59.999,403525.03077,8449,862344.0,132529.66966
2025-06-15 18:00:00,0.15375,0.15378,0.15252,0.15296,5541622.0,2025-06-15 18:59:59.999,846966.66318,9040,1467642.0,224348.184
2025-06-15 19:00:00,0.15296,0.15338,0.15218,0.15257,2910554.0,2025-06-15 19:59:59.999,444964.70244,8267,1478279.0,226086.70018
2025-06-15 20:00:00,0.15257,0.15264,0.15066,0.15161,6489469.0,2025-06-15 20:59:59.999,982752.13093,11668,2477616.0,375064.26999
2025-06-15 21:00:00,0.15161,0.15288,0.15131,0.15283,3553477.0,2025-06-15 21:59:59.999,539689.50558,4348,1751312.0,266090.30438
2025-06-15 22:00:00,0.15283,0.15455,0.15277,0.15431,4804855.0,2025-06-15 22:59:59.999,739404.94104,6728,1782563.0,274213.64766
2025-06-15 23:00:00,0.15432,0.15482,0.15411,0.15443,5997042.0,2025-06-15 23:59:59.999,926718.74704,4593,4245756.0,656263.18986
2025-06-16 00:00:00,0.15442,0.155,0.15381,0.15421,3407456.0,2025-06-16 00:59:59.999,525503.60707,5468,1901124.0,293184.89835
2025-06-16 01:00:00,0.15422,0.15581,0.1533,0.15572,3427574.0,2025-06-16 01:59:59.999,529870.33998,6973,1740714.0,269224.47016
2025-06-16 02:00:00,0.15571,0.15658,0.1557,0.1558,5051562.0,2025-06-16 02:59:59.999,789121.2332,6475,2842862.0,444170.68708
2025-06-16 03:00:00,0.15581,0.15601,0.15514,0.15519,2864623.0,2025-06-16 03:59:59.999,445520.72825,2773,749225.0,116655.7769
2025-06-16 04:00:00,0.15518,0.15676,0.15486,0.15611,4570003.0,2025-06-16 04:59:59.999,712852.76014,4998,2752051.0,429607.28639
2025-06-16 05:00:00,0.15612,0.15747,0.1555,0.15725,6403147.0,2025-06-16 05:59:59.999,1002243.75485,5916,2950038.0,462549.76907
2025-06-16 06:00:00,0.15726,0.15769,0.1572,0.15759,2761176.0,2025-06-16 06:59:59.999,434740.34353,4047,1245596.0,196117.44902
2025-06-16 07:00:00,0.1576,0.15915,0.15754,0.1591,5561329.0,2025-06-16 07:59:59.999,881018.94639,5141,3858668.0,611435.26099
2025-06-16 08:00:00,0.1591,0.15964,0.15802,0.15877,4504196.0,2025-06-16 08:59:59.999,714937.56771,4835,2396539.0,380248.84894
2025-06-16 09:00:00,0.15878,0.1589,0.15814,0.15875,2779330.0,2025-06-16 09:59:59.999,440552.71148,3683,1594646.0,252760.66694
2025-06-16 10:00:00,0.15877,0.15933,0.15818,0.1586,2076852.0,2025-06-16 10:59:59.999,329757.6885,2727,1006171.0,159736.74117
2025-06-16 11:00:00,0.15861,0.16018,0.15759,0.15995,4856476.0,2025-06-16 11:59:59.999,771518.51997,5678,2647690.0,421068.02319
2025-06-16 12:00:00,0.15995,0.16082,0.15909,0.15961,7906890.0,2025-06-16 12:59:59.999,1264691.30079,9329,3642582.0,582450.57052
2025-06-16 13:00:00,0.15963,0.16181,0.15963,0.16179,5104315.0,2025-06-16 13:59:59.999,820376.8652,7845,3349588.0,538730.43468
2025-06-16 14:00:00,0.16178,0.16295,0.16127,0.16187,11624122.0,2025-06-16 14:59:59.999,1886424.245,11550,3718512.0,603448.10389
2025-06-16 15:00:00,0.16188,0.16248,0.16112,0.16149,5179027.0,2025-06-16 15:59:59.999,837720.5341,6934,2595547.0,419919.94834
2025-06-16 16:00:00,0.1615,0.16335,0.1615,0.16239,7187528.0,2025-06-16 16:59:59.999,1166672.69433,7659,2645412.0,429552.2197
2025-06-16 17:00:00,0.16238,0.16254,0.16061,0.16088,7434770.0,2025-06-16 17:59:59.999,1200090.88844,7586,2362556.0,381564.13454
2025-06-16 18:00:00,0.16088,0.16137,0.16021,0.16096,7570347.0,2025-06-16 18:59:59.999,1217150.44583,8154,3566260.0,573471.15046
2025-06-16 19:00:00,0.16097,0.16153,0.15973,0.16028,6844435.0,2025-06-16 19:59:59.999,1099754.08565,8380,3179610.0,510963.78788
2025-06-16 20:00:00,0.16028,0.16152,0.15969,0.16055,8719710.0,2025-06-16 20:59:59.999,1397980.75518,10006,4939398.0,791923.40492
2025-06-16 21:00:00,0.16056,0.16068,0.15931,0.15951,6680914.0,2025-06-16 21:59:59.999,1068240.09834,5747,2386084.0,381492.04748
2025-06-16 22:00:00,0.15952,0.15994,0.15538,0.15643,13562175.0,2025-06-16 22:59:59.999,2133348.79336,16046,5706561.0,897425.99733
2025-06-16 23:00:00,0.15643,0.15704,0.15305,0.15347,9673430.0,2025-06-16 23:59:59.999,1502809.50085,13199,3675762.0,571454.08353
2025-06-17 00:00:00,0.15345,0.15502,0.15005,0.15488,19513006.0,2025-06-17 00:59:59.999,2972458.22546,27174,9901808.0,1509211.33081
2025-06-17 01:00:00,0.15489,0.15566,0.154,0.15475,6321334.0,2025-06-17 01:59:59.999,978883.03836,9895,3390833.0,525255.33123
2025-06-17 02:00:00,0.15476,0.15646,0.15427,0.15639,6214295.0,2025-06-17 02:59:59.999,964935.78763,7986,3387472.0,526129.89366
2025-06-17 03:00:00,0.1564,0.15719,0.15606,0.15641,3757783.0,2025-06-17 03:59:59.999,588438.27282,5951,1501337.0,235118.68155
2025-06-17 04:00:00,0.15641,0.15684,0.15582,0.156,2419619.0,2025-06-17 04:59:59.999,378115.78735,4312,941072.0,147096.98466
2025-06-17 05:00:00,0.15599,0.15659,0.15539,0.15551,3332823.0,2025-06-17 05:59:59.999,520404.57801,5501,2047339.0,319733.81882
2025-06-17 06:00:00,0.1555,0.15627,0.15515,0.1556,2583348.0,2025-06-17 06:59:59.999,401776.59741,4347,1139136.0,177209.32514
2025-06-17 07:00:00,0.15558,0.15599,0.15512,0.15567,2505014.0,2025-06-17 07:59:59.999,389897.38908,4632,1098050.0,170880.84646
2025-06-17 08:00:00,0.15566,0.15584,0.15406,0.15425,3721146.0,2025-06-17 08:59:59.999,576148.27018,4904,1486304.0,230090.41647
2025-06-17 09:00:00,0.15426,0.15486,0.1536,0.15403,3015981.0,2025-06-17 09:59:59.999,465168.02264,5651,1578534.0,243485.78057
2025-06-17 10:00:00,0.15403,0.15411,0.15235,0.15351,3992620.0,2025-06-17 10:59:59.999,611457.1726,5705,1782339.0,272979.23071
2025-06-17 11:00:00,0.1535,0.1535,0.15138,0.15157,8583863.0,2025-06-17 11:59:59.999,1304515.08841,6927,1828185.0,278032.60053
2025-06-17 12:00:00,0.15157,0.15244,0.15115,0.15177,9008597.0,2025-06-17 12:59:59.999,1366620.14487,9551,4161873.0,631707.1899
2025-06-17 13:00:00,0.15176,0.15312,0.15166,0.15233,5005191.0,2025-06-17 13:59:59.999,762626.71875,6110,3062032.0,466495.35222
2025-06-17 14:00:00,0.15234,0.15307,0.15078,0.1509,4156585.0,2025-06-17 14:59:59.999,632083.22272,6623,2104566.0,320115.17609
2025-06-17 15:00:00,0.15091,0.15133,0.14806,0.14936,17349079.0,2025-06-17 15:59:59.999,2594318.62335,20294,8518715.0,1273676.40769
2025-06-17 16:00:00,0.14936,0.14957,0.14735,0.1474,8931362.0,2025-06-17 16:59:59.999,1327211.93036,17073,3683670.0,547719.64996
2025-06-17 17:00:00,0.14738,0.14879,0.14677,0.14773,7659533.0,2025-06-17 17:59:59.999,1130782.81821,13898,3906816.0,576755.49484
2025-06-17 18:00:00,0.14772,0.15014,0.14745,0.1501,8833454.0,2025-06-17 18:59:59.999,1311504.95856,9326,4724519.0,702419.91749
2025-06-17 19:00:00,0.15012,0.15245,0.14988,0.15074,13800049.0,2025-06-17 19:59:59.999,2088359.15596,11037,8276610.0,1252980.13197
2025-06-17 20:00:00,0.15073,0.15135,0.14981,0.14995,5337871.0,2025-06-17 20:59:59.999,803588.1313,6284,1834814.0,276220.84138
2025-06-17 21:00:00,0.14996,0.15021,0.14848,0.1488,6444496.0,2025-06-17 21:59:59.999,961995.9732,5938,3277641.0,488907.40435
2025-06-17 22:00:00,0.14881,0.14897,0.14752,0.14767,3538381.0,2025-06-17 22:59:59.999,525407.25004,5457,1796729.0,266913.57194
2025-06-17 23:00:00,0.14768,0.14936,0.14764,0.1486,2946673.0,2025-06-17 23:59:59.999,437502.77571,3661,1487423.0,220670.31238
2025-06-18 00:00:00,0.14861,0.15022,0.14855,0.14976,4724868.0,2025-06-18 00:59:59.999,706235.43545,6143,2328190.0,348093.02256
2025-06-18 01:00:00,0.14977,0.15047,0.14917,0.14931,4640732.0,2025-06-18 01:59:59.999,694777.2258,5361,2344511.0,351216.31349
2025-06-18 02:00:00,0.14932,0.14988,0.14871,0.14922,9532997.0,2025-06-18 02:59:59.999,1424366.10348,7480,5492608.0,821418.22938
2025-06-18 03:00:00,0.14922,0.15029,0.14917,0.15012,3033637.0,2025-06-18 03:59:59.999,454456.13627,4347,1723073.0,258209.18913
2025-06-18 04:00:00,0.15012,0.1528,0.15012,0.15175,9545797.0,2025-06-18 04:59:59.999,1448288.86185,6147,6344403.0,963094.52452
2025-06-18 05:00:00,0.15176,0.15189,0.15051,0.15057,4915149.0,2025-06-18 05:59:59.999,744076.15508,4413,2976073.0,450672.9549
2025-06-18 06:00:00,0.15056,0.15083,0.14963,0.15016,2852866.0,2025-06-18 06:59:59.999,428312.67371,5309,1179301.0,177046.64434
2025-06-18 07:00:00,0.15015,0.15049,0.14967,0.15022,2016163.0,2025-06-18 07:59:59.999,302605.37984,3862,999457.0,150034.13794
2025-06-18 08:00:00,0.15022,0.15085,0.14812,0.1485,8413092.0,2025-06-18 08:59:59.999,1254168.27157,6772,3241715.0,483314.76905
2025-06-18 09:00:00,0.14849,0.14901,0.1475,0.14771,4159877.0,2025-06-18 09:59:59.999,616634.95473,4828,2126849.0,315381.93864
2025-06-18 10:00:00,0.14772,0.1478,0.14521,0.14566,6675246.0,2025-06-18 10:59:59.999,977073.70741,8705,2759714.0,403878.81326
2025-06-18 11:00:00,0.14567,0.14717,0.14528,0.14711,4229431.0,2025-06-18 11:59:59.999,618695.10092,7469,2286397.0,334314.44553
2025-06-18 12:00:00,0.1471,0.14729,0.14554,0.14578,3872696.0,2025-06-18 12:59:59.999,567098.85024,5989,1622610.0,237709.75778
2025-06-18 13:00:00,0.14578,0.14628,0.1438,0.14623,10890928.0,2025-06-18 13:59:59.999,1579096.4144,17416,3901292.0,565832.92676
2025-06-18 14:00:00,0.14624,0.14822,0.14563,0.14678,16094036.0,2025-06-18 14:59:59.999,2371219.46828,19408,5770574.0,850214.56448
2025-06-18 15:00:00,0.14679,0.1475,0.1458,0.14674,4885110.0,2025-06-18 15:59:59.999,716848.25622,8360,2035385.0,298743.37405
2025-06-18 16:00:00,0.14675,0.14697,0.14566,0.1461,5478129.0,2025-06-18 16:59:59.999,802009.56619,7944,1486702.0,217584.52407
2025-06-18 17:00:00,0.1461,0.14655,0.14501,0.14636,11339207.0,2025-06-18 17:59:59.999,1654190.09847,14148,3444099.0,502643.29782
2025-06-18 18:00:00,0.14636,0.14719,0.14407,0.14424,11744334.0,2025-06-18 18:59:59.999,1709571.09976,18435,5366075.0,781847.00392
2025-06-18 19:00:00,0.14423,0.14589,0.14397,0.14443,5474181.0,2025-06-18 19:59:59.999,793516.52096,13235,2645984.0,383536.94615
2025-06-18 20:00:00,0.14444,0.14814,0.14407,0.14806,6957080.0,2025-06-18 20:59:59.999,1017489.23109,10098,3394655.0,496567.90535
2025-06-18 21:00:00,0.14805,0.14861,0.14725,0.14822,5160148.0,2025-06-18 21:59:59.999,762945.27805,8158,2560782.0,378486.66976
2025-06-18 22:00:00,0.14821,0.14856,0.1478,0.14816,2740233.0,2025-06-18 22:59:59.999,405996.87739,3921,1738170.0,257481.12078
2025-06-18 23:00:00,0.14815,0.14866,0.14696,0.14789,2471503.0,2025-06-18 23:59:59.999,365067.39615,3728,975065.0,144007.03833
2025-06-19 00:00:00,0.14791,0.14966,0.14768,0.14861,7715913.0,2025-06-19 00:59:59.999,1147408.16196,8863,3735785.0,555262.2287
2025-06-19 01:00:00,0.14862,0.14867,0.14727,0.14746,3519669.0,2025-06-19 01:59:59.999,520254.46499,6883,1612087.0,238289.63796
2025-06-19 02:00:00,0.14746,0.14807,0.14685,0.14726,2152143.0,2025-06-19 02:59:59.999,317347.27045,3986,998002.0,147226.95412
2025-06-19 03:00:00,0.14725,0.14833,0.14725,0.14807,2574772.0,2025-06-19 03:59:59.999,380444.95377,3363,1302826.0,192501.67736
2025-06-19 04:00:00,0.14808,0.14825,0.14716,0.14797,2346434.0,2025-06-19 04:59:59.999,346790.9361,3194,1190717.0,176025.78407
2025-06-19 05:00:00,0.14797,0.14882,0.14742,0.14751,3962267.0,2025-06-19 05:59:59.999,587134.36073,4704,1565108.0,231992.19426
2025-06-19 06:00:00,0.1475,0.14798,0.14692,0.14717,2647164.0,2025-06-19 06:59:59.999,389860.98101,3362,1397457.0,205851.12749
2025-06-19 07:00:00,0.14717,0.14751,0.14652,0.14673,5049862.0,2025-06-19 07:59:59.999,742836.59799,3856,2375040.0,349199.17956
2025-06-19 08:00:00,0.14674,0.14756,0.14647,0.1465,2809197.0,2025-06-19 08:59:59.999,413468.74621,3120,1726276.0,254124.22201
2025-06-19 09:00:00,0.1465,0.14709,0.14633,0.14683,3716631.0,2025-06-19 09:59:59.999,545299.15279,5455,1767817.0,259293.07041
2025-06-19 10:00:00,0.14682,0.14695,0.14606,0.14647,3117438.0,2025-06-19 10:59:59.999,456577.80144,5031,1595943.0,233768.1215
2025-06-19 11:00:00,0.14645,0.14649,0.14584,0.14621,1834541.0,2025-06-19 11:59:59.999,268195.00149,2919,936017.0,136850.16649
2025-06-19 12:00:00,0.14623,0.14698,0.14592,0.14668,1760759.0,2025-06-19 12:59:59.999,257719.31234,3142,936182.0,137021.01725
2025-06-19 13:00:00,0.14669,0.14705,0.14563,0.14569,3595943.0,2025-06-19 13:59:59.999,526526.31621,4338,2078135.0,304402.06936
2025-06-19 14:00:00,0.14567,0.14661,0.14487,0.14507,4888913.0,2025-06-19 14:59:59.999,711589.27447,5177,1797908.0,261908.08409
2025-06-19 15:00:00,0.14506,0.14579,0.14493,0.14533,2240296.0,2025-06-19 15:59:59.999,325556.14166,3809,1126551.0,163707.55486
2025-06-19 16:00:00,0.14533,0.14612,0.14465,0.14481,2552304.0,2025-06-19 16:59:59.999,371173.98674,3525,1379001.0,200566.02284
2025-06-19 17:00:00,0.14482,0.14701,0.14475,0.14661,3998101.0,2025-06-19 17:59:59.999,584730.79469,5115,1929353.0,281984.18644
2025-06-19 18:00:00,0.1466,0.1476,0.14637,0.14692,3362468.0,2025-06-19 18:59:59.999,494321.65514,3675,2244163.0,329894.36558
2025-06-19 19:00:00,0.14695,0.14729,0.14665,0.1468,2145661.0,2025-06-19 19:59:59.999,315407.37773,2821,1053183.0,154812.93601
2025-06-19 20:00:00,0.14682,0.14783,0.14641,0.14691,2806773.0,2025-06-19 20:59:59.999,413071.22957,3492,1610026.0,236987.05492
2025-06-19 21:00:00,0.14691,0.14758,0.14691,0.14718,2533760.0,2025-06-19 21:59:59.999,373151.84976,2566,1283653.0,189023.6505
2025-06-19 22:00:00,0.14719,0.14844,0.14719,0.14798,2827153.0,2025-06-19 22:59:59.999,418396.54497,4228,1296220.0,191773.92693
2025-06-19 23:00:00,0.14798,0.14807,0.14725,0.14774,1873599.0,2025-06-19 23:59:59.999,276623.65236,2621,813599.0,120082.33316
2025-06-20 00:00:00,0.14774,0.14835,0.1474,0.14768,1610929.0,2025-06-20 00:59:59.999,238152.91653,2807,671807.0,99311.66852
2025-06-20 01:00:00,0.14768,0.14783,0.14689,0.14764,1827074.0,2025-06-20 01:59:59.999,269187.51757,3160,769428.0,113373.11152
2025-06-20 02:00:00,0.14765,0.14766,0.1467,0.14702,1337348.0,2025-06-20 02:59:59.999,196811.39928,2394,490683.0,72227.49414
2025-06-20 03:00:00,0.14701,0.14709,0.14655,0.14676,969155.0,2025-06-20 03:59:59.999,142318.96522,2119,375822.0,55191.44118
2025-06-20 04:00:00,0.14674,0.14696,0.14566,0.14577,2185053.0,2025-06-20 04:59:59.999,319461.42919,2917,738713.0,107959.41219
2025-06-20 05:00:00,0.14578,0.14632,0.14531,0.14622,1730167.0,2025-06-20 05:59:59.999,252419.44316,2740,714734.0,104313.18786
2025-06-20 06:00:00,0.14622,0.14677,0.14616,0.14662,1717346.0,2025-06-20 06:59:59.999,251475.95063,2312,755664.0,110655.6918
2025-06-20 07:00:00,0.14661,0.14843,0.14637,0.14832,3409332.0,2025-06-20 07:59:59.999,503407.81488,4532,1889485.0,278946.14183
2025-06-20 08:00:00,0.14834,0.14942,0.14819,0.14876,6282854.0,2025-06-20 08:59:59.999,935737.04744,6185,2575278.0,383470.60076
2025-06-20 09:00:00,0.14876,0.1492,0.14838,0.1488,2186871.0,2025-06-20 09:59:59.999,325363.31243,2932,1472992.0,219179.88033
2025-06-20 10:00:00,0.1488,0.1498,0.14839,0.14934,2788716.0,2025-06-20 10:59:59.999,416494.41477,2793,1316489.0,196624.32802
2025-06-20 11:00:00,0.14932,0.15045,0.14914,0.15003,3440788.0,2025-06-20 11:59:59.999,515584.97882,3355,2214367.0,331822.84389
2025-06-20 12:00:00,0.15003,0.15091,0.14995,0.15059,2954088.0,2025-06-20 12:59:59.999,444687.36742,3066,1825224.0,274819.90093
2025-06-20 13:00:00,0.1506,0.15152,0.1495,0.15002,4338609.0,2025-06-20 13:59:59.999,653801.78046,4889,1842544.0,277755.94162
2025-06-20 14:00:00,0.15001,0.15038,0.14646,0.14662,7868579.0,2025-06-20 14:59:59.999,1167681.80385,9510,3757847.0,557557.57568
2025-06-20 15:00:00,0.14663,0.14718,0.14581,0.14634,6654141.0,2025-06-20 15:59:59.999,975592.97966,7853,2937149.0,430726.31572
2025-06-20 16:00:00,0.14635,0.14645,0.14439,0.14468,9960968.0,2025-06-20 16:59:59.999,1446493.91533,9995,5005348.0,726933.10998
2025-06-20 17:00:00,0.14465,0.14522,0.14084,0.14409,20280803.0,2025-06-20 17:59:59.999,2898302.25303,24718,9800052.0,1399768.50029
2025-06-20 18:00:00,0.14407,0.14503,0.14371,0.14457,7188029.0,2025-06-20 18:59:59.999,1038309.66995,7481,2537576.0,366479.82652
2025-06-20 19:00:00,0.14458,0.14483,0.14322,0.14471,5192028.0,2025-06-20 19:59:59.999,748194.84563,5737,3004293.0,433174.3653
2025-06-20 20:00:00,0.1447,0.14615,0.14464,0.14544,3758322.0,2025-06-20 20:59:59.999,546919.43306,4929,1752835.0,255091.00692
2025-06-20 21:00:00,0.14545,0.14551,0.14456,0.14471,2621882.0,2025-06-20 21:59:59.999,380313.84803,2719,1232559.0,178832.22902
2025-06-20 22:00:00,0.14469,0.14473,0.1432,0.14369,3914210.0,2025-06-20 22:59:59.999,563359.65866,5014,1710798.0,246234.24425
2025-06-20 23:00:00,0.14369,0.14465,0.14342,0.14459,2618128.0,2025-06-20 23:59:59.999,377239.92889,3040,1333615.0,192192.12952
2025-06-21 00:00:00,0.14459,0.14547,0.14446,0.14501,2085340.0,2025-06-21 00:59:59.999,302358.31228,3210,1031986.0,149622.36616
2025-06-21 01:00:00,0.145,0.14574,0.14495,0.14543,2783627.0,2025-06-21 01:59:59.999,404529.80091,3113,1189702.0,172887.57889
2025-06-21 02:00:00,0.14543,0.14562,0.14479,0.14495,1966470.0,2025-06-21 02:59:59.999,285187.43113,2573,765196.0,110977.60397
2025-06-21 03:00:00,0.14496,0.14564,0.14487,0.14517,2320074.0,2025-06-21 03:59:59.999,336878.99614,2464,1339567.0,194496.52771
2025-06-21 04:00:00,0.14518,0.14522,0.14469,0.14479,1110141.0,2025-06-21 04:59:59.999,160905.84402,1421,462667.0,67063.8027
2025-06-21 05:00:00,0.1448,0.14562,0.14467,0.14559,1942561.0,2025-06-21 05:59:59.999,281985.04923,1856,1122820.0,163031.48271
2025-06-21 06:00:00,0.14559,0.14582,0.14527,0.14578,1231421.0,2025-06-21 06:59:59.999,179216.55787,1526,715342.0,104126.99584
2025-06-21 07:00:00,0.14579,0.14592,0.14514,0.14533,1624130.0,2025-06-21 07:59:59.999,236225.00606,1935,833634.0,121232.29142
2025-06-21 08:00:00,0.14534,0.14581,0.14494,0.14573,1993483.0,2025-06-21 08:59:59.999,289708.25435,2159,955214.0,138833.60874
2025-06-21 09:00:00,0.14573,0.14633,0.14524,0.14614,2391590.0,2025-06-21 09:59:59.999,348833.86161,2131,1430601.0,208693.82119
2025-06-21 10:00:00,0.14614,0.14636,0.14509,0.14527,2665605.0,2025-06-21 10:59:59.999,388555.7509,2778,946396.0,137974.18262
2025-06-21 11:00:00,0.14529,0.14553,0.14503,0.14506,2082398.0,2025-06-21 11:59:59.999,302582.30609,2888,976973.0,141970.91005
2025-06-21 12:00:00,0.14504,0.1452,0.14428,0.14441,2065477.0,2025-06-21 12:59:59.999,299030.98065,2254,942858.0,136485.83095
2025-06-21 13:00:00,0.14441,0.14463,0.1423,0.14255,4923257.0,2025-06-21 13:59:59.999,706216.88145,5212,2338364.0,335272.96777
2025-06-21 14:00:00,0.14255,0.14385,0.14226,0.14294,6971589.0,2025-06-21 14:59:59.999,995951.77716,6238,3108936.0,444670.56132
2025-06-21 15:00:00,0.14294,0.14341,0.14176,0.14285,2983733.0,2025-06-21 15:59:59.999,425284.35884,4504,1155003.0,164682.40405
2025-06-21 16:00:00,0.14285,0.14362,0.14235,0.14266,3630517.0,2025-06-21 16:59:59.999,519216.99323,4197,1763500.0,252289.8825
2025-06-21 17:00:00,0.14265,0.14328,0.14036,0.14074,7241243.0,2025-06-21 17:59:59.999,1024233.49164,7739,3409492.0,482496.06906
2025-06-21 18:00:00,0.14075,0.1418,0.13941,0.13985,12845120.0,2025-06-21 18:59:59.999,1806435.82311,9032,4446157.0,625897.89374
2025-06-21 19:00:00,0.13983,0.14009,0.13815,0.13828,9733737.0,2025-06-21 19:59:59.999,1354255.50263,10498,4492046.0,624966.52879
2025-06-21 20:00:00,0.13828,0.13967,0.1379,0.13928,8448931.0,2025-06-21 20:59:59.999,1173267.59956,8499,4877708.0,677373.61043
2025-06-21 21:00:00,0.13927,0.13938,0.1337,0.13551,18682949.0,2025-06-21 21:59:59.999,2537830.43055,14493,9473563.0,1286161.43262
2025-06-21 22:00:00,0.13552,0.13747,0.13526,0.13736,9378849.0,2025-06-21 22:59:59.999,1281791.22651,8866,5138731.0,702518.42234
2025-06-21 23:00:00,0.13738,0.13831,0.13509,0.138,13374848.0,2025-06-21 23:59:59.999,1829570.10641,15723,6429194.0,879102.73815
2025-06-22 00:00:00,0.13799,0.13988,0.13659,0.13885,11864870.0,2025-06-22 00:59:59.999,1641359.26209,15015,5858386.0,811054.00314
2025-06-22 01:00:00,0.13886,0.13972,0.13723,0.13736,5435611.0,2025-06-22 01:59:59.999,753760.22885,6142,2804648.0,388769.98723
2025-06-22 02:00:00,0.13736,0.13841,0.13575,0.13658,7175304.0,2025-06-22 02:59:59.999,981601.59121,10481,3394723.0,464299.45761
2025-06-22 03:00:00,0.13657,0.13707,0.13545,0.1366,11880958.0,2025-06-22 03:59:59.999,1620077.35494,9385,7631189.0,1040182.06221
2025-06-22 04:00:00,0.13661,0.1386,0.13615,0.13709,11646798.0,2025-06-22 04:59:59.999,1597251.48298,9581,6938543.0,952359.9999
2025-06-22 05:00:00,0.13709,0.13772,0.13644,0.13731,3500723.0,2025-06-22 05:59:59.999,480047.15467,5246,1711456.0,234637.83828
2025-06-22 06:00:00,0.13732,0.13805,0.13674,0.13763,3894460.0,2025-06-22 06:59:59.999,535805.22963,4413,2067048.0,284260.18726
2025-06-22 07:00:00,0.13763,0.13814,0.13596,0.13627,7192868.0,2025-06-22 07:59:59.999,986934.66021,6659,3810945.0,523390.62801
2025-06-22 08:00:00,0.13628,0.13649,0.13529,0.13558,3893007.0,2025-06-22 08:59:59.999,528863.13699,5198,1528544.0,207587.13292
2025-06-22 09:00:00,0.13559,0.13606,0.13283,0.13289,11115393.0,2025-06-22 09:59:59.999,1492635.88905,12015,4133976.0,555236.75667
2025-06-22 10:00:00,0.13288,0.13404,0.13258,0.13353,7254002.0,2025-06-22 10:59:59.999,967276.06688,8917,3562955.0,475119.62076
2025-06-22 11:00:00,0.13353,0.13446,0.13272,0.1335,4615475.0,2025-06-22 11:59:59.999,616886.73612,4826,2134878.0,285212.4704
2025-06-22 12:00:00,0.13351,0.13441,0.13208,0.13426,6537342.0,2025-06-22 12:59:59.999,871169.18036,8886,3164241.0,421465.82462
2025-06-22 13:00:00,0.13426,0.13455,0.12848,0.12948,39097791.0,2025-06-22 13:59:59.999,5100985.88226,49195,19922726.0,2598333.18132
2025-06-22 14:00:00,0.12946,0.13139,0.12835,0.13119,33407568.0,2025-06-22 14:59:59.999,4337480.3396,38680,19495152.0,2533142.58329
2025-06-22 15:00:00,0.13117,0.13162,0.12924,0.12958,14906163.0,2025-06-22 15:59:59.999,1945623.35481,17518,8730021.0,1139590.77293
2025-06-22 16:00:00,0.12957,0.13036,0.12824,0.12968,14088448.0,2025-06-22 16:59:59.999,1821274.25814,15468,7394259.0,956818.92458
2025-06-22 17:00:00,0.12964,0.13123,0.12916,0.13077,16913316.0,2025-06-22 17:59:59.999,2202629.64935,13452,9217372.0,1201331.53977
2025-06-22 18:00:00,0.13077,0.13132,0.12969,0.12992,6740902.0,2025-06-22 18:59:59.999,879468.29004,8927,2565499.0,334664.70691
2025-06-22 19:00:00,0.12993,0.1303,0.12912,0.12958,6199092.0,2025-06-22 19:59:59.999,803677.91033,7120,3177755.0,411929.86529
2025-06-22 20:00:00,0.12959,0.13011,0.12604,0.12944,26910678.0,2025-06-22 20:59:59.999,3448472.86172,30081,13580238.0,1742475.88803
2025-06-22 21:00:00,0.12944,0.13037,0.12866,0.12932,7503129.0,2025-06-22 21:59:59.999,972877.11737,6494,4129898.0,535425.01127
2025-06-22 22:00:00,0.12933,0.13345,0.12925,0.13344,14046850.0,2025-06-22 22:59:59.999,1846362.31439,14989,6626051.0,871047.52826
2025-06-22 23:00:00,0.13344,0.13378,0.13272,0.13364,4912629.0,2025-06-22 23:59:59.999,655114.05295,7155,2428566.0,323852.01763
2025-06-23 00:00:00,0.13363,0.13593,0.1335,0.13473,10212010.0,2025-06-23 00:59:59.999,1376676.43227,10014,6086896.0,821154.34301
2025-06-23 01:00:00,0.13474,0.1358,0.13412,0.13573,4672722.0,2025-06-23 01:59:59.999,629248.34867,4702,1675153.0,225813.94879
2025-06-23 02:00:00,0.13575,0.13603,0.13526,0.13556,3034697.0,2025-06-23 02:59:59.999,411677.34967,4292,1443613.0,195824.06738
2025-06-23 03:00:00,0.13557,0.1363,0.13519,0.13543,4042952.0,2025-06-23 03:59:59.999,548699.59792,4327,1747404.0,237166.58167
2025-06-23 04:00:00,0.13545,0.13617,0.13524,0.13575,3419232.0,2025-06-23 04:59:59.999,463414.57024,3169,2306640.0,312547.75815
2025-06-23 05:00:00,0.13576,0.13661,0.13542,0.13645,2607724.0,2025-06-23 05:59:59.999,354991.16544,3642,1220275.0,166168.56261
2025-06-23 06:00:00,0.13645,0.1375,0.13645,0.13748,5656885.0,2025-06-23 06:59:59.999,774255.11141,5239,3299210.0,451812.34132
2025-06-23 07:00:00,0.13747,0.13809,0.13678,0.13737,4058050.0,2025-06-23 07:59:59.999,557967.13244,5236,1931919.0,265588.1966
2025-06-23 08:00:00,0.13738,0.13788,0.13685,0.13785,2148720.0,2025-06-23 08:59:59.999,295211.29599,3427,959607.0,131871.86993
2025-06-23 09:00:00,0.13785,0.13787,0.13699,0.13727,3624289.0,2025-06-23 09:59:59.999,498018.88634,3855,1570445.0,215818.23956
2025-06-23 10:00:00,0.13727,0.13745,0.13544,0.13593,5865299.0,2025-06-23 10:59:59.999,799148.38095,4850,2669730.0,363258.64075
2025-06-23 11:00:00,0.13594,0.13655,0.13545,0.13619,2949653.0,2025-06-23 11:59:59.999,400967.57867,3420,1461901.0,198722.13314
2025-06-23 12:00:00,0.13619,0.13735,0.13535,0.13735,4148184.0,2025-06-23 12:59:59.999,565331.38893,4745,2355000.0,321260.92096
2025-06-23 13:00:00,0.13735,0.13943,0.13522,0.13911,14827052.0,2025-06-23 13:59:59.999,2042021.5189,18296,7477646.0,1030315.34664
2025-06-23 14:00:00,0.13909,0.14024,0.1384,0.13862,12275172.0,2025-06-23 14:59:59.999,1710230.54451,15706,5861994.0,817182.54803
2025-06-23 15:00:00,0.13862,0.13966,0.13702,0.1373,6814400.0,2025-06-23 15:59:59.999,943417.40936,8990,2940740.0,407040.44157
2025-06-23 16:00:00,0.13731,0.13769,0.13311,0.13431,20383375.0,2025-06-23 16:59:59.999,2751018.74543,23351,9311718.0,1256738.60288
2025-06-23 17:00:00,0.13432,0.14014,0.13387,0.13953,24212808.0,2025-06-23 17:59:59.999,3336866.21428,27871,12258114.0,1688012.5042
2025-06-23 18:00:00,0.13951,0.14173,0.13949,0.14071,12533192.0,2025-06-23 18:59:59.999,1766676.26839,14726,6326776.0,891798.72293
2025-06-23 19:00:00,0.14071,0.14184,0.13964,0.14151,8832672.0,2025-06-23 19:59:59.999,1243677.83696,10122,3824235.0,539063.79632
2025-06-23 20:00:00,0.14152,0.14619,0.1412,0.14567,20839761.0,2025-06-23 20:59:59.999,3006339.21819,20811,12797319.0,1846069.21771
2025-06-23 21:00:00,0.14568,0.14652,0.1452,0.14532,8913021.0,2025-06-23 21:59:59.999,1299611.44645,8067,5473724.0,798085.06664
2025-06-23 22:00:00,0.14533,0.15225,0.14533,0.15169,28953239.0,2025-06-23 22:59:59.999,4342720.97027,28005,13494510.0,2021390.71393
2025-06-23 23:00:00,0.15164,0.15206,0.15052,0.15156,8403714.0,2025-06-23 23:59:59.999,1271745.13421,9243,3926717.0,594312.95073
2025-06-24 00:00:00,0.15156,0.15309,0.15137,0.15309,9389266.0,2025-06-24 00:59:59.999,1430304.09047,9368,4408370.0,671729.08171
2025-06-24 01:00:00,0.15309,0.15338,0.15213,0.1527,3893852.0,2025-06-24 01:59:59.999,594239.48147,5377,2106031.0,321486.98174
2025-06-24 02:00:00,0.15269,0.15273,0.15165,0.15171,5557947.0,2025-06-24 02:59:59.999,845572.17546,6250,2482087.0,377695.13691
2025-06-24 03:00:00,0.15171,0.1522,0.15101,0.15188,5207618.0,2025-06-24 03:59:59.999,789348.49351,5625,2911325.0,441415.32439
2025-06-24 04:00:00,0.15187,0.1522,0.1506,0.15085,3158196.0,2025-06-24 04:59:59.999,477952.24254,4435,1349943.0,204310.91979
2025-06-24 05:00:00,0.15085,0.15464,0.15065,0.15459,7224781.0,2025-06-24 05:59:59.999,1102458.17399,7436,4064150.0,620289.95606
2025-06-24 06:00:00,0.15459,0.15483,0.15319,0.15435,5824147.0,2025-06-24 06:59:59.999,897836.2357,6767,2643048.0,407472.01866
2025-06-24 07:00:00,0.15435,0.15478,0.15191,0.15202,7917301.0,2025-06-24 07:59:59.999,1212928.78508,8001,3046588.0,467185.20799
2025-06-24 08:00:00,0.15202,0.15223,0.15062,0.15113,6604831.0,2025-06-24 08:59:59.999,999478.34727,7973,3261540.0,493540.69835
2025-06-24 09:00:00,0.15113,0.15292,0.15059,0.15172,5316925.0,2025-06-24 09:59:59.999,806711.60707,6389,2602042.0,394764.74241
2025-06-24 10:00:00,0.15171,0.15238,0.15114,0.15195,3013682.0,2025-06-24 10:59:59.999,457294.45809,4327,1413545.0,214407.30056
2025-06-24 11:00:00,0.15194,0.15227,0.15077,0.15189,5850224.0,2025-06-24 11:59:59.999,887525.69244,5647,3271944.0,496499.74707
2025-06-24 12:00:00,0.15188,0.15241,0.15094,0.15151,3354720.0,2025-06-24 12:59:59.999,508495.80399,4480,1786882.0,270942.19249
2025-06-24 13:00:00,0.1515,0.1522,0.15073,0.15127,7462116.0,2025-06-24 13:59:59.999,1131520.1952,8165,4573137.0,693802.61149
2025-06-24 14:00:00,0.15123,0.15289,0.15109,0.15225,5717834.0,2025-06-24 14:59:59.999,870102.98723,8470,2375783.0,361356.34491
2025-06-24 15:00:00,0.15225,0.15279,0.15075,0.15161,6531817.0,2025-06-24 15:59:59.999,989119.84603,7366,3429231.0,519053.821
2025-06-24 16:00:00,0.15162,0.1542,0.15109,0.15417,12312143.0,2025-06-24 16:59:59.999,1878850.83457,9951,5732375.0,875685.87309
2025-06-24 17:00:00,0.15416,0.15434,0.15207,0.15289,8476533.0,2025-06-24 17:59:59.999,1299186.17714,8446,4223324.0,647544.00304
2025-06-24 18:00:00,0.1529,0.15328,0.15194,0.15273,3566654.0,2025-06-24 18:59:59.999,544052.96304,5019,1579457.0,240981.93798
2025-06-24 19:00:00,0.15272,0.15407,0.1525,0.15394,4828311.0,2025-06-24 19:59:59.999,740138.8816,6822,2271987.0,348199.32
2025-06-24 20:00:00,0.15393,0.15533,0.1535,0.15492,6579579.0,2025-06-24 20:59:59.999,1016792.09874,8076,4089277.0,631972.08873
2025-06-24 21:00:00,0.15491,0.15496,0.15368,0.15452,3127449.0,2025-06-24 21:59:59.999,482155.33763,3492,1094573.0,168743.67637
2025-06-24 22:00:00,0.15451,0.15454,0.15318,0.15368,2798254.0,2025-06-24 22:59:59.999,430132.87073,4426,1218948.0,187404.13827
2025-06-24 23:00:00,0.15367,0.15399,0.15254,0.15399,2695836.0,2025-06-24 23:59:59.999,412817.65499,4548,1380108.0,211413.75911
2025-06-25 00:00:00,0.15398,0.15554,0.15339,0.15536,4843966.0,2025-06-25 00:59:59.999,748132.63352,6481,2400246.0,370489.08233
2025-06-25 01:00:00,0.15535,0.15599,0.15448,0.15548,6176537.0,2025-06-25 01:59:59.999,958623.381,7716,3375200.0,523598.47193
2025-06-25 02:00:00,0.15548,0.15617,0.15472,0.15492,6566837.0,2025-06-25 02:59:59.999,1020251.18879,6750,3589818.0,557316.35297
2025-06-25 03:00:00,0.15492,0.15532,0.15375,0.15388,3212998.0,2025-06-25 03:59:59.999,496552.09194,4754,1396752.0,215751.15086
2025-06-25 04:00:00,0.15388,0.15392,0.15263,0.15291,2775796.0,2025-06-25 04:59:59.999,425449.25054,3488,1432570.0,219491.58094
2025-06-25 05:00:00,0.1529,0.15337,0.15255,0.15259,3661053.0,2025-06-25 05:59:59.999,559647.89394,3781,1968200.0,300887.23242
2025-06-25 06:00:00,0.15259,0.15276,0.15214,0.15263,2571010.0,2025-06-25 06:59:59.999,391902.18968,3895,1192227.0,181740.76742
2025-06-25 07:00:00,0.15261,0.15363,0.15198,0.15352,3195308.0,2025-06-25 07:59:59.999,488696.44004,4196,1845830.0,282472.66824
2025-06-25 08:00:00,0.15352,0.15368,0.15169,0.15273,3489030.0,2025-06-25 08:59:59.999,531282.14154,4484,1432344.0,218192.37209
2025-06-25 09:00:00,0.15275,0.15391,0.15218,0.15251,5085868.0,2025-06-25 09:59:59.999,778211.74911,6223,2692042.0,411946.00378
2025-06-25 10:00:00,0.1525,0.15324,0.15176,0.15323,3529635.0,2025-06-25 10:59:59.999,538183.40673,5015,1681301.0,256438.28659
2025-06-25 11:00:00,0.15323,0.15358,0.15211,0.15345,2991030.0,2025-06-25 11:59:59.999,457636.19048,4277,1668784.0,255396.52263
2025-06-25 12:00:00,0.15344,0.15344,0.15213,0.15271,2658690.0,2025-06-25 12:59:59.999,405650.88879,4361,1061145.0,161917.26986
2025-06-25 13:00:00,0.1527,0.15487,0.15246,0.15432,8107557.0,2025-06-25 13:59:59.999,1246804.74158,9626,4075130.0,626560.04157
2025-06-25 14:00:00,0.15432,0.15447,0.15163,0.15281,7459708.0,2025-06-25 14:59:59.999,1139199.98824,10758,4029745.0,615185.83603
2025-06-25 15:00:00,0.15281,0.15282,0.1494,0.14976,8878200.0,2025-06-25 15:59:59.999,1338380.49072,10111,3547803.0,534220.09944
2025-06-25 16:00:00,0.14975,0.15082,0.14891,0.14968,4779778.0,2025-06-25 16:59:59.999,716346.33388,7119,2325414.0,348829.71369
2025-06-25 17:00:00,0.14967,0.15154,0.14954,0.15093,5633011.0,2025-06-25 17:59:59.999,848912.95287,7488,2825156.0,425766.51712
2025-06-25 18:00:00,0.15093,0.15104,0.14957,0.14978,2858451.0,2025-06-25 18:59:59.999,429171.14608,5132,1448955.0,217452.45358
2025-06-25 19:00:00,0.14978,0.15138,0.14964,0.15094,4035365.0,2025-06-25 19:59:59.999,608076.90762,5452,2282818.0,344033.14789
2025-06-25 20:00:00,0.15093,0.15145,0.15046,0.15137,1860119.0,2025-06-25 20:59:59.999,280756.14155,4054,1066195.0,160920.88888
2025-06-25 21:00:00,0.15136,0.15198,0.15008,0.15053,3504786.0,2025-06-25 21:59:59.999,529213.90165,4884,1849357.0,279394.84541
2025-06-25 22:00:00,0.15055,0.15064,0.14955,0.15003,3379792.0,2025-06-25 22:59:59.999,507074.78681,5876,1676614.0,251570.64725
2025-06-25 23:00:00,0.15002,0.15026,0.14943,0.14982,3472655.0,2025-06-25 23:59:59.999,520145.30885,4902,1878823.0,281413.91055
2025-06-26 00:00:00,0.14983,0.15071,0.14959,0.14984,4638676.0,2025-06-26 00:59:59.999,696529.03541,5127,2255491.0,338824.74362
2025-06-26 01:00:00,0.14982,0.15161,0.14891,0.1507,10590775.0,2025-06-26 01:59:59.999,1591713.27738,10204,5031603.0,755462.31295
2025-06-26 02:00:00,0.1507,0.15149,0.14987,0.15128,5577709.0,2025-06-26 02:59:59.999,841047.38983,7036,3154688.0,475626.99662
2025-06-26 03:00:00,0.15129,0.15258,0.15032,0.15065,8363027.0,2025-06-26 03:59:59.999,1266261.86604,8175,4235927.0,641045.78856
2025-06-26 04:00:00,0.15066,0.15069,0.14928,0.14983,3503761.0,2025-06-26 04:59:59.999,525053.0328,4687,1799651.0,269710.09996
2025-06-26 05:00:00,0.14983,0.14983,0.14811,0.14831,5117708.0,2025-06-26 05:59:59.999,761576.78784,4808,1821214.0,270802.82925
2025-06-26 06:00:00,0.14831,0.1494,0.14801,0.1489,5072800.0,2025-06-26 06:59:59.999,754620.18899,5704,2767055.0,411535.9459
2025-06-26 07:00:00,0.14889,0.15017,0.14876,0.14941,4924779.0,2025-06-26 07:59:59.999,736822.0616,6603,2631048.0,393606.20954
2025-06-26 08:00:00,0.1494,0.15023,0.14856,0.14859,4158268.0,2025-06-26 08:59:59.999,621458.69749,5067,2157711.0,322488.61734
2025-06-26 09:00:00,0.1486,0.14866,0.14669,0.14705,7401550.0,2025-06-26 09:59:59.999,1092021.1498,7544,3465726.0,511284.68773
2025-06-26 10:00:00,0.14704,0.14737,0.14662,0.1468,4111984.0,2025-06-26 10:59:59.999,604130.49942,5945,1901474.0,279414.14966
2025-06-26 11:00:00,0.1468,0.14681,0.14516,0.14545,15982242.0,2025-06-26 11:59:59.999,2328885.05389,11463,10894023.0,1587468.11069
2025-06-26 12:00:00,0.14546,0.14592,0.14427,0.14445,6931079.0,2025-06-26 12:59:59.999,1006441.36532,8645,3283593.0,476945.2059
2025-06-26 13:00:00,0.14445,0.14488,0.14357,0.14389,10989578.0,2025-06-26 13:59:59.999,1584539.79241,12210,5342360.0,770432.23078
2025-06-26 14:00:00,0.14388,0.14608,0.14305,0.14493,8856667.0,2025-06-26 14:59:59.999,1281698.1818,10033,4205336.0,608850.63718
2025-06-26 15:00:00,0.14494,0.14552,0.14377,0.14457,5903041.0,2025-06-26 15:59:59.999,854282.34315,8690,2969868.0,429736.44
2025-06-26 16:00:00,0.14456,0.14468,0.14251,0.14285,8262298.0,2025-06-26 16:59:59.999,1183107.80675,9826,4363050.0,624608.36414
2025-06-26 17:00:00,0.14285,0.1441,0.14275,0.14298,5397751.0,2025-06-26 17:59:59.999,773958.86543,6894,2709212.0,388473.4635
2025-06-26 18:00:00,0.14298,0.14381,0.14244,0.14276,5270588.0,2025-06-26 18:59:59.999,753735.89179,6981,2216890.0,317121.74465
2025-06-26 19:00:00,0.14274,0.14451,0.14267,0.14382,5184054.0,2025-06-26 19:59:59.999,744994.83185,7337,3143935.0,451984.51481
2025-06-26 20:00:00,0.14381,0.14541,0.14351,0.14447,5914614.0,2025-06-26 20:59:59.999,854871.90728,8042,2977550.0,430260.20534
2025-06-26 21:00:00,0.14446,0.14447,0.1424,0.14351,6334374.0,2025-06-26 21:59:59.999,908726.65518,6503,2947839.0,422896.40744
2025-06-26 22:00:00,0.1435,0.14423,0.14196,0.14207,6744649.0,2025-06-26 22:59:59.999,964224.61316,7124,3398593.0,486067.10029
2025-06-26 23:00:00,0.14208,0.14279,0.14193,0.14277,3483909.0,2025-06-26 23:59:59.999,496349.21248,4440,2100331.0,299248.25562
2025-06-27 00:00:00,0.14278,0.14336,0.14178,0.14184,5527792.0,2025-06-27 00:59:59.999,788512.70506,6518,2749376.0,392361.45876
2025-06-27 01:00:00,0.14184,0.14416,0.14143,0.14382,7839017.0,2025-06-27 01:59:59.999,1122569.75461,11526,5345109.0,765610.91616
2025-06-27 02:00:00,0.14383,0.14461,0.14364,0.14423,4879160.0,2025-06-27 02:59:59.999,703859.23092,7673,3292342.0,474941.98584
2025-06-27 03:00:00,0.14423,0.14467,0.14372,0.14416,4334379.0,2025-06-27 03:59:59.999,625259.72051,6686,2857739.0,412225.27565
2025-06-27 04:00:00,0.14415,0.14415,0.14316,0.14333,3214522.0,2025-06-27 04:59:59.999,461164.63663,3838,1605758.0,230348.95496
2025-06-27 05:00:00,0.14332,0.14412,0.14266,0.1427,2925772.0,2025-06-27 05:59:59.999,418801.3494,3731,1334518.0,191027.01529
2025-06-27 06:00:00,0.1427,0.14379,0.14257,0.14335,2928247.0,2025-06-27 06:59:59.999,419481.31822,4214,1532246.0,219517.20363
2025-06-27 07:00:00,0.14334,0.14437,0.14251,0.14295,4063266.0,2025-06-27 07:59:59.999,582311.23776,4631,2446234.0,350732.80658
2025-06-27 08:00:00,0.14295,0.14523,0.14295,0.14474,4931092.0,2025-06-27 08:59:59.999,709623.79008,6783,3048703.0,438561.51031
2025-06-27 09:00:00,0.14474,0.1449,0.14407,0.14446,5209481.0,2025-06-27 09:59:59.999,752381.06649,6610,3248799.0,469223.97336
2025-06-27 10:00:00,0.14447,0.14475,0.1441,0.14445,3645706.0,2025-06-27 10:59:59.999,526434.11779,4955,2188583.0,316046.32838
2025-06-27 11:00:00,0.14445,0.14524,0.14428,0.14513,1939816.0,2025-06-27 11:59:59.999,280776.22835,3301,1094305.0,158408.21067
2025-06-27 12:00:00,0.14514,0.14587,0.14387,0.14407,7218773.0,2025-06-27 12:59:59.999,1047973.04065,8602,3792343.0,550883.62389
2025-06-27 13:00:00,0.14407,0.14474,0.14343,0.14465,4195104.0,2025-06-27 13:59:59.999,604702.0102,6570,1964930.0,283401.59881
2025-06-27 14:00:00,0.14466,0.14553,0.14396,0.14413,5146054.0,2025-06-27 14:59:59.999,744255.43662,7725,2238919.0,323832.25034
2025-06-27 15:00:00,0.14412,0.14594,0.1438,0.14577,4396663.0,2025-06-27 15:59:59.999,637461.92259,7194,2642123.0,383056.89962
2025-06-27 16:00:00,0.14578,0.14786,0.14545,0.14708,7993384.0,2025-06-27 16:59:59.999,1173347.24023,9318,4645055.0,681902.30969
2025-06-27 17:00:00,0.14707,0.1471,0.14433,0.14479,5314148.0,2025-06-27 17:59:59.999,772559.182,8165,2192324.0,318742.16512
2025-06-27 18:00:00,0.14478,0.145,0.14315,0.14376,3651070.0,2025-06-27 18:59:59.999,525290.66107,8372,1666861.0,239859.34975
2025-06-27 19:00:00,0.14375,0.14509,0.14361,0.14469,3602860.0,2025-06-27 19:59:59.999,520746.30714,6027,1651665.0,238753.9181
2025-06-27 20:00:00,0.14468,0.14597,0.14453,0.14593,2988085.0,2025-06-27 20:59:59.999,434433.36221,4664,1520800.0,221074.23567
2025-06-27 21:00:00,0.14594,0.14745,0.14591,0.14651,4190047.0,2025-06-27 21:59:59.999,614487.46428,4484,2280054.0,334378.62659
2025-06-27 22:00:00,0.14651,0.14705,0.14645,0.14659,3501066.0,2025-06-27 22:59:59.999,513526.35111,3800,2135211.0,313175.43517
2025-06-27 23:00:00,0.14659,0.14659,0.14568,0.14599,2297355.0,2025-06-27 23:59:59.999,335569.26932,3615,1006902.0,147092.33985
2025-06-28 00:00:00,0.146,0.14626,0.14559,0.14564,2687617.0,2025-06-28 00:59:59.999,392181.61302,3515,861569.0,125757.82624
2025-06-28 01:00:00,0.14564,0.14654,0.1451,0.14638,3363595.0,2025-06-28 01:59:59.999,489519.94265,3826,1759919.0,256209.158
2025-06-28 02:00:00,0.14639,0.14706,0.14594,0.14609,3565892.0,2025-06-28 02:59:59.999,522429.47087,4861,2034483.0,298084.61191
2025-06-28 03:00:00,0.1461,0.14619,0.14575,0.14585,1595494.0,2025-06-28 03:59:59.999,232845.48826,2462,766590.0,111882.05078
2025-06-28 04:00:00,0.14585,0.14607,0.14541,0.14556,2507739.0,2025-06-28 04:59:59.999,365377.12051,2777,1116987.0,162800.54199
2025-06-28 05:00:00,0.14556,0.14661,0.14556,0.14646,2820072.0,2025-06-28 05:59:59.999,412395.24978,3419,1590058.0,232458.30627
2025-06-28 06:00:00,0.14646,0.14727,0.14645,0.14726,2185828.0,2025-06-28 06:59:59.999,321091.32305,2549,1266671.0,186067.49665
2025-06-28 07:00:00,0.14727,0.14789,0.14669,0.14784,1923099.0,2025-06-28 07:59:59.999,283082.90734,2894,1038867.0,152935.63372
2025-06-28 08:00:00,0.14784,0.14798,0.14728,0.14758,2002986.0,2025-06-28 08:59:59.999,295640.5048,3225,1176094.0,173614.55433
2025-06-28 09:00:00,0.14757,0.14794,0.14714,0.14771,3032836.0,2025-06-28 09:59:59.999,447815.89215,2834,1949597.0,287984.81732
2025-06-28 10:00:00,0.14772,0.14831,0.14772,0.14792,1922541.0,2025-06-28 10:59:59.999,284691.76868,2436,1069271.0,158318.15103
2025-06-28 11:00:00,0.14793,0.14832,0.14695,0.14698,6770214.0,2025-06-28 11:59:59.999,999478.37768,3340,3274124.0,483245.72539
2025-06-28 12:00:00,0.14698,0.14711,0.1465,0.14661,3533065.0,2025-06-28 12:59:59.999,518743.76387,3031,1649484.0,242153.2208
2025-06-28 13:00:00,0.14662,0.14687,0.14606,0.14618,3260746.0,2025-06-28 13:59:59.999,477302.61524,2667,1053289.0,154246.92773
2025-06-28 14:00:00,0.14618,0.14674,0.1459,0.14646,2750161.0,2025-06-28 14:59:59.999,402484.90536,3117,1366825.0,200070.10963
2025-06-28 15:00:00,0.14647,0.14768,0.14632,0.14744,2301484.0,2025-06-28 15:59:59.999,338111.09096,3050,1168659.0,171657.5209
2025-06-28 16:00:00,0.14744,0.14794,0.14698,0.14713,2800582.0,2025-06-28 16:59:59.999,412748.0436,4437,1352889.0,199437.36328
2025-06-28 17:00:00,0.14713,0.14827,0.1469,0.14803,7531249.0,2025-06-28 17:59:59.999,1113009.69981,4702,5519961.0,816121.55554
2025-06-28 18:00:00,0.14804,0.14813,0.14741,0.14795,2357939.0,2025-06-28 18:59:59.999,348351.3746,3396,1179221.0,174196.88127
2025-06-28 19:00:00,0.14796,0.14834,0.14761,0.14767,2887287.0,2025-06-28 19:59:59.999,427179.15234,3359,1299261.0,192281.52642
2025-06-28 20:00:00,0.14767,0.14776,0.14718,0.14718,2961394.0,2025-06-28 20:59:59.999,436733.36069,3069,1317188.0,194300.60407
2025-06-28 21:00:00,0.14717,0.14845,0.14713,0.14841,1686984.0,2025-06-28 21:59:59.999,249334.83579,2067,1034950.0,152985.0014
2025-06-28 22:00:00,0.1484,0.14875,0.14823,0.14842,6601380.0,2025-06-28 22:59:59.999,980221.9396,5637,4899076.0,727464.79365
2025-06-28 23:00:00,0.14842,0.14851,0.14773,0.14779,1629996.0,2025-06-28 23:59:59.999,241247.25823,2569,806719.0,119413.64964
2025-06-29 00:00:00,0.14779,0.14837,0.14753,0.14799,2561208.0,2025-06-29 00:59:59.999,378916.08595,3600,1284686.0,190070.28144
2025-06-29 01:00:00,0.14799,0.14803,0.14717,0.14725,1675180.0,2025-06-29 01:59:59.999,247200.23152,2578,955433.0,141002.43586
2025-06-29 02:00:00,0.14723,0.14736,0.14677,0.14701,1940470.0,2025-06-29 02:59:59.999,285344.75317,2595,853339.0,125483.98729
2025-06-29 03:00:00,0.14701,0.14737,0.14674,0.14676,1925662.0,2025-06-29 03:59:59.999,283104.37966,1998,722560.0,106275.29114
2025-06-29 04:00:00,0.14676,0.14703,0.14664,0.14683,1103252.0,2025-06-29 04:59:59.999,161998.65356,1655,584271.0,85794.02375
2025-06-29 05:00:00,0.14682,0.14714,0.14659,0.1471,1041595.0,2025-06-29 05:59:59.999,152894.1736,1651,549795.0,80694.08136
2025-06-29 06:00:00,0.1471,0.14765,0.1471,0.14764,1688051.0,2025-06-29 06:59:59.999,248788.96473,1782,988175.0,145639.54077
2025-06-29 07:00:00,0.14764,0.14813,0.14724,0.14813,1956188.0,2025-06-29 07:59:59.999,288971.94873,2315,1077517.0,159223.86345
2025-06-29 08:00:00,0.14814,0.14863,0.148,0.14856,2161293.0,2025-06-29 08:59:59.999,320574.05151,3364,1171748.0,173786.9797
2025-06-29 09:00:00,0.14856,0.149,0.14807,0.14872,3347849.0,2025-06-29 09:59:59.999,497677.5873,3758,2227491.0,331223.01249
2025-06-29 10:00:00,0.14871,0.14909,0.14826,0.14874,6867248.0,2025-06-29 10:59:59.999,1022425.61497,4462,4454175.0,663343.56429
2025-06-29 11:00:00,0.14875,0.14881,0.14824,0.14855,1873169.0,2025-06-29 11:59:59.999,278136.29607,2371,817297.0,121360.15831
2025-06-29 12:00:00,0.14855,0.14883,0.14815,0.14844,1876750.0,2025-06-29 12:59:59.999,278686.38474,2487,926964.0,137658.15208
2025-06-29 13:00:00,0.14845,0.14915,0.14802,0.14807,3560880.0,2025-06-29 13:59:59.999,529171.45001,3660,2023527.0,300854.92653
2025-06-29 14:00:00,0.14808,0.14878,0.14772,0.1478,2404995.0,2025-06-29 14:59:59.999,356267.59084,2902,986647.0,146239.3013
2025-06-29 15:00:00,0.1478,0.14818,0.14718,0.14729,3459722.0,2025-06-29 15:59:59.999,510529.32394,3504,1844553.0,272097.14333
2025-06-29 16:00:00,0.1473,0.14784,0.14702,0.14777,2074449.0,2025-06-29 16:59:59.999,305729.50588,2956,1105875.0,162998.82318
2025-06-29 17:00:00,0.14777,0.14798,0.14707,0.14787,1672430.0,2025-06-29 17:59:59.999,246744.61688,2201,770127.0,113663.94397
2025-06-29 18:00:00,0.14787,0.14885,0.14777,0.14866,2754041.0,2025-06-29 18:59:59.999,408552.62206,2295,1442306.0,213935.68611
2025-06-29 19:00:00,0.14866,0.14902,0.1483,0.14878,2880545.0,2025-06-29 19:59:59.999,428116.75808,2909,1136448.0,168991.52621
2025-06-29 20:00:00,0.14877,0.14903,0.14804,0.14807,3810359.0,2025-06-29 20:59:59.999,565801.98924,3692,1299850.0,192978.05018
2025-06-29 21:00:00,0.14807,0.14948,0.14758,0.14943,3269741.0,2025-06-29 21:59:59.999,486082.03474,2915,1919953.0,285628.2744
2025-06-29 22:00:00,0.14944,0.1541,0.14936,0.15306,15080500.0,2025-06-29 22:59:59.999,2296117.53187,17448,7621221.0,1160120.38194
2025-06-29 23:00:00,0.15307,0.15372,0.1524,0.1527,6733818.0,2025-06-29 23:59:59.999,1030429.12442,7323,2971501.0,454578.19437
2025-06-30 00:00:00,0.1527,0.15333,0.15207,0.15227,6369662.0,2025-06-30 00:59:59.999,972186.77749,7843,3314525.0,505864.02694
2025-06-30 01:00:00,0.15227,0.15227,0.15131,0.15177,3816597.0,2025-06-30 01:59:59.999,579509.08227,5341,1898531.0,288290.79897
2025-06-30 02:00:00,0.15178,0.15196,0.15141,0.15155,2690166.0,2025-06-30 02:59:59.999,408017.89626,2879,827666.0,125535.51839
2025-06-30 03:00:00,0.15156,0.152,0.15117,0.15164,1830812.0,2025-06-30 03:59:59.999,277603.01993,2723,1053591.0,159793.64618
2025-06-30 04:00:00,0.15164,0.15183,0.1505,0.15061,2743522.0,2025-06-30 04:59:59.999,414351.82294,3209,1274366.0,192625.98322
2025-06-30 05:00:00,0.1506,0.15125,0.15043,0.15121,2315684.0,2025-06-30 05:59:59.999,349371.91428,2844,1234092.0,186188.00868
2025-06-30 06:00:00,0.1512,0.1519,0.14953,0.14983,3782172.0,2025-06-30 06:59:59.999,570492.83643,4602,1948106.0,293936.25805
2025-06-30 07:00:00,0.14982,0.15066,0.14958,0.15048,1836223.0,2025-06-30 07:59:59.999,275817.76545,2516,984510.0,147901.02353
2025-06-30 08:00:00,0.15049,0.15062,0.14885,0.14896,6730600.0,2025-06-30 08:59:59.999,1006637.85182,4500,2292095.0,343274.22459
2025-06-30 09:00:00,0.14897,0.14946,0.14831,0.14833,3062430.0,2025-06-30 09:59:59.999,455979.00033,3849,1572608.0,234220.73858
2025-06-30 10:00:00,0.14834,0.14896,0.14825,0.14886,2462429.0,2025-06-30 10:59:59.999,366176.89243,3254,833848.0,123965.43809
2025-06-30 11:00:00,0.14886,0.15022,0.14871,0.14997,3385808.0,2025-06-30 11:59:59.999,506108.55187,4056,1824362.0,272660.93719
2025-06-30 12:00:00,0.14999,0.15084,0.14908,0.14937,4973748.0,2025-06-30 12:59:59.999,746178.39884,4992,2416260.0,362542.44522
2025-06-30 13:00:00,0.14937,0.15051,0.14861,0.14894,4329945.0,2025-06-30 13:59:59.999,647741.95518,6425,1753701.0,262422.194
2025-06-30 14:00:00,0.14895,0.1491,0.14766,0.14805,13538875.0,2025-06-30 14:59:59.999,2008429.12015,9675,7619720.0,1130416.4199
2025-06-30 15:00:00,0.14806,0.15052,0.14755,0.14974,10702432.0,2025-06-30 15:59:59.999,1595888.68623,13709,5432647.0,810096.43334
2025-06-30 16:00:00,0.14975,0.15026,0.1491,0.14981,7371962.0,2025-06-30 16:59:59.999,1102754.65881,6650,2829557.0,423494.32008
2025-06-30 17:00:00,0.14981,0.15003,0.14933,0.14957,3565741.0,2025-06-30 17:59:59.999,533746.89562,5082,1902955.0,284846.99595
2025-06-30 18:00:00,0.14956,0.14992,0.14866,0.14941,3021554.0,2025-06-30 18:59:59.999,451043.87927,4452,1274335.0,190221.74069
2025-06-30 19:00:00,0.14939,0.15329,0.14937,0.15301,9751247.0,2025-06-30 19:59:59.999,1479992.02742,11796,5171164.0,784492.05426
2025-06-30 20:00:00,0.15301,0.15318,0.15158,0.15197,4272151.0,2025-06-30 20:59:59.999,650395.19488,7018,1874581.0,285410.08691
2025-06-30 21:00:00,0.15198,0.15255,0.15048,0.15089,5331008.0,2025-06-30 21:59:59.999,808452.83277,4730,2385207.0,362029.7483
2025-06-30 22:00:00,0.15089,0.15122,0.15025,0.15041,2426573.0,2025-06-30 22:59:59.999,365776.59804,3904,987327.0,148817.07539
2025-06-30 23:00:00,0.1504,0.15071,0.14957,0.15004,4881306.0,2025-06-30 23:59:59.999,732365.01603,4777,2057097.0,308700.37463
2025-07-01 00:00:00,0.15005,0.15091,0.14924,0.15004,3926990.0,2025-07-01 00:59:59.999,589436.80798,5515,2045338.0,307105.92581
2025-07-01 01:00:00,0.15005,0.15144,0.14979,0.15067,3707360.0,2025-07-01 01:59:59.999,558472.98036,4949,2347309.0,353602.26867
2025-07-01 02:00:00,0.15065,0.15165,0.15044,0.15059,3026888.0,2025-07-01 02:59:59.999,457089.99627,4634,1418756.0,214242.37455
2025-07-01 03:00:00,0.15059,0.15151,0.15033,0.15135,4133058.0,2025-07-01 03:59:59.999,623281.27023,4039,2320826.0,349866.80731
2025-07-01 04:00:00,0.15136,0.1516,0.15001,0.15022,3693606.0,2025-07-01 04:59:59.999,557154.11468,4721,1583924.0,239052.56354
2025-07-01 05:00:00,0.15023,0.15062,0.14898,0.14971,4351897.0,2025-07-01 05:59:59.999,651029.93824,5795,1762781.0,263742.9331
2025-07-01 06:00:00,0.14971,0.15024,0.14893,0.14988,2875275.0,2025-07-01 06:59:59.999,429851.60609,3886,1572458.0,235131.96637
2025-07-01 07:00:00,0.14989,0.15041,0.14867,0.14999,4506777.0,2025-07-01 07:59:59.999,673071.57108,5999,2615114.0,390386.23508
2025-07-01 08:00:00,0.14999,0.15036,0.1484,0.14853,3954379.0,2025-07-01 08:59:59.999,590773.52335,4173,2036584.0,304419.74389
2025-07-01 09:00:00,0.14853,0.14913,0.14799,0.14869,3762675.0,2025-07-01 09:59:59.999,558933.82752,4528,1771839.0,263237.00114
2025-07-01 10:00:00,0.1487,0.14935,0.14829,0.14901,3387142.0,2025-07-01 10:59:59.999,503859.81352,3927,1780187.0,264879.78547
2025-07-01 11:00:00,0.149,0.14902,0.14789,0.14807,2249208.0,2025-07-01 11:59:59.999,333601.78556,3811,1053324.0,156263.82291
2025-07-01 12:00:00,0.14807,0.1483,0.14633,0.14668,4345281.0,2025-07-01 12:59:59.999,638796.69269,6036,1829949.0,268992.64493
2025-07-01 13:00:00,0.14668,0.14802,0.14637,0.14777,6068088.0,2025-07-01 13:59:59.999,892928.26553,8785,2730182.0,401624.92062
2025-07-01 14:00:00,0.14778,0.14846,0.14573,0.14634,7779428.0,2025-07-01 14:59:59.999,1142574.4067,11168,3662200.0,538046.587
2025-07-01 15:00:00,0.14633,0.14674,0.14565,0.14585,4346413.0,2025-07-01 15:59:59.999,634789.38555,6311,1717333.0,250880.54195
2025-07-01 16:00:00,0.14586,0.14679,0.14528,0.14582,4311299.0,2025-07-01 16:59:59.999,629147.9519,4824,1555707.0,227151.85063
2025-07-01 17:00:00,0.14582,0.14635,0.14528,0.14576,7794227.0,2025-07-01 17:59:59.999,1136192.48351,4667,2010484.0,292877.30923
2025-07-01 18:00:00,0.14577,0.14581,0.14386,0.14415,6961434.0,2025-07-01 18:59:59.999,1006303.94995,8031,3191791.0,461373.065
2025-07-01 19:00:00,0.14415,0.14464,0.14356,0.14358,5686135.0,2025-07-01 19:59:59.999,819448.09522,6937,3572768.0,514890.02499
2025-07-01 20:00:00,0.14359,0.14497,0.14289,0.14478,6531283.0,2025-07-01 20:59:59.999,939216.13284,6462,3649076.0,524766.0425
2025-07-01 21:00:00,0.14478,0.1454,0.14405,0.14474,4918369.0,2025-07-01 21:59:59.999,711291.33084,4361,3087979.0,446642.26913
2025-07-01 22:00:00,0.14473,0.14486,0.14398,0.14424,2605243.0,2025-07-01 22:59:59.999,376388.35744,3679,1428168.0,206327.42457
2025-07-01 23:00:00,0.14424,0.1448,0.1438,0.14471,3751656.0,2025-07-01 23:59:59.999,541393.63126,3927,1545780.0,223061.08779
2025-07-02 00:00:00,0.14471,0.14513,0.14376,0.14389,3314551.0,2025-07-02 00:59:59.999,479318.27091,4724,1391629.0,201195.54724
2025-07-02 01:00:00,0.14391,0.14474,0.14314,0.14461,3331971.0,2025-07-02 01:59:59.999,479932.62529,4930,2003471.0,288685.69529
2025-07-02 02:00:00,0.14461,0.1449,0.14399,0.14475,2218117.0,2025-07-02 02:59:59.999,320337.47134,2799,1116661.0,161256.28237
2025-07-02 03:00:00,0.14476,0.14565,0.14466,0.14521,2774578.0,2025-07-02 03:59:59.999,402886.91058,3060,1695547.0,246240.70783
2025-07-02 04:00:00,0.14521,0.14676,0.14498,0.14672,3905568.0,2025-07-02 04:59:59.999,569660.01574,3453,2528480.0,368884.3985
2025-07-02 05:00:00,0.14672,0.14704,0.14617,0.14689,3069688.0,2025-07-02 05:59:59.999,450389.15164,3595,1775957.0,260499.2195
2025-07-02 06:00:00,0.14689,0.14775,0.14677,0.14766,4920067.0,2025-07-02 06:59:59.999,724714.68088,4373,2782412.0,409921.59351
2025-07-02 07:00:00,0.14766,0.1479,0.14714,0.14771,2631250.0,2025-07-02 07:59:59.999,388258.13397,3147,1544914.0,227939.90818
2025-07-02 08:00:00,0.14772,0.14806,0.14757,0.14797,3623743.0,2025-07-02 08:59:59.999,535776.49675,3673,2193399.0,324266.43957
2025-07-02 09:00:00,0.14798,0.14833,0.14693,0.14699,2461146.0,2025-07-02 09:59:59.999,363382.22261,2891,1113916.0,164461.18442
2025-07-02 10:00:00,0.147,0.14778,0.14665,0.14778,2587349.0,2025-07-02 10:59:59.999,380516.83568,2470,1249430.0,183817.68018
2025-07-02 11:00:00,0.14777,0.14855,0.14696,0.14712,3303925.0,2025-07-02 11:59:59.999,487959.64348,3452,1860582.0,274811.16284
2025-07-02 12:00:00,0.14711,0.14715,0.14591,0.14663,4270955.0,2025-07-02 12:59:59.999,625227.40807,4693,1619571.0,237003.51593
2025-07-02 13:00:00,0.14663,0.14868,0.14652,0.14812,4944290.0,2025-07-02 13:59:59.999,730826.13428,5948,3131140.0,462768.93911
2025-07-02 14:00:00,0.14812,0.14941,0.14804,0.14926,5198601.0,2025-07-02 14:59:59.999,773109.22743,7219,3147165.0,468038.87923
2025-07-02 15:00:00,0.14926,0.15111,0.14917,0.15104,9305239.0,2025-07-02 15:59:59.999,1399314.6481,11705,4909727.0,738390.50044
2025-07-02 16:00:00,0.15104,0.15483,0.15104,0.15448,19245211.0,2025-07-02 16:59:59.999,2949212.44346,22385,10838952.0,1660293.86238
2025-07-02 17:00:00,0.15448,0.1552,0.15246,0.15363,17527393.0,2025-07-02 17:59:59.999,2702782.34995,16242,10502360.0,1620789.07297
2025-07-02 18:00:00,0.15364,0.15494,0.15364,0.15484,5029525.0,2025-07-02 18:59:59.999,776553.895,7129,3036309.0,468734.31864
2025-07-02 19:00:00,0.15485,0.15659,0.15434,0.15645,8055861.0,2025-07-02 19:59:59.999,1253016.77464,11045,4876170.0,758452.59041
2025-07-02 20:00:00,0.15645,0.15918,0.15583,0.1564,24437435.0,2025-07-02 20:59:59.999,3843778.67206,23059,13145383.0,2068260.18818
2025-07-02 21:00:00,0.1564,0.15704,0.15589,0.1567,4981288.0,2025-07-02 21:59:59.999,780012.15054,5137,2755690.0,431508.41305
2025-07-02 22:00:00,0.15671,0.15775,0.15659,0.15662,5539270.0,2025-07-02 22:59:59.999,870189.42371,6145,2829181.0,444571.49828
2025-07-02 23:00:00,0.15662,0.15682,0.15515,0.15536,6416338.0,2025-07-02 23:59:59.999,999658.87534,5860,3193341.0,497526.98507
2025-07-03 00:00:00,0.15536,0.15621,0.15483,0.15547,4254960.0,2025-07-03 00:59:59.999,661687.9032,7053,2572892.0,400131.94741
2025-07-03 01:00:00,0.15547,0.15638,0.15512,0.15626,3478791.0,2025-07-03 01:59:59.999,542287.71389,5155,2186167.0,340845.67458
2025-07-03 02:00:00,0.15626,0.1563,0.155,0.1555,3678174.0,2025-07-03 02:59:59.999,572020.5315,4443,1779331.0,276696.95163
2025-07-03 03:00:00,0.15549,0.15643,0.15525,0.15525,2615045.0,2025-07-03 03:59:59.999,407395.46616,3910,1408539.0,219435.84324
2025-07-03 04:00:00,0.15524,0.15661,0.15502,0.15645,3198707.0,2025-07-03 04:59:59.999,498950.69662,4662,1757272.0,274128.52603
2025-07-03 05:00:00,0.15647,0.15917,0.15647,0.15913,8346533.0,2025-07-03 05:59:59.999,1319529.14745,8450,5385954.0,851252.46014
2025-07-03 06:00:00,0.15914,0.16012,0.15864,0.15982,6130716.0,2025-07-03 06:59:59.999,977789.22891,6367,3340379.0,532954.48196
2025-07-03 07:00:00,0.15981,0.16083,0.15933,0.16054,4879898.0,2025-07-03 07:59:59.999,781233.3991,6121,3240853.0,518948.7975
2025-07-03 08:00:00,0.16053,0.16112,0.1593,0.1593,9146531.0,2025-07-03 08:59:59.999,1467139.89606,6290,4509679.0,724400.34013
2025-07-03 09:00:00,0.1593,0.16103,0.15905,0.16066,7007932.0,2025-07-03 09:59:59.999,1122626.58604,6465,3149585.0,504876.89405
2025-07-03 10:00:00,0.16067,0.16096,0.15942,0.16027,4996150.0,2025-07-03 10:59:59.999,799614.12086,6969,2200651.0,352235.61146
2025-07-03 11:00:00,0.16028,0.16087,0.15905,0.15944,5379275.0,2025-07-03 11:59:59.999,858845.89965,5355,2589865.0,413728.34792
2025-07-03 12:00:00,0.15944,0.16227,0.15867,0.16038,17085966.0,2025-07-03 12:59:59.999,2736437.98861,18161,8905266.0,1426941.1196
2025-07-03 13:00:00,0.16037,0.16247,0.15938,0.16199,19138242.0,2025-07-03 13:59:59.999,3074770.08532,21470,9665849.0,1553533.95413
2025-07-03 14:00:00,0.16199,0.16276,0.16,0.16043,10513745.0,2025-07-03 14:59:59.999,1693350.72452,13588,5156100.0,830702.81331
2025-07-03 15:00:00,0.16041,0.1607,0.15734,0.15763,12014242.0,2025-07-03 15:59:59.999,1910346.1873,12898,5297520.0,842895.54557
2025-07-03 16:00:00,0.15763,0.15879,0.1571,0.15838,6593534.0,2025-07-03 16:59:59.999,1041185.95586,7660,3476830.0,549258.21658
2025-07-03 17:00:00,0.1584,0.15929,0.15837,0.15903,2140250.0,2025-07-03 17:59:59.999,340001.15312,3228,964026.0,153134.69862
2025-07-03 18:00:00,0.15904,0.15931,0.15829,0.15908,1900882.0,2025-07-03 18:59:59.999,301990.19845,3220,862957.0,137086.50266
2025-07-03 19:00:00,0.15907,0.15937,0.15842,0.15855,2139043.0,2025-07-03 19:59:59.999,340180.65203,3247,968058.0,153951.17175
2025-07-03 20:00:00,0.15856,0.16003,0.15851,0.16001,3368418.0,2025-07-03 20:59:59.999,537405.43675,3642,2011510.0,320887.56272
2025-07-03 21:00:00,0.16001,0.16068,0.15975,0.16043,4400433.0,2025-07-03 21:59:59.999,705453.94741,3789,2500205.0,400919.80978
2025-07-03 22:00:00,0.16041,0.16057,0.1596,0.15975,2674920.0,2025-07-03 22:59:59.999,428239.19861,3422,1112721.0,178106.74125
2025-07-03 23:00:00,0.15975,0.16024,0.1584,0.15901,3277771.0,2025-07-03 23:59:59.999,521541.35368,3006,1222928.0,194415.49152
2025-07-04 00:00:00,0.15902,0.1607,0.15895,0.16051,4015281.0,2025-07-04 00:59:59.999,641110.55824,4919,2268448.0,362264.13598
2025-07-04 01:00:00,0.16051,0.16271,0.16036,0.16072,11441668.0,2025-07-04 01:59:59.999,1848621.75842,8912,6240709.0,1008561.52074
2025-07-04 02:00:00,0.16073,0.16073,0.1587,0.15917,6130770.0,2025-07-04 02:59:59.999,978613.45299,6909,2421088.0,386299.90647
2025-07-04 03:00:00,0.15916,0.15968,0.15827,0.15827,2727622.0,2025-07-04 03:59:59.999,433822.10757,3682,1258456.0,200184.48815
2025-07-04 04:00:00,0.15826,0.15826,0.15679,0.15687,4874571.0,2025-07-04 04:59:59.999,768831.2938,4539,2331339.0,367762.16297
2025-07-04 05:00:00,0.15687,0.15829,0.15681,0.15739,3386787.0,2025-07-04 05:59:59.999,533465.34837,4686,1727087.0,272083.6019
2025-07-04 06:00:00,0.1574,0.15754,0.15593,0.15606,4259700.0,2025-07-04 06:59:59.999,666965.12639,5354,2301718.0,360277.45644
2025-07-04 07:00:00,0.15606,0.15652,0.15455,0.15462,6134170.0,2025-07-04 07:59:59.999,952896.55653,6928,2682312.0,416899.98727
2025-07-04 08:00:00,0.15463,0.15587,0.1534,0.15567,5471499.0,2025-07-04 08:59:59.999,846350.33318,5523,2795374.0,432738.8488
2025-07-04 09:00:00,0.15566,0.15651,0.15553,0.15575,3546398.0,2025-07-04 09:59:59.999,553383.5037,2798,1983564.0,309616.31078
2025-07-04 10:00:00,0.15576,0.15602,0.15501,0.15521,1515044.0,2025-07-04 10:59:59.999,235516.8496,2023,568813.0,88420.35968
2025-07-04 11:00:00,0.1552,0.15596,0.15497,0.1555,2056614.0,2025-07-04 11:59:59.999,319600.72136,2367,888156.0,138094.67195
2025-07-04 12:00:00,0.15551,0.15611,0.15521,0.15605,2401465.0,2025-07-04 12:59:59.999,373844.60877,3263,1325389.0,206327.18409
2025-07-04 13:00:00,0.15603,0.15671,0.15457,0.15479,4014865.0,2025-07-04 13:59:59.999,623838.19032,5107,2029615.0,315549.99264
2025-07-04 14:00:00,0.15478,0.15596,0.15371,0.15556,8491127.0,2025-07-04 14:59:59.999,1314693.43067,8783,3804257.0,589750.57753
2025-07-04 15:00:00,0.15554,0.15586,0.15392,0.15401,4528286.0,2025-07-04 15:59:59.999,701079.15601,7500,2021823.0,313013.26443
2025-07-04 16:00:00,0.154,0.1543,0.15201,0.15316,7962415.0,2025-07-04 16:59:59.999,1219380.03227,10182,3223246.0,493563.24892
2025-07-04 17:00:00,0.15316,0.15388,0.15258,0.15382,5090605.0,2025-07-04 17:59:59.999,779891.24735,6218,2985552.0,457369.85175
2025-07-04 18:00:00,0.15382,0.15382,0.1528,0.15343,4700720.0,2025-07-04 18:59:59.999,720933.08719,5385,1335960.0,204773.30806
2025-07-04 19:00:00,0.15343,0.15346,0.15194,0.15201,3878534.0,2025-07-04 19:59:59.999,591987.05685,4518,1120784.0,171082.71857
2025-07-04 20:00:00,0.152,0.15297,0.15182,0.15237,4307019.0,2025-07-04 20:59:59.999,656767.49333,5742,2316243.0,353224.25843
2025-07-04 21:00:00,0.15236,0.15324,0.1521,0.1531,2453659.0,2025-07-04 21:59:59.999,374310.15311,2301,1161989.0,177227.50374
2025-07-04 22:00:00,0.15308,0.15413,0.15295,0.15405,3275096.0,2025-07-04 22:59:59.999,503139.72913,3507,1752534.0,269270.33746
2025-07-04 23:00:00,0.15406,0.15409,0.15277,0.15305,2402218.0,2025-07-04 23:59:59.999,368437.75283,2700,814685.0,124935.81455
2025-07-05 00:00:00,0.15304,0.15371,0.15294,0.1535,2317600.0,2025-07-05 00:59:59.999,355416.91579,3161,1283043.0,196745.45994
2025-07-05 01:00:00,0.1535,0.1535,0.15267,0.15325,2394303.0,2025-07-05 01:59:59.999,366393.08471,3195,999326.0,152911.59758
2025-07-05 02:00:00,0.15324,0.15404,0.15252,0.15386,2774586.0,2025-07-05 02:59:59.999,425312.34137,3229,1333064.0,204563.37557
2025-07-05 03:00:00,0.15384,0.15467,0.15383,0.15442,2556588.0,2025-07-05 03:59:59.999,394534.86252,3580,1352151.0,208640.91869
2025-07-05 04:00:00,0.1544,0.1548,0.15383,0.15394,2674705.0,2025-07-05 04:59:59.999,412444.33213,2913,1186371.0,182953.82128
2025-07-05 05:00:00,0.15393,0.15477,0.15341,0.15467,2654875.0,2025-07-05 05:59:59.999,409457.0972,2802,1726784.0,266540.10273
2025-07-05 06:00:00,0.15468,0.15561,0.15447,0.1556,3226038.0,2025-07-05 06:59:59.999,500232.24658,3287,2272980.0,352423.36031
2025-07-05 07:00:00,0.15561,0.15564,0.15466,0.15497,1652317.0,2025-07-05 07:59:59.999,256208.72019,2273,717090.0,111184.8603
2025-07-05 08:00:00,0.15498,0.15601,0.15476,0.15532,3254680.0,2025-07-05 08:59:59.999,506144.767,3830,1492528.0,232018.93202
2025-07-05 09:00:00,0.15533,0.15625,0.15456,0.15606,2326452.0,2025-07-05 09:59:59.999,361369.94377,3335,1245728.0,193766.17224
2025-07-05 10:00:00,0.15606,0.15663,0.15529,0.15537,2358778.0,2025-07-05 10:59:59.999,368000.27586,3194,1158482.0,180698.87527
2025-07-05 11:00:00,0.15539,0.15638,0.15539,0.15571,2231628.0,2025-07-05 11:59:59.999,347947.21073,2772,1382182.0,215438.93626
2025-07-05 12:00:00,0.1557,0.15581,0.15421,0.15486,3091315.0,2025-07-05 12:59:59.999,478901.41299,4330,1049961.0,162639.71334
2025-07-05 13:00:00,0.15486,0.15524,0.15434,0.15463,1726400.0,2025-07-05 13:59:59.999,267315.00078,3192,809820.0,125373.39562
2025-07-05 14:00:00,0.15464,0.15553,0.15415,0.15549,3132441.0,2025-07-05 14:59:59.999,484625.85235,3837,1297481.0,200742.81846
2025-07-05 15:00:00,0.15548,0.15579,0.15468,0.15533,2605665.0,2025-07-05 15:59:59.999,404685.58665,3480,1208012.0,187656.7358
2025-07-05 16:00:00,0.15534,0.15669,0.15439,0.15565,13800671.0,2025-07-05 16:59:59.999,2149892.30976,10304,7687538.0,1198457.11782
2025-07-05 17:00:00,0.15564,0.15613,0.15387,0.15469,5164099.0,2025-07-05 17:59:59.999,798945.3224,7445,2033644.0,314758.48534
2025-07-05 18:00:00,0.15469,0.1547,0.15285,0.15302,4285450.0,2025-07-05 18:59:59.999,657780.18743,4979,1689281.0,259290.46798
2025-07-05 19:00:00,0.15303,0.15492,0.15273,0.15477,2370603.0,2025-07-05 19:59:59.999,364969.51603,3071,1399192.0,215514.4701
2025-07-05 20:00:00,0.15476,0.15508,0.15377,0.15475,2962219.0,2025-07-05 20:59:59.999,456840.63249,3328,1276081.0,196875.77443
2025-07-05 21:00:00,0.15474,0.15516,0.15451,0.15491,2588050.0,2025-07-05 21:59:59.999,400724.62986,2576,1227122.0,189968.61115
2025-07-05 22:00:00,0.15491,0.15491,0.15413,0.15482,2259819.0,2025-07-05 22:59:59.999,349046.77927,2781,885813.0,136865.77379
2025-07-05 23:00:00,0.15481,0.15512,0.15395,0.1542,1418226.0,2025-07-05 23:59:59.999,219075.98824,1923,770550.0,119027.78734
2025-07-06 00:00:00,0.15422,0.15427,0.15347,0.15388,2596048.0,2025-07-06 00:59:59.999,399335.05798,2955,1599862.0,246063.95541
2025-07-06 01:00:00,0.15387,0.15389,0.1531,0.15346,2118481.0,2025-07-06 01:59:59.999,325122.87456,2024,797821.0,122423.17938
2025-07-06 02:00:00,0.15347,0.15371,0.15281,0.15282,2648328.0,2025-07-06 02:59:59.999,405577.12611,1984,1236913.0,189487.93311
2025-07-06 03:00:00,0.15281,0.15341,0.15278,0.15325,1726641.0,2025-07-06 03:59:59.999,264224.20654,2234,956419.0,146342.45086
2025-07-06 04:00:00,0.15324,0.15357,0.15256,0.15277,2034826.0,2025-07-06 04:59:59.999,311577.99876,2019,1301795.0,199413.74283
2025-07-06 05:00:00,0.15277,0.15277,0.15239,0.15247,1617783.0,2025-07-06 05:59:59.999,246791.33629,1660,632423.0,96479.07064
2025-07-06 06:00:00,0.15248,0.1533,0.15211,0.15325,2350441.0,2025-07-06 06:59:59.999,358817.48624,2491,1063953.0,162471.06651
2025-07-06 07:00:00,0.15326,0.15368,0.15232,0.15255,3180607.0,2025-07-06 07:59:59.999,486090.76695,3080,1304889.0,199469.95193
2025-07-06 08:00:00,0.15255,0.15346,0.15235,0.15304,2771985.0,2025-07-06 08:59:59.999,423835.30318,3290,1361630.0,208102.68951
2025-07-06 09:00:00,0.15303,0.15397,0.15281,0.15303,2675551.0,2025-07-06 09:59:59.999,410527.78059,3381,1462274.0,224340.04514
2025-07-06 10:00:00,0.15304,0.15407,0.1529,0.15366,2314120.0,2025-07-06 10:59:59.999,355406.33591,3387,1460047.0,224210.59326
2025-07-06 11:00:00,0.15366,0.15492,0.15361,0.15481,4253145.0,2025-07-06 11:59:59.999,656178.91595,4069,2211441.0,341163.22725
2025-07-06 12:00:00,0.15482,0.15579,0.15462,0.15562,2638069.0,2025-07-06 12:59:59.999,409408.18265,3027,1772823.0,275256.28117
2025-07-06 13:00:00,0.15561,0.15775,0.15516,0.15728,9562019.0,2025-07-06 13:59:59.999,1496608.51267,8682,5895463.0,922494.66552
2025-07-06 14:00:00,0.15729,0.15806,0.15638,0.15713,9353673.0,2025-07-06 14:59:59.999,1469789.46124,10389,3956551.0,621740.46093
2025-07-06 15:00:00,0.15713,0.15752,0.15671,0.15749,2223706.0,2025-07-06 15:59:59.999,349560.29342,3512,1114800.0,175260.3684
2025-07-06 16:00:00,0.1575,0.15837,0.15732,0.15825,3011853.0,2025-07-06 16:59:59.999,475432.89607,4088,1752610.0,276623.75075
2025-07-06 17:00:00,0.15826,0.15849,0.1575,0.15824,2726172.0,2025-07-06 17:59:59.999,430972.85409,3120,1310022.0,207153.02544
2025-07-06 18:00:00,0.15825,0.15912,0.15775,0.15871,5885091.0,2025-07-06 18:59:59.999,933396.56162,6453,2850899.0,452037.36013
2025-07-06 19:00:00,0.15872,0.15901,0.15759,0.15827,2174884.0,2025-07-06 19:59:59.999,344118.8339,3036,946244.0,149813.88499
2025-07-06 20:00:00,0.15827,0.16001,0.15827,0.15937,3984364.0,2025-07-06 20:59:59.999,634957.82611,4640,2616373.0,416889.00866
2025-07-06 21:00:00,0.15937,0.16159,0.15933,0.15992,8306826.0,2025-07-06 21:59:59.999,1333704.56015,6679,4561463.0,732526.73875
2025-07-06 22:00:00,0.15993,0.16123,0.15993,0.1607,4234599.0,2025-07-06 22:59:59.999,680523.961,5223,2452280.0,394209.08946
2025-07-06 23:00:00,0.16071,0.16076,0.15876,0.15931,4963656.0,2025-07-06 23:59:59.999,792738.38147,5043,1910541.0,305154.62105
2025-07-07 00:00:00,0.15932,0.1599,0.15875,0.15937,4954153.0,2025-07-07 00:59:59.999,789532.40357,5677,2338339.0,372690.9053
2025-07-07 01:00:00,0.15938,0.15942,0.15851,0.15871,3215038.0,2025-07-07 01:59:59.999,510785.11441,4023,1326631.0,210821.75823
2025-07-07 02:00:00,0.15871,0.16069,0.1587,0.16,3517351.0,2025-07-07 02:59:59.999,562552.72203,3902,2218755.0,354843.37166
2025-07-07 03:00:00,0.16001,0.16087,0.15953,0.16015,3310121.0,2025-07-07 03:59:59.999,530328.68502,3774,1260555.0,202015.29989
2025-07-07 04:00:00,0.16016,0.16084,0.15971,0.15973,3725559.0,2025-07-07 04:59:59.999,597531.9081,3359,1142821.0,183279.38264
2025-07-07 05:00:00,0.15972,0.16069,0.15938,0.16033,3228671.0,2025-07-07 05:59:59.999,516776.95991,3904,1884056.0,301615.76442
2025-07-07 06:00:00,0.16032,0.16032,0.15929,0.15942,3175316.0,2025-07-07 06:59:59.999,507209.52171,3577,1431935.0,228665.33345
2025-07-07 07:00:00,0.15943,0.1607,0.1589,0.16068,3858797.0,2025-07-07 07:59:59.999,616935.4802,3536,2047439.0,327619.78641
2025-07-07 08:00:00,0.16067,0.16124,0.16022,0.16036,2510018.0,2025-07-07 08:59:59.999,403153.32126,3676,1031891.0,165778.77236
2025-07-07 09:00:00,0.16036,0.16049,0.15889,0.15925,2663884.0,2025-07-07 09:59:59.999,425011.80401,3423,1169814.0,186558.88749
2025-07-07 10:00:00,0.15924,0.15995,0.15876,0.15946,2917923.0,2025-07-07 10:59:59.999,464942.50721,3821,1614907.0,257359.56631
2025-07-07 11:00:00,0.15947,0.16003,0.1584,0.15976,3746980.0,2025-07-07 11:59:59.999,597001.07591,4442,1647844.0,262584.24677
2025-07-07 12:00:00,0.15975,0.15975,0.15827,0.15866,3506158.0,2025-07-07 12:59:59.999,556942.27114,3687,1363115.0,216449.65055
2025-07-07 13:00:00,0.15866,0.16064,0.15817,0.16062,8855791.0,2025-07-07 13:59:59.999,1408491.9428,7369,5771913.0,918062.6568
2025-07-07 14:00:00,0.16061,0.16081,0.15858,0.15878,7003187.0,2025-07-07 14:59:59.999,1116556.56972,8500,3076608.0,490843.30873
2025-07-07 15:00:00,0.15878,0.16071,0.15875,0.16059,5100606.0,2025-07-07 15:59:59.999,814817.6056,6196,2871186.0,458762.11065
2025-07-07 16:00:00,0.16059,0.1608,0.15898,0.15911,8684357.0,2025-07-07 16:59:59.999,1388532.59874,12608,3966353.0,634374.43535
2025-07-07 17:00:00,0.15912,0.15968,0.15844,0.15892,5433723.0,2025-07-07 17:59:59.999,864035.30852,6896,2617260.0,416336.36762
2025-07-07 18:00:00,0.15892,0.15913,0.15724,0.15842,5164999.0,2025-07-07 18:59:59.999,816009.02552,5641,2256068.0,356353.77906
2025-07-07 19:00:00,0.15841,0.15942,0.15822,0.15867,3453808.0,2025-07-07 19:59:59.999,548497.20024,4564,1927168.0,306120.09862
2025-07-07 20:00:00,0.15866,0.15866,0.15678,0.15715,4081512.0,2025-07-07 20:59:59.999,642373.48102,6044,1746691.0,274761.88721
2025-07-07 21:00:00,0.15714,0.15796,0.15616,0.1576,6499917.0,2025-07-07 21:59:59.999,1019851.10083,4257,3879329.0,608610.54664
2025-07-07 22:00:00,0.15762,0.15797,0.15671,0.1572,2966164.0,2025-07-07 22:59:59.999,466301.8888,4013,1402220.0,220474.09736
2025-07-07 23:00:00,0.15721,0.15848,0.1571,0.15843,1984850.0,2025-07-07 23:59:59.999,313332.91644,2457,1088319.0,171890.16707
2025-07-08 00:00:00,0.15844,0.15866,0.15732,0.15737,5711023.0,2025-07-08 00:59:59.999,901785.67661,6337,2410098.0,380540.61686
2025-07-08 01:00:00,0.15736,0.15736,0.15582,0.15635,4471640.0,2025-07-08 01:59:59.999,699859.86677,4929,1977267.0,309386.76338
2025-07-08 02:00:00,0.15636,0.15685,0.15535,0.1554,5840122.0,2025-07-08 02:59:59.999,911700.32056,5333,2756209.0,430507.07353
2025-07-08 03:00:00,0.15538,0.15626,0.15534,0.15589,1677407.0,2025-07-08 03:59:59.999,261544.35959,2255,985491.0,153626.27321
2025-07-08 04:00:00,0.15588,0.15593,0.15514,0.15549,3880403.0,2025-07-08 04:59:59.999,603485.59964,4324,2153335.0,334862.69515
2025-07-08 05:00:00,0.1555,0.15618,0.15519,0.15606,1553407.0,2025-07-08 05:59:59.999,241801.2066,2687,944174.0,146993.7314
2025-07-08 06:00:00,0.15606,0.1569,0.15571,0.15631,2791391.0,2025-07-08 06:59:59.999,436281.93453,3404,1489810.0,232826.08831
2025-07-08 07:00:00,0.1563,0.15687,0.15584,0.15684,2773118.0,2025-07-08 07:59:59.999,433488.16635,2825,1524089.0,238345.48374
2025-07-08 08:00:00,0.15685,0.15713,0.15611,0.15629,2132861.0,2025-07-08 08:59:59.999,333960.58405,2676,1193262.0,186871.88201
2025-07-08 09:00:00,0.15629,0.157,0.15618,0.15643,1827309.0,2025-07-08 09:59:59.999,286248.95786,2379,765693.0,119931.50772
2025-07-08 10:00:00,0.15643,0.1582,0.15628,0.15812,3393405.0,2025-07-08 10:59:59.999,533651.01109,4651,1653794.0,260309.12744
2025-07-08 11:00:00,0.15813,0.15944,0.15811,0.15879,2728633.0,2025-07-08 11:59:59.999,433285.05045,3873,1678972.0,266623.0333
2025-07-08 12:00:00,0.1588,0.16,0.15847,0.16,2428683.0,2025-07-08 12:59:59.999,386507.52389,3408,1452860.0,231312.49485
2025-07-08 13:00:00,0.16001,0.16217,0.15964,0.16191,9814842.0,2025-07-08 13:59:59.999,1579910.23661,9799,5880509.0,947812.33172
2025-07-08 14:00:00,0.16191,0.16236,0.15964,0.15987,22899454.0,2025-07-08 14:59:59.999,3692428.60712,23211,13589769.0,2193130.54372
2025-07-08 15:00:00,0.15988,0.16131,0.15964,0.16063,4933425.0,2025-07-08 15:59:59.999,791381.89288,6478,2522912.0,404888.26297
2025-07-08 16:00:00,0.16064,0.16098,0.15807,0.15937,15971335.0,2025-07-08 16:59:59.999,2543423.36729,12659,5137552.0,819044.90086
2025-07-08 17:00:00,0.15937,0.1621,0.15931,0.16116,8872434.0,2025-07-08 17:59:59.999,1429932.58629,10269,5056239.0,814447.08328
2025-07-08 18:00:00,0.16117,0.16188,0.16101,0.16188,2522912.0,2025-07-08 18:59:59.999,407192.83229,4555,1571631.0,253668.06624
2025-07-08 19:00:00,0.16188,0.162,0.16052,0.16117,2586588.0,2025-07-08 19:59:59.999,417012.1889,3793,1215140.0,195861.74773
2025-07-08 20:00:00,0.16118,0.16128,0.15981,0.15981,2774447.0,2025-07-08 20:59:59.999,445111.50578,3318,941947.0,151126.10494
2025-07-08 21:00:00,0.15981,0.16199,0.15981,0.16181,2238516.0,2025-07-08 21:59:59.999,360735.07467,3101,1364915.0,219926.59147
2025-07-08 22:00:00,0.16184,0.1621,0.16088,0.16159,1447507.0,2025-07-08 22:59:59.999,233631.78335,2987,679450.0,109683.02603
2025-07-08 23:00:00,0.16158,0.16158,0.16056,0.16079,1830497.0,2025-07-08 23:59:59.999,294627.49855,2703,749579.0,120643.76366
2025-07-09 00:00:00,0.16078,0.16097,0.15999,0.16085,1989694.0,2025-07-09 00:59:59.999,319241.11547,3333,988094.0,158541.71358
2025-07-09 01:00:00,0.16085,0.1615,0.15981,0.16076,2474222.0,2025-07-09 01:59:59.999,397054.86768,3636,1059633.0,170205.62048
2025-07-09 02:00:00,0.16077,0.16115,0.16038,0.16055,3166407.0,2025-07-09 02:59:59.999,509459.24886,4469,1942011.0,312467.48507
2025-07-09 03:00:00,0.16055,0.16094,0.15998,0.16044,1561785.0,2025-07-09 03:59:59.999,250380.60831,2975,795299.0,127538.10309
2025-07-09 04:00:00,0.16046,0.16193,0.16046,0.16191,2286238.0,2025-07-09 04:59:59.999,368599.22403,2872,1457363.0,235080.86127
2025-07-09 05:00:00,0.16192,0.16359,0.16148,0.1626,7029834.0,2025-07-09 05:59:59.999,1143309.13446,8390,4199785.0,682915.73013
2025-07-09 06:00:00,0.16261,0.16304,0.16198,0.1629,4616089.0,2025-07-09 06:59:59.999,750203.81233,4908,2455686.0,399140.97303
2025-07-09 07:00:00,0.16289,0.16302,0.16239,0.16285,2623213.0,2025-07-09 07:59:59.999,426967.9836,3239,1605291.0,261284.08273
2025-07-09 08:00:00,0.16286,0.16488,0.16257,0.16429,5569649.0,2025-07-09 08:59:59.999,912091.44308,5811,3483913.0,570537.16329
2025-07-09 09:00:00,0.16428,0.16517,0.16397,0.16492,4197550.0,2025-07-09 09:59:59.999,691211.65519,4719,2336315.0,384834.56433
2025-07-09 10:00:00,0.16493,0.16642,0.16477,0.16642,5413967.0,2025-07-09 10:59:59.999,896816.83982,4929,2873573.0,476333.97431
2025-07-09 11:00:00,0.16643,0.16936,0.16606,0.16886,9659418.0,2025-07-09 11:59:59.999,1621190.42965,7814,5601665.0,940861.81986
2025-07-09 12:00:00,0.16887,0.17149,0.16887,0.1693,21217437.0,2025-07-09 12:59:59.999,3613492.04568,16971,10505883.0,1789950.32785
2025-07-09 13:00:00,0.1693,0.17129,0.16894,0.16916,13213506.0,2025-07-09 13:59:59.999,2247462.78999,12817,7121857.0,1211844.21063
2025-07-09 14:00:00,0.16916,0.1699,0.16686,0.16818,15830979.0,2025-07-09 14:59:59.999,2662122.00719,13814,7130969.0,1200023.63658
2025-07-09 15:00:00,0.16817,0.16986,0.16801,0.16984,7480304.0,2025-07-09 15:59:59.999,1263474.32022,7098,4908562.0,829206.34114
2025-07-09 16:00:00,0.16983,0.17092,0.16966,0.16997,7258442.0,2025-07-09 16:59:59.999,1236236.71563,6778,4264688.0,726466.89726
2025-07-09 17:00:00,0.16996,0.1731,0.169,0.17107,19716950.0,2025-07-09 17:59:59.999,3365634.11846,18075,11081883.0,1892249.81793
2025-07-09 18:00:00,0.17109,0.17233,0.171,0.17144,10239098.0,2025-07-09 18:59:59.999,1758425.10627,12303,5013571.0,861006.41723
2025-07-09 19:00:00,0.17145,0.17355,0.1708,0.17317,11600239.0,2025-07-09 19:59:59.999,1998074.21501,12316,6362370.0,1095957.74708
2025-07-09 20:00:00,0.17317,0.1733,0.16977,0.17055,12174385.0,2025-07-09 20:59:59.999,2080497.01931,13997,5491155.0,937884.10409
2025-07-09 21:00:00,0.17054,0.17133,0.1699,0.17055,6967946.0,2025-07-09 21:59:59.999,1188464.41183,8248,3281659.0,559970.42078
2025-07-09 22:00:00,0.17056,0.17213,0.17056,0.1719,5473075.0,2025-07-09 22:59:59.999,937426.68031,6385,3183703.0,545467.99425
2025-07-09 23:00:00,0.17189,0.17189,0.1706,0.17093,3460645.0,2025-07-09 23:59:59.999,591789.45397,4037,1295958.0,221676.37596
2025-07-10 00:00:00,0.17094,0.17153,0.17022,0.17024,4524043.0,2025-07-10 00:59:59.999,773297.78334,5549,2534339.0,433221.5168
2025-07-10 01:00:00,0.17024,0.17351,0.17022,0.17347,8462685.0,2025-07-10 01:59:59.999,1457432.31395,8646,5397939.0,929424.87817
2025-07-10 02:00:00,0.17346,0.17498,0.17313,0.17466,12408887.0,2025-07-10 02:59:59.999,2159398.88904,12876,6612823.0,1151287.5193
2025-07-10 03:00:00,0.17466,0.17467,0.17296,0.17322,4954599.0,2025-07-10 03:59:59.999,861036.65093,5446,2171726.0,377393.47087
2025-07-10 04:00:00,0.17323,0.17479,0.17244,0.17411,7084787.0,2025-07-10 04:59:59.999,1230257.34888,6216,4147532.0,720500.17735
2025-07-10 05:00:00,0.17412,0.17574,0.17359,0.17534,5970906.0,2025-07-10 05:59:59.999,1042445.86385,6611,3490203.0,609577.06944
2025-07-10 06:00:00,0.17535,0.1768,0.17411,0.17653,6676628.0,2025-07-10 06:59:59.999,1172323.36035,8224,3770661.0,662325.26617
2025-07-10 07:00:00,0.1765,0.17755,0.176,0.17704,8955531.0,2025-07-10 07:59:59.999,1583577.0994,10008,4560514.0,806484.2654
2025-07-10 08:00:00,0.17711,0.18,0.17629,0.17942,12331108.0,2025-07-10 08:59:59.999,2197646.01141,12153,7104146.0,1266028.51748
2025-07-10 09:00:00,0.17943,0.18016,0.17853,0.17898,9646154.0,2025-07-10 09:59:59.999,1729906.27302,11101,4677217.0,839120.44949
2025-07-10 10:00:00,0.17899,0.17933,0.17689,0.17875,9657654.0,2025-07-10 10:59:59.999,1717672.80279,9148,3931670.0,699653.59908
2025-07-10 11:00:00,0.17874,0.17883,0.17761,0.17794,5081568.0,2025-07-10 11:59:59.999,905615.73081,6527,2412686.0,430027.19117
2025-07-10 12:00:00,0.17794,0.17794,0.1763,0.17729,6038031.0,2025-07-10 12:59:59.999,1068338.31671,7701,2216461.0,392119.27843
2025-07-10 13:00:00,0.17728,0.17861,0.17712,0.17829,6826682.0,2025-07-10 13:59:59.999,1214325.16696,9574,3662882.0,651644.42963
2025-07-10 14:00:00,0.17829,0.17829,0.17583,0.17769,10464363.0,2025-07-10 14:59:59.999,1851489.11121,12478,5441706.0,963380.94259
2025-07-10 15:00:00,0.17769,0.17831,0.17657,0.17799,5736406.0,2025-07-10 15:59:59.999,1017538.4612,8040,2879465.0,510854.79564
2025-07-10 16:00:00,0.17799,0.18046,0.17731,0.17989,14987205.0,2025-07-10 16:59:59.999,2688183.80948,12424,8384552.0,1504377.88652
2025-07-10 17:00:00,0.17991,0.18266,0.17943,0.18133,14152769.0,2025-07-10 17:59:59.999,2564617.11779,15269,8192387.0,1484941.68277
2025-07-10 18:00:00,0.18134,0.18192,0.17963,0.18054,6981949.0,2025-07-10 18:59:59.999,1261446.50652,10116,3011863.0,544027.62495
2025-07-10 19:00:00,0.18055,0.18166,0.1803,0.18081,3672965.0,2025-07-10 19:59:59.999,664632.12383,5908,1958683.0,354450.41318
2025-07-10 20:00:00,0.1808,0.18338,0.18076,0.18293,8444293.0,2025-07-10 20:59:59.999,1540833.95808,8902,5373603.0,980611.11576
2025-07-10 21:00:00,0.18292,0.18878,0.18278,0.18837,25113274.0,2025-07-10 21:59:59.999,4674834.65193,23725,14354939.0,2672805.08989
2025-07-10 22:00:00,0.18837,0.18988,0.18718,0.18851,13469309.0,2025-07-10 22:59:59.999,2539161.01264,15473,6604083.0,1245818.32846
2025-07-10 23:00:00,0.18851,0.19027,0.18803,0.1899,11402247.0,2025-07-10 23:59:59.999,2156610.71247,11205,6102634.0,1155258.45331
2025-07-11 00:00:00,0.18988,0.19266,0.18808,0.19053,25882777.0,2025-07-11 00:59:59.999,4920887.85934,27921,13084089.0,2489836.71024
2025-07-11 01:00:00,0.19054,0.19542,0.19046,0.19534,18630768.0,2025-07-11 01:59:59.999,3592900.38073,24004,11622231.0,2239617.22864
2025-07-11 02:00:00,0.19534,0.19929,0.19504,0.19802,18805576.0,2025-07-11 02:59:59.999,3718427.23031,21699,10703707.0,2116191.5683
2025-07-11 03:00:00,0.19801,0.1983,0.19625,0.19698,9685288.0,2025-07-11 03:59:59.999,1910681.42985,12555,3609483.0,712035.50859
2025-07-11 04:00:00,0.19698,0.19799,0.19465,0.19759,12911124.0,2025-07-11 04:59:59.999,2531212.61686,15618,6130522.0,1202749.31465
2025-07-11 05:00:00,0.19763,0.20026,0.19763,0.19974,14810705.0,2025-07-11 05:59:59.999,2948639.84828,18035,7669954.0,1527205.24034
2025-07-11 06:00:00,0.19973,0.20067,0.19554,0.19774,13982933.0,2025-07-11 06:59:59.999,2771937.11414,17257,5587650.0,1108765.33273
2025-07-11 07:00:00,0.19774,0.20125,0.19654,0.19961,13943329.0,2025-07-11 07:59:59.999,2771645.16742,18082,8213391.0,1632875.98858
2025-07-11 08:00:00,0.19958,0.20283,0.19907,0.20102,14719199.0,2025-07-11 08:59:59.999,2963373.45345,18346,7788575.0,1568275.92178
2025-07-11 09:00:00,0.20102,0.20524,0.20022,0.20488,15842026.0,2025-07-11 09:59:59.999,3211394.07029,16382,8561331.0,1736335.56053
2025-07-11 10:00:00,0.20489,0.20864,0.20197,0.20638,37519823.0,2025-07-11 10:59:59.999,7730253.31532,33950,16235370.0,3346510.40784
2025-07-11 11:00:00,0.20641,0.20663,0.20298,0.20383,16397601.0,2025-07-11 11:59:59.999,3350923.90328,18164,6422977.0,1313189.39058
2025-07-11 12:00:00,0.20384,0.20653,0.20335,0.20598,21649032.0,2025-07-11 12:59:59.999,4441172.94715,19550,9009175.0,1848040.51618
2025-07-11 13:00:00,0.20598,0.20939,0.20332,0.20837,43694663.0,2025-07-11 13:59:59.999,9033643.74877,56361,20933722.0,4329302.36654
2025-07-11 14:00:00,0.20838,0.20883,0.20244,0.20401,27536563.0,2025-07-11 14:59:59.999,5649408.76166,38826,14309359.0,2934098.37961
2025-07-11 15:00:00,0.204,0.20932,0.19972,0.2005,81165519.0,2025-07-11 15:59:59.999,16674110.72083,76570,45829988.0,9423050.86327
2025-07-11 16:00:00,0.20056,0.20229,0.19823,0.19913,33645653.0,2025-07-11 16:59:59.999,6720931.02748,45618,14969785.0,2992107.47745
2025-07-11 17:00:00,0.19914,0.20058,0.198,0.19957,17431820.0,2025-07-11 17:59:59.999,3471801.26433,27560,8805148.0,1753968.79278
2025-07-11 18:00:00,0.19958,0.20188,0.19949,0.20113,14680873.0,2025-07-11 18:59:59.999,2946064.46275,22401,7030056.0,1411259.64409
2025-07-11 19:00:00,0.20113,0.20262,0.19982,0.20254,12797628.0,2025-07-11 19:59:59.999,2576651.74399,21614,7225791.0,1455493.88481
2025-07-11 20:00:00,0.20254,0.20521,0.19837,0.19847,24435992.0,2025-07-11 20:59:59.999,4938037.25235,28389,10792736.0,2187811.72565
2025-07-11 21:00:00,0.19848,0.19978,0.19434,0.19545,17691119.0,2025-07-11 21:59:59.999,3487803.0661,24295,5364731.0,1057709.20615
2025-07-11 22:00:00,0.19546,0.1962,0.18966,0.19252,29797859.0,2025-07-11 22:59:59.999,5720929.46618,35822,12547366.0,2407311.00828
2025-07-11 23:00:00,0.19253,0.19493,0.19232,0.19369,9756445.0,2025-07-11 23:59:59.999,1891526.02015,13871,5723964.0,1109796.48719
2025-07-12 00:00:00,0.19371,0.19492,0.19006,0.19189,10832775.0,2025-07-12 00:59:59.999,2078693.87387,14369,3681227.0,706762.25864
2025-07-12 01:00:00,0.19187,0.19977,0.19187,0.19977,31955632.0,2025-07-12 01:59:59.999,6290434.70952,30145,19530323.0,3840794.8568
2025-07-12 02:00:00,0.19977,0.20307,0.19822,0.1996,30048847.0,2025-07-12 02:59:59.999,6031266.32742,31499,16301705.0,3275117.28667
2025-07-12 03:00:00,0.19958,0.2019,0.19931,0.20079,15528623.0,2025-07-12 03:59:59.999,3118394.40886,15137,8370221.0,1681140.01255
2025-07-12 04:00:00,0.20079,0.20171,0.19718,0.19758,13483119.0,2025-07-12 04:59:59.999,2685596.07582,17203,5429172.0,1082280.74035
2025-07-12 05:00:00,0.1976,0.1981,0.19589,0.19669,11410124.0,2025-07-12 05:59:59.999,2246853.33034,16913,5498288.0,1082970.63124
2025-07-12 06:00:00,0.19669,0.19855,0.19486,0.19808,12946882.0,2025-07-12 06:59:59.999,2544784.56839,17408,6634753.0,1304982.50223
2025-07-12 07:00:00,0.19808,0.19913,0.19642,0.19765,11536410.0,2025-07-12 07:59:59.999,2284155.68843,16753,6206434.0,1229306.46836
2025-07-12 08:00:00,0.19765,0.19918,0.19732,0.19899,7542871.0,2025-07-12 08:59:59.999,1497178.78615,11528,4144559.0,822727.97014
2025-07-12 09:00:00,0.19898,0.20615,0.19859,0.20606,39357403.0,2025-07-12 09:59:59.999,7995287.9677,33994,24162415.0,4906319.00785
2025-07-12 10:00:00,0.20604,0.20672,0.20197,0.20414,23618066.0,2025-07-12 10:59:59.999,4810983.55135,24423,11614361.0,2366559.23759
2025-07-12 11:00:00,0.20413,0.206,0.20172,0.20205,21780955.0,2025-07-12 11:59:59.999,4449027.96287,22832,10254258.0,2096636.31312
2025-07-12 12:00:00,0.20203,0.20251,0.19788,0.20103,21972770.0,2025-07-12 12:59:59.999,4400123.11749,24454,9174627.0,1837130.28973
2025-07-12 13:00:00,0.20105,0.20117,0.19627,0.19822,22065819.0,2025-07-12 13:59:59.999,4382823.2853,29039,9317497.0,1852367.33522
2025-07-12 14:00:00,0.19822,0.19977,0.19581,0.19613,13141000.0,2025-07-12 14:59:59.999,2600890.89428,20386,5819869.0,1154026.94702
2025-07-12 15:00:00,0.19612,0.19672,0.19088,0.19211,24779227.0,2025-07-12 15:59:59.999,4787127.09366,36485,9124157.0,1762295.25016
2025-07-12 16:00:00,0.19211,0.19485,0.191,0.19228,14001471.0,2025-07-12 16:59:59.999,2707636.11634,20515,7588193.0,1467957.27205
2025-07-12 17:00:00,0.19228,0.19552,0.19212,0.19462,9881216.0,2025-07-12 17:59:59.999,1920065.29653,16328,4809825.0,934092.32626
2025-07-12 18:00:00,0.19463,0.19709,0.19394,0.19705,9074295.0,2025-07-12 18:59:59.999,1776176.53105,12219,5347404.0,1047059.22321
2025-07-12 19:00:00,0.19705,0.1971,0.19505,0.19617,7798773.0,2025-07-12 19:59:59.999,1527870.73019,9144,3068330.0,601204.54873
2025-07-12 20:00:00,0.19619,0.19622,0.19256,0.19264,9522275.0,2025-07-12 20:59:59.999,1849597.29239,10420,3560310.0,691856.80273
2025-07-12 21:00:00,0.19263,0.1984,0.19242,0.19828,12878732.0,2025-07-12 21:59:59.999,2527596.12857,9923,8998016.0,1767483.30985
2025-07-12 22:00:00,0.19828,0.1987,0.19577,0.19799,13397769.0,2025-07-12 22:59:59.999,2644892.74589,13444,7211273.0,1424674.65025
2025-07-12 23:00:00,0.198,0.19865,0.19605,0.19735,8865726.0,2025-07-12 23:59:59.999,1747146.58939,10005,4657433.0,918391.489
2025-07-13 00:00:00,0.19736,0.1982,0.19632,0.19728,14325625.0,2025-07-13 00:59:59.999,2825733.48598,16992,7209070.0,1423452.15883
2025-07-13 01:00:00,0.19731,0.20033,0.19683,0.19971,9962113.0,2025-07-13 01:59:59.999,1981133.4802,14882,5437528.0,1081754.49161
2025-07-13 02:00:00,0.19971,0.20246,0.19845,0.20174,17638951.0,2025-07-13 02:59:59.999,3533934.76194,17287,10668115.0,2138944.18534
2025-07-13 03:00:00,0.20175,0.20296,0.19991,0.20108,21734894.0,2025-07-13 03:59:59.999,4375944.34796,16243,9702056.0,1956075.53451
2025-07-13 04:00:00,0.20109,0.20874,0.19955,0.20666,46325324.0,2025-07-13 04:59:59.999,9448850.75232,31772,21784847.0,4450920.15075
2025-07-13 05:00:00,0.20666,0.21474,0.20604,0.21272,60913709.0,2025-07-13 05:59:59.999,12875149.17412,65092,35487478.0,7500169.09363
2025-07-13 06:00:00,0.21269,0.22515,0.21248,0.22491,83225864.0,2025-07-13 06:59:59.999,18302871.84218,108679,45044164.0,9896966.09576
2025-07-13 07:00:00,0.22492,0.2305,0.22316,0.22653,69221925.0,2025-07-13 07:59:59.999,15707769.31918,107988,36643518.0,8319844.8802
2025-07-13 08:00:00,0.22652,0.23361,0.22441,0.23038,53692629.0,2025-07-13 08:59:59.999,12314290.95197,78920,27736293.0,6369487.07897
2025-07-13 09:00:00,0.23038,0.23069,0.22313,0.22519,43822199.0,2025-07-13 09:59:59.999,9897157.10839,56421,20392788.0,4606441.54118
2025-07-13 10:00:00,0.22518,0.23615,0.22392,0.22714,68719024.0,2025-07-13 10:59:59.999,15783543.68465,85148,33006401.0,7585923.96611
2025-07-13 11:00:00,0.22715,0.23186,0.2249,0.22725,43677075.0,2025-07-13 11:59:59.999,9950868.66119,52564,23223183.0,5292064.68184
2025-07-13 12:00:00,0.22719,0.23789,0.22708,0.2363,64395215.0,2025-07-13 12:59:59.999,15054537.06139,80398,31897882.0,7454895.92198
2025-07-13 13:00:00,0.23628,0.24563,0.23421,0.24198,72283004.0,2025-07-13 13:59:59.999,17412458.03356,119170,38252884.0,9215163.55431
2025-07-13 14:00:00,0.24201,0.24998,0.24062,0.24521,78939636.0,2025-07-13 14:59:59.999,19291880.33055,132916,38332588.0,9375704.88164
2025-07-13 15:00:00,0.24523,0.25194,0.241,0.24507,73401814.0,2025-07-13 15:59:59.999,18118241.63838,110521,36190764.0,8937870.17471
2025-07-13 16:00:00,0.24507,0.2489,0.24374,0.24656,51103292.0,2025-07-13 16:59:59.999,12593473.48842,81842,24602001.0,6064315.60449
2025-07-13 17:00:00,0.24658,0.2489,0.23781,0.24166,60623579.0,2025-07-13 17:59:59.999,14774949.49475,80245,30411488.0,7414086.23794
2025-07-13 18:00:00,0.24165,0.24614,0.24068,0.24424,29961150.0,2025-07-13 18:59:59.999,7293581.44858,50073,15127905.0,3683501.47456
2025-07-13 19:00:00,0.24425,0.24473,0.24064,0.24071,21351565.0,2025-07-13 19:59:59.999,5184978.91103,32393,10134133.0,2461835.78308
2025-07-13 20:00:00,0.24072,0.24112,0.236,0.23735,32535359.0,2025-07-13 20:59:59.999,7765662.82398,39420,14701858.0,3507765.51393
2025-07-13 21:00:00,0.23735,0.23938,0.2315,0.2329,27053023.0,2025-07-13 21:59:59.999,6360609.09775,34299,10456706.0,2459022.52739
2025-07-13 22:00:00,0.2329,0.23512,0.22926,0.23264,37922394.0,2025-07-13 22:59:59.999,8829569.9728,44226,19247215.0,4482983.9596
2025-07-13 23:00:00,0.23263,0.24185,0.2326,0.24134,31406061.0,2025-07-13 23:59:59.999,7495298.97222,40647,17732184.0,4233665.07883
2025-07-14 00:00:00,0.24135,0.25213,0.24124,0.2472,106235379.0,2025-07-14 00:59:59.999,26283734.02154,171879,61060529.0,15119713.21235
2025-07-14 01:00:00,0.24723,0.25769,0.24542,0.24911,71996690.0,2025-07-14 01:59:59.999,18124590.76364,123302,41181557.0,10376770.76178
2025-07-14 02:00:00,0.24912,0.255,0.24776,0.25271,37605107.0,2025-07-14 02:59:59.999,9475104.1901,58530,19760865.0,4981117.26826
2025-07-14 03:00:00,0.25274,0.25496,0.24971,0.25339,39198399.0,2025-07-14 03:59:59.999,9899238.97031,56721,19587761.0,4947640.44554
2025-07-14 04:00:00,0.25339,0.2572,0.25105,0.25228,44770613.0,2025-07-14 04:59:59.999,11362472.69917,61639,20116163.0,5106449.06262
2025-07-14 05:00:00,0.25228,0.25362,0.24425,0.24704,46575424.0,2025-07-14 05:59:59.999,11632248.13882,57119,20399699.0,5097562.45126
2025-07-14 06:00:00,0.24705,0.24835,0.24365,0.24582,30320971.0,2025-07-14 06:59:59.999,7460929.11287,40788,13391960.0,3296361.93859
2025-07-14 07:00:00,0.2458,0.25327,0.24567,0.25308,32375086.0,2025-07-14 07:59:59.999,8092277.81826,36810,18258722.0,4565755.35528
2025-07-14 08:00:00,0.25309,0.25661,0.24571,0.2477,43096033.0,2025-07-14 08:59:59.999,10805492.33467,53479,20407828.0,5114570.13057
2025-07-14 09:00:00,0.24775,0.24884,0.24474,0.24572,22279563.0,2025-07-14 09:59:59.999,5493192.15083,32449,11329501.0,2793503.4006
2025-07-14 10:00:00,0.24574,0.24574,0.24129,0.24365,23244915.0,2025-07-14 10:59:59.999,5656031.79488,34404,10379669.0,2526580.51118
2025-07-14 11:00:00,0.24369,0.24435,0.23743,0.2398,27761831.0,2025-07-14 11:59:59.999,6679242.05144,37057,11155324.0,2683890.50988
2025-07-14 12:00:00,0.23976,0.2415,0.23829,0.24139,20476939.0,2025-07-14 12:59:59.999,4912395.66536,27334,9371728.0,2248643.52116
2025-07-14 13:00:00,0.24138,0.2442,0.2388,0.24248,22922421.0,2025-07-14 13:59:59.999,5535208.10079,35877,11873798.0,2869211.26243
2025-07-14 14:00:00,0.24247,0.24492,0.23895,0.24328,36140302.0,2025-07-14 14:59:59.999,8751311.5922,55963,17545663.0,4252110.34441
2025-07-14 15:00:00,0.24321,0.24334,0.23703,0.24002,27415643.0,2025-07-14 15:59:59.999,6579833.14766,49320,12058290.0,2894523.17583
2025-07-14 16:00:00,0.24002,0.2449,0.23778,0.24258,30638168.0,2025-07-14 16:59:59.999,7398407.72072,55413,16476062.0,3980870.06359
2025-07-14 17:00:00,0.2426,0.24419,0.23983,0.24173,16922816.0,2025-07-14 17:59:59.999,4081680.92386,29017,9315121.0,2247214.81703
2025-07-14 18:00:00,0.24173,0.24322,0.23882,0.23957,14264423.0,2025-07-14 18:59:59.999,3436480.44071,29668,7246807.0,1746863.72077
2025-07-14 19:00:00,0.23956,0.24181,0.23598,0.23713,16345746.0,2025-07-14 19:59:59.999,3900407.95324,26791,6887510.0,1645037.48541
2025-07-14 20:00:00,0.23716,0.23836,0.23353,0.23745,19110292.0,2025-07-14 20:59:59.999,4505418.38159,33236,9345162.0,2203935.7463
2025-07-14 21:00:00,0.23745,0.23904,0.23664,0.23764,8465116.0,2025-07-14 21:59:59.999,2013571.82862,16520,3887682.0,924888.49116
2025-07-14 22:00:00,0.23766,0.23766,0.23366,0.23666,18914556.0,2025-07-14 22:59:59.999,4447413.14045,22562,8804673.0,2070461.58979
2025-07-14 23:00:00,0.23669,0.23729,0.23427,0.23689,9384273.0,2025-07-14 23:59:59.999,2212761.72378,13319,4485919.0,1058105.66852
2025-07-15 00:00:00,0.23689,0.24167,0.23445,0.23503,22748882.0,2025-07-15 00:59:59.999,5409136.0901,31645,11409815.0,2716377.81618
2025-07-15 01:00:00,0.23504,0.23975,0.23283,0.23766,26124126.0,2025-07-15 01:59:59.999,6152021.57189,37496,12345660.0,2909052.00017
2025-07-15 02:00:00,0.23765,0.23889,0.23287,0.23415,21014382.0,2025-07-15 02:59:59.999,4945518.04345,35518,10122266.0,2383641.49424
2025-07-15 03:00:00,0.23414,0.23423,0.22734,0.23183,33806416.0,2025-07-15 03:59:59.999,7785171.96077,44367,14695832.0,3385219.97935
2025-07-15 04:00:00,0.23184,0.23515,0.22903,0.23486,26274143.0,2025-07-15 04:59:59.999,6117175.94499,27066,13394951.0,3121225.31656
2025-07-15 05:00:00,0.23492,0.23726,0.23335,0.23414,14680404.0,2025-07-15 05:59:59.999,3456910.49683,19698,7711067.0,1816220.26293
2025-07-15 06:00:00,0.23417,0.23532,0.23084,0.23177,11714105.0,2025-07-15 06:59:59.999,2724540.7878,16788,5286352.0,1229537.58531
2025-07-15 07:00:00,0.23178,0.23354,0.22911,0.23028,15282318.0,2025-07-15 07:59:59.999,3531934.41546,19089,6732161.0,1558556.03128
2025-07-15 08:00:00,0.23025,0.23205,0.22808,0.23015,14478181.0,2025-07-15 08:59:59.999,3328971.41718,19536,7233676.0,1664073.8179
2025-07-15 09:00:00,0.23015,0.23505,0.2298,0.23233,12222321.0,2025-07-15 09:59:59.999,2851766.88684,19027,6574665.0,1534499.25102
2025-07-15 10:00:00,0.23232,0.23514,0.23179,0.23285,12655652.0,2025-07-15 10:59:59.999,2954951.67947,18508,6412290.0,1497357.51519
2025-07-15 11:00:00,0.23284,0.23506,0.23031,0.23232,20734961.0,2025-07-15 11:59:59.999,4824842.47975,21530,9960040.0,2321613.92317
2025-07-15 12:00:00,0.23234,0.2369,0.22801,0.23383,32140717.0,2025-07-15 12:59:59.999,7470284.73858,45582,17730111.0,4126672.66135
2025-07-15 13:00:00,0.23384,0.23667,0.23018,0.23184,24848612.0,2025-07-15 13:59:59.999,5796623.04038,42907,12054245.0,2812754.47059
2025-07-15 14:00:00,0.23187,0.23692,0.2275,0.2286,25933071.0,2025-07-15 14:59:59.999,6028243.14648,38969,11596543.0,2698918.46437
2025-07-15 15:00:00,0.22858,0.23276,0.22833,0.23186,12644389.0,2025-07-15 15:59:59.999,2919305.92155,26861,6107465.0,1410023.27753
2025-07-15 16:00:00,0.23187,0.23618,0.23133,0.23415,26882155.0,2025-07-15 16:59:59.999,6287269.67129,30708,15563833.0,3640907.26985
2025-07-15 17:00:00,0.23415,0.2361,0.23209,0.23609,29808227.0,2025-07-15 17:59:59.999,6966907.21112,32840,17555621.0,4104033.5913
2025-07-15 18:00:00,0.23608,0.2366,0.22953,0.23014,28170787.0,2025-07-15 18:59:59.999,6539826.03861,33471,11555477.0,2683277.92117
2025-07-15 19:00:00,0.23014,0.23226,0.22406,0.22465,30414167.0,2025-07-15 19:59:59.999,6915831.98751,32455,11421633.0,2603505.55061
2025-07-15 20:00:00,0.22462,0.2268,0.22306,0.22477,18451964.0,2025-07-15 20:59:59.999,4157730.61487,25627,9500103.0,2141526.13459
2025-07-15 21:00:00,0.22478,0.22946,0.22433,0.22899,15343860.0,2025-07-15 21:59:59.999,3485422.04459,17600,8989319.0,2041771.99757
2025-07-15 22:00:00,0.22901,0.23012,0.22645,0.22994,11482327.0,2025-07-15 22:59:59.999,2623603.09826,15848,5779374.0,1320817.17977
2025-07-15 23:00:00,0.22995,0.23319,0.22984,0.23308,18310548.0,2025-07-15 23:59:59.999,4240834.85898,19856,11126624.0,2577687.53262
2025-07-16 00:00:00,0.23307,0.23485,0.23031,0.2336,16793592.0,2025-07-16 00:59:59.999,3901195.25216,18703,8940766.0,2078169.94889
2025-07-16 01:00:00,0.23361,0.23536,0.23208,0.23321,16118257.0,2025-07-16 01:59:59.999,3765850.8718,19893,8108144.0,1895418.19786
2025-07-16 02:00:00,0.23321,0.23355,0.22871,0.2314,16788370.0,2025-07-16 02:59:59.999,3873733.6252,17769,7613907.0,1756247.19814
2025-07-16 03:00:00,0.2314,0.23483,0.23112,0.23348,13464588.0,2025-07-16 03:59:59.999,3141115.53409,14730,8560715.0,1997345.4429
2025-07-16 04:00:00,0.23346,0.23541,0.23188,0.23302,15903650.0,2025-07-16 04:59:59.999,3712602.42028,17585,7691935.0,1796774.01306
2025-07-16 05:00:00,0.233,0.23441,0.23114,0.23324,16755151.0,2025-07-16 05:59:59.999,3904808.6401,16755,8450686.0,1969743.33181
2025-07-16 06:00:00,0.23323,0.23615,0.23275,0.23561,17586273.0,2025-07-16 06:59:59.999,4123356.78096,19200,9728576.0,2281949.50431
2025-07-16 07:00:00,0.23557,0.23711,0.23419,0.2353,15619217.0,2025-07-16 07:59:59.999,3680638.06656,17740,8742946.0,2060076.70219
2025-07-16 08:00:00,0.23529,0.2413,0.23499,0.24014,20868840.0,2025-07-16 08:59:59.999,4969120.99404,24581,12061978.0,2872223.32009
2025-07-16 09:00:00,0.24013,0.24237,0.23657,0.23764,23438485.0,2025-07-16 09:59:59.999,5608396.77264,28825,10899584.0,2610575.29254
2025-07-16 10:00:00,0.23766,0.24036,0.23631,0.23899,19603710.0,2025-07-16 10:59:59.999,4675546.04057,20887,10109812.0,2412549.4384
2025-07-16 11:00:00,0.23898,0.23945,0.23584,0.23646,13360290.0,2025-07-16 11:59:59.999,3176673.97318,17440,5359193.0,1275143.95933
2025-07-16 12:00:00,0.23647,0.23915,0.23561,0.23879,13205904.0,2025-07-16 12:59:59.999,3136386.5077,19705,6205043.0,1473565.2915
2025-07-16 13:00:00,0.23882,0.24187,0.2373,0.23934,18039465.0,2025-07-16 13:59:59.999,4321485.93088,26333,9782005.0,2345066.62321
2025-07-16 14:00:00,0.23935,0.2407,0.23652,0.23953,19730143.0,2025-07-16 14:59:59.999,4707089.08024,24546,10026093.0,2394124.26515
2025-07-16 15:00:00,0.23955,0.24147,0.23637,0.23844,22279266.0,2025-07-16 15:59:59.999,5322887.82127,30481,10917255.0,2611669.12397
2025-07-16 16:00:00,0.23843,0.24067,0.23663,0.24045,13651438.0,2025-07-16 16:59:59.999,3262606.94087,16008,6623063.0,1584694.07786
2025-07-16 17:00:00,0.24045,0.24121,0.23827,0.23877,31139774.0,2025-07-16 17:59:59.999,7465743.43446,26209,17788679.0,4265016.36937
2025-07-16 18:00:00,0.23876,0.24225,0.23799,0.24078,21424387.0,2025-07-16 18:59:59.999,5149761.01796,21579,10126221.0,2434466.33043
2025-07-16 19:00:00,0.2408,0.24127,0.23694,0.23802,11294218.0,2025-07-16 19:59:59.999,2698879.24509,16438,4298196.0,1027225.13899
2025-07-16 20:00:00,0.23807,0.24226,0.2375,0.2399,18428821.0,2025-07-16 20:59:59.999,4428124.91961,20169,10288185.0,2473531.21451
2025-07-16 21:00:00,0.23991,0.2448,0.23879,0.24054,24319257.0,2025-07-16 21:59:59.999,5877885.71784,20736,12341858.0,2986624.07486
2025-07-16 22:00:00,0.24055,0.24232,0.23574,0.23754,22561351.0,2025-07-16 22:59:59.999,5391878.87397,25668,8728387.0,2088003.48606
2025-07-16 23:00:00,0.23754,0.23789,0.2344,0.23615,16507625.0,2025-07-16 23:59:59.999,3889850.78714,18732,6817054.0,1607009.77119
2025-07-17 00:00:00,0.23616,0.23861,0.23358,0.23432,21094617.0,2025-07-17 00:59:59.999,4981723.90648,19829,9739055.0,2302921.37353
2025-07-17 01:00:00,0.23431,0.23584,0.22935,0.23139,29408964.0,2025-07-17 01:59:59.999,6845051.77111,24722,11793742.0,2748723.80209
2025-07-17 02:00:00,0.23138,0.23291,0.23091,0.23226,7713034.0,2025-07-17 02:59:59.999,1789627.12372,10657,4356534.0,1010865.68568
2025-07-17 03:00:00,0.23226,0.23238,0.22876,0.23105,13075209.0,2025-07-17 03:59:59.999,3010451.47683,14314,5343829.0,1230683.79314
2025-07-17 04:00:00,0.23099,0.2358,0.23016,0.23557,17792672.0,2025-07-17 04:59:59.999,4153034.31366,16168,11329090.0,2643131.8305
2025-07-17 05:00:00,0.23557,0.24226,0.23415,0.24135,41078805.0,2025-07-17 05:59:59.999,9844194.9322,37604,22599747.0,5415329.26792
2025-07-17 06:00:00,0.24134,0.24443,0.23981,0.24159,31894143.0,2025-07-17 06:59:59.999,7723862.13303,32110,15041487.0,3645818.74029
2025-07-17 07:00:00,0.2416,0.24174,0.23783,0.23908,18724016.0,2025-07-17 07:59:59.999,4485510.9023,18417,9214848.0,2208700.51095
2025-07-17 08:00:00,0.2391,0.25022,0.2376,0.24998,40515167.0,2025-07-17 08:59:59.999,9883630.6108,37605,26048913.0,6363933.57051
2025-07-17 09:00:00,0.24997,0.25099,0.24727,0.24969,54658678.0,2025-07-17 09:59:59.999,13633488.71192,64808,26666417.0,6653008.96997
2025-07-17 10:00:00,0.24969,0.25168,0.24784,0.24947,38249972.0,2025-07-17 10:59:59.999,9550952.26789,43948,18442757.0,4607008.18779
2025-07-17 11:00:00,0.2495,0.25379,0.24771,0.24946,30686820.0,2025-07-17 11:59:59.999,7690696.10615,34475,15187252.0,3809872.00745
2025-07-17 12:00:00,0.24947,0.25046,0.2446,0.24872,36591487.0,2025-07-17 12:59:59.999,9048398.12673,36805,18819329.0,4657971.20136
2025-07-17 13:00:00,0.24871,0.25056,0.24123,0.24481,44684087.0,2025-07-17 13:59:59.999,10958569.5109,41560,19686271.0,4827826.56873
2025-07-17 14:00:00,0.2448,0.24669,0.24277,0.24431,15721786.0,2025-07-17 14:59:59.999,3848659.86198,21615,8393056.0,2055203.5607
2025-07-17 15:00:00,0.24431,0.24588,0.24139,0.24475,19785303.0,2025-07-17 15:59:59.999,4819507.2627,20224,9357029.0,2280768.21663
2025-07-17 16:00:00,0.24472,0.24876,0.24297,0.24846,49754669.0,2025-07-17 16:59:59.999,12247934.9919,52940,27362301.0,6741828.85235
2025-07-17 17:00:00,0.24845,0.24972,0.24462,0.24948,25219153.0,2025-07-17 17:59:59.999,6236569.52235,29713,12307068.0,3046591.4787
2025-07-17 18:00:00,0.2495,0.25625,0.24847,0.2562,55670222.0,2025-07-17 18:59:59.999,14061558.55354,41326,27727713.0,7001548.54323
2025-07-17 19:00:00,0.25617,0.25693,0.24794,0.24838,33938723.0,2025-07-17 19:59:59.999,8582432.66955,31165,14720796.0,3726446.41281
2025-07-17 20:00:00,0.24838,0.254,0.24643,0.25156,34525262.0,2025-07-17 20:59:59.999,8631697.78505,36430,17967958.0,4494776.56728
2025-07-17 21:00:00,0.25156,0.27162,0.25087,0.26934,89669670.0,2025-07-17 21:59:59.999,23482834.65439,67753,53042725.0,13863171.02465
2025-07-17 22:00:00,0.26936,0.28468,0.26837,0.28143,103632118.0,2025-07-17 22:59:59.999,28751258.795,140345,56387755.0,15653954.94265
2025-07-17 23:00:00,0.28144,0.285,0.2749,0.27656,62614302.0,2025-07-17 23:59:59.999,17635646.14555,85340,27870984.0,7860457.33547
2025-07-18 00:00:00,0.27656,0.299,0.27612,0.29887,95591434.0,2025-07-18 00:59:59.999,27514263.69795,141561,60042437.0,17305371.74026
2025-07-18 01:00:00,0.29879,0.29889,0.28476,0.28911,62462006.0,2025-07-18 01:59:59.999,18108269.28059,94838,27305405.0,7919826.96777
2025-07-18 02:00:00,0.28908,0.28913,0.28076,0.28385,37173475.0,2025-07-18 02:59:59.999,10580127.60735,48739,16371136.0,4663228.64792
2025-07-18 03:00:00,0.28384,0.28942,0.28264,0.28545,26590568.0,2025-07-18 03:59:59.999,7610228.46436,33032,13344987.0,3821581.19466
2025-07-18 04:00:00,0.28545,0.28813,0.28275,0.28355,28774080.0,2025-07-18 04:59:59.999,8205670.03852,32232,14064623.0,4011800.04152
2025-07-18 05:00:00,0.28354,0.28704,0.28265,0.28481,20294610.0,2025-07-18 05:59:59.999,5779743.13093,30273,9463447.0,2694964.30595
2025-07-18 06:00:00,0.28489,0.28525,0.2784,0.28019,27815466.0,2025-07-18 06:59:59.999,7822733.63946,33621,10569687.0,2974066.93764
2025-07-18 07:00:00,0.28018,0.282,0.26974,0.27011,38471434.0,2025-07-18 07:59:59.999,10604511.92044,40590,14161633.0,3905881.30403
2025-07-18 08:00:00,0.27013,0.27381,0.26793,0.26845,28072417.0,2025-07-18 08:59:59.999,7603107.16584,39680,13471553.0,3651087.20235
2025-07-18 09:00:00,0.26845,0.27267,0.26621,0.27217,35582244.0,2025-07-18 09:59:59.999,9582659.37864,36553,18111166.0,4883106.9161
2025-07-18 10:00:00,0.27217,0.27234,0.26896,0.27198,14165943.0,2025-07-18 10:59:59.999,3843303.21159,22603,7769178.0,2107704.68441
2025-07-18 11:00:00,0.272,0.27383,0.26712,0.27247,18296577.0,2025-07-18 11:59:59.999,4951014.34291,24550,9729397.0,2634356.1112
2025-07-18 12:00:00,0.27248,0.27535,0.27021,0.27388,18134414.0,2025-07-18 12:59:59.999,4948739.45342,22704,10431554.0,2847054.9969
2025-07-18 13:00:00,0.27392,0.27616,0.27118,0.27454,15392141.0,2025-07-18 13:59:59.999,4216142.3439,27478,7549909.0,2068377.53602
2025-07-18 14:00:00,0.27454,0.27493,0.26715,0.2708,30466328.0,2025-07-18 14:59:59.999,8239553.4062,42559,14813730.0,4009745.99196
2025-07-18 15:00:00,0.27081,0.27117,0.26416,0.26528,24028573.0,2025-07-18 15:59:59.999,6405094.07281,40093,9995357.0,2665091.79028
2025-07-18 16:00:00,0.26527,0.26851,0.2635,0.26563,18709257.0,2025-07-18 16:59:59.999,4979420.68735,29109,9218618.0,2456225.40204
2025-07-18 17:00:00,0.26564,0.26966,0.26456,0.26927,10606289.0,2025-07-18 17:59:59.999,2830315.64529,18668,5823456.0,1554774.07842
2025-07-18 18:00:00,0.26928,0.27051,0.26597,0.26763,14061028.0,2025-07-18 18:59:59.999,3772905.2881,20932,6649708.0,1785079.1327
2025-07-18 19:00:00,0.2676,0.27013,0.26462,0.26705,19560635.0,2025-07-18 19:59:59.999,5225994.01937,25897,9627155.0,2576184.15318
2025-07-18 20:00:00,0.26706,0.26769,0.25732,0.26309,38255367.0,2025-07-18 20:59:59.999,10026962.46416,46005,18095554.0,4745807.78693
2025-07-18 21:00:00,0.26308,0.26582,0.26213,0.26251,8971749.0,2025-07-18 21:59:59.999,2370432.58639,12319,5074655.0,1340148.74419
2025-07-18 22:00:00,0.26249,0.26418,0.2556,0.25663,25128577.0,2025-07-18 22:59:59.999,6518005.13604,27793,9174626.0,2382902.47013
2025-07-18 23:00:00,0.25665,0.25992,0.2533,0.2594,21162678.0,2025-07-18 23:59:59.999,5438108.46774,25856,12535516.0,3227993.28192
2025-07-19 00:00:00,0.25942,0.26473,0.25858,0.25866,22562413.0,2025-07-19 00:59:59.999,5906293.16057,32825,10919014.0,2861758.25567
2025-07-19 01:00:00,0.25868,0.26238,0.25651,0.26132,17836529.0,2025-07-19 01:59:59.999,4625448.27914,25025,8430253.0,2189589.11473
2025-07-19 02:00:00,0.26132,0.26413,0.2596,0.26336,9285006.0,2025-07-19 02:59:59.999,2427892.35991,15387,5244009.0,1372324.91393
2025-07-19 03:00:00,0.26334,0.26561,0.26167,0.26234,13325117.0,2025-07-19 03:59:59.999,3513132.56789,14211,6997738.0,1846098.8514
2025-07-19 04:00:00,0.26233,0.26639,0.26166,0.26551,9576526.0,2025-07-19 04:59:59.999,2533210.34495,15885,5177543.0,1369732.07562
2025-07-19 05:00:00,0.26552,0.26962,0.26339,0.26957,12675169.0,2025-07-19 05:59:59.999,3380782.55275,16982,7913586.0,2112542.50687
2025-07-19 06:00:00,0.26956,0.26976,0.26381,0.26634,10268445.0,2025-07-19 06:59:59.999,2735709.35067,16803,4194418.0,1118859.69537
2025-07-19 07:00:00,0.26631,0.27232,0.26571,0.26821,19202194.0,2025-07-19 07:59:59.999,5172856.51707,25160,11430899.0,3079364.49548
2025-07-19 08:00:00,0.26821,0.27008,0.26618,0.26954,14043086.0,2025-07-19 08:59:59.999,3764935.62605,19146,6190655.0,1661899.92921
2025-07-19 09:00:00,0.26953,0.27248,0.26699,0.2703,18110298.0,2025-07-19 09:59:59.999,4902260.48176,25120,9873941.0,2673954.43448
2025-07-19 10:00:00,0.2703,0.2715,0.26845,0.26907,10490930.0,2025-07-19 10:59:59.999,2832065.81998,17485,5179767.0,1398263.35979
2025-07-19 11:00:00,0.26907,0.26924,0.26353,0.26405,17600962.0,2025-07-19 11:59:59.999,4684877.0175,21791,6004449.0,1598459.90134
2025-07-19 12:00:00,0.26405,0.26699,0.26298,0.26642,10027311.0,2025-07-19 12:59:59.999,2655256.44608,16590,4938832.0,1308817.86787
2025-07-19 13:00:00,0.2664,0.26918,0.26438,0.26632,11926571.0,2025-07-19 13:59:59.999,3181635.11826,17368,6693059.0,1786376.00682
2025-07-19 14:00:00,0.26633,0.2665,0.26136,0.26187,16275525.0,2025-07-19 14:59:59.999,4291103.91658,23728,6118034.0,1614052.95532
2025-07-19 15:00:00,0.26184,0.26886,0.26165,0.26688,15700863.0,2025-07-19 15:59:59.999,4186397.54604,19965,9227013.0,2460410.56208
2025-07-19 16:00:00,0.26689,0.27062,0.26472,0.26985,17629557.0,2025-07-19 16:59:59.999,4728619.05191,25359,9591649.0,2575661.44458
2025-07-19 17:00:00,0.26984,0.27045,0.26627,0.26742,10867664.0,2025-07-19 17:59:59.999,2919089.76739,18601,5091795.0,1367416.56424
2025-07-19 18:00:00,0.26741,0.26781,0.26558,0.26617,6254804.0,2025-07-19 18:59:59.999,1668102.76436,12554,2706850.0,721907.81484
2025-07-19 19:00:00,0.26618,0.2683,0.26497,0.26721,7777017.0,2025-07-19 19:59:59.999,2070240.47871,11955,3476483.0,926190.4371
2025-07-19 20:00:00,0.26721,0.2701,0.26684,0.26776,10088874.0,2025-07-19 20:59:59.999,2709237.7778,14810,5694590.0,1529477.64719
2025-07-19 21:00:00,0.26775,0.26904,0.26325,0.26594,11610646.0,2025-07-19 21:59:59.999,3076046.58198,13503,3851411.0,1021498.26887
2025-07-19 22:00:00,0.26594,0.26863,0.26448,0.26757,9183973.0,2025-07-19 22:59:59.999,2451173.135,14366,5562714.0,1485018.56979
2025-07-19 23:00:00,0.26756,0.26942,0.26649,0.26649,7214697.0,2025-07-19 23:59:59.999,1932571.68839,13996,3483551.0,933031.08292
2025-07-20 00:00:00,0.26654,0.26823,0.26398,0.26711,14271213.0,2025-07-20 00:59:59.999,3797189.0794,20619,6768729.0,1803125.1419
2025-07-20 01:00:00,0.26712,0.27048,0.26544,0.26656,18366854.0,2025-07-20 01:59:59.999,4931018.97515,21032,8780245.0,2358733.11423
2025-07-20 02:00:00,0.26658,0.2688,0.2654,0.26725,7083039.0,2025-07-20 02:59:59.999,1891652.5708,15621,3592837.0,959611.36669
2025-07-20 03:00:00,0.26724,0.27,0.26637,0.26806,8026200.0,2025-07-20 03:59:59.999,2152463.42331,13836,3779491.0,1013614.39198
2025-07-20 04:00:00,0.26804,0.27064,0.26755,0.26824,7083419.0,2025-07-20 04:59:59.999,1906395.23809,14286,3523842.0,948001.32347
2025-07-20 05:00:00,0.26823,0.26967,0.26649,0.26902,4691994.0,2025-07-20 05:59:59.999,1256328.72202,10242,2424764.0,649130.55779
2025-07-20 06:00:00,0.26902,0.26908,0.26644,0.26762,5107591.0,2025-07-20 06:59:59.999,1366331.25735,11100,2900697.0,775993.70776
2025-07-20 07:00:00,0.26764,0.27092,0.26753,0.26948,9459041.0,2025-07-20 07:59:59.999,2551823.24209,12658,5381854.0,1452752.47283
2025-07-20 08:00:00,0.26946,0.27477,0.26936,0.27422,15393922.0,2025-07-20 08:59:59.999,4191630.64393,20245,8484248.0,2311059.06978
2025-07-20 09:00:00,0.27422,0.27554,0.2715,0.27268,15680901.0,2025-07-20 09:59:59.999,4292946.78999,26222,7222433.0,1977460.18407
2025-07-20 10:00:00,0.27268,0.27594,0.27268,0.27398,10292700.0,2025-07-20 10:59:59.999,2826106.08919,18717,5327563.0,1463039.44623
2025-07-20 11:00:00,0.27397,0.27534,0.27205,0.27233,13507725.0,2025-07-20 11:59:59.999,3699136.72078,18799,7226809.0,1979542.14566
2025-07-20 12:00:00,0.27233,0.27246,0.27033,0.27163,11212683.0,2025-07-20 12:59:59.999,3041313.71893,15148,5023427.0,1362922.76706
2025-07-20 13:00:00,0.2716,0.27599,0.271,0.27586,9465550.0,2025-07-20 13:59:59.999,2588495.77178,17232,5108786.0,1397769.96858
2025-07-20 14:00:00,0.27586,0.27599,0.27258,0.27497,12903535.0,2025-07-20 14:59:59.999,3544039.28849,24894,5983666.0,1643110.02505
2025-07-20 15:00:00,0.275,0.27627,0.27369,0.27537,8553271.0,2025-07-20 15:59:59.999,2353841.19452,16584,4380720.0,1205575.97293
2025-07-20 16:00:00,0.27538,0.28008,0.27473,0.27762,23052981.0,2025-07-20 16:59:59.999,6401925.55387,30660,12240457.0,3397787.76664
2025-07-20 17:00:00,0.2776,0.28292,0.27397,0.2752,29436812.0,2025-07-20 17:59:59.999,8198904.37409,42671,13915719.0,3881989.30906
2025-07-20 18:00:00,0.27523,0.28059,0.27513,0.27992,11879738.0,2025-07-20 18:59:59.999,3298757.95967,23620,6307046.0,1752124.1613
2025-07-20 19:00:00,0.27994,0.28104,0.27708,0.2789,8741390.0,2025-07-20 19:59:59.999,2440226.77218,19803,3989636.0,1113736.58115
2025-07-20 20:00:00,0.27891,0.2795,0.2752,0.27541,9930941.0,2025-07-20 20:59:59.999,2750792.78734,19371,4392209.0,1216716.69745
2025-07-20 21:00:00,0.27542,0.27607,0.27238,0.27552,12373727.0,2025-07-20 21:59:59.999,3390965.59384,16658,5229653.0,1433289.24571
2025-07-20 22:00:00,0.27551,0.27573,0.26534,0.27056,32868035.0,2025-07-20 22:59:59.999,8857638.18787,49927,16081260.0,4337103.81871
2025-07-20 23:00:00,0.27056,0.27229,0.26849,0.27087,8985081.0,2025-07-20 23:59:59.999,2429815.37995,21941,4224480.0,1142371.13014
2025-07-21 00:00:00,0.27088,0.27254,0.26638,0.27254,13807376.0,2025-07-21 00:59:59.999,3716968.97672,25334,6762044.0,1823541.09125
2025-07-21 01:00:00,0.27253,0.27794,0.26998,0.27508,19400755.0,2025-07-21 01:59:59.999,5317836.70011,36186,11258492.0,3090188.87764
2025-07-21 02:00:00,0.2751,0.28339,0.2751,0.27918,30861888.0,2025-07-21 02:59:59.999,8655719.23726,55080,15915228.0,4463438.90345
2025-07-21 03:00:00,0.27923,0.28102,0.2765,0.27665,11012316.0,2025-07-21 03:59:59.999,3064425.17974,20596,5225505.0,1454147.93823
2025-07-21 04:00:00,0.27667,0.2791,0.27586,0.27667,9124021.0,2025-07-21 04:59:59.999,2527330.66595,17408,3599207.0,996814.53985
2025-07-21 05:00:00,0.27666,0.27838,0.27584,0.27834,5536482.0,2025-07-21 05:59:59.999,1533950.07388,11333,2782099.0,771043.81756
2025-07-21 06:00:00,0.27835,0.285,0.27805,0.28116,21315741.0,2025-07-21 06:59:59.999,6016545.69676,30962,11853226.0,3345689.83718
2025-07-21 07:00:00,0.28116,0.28481,0.28076,0.28314,14835269.0,2025-07-21 07:59:59.999,4195458.04127,21623,6381506.0,1804248.34958
2025-07-21 08:00:00,0.28316,0.28521,0.28264,0.28299,14659380.0,2025-07-21 08:59:59.999,4163647.67874,22904,7589160.0,2155657.52804
2025-07-21 09:00:00,0.283,0.28398,0.27802,0.28007,15578894.0,2025-07-21 09:59:59.999,4365238.01582,20336,7121697.0,1996078.56528
2025-07-21 10:00:00,0.28005,0.28357,0.27885,0.28279,12300021.0,2025-07-21 10:59:59.999,3457788.01002,13997,6005185.0,1690071.54475
2025-07-21 11:00:00,0.28284,0.28544,0.28175,0.28317,13282064.0,2025-07-21 11:59:59.999,3769648.30597,20925,6754926.0,1917274.51084
2025-07-21 12:00:00,0.28317,0.2865,0.28086,0.28555,16921268.0,2025-07-21 12:59:59.999,4814222.4784,28721,8156869.0,2322909.11633
2025-07-21 13:00:00,0.28557,0.28623,0.28213,0.28434,12207069.0,2025-07-21 13:59:59.999,3464400.24024,24761,5358327.0,1520750.05574
2025-07-21 14:00:00,0.28437,0.28778,0.28359,0.2859,21608106.0,2025-07-21 14:59:59.999,6169876.80507,37252,10917659.0,3118120.32289
2025-07-21 15:00:00,0.2859,0.28843,0.27887,0.27938,28374620.0,2025-07-21 15:59:59.999,8031990.89163,44258,10774954.0,3055265.68951
2025-07-21 16:00:00,0.27936,0.28114,0.2742,0.27937,31083309.0,2025-07-21 16:59:59.999,8639789.11273,47730,14632286.0,4070018.08726
2025-07-21 17:00:00,0.27937,0.28247,0.27821,0.28046,12595335.0,2025-07-21 17:59:59.999,3535904.27387,22933,5705445.0,1601204.80132
2025-07-21 18:00:00,0.28049,0.28383,0.27773,0.27833,10806333.0,2025-07-21 18:59:59.999,3034946.64682,19049,5155875.0,1450535.28514
2025-07-21 19:00:00,0.27832,0.28,0.265,0.26599,65762620.0,2025-07-21 19:59:59.999,17827092.95081,97389,16540448.0,4494354.10761
2025-07-21 20:00:00,0.26601,0.272,0.26342,0.26912,43319964.0,2025-07-21 20:59:59.999,11625018.05152,55952,21294695.0,5731151.72149
2025-07-21 21:00:00,0.26909,0.27253,0.2684,0.27221,14779746.0,2025-07-21 21:59:59.999,4005414.02686,13718,7601361.0,2061793.86097
2025-07-21 22:00:00,0.27221,0.27349,0.27082,0.27229,7931597.0,2025-07-21 22:59:59.999,2158768.70176,13646,4030862.0,1097067.02396
2025-07-21 23:00:00,0.2723,0.27321,0.27073,0.27116,7244374.0,2025-07-21 23:59:59.999,1967414.10206,11964,3745654.0,1017275.26087
2025-07-22 00:00:00,0.27118,0.27192,0.26819,0.26852,10208599.0,2025-07-22 00:59:59.999,2758143.04699,17180,4605401.0,1244117.21685
2025-07-22 01:00:00,0.26853,0.27197,0.26268,0.2706,32125478.0,2025-07-22 01:59:59.999,8581967.72149,38103,15334270.0,4103465.70692
2025-07-22 02:00:00,0.27061,0.27396,0.26749,0.26854,17337977.0,2025-07-22 02:59:59.999,4693844.36149,24296,8068912.0,2187690.59827
2025-07-22 03:00:00,0.26853,0.26958,0.26591,0.2683,16373173.0,2025-07-22 03:59:59.999,4380577.10477,29073,8210431.0,2196775.67056
2025-07-22 04:00:00,0.26829,0.26902,0.26056,0.26084,26559795.0,2025-07-22 04:59:59.999,7028789.69938,37590,10687199.0,2830716.48109
2025-07-22 05:00:00,0.26082,0.26713,0.26069,0.26627,28386357.0,2025-07-22 05:59:59.999,7515404.1188,33304,15774214.0,4175430.38156
2025-07-22 06:00:00,0.26628,0.26811,0.26508,0.26631,10342593.0,2025-07-22 06:59:59.999,2758534.62927,16486,5293332.0,1412218.76709
2025-07-22 07:00:00,0.26632,0.26863,0.26425,0.26521,18086815.0,2025-07-22 07:59:59.999,4828329.82084,18232,8643870.0,2310886.98871
2025-07-22 08:00:00,0.2652,0.26525,0.25964,0.26322,18716659.0,2025-07-22 08:59:59.999,4903977.18874,25887,6833772.0,1790704.81052
2025-07-22 09:00:00,0.2632,0.26333,0.25913,0.26262,17005384.0,2025-07-22 09:59:59.999,4440841.01651,22652,8062867.0,2107696.48547
2025-07-22 10:00:00,0.2626,0.26654,0.26155,0.2663,12860984.0,2025-07-22 10:59:59.999,3395593.2414,16255,7337290.0,1937395.19149
2025-07-22 11:00:00,0.2663,0.26749,0.26399,0.26728,9526013.0,2025-07-22 11:59:59.999,2531207.35171,15894,4913022.0,1305320.25246
2025-07-22 12:00:00,0.26726,0.26799,0.2654,0.26645,11065306.0,2025-07-22 12:59:59.999,2954236.64502,16474,5986048.0,1598231.51554
2025-07-22 13:00:00,0.26645,0.2692,0.26323,0.26353,19600298.0,2025-07-22 13:59:59.999,5216177.20518,32969,9371747.0,2495011.36841
2025-07-22 14:00:00,0.26351,0.26999,0.26064,0.26983,29303037.0,2025-07-22 14:59:59.999,7769702.26575,33952,15200845.0,4039133.60901
2025-07-22 15:00:00,0.26982,0.27334,0.26896,0.27103,19640622.0,2025-07-22 15:59:59.999,5330932.06737,27069,9719690.0,2638745.70119
2025-07-22 16:00:00,0.27102,0.27403,0.2692,0.27402,9873922.0,2025-07-22 16:59:59.999,2689748.6932,19854,5207584.0,1419000.9644
2025-07-22 17:00:00,0.27403,0.27522,0.27126,0.27285,17811207.0,2025-07-22 17:59:59.999,4867958.99457,30150,8836075.0,2415451.45538
2025-07-22 18:00:00,0.27284,0.27469,0.27179,0.27249,15431844.0,2025-07-22 18:59:59.999,4214638.3388,26705,7038260.0,1921806.67035
2025-07-22 19:00:00,0.27248,0.27386,0.26725,0.26789,14633586.0,2025-07-22 19:59:59.999,3951714.71044,19816,5919756.0,1600497.26517
2025-07-22 20:00:00,0.26789,0.27229,0.26753,0.27181,8093335.0,2025-07-22 20:59:59.999,2190044.50163,14148,5053358.0,1367242.25086
2025-07-22 21:00:00,0.27182,0.27352,0.27009,0.27106,6814414.0,2025-07-22 21:59:59.999,1851795.0253,10157,2909905.0,790892.1736
2025-07-22 22:00:00,0.27106,0.27272,0.27106,0.27133,4472772.0,2025-07-22 22:59:59.999,1215968.8147,8801,2152863.0,585182.83737
2025-07-22 23:00:00,0.27134,0.27543,0.27106,0.27528,16081137.0,2025-07-22 23:59:59.999,4401418.46124,15087,9395647.0,2572527.66898
2025-07-23 00:00:00,0.27528,0.27532,0.27141,0.27322,9941777.0,2025-07-23 00:59:59.999,2713244.83168,16764,4440928.0,1211428.42974
2025-07-23 01:00:00,0.2732,0.27364,0.27064,0.27146,6870666.0,2025-07-23 01:59:59.999,1869260.10418,12898,3380695.0,919966.32067
2025-07-23 02:00:00,0.27148,0.27205,0.27007,0.27098,7300124.0,2025-07-23 02:59:59.999,1977379.88649,12414,3097940.0,839171.60544
2025-07-23 03:00:00,0.27098,0.27163,0.26864,0.26921,5126431.0,2025-07-23 03:59:59.999,1385877.9087,10160,2344509.0,633794.509
2025-07-23 04:00:00,0.26922,0.27135,0.26874,0.2707,4595578.0,2025-07-23 04:59:59.999,1242338.4686,8843,2075725.0,561015.16939
2025-07-23 05:00:00,0.27071,0.27189,0.26934,0.27123,5477862.0,2025-07-23 05:59:59.999,1482118.03987,9352,2473650.0,669414.06428
2025-07-23 06:00:00,0.27119,0.27131,0.26761,0.26961,8083711.0,2025-07-23 06:59:59.999,2174060.55427,12724,2904841.0,781653.99273
2025-07-23 07:00:00,0.2696,0.27184,0.26771,0.2687,9269749.0,2025-07-23 07:59:59.999,2500650.47558,14719,4455077.0,1202129.64548
2025-07-23 08:00:00,0.26872,0.2695,0.26697,0.26934,7198166.0,2025-07-23 08:59:59.999,1929924.82434,11866,3295123.0,884180.25946
2025-07-23 09:00:00,0.26932,0.2697,0.2655,0.26593,9245776.0,2025-07-23 09:59:59.999,2467702.75958,14642,4793797.0,1279557.10921
2025-07-23 10:00:00,0.26594,0.26594,0.26326,0.26468,13807793.0,2025-07-23 10:59:59.999,3651679.34314,16418,4582729.0,1212009.02368
2025-07-23 11:00:00,0.26468,0.26521,0.26178,0.26299,11694713.0,2025-07-23 11:59:59.999,3078996.63863,12801,4598725.0,1211037.09205
2025-07-23 12:00:00,0.26298,0.26388,0.25475,0.25605,28442331.0,2025-07-23 12:59:59.999,7347296.84173,29826,8764455.0,2264000.37491
2025-07-23 13:00:00,0.25606,0.25785,0.24432,0.24878,80351605.0,2025-07-23 13:59:59.999,20157042.46625,84796,33244170.0,8356629.78816
2025-07-23 14:00:00,0.24879,0.25403,0.24835,0.25289,32476094.0,2025-07-23 14:59:59.999,8177709.57376,34095,20696578.0,5214261.41746
2025-07-23 15:00:00,0.25288,0.25507,0.24987,0.25442,18734488.0,2025-07-23 15:59:59.999,4726413.50877,29438,10397046.0,2625027.15611
2025-07-23 16:00:00,0.25443,0.25451,0.247,0.24778,18791703.0,2025-07-23 16:59:59.999,4697715.51136,28361,6806210.0,1703595.92139
2025-07-23 17:00:00,0.2478,0.2494,0.24278,0.24831,44333068.0,2025-07-23 17:59:59.999,10896194.12503,56890,20766283.0,5112193.8414
2025-07-23 18:00:00,0.24832,0.25047,0.24742,0.25022,11915126.0,2025-07-23 18:59:59.999,2968096.23389,21516,6281445.0,1564721.57554
2025-07-23 19:00:00,0.25015,0.25044,0.2476,0.24773,6845379.0,2025-07-23 19:59:59.999,1703734.67184,14660,3422671.0,852023.86136
2025-07-23 20:00:00,0.24773,0.2494,0.24028,0.24477,41489169.0,2025-07-23 20:59:59.999,10101165.73749,50921,16032260.0,3906605.58397
2025-07-23 21:00:00,0.24478,0.24622,0.23851,0.24436,40060096.0,2025-07-23 21:59:59.999,9715643.13677,36791,19424627.0,4722015.98756
2025-07-23 22:00:00,0.24436,0.24784,0.24305,0.24653,19885004.0,2025-07-23 22:59:59.999,4888751.53747,24485,11481893.0,2824527.65609
2025-07-23 23:00:00,0.24654,0.24783,0.24464,0.24516,12403046.0,2025-07-23 23:59:59.999,3058811.3796,14215,6515727.0,1607647.24455
2025-07-24 00:00:00,0.24518,0.24868,0.24276,0.24803,17885887.0,2025-07-24 00:59:59.999,4406646.82062,22075,9763312.0,2407232.60949
2025-07-24 01:00:00,0.24801,0.24879,0.24573,0.24845,8412234.0,2025-07-24 01:59:59.999,2082624.52997,13467,4251313.0,1052427.29265
2025-07-24 02:00:00,0.24845,0.24903,0.24663,0.24694,8943791.0,2025-07-24 02:59:59.999,2218149.36771,10937,4743204.0,1177647.79853
2025-07-24 03:00:00,0.24696,0.25012,0.24641,0.24669,10452067.0,2025-07-24 03:59:59.999,2594873.73974,16391,5300922.0,1316377.52309
2025-07-24 04:00:00,0.24669,0.24723,0.24178,0.24238,22282323.0,2025-07-24 04:59:59.999,5443594.62235,21449,6349263.0,1552236.91699
2025-07-24 05:00:00,0.24238,0.24245,0.23533,0.23604,38563395.0,2025-07-24 05:59:59.999,9219309.89604,44426,14602334.0,3492169.80449
2025-07-24 06:00:00,0.23608,0.24005,0.231,0.2344,35096541.0,2025-07-24 06:59:59.999,8248392.79206,47050,14093499.0,3313775.52071
2025-07-24 07:00:00,0.23438,0.23943,0.23148,0.23895,26652418.0,2025-07-24 07:59:59.999,6290494.34526,31288,16835386.0,3978081.29753
2025-07-24 08:00:00,0.23891,0.24309,0.23765,0.2426,25007631.0,2025-07-24 08:59:59.999,6033490.26963,26376,15114246.0,3646759.20266
2025-07-24 09:00:00,0.24262,0.24322,0.23918,0.24081,9790401.0,2025-07-24 09:59:59.999,2363145.49614,13727,4414538.0,1065578.97461
2025-07-24 10:00:00,0.24085,0.24255,0.23657,0.23985,18248281.0,2025-07-24 10:59:59.999,4360037.34221,18273,6419459.0,1534387.87259
2025-07-24 11:00:00,0.23984,0.24373,0.23976,0.24325,16659403.0,2025-07-24 11:59:59.999,4028470.23974,16115,10906646.0,2637107.51009
2025-07-24 12:00:00,0.24325,0.24415,0.23994,0.24186,8726846.0,2025-07-24 12:59:59.999,2111854.6479,16186,4754662.0,1151278.90706
2025-07-24 13:00:00,0.24182,0.24398,0.23929,0.23982,13861009.0,2025-07-24 13:59:59.999,3347952.59792,22080,5310876.0,1285580.55298
2025-07-24 14:00:00,0.23984,0.24728,0.23809,0.24699,36966567.0,2025-07-24 14:59:59.999,8980342.31768,33727,21936355.0,5336567.98283
2025-07-24 15:00:00,0.24699,0.2485,0.24394,0.24508,33658680.0,2025-07-24 15:59:59.999,8291295.68651,31434,16606031.0,4096005.54663
2025-07-24 16:00:00,0.2451,0.24539,0.24005,0.24176,16162540.0,2025-07-24 16:59:59.999,3910762.04715,23053,6152028.0,1489379.54406
2025-07-24 17:00:00,0.24175,0.24699,0.24139,0.24552,14895142.0,2025-07-24 17:59:59.999,3650546.99846,15279,9685232.0,2372529.6442
2025-07-24 18:00:00,0.24553,0.24692,0.24382,0.24615,6749345.0,2025-07-24 18:59:59.999,1659638.13673,12525,3398776.0,835623.87083
2025-07-24 19:00:00,0.24613,0.24708,0.24326,0.24326,11662564.0,2025-07-24 19:59:59.999,2862378.63806,11354,6309494.0,1551879.05054
2025-07-24 20:00:00,0.24328,0.24545,0.24317,0.24486,4106939.0,2025-07-24 20:59:59.999,1002930.91681,7741,1946183.0,475322.41471
2025-07-24 21:00:00,0.24485,0.24493,0.24191,0.24194,9470874.0,2025-07-24 21:59:59.999,2298869.26421,8020,4044448.0,981691.89899
2025-07-24 22:00:00,0.24197,0.24329,0.24059,0.24146,9052190.0,2025-07-24 22:59:59.999,2186560.1668,9904,3102057.0,749396.58928
2025-07-24 23:00:00,0.24145,0.24145,0.23801,0.23911,21423522.0,2025-07-24 23:59:59.999,5125062.4833,20789,7092707.0,1696844.04703
2025-07-25 00:00:00,0.23911,0.23943,0.23577,0.23688,19312738.0,2025-07-25 00:59:59.999,4583533.83513,23740,7950732.0,1887224.67607
2025-07-25 01:00:00,0.23683,0.2414,0.23542,0.24029,17227770.0,2025-07-25 01:59:59.999,4110494.02637,18878,10689951.0,2556305.40761
2025-07-25 02:00:00,0.24029,0.24123,0.23596,0.2366,18274887.0,2025-07-25 02:59:59.999,4352218.19502,20670,6837020.0,1630222.5528
2025-07-25 03:00:00,0.23659,0.23873,0.23405,0.23639,21156278.0,2025-07-25 03:59:59.999,4984049.28324,26307,8309825.0,1958041.84898
2025-07-25 04:00:00,0.23638,0.23921,0.23322,0.23904,27065229.0,2025-07-25 04:59:59.999,6415636.23863,25555,17122506.0,4065442.195
2025-07-25 05:00:00,0.23906,0.23988,0.23591,0.23633,8808347.0,2025-07-25 05:59:59.999,2095042.27121,13235,3659824.0,870164.39451
2025-07-25 06:00:00,0.23634,0.2383,0.23454,0.23711,6929309.0,2025-07-25 06:59:59.999,1637196.97017,12767,3367077.0,795492.16082
2025-07-25 07:00:00,0.23712,0.23975,0.23478,0.23728,11004113.0,2025-07-25 07:59:59.999,2607985.41022,17444,4889921.0,1159733.42051
2025-07-25 08:00:00,0.23731,0.24052,0.23682,0.23824,8637330.0,2025-07-25 08:59:59.999,2061459.90326,16084,4142931.0,989290.98005
2025-07-25 09:00:00,0.23825,0.24251,0.23734,0.24246,12564579.0,2025-07-25 09:59:59.999,3027288.49203,19261,8611342.0,2076577.46766
2025-07-25 10:00:00,0.24248,0.24462,0.24157,0.24444,9030557.0,2025-07-25 10:59:59.999,2195379.84312,14811,4237246.0,1029485.24986
2025-07-25 11:00:00,0.24446,0.24684,0.24396,0.24623,8699323.0,2025-07-25 11:59:59.999,2135181.63669,13768,4208069.0,1032579.98345
2025-07-25 12:00:00,0.24622,0.26457,0.2461,0.25035,135948822.0,2025-07-25 12:59:59.999,34417017.21145,199989,80897685.0,20441690.85358
2025-07-25 13:00:00,0.25034,0.25057,0.24287,0.2457,28221111.0,2025-07-25 13:59:59.999,6959169.75442,47540,13655777.0,3366394.45708
2025-07-25 14:00:00,0.24563,0.24893,0.24079,0.24712,50047762.0,2025-07-25 14:59:59.999,12262247.45526,63654,23191088.0,5694041.00486
2025-07-25 15:00:00,0.24714,0.24987,0.243,0.24448,64482771.0,2025-07-25 15:59:59.999,15960697.91319,66229,30174942.0,7481433.08766
2025-07-25 16:00:00,0.24448,0.24901,0.24378,0.24817,27324623.0,2025-07-25 16:59:59.999,6741297.24335,34438,12506528.0,3085871.84605
2025-07-25 17:00:00,0.24817,0.2552,0.24796,0.2524,31400898.0,2025-07-25 17:59:59.999,7915122.7398,46574,16109461.0,4059449.39316
2025-07-25 18:00:00,0.25239,0.2536,0.2498,0.25081,13583181.0,2025-07-25 18:59:59.999,3413669.58472,20759,5782964.0,1453996.17957
2025-07-25 19:00:00,0.25076,0.25595,0.25,0.25444,12599031.0,2025-07-25 19:59:59.999,3185467.22952,19353,6776289.0,1713845.81512
2025-07-25 20:00:00,0.25446,0.25997,0.25269,0.25944,30104696.0,2025-07-25 20:59:59.999,7740708.81734,36679,20210166.0,5198141.95326
2025-07-25 21:00:00,0.25937,0.26316,0.25747,0.26179,21892264.0,2025-07-25 21:59:59.999,5704804.36895,20960,11117214.0,2897999.64176
2025-07-25 22:00:00,0.26182,0.26378,0.25944,0.26365,13936915.0,2025-07-25 22:59:59.999,3646112.87293,21486,6722785.0,1759902.68882
2025-07-25 23:00:00,0.2636,0.26386,0.25719,0.25867,18272332.0,2025-07-25 23:59:59.999,4750247.99438,23844,8525096.0,2216555.39325
2025-07-26 00:00:00,0.25865,0.25954,0.25584,0.25876,13804533.0,2025-07-26 00:59:59.999,3556785.33608,18190,6745139.0,1740368.92385
2025-07-26 01:00:00,0.25878,0.26639,0.25693,0.26112,24585242.0,2025-07-26 01:59:59.999,6455617.88897,36363,13660855.0,3590040.40585
2025-07-26 02:00:00,0.26114,0.2683,0.26114,0.26737,21433906.0,2025-07-26 02:59:59.999,5696564.86384,32485,11978446.0,3182959.8643
2025-07-26 03:00:00,0.26737,0.26808,0.26243,0.26656,16068251.0,2025-07-26 03:59:59.999,4262412.63361,21011,8116834.0,2156480.32264
2025-07-26 04:00:00,0.26654,0.27081,0.26583,0.26815,23605436.0,2025-07-26 04:59:59.999,6341226.9383,30156,11928326.0,3205139.67256
2025-07-26 05:00:00,0.26815,0.27056,0.26533,0.26843,13973523.0,2025-07-26 05:59:59.999,3745098.12164,17640,6841500.0,1835598.94288
2025-07-26 06:00:00,0.26842,0.26864,0.2647,0.26521,9960855.0,2025-07-26 06:59:59.999,2656400.22519,13919,3673841.0,979770.06869
2025-07-26 07:00:00,0.2652,0.26633,0.26324,0.26336,10206318.0,2025-07-26 07:59:59.999,2700083.34195,12177,4352608.0,1152209.6563
2025-07-26 08:00:00,0.2634,0.26451,0.26238,0.26417,7089677.0,2025-07-26 08:59:59.999,1866684.61177,11970,3514232.0,925472.91363
2025-07-26 09:00:00,0.26418,0.26633,0.26395,0.26615,8739947.0,2025-07-26 09:59:59.999,2317688.34011,12741,5227846.0,1386304.1191
2025-07-26 10:00:00,0.26616,0.2706,0.26616,0.26938,14563494.0,2025-07-26 10:59:59.999,3918097.61288,18317,8006630.0,2152650.42918
2025-07-26 11:00:00,0.26939,0.273,0.26773,0.26895,16554461.0,2025-07-26 11:59:59.999,4470155.58838,24203,8052229.0,2177342.62999
2025-07-26 12:00:00,0.26895,0.27585,0.26862,0.27369,24920202.0,2025-07-26 12:59:59.999,6805742.96552,37823,13076249.0,3570503.71347
2025-07-26 13:00:00,0.27368,0.28161,0.27201,0.27924,36748400.0,2025-07-26 13:59:59.999,10198843.72027,45801,18049440.0,5008976.40897
2025-07-26 14:00:00,0.27924,0.286,0.27371,0.28128,57991499.0,2025-07-26 14:59:59.999,16262966.07602,77247,30355825.0,8522081.58296
2025-07-26 15:00:00,0.28127,0.28426,0.27757,0.28112,32799103.0,2025-07-26 15:59:59.999,9217163.084,53612,16025623.0,4507704.6004
2025-07-26 16:00:00,0.28113,0.28637,0.27895,0.28495,34094195.0,2025-07-26 16:59:59.999,9657439.56033,53346,19316950.0,5473406.57635
2025-07-26 17:00:00,0.28496,0.28713,0.27891,0.27917,35958119.0,2025-07-26 17:59:59.999,10177849.91329,53123,16133635.0,4572870.99217
2025-07-26 18:00:00,0.27922,0.284,0.27872,0.28177,15937079.0,2025-07-26 18:59:59.999,4476912.39755,29715,8031020.0,2256251.74517
2025-07-26 19:00:00,0.28177,0.29115,0.28063,0.2872,37509605.0,2025-07-26 19:59:59.999,10778828.12662,74782,21845815.0,6279209.57544
2025-07-26 20:00:00,0.28721,0.28846,0.28281,0.2854,22777246.0,2025-07-26 20:59:59.999,6510186.22173,41104,12285464.0,3511732.76866
2025-07-26 21:00:00,0.28538,0.28605,0.2817,0.28474,11735802.0,2025-07-26 21:59:59.999,3329539.40828,17202,4542592.0,1289184.51425
2025-07-26 22:00:00,0.28478,0.28827,0.28184,0.28188,17947132.0,2025-07-26 22:59:59.999,5122633.33235,29000,8103427.0,2314528.21185
2025-07-26 23:00:00,0.2819,0.28279,0.27881,0.27974,15164145.0,2025-07-26 23:59:59.999,4255581.05735,22212,5860218.0,1645588.21709
2025-07-27 00:00:00,0.27977,0.28055,0.27665,0.27802,15313171.0,2025-07-27 00:59:59.999,4261254.76405,25862,7078766.0,1970200.94173
2025-07-27 01:00:00,0.27797,0.28247,0.27645,0.28099,26693802.0,2025-07-27 01:59:59.999,7464427.32597,25031,12732772.0,3560631.06154
2025-07-27 02:00:00,0.28099,0.29054,0.28015,0.28945,38541001.0,2025-07-27 02:59:59.999,11062971.77014,44323,23169189.0,6648563.90202
2025-07-27 03:00:00,0.28946,0.29372,0.28747,0.2918,24923888.0,2025-07-27 03:59:59.999,7240323.66228,38766,12877302.0,3740454.64331
2025-07-27 04:00:00,0.29179,0.3,0.28872,0.29994,33119663.0,2025-07-27 04:59:59.999,9784674.96244,48161,19403561.0,5740424.51356
2025-07-27 05:00:00,0.29993,0.305,0.29758,0.30227,39959883.0,2025-07-27 05:59:59.999,12059882.9003,69709,21891734.0,6605823.2341
2025-07-27 06:00:00,0.30227,0.30308,0.29537,0.29599,30877747.0,2025-07-27 06:59:59.999,9224423.10273,51965,12414725.0,3708391.13763
2025-07-27 07:00:00,0.29596,0.29618,0.28775,0.29051,28524804.0,2025-07-27 07:59:59.999,8319361.80873,39754,11758896.0,3429633.2568
2025-07-27 08:00:00,0.29051,0.29117,0.28359,0.28657,30624191.0,2025-07-27 08:59:59.999,8773242.47138,36209,13145141.0,3766588.13804
2025-07-27 09:00:00,0.28657,0.28703,0.28174,0.28195,19063322.0,2025-07-27 09:59:59.999,5412434.19294,22468,7743668.0,2199487.75524
2025-07-27 10:00:00,0.28199,0.2886,0.28173,0.28708,23661047.0,2025-07-27 10:59:59.999,6771867.66591,31730,13401498.0,3835715.40096
2025-07-27 11:00:00,0.28709,0.28847,0.28268,0.28403,22070290.0,2025-07-27 11:59:59.999,6291378.07919,22925,11233691.0,3202990.74383
2025-07-27 12:00:00,0.28402,0.28533,0.28225,0.28432,11585578.0,2025-07-27 12:59:59.999,3285095.26367,16262,4860068.0,1378593.33491
2025-07-27 13:00:00,0.28432,0.28753,0.28317,0.28359,13861331.0,2025-07-27 13:59:59.999,3955645.97595,22051,7423337.0,2119346.13413
2025-07-27 14:00:00,0.28358,0.2862,0.2832,0.28467,8887419.0,2025-07-27 14:59:59.999,2529475.94985,16019,4326510.0,1231341.00605
2025-07-27 15:00:00,0.28464,0.28736,0.2844,0.28652,8638511.0,2025-07-27 15:59:59.999,2469268.82241,17536,4392603.0,1255687.82048
2025-07-27 16:00:00,0.2865,0.2911,0.28359,0.28583,37260954.0,2025-07-27 16:59:59.999,10695076.25567,40066,13689268.0,3934326.04506
2025-07-27 17:00:00,0.28583,0.28875,0.28466,0.28766,12987210.0,2025-07-27 17:59:59.999,3721343.27257,22248,6797130.0,1947621.27847
2025-07-27 18:00:00,0.28764,0.28947,0.28689,0.28856,9606670.0,2025-07-27 18:59:59.999,2769863.75811,14786,5255920.0,1515699.35052
2025-07-27 19:00:00,0.28855,0.29178,0.2881,0.28962,11965843.0,2025-07-27 19:59:59.999,3471948.50414,18099,6085557.0,1766105.65942
2025-07-27 20:00:00,0.28963,0.29495,0.28938,0.29256,13267940.0,2025-07-27 20:59:59.999,3883517.68188,21006,6794024.0,1988894.75168
2025-07-27 21:00:00,0.29257,0.29418,0.29047,0.29269,11011867.0,2025-07-27 21:59:59.999,3221214.60672,13482,5798694.0,1696302.783
2025-07-27 22:00:00,0.2927,0.29564,0.29233,0.29311,11339655.0,2025-07-27 22:59:59.999,3334603.16312,18730,5760734.0,1694833.9247
2025-07-27 23:00:00,0.2931,0.2935,0.28836,0.2917,13787886.0,2025-07-27 23:59:59.999,4008378.93092,19339,5170557.0,1504059.25996
2025-07-28 00:00:00,0.29172,0.29247,0.28634,0.28836,18577107.0,2025-07-28 00:59:59.999,5375967.99409,34272,7778960.0,2252804.85672
2025-07-28 01:00:00,0.28837,0.28889,0.28413,0.28646,10987946.0,2025-07-28 01:59:59.999,3140168.69592,19171,4291458.0,1227148.76797
2025-07-28 02:00:00,0.28643,0.28886,0.28511,0.28765,10314366.0,2025-07-28 02:59:59.999,2963282.68862,17507,5683795.0,1633062.02178
2025-07-28 03:00:00,0.28765,0.28811,0.28517,0.28656,7216829.0,2025-07-28 03:59:59.999,2067305.14272,12848,3469871.0,993868.46906
2025-07-28 04:00:00,0.28656,0.28754,0.28432,0.28586,9079573.0,2025-07-28 04:59:59.999,2591981.55575,15066,4334097.0,1237360.22785
2025-07-28 05:00:00,0.28585,0.28893,0.28463,0.28831,9380007.0,2025-07-28 05:59:59.999,2693000.52622,16393,4820773.0,1383917.70928
2025-07-28 06:00:00,0.28833,0.29099,0.287,0.28809,10738855.0,2025-07-28 06:59:59.999,3104852.87815,16110,5733746.0,1658511.3786
2025-07-28 07:00:00,0.28809,0.28832,0.28447,0.28521,12473733.0,2025-07-28 07:59:59.999,3566633.15024,16851,5652793.0,1616532.73391
2025-07-28 08:00:00,0.28519,0.2859,0.28326,0.2859,6893250.0,2025-07-28 08:59:59.999,1962997.60992,10955,2811263.0,800695.39432
2025-07-28 09:00:00,0.28591,0.28753,0.2848,0.28629,10341355.0,2025-07-28 09:59:59.999,2960417.02902,15967,4390562.0,1256875.89182
2025-07-28 10:00:00,0.2863,0.28688,0.28337,0.2837,8151260.0,2025-07-28 10:59:59.999,2323483.791,12824,3315235.0,944817.33841
2025-07-28 11:00:00,0.28371,0.28501,0.28127,0.28398,10621548.0,2025-07-28 11:59:59.999,3008363.52132,13133,4842309.0,1372270.44767
2025-07-28 12:00:00,0.284,0.28404,0.28121,0.28155,7340871.0,2025-07-28 12:59:59.999,2075562.54931,11809,3208131.0,907158.73183
2025-07-28 13:00:00,0.28153,0.28171,0.27713,0.2782,18130205.0,2025-07-28 13:59:59.999,5060323.05022,28321,7198620.0,2008553.92793
2025-07-28 14:00:00,0.27822,0.27949,0.27229,0.27285,23345809.0,2025-07-28 14:59:59.999,6426197.53059,37219,8756551.0,2409779.53828
2025-07-28 15:00:00,0.27285,0.27521,0.27133,0.27252,14639384.0,2025-07-28 15:59:59.999,4000666.54865,23237,7077317.0,1934712.08299
2025-07-28 16:00:00,0.27255,0.27468,0.2704,0.27366,12790817.0,2025-07-28 16:59:59.999,3484660.97834,18905,7143981.0,1947698.12384
2025-07-28 17:00:00,0.27367,0.27441,0.27123,0.2726,9546046.0,2025-07-28 17:59:59.999,2604710.06485,17549,4636775.0,1265325.72827
2025-07-28 18:00:00,0.27262,0.27292,0.26845,0.27023,16809375.0,2025-07-28 18:59:59.999,4545955.74388,25039,8344025.0,2256438.25401
2025-07-28 19:00:00,0.27023,0.27133,0.26672,0.26984,17175828.0,2025-07-28 19:59:59.999,4618228.02729,20459,8689770.0,2337162.85137
2025-07-28 20:00:00,0.26984,0.27071,0.267,0.26929,10750452.0,2025-07-28 20:59:59.999,2890623.86979,18376,5770239.0,1551506.61357
2025-07-28 21:00:00,0.26928,0.2743,0.26899,0.27314,12289333.0,2025-07-28 21:59:59.999,3342302.29657,15287,7499012.0,2038885.16388
2025-07-28 22:00:00,0.27312,0.27467,0.26943,0.2715,10413110.0,2025-07-28 22:59:59.999,2834973.27058,18210,4859069.0,1324286.47661
2025-07-28 23:00:00,0.2715,0.27327,0.27027,0.27153,5195489.0,2025-07-28 23:59:59.999,1412063.71573,12634,2559283.0,695665.42232
2025-07-29 00:00:00,0.27154,0.27323,0.267,0.27015,15329552.0,2025-07-29 00:59:59.999,4136858.86657,22601,6790485.0,1834486.11185
2025-07-29 01:00:00,0.27016,0.27103,0.26763,0.26768,5060047.0,2025-07-29 01:59:59.999,1364063.93447,9698,2756574.0,743169.95134
2025-07-29 02:00:00,0.26769,0.26883,0.2643,0.26533,11379370.0,2025-07-29 02:59:59.999,3028657.46281,20421,5203563.0,1384506.04604
2025-07-29 03:00:00,0.26536,0.27024,0.26534,0.26972,6253279.0,2025-07-29 03:59:59.999,1673403.7506,13881,3252871.0,870735.36657
2025-07-29 04:00:00,0.26972,0.27092,0.2672,0.26757,4969140.0,2025-07-29 04:59:59.999,1337598.51521,9886,2387800.0,642748.42987
2025-07-29 05:00:00,0.26756,0.27286,0.26749,0.27078,6833859.0,2025-07-29 05:59:59.999,1851236.48658,12385,3890842.0,1054529.9684
2025-07-29 06:00:00,0.2708,0.27414,0.26998,0.27202,7812171.0,2025-07-29 06:59:59.999,2130764.91891,12802,3971855.0,1083311.0092
2025-07-29 07:00:00,0.27203,0.27704,0.2715,0.27528,14826763.0,2025-07-29 07:59:59.999,4073387.26676,17221,6006274.0,1646972.53457
2025-07-29 08:00:00,0.2753,0.27944,0.27436,0.27638,13233792.0,2025-07-29 08:59:59.999,3663637.22243,19841,8216000.0,2274988.26765
2025-07-29 09:00:00,0.27642,0.2771,0.27394,0.27466,6707510.0,2025-07-29 09:59:59.999,1847991.54057,13366,3044129.0,838970.87432
2025-07-29 10:00:00,0.27468,0.27516,0.27118,0.2715,16196263.0,2025-07-29 10:59:59.999,4418891.63625,18490,8445423.0,2303525.10776
2025-07-29 11:00:00,0.2715,0.27419,0.27133,0.27348,5555899.0,2025-07-29 11:59:59.999,1515027.78736,12333,2662511.0,725774.33908
2025-07-29 12:00:00,0.27348,0.27598,0.27237,0.27444,7405086.0,2025-07-29 12:59:59.999,2031759.7595,12939,3548515.0,973393.95615
2025-07-29 13:00:00,0.2744,0.27482,0.26808,0.26902,10627622.0,2025-07-29 13:59:59.999,2887522.24278,17756,4813024.0,1308152.5069
2025-07-29 14:00:00,0.26905,0.26917,0.26306,0.26527,13261069.0,2025-07-29 14:59:59.999,3534891.61524,24171,5709623.0,1522736.74781
2025-07-29 15:00:00,0.26526,0.26526,0.25998,0.26152,22958237.0,2025-07-29 15:59:59.999,6014610.38868,33534,8906642.0,2335394.07191
2025-07-29 16:00:00,0.26152,0.26283,0.25849,0.26283,20752541.0,2025-07-29 16:59:59.999,5411766.96398,22610,8740503.0,2279426.64101
2025-07-29 17:00:00,0.26282,0.2658,0.26212,0.26404,9627693.0,2025-07-29 17:59:59.999,2545170.13976,15098,5663600.0,1497264.12983
2025-07-29 18:00:00,0.26402,0.26464,0.26168,0.26254,7444382.0,2025-07-29 18:59:59.999,1955023.14961,10943,2131454.0,560164.52723
2025-07-29 19:00:00,0.26255,0.26375,0.25973,0.25994,8446250.0,2025-07-29 19:59:59.999,2209051.40798,13779,4365115.0,1142373.0915
2025-07-29 20:00:00,0.25994,0.26146,0.25712,0.25932,13745386.0,2025-07-29 20:59:59.999,3558019.66707,18895,5427028.0,1405755.82611
2025-07-29 21:00:00,0.25934,0.26296,0.25811,0.26198,11198525.0,2025-07-29 21:59:59.999,2915577.57253,9785,6942327.0,1810192.07612
2025-07-29 22:00:00,0.26197,0.26393,0.25993,0.26319,7543230.0,2025-07-29 22:59:59.999,1978586.03896,12558,4316469.0,1133070.95911
2025-07-29 23:00:00,0.26319,0.26514,0.26219,0.26374,6727640.0,2025-07-29 23:59:59.999,1773029.57067,10445,4124799.0,1087029.96431
2025-07-30 00:00:00,0.26375,0.26445,0.26033,0.2621,4567073.0,2025-07-30 00:59:59.999,1198108.66983,11553,1924091.0,504655.29181
2025-07-30 01:00:00,0.26208,0.2643,0.25886,0.26313,10694852.0,2025-07-30 01:59:59.999,2797978.29639,14035,5446081.0,1427387.36929
2025-07-30 02:00:00,0.26311,0.26506,0.26011,0.26035,15092256.0,2025-07-30 02:59:59.999,3961088.64483,13361,6841918.0,1794606.23574
2025-07-30 03:00:00,0.26035,0.26191,0.25929,0.26078,7944692.0,2025-07-30 03:59:59.999,2067228.97587,10459,3960574.0,1030781.7715
2025-07-30 04:00:00,0.26077,0.26168,0.25873,0.25915,3667902.0,2025-07-30 04:59:59.999,953349.78198,7161,1600384.0,416366.72789
2025-07-30 05:00:00,0.25914,0.26121,0.2558,0.26048,16662677.0,2025-07-30 05:59:59.999,4304083.00397,14215,6016884.0,1559468.96916
2025-07-30 06:00:00,0.26046,0.26198,0.25979,0.26168,3642713.0,2025-07-30 06:59:59.999,950775.1138,8056,1795362.0,468656.72186
2025-07-30 07:00:00,0.26167,0.26238,0.25776,0.2586,4909543.0,2025-07-30 07:59:59.999,1275305.0241,10479,2123238.0,551639.79528
2025-07-30 08:00:00,0.25856,0.26105,0.25711,0.25981,5362115.0,2025-07-30 08:59:59.999,1389330.36683,11107,2488387.0,644734.7165
2025-07-30 09:00:00,0.25982,0.2603,0.25719,0.25792,4105981.0,2025-07-30 09:59:59.999,1062056.96344,10717,1913722.0,494921.76486
2025-07-30 10:00:00,0.25791,0.26045,0.25672,0.25731,7347994.0,2025-07-30 10:59:59.999,1899156.85846,10954,2711406.0,701347.47106
2025-07-30 11:00:00,0.25732,0.2589,0.25394,0.25542,16425420.0,2025-07-30 11:59:59.999,4209368.94978,24320,7242571.0,1857421.68098
2025-07-30 12:00:00,0.25542,0.25749,0.25184,0.25453,22363302.0,2025-07-30 12:59:59.999,5692046.03429,28477,9663021.0,2462391.95656
2025-07-30 13:00:00,0.2545,0.25653,0.25355,0.25488,12865678.0,2025-07-30 13:59:59.999,3283699.31788,23271,6643918.0,1696520.30611
2025-07-30 14:00:00,0.25488,0.26103,0.2539,0.26001,17300108.0,2025-07-30 14:59:59.999,4468178.48856,22418,10657357.0,2755138.64633
2025-07-30 15:00:00,0.26,0.26077,0.25634,0.25702,18043525.0,2025-07-30 15:59:59.999,4654358.88436,22014,6885347.0,1776558.6606
2025-07-30 16:00:00,0.25703,0.25791,0.25431,0.25754,17014779.0,2025-07-30 16:59:59.999,4353894.83867,17569,5708106.0,1461651.45175
2025-07-30 17:00:00,0.25755,0.25943,0.25676,0.25921,6801319.0,2025-07-30 17:59:59.999,1755658.88387,10884,4492812.0,1159502.50238
2025-07-30 18:00:00,0.2592,0.2608,0.25052,0.25098,23627061.0,2025-07-30 18:59:59.999,6044476.38776,35907,8158594.0,2091503.02996
2025-07-30 19:00:00,0.25093,0.25683,0.24578,0.2557,35774123.0,2025-07-30 19:59:59.999,8960807.13206,53193,18343169.0,4601985.77492
2025-07-30 20:00:00,0.2557,0.25948,0.25444,0.25465,13377895.0,2025-07-30 20:59:59.999,3436487.49765,19253,7041310.0,1809819.46346
2025-07-30 21:00:00,0.25467,0.25593,0.25169,0.25417,9327215.0,2025-07-30 21:59:59.999,2366511.86459,10596,3648131.0,926105.40754
2025-07-30 22:00:00,0.25416,0.25525,0.25257,0.25374,5862088.0,2025-07-30 22:59:59.999,1487361.24032,11935,2587503.0,656484.74321
2025-07-30 23:00:00,0.25372,0.25675,0.25361,0.25576,5709167.0,2025-07-30 23:59:59.999,1459989.59571,9374,2493084.0,637835.27429
2025-07-31 00:00:00,0.25577,0.26031,0.25466,0.26028,13220267.0,2025-07-31 00:59:59.999,3413947.17412,13817,8067100.0,2084168.2237
2025-07-31 01:00:00,0.26026,0.262,0.25784,0.2619,12471571.0,2025-07-31 01:59:59.999,3242793.77051,14527,4935729.0,1284745.04004
2025-07-31 02:00:00,0.26188,0.26524,0.26019,0.26503,12671039.0,2025-07-31 02:59:59.999,3329400.01744,16275,6924262.0,1819828.30484
2025-07-31 03:00:00,0.26503,0.27234,0.26497,0.27185,27945065.0,2025-07-31 03:59:59.999,7506981.41339,39789,17621531.0,4732936.91195
2025-07-31 04:00:00,0.27188,0.27447,0.27035,0.27116,18917030.0,2025-07-31 04:59:59.999,5153279.03934,33240,10059365.0,2740722.3073
2025-07-31 05:00:00,0.27116,0.27517,0.2708,0.27314,14830336.0,2025-07-31 05:59:59.999,4057109.99991,23031,8409975.0,2301391.15761
2025-07-31 06:00:00,0.27315,0.27416,0.27119,0.27382,10145181.0,2025-07-31 06:59:59.999,2764896.39741,15302,3943530.0,1074534.12637
2025-07-31 07:00:00,0.27384,0.27475,0.27148,0.27347,6060476.0,2025-07-31 07:59:59.999,1656760.18118,12387,2891774.0,790550.46825
2025-07-31 08:00:00,0.27347,0.27624,0.27251,0.27507,14776765.0,2025-07-31 08:59:59.999,4055633.00614,18414,7815599.0,2145426.75651
2025-07-31 09:00:00,0.27508,0.27697,0.27313,0.27563,10586668.0,2025-07-31 09:59:59.999,2911308.509,14694,5737689.0,1577160.97628
2025-07-31 10:00:00,0.27559,0.279,0.27402,0.27682,13227026.0,2025-07-31 10:59:59.999,3656559.03301,16752,7778746.0,2151159.66907
2025-07-31 11:00:00,0.27689,0.27797,0.27171,0.27318,20588012.0,2025-07-31 11:59:59.999,5662659.20336,22429,7507265.0,2067037.62726
2025-07-31 12:00:00,0.27317,0.27333,0.26857,0.27103,19731704.0,2025-07-31 12:59:59.999,5350152.87766,25357,7063535.0,1916121.75247
2025-07-31 13:00:00,0.27105,0.27112,0.26563,0.26748,22509546.0,2025-07-31 13:59:59.999,6029079.87105,34442,9914776.0,2657328.14759
2025-07-31 14:00:00,0.26751,0.26886,0.26005,0.26012,27711467.0,2025-07-31 14:59:59.999,7329937.06613,35965,11002957.0,2913358.54932
2025-07-31 15:00:00,0.26013,0.26449,0.25996,0.26275,14437453.0,2025-07-31 15:59:59.999,3787684.56056,23204,6933149.0,1820931.32452
2025-07-31 16:00:00,0.26272,0.26811,0.26212,0.26479,16578526.0,2025-07-31 16:59:59.999,4394736.31646,22927,10611677.0,2813907.24957
2025-07-31 17:00:00,0.26482,0.26496,0.25917,0.26019,14256460.0,2025-07-31 17:59:59.999,3731732.77325,22877,5242831.0,1372989.29041
2025-07-31 18:00:00,0.26025,0.26044,0.25624,0.25827,13749023.0,2025-07-31 18:59:59.999,3548030.04968,19506,6557592.0,1692029.6282
2025-07-31 19:00:00,0.25825,0.2589,0.2556,0.25604,11607062.0,2025-07-31 19:59:59.999,2976125.41716,14746,3661273.0,939367.70743
2025-07-31 20:00:00,0.256,0.25909,0.25485,0.25884,9599158.0,2025-07-31 20:59:59.999,2467942.46617,18328,5064639.0,1302237.23999
2025-07-31 21:00:00,0.25882,0.25924,0.25501,0.25797,9904595.0,2025-07-31 21:59:59.999,2555273.30645,13670,6237930.0,1610227.42937
2025-07-31 22:00:00,0.25796,0.25799,0.25069,0.25234,18670033.0,2025-07-31 22:59:59.999,4728495.14486,26297,7436956.0,1885142.33368
2025-07-31 23:00:00,0.25231,0.25464,0.2497,0.25098,12544464.0,2025-07-31 23:59:59.999,3163758.32543,21621,6567276.0,1657529.11895
2025-08-01 00:00:00,0.25099,0.25164,0.24388,0.25047,38347223.0,2025-08-01 00:59:59.999,9516417.21306,51994,17494833.0,4347997.0902
2025-08-01 01:00:00,0.25046,0.25172,0.24615,0.24978,25149817.0,2025-08-01 01:59:59.999,6253352.13786,40949,11460622.0,2850482.3556
2025-08-01 02:00:00,0.24977,0.2562,0.24942,0.25484,22067997.0,2025-08-01 02:59:59.999,5589663.60162,27749,13017041.0,3296986.45239
2025-08-01 03:00:00,0.25484,0.25533,0.25184,0.25225,11195501.0,2025-08-01 03:59:59.999,2839709.54685,18291,5058296.0,1283527.25349
2025-08-01 04:00:00,0.25224,0.25274,0.25011,0.2503,11255381.0,2025-08-01 04:59:59.999,2826210.90667,16535,4321917.0,1084982.38582
2025-08-01 05:00:00,0.25029,0.25089,0.24692,0.24766,11671284.0,2025-08-01 05:59:59.999,2904486.08296,17035,4200424.0,1045794.2283
2025-08-01 06:00:00,0.24764,0.24811,0.24519,0.24775,10055214.0,2025-08-01 06:59:59.999,2479988.12358,17177,4365270.0,1077116.07278
2025-08-01 07:00:00,0.24771,0.24868,0.24533,0.24748,11353918.0,2025-08-01 07:59:59.999,2806294.25572,16674,4705783.0,1162346.04038
2025-08-01 08:00:00,0.24747,0.24747,0.24173,0.24389,27427314.0,2025-08-01 08:59:59.999,6692011.35008,37656,11631872.0,2839349.31018
2025-08-01 09:00:00,0.24389,0.24651,0.24207,0.24234,14096111.0,2025-08-01 09:59:59.999,3450325.21615,21077,7936284.0,1944300.86894
2025-08-01 10:00:00,0.2423,0.24447,0.24206,0.24294,8628444.0,2025-08-01 10:59:59.999,2097655.01528,16448,4246091.0,1032541.11048
2025-08-01 11:00:00,0.24296,0.24662,0.24162,0.24552,13035053.0,2025-08-01 11:59:59.999,3183938.75278,14406,6161090.0,1507783.00696
2025-08-01 12:00:00,0.24554,0.2491,0.24437,0.24697,29871158.0,2025-08-01 12:59:59.999,7376215.78048,37313,15055683.0,3725334.53412
2025-08-01 13:00:00,0.24701,0.24898,0.24026,0.24186,22528428.0,2025-08-01 13:59:59.999,5507433.84881,37107,7952322.0,1945596.18572
2025-08-01 14:00:00,0.24185,0.25441,0.24035,0.25402,44059817.0,2025-08-01 14:59:59.999,10988364.18989,49136,25460859.0,6346016.32386
2025-08-01 15:00:00,0.25402,0.25541,0.24953,0.25259,22864892.0,2025-08-01 15:59:59.999,5773327.74372,36338,10630414.0,2686455.02109
2025-08-01 16:00:00,0.25258,0.25487,0.24844,0.24884,13542130.0,2025-08-01 16:59:59.999,3409302.74712,24846,5367189.0,1352118.96909
2025-08-01 17:00:00,0.24882,0.25041,0.2459,0.24662,14044095.0,2025-08-01 17:59:59.999,3477815.19362,25182,5507428.0,1363958.60125
2025-08-01 18:00:00,0.24661,0.25032,0.24523,0.24728,16652316.0,2025-08-01 18:59:59.999,4122430.83167,29774,9135386.0,2261534.42154
2025-08-01 19:00:00,0.24726,0.25026,0.24589,0.24911,9599740.0,2025-08-01 19:59:59.999,2382295.85075,26450,4695532.0,1165192.78429
2025-08-01 20:00:00,0.2491,0.24967,0.24217,0.24724,21083926.0,2025-08-01 20:59:59.999,5163663.74846,29980,9201059.0,2254269.27946
2025-08-01 21:00:00,0.24725,0.24843,0.24403,0.24428,11471558.0,2025-08-01 21:59:59.999,2829904.72254,21515,5060984.0,1250697.23369
2025-08-01 22:00:00,0.24427,0.24427,0.23677,0.2391,28148072.0,2025-08-01 22:59:59.999,6754929.26736,47601,10822331.0,2594107.82373
2025-08-01 23:00:00,0.2391,0.24294,0.23788,0.24113,12155480.0,2025-08-01 23:59:59.999,2930351.28576,18711,7101156.0,1712469.58814
2025-08-02 00:00:00,0.24114,0.24161,0.23861,0.24148,19218238.0,2025-08-02 00:59:59.999,4610995.80981,32628,6448586.0,1547682.74746
2025-08-02 01:00:00,0.2415,0.24266,0.23805,0.24224,9037952.0,2025-08-02 01:59:59.999,2178930.73324,8478,4660389.0,1123676.63991
2025-08-02 02:00:00,0.24224,0.24224,0.24012,0.2409,3381292.0,2025-08-02 02:59:59.999,815445.96303,6055,1748056.0,421509.00216
2025-08-02 03:00:00,0.24093,0.24189,0.23948,0.24028,4210483.0,2025-08-02 03:59:59.999,1013629.36178,7656,2069909.0,498230.52851
2025-08-02 04:00:00,0.2403,0.24491,0.23928,0.24428,10043299.0,2025-08-02 04:59:59.999,2437270.135,11630,6255308.0,1519979.24242
2025-08-02 05:00:00,0.24428,0.24442,0.24181,0.24282,7532336.0,2025-08-02 05:59:59.999,1829982.07243,11797,3682112.0,894309.20548
2025-08-02 06:00:00,0.24282,0.24292,0.23621,0.23818,18530205.0,2025-08-02 06:59:59.999,4427113.35357,21005,6042794.0,1443176.07722
2025-08-02 07:00:00,0.23818,0.2417,0.23629,0.24117,11643624.0,2025-08-02 07:59:59.999,2796012.15906,16251,6975280.0,1675699.63492
2025-08-02 08:00:00,0.24117,0.24128,0.23727,0.23745,8652142.0,2025-08-02 08:59:59.999,2068342.15846,12767,3609084.0,863212.62223
2025-08-02 09:00:00,0.23743,0.23842,0.23576,0.23691,8259274.0,2025-08-02 09:59:59.999,1956162.73452,11996,3518987.0,833876.7031
2025-08-02 10:00:00,0.23692,0.23728,0.23497,0.2371,6452493.0,2025-08-02 10:59:59.999,1522748.81346,12204,2792016.0,659193.74532
2025-08-02 11:00:00,0.2371,0.23945,0.23567,0.23741,7511217.0,2025-08-02 11:59:59.999,1786216.70092,11844,3813954.0,907375.90678
2025-08-02 12:00:00,0.23738,0.2377,0.23549,0.2369,3830771.0,2025-08-02 12:59:59.999,906858.78247,8122,1893570.0,448263.65815
2025-08-02 13:00:00,0.23691,0.23744,0.23514,0.23658,6667494.0,2025-08-02 13:59:59.999,1574808.48901,11175,3765503.0,889363.10406
2025-08-02 14:00:00,0.23659,0.23676,0.23152,0.23256,17840457.0,2025-08-02 14:59:59.999,4169891.46423,19465,6716491.0,1569874.99994
2025-08-02 15:00:00,0.23256,0.23547,0.22925,0.22983,15292840.0,2025-08-02 15:59:59.999,3543821.67577,20058,6346730.0,1472118.91997
2025-08-02 16:00:00,0.22982,0.23234,0.2279,0.23186,16793281.0,2025-08-02 16:59:59.999,3860627.88028,24335,6680954.0,1536476.70848
2025-08-02 17:00:00,0.23184,0.23428,0.228,0.22901,17066578.0,2025-08-02 17:59:59.999,3949329.68372,23152,8528273.0,1977298.29308
2025-08-02 18:00:00,0.22904,0.23073,0.22572,0.22659,16411268.0,2025-08-02 18:59:59.999,3738632.91355,32184,6470908.0,1474275.44699
2025-08-02 19:00:00,0.22658,0.23078,0.2255,0.22807,13948424.0,2025-08-02 19:59:59.999,3194022.47496,20207,8005301.0,1834931.75304
2025-08-02 20:00:00,0.22806,0.23059,0.228,0.23057,6897832.0,2025-08-02 20:59:59.999,1581938.56753,12920,3699948.0,848539.04496
2025-08-02 21:00:00,0.2306,0.2323,0.22897,0.23078,5795629.0,2025-08-02 21:59:59.999,1336563.4577,10540,2825052.0,651591.59414
2025-08-02 22:00:00,0.23077,0.23282,0.22868,0.23203,8114769.0,2025-08-02 22:59:59.999,1876201.16048,13229,4342366.0,1004993.04931
2025-08-02 23:00:00,0.23199,0.23238,0.22796,0.2301,13114933.0,2025-08-02 23:59:59.999,3012821.15257,19823,4431557.0,1018646.71302
2025-08-03 00:00:00,0.23011,0.23184,0.22685,0.23159,17373523.0,2025-08-03 00:59:59.999,3981151.33036,29414,10397307.0,2379328.84812
2025-08-03 01:00:00,0.23157,0.23227,0.22979,0.23132,7677731.0,2025-08-03 01:59:59.999,1776494.12924,11747,3658857.0,846700.74925
2025-08-03 02:00:00,0.23132,0.23398,0.23128,0.23386,11603399.0,2025-08-03 02:59:59.999,2705056.83566,10796,6507499.0,1516978.31137
2025-08-03 03:00:00,0.23385,0.23438,0.23218,0.23384,7496361.0,2025-08-03 03:59:59.999,1749255.72168,7441,3581145.0,836621.07999
2025-08-03 04:00:00,0.23383,0.23463,0.23278,0.23436,3386624.0,2025-08-03 04:59:59.999,791929.66108,5812,1675233.0,391829.25777
2025-08-03 05:00:00,0.23436,0.23571,0.23381,0.23496,4217598.0,2025-08-03 05:59:59.999,990678.17638,6588,2477396.0,582073.16619
2025-08-03 06:00:00,0.23496,0.23674,0.23435,0.23669,7458382.0,2025-08-03 06:59:59.999,1758111.70894,6673,4156352.0,979484.00509
2025-08-03 07:00:00,0.23672,0.2396,0.23672,0.23861,10396690.0,2025-08-03 07:59:59.999,2475556.79872,9597,5548597.0,1320967.17861
2025-08-03 08:00:00,0.23858,0.2415,0.23855,0.24065,12484746.0,2025-08-03 08:59:59.999,3002300.73849,14984,7043569.0,1693884.51826
2025-08-03 09:00:00,0.24068,0.24085,0.23813,0.23954,5922013.0,2025-08-03 09:59:59.999,1416119.41063,8551,2750758.0,657872.66968
2025-08-03 10:00:00,0.23955,0.24181,0.23921,0.24156,5171618.0,2025-08-03 10:59:59.999,1244619.72743,8413,2745748.0,660933.98099
2025-08-03 11:00:00,0.24154,0.2479,0.24125,0.24591,24181214.0,2025-08-03 11:59:59.999,5926157.17449,27148,14864158.0,3642655.51076
2025-08-03 12:00:00,0.24597,0.24634,0.24346,0.24529,14548033.0,2025-08-03 12:59:59.999,3561583.61491,18830,7166295.0,1754678.61664
2025-08-03 13:00:00,0.24529,0.24539,0.24151,0.24243,10787493.0,2025-08-03 13:59:59.999,2623371.29611,14285,4059291.0,987702.53269
2025-08-03 14:00:00,0.24243,0.24608,0.24096,0.24585,10410107.0,2025-08-03 14:59:59.999,2531170.78479,16787,5669736.0,1379691.26856
2025-08-03 15:00:00,0.24583,0.24823,0.24461,0.24808,13070162.0,2025-08-03 15:59:59.999,3218087.70962,20852,7626117.0,1877781.9147
2025-08-03 16:00:00,0.2481,0.24999,0.24481,0.24921,10801112.0,2025-08-03 16:59:59.999,2674943.02201,16634,6123962.0,1517356.85889
2025-08-03 17:00:00,0.24922,0.2505,0.2475,0.249,8246255.0,2025-08-03 17:59:59.999,2052705.55635,14406,4454000.0,1109231.57973
2025-08-03 18:00:00,0.24902,0.24926,0.2463,0.24706,6421439.0,2025-08-03 18:59:59.999,1589110.09952,12276,3108169.0,768881.41731
2025-08-03 19:00:00,0.24707,0.24865,0.24658,0.24822,6088776.0,2025-08-03 19:59:59.999,1508514.28173,13276,2945473.0,729833.5468
2025-08-03 20:00:00,0.24821,0.24831,0.2458,0.24723,8259878.0,2025-08-03 20:59:59.999,2038652.44721,10778,3119916.0,770682.17619
2025-08-03 21:00:00,0.24722,0.24939,0.24629,0.24864,7125745.0,2025-08-03 21:59:59.999,1766273.98521,7786,4926702.0,1221533.0544
2025-08-03 22:00:00,0.24862,0.24934,0.24615,0.24821,4257258.0,2025-08-03 22:59:59.999,1053456.38636,9877,1983849.0,490916.05868
2025-08-03 23:00:00,0.24819,0.25112,0.24795,0.24861,9600801.0,2025-08-03 23:59:59.999,2397508.13809,17569,5117590.0,1278679.17663
2025-08-04 00:00:00,0.24862,0.2536,0.24689,0.25264,19881074.0,2025-08-04 00:59:59.999,4985370.74559,24912,8961560.0,2247508.89643
2025-08-04 01:00:00,0.25264,0.25311,0.2487,0.24912,11269321.0,2025-08-04 01:59:59.999,2826078.54073,17176,5302486.0,1331029.93516
2025-08-04 02:00:00,0.24913,0.25189,0.24803,0.25175,12364953.0,2025-08-04 02:59:59.999,3088580.3886,11738,5899854.0,1475947.40725
2025-08-04 03:00:00,0.25174,0.2524,0.24996,0.25078,3884373.0,2025-08-04 03:59:59.999,975422.81236,7390,1953029.0,490436.47204
2025-08-04 04:00:00,0.2508,0.25215,0.24851,0.24904,6823282.0,2025-08-04 04:59:59.999,1702719.72736,8100,2411456.0,602175.48601
2025-08-04 05:00:00,0.24906,0.25005,0.24697,0.24986,6499140.0,2025-08-04 05:59:59.999,1612351.92823,8498,3243772.0,804479.3031
2025-08-04 06:00:00,0.24984,0.24994,0.24706,0.24896,4670011.0,2025-08-04 06:59:59.999,1160991.8933,10456,2288385.0,568937.20336
2025-08-04 07:00:00,0.24895,0.25139,0.24637,0.24843,14592481.0,2025-08-04 07:59:59.999,3630392.90256,21529,5814157.0,1446052.95674
2025-08-04 08:00:00,0.24846,0.25211,0.2482,0.24936,13983996.0,2025-08-04 08:59:59.999,3501113.52861,21247,6204148.0,1554125.84534
2025-08-04 09:00:00,0.24937,0.25004,0.24758,0.24778,6612637.0,2025-08-04 09:59:59.999,1645640.45532,9283,2069827.0,515294.67288
2025-08-04 10:00:00,0.24776,0.24862,0.24709,0.24768,4176924.0,2025-08-04 10:59:59.999,1035218.73538,8565,1829249.0,453319.17456
2025-08-04 11:00:00,0.24767,0.2484,0.24552,0.24617,7205252.0,2025-08-04 11:59:59.999,1777518.77479,10346,2899450.0,715538.50414
2025-08-04 12:00:00,0.24619,0.24745,0.24552,0.24652,4813098.0,2025-08-04 12:59:59.999,1185755.24546,9162,2294456.0,565254.9304
2025-08-04 13:00:00,0.24653,0.25265,0.24566,0.25154,17887329.0,2025-08-04 13:59:59.999,4463942.81071,23449,10229750.0,2553924.64566
2025-08-04 14:00:00,0.25157,0.25616,0.24936,0.2503,32166087.0,2025-08-04 14:59:59.999,8144821.2528,41111,17064159.0,4326055.79639
2025-08-04 15:00:00,0.25032,0.25267,0.24828,0.24989,9421561.0,2025-08-04 15:59:59.999,2358544.42077,17352,4096759.0,1026272.28022
2025-08-04 16:00:00,0.24988,0.25285,0.24978,0.25249,8889638.0,2025-08-04 16:59:59.999,2237382.73006,16594,5144182.0,1294675.81774
2025-08-04 17:00:00,0.2526,0.25523,0.25096,0.25282,14164422.0,2025-08-04 17:59:59.999,3587379.89858,20721,7419978.0,1879413.26488
2025-08-04 18:00:00,0.25285,0.25432,0.25062,0.25072,8268058.0,2025-08-04 18:59:59.999,2088583.74092,11840,3227716.0,814912.80989
2025-08-04 19:00:00,0.2507,0.25107,0.24832,0.24922,8646961.0,2025-08-04 19:59:59.999,2158906.1325,10306,2276688.0,568640.63539
2025-08-04 20:00:00,0.24922,0.25166,0.24843,0.2509,5943879.0,2025-08-04 20:59:59.999,1486444.66198,9962,2413340.0,604113.33422
2025-08-04 21:00:00,0.2509,0.25315,0.25042,0.25234,17081945.0,2025-08-04 21:59:59.999,4295833.63135,15520,6533824.0,1644308.06153
2025-08-04 22:00:00,0.25234,0.25389,0.25167,0.25295,5406211.0,2025-08-04 22:59:59.999,1366470.70879,10110,2646283.0,668905.32905
2025-08-04 23:00:00,0.25297,0.25297,0.25014,0.25085,5818960.0,2025-08-04 23:59:59.999,1460843.28973,8634,2393505.0,600941.55524
2025-08-05 00:00:00,0.25085,0.2513,0.24921,0.24957,6017968.0,2025-08-05 00:59:59.999,1506057.85708,8845,3014818.0,754342.18058
2025-08-05 01:00:00,0.2496,0.25134,0.24765,0.24788,8318559.0,2025-08-05 01:59:59.999,2071309.81319,9289,3069034.0,764283.49661
2025-08-05 02:00:00,0.24791,0.24874,0.2469,0.24856,6283278.0,2025-08-05 02:59:59.999,1556189.23849,6202,1875575.0,464760.02835
2025-08-05 03:00:00,0.24854,0.24854,0.2444,0.2449,8965315.0,2025-08-05 03:59:59.999,2201559.28589,8786,3602492.0,884955.72893
2025-08-05 04:00:00,0.24491,0.24593,0.24337,0.24422,6328792.0,2025-08-05 04:59:59.999,1546819.92901,7472,3378886.0,825998.51508
2025-08-05 05:00:00,0.2442,0.24542,0.24306,0.24504,7615158.0,2025-08-05 05:59:59.999,1859921.9053,7526,2514343.0,614351.62501
2025-08-05 06:00:00,0.24506,0.24618,0.24377,0.24412,4872840.0,2025-08-05 06:59:59.999,1194486.26598,6857,2857962.0,700711.99737
2025-08-05 07:00:00,0.24412,0.2455,0.24113,0.24222,12889985.0,2025-08-05 07:59:59.999,3128865.3636,14034,4523502.0,1099145.15269
2025-08-05 08:00:00,0.24221,0.24377,0.24149,0.24369,4646268.0,2025-08-05 08:59:59.999,1127474.59145,8279,2808173.0,681523.71588
2025-08-05 09:00:00,0.2437,0.24714,0.24367,0.24679,9454333.0,2025-08-05 09:59:59.999,2319793.25282,7919,6932783.0,1701184.62686
2025-08-05 10:00:00,0.24678,0.25271,0.2461,0.24967,14402985.0,2025-08-05 10:59:59.999,3597980.57554,17543,8287990.0,2071263.52475
2025-08-05 11:00:00,0.24968,0.25063,0.24865,0.24907,6208532.0,2025-08-05 11:59:59.999,1547826.06622,10365,3149926.0,785249.71768
2025-08-05 12:00:00,0.24913,0.24946,0.24589,0.24703,12787000.0,2025-08-05 12:59:59.999,3167005.67916,16569,4372217.0,1084089.00124
2025-08-05 13:00:00,0.24702,0.24831,0.24617,0.24742,4978748.0,2025-08-05 13:59:59.999,1231475.03794,12959,2646520.0,654640.99238
2025-08-05 14:00:00,0.24743,0.24762,0.23989,0.24162,20128895.0,2025-08-05 14:59:59.999,4877246.73527,31761,8049666.0,1949618.09849
2025-08-05 15:00:00,0.24162,0.24391,0.23771,0.23883,19522351.0,2025-08-05 15:59:59.999,4687280.63171,24537,7039978.0,1692036.22113
2025-08-05 16:00:00,0.23875,0.24152,0.23817,0.23933,7887394.0,2025-08-05 16:59:59.999,1890730.52297,16524,3794551.0,909988.50417
2025-08-05 17:00:00,0.23937,0.24159,0.2392,0.24146,4647617.0,2025-08-05 17:59:59.999,1117574.02795,10394,2908518.0,699445.8823
2025-08-05 18:00:00,0.24147,0.2417,0.23866,0.24035,4256350.0,2025-08-05 18:59:59.999,1022628.33545,10173,1930260.0,463828.7454
2025-08-05 19:00:00,0.24036,0.24117,0.23777,0.23888,5595051.0,2025-08-05 19:59:59.999,1338837.77555,10414,2357764.0,564462.66984
2025-08-05 20:00:00,0.23893,0.24042,0.23728,0.23774,7054034.0,2025-08-05 20:59:59.999,1685425.10724,12761,3770698.0,901620.20417
2025-08-05 21:00:00,0.23774,0.23885,0.23601,0.23703,4537689.0,2025-08-05 21:59:59.999,1077444.66052,8164,1816729.0,431796.14858
2025-08-05 22:00:00,0.23703,0.23821,0.23551,0.23814,7677061.0,2025-08-05 22:59:59.999,1819679.79797,13163,3654375.0,866637.62022
2025-08-05 23:00:00,0.23815,0.24004,0.23796,0.23931,6907823.0,2025-08-05 23:59:59.999,1653417.74555,7986,3874888.0,928072.17282
2025-08-06 00:00:00,0.23934,0.23941,0.23522,0.23557,7192197.0,2025-08-06 00:59:59.999,1705507.7813,8354,2245282.0,532216.23719
2025-08-06 01:00:00,0.23556,0.23653,0.23467,0.2356,8788252.0,2025-08-06 01:59:59.999,2068929.69215,12309,4104341.0,966278.88362
2025-08-06 02:00:00,0.23559,0.23606,0.234,0.23519,2939877.0,2025-08-06 02:59:59.999,691211.81823,6426,1363723.0,320742.93691
2025-08-06 03:00:00,0.2352,0.23535,0.23386,0.23399,5013516.0,2025-08-06 03:59:59.999,1175249.14036,7045,2422978.0,568059.14212
2025-08-06 04:00:00,0.234,0.23464,0.23331,0.23417,4012999.0,2025-08-06 04:59:59.999,938244.97784,6256,1490083.0,348598.16117
2025-08-06 05:00:00,0.23419,0.24131,0.23353,0.23935,16445359.0,2025-08-06 05:59:59.999,3926025.19981,18471,11219306.0,2678658.49793
2025-08-06 06:00:00,0.23937,0.24219,0.23767,0.24187,7260721.0,2025-08-06 06:59:59.999,1739327.92341,10313,2391735.0,574188.54488
2025-08-06 07:00:00,0.24188,0.24402,0.24137,0.24391,7753500.0,2025-08-06 07:59:59.999,1883398.94804,11446,4074876.0,989802.34616
2025-08-06 08:00:00,0.24396,0.24495,0.24166,0.24345,7961250.0,2025-08-06 08:59:59.999,1937276.3497,13468,3976859.0,967839.18413
2025-08-06 09:00:00,0.24344,0.24782,0.24241,0.24624,12302534.0,2025-08-06 09:59:59.999,3025924.86119,17920,6217721.0,1528288.61694
2025-08-06 10:00:00,0.24622,0.24689,0.24185,0.24231,9368122.0,2025-08-06 10:59:59.999,2286650.728,13610,3994018.0,974693.30711
2025-08-06 11:00:00,0.24231,0.24368,0.24043,0.24105,6022092.0,2025-08-06 11:59:59.999,1458573.21748,9734,2776121.0,672487.92842
2025-08-06 12:00:00,0.24106,0.24158,0.23754,0.23788,8423820.0,2025-08-06 12:59:59.999,2017442.08879,13360,4363327.0,1045931.83859
2025-08-06 13:00:00,0.23788,0.2406,0.23728,0.23965,8132184.0,2025-08-06 13:59:59.999,1946889.53855,17556,4673707.0,1119322.2012
2025-08-06 14:00:00,0.23965,0.24371,0.238,0.24368,14333723.0,2025-08-06 14:59:59.999,3453568.19448,23206,8756200.0,2111771.72589
2025-08-06 15:00:00,0.24369,0.24689,0.24183,0.24616,14663295.0,2025-08-06 15:59:59.999,3585377.98452,22026,9123361.0,2233495.80306
2025-08-06 16:00:00,0.24615,0.247,0.24435,0.24503,9215406.0,2025-08-06 16:59:59.999,2264242.52748,16759,4808488.0,1181490.3629
2025-08-06 17:00:00,0.24498,0.24857,0.24496,0.24826,10521156.0,2025-08-06 17:59:59.999,2600249.49704,13762,6473678.0,1600188.93095
2025-08-06 18:00:00,0.24826,0.24988,0.24562,0.24619,9320289.0,2025-08-06 18:59:59.999,2312198.95018,14951,4114477.0,1020506.62459
2025-08-06 19:00:00,0.24619,0.24696,0.2438,0.24481,9844402.0,2025-08-06 19:59:59.999,2413898.24597,12433,3813672.0,935308.33301
2025-08-06 20:00:00,0.24482,0.24528,0.24372,0.244,6093648.0,2025-08-06 20:59:59.999,1489520.24247,8739,3179813.0,777272.81952
2025-08-06 21:00:00,0.24399,0.24556,0.24351,0.24502,3604527.0,2025-08-06 21:59:59.999,881466.50635,5777,1948876.0,476655.18516
2025-08-06 22:00:00,0.24502,0.24663,0.2445,0.24614,6762336.0,2025-08-06 22:59:59.999,1660773.52215,9244,3568399.0,876536.33046
2025-08-06 23:00:00,0.24616,0.24616,0.24433,0.24458,3682247.0,2025-08-06 23:59:59.999,901781.44447,5068,2261749.0,553865.79734
2025-08-07 00:00:00,0.24458,0.24568,0.24346,0.24452,1866019.0,2025-08-07 00:59:59.999,456148.40937,4417,888073.0,217111.44288
2025-08-07 01:00:00,0.24453,0.24781,0.24407,0.24458,5357197.0,2025-08-07 01:59:59.999,1317731.19267,9165,2416466.0,594185.36082
2025-08-07 02:00:00,0.24457,0.24494,0.24277,0.24328,4454311.0,2025-08-07 02:59:59.999,1085416.35587,7054,2365485.0,576375.17777
2025-08-07 03:00:00,0.24326,0.24381,0.24188,0.24189,3461797.0,2025-08-07 03:59:59.999,839711.42795,4550,1500744.0,364116.83564
2025-08-07 04:00:00,0.24188,0.24366,0.24159,0.24233,3359858.0,2025-08-07 04:59:59.999,814194.92792,4691,1652273.0,400437.8147
2025-08-07 05:00:00,0.24233,0.2459,0.24177,0.24566,2876438.0,2025-08-07 05:59:59.999,701697.81137,6553,1472289.0,359182.93111
2025-08-07 06:00:00,0.24566,0.2473,0.24443,0.24506,11426303.0,2025-08-07 06:59:59.999,2814411.68052,15379,6661431.0,1640895.43461
2025-08-07 07:00:00,0.24504,0.24605,0.24434,0.24469,4475124.0,2025-08-07 07:59:59.999,1096918.0698,9279,2616572.0,641362.78962
2025-08-07 08:00:00,0.2447,0.24706,0.24461,0.24565,3040415.0,2025-08-07 08:59:59.999,747968.61545,7725,1535184.0,377661.62975
2025-08-07 09:00:00,0.24567,0.24775,0.24514,0.24767,3543100.0,2025-08-07 09:59:59.999,873161.74004,8085,2202959.0,542822.64341
2025-08-07 10:00:00,0.24766,0.253,0.24732,0.25226,21656392.0,2025-08-07 10:59:59.999,5435272.50835,24783,13531219.0,3394282.77398
2025-08-07 11:00:00,0.25227,0.25497,0.25218,0.25377,11806995.0,2025-08-07 11:59:59.999,2996292.05624,14036,7147556.0,1814387.49297
2025-08-07 12:00:00,0.25378,0.255,0.25118,0.25302,11384074.0,2025-08-07 12:59:59.999,2878385.46587,13195,4787551.0,1211926.52358
2025-08-07 13:00:00,0.25298,0.25484,0.25247,0.25305,7504128.0,2025-08-07 13:59:59.999,1903255.27873,11147,4386598.0,1112985.0249
2025-08-07 14:00:00,0.25305,0.25324,0.25053,0.25092,8846146.0,2025-08-07 14:59:59.999,2228060.22156,10414,4646423.0,1170960.61088
2025-08-07 15:00:00,0.25092,0.25276,0.25,0.25268,6967290.0,2025-08-07 15:59:59.999,1748161.91793,8378,2933316.0,736885.46321
2025-08-07 16:00:00,0.25265,0.2535,0.24668,0.24986,16153867.0,2025-08-07 16:59:59.999,4044137.99903,17033,7467402.0,1875402.78096
2025-08-07 17:00:00,0.24985,0.25102,0.24892,0.25059,5160240.0,2025-08-07 17:59:59.999,1291522.84542,11610,3009358.0,753393.22723
2025-08-07 18:00:00,0.25058,0.25062,0.24795,0.24936,5645328.0,2025-08-07 18:59:59.999,1405361.83189,10538,2425454.0,603608.03634
2025-08-07 19:00:00,0.24935,0.25442,0.24893,0.25441,10529328.0,2025-08-07 19:59:59.999,2653519.22334,13125,6368413.0,1604691.57449
2025-08-07 20:00:00,0.25443,0.25544,0.25318,0.25408,10874406.0,2025-08-07 20:59:59.999,2766090.0426,13540,6731106.0,1712513.46168
2025-08-07 21:00:00,0.25408,0.2587,0.2537,0.25658,15726741.0,2025-08-07 21:59:59.999,4034292.3863,16480,8374031.0,2148280.25256
2025-08-07 22:00:00,0.25658,0.26063,0.25561,0.25991,15152592.0,2025-08-07 22:59:59.999,3912885.43062,20353,8168940.0,2112091.36037
2025-08-07 23:00:00,0.25995,0.2609,0.25769,0.25987,9796277.0,2025-08-07 23:59:59.999,2538248.83395,14529,4375295.0,1133772.77989
2025-08-08 00:00:00,0.25989,0.26477,0.25803,0.26186,28490093.0,2025-08-08 00:59:59.999,7460417.84365,59000,15500746.0,4061264.89613
2025-08-08 01:00:00,0.26186,0.26247,0.25973,0.26227,15543089.0,2025-08-08 01:59:59.999,4056587.15006,37719,7417999.0,1936220.65273
2025-08-08 02:00:00,0.26227,0.26511,0.26207,0.26256,9352269.0,2025-08-08 02:59:59.999,2466446.21858,18680,4901417.0,1292805.53761
2025-08-08 03:00:00,0.26255,0.26608,0.26206,0.26411,12690187.0,2025-08-08 03:59:59.999,3355229.62839,18532,7878716.0,2083497.88182
2025-08-08 04:00:00,0.26412,0.26527,0.26215,0.26253,9810187.0,2025-08-08 04:59:59.999,2585411.73131,14929,3732766.0,984359.90995
2025-08-08 05:00:00,0.26253,0.26303,0.26068,0.26086,7449521.0,2025-08-08 05:59:59.999,1948851.05964,11140,3730499.0,976100.42855
2025-08-08 06:00:00,0.26084,0.26525,0.26083,0.26488,6227147.0,2025-08-08 06:59:59.999,1640132.07765,12131,3119353.0,821516.86604
2025-08-08 07:00:00,0.26489,0.26564,0.26271,0.26377,7210343.0,2025-08-08 07:59:59.999,1905479.89186,13565,3958616.0,1047061.6121
2025-08-08 08:00:00,0.26379,0.26642,0.26254,0.26503,9582381.0,2025-08-08 08:59:59.999,2536910.27175,15581,5149597.0,1363843.57864
2025-08-08 09:00:00,0.265,0.26557,0.26177,0.26376,8221313.0,2025-08-08 09:59:59.999,2162896.30172,12042,3302771.0,870030.12451
2025-08-08 10:00:00,0.26375,0.26431,0.26266,0.26272,3796297.0,2025-08-08 10:59:59.999,999361.23502,8679,1620246.0,426522.56262
2025-08-08 11:00:00,0.26273,0.26392,0.26203,0.26322,4265655.0,2025-08-08 11:59:59.999,1121654.7974,7343,2395714.0,630027.4283
2025-08-08 12:00:00,0.26323,0.26342,0.25965,0.26032,9188032.0,2025-08-08 12:59:59.999,2397703.92374,12253,3985957.0,1039760.09974
2025-08-08 13:00:00,0.26031,0.26597,0.25987,0.26586,9943065.0,2025-08-08 13:59:59.999,2616986.85013,16662,5718794.0,1506860.54069
2025-08-08 14:00:00,0.2659,0.26836,0.26004,0.26113,19643600.0,2025-08-08 14:59:59.999,5184855.62518,32575,8572533.0,2268034.60906
2025-08-08 15:00:00,0.26113,0.26131,0.25521,0.25666,23312314.0,2025-08-08 15:59:59.999,6000666.21855,27208,12538829.0,3225067.70121
2025-08-08 16:00:00,0.25665,0.25854,0.2548,0.25725,22331793.0,2025-08-08 16:59:59.999,5723666.14504,28174,14529447.0,3723750.32887
2025-08-08 17:00:00,0.25726,0.26346,0.25717,0.26346,10212344.0,2025-08-08 17:59:59.999,2665413.00343,17710,5666842.0,1479755.44098
2025-08-08 18:00:00,0.26347,0.26424,0.26105,0.26226,8858236.0,2025-08-08 18:59:59.999,2327422.17836,17408,4694644.0,1233090.07478
2025-08-08 19:00:00,0.26226,0.2637,0.26145,0.26359,5418233.0,2025-08-08 19:59:59.999,1421165.14875,11377,2742098.0,719010.50826
2025-08-08 20:00:00,0.26358,0.26402,0.26106,0.26351,5766810.0,2025-08-08 20:59:59.999,1515009.30234,11833,3031990.0,796690.29004
2025-08-08 21:00:00,0.26349,0.26361,0.26163,0.2629,2592097.0,2025-08-08 21:59:59.999,681004.14285,4564,1191456.0,312991.24876
2025-08-08 22:00:00,0.26288,0.2634,0.26144,0.2626,3666859.0,2025-08-08 22:59:59.999,963128.93209,7825,2069188.0,543521.4277
2025-08-08 23:00:00,0.26262,0.26333,0.26159,0.26177,2032182.0,2025-08-08 23:59:59.999,533199.10883,4841,1037681.0,272247.28223
2025-08-09 00:00:00,0.26179,0.26244,0.26085,0.26194,3126665.0,2025-08-09 00:59:59.999,817702.00841,7423,1547190.0,404614.81026
2025-08-09 01:00:00,0.26191,0.26475,0.26092,0.26367,6577797.0,2025-08-09 01:59:59.999,1732499.95839,7687,3851437.0,1015910.63655
2025-08-09 02:00:00,0.26364,0.26407,0.2627,0.26349,3527829.0,2025-08-09 02:59:59.999,929098.35799,6771,1699359.0,447644.42202
2025-08-09 03:00:00,0.26349,0.2639,0.26121,0.26122,4406079.0,2025-08-09 03:59:59.999,1155790.03732,6497,1892243.0,496593.79427
2025-08-09 04:00:00,0.26124,0.26395,0.26108,0.26361,5322258.0,2025-08-09 04:59:59.999,1397423.34314,8156,2210644.0,580559.48593
2025-08-09 05:00:00,0.26362,0.26986,0.26327,0.26762,18332591.0,2025-08-09 05:59:59.999,4906013.3056,24488,10827886.0,2899272.81233
2025-08-09 06:00:00,0.26762,0.26789,0.2649,0.26565,8161839.0,2025-08-09 06:59:59.999,2172274.06358,11766,3711290.0,987534.52574
2025-08-09 07:00:00,0.26563,0.26728,0.26531,0.26658,4116065.0,2025-08-09 07:59:59.999,1096506.64153,6849,2218203.0,591009.08896
2025-08-09 08:00:00,0.2666,0.26885,0.26639,0.26736,4396421.0,2025-08-09 08:59:59.999,1176329.23735,7594,2211210.0,591670.82152
2025-08-09 09:00:00,0.26735,0.26902,0.26656,0.26745,5318073.0,2025-08-09 09:59:59.999,1424768.33774,9291,3088083.0,827431.01489
2025-08-09 10:00:00,0.26747,0.26911,0.26675,0.26785,6095979.0,2025-08-09 10:59:59.999,1634919.97295,10426,3166386.0,849267.93529
2025-08-09 11:00:00,0.26787,0.26883,0.26487,0.26504,7144457.0,2025-08-09 11:59:59.999,1904074.68501,9365,3047095.0,811903.60398
2025-08-09 12:00:00,0.26506,0.26917,0.26456,0.26906,6429154.0,2025-08-09 12:59:59.999,1718077.26976,10546,3270153.0,873777.97899
2025-08-09 13:00:00,0.26906,0.26947,0.2621,0.2621,10595032.0,2025-08-09 13:59:59.999,2813576.55747,17398,5029699.0,1335451.92788
2025-08-09 14:00:00,0.26212,0.26455,0.26063,0.26441,6573536.0,2025-08-09 14:59:59.999,1726608.2589,14069,3557251.0,934350.39593
2025-08-09 15:00:00,0.26441,0.26499,0.2617,0.26303,4783419.0,2025-08-09 15:59:59.999,1257564.44589,13462,2244098.0,590041.18621
2025-08-09 16:00:00,0.263,0.26509,0.26273,0.26297,4915813.0,2025-08-09 16:59:59.999,1297314.90799,13554,2843939.0,750717.18274
2025-08-09 17:00:00,0.26293,0.26701,0.26257,0.26487,4705061.0,2025-08-09 17:59:59.999,1248093.34541,12692,2480006.0,657669.75896
2025-08-09 18:00:00,0.26486,0.26654,0.26399,0.26623,3579029.0,2025-08-09 18:59:59.999,949159.69802,9543,1809656.0,480020.28337
2025-08-09 19:00:00,0.26622,0.26823,0.26561,0.26593,5874768.0,2025-08-09 19:59:59.999,1567854.92658,12239,3064506.0,818002.96626
2025-08-09 20:00:00,0.26592,0.26804,0.26455,0.26664,6127801.0,2025-08-09 20:59:59.999,1632073.0937,13200,2800845.0,746098.3191
2025-08-09 21:00:00,0.26662,0.26678,0.26302,0.26396,4836429.0,2025-08-09 21:59:59.999,1279332.29682,7959,2222135.0,587579.60392
2025-08-09 22:00:00,0.26398,0.26772,0.26328,0.26672,14184323.0,2025-08-09 22:59:59.999,3773528.80679,20151,7249341.0,1928190.10155
2025-08-09 23:00:00,0.26672,0.26737,0.26484,0.26606,4952053.0,2025-08-09 23:59:59.999,1318677.63107,11474,2396791.0,638331.77358
2025-08-10 00:00:00,0.26606,0.26838,0.26578,0.26804,6359102.0,2025-08-10 00:59:59.999,1699112.05718,11106,3381215.0,903406.21111
2025-08-10 01:00:00,0.26802,0.26885,0.26512,0.2672,5910339.0,2025-08-10 01:59:59.999,1576880.8757,11096,2988224.0,797562.09774
2025-08-10 02:00:00,0.26721,0.26774,0.26489,0.26498,4664566.0,2025-08-10 02:59:59.999,1241959.28237,10598,2384710.0,634933.48913
2025-08-10 03:00:00,0.26496,0.26853,0.26393,0.26813,7002047.0,2025-08-10 03:59:59.999,1866891.46529,15298,3486253.0,929451.70126
2025-08-10 04:00:00,0.26814,0.27189,0.26724,0.27076,10790890.0,2025-08-10 04:59:59.999,2916386.3444,14114,6222630.0,1681417.41824
2025-08-10 05:00:00,0.27076,0.27078,0.26443,0.2646,11044317.0,2025-08-10 05:59:59.999,2947106.21991,15752,4708095.0,1255450.74379
2025-08-10 06:00:00,0.26462,0.26474,0.26092,0.26211,8341244.0,2025-08-10 06:59:59.999,2192399.61012,13556,3636408.0,954825.37951
2025-08-10 07:00:00,0.2621,0.26347,0.25699,0.25735,12543937.0,2025-08-10 07:59:59.999,3255745.83578,22813,4975507.0,1291335.98786
2025-08-10 08:00:00,0.25738,0.25954,0.2546,0.25902,11753880.0,2025-08-10 08:59:59.999,3014990.38455,15916,4030469.0,1034997.90988
2025-08-10 09:00:00,0.25902,0.25983,0.25771,0.25808,3364607.0,2025-08-10 09:59:59.999,871465.91194,7103,1633157.0,423047.12951
2025-08-10 10:00:00,0.25807,0.25871,0.25501,0.25598,6045770.0,2025-08-10 10:59:59.999,1551796.42353,10558,3095582.0,794325.92009
2025-08-10 11:00:00,0.25596,0.25775,0.25523,0.25605,3967851.0,2025-08-10 11:59:59.999,1017951.97861,7992,2268995.0,582297.50822
2025-08-10 12:00:00,0.25606,0.25799,0.25552,0.25781,3922428.0,2025-08-10 12:59:59.999,1006532.54662,7187,1893146.0,485935.89603
2025-08-10 13:00:00,0.2578,0.25937,0.25618,0.25644,5326556.0,2025-08-10 13:59:59.999,1373072.53342,11716,2755414.0,710634.31635
2025-08-10 14:00:00,0.25642,0.26022,0.25552,0.25986,5904347.0,2025-08-10 14:59:59.999,1527029.10199,12380,3311982.0,856527.68429
2025-08-10 15:00:00,0.25986,0.26068,0.25847,0.2593,6295454.0,2025-08-10 15:59:59.999,1634578.27652,12016,3324058.0,863114.75955
2025-08-10 16:00:00,0.2593,0.26049,0.25873,0.25957,2410323.0,2025-08-10 16:59:59.999,625964.64887,7507,1085451.0,281920.22791
2025-08-10 17:00:00,0.25957,0.25987,0.2579,0.259,2026825.0,2025-08-10 17:59:59.999,524830.49011,6536,1068421.0,276714.98448
2025-08-10 18:00:00,0.25901,0.26078,0.25897,0.26067,2916802.0,2025-08-10 18:59:59.999,757776.45611,5413,1857162.0,482363.4063
2025-08-10 19:00:00,0.26066,0.26129,0.25971,0.25995,2981981.0,2025-08-10 19:59:59.999,776319.74685,6027,1303511.0,339466.44076
2025-08-10 20:00:00,0.25995,0.26018,0.25708,0.25819,4910099.0,2025-08-10 20:59:59.999,1269863.62704,9508,1981589.0,512475.66272
2025-08-10 21:00:00,0.25821,0.25823,0.25517,0.25781,4607176.0,2025-08-10 21:59:59.999,1182091.57319,7634,1742280.0,447137.63613
2025-08-10 22:00:00,0.25779,0.25818,0.25632,0.25797,3854106.0,2025-08-10 22:59:59.999,992088.61107,7952,2145340.0,552195.062
2025-08-10 23:00:00,0.25798,0.25951,0.257,0.2593,2365444.0,2025-08-10 23:59:59.999,611358.3836,6026,1173719.0,303336.4865
2025-08-11 00:00:00,0.25931,0.26052,0.2576,0.25873,3956191.0,2025-08-11 00:59:59.999,1025797.99244,10541,1825483.0,473548.60034
2025-08-11 01:00:00,0.25872,0.2638,0.25846,0.26359,5632385.0,2025-08-11 01:59:59.999,1477235.96425,12306,3386102.0,888192.64993
2025-08-11 02:00:00,0.26359,0.26999,0.26335,0.26883,15099106.0,2025-08-11 02:59:59.999,4031365.7924,27259,7683991.0,2051590.22793
2025-08-11 03:00:00,0.26884,0.26916,0.26537,0.26598,8104131.0,2025-08-11 03:59:59.999,2162207.27564,16575,3649327.0,973608.77254
2025-08-11 04:00:00,0.26599,0.26795,0.26533,0.26535,4927606.0,2025-08-11 04:59:59.999,1313802.3564,9473,2752426.0,733811.66479
2025-08-11 05:00:00,0.26535,0.267,0.26521,0.26594,3942786.0,2025-08-11 05:59:59.999,1049879.90501,8511,2091048.0,556740.59517
2025-08-11 06:00:00,0.26594,0.26685,0.26484,0.26683,4038968.0,2025-08-11 06:59:59.999,1073495.26808,8021,2320512.0,616752.29728
2025-08-11 07:00:00,0.26683,0.26731,0.26088,0.26154,6577565.0,2025-08-11 07:59:59.999,1734505.67311,12061,2735984.0,722254.36855
2025-08-11 08:00:00,0.26153,0.26487,0.26001,0.26309,8274981.0,2025-08-11 08:59:59.999,2173983.0615,14360,3714228.0,976429.60925
2025-08-11 09:00:00,0.26309,0.26432,0.26115,0.26173,3625838.0,2025-08-11 09:59:59.999,951586.29912,8750,1429664.0,375290.41464
2025-08-11 10:00:00,0.26175,0.2618,0.25902,0.25948,5385360.0,2025-08-11 10:59:59.999,1401507.66459,12555,2203842.0,573390.79969
2025-08-11 11:00:00,0.25949,0.25985,0.25187,0.2527,17462612.0,2025-08-11 11:59:59.999,4457196.23245,34109,6982338.0,1781856.90662
2025-08-11 12:00:00,0.25272,0.25465,0.25132,0.25358,12217274.0,2025-08-11 12:59:59.999,3091778.77924,31778,5983795.0,1514529.81917
2025-08-11 13:00:00,0.2536,0.25624,0.25019,0.25521,20424067.0,2025-08-11 13:59:59.999,5174894.29332,32424,7769840.0,1971734.82989
2025-08-11 14:00:00,0.25522,0.25653,0.25338,0.25383,8922562.0,2025-08-11 14:59:59.999,2272308.6704,19931,3755065.0,956290.12984
2025-08-11 15:00:00,0.25384,0.2541,0.25165,0.2539,7661512.0,2025-08-11 15:59:59.999,1938297.25079,16537,3146125.0,795909.4343
2025-08-11 16:00:00,0.2539,0.25616,0.2512,0.25245,9856185.0,2025-08-11 16:59:59.999,2502314.73335,21048,4497581.0,1142231.94129
2025-08-11 17:00:00,0.25245,0.25383,0.2508,0.25196,7062232.0,2025-08-11 17:59:59.999,1777800.21013,13062,2633945.0,663710.02124
2025-08-11 18:00:00,0.25196,0.25208,0.24938,0.25145,10191526.0,2025-08-11 18:59:59.999,2556706.40874,18460,5272221.0,1322880.43795
2025-08-11 19:00:00,0.25146,0.25169,0.2473,0.24751,14862638.0,2025-08-11 19:59:59.999,3701703.79653,21363,6638661.0,1652716.66741
2025-08-11 20:00:00,0.24751,0.24827,0.24551,0.24756,23157149.0,2025-08-11 20:59:59.999,5717753.72279,29243,11113567.0,2744484.57818
2025-08-11 21:00:00,0.24756,0.24947,0.24405,0.24578,13021476.0,2025-08-11 21:59:59.999,3212010.99159,17222,6067627.0,1496763.92017
2025-08-11 22:00:00,0.24578,0.24625,0.24338,0.24611,7984709.0,2025-08-11 22:59:59.999,1954370.37751,15240,3967717.0,971581.34246
2025-08-11 23:00:00,0.24611,0.2474,0.24568,0.24657,3583377.0,2025-08-11 23:59:59.999,884134.88842,6968,1739753.0,429250.96619
2025-08-12 00:00:00,0.24657,0.24999,0.24626,0.24932,7879848.0,2025-08-12 00:59:59.999,1959647.90728,9681,5571568.0,1386404.23411
2025-08-12 01:00:00,0.24928,0.25026,0.24833,0.25009,5586202.0,2025-08-12 01:59:59.999,1393763.00667,7927,2159280.0,538572.24305
2025-08-12 02:00:00,0.25009,0.25112,0.24941,0.2495,7726263.0,2025-08-12 02:59:59.999,1935998.17039,7254,2888449.0,723479.75701
2025-08-12 03:00:00,0.24947,0.24958,0.24783,0.2486,3309098.0,2025-08-12 03:59:59.999,822763.02696,5739,1670800.0,415387.57539
2025-08-12 04:00:00,0.24861,0.25025,0.24798,0.24942,4902271.0,2025-08-12 04:59:59.999,1221913.72634,6405,2601861.0,648713.13128
2025-08-12 05:00:00,0.24941,0.24941,0.24623,0.24683,8099337.0,2025-08-12 05:59:59.999,2000623.66599,7909,2329824.0,575902.93586
2025-08-12 06:00:00,0.24682,0.24783,0.24485,0.24666,8796195.0,2025-08-12 06:59:59.999,2166546.55775,8825,3053509.0,753239.2318
2025-08-12 07:00:00,0.24668,0.24905,0.24668,0.24888,6282511.0,2025-08-12 07:59:59.999,1558279.07522,5297,4078823.0,1011528.21956
2025-08-12 08:00:00,0.2489,0.24928,0.2469,0.2477,3149874.0,2025-08-12 08:59:59.999,780957.18297,6015,1642815.0,407511.95554
2025-08-12 09:00:00,0.24769,0.24775,0.24562,0.24621,6599240.0,2025-08-12 09:59:59.999,1626286.49726,7478,1553209.0,383078.30666
2025-08-12 10:00:00,0.24621,0.2475,0.24516,0.24616,8087753.0,2025-08-12 10:59:59.999,1990624.92013,9593,2478655.0,610337.50276
2025-08-12 11:00:00,0.24616,0.24714,0.24471,0.24671,3804213.0,2025-08-12 11:59:59.999,936342.45439,7400,1759179.0,432964.39791
2025-08-12 12:00:00,0.24672,0.25265,0.24614,0.25173,20012138.0,2025-08-12 12:59:59.999,5013537.08677,27668,11326256.0,2836222.47158
2025-08-12 13:00:00,0.25175,0.25287,0.24945,0.25113,12163762.0,2025-08-12 13:59:59.999,3053508.65165,24794,6207374.0,1558437.3618
2025-08-12 14:00:00,0.25113,0.25461,0.25073,0.25447,10162999.0,2025-08-12 14:59:59.999,2572462.48648,18284,5756142.0,1458537.89089
2025-08-12 15:00:00,0.2545,0.25628,0.25394,0.25615,10192092.0,2025-08-12 15:59:59.999,2601547.05706,18463,4776712.0,1219449.44411
2025-08-12 16:00:00,0.25615,0.25644,0.25386,0.25615,9289807.0,2025-08-12 16:59:59.999,2372033.04219,16086,5843093.0,1492145.77404
2025-08-12 17:00:00,0.25616,0.25837,0.25565,0.25733,7842075.0,2025-08-12 17:59:59.999,2017756.9445,19429,3723370.0,958110.84698
2025-08-12 18:00:00,0.25734,0.26039,0.25702,0.25893,12918237.0,2025-08-12 18:59:59.999,3346540.49445,22597,7480901.0,1938015.49939
2025-08-12 19:00:00,0.25892,0.2617,0.25849,0.26159,7149356.0,2025-08-12 19:59:59.999,1862935.2384,16863,4444745.0,1159352.75511
2025-08-12 20:00:00,0.26161,0.26412,0.26064,0.26345,12396608.0,2025-08-12 20:59:59.999,3253978.65956,24743,6173384.0,1620588.22938
2025-08-12 21:00:00,0.26345,0.26354,0.26041,0.2608,9776898.0,2025-08-12 21:59:59.999,2560571.66511,13552,4895028.0,1282041.72693
2025-08-12 22:00:00,0.26079,0.26204,0.25948,0.26186,9493236.0,2025-08-12 22:59:59.999,2473674.57952,12445,5142103.0,1338615.92336
2025-08-12 23:00:00,0.26188,0.26221,0.26004,0.26099,6732023.0,2025-08-12 23:59:59.999,1756435.41025,8296,2064953.0,538809.57243
2025-08-13 00:00:00,0.26097,0.26117,0.25878,0.25907,8487360.0,2025-08-13 00:59:59.999,2207556.76448,11072,3485816.0,906751.6255
2025-08-13 01:00:00,0.25906,0.25927,0.25677,0.25781,9590349.0,2025-08-13 01:59:59.999,2475060.44248,11447,3087703.0,796567.79201
2025-08-13 02:00:00,0.2578,0.26093,0.25594,0.26089,9513626.0,2025-08-13 02:59:59.999,2450128.64394,10202,4939229.0,1271310.3904
2025-08-13 03:00:00,0.26089,0.2628,0.25905,0.26178,12699922.0,2025-08-13 03:59:59.999,3319446.20751,12053,7371028.0,1927626.97049
2025-08-13 04:00:00,0.26178,0.26361,0.26129,0.26268,6962154.0,2025-08-13 04:59:59.999,1828087.96034,10951,3189839.0,837560.492
2025-08-13 05:00:00,0.26267,0.26292,0.25863,0.25905,8956449.0,2025-08-13 05:59:59.999,2333421.66411,9526,3069197.0,801229.2843
2025-08-13 06:00:00,0.25904,0.26041,0.25808,0.25944,3295524.0,2025-08-13 06:59:59.999,854186.78358,7584,1439098.0,373025.80405
2025-08-13 07:00:00,0.25946,0.26309,0.25943,0.26302,5663544.0,2025-08-13 07:59:59.999,1480107.47061,8450,3560775.0,931687.54038
2025-08-13 08:00:00,0.26296,0.26696,0.2629,0.2654,19688924.0,2025-08-13 08:59:59.999,5217427.37261,23001,13203276.0,3499360.07016
2025-08-13 09:00:00,0.2654,0.267,0.26399,0.26604,23066797.0,2025-08-13 09:59:59.999,6121773.6698,25866,15130442.0,4015286.1461
2025-08-13 10:00:00,0.26603,0.2675,0.26537,0.26646,9857162.0,2025-08-13 10:59:59.999,2627914.72102,12347,5958318.0,1588800.64038
2025-08-13 11:00:00,0.26646,0.26697,0.26433,0.26447,9320763.0,2025-08-13 11:59:59.999,2474030.12535,10358,3329091.0,883942.32688
2025-08-13 12:00:00,0.26447,0.26615,0.26286,0.26309,9005780.0,2025-08-13 12:59:59.999,2383607.58202,10668,3331183.0,882411.42926
2025-08-13 13:00:00,0.2631,0.26765,0.26177,0.26492,23936743.0,2025-08-13 13:59:59.999,6340861.71889,28649,11997192.0,3181569.69839
2025-08-13 14:00:00,0.26495,0.26588,0.25983,0.26094,22455792.0,2025-08-13 14:59:59.999,5901376.08713,36650,9869861.0,2595915.46686
2025-08-13 15:00:00,0.26097,0.2632,0.2598,0.26261,11351392.0,2025-08-13 15:59:59.999,2969638.22884,23027,6234461.0,1631965.12454
2025-08-13 16:00:00,0.26262,0.26499,0.26175,0.2637,8776164.0,2025-08-13 16:59:59.999,2311855.35679,18776,3811948.0,1004901.93737
2025-08-13 17:00:00,0.2637,0.26464,0.26273,0.26379,6178274.0,2025-08-13 17:59:59.999,1629172.08878,13500,3313231.0,874039.40839
2025-08-13 18:00:00,0.26381,0.26464,0.26151,0.26309,4172864.0,2025-08-13 18:59:59.999,1098737.1167,14765,1861632.0,490213.38077
2025-08-13 19:00:00,0.26307,0.26496,0.26246,0.26476,5548463.0,2025-08-13 19:59:59.999,1465473.04225,12946,2968359.0,784054.97338
2025-08-13 20:00:00,0.26474,0.2649,0.26268,0.26366,5308766.0,2025-08-13 20:59:59.999,1399404.42466,11292,2261083.0,596039.24457
2025-08-13 21:00:00,0.26368,0.26487,0.26212,0.26331,4803740.0,2025-08-13 21:59:59.999,1268948.87548,8363,2435435.0,643480.6467
2025-08-13 22:00:00,0.26331,0.26699,0.26261,0.2657,8877510.0,2025-08-13 22:59:59.999,2354497.89436,13708,5680731.0,1507176.92138
2025-08-13 23:00:00,0.26569,0.2677,0.26561,0.26603,7297176.0,2025-08-13 23:59:59.999,1946975.6548,10789,3931087.0,1049104.19687
2025-08-14 00:00:00,0.26604,0.26878,0.26579,0.2676,9248802.0,2025-08-14 00:59:59.999,2473010.6906,14425,4764459.0,1274391.59418
2025-08-14 01:00:00,0.2676,0.27221,0.26544,0.27093,15594870.0,2025-08-14 01:59:59.999,4203431.93186,20879,10402149.0,2804864.05405
2025-08-14 02:00:00,0.27092,0.27522,0.27004,0.27512,11687009.0,2025-08-14 02:59:59.999,3183521.32483,19701,6676422.0,1820074.19906
2025-08-14 03:00:00,0.27512,0.27625,0.2731,0.2732,18856409.0,2025-08-14 03:59:59.999,5177586.63428,23170,9590308.0,2632800.63133
2025-08-14 04:00:00,0.27317,0.2748,0.271,0.27109,12415870.0,2025-08-14 04:59:59.999,3390135.44416,15407,5039423.0,1377694.69
2025-08-14 05:00:00,0.27109,0.27239,0.26809,0.26844,13511347.0,2025-08-14 05:59:59.999,3648678.00881,16240,6209653.0,1677322.58281
2025-08-14 06:00:00,0.26843,0.27194,0.26518,0.27054,20129950.0,2025-08-14 06:59:59.999,5399368.92715,22920,11080322.0,2976299.2272
2025-08-14 07:00:00,0.27052,0.27087,0.26796,0.27031,10520959.0,2025-08-14 07:59:59.999,2835937.43274,14427,4996134.0,1347153.19837
2025-08-14 08:00:00,0.27032,0.27046,0.26702,0.26789,15185514.0,2025-08-14 08:59:59.999,4076445.24487,21244,6888209.0,1850056.68097
2025-08-14 09:00:00,0.26789,0.26968,0.2661,0.2686,11941455.0,2025-08-14 09:59:59.999,3199045.95568,14242,5405262.0,1449585.60007
2025-08-14 10:00:00,0.26854,0.2686,0.26199,0.2636,18146924.0,2025-08-14 10:59:59.999,4804211.92211,23037,6603600.0,1747314.2002
2025-08-14 11:00:00,0.26358,0.26418,0.26183,0.26233,7618077.0,2025-08-14 11:59:59.999,2003522.06613,13629,3766988.0,990814.01131
2025-08-14 12:00:00,0.26232,0.26424,0.247,0.2512,75848777.0,2025-08-14 12:59:59.999,19338557.68881,90818,32670404.0,8325937.75092
2025-08-14 13:00:00,0.25119,0.25485,0.2472,0.25286,51792975.0,2025-08-14 13:59:59.999,13021482.70199,72904,25367451.0,6385284.90175
2025-08-14 14:00:00,0.25289,0.25545,0.25148,0.25423,16763936.0,2025-08-14 14:59:59.999,4250794.42313,30745,7987013.0,2026392.5723
2025-08-14 15:00:00,0.25424,0.25483,0.25076,0.2522,13193815.0,2025-08-14 15:59:59.999,3332140.28685,25389,4990721.0,1260949.22011
2025-08-14 16:00:00,0.25218,0.25222,0.24776,0.24859,21424608.0,2025-08-14 16:59:59.999,5344802.24712,30436,7398721.0,1845616.14382
2025-08-14 17:00:00,0.24858,0.25014,0.24682,0.24927,11288270.0,2025-08-14 17:59:59.999,2803601.27587,19515,5159083.0,1282598.87039
2025-08-14 18:00:00,0.24927,0.24979,0.24557,0.24913,11524036.0,2025-08-14 18:59:59.999,2852724.39296,17483,4919305.0,1219055.80732
2025-08-14 19:00:00,0.24914,0.251,0.24835,0.24849,5116670.0,2025-08-14 19:59:59.999,1278105.28243,15435,2235971.0,558634.63561
2025-08-14 20:00:00,0.24848,0.24965,0.24706,0.24962,5538589.0,2025-08-14 20:59:59.999,1375220.81099,16471,2369969.0,588473.99939
2025-08-14 21:00:00,0.24962,0.24962,0.244,0.24696,10425069.0,2025-08-14 21:59:59.999,2567612.53137,15883,4435500.0,1092998.2701
2025-08-14 22:00:00,0.24694,0.24972,0.24537,0.24867,5352628.0,2025-08-14 22:59:59.999,1325502.89106,11088,3054707.0,756511.60213
2025-08-14 23:00:00,0.24872,0.25009,0.24794,0.24866,5098279.0,2025-08-14 23:59:59.999,1269536.35752,8999,2292796.0,571029.10901
2025-08-15 00:00:00,0.24864,0.25087,0.24787,0.24889,8372907.0,2025-08-15 00:59:59.999,2089728.15751,13948,4224887.0,1054415.90842
2025-08-15 01:00:00,0.24888,0.25101,0.24779,0.25004,4893155.0,2025-08-15 01:59:59.999,1221370.21043,9499,2589051.0,646125.25184
2025-08-15 02:00:00,0.25004,0.25132,0.24947,0.25044,5694236.0,2025-08-15 02:59:59.999,1425701.90447,9456,2432266.0,608999.45689
2025-08-15 03:00:00,0.25043,0.25431,0.24972,0.25423,6079509.0,2025-08-15 03:59:59.999,1536163.70373,9175,2904177.0,733654.30712
2025-08-15 04:00:00,0.25423,0.25434,0.25161,0.25178,5887739.0,2025-08-15 04:59:59.999,1491464.92974,9729,2710341.0,686539.36841
2025-08-15 05:00:00,0.25179,0.25303,0.25071,0.25303,3628290.0,2025-08-15 05:59:59.999,912188.93752,6359,1848438.0,464734.8802
2025-08-15 06:00:00,0.25298,0.25678,0.25286,0.25544,6620791.0,2025-08-15 06:59:59.999,1688894.30745,10883,3117888.0,795428.25201
2025-08-15 07:00:00,0.25547,0.25598,0.25378,0.25518,6550229.0,2025-08-15 07:59:59.999,1669269.95612,8056,3066678.0,781119.49319
2025-08-15 08:00:00,0.25519,0.2585,0.25516,0.25632,8636317.0,2025-08-15 08:59:59.999,2219509.18591,10575,3912667.0,1005589.27967
2025-08-15 09:00:00,0.25632,0.25711,0.25245,0.25322,6370898.0,2025-08-15 09:59:59.999,1622516.00588,8689,2719324.0,692749.56753
2025-08-15 10:00:00,0.25326,0.25489,0.25245,0.25327,3723030.0,2025-08-15 10:59:59.999,943526.91772,7681,1914302.0,485106.00997
2025-08-15 11:00:00,0.25325,0.25428,0.25213,0.25286,3826480.0,2025-08-15 11:59:59.999,968448.74316,7658,1498593.0,379423.63517
2025-08-15 12:00:00,0.25288,0.25624,0.25093,0.25323,11782941.0,2025-08-15 12:59:59.999,2987131.24985,25554,5694953.0,1443713.77362
2025-08-15 13:00:00,0.25323,0.25423,0.24972,0.25057,11998563.0,2025-08-15 13:59:59.999,3025726.05583,24105,5570946.0,1405705.75491
2025-08-15 14:00:00,0.25056,0.25194,0.24658,0.24728,12972500.0,2025-08-15 14:59:59.999,3231316.7226,24585,5769037.0,1437505.74149
2025-08-15 15:00:00,0.2473,0.24772,0.2422,0.24362,27290030.0,2025-08-15 15:59:59.999,6678285.181,38646,9724213.0,2381315.16001
2025-08-15 16:00:00,0.24362,0.24567,0.24025,0.24427,35393254.0,2025-08-15 16:59:59.999,8585934.03398,30573,19584034.0,4753235.55365
2025-08-15 17:00:00,0.2443,0.24609,0.24182,0.24561,18189936.0,2025-08-15 17:59:59.999,4440056.0466,22529,8739311.0,2136396.44688
2025-08-15 18:00:00,0.24561,0.24618,0.24294,0.24372,12456129.0,2025-08-15 18:59:59.999,3046835.58581,16195,4879608.0,1194968.69574
2025-08-15 19:00:00,0.24373,0.24573,0.24271,0.24429,10600661.0,2025-08-15 19:59:59.999,2589328.52858,14599,5161175.0,1262101.75174
2025-08-15 20:00:00,0.24429,0.24618,0.2433,0.24611,6399039.0,2025-08-15 20:59:59.999,1567880.64757,12767,3711794.0,909707.05581
2025-08-15 21:00:00,0.24609,0.24716,0.24461,0.24672,8049669.0,2025-08-15 21:59:59.999,1979669.8392,9477,4102888.0,1010073.73209
2025-08-15 22:00:00,0.24673,0.2508,0.24633,0.25079,11619908.0,2025-08-15 22:59:59.999,2891417.10986,8685,8875652.0,2209281.86678
2025-08-15 23:00:00,0.25078,0.25143,0.24648,0.24754,12642465.0,2025-08-15 23:59:59.999,3140733.25412,11287,4303055.0,1070732.98286
2025-08-16 00:00:00,0.24753,0.25063,0.24714,0.25061,7002582.0,2025-08-16 00:59:59.999,1742713.06692,8833,4612089.0,1148058.34521
