Open_time,Open,High,Low,Close,Volume,Close_time,Quote_asset_volume,Number_of_trades,Taker_buy_base_asset_volume,Taker_buy_quote_asset_volume
2025-01-01 00:00:00,189.31,192.66,189.08,192.54,109512.364,2025-01-01 00:59:59.999,20911201.78025,46813,62624.927,11958559.88245
2025-01-01 01:00:00,192.54,192.64,190.39,190.7,66529.126,2025-01-01 01:59:59.999,12739027.08647,34908,33305.16,6377631.08505
2025-01-01 02:00:00,190.7,192.04,190.44,191.59,65814.347,2025-01-01 02:59:59.999,12585213.50726,31017,39014.188,7459108.54962
2025-01-01 03:00:00,191.59,191.59,190.04,190.43,58528.042,2025-01-01 03:59:59.999,11163173.28736,23586,29108.653,5551073.85715
2025-01-01 04:00:00,190.42,190.43,189.32,189.47,70522.368,2025-01-01 04:59:59.999,13382958.56694,28316,40432.148,7672097.01871
2025-01-01 05:00:00,189.48,190.62,189.35,190.15,44126.517,2025-01-01 05:59:59.999,8392411.88882,22955,26535.76,5046561.54777
2025-01-01 06:00:00,190.15,190.31,189.4,190.3,37963.874,2025-01-01 06:59:59.999,7208124.73206,19969,21782.038,4135292.60265
2025-01-01 07:00:00,190.29,190.35,189.7,190.06,47757.379,2025-01-01 07:59:59.999,9074100.1818,20177,28403.247,5395971.76075
2025-01-01 08:00:00,190.06,190.74,189.3,189.4,57206.089,2025-01-01 08:59:59.999,10866368.94266,27858,36413.213,6917214.12386
2025-01-01 09:00:00,189.4,189.76,188.0,189.18,90289.829,2025-01-01 09:59:59.999,17037618.58189,40169,36102.591,6813051.50433
2025-01-01 10:00:00,189.19,191.03,189.17,190.24,71994.807,2025-01-01 10:59:59.999,13692628.8961,32419,44579.943,8475303.07392
2025-01-01 11:00:00,190.25,191.86,189.89,191.36,63070.217,2025-01-01 11:59:59.999,12047959.0239,35875,36700.118,7011275.87362
2025-01-01 12:00:00,191.35,191.75,190.42,190.95,85511.631,2025-01-01 12:59:59.999,16343511.4186,34862,42969.528,8212956.624
2025-01-01 13:00:00,190.94,191.29,189.59,190.25,79164.615,2025-01-01 13:59:59.999,15052927.06472,38545,37301.013,7092672.19877
2025-01-01 14:00:00,190.24,191.48,189.14,190.88,68958.644,2025-01-01 14:59:59.999,13133183.70063,46941,33981.018,6471993.46626
2025-01-01 15:00:00,190.88,192.15,189.98,191.91,69944.069,2025-01-01 15:59:59.999,13366573.85865,41646,38143.102,7290881.08893
2025-01-01 16:00:00,191.91,192.25,190.08,190.51,61361.767,2025-01-01 16:59:59.999,11723044.84762,43082,26193.622,5004856.30332
2025-01-01 17:00:00,190.52,190.65,189.25,190.64,67078.185,2025-01-01 17:59:59.999,12740127.25347,40722,29887.475,5676363.89864
2025-01-01 18:00:00,190.63,192.23,189.89,191.68,62362.621,2025-01-01 18:59:59.999,11923572.74057,43605,33807.573,6465626.64571
2025-01-01 19:00:00,191.69,193.91,191.49,193.1,102185.899,2025-01-01 19:59:59.999,19695682.99774,57293,47559.45,9168366.04308
2025-01-01 20:00:00,193.1,194.56,193.1,194.36,75579.707,2025-01-01 20:59:59.999,14654001.84462,46859,38642.583,7492028.79542
2025-01-01 21:00:00,194.36,195.33,193.71,194.69,83968.819,2025-01-01 21:59:59.999,16335720.29233,48134,37224.407,7243378.81621
2025-01-01 22:00:00,194.68,194.95,193.68,194.53,62287.96,2025-01-01 22:59:59.999,12102321.22877,26417,30239.31,5876255.71718
2025-01-01 23:00:00,194.54,195.16,193.81,194.28,53441.226,2025-01-01 23:59:59.999,10386977.98376,32856,26630.734,5176378.88091
2025-01-02 00:00:00,194.28,197.17,193.43,196.25,150184.717,2025-01-02 00:59:59.999,29375988.82985,90559,77934.879,15241443.56779
2025-01-02 01:00:00,196.25,198.47,196.11,197.71,132435.782,2025-01-02 01:59:59.999,26147742.83463,73450,76172.028,15040412.84634
2025-01-02 02:00:00,197.7,199.42,197.47,199.41,190538.571,2025-01-02 02:59:59.999,37808879.49167,57967,98788.933,19607347.72256
2025-01-02 03:00:00,199.41,199.7,197.8,198.54,123139.17,2025-01-02 03:59:59.999,24447574.57322,40841,57271.926,11373029.56962
2025-01-02 04:00:00,198.55,204.84,198.54,204.47,303074.466,2025-01-02 04:59:59.999,61341204.76841,111347,179676.483,36339581.97134
2025-01-02 05:00:00,204.47,205.5,203.31,204.62,140873.482,2025-01-02 05:59:59.999,28808040.34055,73290,72059.666,14743850.934
2025-01-02 06:00:00,204.63,205.97,203.96,205.36,180708.112,2025-01-02 06:59:59.999,37014210.05625,60817,100326.236,20547424.55008
2025-01-02 07:00:00,205.36,206.89,205.2,205.91,194280.905,2025-01-02 07:59:59.999,40012010.31359,60757,101980.871,20999781.26951
2025-01-02 08:00:00,205.91,207.09,205.66,206.8,141906.203,2025-01-02 08:59:59.999,29292725.83386,59897,77262.575,15952350.39153
2025-01-02 09:00:00,206.79,207.97,206.34,207.38,131400.286,2025-01-02 09:59:59.999,27219346.1145,53827,69510.232,14400170.01539
2025-01-02 10:00:00,207.38,207.77,206.7,206.98,102094.725,2025-01-02 10:59:59.999,21152839.02905,47430,48153.24,9979158.23153
2025-01-02 11:00:00,206.98,208.88,206.92,208.51,117197.341,2025-01-02 11:59:59.999,24358144.5498,48377,67447.88,14019107.68573
2025-01-02 12:00:00,208.52,209.49,207.64,208.39,144646.542,2025-01-02 12:59:59.999,30167920.50233,55072,82440.899,17195891.06112
2025-01-02 13:00:00,208.4,208.65,207.6,208.17,113919.603,2025-01-02 13:59:59.999,23714491.1285,63683,64700.446,13470319.67834
2025-01-02 14:00:00,208.16,210.48,206.72,208.2,258693.596,2025-01-02 14:59:59.999,53890453.81528,172229,139240.835,29024023.0702
2025-01-02 15:00:00,208.19,208.34,205.45,206.77,175347.684,2025-01-02 15:59:59.999,36260580.44375,141957,85906.957,17765040.0592
2025-01-02 16:00:00,206.77,209.07,205.96,207.45,121952.126,2025-01-02 16:59:59.999,25330894.39283,72532,67089.434,13942786.443
2025-01-02 17:00:00,207.44,208.2,204.67,206.05,139485.593,2025-01-02 17:59:59.999,28775663.78838,75291,60344.879,12451391.35734
2025-01-02 18:00:00,206.04,206.8,204.96,206.44,74462.481,2025-01-02 18:59:59.999,15330844.54347,48895,38956.427,8021887.3231
2025-01-02 19:00:00,206.43,207.83,206.15,206.69,61915.906,2025-01-02 19:59:59.999,12825970.41491,39598,32931.636,6822508.97177
2025-01-02 20:00:00,206.69,208.0,206.68,206.82,48824.009,2025-01-02 20:59:59.999,10129385.97408,34723,27013.573,5604776.63474
2025-01-02 21:00:00,206.83,207.13,205.44,206.54,69064.49,2025-01-02 21:59:59.999,14244969.62957,49132,33688.176,6948617.28033
2025-01-02 22:00:00,206.53,206.76,205.2,206.6,44927.914,2025-01-02 22:59:59.999,9260133.56707,33414,24110.582,4970011.27736
2025-01-02 23:00:00,206.6,208.44,206.55,208.31,63850.278,2025-01-02 23:59:59.999,13260397.66345,50270,36012.537,7477213.29062
2025-01-03 00:00:00,208.3,208.45,207.0,207.15,57493.565,2025-01-03 00:59:59.999,11941641.98571,37586,32596.65,6771408.25219
2025-01-03 01:00:00,207.16,207.33,205.63,206.86,90292.39,2025-01-03 01:59:59.999,18619545.74373,43218,41705.902,8603266.03055
2025-01-03 02:00:00,206.87,208.11,206.34,206.87,73399.298,2025-01-03 02:59:59.999,15230596.40404,39237,39490.332,8193119.10791
2025-01-03 03:00:00,206.87,208.28,206.16,208.05,64254.536,2025-01-03 03:59:59.999,13310519.21542,33899,41282.966,8553708.42855
2025-01-03 04:00:00,208.05,208.1,207.09,207.72,55941.462,2025-01-03 04:59:59.999,11610836.90757,32663,29473.582,6116818.30964
2025-01-03 05:00:00,207.72,209.57,207.12,208.87,86253.802,2025-01-03 05:59:59.999,17984744.5222,45176,46672.954,9732053.84748
2025-01-03 06:00:00,208.87,210.0,207.67,207.77,155174.463,2025-01-03 06:59:59.999,32468776.79341,68511,80601.443,16870580.93087
2025-01-03 07:00:00,207.77,208.69,207.09,207.95,87919.208,2025-01-03 07:59:59.999,18268704.703,45556,40714.117,8459005.78634
2025-01-03 08:00:00,207.95,209.94,207.6,209.36,134176.955,2025-01-03 08:59:59.999,28075205.71538,51479,73176.643,15313108.77742
2025-01-03 09:00:00,209.35,212.95,209.09,211.2,236001.714,2025-01-03 09:59:59.999,49894257.99855,90453,132817.367,28071913.78159
2025-01-03 10:00:00,211.19,211.8,210.36,211.13,107351.487,2025-01-03 10:59:59.999,22655669.65299,47203,55860.527,11789228.43347
2025-01-03 11:00:00,211.12,215.18,211.0,214.51,307797.428,2025-01-03 11:59:59.999,65691480.61411,84150,154516.611,32936017.19641
2025-01-03 12:00:00,214.52,214.99,213.23,213.4,169255.683,2025-01-03 12:59:59.999,36225536.48434,59013,74786.643,16006831.32421
2025-01-03 13:00:00,213.39,214.34,212.09,212.92,174196.036,2025-01-03 13:59:59.999,37113658.66166,67060,83731.804,17841532.36979
2025-01-03 14:00:00,212.91,218.7,212.91,218.3,349506.333,2025-01-03 14:59:59.999,75576681.93523,133961,190858.932,41253508.52944
2025-01-03 15:00:00,218.3,218.48,216.64,217.36,162717.782,2025-01-03 15:59:59.999,35406849.52369,127852,76491.723,16647479.78122
2025-01-03 16:00:00,217.37,219.83,216.46,217.7,215908.324,2025-01-03 16:59:59.999,47144312.02454,106620,110509.118,24131916.57983
2025-01-03 17:00:00,217.7,218.18,216.66,217.39,151566.242,2025-01-03 17:59:59.999,32950605.30054,54103,79411.595,17266705.7337
2025-01-03 18:00:00,217.38,218.57,217.19,218.12,131051.833,2025-01-03 18:59:59.999,28567828.57968,44061,77989.254,17001787.40925
2025-01-03 19:00:00,218.11,218.53,216.5,217.1,110192.944,2025-01-03 19:59:59.999,23963064.57748,46409,48258.007,10494018.83101
2025-01-03 20:00:00,217.1,217.1,215.81,216.05,90420.089,2025-01-03 20:59:59.999,19560454.99655,41792,45523.489,9846666.73934
2025-01-03 21:00:00,216.05,217.0,215.9,216.34,83384.316,2025-01-03 21:59:59.999,18053034.38507,35275,53475.35,11578477.51437
2025-01-03 22:00:00,216.34,217.28,216.08,217.06,70884.76,2025-01-03 22:59:59.999,15354058.23044,25289,35490.26,7686152.05995
2025-01-03 23:00:00,217.06,218.04,216.87,217.99,85945.906,2025-01-03 23:59:59.999,18702471.06703,33671,50524.285,10994655.02322
2025-01-04 00:00:00,218.0,218.08,216.64,217.0,85925.236,2025-01-04 00:59:59.999,18674926.08977,52679,42890.346,9321605.58602
2025-01-04 01:00:00,216.99,217.97,216.03,217.38,79426.287,2025-01-04 01:59:59.999,17248801.37044,55449,40120.065,8716931.74857
2025-01-04 02:00:00,217.39,218.18,216.21,217.47,74609.33,2025-01-04 02:59:59.999,16198506.93555,49084,42636.901,9258791.32321
2025-01-04 03:00:00,217.48,217.71,215.67,216.97,169044.197,2025-01-04 03:59:59.999,36588956.82617,50841,94315.448,20403586.10633
2025-01-04 04:00:00,216.97,216.97,215.58,216.88,83634.892,2025-01-04 04:59:59.999,18071652.02049,38824,42675.085,9221404.51879
2025-01-04 05:00:00,216.88,217.43,216.44,217.23,72530.657,2025-01-04 05:59:59.999,15740427.39315,32206,45680.523,9913488.48904
2025-01-04 06:00:00,217.23,217.96,216.9,217.63,75287.333,2025-01-04 06:59:59.999,16373345.29895,26540,43611.474,9484707.47889
2025-01-04 07:00:00,217.63,217.81,216.34,216.71,69388.455,2025-01-04 07:59:59.999,15068236.13126,26257,33370.751,7247573.88828
2025-01-04 08:00:00,216.7,216.73,215.32,215.72,83160.174,2025-01-04 08:59:59.999,17959825.28898,34993,40613.523,8770191.69084
2025-01-04 09:00:00,215.71,216.42,215.46,215.83,61727.677,2025-01-04 09:59:59.999,13333190.75756,30752,35216.894,7606439.91832
2025-01-04 10:00:00,215.83,215.93,214.4,215.66,84460.754,2025-01-04 10:59:59.999,18168367.88168,36431,39598.934,8520010.51353
2025-01-04 11:00:00,215.66,216.67,215.23,216.45,78431.32,2025-01-04 11:59:59.999,16940014.08396,26156,43844.474,9470540.98639
2025-01-04 12:00:00,216.46,217.19,216.12,217.04,92895.018,2025-01-04 12:59:59.999,20123690.31838,38178,47713.452,10335735.60651
2025-01-04 13:00:00,217.05,217.66,216.64,217.03,72432.143,2025-01-04 13:59:59.999,15725515.78562,38177,39927.629,8669607.2331
2025-01-04 14:00:00,217.02,217.15,215.72,215.88,169325.568,2025-01-04 14:59:59.999,36623399.06862,45633,59595.683,12887546.05354
2025-01-04 15:00:00,215.87,216.56,213.54,214.32,182836.353,2025-01-04 15:59:59.999,39260890.16306,81960,79272.123,17020945.11472
2025-01-04 16:00:00,214.31,215.02,213.73,214.4,71181.769,2025-01-04 16:59:59.999,15257192.50356,44139,36849.475,7898848.24708
2025-01-04 17:00:00,214.39,215.77,214.18,215.75,51473.579,2025-01-04 17:59:59.999,11069713.914,31812,27122.256,5832221.12379
2025-01-04 18:00:00,215.74,215.96,215.19,215.54,48684.159,2025-01-04 18:59:59.999,10491520.94504,26966,20531.314,4424886.25116
2025-01-04 19:00:00,215.54,215.81,215.13,215.58,42295.806,2025-01-04 19:59:59.999,9111911.9535,23952,18394.519,3962892.98423
2025-01-04 20:00:00,215.58,216.77,215.41,216.43,58167.577,2025-01-04 20:59:59.999,12562438.25305,30338,31098.788,6717491.88267
2025-01-04 21:00:00,216.43,216.63,215.77,216.06,48632.562,2025-01-04 21:59:59.999,10512012.02664,29475,22336.829,4828231.65168
2025-01-04 22:00:00,216.07,217.26,215.76,217.2,46206.313,2025-01-04 22:59:59.999,9997921.47879,16560,28994.221,6274959.20414
2025-01-04 23:00:00,217.2,217.27,216.48,216.67,41954.231,2025-01-04 23:59:59.999,9097870.45421,22847,19549.136,4238842.61367
2025-01-05 00:00:00,216.67,217.88,216.32,217.04,79685.541,2025-01-05 00:59:59.999,17302259.05481,41774,49673.001,10788484.82535
2025-01-05 01:00:00,217.05,217.18,215.27,215.71,77421.691,2025-01-05 01:59:59.999,16732450.52446,43909,36073.435,7799064.19413
2025-01-05 02:00:00,215.71,217.47,215.5,217.08,142574.051,2025-01-05 02:59:59.999,30862989.31602,49527,74859.331,16203397.97149
2025-01-05 03:00:00,217.07,218.99,216.67,217.96,146359.162,2025-01-05 03:59:59.999,31906848.02753,66228,90995.107,19838549.29202
2025-01-05 04:00:00,217.96,219.05,217.9,218.01,104657.441,2025-01-05 04:59:59.999,22866927.68831,46868,63138.171,13797858.20282
2025-01-05 05:00:00,218.0,218.0,216.17,216.4,87022.862,2025-01-05 05:59:59.999,18888149.42842,34109,34190.858,7420293.76312
2025-01-05 06:00:00,216.41,217.03,215.97,216.63,49942.996,2025-01-05 06:59:59.999,10818167.73903,26083,26625.376,5767605.57007
2025-01-05 07:00:00,216.63,216.85,216.12,216.47,57548.602,2025-01-05 07:59:59.999,12459490.02807,22723,29850.619,6463478.84687
2025-01-05 08:00:00,216.47,216.57,214.78,215.17,80544.782,2025-01-05 08:59:59.999,17350967.04005,42002,34907.731,7519464.49979
2025-01-05 09:00:00,215.16,215.22,212.91,213.19,118969.668,2025-01-05 09:59:59.999,25474277.20913,45218,47510.867,10173716.97202
2025-01-05 10:00:00,213.19,214.12,212.91,214.08,85180.665,2025-01-05 10:59:59.999,18185961.54948,37785,39271.632,8386065.388
2025-01-05 11:00:00,214.09,214.7,213.72,213.93,47716.64,2025-01-05 11:59:59.999,10215931.08007,27972,24474.186,5239845.34627
2025-01-05 12:00:00,213.94,214.19,212.99,213.61,85785.643,2025-01-05 12:59:59.999,18327055.30515,31098,34761.623,7427972.66921
2025-01-05 13:00:00,213.61,214.61,212.37,212.59,143327.046,2025-01-05 13:59:59.999,30597486.53491,42599,38830.5,8295110.4681
2025-01-05 14:00:00,212.59,213.52,211.61,213.29,185676.986,2025-01-05 14:59:59.999,39436057.71908,69235,67917.628,14427633.7016
2025-01-05 15:00:00,213.28,213.95,212.13,213.59,113605.126,2025-01-05 15:59:59.999,24219531.42859,46109,43658.029,9311838.14887
2025-01-05 16:00:00,213.58,214.29,212.15,212.47,108863.887,2025-01-05 16:59:59.999,23201684.05541,41392,50437.716,10752203.11387
2025-01-05 17:00:00,212.48,213.29,212.0,212.65,62833.349,2025-01-05 17:59:59.999,13361345.16846,31039,35212.075,7488322.7803
2025-01-05 18:00:00,212.65,212.76,211.46,212.47,69214.168,2025-01-05 18:59:59.999,14684712.6954,33767,34249.081,7267209.22545
2025-01-05 19:00:00,212.47,213.21,212.18,212.79,52378.712,2025-01-05 19:59:59.999,11148963.93706,24798,26972.571,5740824.63263
2025-01-05 20:00:00,212.79,213.95,212.54,213.01,56001.369,2025-01-05 20:59:59.999,11939550.34939,29365,28386.146,6052451.00842
2025-01-05 21:00:00,213.0,214.0,212.85,213.85,45086.38,2025-01-05 21:59:59.999,9618736.4466,21589,25579.916,5457607.9469
2025-01-05 22:00:00,213.85,214.5,213.39,214.22,45256.061,2025-01-05 22:59:59.999,9685737.38138,17988,23880.824,5111117.86558
2025-01-05 23:00:00,214.23,214.54,213.25,213.41,55387.717,2025-01-05 23:59:59.999,11845414.86983,28998,27395.818,5859688.61138
2025-01-06 00:00:00,213.41,214.22,212.04,212.16,70909.59,2025-01-06 00:59:59.999,15106504.37254,63362,33397.091,7116371.03445
2025-01-06 01:00:00,212.17,215.17,211.56,214.67,108592.166,2025-01-06 01:59:59.999,23124790.6387,87472,61628.015,13135704.1941
2025-01-06 02:00:00,214.67,216.99,214.48,215.6,162504.186,2025-01-06 02:59:59.999,35071018.82845,118117,84609.28,18259762.78142
2025-01-06 03:00:00,215.61,216.69,215.27,215.61,65516.389,2025-01-06 03:59:59.999,14152750.66795,44584,28794.374,6220312.17107
2025-01-06 04:00:00,215.61,216.83,215.36,215.85,62477.749,2025-01-06 04:59:59.999,13492701.19097,34355,31777.651,6863049.63496
2025-01-06 05:00:00,215.84,216.9,215.21,215.57,102914.124,2025-01-06 05:59:59.999,22228488.22813,52757,46063.138,9950484.81858
2025-01-06 06:00:00,215.57,216.01,213.97,214.94,112707.456,2025-01-06 06:59:59.999,24209652.66906,56344,43418.984,9324853.81226
2025-01-06 07:00:00,214.93,215.51,213.9,215.22,79506.043,2025-01-06 07:59:59.999,17080327.92467,42109,36579.573,7859337.64922
2025-01-06 08:00:00,215.22,216.23,213.45,214.02,100968.078,2025-01-06 08:59:59.999,21701032.61652,41862,51130.916,10993200.49829
2025-01-06 09:00:00,214.03,214.44,213.23,214.4,74102.426,2025-01-06 09:59:59.999,15851392.29274,33494,36731.128,7859366.42172
2025-01-06 10:00:00,214.41,215.24,213.86,215.03,52307.269,2025-01-06 10:59:59.999,11223408.76747,30503,28254.006,6062517.25238
2025-01-06 11:00:00,215.02,216.27,214.81,216.26,56404.703,2025-01-06 11:59:59.999,12167520.91286,30569,33369.578,7198346.77744
2025-01-06 12:00:00,216.26,217.85,215.77,216.82,114540.168,2025-01-06 12:59:59.999,24847195.11395,46880,63128.448,13692812.42329
2025-01-06 13:00:00,216.81,218.81,215.79,218.7,172048.42,2025-01-06 13:59:59.999,37422112.91378,69263,90434.325,19674250.26483
2025-01-06 14:00:00,218.7,222.14,216.69,221.05,317884.27,2025-01-06 14:59:59.999,69780518.39894,135158,183932.741,40398332.51111
2025-01-06 15:00:00,221.05,222.08,219.87,221.62,315759.35,2025-01-06 15:59:59.999,69815930.75321,119848,158136.88,34967756.9912
2025-01-06 16:00:00,221.62,223.18,220.12,220.85,238462.993,2025-01-06 16:59:59.999,52892268.26818,96826,127354.106,28260768.79405
2025-01-06 17:00:00,220.84,220.84,217.34,218.72,180995.61,2025-01-06 17:59:59.999,39630135.97244,79489,91051.38,19938475.16557
2025-01-06 18:00:00,218.73,219.56,217.95,218.84,101490.814,2025-01-06 18:59:59.999,22208503.3982,48612,50248.209,10995118.89553
2025-01-06 19:00:00,218.84,220.48,218.62,220.0,97510.071,2025-01-06 19:59:59.999,21435229.70324,35229,68381.872,15033645.49971
2025-01-06 20:00:00,220.0,220.44,218.24,218.54,58625.138,2025-01-06 20:59:59.999,12864536.10885,33675,24509.676,5378396.60145
2025-01-06 21:00:00,218.53,218.75,217.55,217.85,69681.766,2025-01-06 21:59:59.999,15197883.41371,39551,32989.594,7195449.99297
2025-01-06 22:00:00,217.86,218.8,217.67,218.54,86255.527,2025-01-06 22:59:59.999,18815561.86302,27805,52821.226,11522521.41141
2025-01-06 23:00:00,218.54,218.67,217.85,218.22,53198.552,2025-01-06 23:59:59.999,11608968.90657,26592,26644.445,5814379.77211
2025-01-07 00:00:00,218.22,219.11,217.67,217.78,77651.876,2025-01-07 00:59:59.999,16955066.65534,49744,37087.981,8098096.57492
2025-01-07 01:00:00,217.78,218.8,216.8,218.11,109574.306,2025-01-07 01:59:59.999,23858454.80192,48601,63436.107,13814205.23357
2025-01-07 02:00:00,218.11,218.25,216.49,216.59,77726.775,2025-01-07 02:59:59.999,16882476.65859,37622,35991.422,7818935.10724
2025-01-07 03:00:00,216.59,217.64,216.23,217.34,67070.22,2025-01-07 03:59:59.999,14550128.36763,34211,38069.458,8258899.77577
2025-01-07 04:00:00,217.35,217.45,216.18,216.18,79701.161,2025-01-07 04:59:59.999,17274584.73411,30511,34602.96,7497993.26786
2025-01-07 05:00:00,216.17,216.51,215.64,216.51,81619.046,2025-01-07 05:59:59.999,17638370.43919,26003,50682.029,10952961.14943
2025-01-07 06:00:00,216.5,216.69,215.96,216.36,48677.06,2025-01-07 06:59:59.999,10529209.81847,17005,29172.674,6310156.16027
2025-01-07 07:00:00,216.35,216.7,215.49,216.04,57076.877,2025-01-07 07:59:59.999,12333861.43012,17695,32678.097,7060939.26827
2025-01-07 08:00:00,216.04,216.77,215.35,216.6,101259.502,2025-01-07 08:59:59.999,21878532.68968,29551,66209.599,14305705.31328
2025-01-07 09:00:00,216.61,216.73,214.77,215.1,125078.349,2025-01-07 09:59:59.999,26974380.63838,32977,62073.639,13389453.78032
2025-01-07 10:00:00,215.1,215.22,214.35,214.88,104127.422,2025-01-07 10:59:59.999,22368729.28525,29843,58182.882,12498398.42131
2025-01-07 11:00:00,214.87,215.41,212.88,214.06,167037.361,2025-01-07 11:59:59.999,35777161.11607,53569,89201.04,19111606.95613
2025-01-07 12:00:00,214.07,214.22,212.74,213.49,117783.019,2025-01-07 12:59:59.999,25130053.75642,38167,66888.862,14273354.51377
2025-01-07 13:00:00,213.49,214.32,213.38,213.85,85832.065,2025-01-07 13:59:59.999,18359470.97914,26627,47136.419,10082075.53078
2025-01-07 14:00:00,213.84,214.36,210.87,211.64,207262.166,2025-01-07 14:59:59.999,44129937.19873,76174,99809.107,21261079.13344
2025-01-07 15:00:00,211.63,212.05,205.36,207.76,1005802.546,2025-01-07 15:59:59.999,209620467.27423,325891,462782.288,96479760.07598
2025-01-07 16:00:00,207.76,209.09,206.85,207.55,209958.462,2025-01-07 16:59:59.999,43710292.97226,99563,114907.685,23925010.38982
2025-01-07 17:00:00,207.56,207.97,205.4,206.43,195471.144,2025-01-07 17:59:59.999,40409403.78968,89673,97301.685,20117609.68665
2025-01-07 18:00:00,206.43,207.13,204.11,205.06,200981.682,2025-01-07 18:59:59.999,41293945.46088,85009,95164.015,19563495.57199
2025-01-07 19:00:00,205.07,205.64,203.52,204.56,140241.474,2025-01-07 19:59:59.999,28697604.00274,80523,67932.536,13903436.55482
2025-01-07 20:00:00,204.56,204.63,202.65,204.36,171493.863,2025-01-07 20:59:59.999,34955100.71557,101614,96142.496,19599274.74327
2025-01-07 21:00:00,204.35,204.99,202.11,202.12,115286.284,2025-01-07 21:59:59.999,23489629.04384,62932,62414.446,12725735.81793
2025-01-07 22:00:00,202.13,203.96,201.8,203.71,110774.617,2025-01-07 22:59:59.999,22499958.57667,41585,62965.106,12794025.47276
2025-01-07 23:00:00,203.7,203.73,201.92,202.17,84811.007,2025-01-07 23:59:59.999,17204693.4763,40664,45737.898,9280098.87211
2025-01-08 00:00:00,202.17,203.28,201.9,202.62,121011.238,2025-01-08 00:59:59.999,24524228.02955,69600,65197.195,13212119.89015
2025-01-08 01:00:00,202.61,202.63,199.61,201.26,255778.123,2025-01-08 01:59:59.999,51373110.08967,90326,111209.808,22337770.66642
2025-01-08 02:00:00,201.26,201.73,200.1,200.11,161998.934,2025-01-08 02:59:59.999,32570832.96657,59805,82269.464,16541763.92296
2025-01-08 03:00:00,200.11,200.21,196.71,198.67,272616.227,2025-01-08 03:59:59.999,54141395.5926,108856,131095.411,26031303.83111
2025-01-08 04:00:00,198.68,199.57,196.64,196.97,257169.941,2025-01-08 04:59:59.999,50915528.31595,80527,123089.962,24379582.26122
2025-01-08 05:00:00,196.97,197.93,195.75,196.1,215300.16,2025-01-08 05:59:59.999,42402723.51178,82770,115660.884,22787865.37715
2025-01-08 06:00:00,196.1,196.79,193.42,193.45,248546.513,2025-01-08 06:59:59.999,48493988.74434,101073,106905.16,20865221.85636
2025-01-08 07:00:00,193.45,195.95,193.14,195.71,176431.7,2025-01-08 07:59:59.999,34330619.45917,65630,97692.976,19015478.83957
2025-01-08 08:00:00,195.71,197.88,195.6,197.36,226557.624,2025-01-08 08:59:59.999,44673643.14521,58306,152011.506,29981448.05238
2025-01-08 09:00:00,197.35,197.91,195.95,195.96,166937.649,2025-01-08 09:59:59.999,32934599.5606,47183,100589.597,19851159.48031
2025-01-08 10:00:00,195.97,198.0,195.96,197.21,103528.26,2025-01-08 10:59:59.999,20410040.01839,41777,63000.784,12421535.9219
2025-01-08 11:00:00,197.21,197.62,194.45,195.5,147943.465,2025-01-08 11:59:59.999,28947461.52453,68820,68788.355,13461925.02298
2025-01-08 12:00:00,195.51,196.28,194.86,195.06,115121.247,2025-01-08 12:59:59.999,22520099.42604,67952,62703.284,12269182.91753
2025-01-08 13:00:00,195.07,197.88,195.07,197.14,136631.869,2025-01-08 13:59:59.999,26917292.87942,82086,84754.539,16696401.65928
2025-01-08 14:00:00,197.14,199.27,196.81,197.73,231820.008,2025-01-08 14:59:59.999,45869337.84045,119993,143460.97,28389994.801
2025-01-08 15:00:00,197.72,199.57,196.3,197.8,191235.241,2025-01-08 15:59:59.999,37837403.43825,112530,95557.943,18916421.42404
2025-01-08 16:00:00,197.8,197.97,194.51,194.68,150279.989,2025-01-08 16:59:59.999,29498385.42284,94071,77373.432,15188584.82536
2025-01-08 17:00:00,194.68,195.0,188.34,193.2,554673.173,2025-01-08 17:59:59.999,106213511.24762,255548,277614.668,53168337.38013
2025-01-08 18:00:00,193.21,196.91,192.8,193.95,209436.55,2025-01-08 18:59:59.999,40801846.48437,122640,108550.544,21154104.28821
2025-01-08 19:00:00,193.95,196.01,193.27,194.32,146051.775,2025-01-08 19:59:59.999,28431074.88499,98148,75007.908,14607273.25493
2025-01-08 20:00:00,194.31,196.28,193.67,195.76,91065.383,2025-01-08 20:59:59.999,17747696.90852,59104,52898.608,10312078.47974
2025-01-08 21:00:00,195.76,196.15,193.87,195.04,100574.708,2025-01-08 21:59:59.999,19612127.50935,71535,52531.708,10246440.64566
2025-01-08 22:00:00,195.03,197.97,195.03,197.84,92289.362,2025-01-08 22:59:59.999,18160537.70962,45413,52559.057,10339620.09745
2025-01-08 23:00:00,197.83,198.3,196.95,197.48,73831.091,2025-01-08 23:59:59.999,14585729.0383,27449,38109.706,7529860.21239
2025-01-09 00:00:00,197.48,197.93,196.45,197.9,66352.181,2025-01-09 00:59:59.999,13085803.35323,40339,29036.132,5727932.83582
2025-01-09 01:00:00,197.9,199.06,197.35,197.78,110145.768,2025-01-09 01:59:59.999,21857225.32268,46482,69529.677,13800192.70723
2025-01-09 02:00:00,197.79,198.01,195.11,197.13,162737.938,2025-01-09 02:59:59.999,31945386.21542,93624,71043.523,13946684.34254
2025-01-09 03:00:00,197.13,197.3,194.15,194.35,94600.876,2025-01-09 03:59:59.999,18466023.87511,51071,41943.479,8186556.59592
2025-01-09 04:00:00,194.35,195.48,193.64,195.38,81560.905,2025-01-09 04:59:59.999,15855885.12845,52971,43130.197,8386128.46209
2025-01-09 05:00:00,195.38,195.55,194.23,194.29,61967.007,2025-01-09 05:59:59.999,12080723.79386,39834,35053.086,6835674.79722
2025-01-09 06:00:00,194.29,194.94,193.22,193.41,82663.306,2025-01-09 06:59:59.999,16041583.7345,49619,43846.869,8508899.30553
2025-01-09 07:00:00,193.4,193.97,189.76,190.11,256525.761,2025-01-09 07:59:59.999,49043004.12356,96714,113681.477,21739281.61771
2025-01-09 08:00:00,190.11,192.4,189.12,191.14,200893.094,2025-01-09 08:59:59.999,38281789.58326,103628,97864.906,18658486.57444
2025-01-09 09:00:00,191.15,192.45,191.0,191.66,67413.731,2025-01-09 09:59:59.999,12929956.26181,38542,38571.831,7398600.9921
2025-01-09 10:00:00,191.67,192.12,189.76,191.41,85481.037,2025-01-09 10:59:59.999,16314639.50359,45157,40453.366,7725989.12474
2025-01-09 11:00:00,191.42,192.83,190.62,191.18,80239.836,2025-01-09 11:59:59.999,15381995.12722,52646,48817.534,9360927.57253
2025-01-09 12:00:00,191.17,192.09,189.37,190.33,103848.053,2025-01-09 12:59:59.999,19806345.6656,62834,60136.726,11470380.7444
2025-01-09 13:00:00,190.34,190.6,185.46,185.5,352861.771,2025-01-09 13:59:59.999,66199865.7236,143862,148803.378,27932502.70997
2025-01-09 14:00:00,185.49,188.84,185.07,188.78,271758.949,2025-01-09 14:59:59.999,50814912.68275,146584,151478.644,28329030.0998
2025-01-09 15:00:00,188.78,193.07,187.9,192.22,265107.268,2025-01-09 15:59:59.999,50620156.6552,136812,144320.017,27540020.72725
2025-01-09 16:00:00,192.22,192.81,190.65,191.86,135753.88,2025-01-09 16:59:59.999,26033149.33905,86805,64292.358,12334762.69877
2025-01-09 17:00:00,191.85,192.22,186.17,187.3,147720.463,2025-01-09 17:59:59.999,27931001.15963,110966,74082.944,14015246.74776
2025-01-09 18:00:00,187.3,189.42,187.02,188.45,103346.673,2025-01-09 18:59:59.999,19454162.196,111614,59032.027,11112765.68394
2025-01-09 19:00:00,188.46,188.98,185.72,185.89,138741.197,2025-01-09 19:59:59.999,25952226.86667,79310,64855.455,12133020.35921
2025-01-09 20:00:00,185.9,186.44,182.0,185.15,389663.279,2025-01-09 20:59:59.999,71745155.76139,167187,184041.938,33876277.97385
2025-01-09 21:00:00,185.14,187.03,184.64,184.77,107083.984,2025-01-09 21:59:59.999,19887913.09417,86929,52858.65,9817967.3094
2025-01-09 22:00:00,184.78,187.59,183.23,185.92,140418.794,2025-01-09 22:59:59.999,26042792.88899,61943,73916.317,13713951.12244
2025-01-09 23:00:00,185.93,186.17,184.32,184.95,100261.442,2025-01-09 23:59:59.999,18573216.16854,56211,50584.027,9370691.24284
2025-01-10 00:00:00,184.96,187.0,184.95,186.41,114584.662,2025-01-10 00:59:59.999,21328280.40815,72193,55674.089,10360836.04732
2025-01-10 01:00:00,186.41,188.08,185.77,187.56,112738.123,2025-01-10 01:59:59.999,21064560.09054,78332,60522.386,11309377.65146
2025-01-10 02:00:00,187.55,189.41,187.39,188.3,106127.613,2025-01-10 02:59:59.999,19991353.59174,71662,48736.579,9181708.22491
2025-01-10 03:00:00,188.3,189.56,188.0,189.14,98763.899,2025-01-10 03:59:59.999,18633621.62914,50465,51582.428,9736242.9186
2025-01-10 04:00:00,189.14,189.98,188.6,189.04,109427.319,2025-01-10 04:59:59.999,20704972.84431,49752,49765.929,9415871.38057
2025-01-10 05:00:00,189.04,191.43,188.38,189.9,127385.808,2025-01-10 05:59:59.999,24189257.63459,61108,61602.883,11703663.79663
2025-01-10 06:00:00,189.9,191.19,189.35,191.07,94125.239,2025-01-10 06:59:59.999,17899112.91387,50837,43533.9,8279089.39971
2025-01-10 07:00:00,191.08,193.02,190.65,191.78,185552.647,2025-01-10 07:59:59.999,35592571.33693,80563,91143.899,17484174.06085
2025-01-10 08:00:00,191.77,192.48,191.4,192.05,130302.628,2025-01-10 08:59:59.999,25010148.45369,58037,56427.877,10830900.27959
2025-01-10 09:00:00,192.05,192.8,191.3,191.99,162115.717,2025-01-10 09:59:59.999,31166433.29701,61880,72252.112,13894956.15212
2025-01-10 10:00:00,192.0,192.68,191.47,192.65,90660.579,2025-01-10 10:59:59.999,17403729.71196,36366,42967.01,8249433.94822
2025-01-10 11:00:00,192.64,192.87,191.13,191.97,124389.832,2025-01-10 11:59:59.999,23882802.7293,44396,48849.101,9379823.92157
2025-01-10 12:00:00,191.98,192.18,190.54,191.84,83445.177,2025-01-10 12:59:59.999,15959429.35502,39606,30932.977,5917478.87532
2025-01-10 13:00:00,191.85,192.03,184.84,186.51,511650.116,2025-01-10 13:59:59.999,95981687.91186,184019,241785.686,45333633.24629
2025-01-10 14:00:00,186.5,189.35,185.91,187.58,282886.217,2025-01-10 14:59:59.999,53083436.30369,173638,139810.115,26239958.31141
2025-01-10 15:00:00,187.58,188.88,183.51,187.28,342543.517,2025-01-10 15:59:59.999,63588101.56876,176189,159499.199,29615684.02374
2025-01-10 16:00:00,187.28,187.54,184.26,184.72,169740.059,2025-01-10 16:59:59.999,31536323.29183,111720,87546.041,16266095.91931
2025-01-10 17:00:00,184.72,192.07,183.85,191.61,246712.298,2025-01-10 17:59:59.999,46347388.01009,127184,136698.926,25667548.46735
2025-01-10 18:00:00,191.6,191.96,189.29,190.02,159761.596,2025-01-10 18:59:59.999,30466712.83296,100498,73199.913,13959717.72892
2025-01-10 19:00:00,190.01,190.98,189.2,190.22,98862.024,2025-01-10 19:59:59.999,18789035.34183,61462,46078.512,8759490.05009
2025-01-10 20:00:00,190.22,190.5,186.88,187.44,106993.282,2025-01-10 20:59:59.999,20150967.54357,59461,48313.274,9096671.78069
2025-01-10 21:00:00,187.43,188.83,187.1,187.74,51448.147,2025-01-10 21:59:59.999,9673497.59174,37545,24137.038,4538116.89656
2025-01-10 22:00:00,187.75,188.69,186.71,188.09,80166.8,2025-01-10 22:59:59.999,15044210.09766,30318,43171.32,8100406.98954
2025-01-10 23:00:00,188.1,188.53,187.3,187.68,52508.783,2025-01-10 23:59:59.999,9866167.82739,35129,27534.851,5173278.3766
2025-01-11 00:00:00,187.69,188.29,187.18,188.25,62942.522,2025-01-11 00:59:59.999,11819454.82154,49415,34233.74,6428476.21085
2025-01-11 01:00:00,188.24,188.79,185.84,186.38,124345.404,2025-01-11 01:59:59.999,23293407.98823,61664,50853.671,9517266.0076
2025-01-11 02:00:00,186.39,187.17,186.1,186.72,67689.164,2025-01-11 02:59:59.999,12639655.90064,36027,33358.039,6228607.33708
2025-01-11 03:00:00,186.72,186.73,185.61,186.37,67500.283,2025-01-11 03:59:59.999,12565722.21741,31551,35122.902,6538815.70034
2025-01-11 04:00:00,186.37,186.72,185.17,185.78,80216.083,2025-01-11 04:59:59.999,14898647.20067,33520,45478.379,8447399.63157
2025-01-11 05:00:00,185.77,186.23,185.16,186.21,65275.014,2025-01-11 05:59:59.999,12126679.20471,28686,37157.663,6902541.92547
2025-01-11 06:00:00,186.22,187.2,186.12,186.13,63726.291,2025-01-11 06:59:59.999,11898446.53358,33632,36542.91,6824167.07692
2025-01-11 07:00:00,186.12,186.86,185.04,186.24,96216.649,2025-01-11 07:59:59.999,17882784.74203,32908,40108.326,7457718.80988
2025-01-11 08:00:00,186.24,186.88,185.11,185.59,74531.738,2025-01-11 08:59:59.999,13854480.43716,30115,32383.749,6020913.27818
2025-01-11 09:00:00,185.58,186.46,184.2,185.09,248389.732,2025-01-11 09:59:59.999,46003486.71216,61566,91741.247,16991991.38526
2025-01-11 10:00:00,185.08,185.75,184.01,185.16,287900.015,2025-01-11 10:59:59.999,53201316.56128,69250,113573.658,20995006.38581
2025-01-11 11:00:00,185.15,186.83,185.05,186.69,101187.374,2025-01-11 11:59:59.999,18833500.08757,42100,58344.198,10859646.95642
2025-01-11 12:00:00,186.69,187.54,186.42,186.91,89941.578,2025-01-11 12:59:59.999,16818662.5437,37606,53795.087,10059000.83912
2025-01-11 13:00:00,186.92,187.5,186.19,186.54,57484.104,2025-01-11 13:59:59.999,10742515.72126,34685,30010.401,5608899.73978
2025-01-11 14:00:00,186.55,187.96,185.87,187.91,74663.484,2025-01-11 14:59:59.999,13953231.07266,34301,39050.2,7300329.21114
2025-01-11 15:00:00,187.9,188.25,186.67,186.95,98169.641,2025-01-11 15:59:59.999,18374719.0689,34902,56887.849,10644289.30595
2025-01-11 16:00:00,186.96,187.46,186.01,187.21,63997.56,2025-01-11 16:59:59.999,11949204.16242,40769,33417.673,6239431.21513
2025-01-11 17:00:00,187.22,187.28,185.66,186.62,61448.302,2025-01-11 17:59:59.999,11450924.78785,38364,27741.253,5169810.5575
2025-01-11 18:00:00,186.63,187.85,186.4,187.65,46550.546,2025-01-11 18:59:59.999,8708116.92483,25904,22036.307,4123312.7672
2025-01-11 19:00:00,187.64,187.99,187.12,187.75,35936.299,2025-01-11 19:59:59.999,6739192.85773,23891,18637.814,3494829.57635
2025-01-11 20:00:00,187.74,190.76,187.49,190.41,101374.272,2025-01-11 20:59:59.999,19152721.73561,43935,58067.342,10970049.70261
2025-01-11 21:00:00,190.4,191.91,190.2,191.01,104516.738,2025-01-11 21:59:59.999,19963367.80022,50470,53224.08,10168562.33437
2025-01-11 22:00:00,191.01,191.06,188.07,188.31,80135.307,2025-01-11 22:59:59.999,15183046.73676,30377,38227.797,7239662.62863
2025-01-11 23:00:00,188.32,188.75,187.88,188.09,50347.956,2025-01-11 23:59:59.999,9479918.34205,31866,24116.065,4541361.49624
2025-01-12 00:00:00,188.09,188.3,187.26,187.35,50771.675,2025-01-12 00:59:59.999,9529568.79596,45690,23104.218,4336876.17867
2025-01-12 01:00:00,187.36,187.63,186.54,187.59,55280.549,2025-01-12 01:59:59.999,10343474.9421,34168,27687.5,5180792.54567
2025-01-12 02:00:00,187.59,188.39,187.07,188.39,52395.706,2025-01-12 02:59:59.999,9824228.40902,20176,28839.805,5408419.75732
2025-01-12 03:00:00,188.38,188.6,186.92,187.31,48584.159,2025-01-12 03:59:59.999,9115356.44412,24846,24373.613,4572853.82971
2025-01-12 04:00:00,187.31,187.5,186.67,186.81,47517.915,2025-01-12 04:59:59.999,8889930.82836,19827,27222.411,5093894.18671
2025-01-12 05:00:00,186.81,187.24,186.43,186.68,40947.343,2025-01-12 05:59:59.999,7648005.78227,16760,21818.725,4075363.16502
2025-01-12 06:00:00,186.68,186.82,185.92,185.93,56041.109,2025-01-12 06:59:59.999,10446621.99252,25394,23143.289,4314489.9895
2025-01-12 07:00:00,185.92,186.68,185.6,186.57,35502.674,2025-01-12 07:59:59.999,6609822.59354,22662,17403.632,3240401.84177
2025-01-12 08:00:00,186.57,186.92,185.71,185.97,40327.328,2025-01-12 08:59:59.999,7517634.10596,24479,22342.774,4166093.49837
2025-01-12 09:00:00,185.97,186.4,185.17,185.82,60251.122,2025-01-12 09:59:59.999,11192711.34986,29815,32266.695,5993995.33158
2025-01-12 10:00:00,185.83,186.4,185.36,186.12,48738.254,2025-01-12 10:59:59.999,9058331.15316,25076,28277.366,5254653.04949
2025-01-12 11:00:00,186.13,186.99,186.0,186.68,34835.638,2025-01-12 11:59:59.999,6496536.88789,23752,20568.534,3835703.50408
2025-01-12 12:00:00,186.68,187.55,186.17,187.03,50031.004,2025-01-12 12:59:59.999,9352518.27684,29776,26850.05,5018739.7107
2025-01-12 13:00:00,187.02,188.63,186.72,188.06,72648.263,2025-01-12 13:59:59.999,13660236.47489,35865,36591.681,6879168.51795
2025-01-12 14:00:00,188.05,188.93,187.83,188.42,63688.453,2025-01-12 14:59:59.999,11999417.24821,33148,35599.493,6707807.15033
2025-01-12 15:00:00,188.42,191.0,188.23,190.45,115647.394,2025-01-12 15:59:59.999,21960633.5094,53643,61721.855,11721748.14717
2025-01-12 16:00:00,190.45,190.76,189.16,190.0,70047.121,2025-01-12 16:59:59.999,13306115.2484,40227,35892.06,6818482.67545
2025-01-12 17:00:00,189.99,190.58,189.31,189.91,54685.317,2025-01-12 17:59:59.999,10383971.73825,33110,28481.432,5408448.32612
2025-01-12 18:00:00,189.9,190.45,189.14,189.58,47234.479,2025-01-12 18:59:59.999,8964080.95443,30387,26455.926,5020758.13689
2025-01-12 19:00:00,189.58,189.98,188.63,188.9,72110.839,2025-01-12 19:59:59.999,13642787.96248,28648,24221.44,4581392.33049
2025-01-12 20:00:00,188.9,189.98,188.83,189.35,36241.558,2025-01-12 20:59:59.999,6865907.58621,24238,19810.553,3753011.27723
2025-01-12 21:00:00,189.34,189.53,187.94,188.45,47645.161,2025-01-12 21:59:59.999,8983832.82928,29029,21436.993,4042255.25286
2025-01-12 22:00:00,188.44,188.65,186.59,186.99,69750.838,2025-01-12 22:59:59.999,13060263.35707,39135,31723.247,5938557.8328
2025-01-12 23:00:00,186.99,188.73,186.72,188.51,59993.236,2025-01-12 23:59:59.999,11257417.11537,33472,31755.287,5959472.39418
2025-01-13 00:00:00,188.5,191.99,188.3,190.64,157986.107,2025-01-13 00:59:59.999,30119191.68142,99051,88081.68,16788881.34126
2025-01-13 01:00:00,190.63,190.77,186.9,187.42,140406.207,2025-01-13 01:59:59.999,26507921.07543,90650,71544.112,13502523.54969
2025-01-13 02:00:00,187.42,187.66,184.31,185.75,160687.104,2025-01-13 02:59:59.999,29894157.68685,75370,75018.128,13962748.88514
2025-01-13 03:00:00,185.76,186.53,184.21,185.03,103405.916,2025-01-13 03:59:59.999,19169538.44051,62086,47833.567,8869556.03521
2025-01-13 04:00:00,185.02,186.98,184.64,185.36,96184.305,2025-01-13 04:59:59.999,17871094.95965,55743,52027.003,9669176.6354
2025-01-13 05:00:00,185.37,185.52,183.27,183.89,123836.605,2025-01-13 05:59:59.999,22816475.59022,64111,54677.17,10075680.63639
2025-01-13 06:00:00,183.9,184.49,181.7,182.07,161856.321,2025-01-13 06:59:59.999,29613013.2056,87553,69852.141,12784916.8044
2025-01-13 07:00:00,182.08,183.5,181.5,182.46,113532.682,2025-01-13 07:59:59.999,20716800.80365,66405,63095.361,11517938.77676
2025-01-13 08:00:00,182.46,182.53,180.16,180.56,232236.56,2025-01-13 08:59:59.999,42067809.16038,75442,114392.909,20727422.77575
2025-01-13 09:00:00,180.57,180.88,178.69,179.98,287922.803,2025-01-13 09:59:59.999,51840643.38356,113904,119690.397,21557869.74671
2025-01-13 10:00:00,179.98,180.28,178.05,178.4,293483.116,2025-01-13 10:59:59.999,52524281.17803,115168,165392.209,29603873.47071
2025-01-13 11:00:00,178.4,178.44,175.23,175.41,381018.708,2025-01-13 11:59:59.999,67369408.55571,116189,161769.29,28609968.75009
2025-01-13 12:00:00,175.41,177.61,174.77,175.22,456099.315,2025-01-13 12:59:59.999,80254640.92403,141245,177469.04,31250454.0991
2025-01-13 13:00:00,175.21,178.32,174.28,175.89,323656.941,2025-01-13 13:59:59.999,57164785.02608,126841,156486.203,27637672.29498
2025-01-13 14:00:00,175.89,177.0,168.88,175.48,794458.534,2025-01-13 14:59:59.999,138133474.86572,251395,379261.526,66060793.65805
2025-01-13 15:00:00,175.48,180.34,175.01,178.8,427347.906,2025-01-13 15:59:59.999,76174401.9431,200082,213821.264,38107359.02046
2025-01-13 16:00:00,178.81,179.81,176.15,176.26,253369.077,2025-01-13 16:59:59.999,45112798.71041,138347,94888.388,16906799.69111
2025-01-13 17:00:00,176.27,178.43,175.55,176.37,161761.798,2025-01-13 17:59:59.999,28605149.02665,124933,75652.475,13380712.51294
2025-01-13 18:00:00,176.37,177.97,174.45,175.99,175295.686,2025-01-13 18:59:59.999,30833448.55274,113529,82057.27,14438987.82157
2025-01-13 19:00:00,175.98,178.67,175.13,177.6,178638.872,2025-01-13 19:59:59.999,31612293.00304,116952,93807.422,16601974.1021
2025-01-13 20:00:00,177.6,182.44,176.61,181.58,212111.392,2025-01-13 20:59:59.999,38064080.37178,116976,108780.261,19528129.43612
2025-01-13 21:00:00,181.59,182.13,180.29,181.89,203912.138,2025-01-13 21:59:59.999,36998102.49223,108284,103806.525,18836487.16646
2025-01-13 22:00:00,181.9,183.48,181.61,183.11,161717.267,2025-01-13 22:59:59.999,29548977.99492,55073,88402.404,16154368.27286
2025-01-13 23:00:00,183.1,183.81,182.65,182.87,69000.253,2025-01-13 23:59:59.999,12639400.9416,32190,34383.43,6298625.02813
2025-01-14 00:00:00,182.86,183.06,181.88,182.37,114758.346,2025-01-14 00:59:59.999,20942660.92655,47357,63560.178,11602944.43831
2025-01-14 01:00:00,182.38,184.18,182.33,182.63,142819.838,2025-01-14 01:59:59.999,26153789.04276,56740,66618.065,12203171.31717
2025-01-14 02:00:00,182.62,184.13,181.99,183.39,151306.681,2025-01-14 02:59:59.999,27712261.2735,62459,70841.725,12978412.14009
2025-01-14 03:00:00,183.39,184.63,183.34,184.19,75206.98,2025-01-14 03:59:59.999,13847988.54768,43918,40507.753,7458576.37618
2025-01-14 04:00:00,184.2,185.95,184.2,185.88,89977.137,2025-01-14 04:59:59.999,16648231.93494,37481,50779.89,9396467.76995
2025-01-14 05:00:00,185.87,186.67,184.7,185.19,142777.247,2025-01-14 05:59:59.999,26519822.95784,42410,57263.615,10642284.44863
2025-01-14 06:00:00,185.2,186.91,185.2,186.3,67588.135,2025-01-14 06:59:59.999,12577709.79994,32941,31966.168,5949003.35614
2025-01-14 07:00:00,186.3,186.39,185.34,185.61,68141.25,2025-01-14 07:59:59.999,12658358.44773,26031,28212.165,5241849.58597
2025-01-14 08:00:00,185.61,187.5,185.6,186.88,111545.164,2025-01-14 08:59:59.999,20830966.82068,44988,54041.41,10094999.5591
2025-01-14 09:00:00,186.87,190.09,186.48,189.45,212693.229,2025-01-14 09:59:59.999,40159528.62359,89768,123831.2,23377276.82969
2025-01-14 10:00:00,189.45,189.46,187.53,187.75,118724.235,2025-01-14 10:59:59.999,22344850.24359,53317,50563.297,9514776.73863
2025-01-14 11:00:00,187.74,188.12,186.69,187.06,108099.257,2025-01-14 11:59:59.999,20255999.67311,85289,39143.721,7335070.7329
2025-01-14 12:00:00,187.05,187.26,184.69,186.03,193802.715,2025-01-14 12:59:59.999,36107840.69135,62733,75932.488,14143701.64183
2025-01-14 13:00:00,186.04,188.82,185.58,188.05,205608.002,2025-01-14 13:59:59.999,38533332.13554,112777,104963.637,19682243.92387
2025-01-14 14:00:00,188.05,190.11,186.94,187.2,152561.114,2025-01-14 14:59:59.999,28754304.16902,117884,75799.024,14291691.66974
2025-01-14 15:00:00,187.21,188.63,186.79,186.85,122996.528,2025-01-14 15:59:59.999,23094227.25284,75886,61343.373,11518777.95163
2025-01-14 16:00:00,186.85,187.31,185.72,186.49,155756.408,2025-01-14 16:59:59.999,29022554.09865,82950,69437.505,12938271.59203
2025-01-14 17:00:00,186.48,187.91,185.99,186.63,103259.834,2025-01-14 17:59:59.999,19298496.58868,59592,62234.853,11631654.49916
2025-01-14 18:00:00,186.63,187.25,186.0,186.63,102945.763,2025-01-14 18:59:59.999,19224881.34086,58446,61075.109,11407263.87825
2025-01-14 19:00:00,186.63,187.6,186.18,187.08,65431.868,2025-01-14 19:59:59.999,12229919.34805,41046,41038.033,7670805.19924
2025-01-14 20:00:00,187.08,187.28,185.82,187.17,74390.876,2025-01-14 20:59:59.999,13883820.81087,55893,39063.984,7291312.10697
2025-01-14 21:00:00,187.17,187.93,186.69,187.26,56537.766,2025-01-14 21:59:59.999,10584929.63431,36282,32039.182,5998805.77785
2025-01-14 22:00:00,187.26,188.8,187.08,188.69,51600.143,2025-01-14 22:59:59.999,9689160.96131,23818,25760.368,4837602.70787
2025-01-14 23:00:00,188.69,188.81,187.38,187.57,48826.548,2025-01-14 23:59:59.999,9182954.38909,29840,23228.42,4369597.14176
2025-01-15 00:00:00,187.57,188.28,187.03,187.44,65925.215,2025-01-15 00:59:59.999,12369924.49108,51002,34101.056,6399390.33015
2025-01-15 01:00:00,187.44,188.89,187.11,188.15,116796.378,2025-01-15 01:59:59.999,21983295.43358,67158,61034.122,11487664.88288
2025-01-15 02:00:00,188.15,188.58,187.03,187.3,93717.92,2025-01-15 02:59:59.999,17594939.21424,65805,40918.034,7681416.82443
2025-01-15 03:00:00,187.31,189.74,187.25,189.73,82466.314,2025-01-15 03:59:59.999,15541235.69028,48374,43646.879,8226401.47667
2025-01-15 04:00:00,189.73,190.08,188.73,189.72,71675.845,2025-01-15 04:59:59.999,13584129.56193,49131,38876.396,7369683.70824
2025-01-15 05:00:00,189.73,189.8,188.35,189.63,68980.361,2025-01-15 05:59:59.999,13049292.76152,35739,35639.249,6743999.47461
2025-01-15 06:00:00,189.63,189.72,188.45,189.36,56751.197,2025-01-15 06:59:59.999,10726407.60405,30950,28933.474,5469305.59153
2025-01-15 07:00:00,189.36,190.77,189.32,190.0,88203.851,2025-01-15 07:59:59.999,16776138.64866,38759,45993.875,8748028.65101
2025-01-15 08:00:00,189.99,190.7,189.21,189.21,88887.956,2025-01-15 08:59:59.999,16898046.19107,39141,42916.807,8159873.60339
2025-01-15 09:00:00,189.21,189.53,186.44,186.64,123118.519,2025-01-15 09:59:59.999,23154178.27214,62821,51265.865,9643195.04143
2025-01-15 10:00:00,186.65,187.95,186.53,187.56,65921.604,2025-01-15 10:59:59.999,12347239.08452,35668,34521.194,6465978.5308
2025-01-15 11:00:00,187.56,187.67,185.84,186.98,128271.947,2025-01-15 11:59:59.999,23930337.98106,63334,58643.886,10943958.82762
2025-01-15 12:00:00,186.98,187.27,185.99,186.39,77816.599,2025-01-15 12:59:59.999,14516757.24552,48489,40173.79,7493341.48191
2025-01-15 13:00:00,186.39,195.75,186.33,195.73,580127.031,2025-01-15 13:59:59.999,111618792.64751,230949,310467.633,59708169.38902
2025-01-15 14:00:00,195.72,197.12,192.99,195.72,372937.555,2025-01-15 14:59:59.999,72665066.69956,198395,180715.692,35226538.06663
2025-01-15 15:00:00,195.73,198.03,195.67,196.52,264987.995,2025-01-15 15:59:59.999,52167933.67968,149953,142415.948,28044569.2907
2025-01-15 16:00:00,196.52,198.73,196.43,198.07,200390.525,2025-01-15 16:59:59.999,39589890.69958,99300,106297.112,21009684.89209
2025-01-15 17:00:00,198.08,199.34,197.6,197.71,169785.105,2025-01-15 17:59:59.999,33703682.2175,77093,96311.921,19124904.05908
2025-01-15 18:00:00,197.72,201.85,197.72,201.3,173463.909,2025-01-15 18:59:59.999,34682038.99123,73751,103302.03,20647359.57136
2025-01-15 19:00:00,201.29,202.35,200.23,201.9,161950.335,2025-01-15 19:59:59.999,32620906.24699,61047,81613.464,16444754.44182
2025-01-15 20:00:00,201.9,204.78,201.89,202.74,315446.988,2025-01-15 20:59:59.999,64216203.62451,128122,163176.645,33211551.19188
2025-01-15 21:00:00,202.75,203.84,202.46,202.82,132467.692,2025-01-15 21:59:59.999,26904724.56057,57812,76533.389,15543614.74143
2025-01-15 22:00:00,202.83,204.97,202.5,204.49,148759.684,2025-01-15 22:59:59.999,30277177.38677,50675,83840.716,17063330.2007
2025-01-15 23:00:00,204.5,206.04,203.87,205.86,119760.055,2025-01-15 23:59:59.999,24546705.89549,62163,68163.644,13971840.74955
2025-01-16 00:00:00,205.86,206.29,203.05,204.56,202917.746,2025-01-16 00:59:59.999,41512356.45031,120149,92454.435,18917763.38038
2025-01-16 01:00:00,204.57,205.34,203.16,204.09,97149.937,2025-01-16 01:59:59.999,19816658.82039,58396,46012.53,9386351.60326
2025-01-16 02:00:00,204.09,204.09,202.45,202.93,113988.988,2025-01-16 02:59:59.999,23138517.08005,58883,57416.337,11653988.37536
2025-01-16 03:00:00,202.92,203.24,201.36,201.99,108987.779,2025-01-16 03:59:59.999,22038523.45376,54168,52928.222,10703240.52951
2025-01-16 04:00:00,201.98,202.45,201.46,201.84,72199.629,2025-01-16 04:59:59.999,14572044.44123,32385,31165.516,6292025.02953
2025-01-16 05:00:00,201.84,203.2,201.59,203.01,69843.599,2025-01-16 05:59:59.999,14146034.48961,33448,34105.3,6908278.64938
2025-01-16 06:00:00,203.02,203.43,202.47,203.02,61611.646,2025-01-16 06:59:59.999,12502844.81444,32307,28011.574,5684841.80841
2025-01-16 07:00:00,203.02,203.5,202.61,203.14,50175.73,2025-01-16 07:59:59.999,10184815.07855,26306,28013.787,5686570.26989
2025-01-16 08:00:00,203.15,203.4,199.05,199.7,147176.997,2025-01-16 08:59:59.999,29568310.06234,79110,63300.561,12716521.29549
2025-01-16 09:00:00,199.7,201.47,198.47,201.27,131976.166,2025-01-16 09:59:59.999,26371377.95367,69693,73202.399,14635055.74849
2025-01-16 10:00:00,201.27,201.52,200.18,200.41,60771.606,2025-01-16 10:59:59.999,12207518.07461,33838,27778.948,5582620.87369
2025-01-16 11:00:00,200.42,212.98,199.75,212.78,737073.602,2025-01-16 11:59:59.999,152482421.81264,337820,441868.753,91476088.42423
2025-01-16 12:00:00,212.77,217.14,212.66,215.14,834879.979,2025-01-16 12:59:59.999,179453219.84007,331845,468151.048,100662655.81493
2025-01-16 13:00:00,215.15,215.53,208.39,209.88,532550.933,2025-01-16 13:59:59.999,112597240.85108,238695,254974.334,53914914.65758
2025-01-16 14:00:00,209.87,210.88,205.36,207.72,493451.701,2025-01-16 14:59:59.999,102638793.96096,249715,231290.833,48148157.88663
2025-01-16 15:00:00,207.72,209.87,206.36,209.07,382828.076,2025-01-16 15:59:59.999,79770424.56583,220423,203781.961,42459164.32141
2025-01-16 16:00:00,209.07,214.86,208.83,213.11,473334.658,2025-01-16 16:59:59.999,100624646.23039,200068,256531.473,54548981.81057
2025-01-16 17:00:00,213.1,215.44,212.38,214.47,279168.603,2025-01-16 17:59:59.999,59873912.13186,142063,166954.851,35818167.86414
2025-01-16 18:00:00,214.47,215.18,211.36,212.73,275340.189,2025-01-16 18:59:59.999,58726569.21385,103256,148064.241,31582090.91456
2025-01-16 19:00:00,212.72,214.24,212.2,214.19,109689.936,2025-01-16 19:59:59.999,23372583.55083,63213,68530.641,14605172.87871
2025-01-16 20:00:00,214.2,214.54,212.45,213.24,118874.433,2025-01-16 20:59:59.999,25391641.37142,81228,62277.711,13306831.22397
2025-01-16 21:00:00,213.24,213.3,211.37,211.61,119537.307,2025-01-16 21:59:59.999,25372969.7536,69403,58340.441,12383253.68244
2025-01-16 22:00:00,211.61,211.64,208.53,209.78,160290.316,2025-01-16 22:59:59.999,33677174.80932,69193,72786.678,15288661.09677
2025-01-16 23:00:00,209.78,211.53,209.71,211.14,76436.101,2025-01-16 23:59:59.999,16096961.02328,57122,40444.344,8517898.86794
2025-01-17 00:00:00,211.15,212.12,209.84,210.9,115104.865,2025-01-17 00:59:59.999,24266559.40817,71615,44566.943,9395692.84523
2025-01-17 01:00:00,210.9,215.35,210.84,214.49,201745.303,2025-01-17 01:59:59.999,43064106.02209,104282,113724.859,24273310.10662
2025-01-17 02:00:00,214.49,214.96,211.75,212.99,191452.257,2025-01-17 02:59:59.999,40933133.87634,97862,89563.358,19143984.69954
2025-01-17 03:00:00,213.0,213.06,210.98,211.1,84760.778,2025-01-17 03:59:59.999,17966540.57553,48919,37815.255,8014471.06943
2025-01-17 04:00:00,211.1,212.92,210.94,212.91,68856.801,2025-01-17 04:59:59.999,14594725.54779,42320,41027.126,8697832.89116
2025-01-17 05:00:00,212.9,213.25,211.87,212.51,78157.447,2025-01-17 05:59:59.999,16607144.75975,45344,42782.849,9091420.87256
2025-01-17 06:00:00,212.51,213.62,212.12,212.6,202556.489,2025-01-17 06:59:59.999,43132974.59961,59572,108547.16,23114372.63283
2025-01-17 07:00:00,212.59,213.83,212.3,213.27,70584.98,2025-01-17 07:59:59.999,15039204.69879,44775,36754.67,7832048.3231
2025-01-17 08:00:00,213.27,216.36,213.22,216.28,199575.603,2025-01-17 08:59:59.999,42894926.28566,101700,108792.385,23385847.43466
2025-01-17 09:00:00,216.28,216.83,214.93,215.34,179417.303,2025-01-17 09:59:59.999,38713003.00942,82532,91712.95,19793352.63072
2025-01-17 10:00:00,215.34,217.88,214.61,217.28,196396.759,2025-01-17 10:59:59.999,42532741.09357,105767,99711.963,21590165.96983
2025-01-17 11:00:00,217.29,219.7,216.55,218.77,266039.085,2025-01-17 11:59:59.999,58127254.54114,104139,152503.139,33314024.27733
2025-01-17 12:00:00,218.77,220.43,218.34,220.33,276918.233,2025-01-17 12:59:59.999,60786694.28464,119798,138785.952,30474095.54768
2025-01-17 13:00:00,220.33,222.11,219.65,219.99,337950.417,2025-01-17 13:59:59.999,74652499.58999,140181,162954.916,36010012.01746
2025-01-17 14:00:00,219.99,221.59,218.26,219.29,322164.567,2025-01-17 14:59:59.999,70794759.27792,206261,148459.436,32624253.09863
2025-01-17 15:00:00,219.28,220.67,216.39,218.6,305346.244,2025-01-17 15:59:59.999,66751722.0633,178374,150512.822,32901626.7202
2025-01-17 16:00:00,218.6,221.93,217.86,220.81,194585.167,2025-01-17 16:59:59.999,42924747.818,103133,90756.605,20013978.22681
2025-01-17 17:00:00,220.82,221.49,216.07,216.52,212857.028,2025-01-17 17:59:59.999,46463015.17182,104600,92868.983,20268068.23569
2025-01-17 18:00:00,216.51,217.33,215.66,216.5,99810.335,2025-01-17 18:59:59.999,21621715.8176,55716,52518.208,11379207.31197
2025-01-17 19:00:00,216.5,218.0,216.16,217.16,136723.427,2025-01-17 19:59:59.999,29696184.255,58541,77497.484,16835420.51282
2025-01-17 20:00:00,217.17,221.22,216.46,220.33,258919.408,2025-01-17 20:59:59.999,56754968.96291,101293,133909.99,29359211.6377
2025-01-17 21:00:00,220.33,220.48,216.75,218.47,186236.982,2025-01-17 21:59:59.999,40650973.37943,91751,88880.393,19395893.94127
2025-01-17 22:00:00,218.47,220.6,218.38,219.23,117116.508,2025-01-17 22:59:59.999,25704995.88003,62736,61784.938,13559855.89792
2025-01-17 23:00:00,219.22,220.85,218.75,219.51,81196.852,2025-01-17 23:59:59.999,17851680.38212,55452,39002.003,8574561.54844
2025-01-18 00:00:00,219.52,221.15,219.12,219.95,97498.556,2025-01-18 00:59:59.999,21456165.6383,68452,48021.078,10570545.26497
2025-01-18 01:00:00,219.95,220.0,217.77,218.82,80715.275,2025-01-18 01:59:59.999,17651039.48746,43194,35699.095,7807545.70513
2025-01-18 02:00:00,218.83,222.09,217.29,222.04,282209.393,2025-01-18 02:59:59.999,62003428.83922,102366,191380.589,42067186.26991
2025-01-18 03:00:00,222.04,228.8,219.31,220.47,1317354.554,2025-01-18 03:59:59.999,295568990.15834,541118,717815.767,160998302.26836
2025-01-18 04:00:00,220.47,230.31,219.85,228.46,1315672.057,2025-01-18 04:59:59.999,297672259.36656,559268,736407.687,166624105.92252
2025-01-18 05:00:00,228.46,232.03,225.48,226.18,1116883.81,2025-01-18 05:59:59.999,255604871.82466,494382,563673.363,129036715.13096
2025-01-18 06:00:00,226.15,238.15,226.07,236.29,1361698.466,2025-01-18 06:59:59.999,319367036.03293,570970,680489.157,159534963.21339
2025-01-18 07:00:00,236.28,237.21,232.0,232.89,665097.0,2025-01-18 07:59:59.999,155667305.8882,331117,331092.016,77506354.79334
2025-01-18 08:00:00,232.89,240.44,230.75,238.79,858252.299,2025-01-18 08:59:59.999,203082777.41131,450283,449152.92,106387559.88897
2025-01-18 09:00:00,238.79,241.86,236.21,238.16,729451.65,2025-01-18 09:59:59.999,174341681.95886,342319,372069.331,88990240.21476
2025-01-18 10:00:00,238.16,245.0,237.85,243.17,1119592.434,2025-01-18 10:59:59.999,270914496.78722,515841,587646.721,142273189.07856
2025-01-18 11:00:00,243.17,244.35,237.78,238.95,623917.309,2025-01-18 11:59:59.999,150023438.95224,314325,297287.453,71481042.44845
2025-01-18 12:00:00,238.95,244.55,238.91,243.4,531689.399,2025-01-18 12:59:59.999,128865865.21135,228679,274336.368,66516223.58154
2025-01-18 13:00:00,243.4,243.95,239.16,240.27,577812.728,2025-01-18 13:59:59.999,139274298.98504,226225,287409.29,69270825.77544
2025-01-18 14:00:00,240.27,243.99,239.88,242.85,535817.772,2025-01-18 14:59:59.999,129747203.95503,269107,280585.624,67959057.93533
2025-01-18 15:00:00,242.85,260.0,240.84,257.75,1547206.257,2025-01-18 15:59:59.999,389026065.42548,692013,863092.711,216854695.27071
2025-01-18 16:00:00,257.75,270.67,242.51,242.65,3019664.954,2025-01-18 16:59:59.999,774224832.4887501,1407163,1527558.354,392202175.29365
2025-01-18 17:00:00,242.65,255.0,242.53,252.1,1204758.362,2025-01-18 17:59:59.999,302014044.69146,735935,637881.711,159905622.65205
2025-01-18 18:00:00,252.11,257.98,252.04,254.52,732149.814,2025-01-18 18:59:59.999,186687411.34162,453253,378192.121,96448536.92046
2025-01-18 19:00:00,254.51,259.34,253.74,255.35,511696.871,2025-01-18 19:59:59.999,131273281.99359,302280,260716.194,66886329.61679
2025-01-18 20:00:00,255.35,257.56,247.22,248.44,560972.432,2025-01-18 20:59:59.999,141777909.2731,309602,271425.682,68597924.68194
2025-01-18 21:00:00,248.43,254.61,247.58,252.59,336600.042,2025-01-18 21:59:59.999,84498886.46834,231780,181826.645,45634496.90829
2025-01-18 22:00:00,252.59,256.77,251.94,254.43,262706.391,2025-01-18 22:59:59.999,66889493.42339,143713,135999.04,34636396.85711
2025-01-18 23:00:00,254.43,264.68,254.28,261.97,582563.755,2025-01-18 23:59:59.999,151847705.04953,378797,319027.742,83124942.66817
2025-01-19 00:00:00,261.97,265.0,256.33,256.6,578599.851,2025-01-19 00:59:59.999,151149543.97513,458447,294322.425,76949412.46397
2025-01-19 01:00:00,256.6,257.67,253.15,255.56,454192.61,2025-01-19 01:59:59.999,115944362.05429,303098,217086.953,55435440.70491
2025-01-19 02:00:00,255.57,259.08,253.5,254.37,309657.411,2025-01-19 02:59:59.999,79544807.40923,216977,141916.734,36467403.7569
2025-01-19 03:00:00,254.36,258.88,252.08,255.6,360171.297,2025-01-19 03:59:59.999,91896369.88332,265246,191962.803,48966577.73409
2025-01-19 04:00:00,255.6,275.0,254.17,273.69,1863463.803,2025-01-19 04:59:59.999,497732550.76699,1154036,1061177.382,283508184.83548
2025-01-19 05:00:00,273.68,274.3,265.0,266.38,921652.488,2025-01-19 05:59:59.999,248801391.21624,693424,465285.143,125652003.45938
2025-01-19 06:00:00,266.37,274.9,265.88,274.68,621521.084,2025-01-19 06:59:59.999,168177246.15079,511768,323250.088,87467907.48711
2025-01-19 07:00:00,274.68,277.99,271.2,271.53,1013056.417,2025-01-19 07:59:59.999,278137622.52836,663510,518206.805,142337549.04083
2025-01-19 08:00:00,271.52,275.47,268.44,274.5,1060093.387,2025-01-19 08:59:59.999,288126780.15959,686602,551975.46,149986064.27737
2025-01-19 09:00:00,274.51,279.23,266.28,274.0,1911878.915,2025-01-19 09:59:59.999,523869737.8884,1207232,922899.067,253089472.29622
2025-01-19 10:00:00,274.01,289.75,272.75,284.44,1691774.662,2025-01-19 10:59:59.999,476916647.57387,947089,938556.546,264547620.67885
2025-01-19 11:00:00,284.44,295.83,284.2,286.24,1557994.126,2025-01-19 11:59:59.999,454071839.66172,1059970,823430.913,240068928.35357
2025-01-19 12:00:00,286.23,289.72,275.22,277.34,1253497.316,2025-01-19 12:59:59.999,352581860.15845,921040,584204.683,164326313.74062
2025-01-19 13:00:00,277.35,288.25,276.73,282.82,747562.89,2025-01-19 13:59:59.999,212083216.25478,608004,369781.73,104922704.65511
2025-01-19 14:00:00,282.81,285.64,267.38,270.62,1442406.362,2025-01-19 14:59:59.999,394831791.4335,1017933,668379.649,182991755.58224
2025-01-19 15:00:00,270.62,272.98,262.95,270.58,881203.717,2025-01-19 15:59:59.999,236584352.09563,546912,425573.047,114349167.84484
2025-01-19 16:00:00,270.58,271.26,264.04,268.93,455339.277,2025-01-19 16:59:59.999,121744705.13932,271273,212053.624,56709840.14957
2025-01-19 17:00:00,268.94,271.57,264.23,271.36,355241.406,2025-01-19 17:59:59.999,95188378.14077,318507,181008.131,48521588.50992
2025-01-19 18:00:00,271.35,275.41,270.33,272.21,461535.753,2025-01-19 18:59:59.999,126095980.04232,359724,243512.397,66535614.25452
2025-01-19 19:00:00,272.21,272.98,268.0,269.5,311765.855,2025-01-19 19:59:59.999,84294889.89696,232540,136820.97,37017434.28155
2025-01-19 20:00:00,269.5,277.78,268.86,277.65,403723.421,2025-01-19 20:59:59.999,110791854.37409,356542,203395.24,55821779.9855
2025-01-19 21:00:00,277.64,278.43,252.27,255.2,2123169.616,2025-01-19 21:59:59.999,563960525.60879,1243942,977418.643,259756454.9354
2025-01-19 22:00:00,255.21,259.39,240.0,252.93,2237896.768,2025-01-19 22:59:59.999,560904216.85573,1311835,1074963.084,269555374.01636
2025-01-19 23:00:00,252.94,254.73,236.68,252.42,2034269.168,2025-01-19 23:59:59.999,500527962.71304,1373265,1026788.961,252689255.60296
2025-01-20 00:00:00,252.4,252.76,235.31,236.06,1929464.794,2025-01-20 00:59:59.999,472596245.62386,1278170,988748.872,242268263.58177
2025-01-20 01:00:00,236.06,247.38,235.61,241.95,1130985.284,2025-01-20 01:59:59.999,274028078.29374,1148991,575727.059,139499461.54693
2025-01-20 02:00:00,241.95,247.84,230.01,232.04,1129230.769,2025-01-20 02:59:59.999,270366379.53091,780472,578682.128,138582039.71114
2025-01-20 03:00:00,232.02,243.74,229.44,241.38,753923.712,2025-01-20 03:59:59.999,179302857.87119,568373,409011.886,97305531.38369
2025-01-20 04:00:00,241.38,246.54,239.0,243.67,474716.813,2025-01-20 04:59:59.999,115039152.46421,410752,242079.624,58681021.5097
2025-01-20 05:00:00,243.66,248.68,243.37,244.77,629547.049,2025-01-20 05:59:59.999,154924061.90485,456458,353065.101,86896611.98194
2025-01-20 06:00:00,244.78,259.99,242.47,257.84,937398.298,2025-01-20 06:59:59.999,236176803.17837,626589,521812.193,131378086.89783
2025-01-20 07:00:00,257.83,264.3,255.44,261.9,1228648.356,2025-01-20 07:59:59.999,319025710.94175,942238,605759.147,157316248.46783
2025-01-20 08:00:00,261.91,269.99,258.83,269.49,649946.64,2025-01-20 08:59:59.999,172185294.03239,548254,315337.24,83543148.68163
2025-01-20 09:00:00,269.49,273.29,261.79,262.79,771778.824,2025-01-20 09:59:59.999,206078066.80731,568042,363630.346,97161080.92141
2025-01-20 10:00:00,262.78,266.33,258.61,259.27,448304.376,2025-01-20 10:59:59.999,117801481.18258,384487,226692.563,59632004.50903
2025-01-20 11:00:00,259.28,260.74,256.64,260.6,435867.585,2025-01-20 11:59:59.999,112885792.2923,309791,220111.159,57010351.07373
2025-01-20 12:00:00,260.6,261.74,249.91,253.35,754316.33,2025-01-20 12:59:59.999,192033185.36716,652552,338429.742,86191814.90336
2025-01-20 13:00:00,253.35,257.82,251.0,256.21,423259.919,2025-01-20 13:59:59.999,107619523.74323,463494,211202.16,53714732.71121
2025-01-20 14:00:00,256.2,259.21,254.31,257.39,328700.599,2025-01-20 14:59:59.999,84313113.13479,356559,169774.094,43545706.21377
2025-01-20 15:00:00,257.39,259.2,253.31,254.06,491520.137,2025-01-20 15:59:59.999,125795352.5983,488102,231692.986,59319087.66493
2025-01-20 16:00:00,254.07,256.77,247.07,256.48,674767.237,2025-01-20 16:59:59.999,169855002.60276,557350,300838.822,75723481.51062
2025-01-20 17:00:00,256.48,256.72,232.07,243.85,1613068.538,2025-01-20 17:59:59.999,394175852.68805,1126234,733900.853,179409099.99268
2025-01-20 18:00:00,243.86,250.64,242.11,249.27,645306.467,2025-01-20 18:59:59.999,159077617.36725,519573,354952.42,87581609.09751
2025-01-20 19:00:00,249.27,249.67,244.6,246.26,335328.471,2025-01-20 19:59:59.999,82741426.60977,316921,159782.438,39423385.61916
2025-01-20 20:00:00,246.27,249.16,244.79,245.35,257506.221,2025-01-20 20:59:59.999,63577663.92967,239359,120326.513,29709128.88762
2025-01-20 21:00:00,245.34,250.51,245.07,246.3,249387.701,2025-01-20 21:59:59.999,61842670.66923,216707,113979.557,28265954.32393
2025-01-20 22:00:00,246.3,250.99,242.83,250.1,291420.858,2025-01-20 22:59:59.999,71665747.07531,204612,137286.116,33777624.70065
2025-01-20 23:00:00,250.11,250.34,241.51,242.19,295180.583,2025-01-20 23:59:59.999,72634143.06265,247764,142897.805,35146291.18046
2025-01-21 00:00:00,242.18,245.21,235.02,235.32,474527.218,2025-01-21 00:59:59.999,113660821.70493,515944,208157.478,49867695.23489
2025-01-21 01:00:00,235.31,240.1,232.1,234.34,513655.199,2025-01-21 01:59:59.999,121036558.57991,472324,230885.919,54425010.63679
2025-01-21 02:00:00,234.34,240.27,232.22,240.06,513901.145,2025-01-21 02:59:59.999,121460539.09534,470879,245340.154,57984008.54034
2025-01-21 03:00:00,240.06,241.33,236.12,237.86,302583.131,2025-01-21 03:59:59.999,72229052.41504,275992,156516.181,37366972.66172
2025-01-21 04:00:00,237.87,238.96,231.72,238.55,344129.142,2025-01-21 04:59:59.999,80891470.94947,269908,161364.664,37938899.85522
2025-01-21 05:00:00,238.54,239.15,232.21,232.46,313784.765,2025-01-21 05:59:59.999,73899587.75637,218120,143356.055,33756824.12002
2025-01-21 06:00:00,232.46,237.75,230.0,237.08,399811.281,2025-01-21 06:59:59.999,93624362.54683,283571,188103.871,44128042.49035
2025-01-21 07:00:00,237.08,238.0,234.47,236.84,253325.195,2025-01-21 07:59:59.999,59896568.11488,201424,130404.47,30836198.81667
2025-01-21 08:00:00,236.83,239.89,235.59,239.38,335514.754,2025-01-21 08:59:59.999,79849651.72739,267312,174141.702,41430493.54094
2025-01-21 09:00:00,239.38,240.94,236.0,238.51,261263.448,2025-01-21 09:59:59.999,62286260.98424,230936,147119.604,35075091.80279
2025-01-21 10:00:00,238.51,242.15,237.24,239.54,319718.883,2025-01-21 10:59:59.999,76578563.07841,241482,149784.542,35891392.39936
2025-01-21 11:00:00,239.55,241.53,237.01,239.44,250126.88,2025-01-21 11:59:59.999,59911564.44951,222607,118013.843,28274886.46086
2025-01-21 12:00:00,239.44,242.78,236.6,240.94,277695.662,2025-01-21 12:59:59.999,66763329.27977,214810,129048.168,31040190.51216
2025-01-21 13:00:00,240.94,244.35,239.4,241.34,276025.881,2025-01-21 13:59:59.999,66723181.47609,219802,142803.978,34513016.17857
2025-01-21 14:00:00,241.35,244.84,237.78,239.15,412166.542,2025-01-21 14:59:59.999,99312315.35395,319572,200410.318,48308889.66338
2025-01-21 15:00:00,239.15,241.54,235.77,240.92,280371.809,2025-01-21 15:59:59.999,66832994.33112,279676,128373.362,30615881.34791
2025-01-21 16:00:00,240.92,248.48,239.79,243.82,399075.113,2025-01-21 16:59:59.999,97891972.71551,280295,201187.197,49350672.01443
2025-01-21 17:00:00,243.83,249.73,243.51,249.12,199102.821,2025-01-21 17:59:59.999,49098385.72842,150984,108857.63,26841802.04054
2025-01-21 18:00:00,249.12,259.95,248.39,259.43,506304.467,2025-01-21 18:59:59.999,128776366.80598,273576,238913.728,60771664.92911
2025-01-21 19:00:00,259.42,260.06,252.04,253.41,402254.296,2025-01-21 19:59:59.999,102830538.88402,220402,203116.081,51915676.94238
2025-01-21 20:00:00,253.41,255.99,251.68,253.37,206048.978,2025-01-21 20:59:59.999,52348801.82487,156427,95157.799,24179354.9486
2025-01-21 21:00:00,253.38,255.11,251.57,253.76,176905.645,2025-01-21 21:59:59.999,44855751.63047,118028,86529.203,21947371.47483
2025-01-21 22:00:00,253.76,254.49,249.1,249.38,163223.319,2025-01-21 22:59:59.999,41286265.3919,97376,74144.507,18762580.89189
2025-01-21 23:00:00,249.38,250.7,246.69,250.33,301221.683,2025-01-21 23:59:59.999,75021471.95334,180062,151855.416,37824931.63279
2025-01-22 00:00:00,250.33,253.32,248.43,252.71,191194.138,2025-01-22 00:59:59.999,47943644.06091,164854,99039.664,24849668.99383
2025-01-22 01:00:00,252.71,253.87,250.8,252.12,172489.522,2025-01-22 01:59:59.999,43534125.77059,119850,92341.263,23311109.49127
2025-01-22 02:00:00,252.12,252.83,250.39,252.25,114324.528,2025-01-22 02:59:59.999,28767147.94319,72150,57771.879,14541533.69983
2025-01-22 03:00:00,252.24,256.97,252.03,254.11,249087.867,2025-01-22 03:59:59.999,63499224.8548,147425,139128.378,35469408.67623
2025-01-22 04:00:00,254.11,256.1,252.4,255.62,213905.59,2025-01-22 04:59:59.999,54384182.812,102269,94820.671,24120809.51863
2025-01-22 05:00:00,255.62,257.93,255.09,256.04,174513.692,2025-01-22 05:59:59.999,44796401.47195,133140,88556.789,22727723.75727
2025-01-22 06:00:00,256.04,257.64,253.92,256.51,225354.559,2025-01-22 06:59:59.999,57644297.61146,147267,98065.875,25105992.27333
2025-01-22 07:00:00,256.5,259.78,255.31,258.51,172643.461,2025-01-22 07:59:59.999,44576284.60041,143770,90272.065,23313147.66848
2025-01-22 08:00:00,258.51,258.94,252.48,255.28,248052.465,2025-01-22 08:59:59.999,63204268.69516,187961,117580.9,29948547.36817
2025-01-22 09:00:00,255.27,255.83,253.19,253.75,134493.986,2025-01-22 09:59:59.999,34248040.40912,100074,70739.019,18019208.85245
2025-01-22 10:00:00,253.75,254.99,252.22,254.94,92190.948,2025-01-22 10:59:59.999,23388110.98107,94317,45003.258,11419876.15224
2025-01-22 11:00:00,254.93,258.75,254.75,257.76,138900.876,2025-01-22 11:59:59.999,35701057.71991,126079,75686.615,19449106.82291
2025-01-22 12:00:00,257.75,259.25,256.41,259.09,144048.573,2025-01-22 12:59:59.999,37155956.07314,124563,71579.066,18473526.66186
2025-01-22 13:00:00,259.08,264.98,257.33,260.32,631546.066,2025-01-22 13:59:59.999,165191084.19334,426689,357623.139,93568837.72317
2025-01-22 14:00:00,260.33,262.63,255.2,256.09,394229.157,2025-01-22 14:59:59.999,102097023.5502,359345,196896.78,51009475.5771
2025-01-22 15:00:00,256.09,258.56,254.48,257.3,298673.099,2025-01-22 15:59:59.999,76569345.09236,289479,139502.45,35768514.21836
2025-01-22 16:00:00,257.31,258.05,253.92,257.28,287417.664,2025-01-22 16:59:59.999,73565535.5529,245135,110823.808,28382789.44884
2025-01-22 17:00:00,257.29,260.54,256.2,259.27,176528.723,2025-01-22 17:59:59.999,45670634.84307,152382,78793.574,20399153.46035
2025-01-22 18:00:00,259.26,260.2,253.22,253.87,165905.488,2025-01-22 18:59:59.999,42563700.50025,153973,72234.874,18550692.34421
2025-01-22 19:00:00,253.87,266.31,253.62,265.29,493643.917,2025-01-22 19:59:59.999,129095204.64745,377739,263391.301,68946587.3499
2025-01-22 20:00:00,265.29,272.03,264.34,268.14,693359.792,2025-01-22 20:59:59.999,186326475.14552,492127,364363.114,97945124.95551
2025-01-22 21:00:00,268.13,268.93,262.31,262.45,359947.121,2025-01-22 21:59:59.999,95586657.83643,273199,167300.148,44446351.24424
2025-01-22 22:00:00,262.45,264.7,259.91,260.08,172392.023,2025-01-22 22:59:59.999,45278915.76258,131895,85779.263,22545481.07578
2025-01-22 23:00:00,260.07,260.47,255.64,257.36,278584.361,2025-01-22 23:59:59.999,71675206.55088,225539,126537.715,32559638.1494
2025-01-23 00:00:00,257.37,258.48,254.02,255.2,199779.278,2025-01-23 00:59:59.999,51192723.29531,160652,100568.181,25793315.6472
2025-01-23 01:00:00,255.21,256.9,252.41,253.18,158381.32,2025-01-23 01:59:59.999,40346010.08066,126781,69336.491,17681733.93631
2025-01-23 02:00:00,253.18,253.78,246.38,248.75,462059.81,2025-01-23 02:59:59.999,115035303.90892,257777,216193.256,53784408.01986
2025-01-23 03:00:00,248.75,251.31,247.73,248.85,182234.796,2025-01-23 03:59:59.999,45509277.31066,123324,99506.282,24855400.10809
2025-01-23 04:00:00,248.84,249.43,245.02,246.58,179226.264,2025-01-23 04:59:59.999,44241129.63247,142564,86689.118,21407070.37905
2025-01-23 05:00:00,246.58,250.19,246.51,249.33,184117.6,2025-01-23 05:59:59.999,45825357.21285,121828,97570.474,24292616.06926
2025-01-23 06:00:00,249.33,250.71,247.51,247.57,166218.854,2025-01-23 06:59:59.999,41445875.03009,108044,92376.069,23043444.82284
2025-01-23 07:00:00,247.57,250.0,246.31,249.53,134106.437,2025-01-23 07:59:59.999,33302399.02775,112492,71408.571,17736521.08268
2025-01-23 08:00:00,249.52,249.92,245.73,246.21,124273.114,2025-01-23 08:59:59.999,30789915.51795,115474,57568.77,14270808.88653
2025-01-23 09:00:00,246.21,248.57,245.74,247.08,138184.106,2025-01-23 09:59:59.999,34189792.72651,135027,72977.965,18057803.85247
2025-01-23 10:00:00,247.08,248.2,242.33,243.91,239889.287,2025-01-23 10:59:59.999,58740853.58286,171205,104401.232,25578657.04902
2025-01-23 11:00:00,243.91,245.26,242.9,244.19,152322.73,2025-01-23 11:59:59.999,37209996.41913,134683,84762.133,20711436.2733
2025-01-23 12:00:00,244.19,245.69,242.51,243.06,155182.564,2025-01-23 12:59:59.999,37832563.10043,163108,78219.253,19069384.68711
2025-01-23 13:00:00,243.06,247.71,242.19,246.78,235347.344,2025-01-23 13:59:59.999,57729913.6611,221861,121165.292,29736337.63955
2025-01-23 14:00:00,246.79,254.76,244.94,251.42,593525.319,2025-01-23 14:59:59.999,148737225.48176,409795,322057.008,80680345.69016
2025-01-23 15:00:00,251.43,252.81,244.58,249.39,667143.886,2025-01-23 15:59:59.999,165525987.48725,560257,328535.858,81522416.00025
2025-01-23 16:00:00,249.4,256.32,249.14,250.26,481315.694,2025-01-23 16:59:59.999,121694988.58919,404540,217805.674,55095895.24301
2025-01-23 17:00:00,250.25,253.35,247.66,252.25,201751.014,2025-01-23 17:59:59.999,50562941.64378,207949,95067.993,23845290.80105
2025-01-23 18:00:00,252.25,253.19,250.24,250.65,144857.903,2025-01-23 18:59:59.999,36453855.15852,146101,66714.003,16791843.06543
2025-01-23 19:00:00,250.66,250.66,245.27,246.84,157785.276,2025-01-23 19:59:59.999,39091777.13237,190338,70104.383,17364832.07284
2025-01-23 20:00:00,246.84,258.38,245.91,250.79,842220.881,2025-01-23 20:59:59.999,213168447.71471,711468,420328.255,106383182.83148
2025-01-23 21:00:00,250.78,251.58,243.62,245.9,418236.837,2025-01-23 21:59:59.999,103267579.86067,382392,213286.94,52664865.42572
2025-01-23 22:00:00,245.91,251.94,245.47,251.62,403339.944,2025-01-23 22:59:59.999,100529267.76387,241099,180752.966,45039444.26139
2025-01-23 23:00:00,251.62,255.0,250.54,253.11,181262.465,2025-01-23 23:59:59.999,45906078.94101,186606,86871.268,22001466.73535
2025-01-24 00:00:00,253.12,256.46,252.27,252.73,215516.895,2025-01-24 00:59:59.999,54872575.43282,194098,107457.218,27367284.84991
2025-01-24 01:00:00,252.74,253.05,248.93,250.08,183568.492,2025-01-24 01:59:59.999,46121270.46032,192535,80332.578,20182591.6125
2025-01-24 02:00:00,250.07,251.08,247.5,248.68,201003.596,2025-01-24 02:59:59.999,50084650.05614,173453,102375.473,25506886.63711
2025-01-24 03:00:00,248.69,253.59,247.18,252.23,223274.875,2025-01-24 03:59:59.999,56034042.23223,255176,126233.011,31683811.01902
2025-01-24 04:00:00,252.23,255.39,250.6,255.31,140278.685,2025-01-24 04:59:59.999,35492718.39852,172311,75286.156,19053078.14897
2025-01-24 05:00:00,255.3,261.39,254.55,261.31,395530.15,2025-01-24 05:59:59.999,102427082.73352,267916,226125.256,58549555.45036
2025-01-24 06:00:00,261.31,264.18,259.75,263.61,341278.602,2025-01-24 06:59:59.999,89282158.42758,237492,180486.228,47225233.14855
2025-01-24 07:00:00,263.62,264.44,259.58,259.7,222064.828,2025-01-24 07:59:59.999,58116939.99509,187117,103241.657,27028019.99985
2025-01-24 08:00:00,259.7,265.18,259.68,264.29,207649.426,2025-01-24 08:59:59.999,54702702.50495,164705,126488.895,33320600.7464
2025-01-24 09:00:00,264.29,265.3,262.85,263.82,164920.5,2025-01-24 09:59:59.999,43533730.98713,136032,97331.136,25698192.60235
2025-01-24 10:00:00,263.82,266.79,262.6,264.17,357467.11,2025-01-24 10:59:59.999,94514314.52526,212606,195558.429,51704022.42198
2025-01-24 11:00:00,264.18,267.34,264.09,266.82,164729.474,2025-01-24 11:59:59.999,43766362.01831,130529,82396.384,21899606.89491
2025-01-24 12:00:00,266.83,267.7,264.27,265.31,168365.303,2025-01-24 12:59:59.999,44737062.00596,126796,75962.466,20179413.70837
2025-01-24 13:00:00,265.3,267.0,263.63,266.88,177037.277,2025-01-24 13:59:59.999,47003406.03894,147319,87415.677,23214593.51396
2025-01-24 14:00:00,266.88,270.18,266.08,268.17,335023.806,2025-01-24 14:59:59.999,89941925.76537,274597,185820.962,49902437.40112
2025-01-24 15:00:00,268.18,269.0,260.84,262.28,348131.562,2025-01-24 15:59:59.999,91980545.26103,318918,154262.934,40781627.71179
2025-01-24 16:00:00,262.28,264.82,261.8,261.9,164551.105,2025-01-24 16:59:59.999,43346009.24639,179445,78310.753,20626779.33519
2025-01-24 17:00:00,261.91,264.93,261.37,264.53,114697.072,2025-01-24 17:59:59.999,30217665.66067,143388,61279.789,16148483.28247
2025-01-24 18:00:00,264.52,265.49,262.46,262.82,110242.681,2025-01-24 18:59:59.999,29105182.33116,127085,53262.101,14066049.88351
2025-01-24 19:00:00,262.81,263.53,260.45,262.06,126578.396,2025-01-24 19:59:59.999,33139165.62932,108381,59422.61,15558333.06702
2025-01-24 20:00:00,262.06,262.39,257.0,257.33,240781.276,2025-01-24 20:59:59.999,62390119.05548,181011,106497.642,27588095.19649
2025-01-24 21:00:00,257.34,261.43,256.33,257.61,339532.337,2025-01-24 21:59:59.999,87740241.78576,241732,169962.26,43923032.9928
2025-01-24 22:00:00,257.6,257.83,254.24,254.52,153562.137,2025-01-24 22:59:59.999,39324243.51492,107665,66497.46,17033492.9677
2025-01-24 23:00:00,254.52,255.21,252.74,253.37,118508.984,2025-01-24 23:59:59.999,30063033.01079,121985,57828.639,14671069.20294
2025-01-25 00:00:00,253.36,253.71,248.24,248.25,303093.675,2025-01-25 00:59:59.999,75823268.07022,183502,148158.036,37037976.71362
2025-01-25 01:00:00,248.25,253.08,248.08,251.86,221005.596,2025-01-25 01:59:59.999,55505603.2245,138497,115786.934,29067909.78215
2025-01-25 02:00:00,251.87,252.7,249.72,250.37,123512.929,2025-01-25 02:59:59.999,30988584.68864,95962,51466.142,12916495.99464
2025-01-25 03:00:00,250.36,253.0,249.6,252.74,131847.856,2025-01-25 03:59:59.999,33120339.65142,95560,79314.144,19932851.10871
2025-01-25 04:00:00,252.73,252.74,250.25,250.35,97171.178,2025-01-25 04:59:59.999,24424413.64348,73380,49565.659,12459823.73614
2025-01-25 05:00:00,250.35,250.8,248.22,248.74,188822.425,2025-01-25 05:59:59.999,47104020.27194,137403,98109.507,24475903.88804
2025-01-25 06:00:00,248.75,249.64,246.49,247.26,207408.401,2025-01-25 06:59:59.999,51359814.41112,153481,92165.837,22818936.29896
2025-01-25 07:00:00,247.25,247.65,246.55,247.28,160786.149,2025-01-25 07:59:59.999,39724460.5059,88267,87463.294,21607491.57239
2025-01-25 08:00:00,247.27,249.74,247.02,249.12,170404.822,2025-01-25 08:59:59.999,42426204.5409,103416,78642.963,19576348.68808
2025-01-25 09:00:00,249.12,249.47,247.32,247.92,111502.985,2025-01-25 09:59:59.999,27696249.50159,94753,45900.795,11405599.8998
2025-01-25 10:00:00,247.92,248.89,246.33,248.74,152692.09,2025-01-25 10:59:59.999,37796667.62096,123257,64479.16,15965673.75951
2025-01-25 11:00:00,248.74,250.78,247.56,249.97,123670.913,2025-01-25 11:59:59.999,30814640.82719,94773,66542.105,16582429.41969
2025-01-25 12:00:00,249.97,249.97,248.25,249.73,116287.062,2025-01-25 12:59:59.999,28960895.71346,96170,50249.639,12513239.35055
2025-01-25 13:00:00,249.73,250.96,249.33,250.35,101928.75,2025-01-25 13:59:59.999,25508417.23442,82022,61075.191,15286029.15139
2025-01-25 14:00:00,250.34,251.43,249.1,251.02,104341.562,2025-01-25 14:59:59.999,26113734.08526,90114,55159.422,13808074.15476
2025-01-25 15:00:00,251.02,254.7,250.93,253.68,218303.193,2025-01-25 15:59:59.999,55251685.88246,150124,120624.615,30523670.22363
2025-01-25 16:00:00,253.68,256.57,253.08,255.85,205346.481,2025-01-25 16:59:59.999,52389395.79318,167181,100427.027,25620010.82923
2025-01-25 17:00:00,255.84,258.15,253.17,257.88,234827.53,2025-01-25 17:59:59.999,60051847.36766,169306,111818.028,28600030.32488
2025-01-25 18:00:00,257.88,260.78,257.8,258.6,205541.989,2025-01-25 18:59:59.999,53273602.48137,150407,102741.781,26636912.38435
2025-01-25 19:00:00,258.61,259.87,257.37,258.5,125234.307,2025-01-25 19:59:59.999,32391453.06041,106289,59131.176,15295875.00078
2025-01-25 20:00:00,258.49,259.52,257.08,257.98,111999.98,2025-01-25 20:59:59.999,28919954.56882,96045,54622.945,14108495.42696
2025-01-25 21:00:00,257.98,259.24,257.16,258.21,98159.3,2025-01-25 21:59:59.999,25346735.38779,103300,47812.531,12347192.47397
2025-01-25 22:00:00,258.21,259.31,257.8,259.02,72955.849,2025-01-25 22:59:59.999,18871299.02676,60722,31163.706,8061885.74379
2025-01-25 23:00:00,259.01,259.75,255.59,256.41,117144.279,2025-01-25 23:59:59.999,30188730.65958,113561,52741.614,13592961.68989
2025-01-26 00:00:00,256.4,257.39,255.0,256.05,127924.247,2025-01-26 00:59:59.999,32762659.00683,110663,62731.457,16068564.66276
2025-01-26 01:00:00,256.05,257.0,254.57,254.93,105021.313,2025-01-26 01:59:59.999,26872188.11517,88905,53590.479,13715970.46168
2025-01-26 02:00:00,254.92,255.56,253.58,255.44,85267.956,2025-01-26 02:59:59.999,21696167.993,80676,47424.541,12067924.81176
2025-01-26 03:00:00,255.43,259.96,255.43,258.42,177775.698,2025-01-26 03:59:59.999,45829615.08553,109919,95998.48,24741314.83715
2025-01-26 04:00:00,258.43,260.16,257.85,258.73,114864.031,2025-01-26 04:59:59.999,29776803.43274,92899,60477.049,15679063.72451
2025-01-26 05:00:00,258.74,259.16,257.36,257.75,98096.914,2025-01-26 05:59:59.999,25321509.35443,77191,44177.366,11402044.8351
2025-01-26 06:00:00,257.75,259.21,257.36,258.22,49992.363,2025-01-26 06:59:59.999,12917543.01384,65231,28723.662,7422521.07943
2025-01-26 07:00:00,258.22,259.97,258.21,258.95,66366.847,2025-01-26 07:59:59.999,17191596.42655,54937,40728.695,10551289.45883
2025-01-26 08:00:00,258.95,258.95,255.8,256.45,95409.831,2025-01-26 08:59:59.999,24538308.80325,81995,49239.988,12660510.42957
2025-01-26 09:00:00,256.45,256.54,254.07,254.9,101080.84,2025-01-26 09:59:59.999,25797543.00926,90584,43587.651,11125445.82493
2025-01-26 10:00:00,254.89,255.75,252.79,253.69,111663.42,2025-01-26 10:59:59.999,28355938.23213,90260,53603.74,13610553.60558
2025-01-26 11:00:00,253.69,255.77,253.23,255.59,90606.492,2025-01-26 11:59:59.999,23074652.86293,74980,48887.875,12450809.51204
2025-01-26 12:00:00,255.58,256.99,254.3,256.98,139595.239,2025-01-26 12:59:59.999,35639369.25074,116340,68391.379,17468419.15273
2025-01-26 13:00:00,256.98,257.55,254.7,255.23,104549.229,2025-01-26 13:59:59.999,26763907.88902,115922,45824.05,11732006.07381
2025-01-26 14:00:00,255.22,255.5,253.32,255.07,91399.278,2025-01-26 14:59:59.999,23258902.37687,85920,45192.659,11497213.18468
2025-01-26 15:00:00,255.07,256.19,254.41,254.58,75437.395,2025-01-26 15:59:59.999,19269897.72145,74624,39334.563,10048702.73129
2025-01-26 16:00:00,254.59,255.86,253.83,255.36,54536.359,2025-01-26 16:59:59.999,13907586.30002,66959,29001.806,7395130.27743
2025-01-26 17:00:00,255.35,258.0,254.97,256.21,108602.852,2025-01-26 17:59:59.999,27814678.54733,78779,60132.769,15402722.9086
2025-01-26 18:00:00,256.21,257.58,255.72,256.75,85526.123,2025-01-26 18:59:59.999,21953055.35216,61577,38436.945,9867596.48976
2025-01-26 19:00:00,256.75,257.2,255.84,256.28,43472.686,2025-01-26 19:59:59.999,11151120.20025,46287,16680.494,4278539.08931
2025-01-26 20:00:00,256.29,256.63,253.28,253.5,139967.481,2025-01-26 20:59:59.999,35632597.24361,74772,52764.117,13436201.07861
2025-01-26 21:00:00,253.5,253.68,249.13,249.22,227751.106,2025-01-26 21:59:59.999,57223474.95101,144372,104757.779,26320720.95242
2025-01-26 22:00:00,249.21,250.18,245.88,247.16,287380.384,2025-01-26 22:59:59.999,71234076.95608,136446,143181.388,35484495.02205
2025-01-26 23:00:00,247.15,247.55,240.32,240.5,445727.44,2025-01-26 23:59:59.999,108505698.26079,319560,205817.123,50087936.43265
2025-01-27 00:00:00,240.49,242.68,236.25,237.59,580356.1,2025-01-27 00:59:59.999,138826800.63206,442386,265844.571,63615012.57939
2025-01-27 01:00:00,237.59,238.68,235.01,235.82,403912.195,2025-01-27 01:59:59.999,95512246.27237,308675,200263.232,47357712.17766
2025-01-27 02:00:00,235.82,237.54,232.88,235.0,451598.392,2025-01-27 02:59:59.999,106086307.99281,341079,222083.354,52178758.30788
2025-01-27 03:00:00,234.99,238.21,234.55,235.8,260019.586,2025-01-27 03:59:59.999,61444562.27711,174703,142538.188,33692128.36155
2025-01-27 04:00:00,235.81,235.81,230.6,231.04,350669.603,2025-01-27 04:59:59.999,81564728.20929,235277,138709.638,32268727.25026
2025-01-27 05:00:00,231.04,232.46,229.44,232.05,375408.286,2025-01-27 05:59:59.999,86677902.24568,248879,182392.02,42126517.7302
2025-01-27 06:00:00,232.05,232.87,225.76,227.27,430670.426,2025-01-27 06:59:59.999,98435494.17587,352801,194750.745,44537932.95196
2025-01-27 07:00:00,227.28,229.16,221.71,227.53,775135.798,2025-01-27 07:59:59.999,174808403.26376,497070,401558.218,90618448.50254
2025-01-27 08:00:00,227.52,227.65,222.76,225.55,346240.326,2025-01-27 08:59:59.999,78043105.8712,260836,171017.129,38532059.35072
2025-01-27 09:00:00,225.55,227.9,224.27,226.4,237234.734,2025-01-27 09:59:59.999,53666234.74678,193093,127215.93,28770610.34186
2025-01-27 10:00:00,226.41,226.51,220.89,222.05,272633.618,2025-01-27 10:59:59.999,60951537.44417,221190,127675.279,28573244.73355
2025-01-27 11:00:00,222.04,227.99,221.97,225.85,267484.05,2025-01-27 11:59:59.999,60337041.95578,216369,149997.853,33832242.363
2025-01-27 12:00:00,225.84,231.7,223.71,231.2,313567.508,2025-01-27 12:59:59.999,71468446.40225,237662,179570.64,40947719.72895
2025-01-27 13:00:00,231.19,236.28,229.84,231.1,545339.826,2025-01-27 13:59:59.999,127417302.45046,502756,275816.873,64436453.41647
2025-01-27 14:00:00,231.1,237.67,229.19,237.01,495152.38,2025-01-27 14:59:59.999,115449160.82663,448100,257785.038,60112069.93481
2025-01-27 15:00:00,237.01,237.24,232.5,233.66,316680.941,2025-01-27 15:59:59.999,74428228.22995,334095,145770.016,34260916.30572
2025-01-27 16:00:00,233.67,235.9,227.48,228.92,544243.855,2025-01-27 16:59:59.999,125575485.04927,326613,233003.75,53803288.22594
2025-01-27 17:00:00,228.92,230.66,226.13,227.16,441676.722,2025-01-27 17:59:59.999,100791448.31198,275831,197872.528,45169242.38717
2025-01-27 18:00:00,227.17,228.25,223.92,224.82,467328.838,2025-01-27 18:59:59.999,105651961.93157,257861,191856.961,43404062.06705
2025-01-27 19:00:00,224.83,228.16,224.72,226.53,346233.19,2025-01-27 19:59:59.999,78449028.7244,186849,153487.972,34774914.45743
2025-01-27 20:00:00,226.54,235.2,226.48,234.4,256637.516,2025-01-27 20:59:59.999,59365125.60371,215465,140804.817,32563971.69445
2025-01-27 21:00:00,234.39,237.9,232.61,233.95,223090.143,2025-01-27 21:59:59.999,52531840.54714,232015,101073.597,23809680.63597
2025-01-27 22:00:00,233.95,236.23,233.51,234.9,102593.948,2025-01-27 22:59:59.999,24077061.20587,89390,55245.053,12967768.41887
2025-01-27 23:00:00,234.91,235.72,233.85,234.89,112712.861,2025-01-27 23:59:59.999,26467502.07388,100912,51520.115,12101002.23696
2025-01-28 00:00:00,234.9,237.69,234.4,235.19,197716.684,2025-01-28 00:59:59.999,46670031.76632,161117,102394.263,24178078.86031
2025-01-28 01:00:00,235.19,235.92,233.06,234.38,117818.668,2025-01-28 01:59:59.999,27615869.12592,112248,53823.062,12617928.78141
2025-01-28 02:00:00,234.38,237.08,234.23,236.28,89445.176,2025-01-28 02:59:59.999,21090750.40305,101279,46291.643,10917982.87362
2025-01-28 03:00:00,236.27,237.8,235.16,236.69,88209.58,2025-01-28 03:59:59.999,20859482.79241,107356,49986.815,11820941.21462
2025-01-28 04:00:00,236.68,242.17,236.66,239.79,198358.559,2025-01-28 04:59:59.999,47537513.75029,160607,110193.244,26404629.38305
2025-01-28 05:00:00,239.78,244.0,239.63,242.42,186592.904,2025-01-28 05:59:59.999,45181454.79326,124500,91154.283,22076076.87808
2025-01-28 06:00:00,242.42,242.62,239.5,239.63,133549.658,2025-01-28 06:59:59.999,32209224.15864,114582,54215.93,13082151.74548
2025-01-28 07:00:00,239.62,241.32,238.51,238.74,184983.087,2025-01-28 07:59:59.999,44325725.50235,108255,97333.654,23316722.64231
2025-01-28 08:00:00,238.74,238.99,236.82,238.51,142919.184,2025-01-28 08:59:59.999,33997766.25414,107940,84122.556,20012365.92031
2025-01-28 09:00:00,238.5,238.63,235.32,238.17,100611.89,2025-01-28 09:59:59.999,23843474.38924,99883,47358.483,11229005.93259
2025-01-28 10:00:00,238.18,239.72,237.74,238.3,86836.458,2025-01-28 10:59:59.999,20735072.2497,84936,47822.736,11419973.08918
2025-01-28 11:00:00,238.3,239.38,237.05,238.25,66122.157,2025-01-28 11:59:59.999,15753960.2473,74235,31674.271,7549532.53422
2025-01-28 12:00:00,238.25,239.9,235.5,236.24,139840.787,2025-01-28 12:59:59.999,33195880.19424,157901,64049.054,15210669.50013
2025-01-28 13:00:00,236.23,238.74,236.03,236.67,80839.152,2025-01-28 13:59:59.999,19179591.3041,113175,39851.232,9453209.62132
2025-01-28 14:00:00,236.66,237.74,233.75,235.6,208462.451,2025-01-28 14:59:59.999,49102920.47775,229120,102913.419,24252581.02105
2025-01-28 15:00:00,235.61,240.23,235.53,237.49,216238.243,2025-01-28 15:59:59.999,51474746.42176,241888,113321.019,26980718.17967
2025-01-28 16:00:00,237.49,237.78,231.68,234.38,193016.611,2025-01-28 16:59:59.999,45315717.72191,212002,87386.123,20528974.87436
2025-01-28 17:00:00,234.38,237.17,233.65,234.32,128635.886,2025-01-28 17:59:59.999,30288849.32357,167770,64343.753,15151612.42369
2025-01-28 18:00:00,234.32,236.0,230.63,231.12,148833.98,2025-01-28 18:59:59.999,34669426.401,161267,70034.932,16324251.56546
2025-01-28 19:00:00,231.13,233.1,230.3,232.19,104364.121,2025-01-28 19:59:59.999,24170372.21264,131324,54874.893,12710559.11206
2025-01-28 20:00:00,232.2,232.6,227.44,228.1,151492.014,2025-01-28 20:59:59.999,34813063.62102,130545,61119.468,14050850.17813
2025-01-28 21:00:00,228.1,229.89,225.51,225.85,215055.369,2025-01-28 21:59:59.999,48973969.70261,156350,103537.156,23577910.38265
2025-01-28 22:00:00,225.84,228.24,225.01,227.09,187025.947,2025-01-28 22:59:59.999,42320663.32927,121459,98864.685,22371579.9864
2025-01-28 23:00:00,227.09,227.6,225.11,227.06,116481.521,2025-01-28 23:59:59.999,26359027.92171,103233,61386.244,13892911.84346
2025-01-29 00:00:00,227.06,229.65,226.79,228.71,116555.668,2025-01-29 00:59:59.999,26617415.15566,117582,62410.977,14253142.18932
2025-01-29 01:00:00,228.71,230.23,228.41,229.66,81737.075,2025-01-29 01:59:59.999,18748932.29684,93468,37662.028,8639914.48834
2025-01-29 02:00:00,229.66,232.0,229.58,230.09,84543.48,2025-01-29 02:59:59.999,19496605.37569,90659,38381.623,8852631.76229
2025-01-29 03:00:00,230.09,231.83,229.8,231.2,61414.227,2025-01-29 03:59:59.999,14185904.15983,78500,31456.205,7267349.62401
2025-01-29 04:00:00,231.2,231.76,230.33,230.98,61130.048,2025-01-29 04:59:59.999,14125704.51235,61648,31972.01,7388564.29741
2025-01-29 05:00:00,230.97,231.75,229.83,230.88,59272.243,2025-01-29 05:59:59.999,13677563.33131,57580,26382.393,6089562.76733
2025-01-29 06:00:00,230.88,233.83,230.88,233.82,103690.752,2025-01-29 06:59:59.999,24104392.31013,90101,61571.362,14315329.26696
2025-01-29 07:00:00,233.82,234.78,232.8,234.41,77232.19,2025-01-29 07:59:59.999,18053269.32588,67722,43504.331,10168450.34112
2025-01-29 08:00:00,234.42,235.9,233.27,233.79,74440.955,2025-01-29 08:59:59.999,17454561.55297,79502,35668.867,8365546.01648
2025-01-29 09:00:00,233.79,233.98,230.88,231.19,91226.629,2025-01-29 09:59:59.999,21184855.39797,90539,37201.109,8637936.29214
2025-01-29 10:00:00,231.19,232.67,230.14,231.84,75786.436,2025-01-29 10:59:59.999,17547233.06932,73480,37918.311,8781567.36133
2025-01-29 11:00:00,231.85,233.2,231.24,231.99,57552.593,2025-01-29 11:59:59.999,13362520.26068,70883,28837.83,6698033.37857
2025-01-29 12:00:00,231.98,232.03,228.44,228.57,125664.385,2025-01-29 12:59:59.999,28922128.67893,100166,46187.864,10625289.99963
2025-01-29 13:00:00,228.57,228.99,226.0,227.18,194198.664,2025-01-29 13:59:59.999,44108575.15108,143616,92193.623,20941322.05149
2025-01-29 14:00:00,227.17,228.95,226.5,227.78,151740.761,2025-01-29 14:59:59.999,34556679.62336,147155,78617.054,17903221.70395
2025-01-29 15:00:00,227.78,229.77,227.15,228.4,132463.705,2025-01-29 15:59:59.999,30267812.03775,132662,60143.881,13751361.05953
2025-01-29 16:00:00,228.41,228.81,226.31,226.88,102916.291,2025-01-29 16:59:59.999,23385887.7243,115482,47351.55,10760829.04287
2025-01-29 17:00:00,226.88,230.83,226.71,228.91,132920.889,2025-01-29 17:59:59.999,30471583.35496,106750,67903.818,15557998.23468
2025-01-29 18:00:00,228.92,231.5,227.4,230.99,172381.87,2025-01-29 18:59:59.999,39553361.23248,128596,82664.948,18973871.1698
2025-01-29 19:00:00,230.98,236.12,222.63,231.68,951423.601,2025-01-29 19:59:59.999,218504304.30455,683346,462068.229,106141378.7614
2025-01-29 20:00:00,231.68,238.49,228.71,234.53,441071.336,2025-01-29 20:59:59.999,103076346.90795,499888,225538.295,52714820.26696
2025-01-29 21:00:00,234.52,238.05,232.15,234.66,249787.048,2025-01-29 21:59:59.999,58766880.27195,276912,114223.049,26878143.01478
2025-01-29 22:00:00,234.66,235.49,231.63,231.69,120040.032,2025-01-29 22:59:59.999,28060424.50989,92921,58467.858,13675499.26244
2025-01-29 23:00:00,231.68,232.32,227.61,228.16,125002.96,2025-01-29 23:59:59.999,28746952.59154,109912,59815.668,13761821.62969
2025-01-30 00:00:00,228.16,231.52,226.84,231.32,160252.362,2025-01-30 00:59:59.999,36647105.07921,137280,90899.167,20792792.92304
2025-01-30 01:00:00,231.33,235.6,230.81,234.49,178806.898,2025-01-30 01:59:59.999,41781229.32032,151315,88378.958,20642993.41854
2025-01-30 02:00:00,234.49,237.62,233.49,237.59,188398.481,2025-01-30 02:59:59.999,44439781.35663,149188,108440.881,25585924.90776
2025-01-30 03:00:00,237.6,241.01,236.96,240.24,205771.526,2025-01-30 03:59:59.999,49103200.12602,133836,110707.427,26425936.75518
2025-01-30 04:00:00,240.25,241.67,239.34,240.87,163654.337,2025-01-30 04:59:59.999,39394947.8045,117939,91863.21,22119289.32763
2025-01-30 05:00:00,240.87,242.13,239.03,240.33,282431.786,2025-01-30 05:59:59.999,68014642.51796,120234,136176.455,32793433.78489
2025-01-30 06:00:00,240.34,240.79,238.45,238.85,108020.678,2025-01-30 06:59:59.999,25874792.37684,71994,44022.039,10546075.69166
2025-01-30 07:00:00,238.85,239.66,237.2,238.9,93962.926,2025-01-30 07:59:59.999,22369643.21747,73269,45452.396,10820763.02011
2025-01-30 08:00:00,238.9,240.28,238.01,239.67,93571.971,2025-01-30 08:59:59.999,22390758.80762,75179,45929.769,10990960.1164
2025-01-30 09:00:00,239.68,241.39,239.61,240.48,106239.651,2025-01-30 09:59:59.999,25568155.7131,72914,59107.865,14226646.79668
2025-01-30 10:00:00,240.47,241.58,239.22,241.48,74989.568,2025-01-30 10:59:59.999,18009103.17293,61584,37091.288,8910849.76909
2025-01-30 11:00:00,241.48,241.94,240.41,241.77,108471.662,2025-01-30 11:59:59.999,26167926.93935,64200,65482.764,15800984.26499
2025-01-30 12:00:00,241.77,242.0,239.43,239.89,97337.008,2025-01-30 12:59:59.999,23409824.24591,72324,45082.972,10842505.88182
2025-01-30 13:00:00,239.89,241.93,239.11,240.95,124710.382,2025-01-30 13:59:59.999,29993303.03773,105399,60251.301,14490317.04204
2025-01-30 14:00:00,240.94,242.75,239.21,242.14,181855.784,2025-01-30 14:59:59.999,43803463.90836,154262,99778.675,24045963.05462
2025-01-30 15:00:00,242.14,244.7,240.65,241.09,308270.748,2025-01-30 15:59:59.999,74834520.8161,235395,148036.31,35937925.76359
2025-01-30 16:00:00,241.08,243.42,240.67,243.21,111400.91,2025-01-30 16:59:59.999,26973702.37925,115914,61417.828,14875115.26738
2025-01-30 17:00:00,243.2,243.22,240.01,241.07,104375.2,2025-01-30 17:59:59.999,25199648.46116,104510,55638.319,13435233.52195
2025-01-30 18:00:00,241.08,241.7,239.33,241.09,78431.549,2025-01-30 18:59:59.999,18872916.07032,93961,36625.408,8813353.20485
2025-01-30 19:00:00,241.09,241.38,238.72,241.13,191797.531,2025-01-30 19:59:59.999,46044421.94374,91376,93475.701,22435916.38545
2025-01-30 20:00:00,241.14,241.23,238.4,238.63,127350.266,2025-01-30 20:59:59.999,30488965.63588,94948,61883.47,14807413.43921
2025-01-30 21:00:00,238.63,240.64,238.62,240.51,58979.626,2025-01-30 21:59:59.999,14138635.20878,60817,28435.427,6817874.05851
2025-01-30 22:00:00,240.51,242.2,239.43,239.97,136787.03,2025-01-30 22:59:59.999,32961513.48766,51852,65591.961,15799758.2022
2025-01-30 23:00:00,239.96,240.81,238.3,238.31,55398.093,2025-01-30 23:59:59.999,13284542.07646,59192,23981.541,5752853.27605
2025-01-31 00:00:00,238.3,239.19,236.16,238.86,106252.084,2025-01-31 00:59:59.999,25275396.41214,92877,54744.745,13029021.28238
2025-01-31 01:00:00,238.86,239.07,236.86,237.72,70985.569,2025-01-31 01:59:59.999,16887077.40361,57108,37384.961,8893739.6487
2025-01-31 02:00:00,237.72,238.42,236.48,237.63,111709.773,2025-01-31 02:59:59.999,26514100.88663,71522,59722.125,14171949.48847
2025-01-31 03:00:00,237.63,237.65,235.13,235.95,128904.323,2025-01-31 03:59:59.999,30422628.78872,73754,50996.18,12034743.51525
2025-01-31 04:00:00,235.95,236.68,234.92,235.91,67292.726,2025-01-31 04:59:59.999,15866676.19575,47076,33105.384,7811725.78424
2025-01-31 05:00:00,235.92,237.84,235.8,237.55,64300.99,2025-01-31 05:59:59.999,15237005.11014,48987,36326.93,8610468.79422
2025-01-31 06:00:00,237.56,238.25,237.1,237.79,38510.71,2025-01-31 06:59:59.999,9153184.9151,45557,19307.03,4589283.68813
2025-01-31 07:00:00,237.78,238.41,235.42,235.73,69946.889,2025-01-31 07:59:59.999,16586407.88528,49393,33411.673,7922195.08529
2025-01-31 08:00:00,235.73,236.17,235.0,235.12,135735.238,2025-01-31 08:59:59.999,31952099.89565,63369,43073.146,10142348.21541
2025-01-31 09:00:00,235.12,235.83,234.19,235.73,112663.953,2025-01-31 09:59:59.999,26475003.82365,65752,41847.224,9834092.40093
2025-01-31 10:00:00,235.73,236.51,235.01,236.06,75047.159,2025-01-31 10:59:59.999,17692824.47176,48382,35455.765,8361222.99883
2025-01-31 11:00:00,236.06,239.05,236.04,238.76,142356.06,2025-01-31 11:59:59.999,33854826.66708,79724,84937.96,20195408.93577
2025-01-31 12:00:00,238.77,240.95,237.8,240.72,158617.543,2025-01-31 12:59:59.999,37972123.76925,105968,87559.904,20960011.27926
2025-01-31 13:00:00,240.73,241.82,239.36,240.36,138454.095,2025-01-31 13:59:59.999,33343883.90802,94297,62221.747,14980843.62342
2025-01-31 14:00:00,240.35,240.4,236.05,236.49,198106.304,2025-01-31 14:59:59.999,47244520.87802,136228,91841.344,21901570.1063
2025-01-31 15:00:00,236.5,241.14,236.47,240.09,208329.667,2025-01-31 15:59:59.999,49861269.31377,168627,114036.479,27287383.4067
2025-01-31 16:00:00,240.1,240.18,237.51,238.73,202304.565,2025-01-31 16:59:59.999,48362539.6631,113684,106967.678,25589745.74946
2025-01-31 17:00:00,238.72,238.82,235.34,235.35,92258.787,2025-01-31 17:59:59.999,21864136.45895,86506,44714.629,10595792.00768
2025-01-31 18:00:00,235.35,235.62,230.29,230.4,254271.734,2025-01-31 18:59:59.999,59154908.12709,203524,114497.581,26633473.94792
2025-01-31 19:00:00,230.4,232.78,230.17,230.52,162291.184,2025-01-31 19:59:59.999,37514268.26674,134037,82511.59,19077116.08573
2025-01-31 20:00:00,230.51,230.65,228.53,230.01,135137.49,2025-01-31 20:59:59.999,31024144.57562,120733,60641.437,13922477.58567
2025-01-31 21:00:00,230.01,230.48,228.24,230.26,119352.983,2025-01-31 21:59:59.999,27375395.79251,71198,56569.595,12972405.77903
2025-01-31 22:00:00,230.25,231.86,229.68,231.21,103161.471,2025-01-31 22:59:59.999,23778250.60257,52229,49120.055,11330462.00244
2025-01-31 23:00:00,231.2,231.8,230.08,231.77,46174.27,2025-01-31 23:59:59.999,10659016.83628,52303,26474.756,6112243.4804
2025-02-01 00:00:00,231.77,233.16,230.9,232.57,98604.753,2025-02-01 00:59:59.999,22883106.50658,70354,63316.563,14697040.92685
2025-02-01 01:00:00,232.56,234.23,232.36,232.37,133123.626,2025-02-01 01:59:59.999,31073587.27579,71800,64971.711,15168603.11614
2025-02-01 02:00:00,232.36,236.46,231.51,232.82,156050.972,2025-02-01 02:59:59.999,36297795.3655,100787,92448.701,21524729.35354
2025-02-01 03:00:00,232.82,233.13,230.61,231.46,61674.945,2025-02-01 03:59:59.999,14270538.85458,60377,28154.551,6514523.15147
2025-02-01 04:00:00,231.47,232.47,231.05,231.77,34787.305,2025-02-01 04:59:59.999,8064370.74117,45541,19622.676,4549616.01909
2025-02-01 05:00:00,231.78,233.08,231.62,232.21,54502.069,2025-02-01 05:59:59.999,12664635.4047,34396,18877.771,4388392.318
2025-02-01 06:00:00,232.21,232.22,230.36,231.41,50815.319,2025-02-01 06:59:59.999,11750947.84803,46215,22947.016,5306982.50274
2025-02-01 07:00:00,231.4,231.64,230.0,230.68,37136.243,2025-02-01 07:59:59.999,8560881.35918,42527,17851.261,4115874.0194
2025-02-01 08:00:00,230.67,230.93,228.65,229.59,104879.309,2025-02-01 08:59:59.999,24075243.81512,70997,38959.222,8939326.80351
2025-02-01 09:00:00,229.59,229.6,226.93,227.01,128718.995,2025-02-01 09:59:59.999,29350754.13753,88181,57991.523,13224132.58509
2025-02-01 10:00:00,227.0,228.61,226.37,226.47,100784.024,2025-02-01 10:59:59.999,22935258.5889,70969,58859.628,13394902.57982
2025-02-01 11:00:00,226.47,228.15,226.29,228.11,83003.613,2025-02-01 11:59:59.999,18853585.03083,57752,51621.005,11724903.96397
2025-02-01 12:00:00,228.1,229.53,227.61,229.16,81383.381,2025-02-01 12:59:59.999,18590484.55899,55735,46195.048,10555580.48184
2025-02-01 13:00:00,229.16,229.46,226.88,227.03,104802.377,2025-02-01 13:59:59.999,23894575.29896,60936,43565.262,9932161.91606
2025-02-01 14:00:00,227.04,228.2,225.12,225.35,195928.458,2025-02-01 14:59:59.999,44442967.59855,109541,87849.641,19948205.23314
2025-02-01 15:00:00,225.35,226.82,224.83,226.38,99329.164,2025-02-01 15:59:59.999,22427969.1609,91788,51067.803,11539588.09605
2025-02-01 16:00:00,226.38,227.0,224.75,224.89,92251.1,2025-02-01 16:59:59.999,20842714.0204,82332,38669.986,8740907.67149
2025-02-01 17:00:00,224.89,227.66,224.89,227.25,50442.214,2025-02-01 17:59:59.999,11429832.53403,66634,28194.155,6390028.42707
2025-02-01 18:00:00,227.25,227.35,224.42,224.45,72516.602,2025-02-01 18:59:59.999,16373131.01457,80010,31063.078,7015441.00073
2025-02-01 19:00:00,224.45,224.61,220.86,221.75,168197.951,2025-02-01 19:59:59.999,37458945.39187,130449,68373.626,15228422.09414
2025-02-01 20:00:00,221.76,221.76,216.78,218.45,350566.472,2025-02-01 20:59:59.999,76682691.93747,210318,145963.464,31897399.02347
2025-02-01 21:00:00,218.45,219.54,215.79,216.12,151074.792,2025-02-01 21:59:59.999,32867520.05226,117221,73269.785,15955182.32687
2025-02-01 22:00:00,216.12,217.54,214.01,215.85,220716.952,2025-02-01 22:59:59.999,47600293.61393,90089,106181.754,22912013.00935
2025-02-01 23:00:00,215.85,215.98,212.74,213.03,218458.014,2025-02-01 23:59:59.999,46792638.87509,117716,106647.892,22847667.67826
2025-02-02 00:00:00,213.03,217.98,212.44,217.17,187092.975,2025-02-02 00:59:59.999,40295788.15591,115216,105058.77,22636449.66149
2025-02-02 01:00:00,217.17,218.9,216.94,217.53,114057.542,2025-02-02 01:59:59.999,24851978.85061,85214,59679.54,13005699.15565
2025-02-02 02:00:00,217.54,217.65,213.94,214.21,166094.943,2025-02-02 02:59:59.999,35796095.79605,88586,66794.656,14397583.69361
2025-02-02 03:00:00,214.21,215.0,206.83,207.11,514113.469,2025-02-02 03:59:59.999,108200707.94557,238758,246766.043,51906299.62529
2025-02-02 04:00:00,207.11,210.91,206.74,208.56,195682.558,2025-02-02 04:59:59.999,40942532.59773,128765,104790.891,21924786.20139
2025-02-02 05:00:00,208.56,212.83,208.29,212.29,326183.354,2025-02-02 05:59:59.999,68751353.85119,115219,178276.171,37582826.40993
2025-02-02 06:00:00,212.28,214.08,211.99,212.99,142955.201,2025-02-02 06:59:59.999,30472295.065,81257,73527.951,15669897.00469
2025-02-02 07:00:00,213.0,213.29,211.14,211.78,97366.844,2025-02-02 07:59:59.999,20632997.40774,69438,41547.346,8805972.48946
2025-02-02 08:00:00,211.77,215.79,210.82,215.21,191529.621,2025-02-02 08:59:59.999,40917581.10522,120214,104673.751,22368368.88156
2025-02-02 09:00:00,215.2,215.2,213.1,213.71,92634.596,2025-02-02 09:59:59.999,19833143.39282,79355,46930.474,10049645.15775
2025-02-02 10:00:00,213.71,213.76,211.28,212.0,131003.434,2025-02-02 10:59:59.999,27814009.23565,80119,61589.838,13074152.48377
2025-02-02 11:00:00,211.99,212.2,207.71,208.68,217140.083,2025-02-02 11:59:59.999,45549296.57164,158981,91335.837,19155570.82586
2025-02-02 12:00:00,208.67,211.31,208.24,208.31,174324.558,2025-02-02 12:59:59.999,36564619.96095,157160,79980.362,16778635.02308
2025-02-02 13:00:00,208.31,213.0,208.27,212.84,180946.174,2025-02-02 13:59:59.999,38187885.5807,139014,102866.482,21713732.92431
2025-02-02 14:00:00,212.84,214.19,212.19,213.33,135267.166,2025-02-02 14:59:59.999,28857892.38529,131314,75255.155,16056093.19176
2025-02-02 15:00:00,213.34,213.34,209.7,212.07,135201.056,2025-02-02 15:59:59.999,28591437.56401,135478,66294.472,14023005.23305
2025-02-02 16:00:00,212.06,212.13,205.93,206.66,276432.927,2025-02-02 16:59:59.999,57475480.39301,280509,120002.174,24959908.69543
2025-02-02 17:00:00,206.66,208.75,202.3,203.19,626187.473,2025-02-02 17:59:59.999,128311238.75881,482235,263219.681,53948379.75784
2025-02-02 18:00:00,203.19,204.62,197.29,197.67,730060.115,2025-02-02 18:59:59.999,146846758.32006,509130,312670.172,62899403.90093
2025-02-02 19:00:00,197.66,206.38,195.0,203.54,684581.177,2025-02-02 19:59:59.999,136962175.3529,631799,353680.422,70821961.0892
2025-02-02 20:00:00,203.53,206.78,201.97,203.01,330943.821,2025-02-02 20:59:59.999,67527376.06638,245155,133237.254,27220419.95041
2025-02-02 21:00:00,203.02,204.12,201.26,202.18,522660.339,2025-02-02 21:59:59.999,105854176.17316,233127,175872.736,35614518.08238
2025-02-02 22:00:00,202.19,206.17,192.31,203.67,543793.173,2025-02-02 22:59:59.999,108843334.85193,366656,221636.681,44512627.97585
2025-02-02 23:00:00,203.68,204.03,196.58,203.51,539247.734,2025-02-02 23:59:59.999,108263670.35805,634917,261043.48,52423989.43216
2025-02-03 00:00:00,203.52,203.89,192.2,198.34,875438.117,2025-02-03 00:59:59.999,173210398.54826,785691,429445.535,84971180.74024
2025-02-03 01:00:00,198.34,199.99,178.0,184.93,1546331.318,2025-02-03 01:59:59.999,293962184.20389,957967,657785.729,125280144.5299
2025-02-03 02:00:00,184.86,192.0,175.89,187.95,1858396.991,2025-02-03 02:59:59.999,345716426.6107,1412604,926755.121,172582446.20044
2025-02-03 03:00:00,187.95,199.79,187.38,197.92,736731.203,2025-02-03 03:59:59.999,144020594.8913,680465,340120.121,66487479.12484
2025-02-03 04:00:00,197.92,199.97,189.27,189.87,494429.107,2025-02-03 04:59:59.999,96107277.72293,476796,225610.627,43943752.61352
2025-02-03 05:00:00,189.87,197.46,189.68,196.83,384886.845,2025-02-03 05:59:59.999,74329248.20363,417482,203465.171,39333439.65873
2025-02-03 06:00:00,196.83,198.39,193.73,195.74,273327.671,2025-02-03 06:59:59.999,53506327.55269,277161,147687.706,28921287.34257
2025-02-03 07:00:00,195.74,199.7,195.25,199.09,292916.64,2025-02-03 07:59:59.999,57862533.08619,278367,158389.383,31285172.70536
2025-02-03 08:00:00,199.09,199.11,193.38,195.59,305459.41,2025-02-03 08:59:59.999,59761569.55831,279200,138566.36,27106024.3629
2025-02-03 09:00:00,195.59,199.12,193.77,194.2,301774.513,2025-02-03 09:59:59.999,59235295.80944,282656,161647.39,31738200.24164
2025-02-03 10:00:00,194.2,202.15,194.04,201.84,395932.717,2025-02-03 10:59:59.999,78687781.36926,261569,220354.887,43832212.74277
2025-02-03 11:00:00,201.84,201.84,198.05,198.74,363939.731,2025-02-03 11:59:59.999,72710892.12776,220876,178984.77,35762580.07253
2025-02-03 12:00:00,198.74,199.65,194.91,195.12,351618.228,2025-02-03 12:59:59.999,69505657.01584,222241,150124.465,29689499.02443
2025-02-03 13:00:00,195.13,196.86,193.4,194.67,256796.987,2025-02-03 13:59:59.999,50077232.18073,213737,102216.061,19945385.87233
2025-02-03 14:00:00,194.67,199.83,189.9,199.71,930255.371,2025-02-03 14:59:59.999,181922639.67702,659568,455005.471,89063718.91716
2025-02-03 15:00:00,199.7,210.0,197.95,207.02,1043241.839,2025-02-03 15:59:59.999,214678014.31079,703190,555108.426,114213573.47844
2025-02-03 16:00:00,207.01,209.11,203.61,207.69,400813.594,2025-02-03 16:59:59.999,82794749.14194,375257,190771.299,39418066.02614
2025-02-03 17:00:00,207.7,208.25,205.43,206.63,255065.17,2025-02-03 17:59:59.999,52814644.8284,234033,134114.173,27773413.05451
2025-02-03 18:00:00,206.69,212.06,205.14,211.81,286433.382,2025-02-03 18:59:59.999,59767900.31809,248149,154403.163,32208175.85389
2025-02-03 19:00:00,211.8,215.27,211.11,215.2,375515.354,2025-02-03 19:59:59.999,80091598.30638,293391,164878.17,35170526.31253
2025-02-03 20:00:00,215.19,215.37,210.35,211.52,387375.538,2025-02-03 20:59:59.999,82067423.6509,280259,182160.011,38584576.00818
2025-02-03 21:00:00,211.52,217.89,209.89,216.48,243405.296,2025-02-03 21:59:59.999,52119284.37846,199375,123776.795,26536522.72152
2025-02-03 22:00:00,216.49,218.7,215.0,217.54,336147.55,2025-02-03 22:59:59.999,72935681.89612,229564,165524.623,35919813.16303
2025-02-03 23:00:00,217.55,217.85,215.45,216.28,140737.693,2025-02-03 23:59:59.999,30436747.64841,127278,72272.11,15629373.08323
2025-02-04 00:00:00,216.27,217.97,215.21,215.3,153599.757,2025-02-04 00:59:59.999,33271239.78913,160875,73135.457,15840823.18123
2025-02-04 01:00:00,215.3,219.5,215.18,218.64,167371.825,2025-02-04 01:59:59.999,36415323.14514,139743,86164.085,18750975.91788
2025-02-04 02:00:00,218.64,219.97,215.65,215.67,152042.798,2025-02-04 02:59:59.999,33150814.48236,123516,76721.336,16731775.28269
2025-02-04 03:00:00,215.68,216.42,213.89,215.48,179114.653,2025-02-04 03:59:59.999,38558664.5083,100078,81425.525,17521477.6921
2025-02-04 04:00:00,215.48,216.08,212.44,212.93,209296.813,2025-02-04 04:59:59.999,44764870.53329,136523,108852.689,23264571.22503
2025-02-04 05:00:00,212.92,213.35,201.87,203.94,717243.518,2025-02-04 05:59:59.999,147698537.46876,477949,307062.816,63209115.10419
2025-02-04 06:00:00,203.95,207.32,203.73,206.61,215981.823,2025-02-04 06:59:59.999,44452019.22334,174545,111862.266,23028456.61698
2025-02-04 07:00:00,206.61,207.9,203.67,204.23,251017.812,2025-02-04 07:59:59.999,51616784.62288,160879,128430.982,26407398.68255
2025-02-04 08:00:00,204.22,206.05,202.43,203.61,211386.456,2025-02-04 08:59:59.999,43096171.73673,168911,109716.125,22368805.98075
2025-02-04 09:00:00,203.6,206.54,203.52,204.64,160173.507,2025-02-04 09:59:59.999,32860846.62541,116967,70592.816,14480692.70789
2025-02-04 10:00:00,204.65,208.77,204.52,207.58,216686.641,2025-02-04 10:59:59.999,44851219.24841,129362,108986.443,22557080.64085
2025-02-04 11:00:00,207.58,210.8,207.42,207.67,162871.6,2025-02-04 11:59:59.999,34133960.82038,132826,86583.656,18149796.96471
2025-02-04 12:00:00,207.67,212.7,207.67,211.17,169219.114,2025-02-04 12:59:59.999,35664436.908,126320,98371.103,20731131.14319
2025-02-04 13:00:00,211.17,213.25,209.99,210.36,230609.356,2025-02-04 13:59:59.999,48891220.48924,177403,118800.449,25193569.93578
2025-02-04 14:00:00,210.35,216.04,209.35,214.24,297755.604,2025-02-04 14:59:59.999,63492775.5944,287275,160552.232,34223831.84975
2025-02-04 15:00:00,214.23,216.74,209.78,215.65,376511.131,2025-02-04 15:59:59.999,80277601.58008,327436,183047.335,39052266.08828
2025-02-04 16:00:00,215.65,217.98,214.48,214.55,213018.462,2025-02-04 16:59:59.999,46106629.06878,187097,105613.649,22865824.83091
2025-02-04 17:00:00,214.55,217.0,212.32,213.86,217686.628,2025-02-04 17:59:59.999,46708647.91715,144603,121922.502,26199788.8764
2025-02-04 18:00:00,213.85,214.66,211.51,214.47,125222.99,2025-02-04 18:59:59.999,26680659.46091,127352,60615.628,12920212.93671
2025-02-04 19:00:00,214.47,218.35,208.27,208.29,435488.108,2025-02-04 19:59:59.999,93299106.50786,292659,198263.075,42478506.75191
2025-02-04 20:00:00,208.29,210.49,205.25,206.21,467195.803,2025-02-04 20:59:59.999,96991733.96985,478639,223368.472,46380101.23847
2025-02-04 21:00:00,206.21,206.54,202.54,203.11,297623.874,2025-02-04 21:59:59.999,60887773.43247,334973,129593.144,26520999.35678
2025-02-04 22:00:00,203.11,206.35,202.52,205.48,219353.058,2025-02-04 22:59:59.999,44696699.59072,175371,108524.323,22126245.48711
2025-02-04 23:00:00,205.49,208.32,203.66,206.64,177723.056,2025-02-04 23:59:59.999,36488808.74143,130519,90549.335,18593812.64299
2025-02-05 00:00:00,206.64,208.24,205.64,206.71,113211.5,2025-02-05 00:59:59.999,23404074.62665,137048,57739.388,11937843.97603
2025-02-05 01:00:00,206.7,209.39,205.12,205.52,121798.877,2025-02-05 01:59:59.999,25270596.10871,121089,51697.023,10736232.21415
2025-02-05 02:00:00,205.51,208.22,205.11,207.56,138641.604,2025-02-05 02:59:59.999,28621439.37698,147692,59775.124,12344859.50526
2025-02-05 03:00:00,207.56,209.02,206.51,207.38,109491.053,2025-02-05 03:59:59.999,22753658.48437,81179,59870.147,12441600.04862
2025-02-05 04:00:00,207.38,207.53,204.67,205.06,79805.894,2025-02-05 04:59:59.999,16432984.12694,72982,35893.197,7394300.97721
2025-02-05 05:00:00,205.06,206.73,203.54,206.47,128805.335,2025-02-05 05:59:59.999,26389511.4258,97337,60254.6,12347526.30631
2025-02-05 06:00:00,206.46,208.32,204.28,204.74,97910.801,2025-02-05 06:59:59.999,20155863.95683,109106,51197.584,10543100.53482
2025-02-05 07:00:00,204.73,205.86,203.85,205.07,98400.418,2025-02-05 07:59:59.999,20143635.49075,87872,55874.963,11441421.64142
2025-02-05 08:00:00,205.06,206.29,203.83,204.97,82036.06,2025-02-05 08:59:59.999,16803747.88907,70644,48665.955,9969879.8083
2025-02-05 09:00:00,204.96,206.13,202.92,203.37,104114.13,2025-02-05 09:59:59.999,21282276.59622,94005,52664.001,10769299.27205
2025-02-05 10:00:00,203.36,205.41,203.11,204.65,76125.353,2025-02-05 10:59:59.999,15565614.76175,68026,41753.899,8539149.35748
2025-02-05 11:00:00,204.66,206.94,204.65,206.33,115072.256,2025-02-05 11:59:59.999,23687075.89808,86405,57071.454,11751282.9596
2025-02-05 12:00:00,206.32,207.18,204.59,204.85,95440.871,2025-02-05 12:59:59.999,19674086.41899,89715,54188.895,11171296.89947
2025-02-05 13:00:00,204.84,206.29,204.45,206.0,82744.316,2025-02-05 13:59:59.999,17000644.58159,76933,40592.126,8339307.25828
2025-02-05 14:00:00,205.99,207.62,203.3,203.94,203693.031,2025-02-05 14:59:59.999,41937281.60226,159023,97062.455,19992691.55984
2025-02-05 15:00:00,203.95,205.77,201.42,201.77,188121.166,2025-02-05 15:59:59.999,38221463.50418,200587,86291.695,17542644.71184
2025-02-05 16:00:00,201.76,202.12,197.83,199.79,428339.677,2025-02-05 16:59:59.999,85600155.70308,273471,187036.087,37364188.93912
2025-02-05 17:00:00,199.79,201.49,196.57,197.41,210769.349,2025-02-05 17:59:59.999,41861089.1443,191364,106677.514,21200575.58918
2025-02-05 18:00:00,197.42,198.85,196.42,197.75,151715.767,2025-02-05 18:59:59.999,29967383.18783,180977,62410.632,12328823.01623
2025-02-05 19:00:00,197.75,200.0,197.13,199.56,108323.035,2025-02-05 19:59:59.999,21521301.48715,105043,56034.626,11140198.97846
2025-02-05 20:00:00,199.56,200.67,196.7,198.56,113661.459,2025-02-05 20:59:59.999,22590063.4004,111972,56473.449,11236670.25548
2025-02-05 21:00:00,198.57,200.06,198.25,198.83,87442.462,2025-02-05 21:59:59.999,17418218.94579,81291,54306.896,10818303.37255
2025-02-05 22:00:00,198.82,199.48,195.47,195.99,128990.246,2025-02-05 22:59:59.999,25445488.57614,106031,65970.302,13020492.2608
2025-02-05 23:00:00,195.98,197.45,195.14,196.12,90147.377,2025-02-05 23:59:59.999,17677030.38106,101896,40618.997,7966828.93773
2025-02-06 00:00:00,196.12,198.92,195.93,197.18,126778.215,2025-02-06 00:59:59.999,25040710.70467,131806,60929.817,12039269.33727
2025-02-06 01:00:00,197.19,199.98,196.22,199.4,86770.971,2025-02-06 01:59:59.999,17232331.22206,97618,51738.463,10274575.09307
2025-02-06 02:00:00,199.38,201.22,199.24,200.31,82090.785,2025-02-06 02:59:59.999,16447144.27988,80130,45763.551,9169339.49388
2025-02-06 03:00:00,200.31,201.27,199.36,200.71,58333.668,2025-02-06 03:59:59.999,11686424.42541,63090,31455.568,6303504.11101
2025-02-06 04:00:00,200.71,202.1,200.27,201.58,53666.794,2025-02-06 04:59:59.999,10801234.62835,58363,30102.904,6059283.93877
2025-02-06 05:00:00,201.58,202.62,200.69,201.7,67633.877,2025-02-06 05:59:59.999,13640278.57571,55587,33646.835,6787254.84022
2025-02-06 06:00:00,201.69,203.98,201.44,203.7,358570.526,2025-02-06 06:59:59.999,72752983.76876,97866,179256.736,36358419.69898
2025-02-06 07:00:00,203.69,203.69,201.8,202.0,144356.804,2025-02-06 07:59:59.999,29275089.7831,59928,85429.797,17328523.01591
2025-02-06 08:00:00,202.0,202.54,200.84,201.15,94208.225,2025-02-06 08:59:59.999,18995962.52471,65057,44273.453,8929256.42825
2025-02-06 09:00:00,201.14,202.93,200.66,202.57,75211.065,2025-02-06 09:59:59.999,15197365.29096,74951,36031.75,7282860.45246
2025-02-06 10:00:00,202.58,202.86,200.84,201.34,57964.441,2025-02-06 10:59:59.999,11703836.52275,66538,27907.528,5636497.90514
2025-02-06 11:00:00,201.33,201.5,198.66,200.26,81689.753,2025-02-06 11:59:59.999,16338690.84811,88722,40206.986,8042178.25992
2025-02-06 12:00:00,200.27,200.63,197.77,198.24,105848.094,2025-02-06 12:59:59.999,21050264.14298,92664,39134.644,7784525.18239
2025-02-06 13:00:00,198.24,200.46,198.04,200.22,116366.186,2025-02-06 13:59:59.999,23183419.62694,97384,58342.143,11623331.50223
2025-02-06 14:00:00,200.21,200.65,195.1,195.25,180774.58,2025-02-06 14:59:59.999,35657993.22269,173503,80571.708,15903464.80789
2025-02-06 15:00:00,195.25,196.2,190.52,191.23,348305.433,2025-02-06 15:59:59.999,67282480.15829,308584,134234.423,25946046.84936
2025-02-06 16:00:00,191.23,192.95,188.73,190.34,312718.504,2025-02-06 16:59:59.999,59619301.62824,244861,152799.476,29132179.42646
2025-02-06 17:00:00,190.35,192.92,189.06,190.03,155022.945,2025-02-06 17:59:59.999,29593288.4708,133231,83972.731,16033638.23925
2025-02-06 18:00:00,190.03,191.07,188.36,189.94,174782.204,2025-02-06 18:59:59.999,33198612.24922,127835,82057.95,15587724.48924
2025-02-06 19:00:00,189.94,191.76,188.72,189.9,148040.674,2025-02-06 19:59:59.999,28133879.82656,128426,65330.71,12417478.87705
2025-02-06 20:00:00,189.91,193.14,189.56,193.14,122872.56,2025-02-06 20:59:59.999,23528152.33591,109466,65827.014,12609548.94137
2025-02-06 21:00:00,193.14,194.66,190.62,193.99,138365.218,2025-02-06 21:59:59.999,26668024.41978,112111,80400.929,15500542.46678
2025-02-06 22:00:00,193.99,194.11,190.4,190.69,132318.25,2025-02-06 22:59:59.999,25350094.34183,98973,56722.509,10869130.64665
2025-02-06 23:00:00,190.69,191.17,187.39,189.54,222077.375,2025-02-06 23:59:59.999,42033664.22474,141853,97136.727,18376300.37332
2025-02-07 00:00:00,189.53,192.33,189.18,189.88,230995.139,2025-02-07 00:59:59.999,44124805.01742,147283,120209.989,22968304.86074
2025-02-07 01:00:00,189.89,193.79,189.81,192.26,108645.693,2025-02-07 01:59:59.999,20801120.4869,116575,54765.958,10490149.9506
2025-02-07 02:00:00,192.25,195.21,192.12,194.89,220171.877,2025-02-07 02:59:59.999,42739020.36559,142958,127812.048,24808665.0429
2025-02-07 03:00:00,194.88,195.87,192.48,193.31,94332.908,2025-02-07 03:59:59.999,18317149.48501,78743,35710.653,6932850.16178
2025-02-07 04:00:00,193.3,195.36,193.08,194.16,72328.94,2025-02-07 04:59:59.999,14075810.43215,62272,36560.516,7115765.47444
2025-02-07 05:00:00,194.16,194.69,192.19,192.78,81890.503,2025-02-07 05:59:59.999,15815191.91815,66318,31579.52,6098179.17234
2025-02-07 06:00:00,192.78,192.99,189.02,190.83,148211.051,2025-02-07 06:59:59.999,28264601.53303,121444,63535.889,12127489.69617
2025-02-07 07:00:00,190.82,193.54,190.76,192.54,116487.873,2025-02-07 07:59:59.999,22415624.82592,100490,60501.901,11639219.5496
2025-02-07 08:00:00,192.54,195.16,191.69,194.03,104788.702,2025-02-07 08:59:59.999,20306169.58894,86537,54946.494,10652150.51953
2025-02-07 09:00:00,194.04,197.49,193.53,197.42,200624.26,2025-02-07 09:59:59.999,39328691.91777,105510,121223.647,23767300.48687
2025-02-07 10:00:00,197.41,197.92,196.48,196.73,79593.549,2025-02-07 10:59:59.999,15691976.97301,74759,37778.67,7449233.64519
2025-02-07 11:00:00,196.72,198.66,196.71,198.47,80196.763,2025-02-07 11:59:59.999,15876531.12893,65896,41232.867,8162928.27684
2025-02-07 12:00:00,198.47,199.94,197.04,198.56,127654.879,2025-02-07 12:59:59.999,25340937.8498,80604,65155.848,12936929.81124
2025-02-07 13:00:00,198.57,201.26,196.25,201.18,342733.189,2025-02-07 13:59:59.999,68096485.09318,220225,174997.894,34778030.0017
2025-02-07 14:00:00,201.18,203.42,200.5,203.24,306318.292,2025-02-07 14:59:59.999,61880087.25843,224027,156791.379,31678456.14691
2025-02-07 15:00:00,203.25,203.25,195.84,198.07,564087.939,2025-02-07 15:59:59.999,111985407.81954,362104,284080.143,56340051.33115
2025-02-07 16:00:00,198.08,198.99,196.05,196.71,163301.904,2025-02-07 16:59:59.999,32200741.8044,182877,76900.138,15170268.61815
2025-02-07 17:00:00,196.71,197.16,194.62,196.48,183220.737,2025-02-07 17:59:59.999,35869559.91752,176475,91227.238,17864460.02511
2025-02-07 18:00:00,196.48,199.15,196.15,198.5,104580.713,2025-02-07 18:59:59.999,20725859.46927,88672,61759.661,12239511.94221
2025-02-07 19:00:00,198.5,198.61,195.35,195.44,83136.68,2025-02-07 19:59:59.999,16378292.9637,79380,34916.188,6878929.71973
2025-02-07 20:00:00,195.44,195.64,189.29,189.76,200859.366,2025-02-07 20:59:59.999,38568051.53573,177901,75571.826,14517598.04262
2025-02-07 21:00:00,189.77,191.05,189.18,189.47,107694.129,2025-02-07 21:59:59.999,20473380.84841,109546,53985.116,10265726.60847
2025-02-07 22:00:00,189.48,190.24,188.12,189.99,105231.116,2025-02-07 22:59:59.999,19885473.34857,98553,49737.978,9399773.79857
2025-02-07 23:00:00,189.98,192.44,189.48,191.99,98510.571,2025-02-07 23:59:59.999,18832752.24422,70424,63047.774,12052094.67311
2025-02-08 00:00:00,192.0,194.05,191.38,193.25,100921.909,2025-02-08 00:59:59.999,19455685.41468,97147,58338.003,11251850.47026
2025-02-08 01:00:00,193.24,193.75,192.3,192.52,81637.391,2025-02-08 01:59:59.999,15752226.46483,79143,40364.912,7789329.93286
2025-02-08 02:00:00,192.53,193.92,191.77,193.33,84603.158,2025-02-08 02:59:59.999,16294295.49697,64116,40492.849,7803153.6827
2025-02-08 03:00:00,193.33,194.34,192.56,192.98,61899.93,2025-02-08 03:59:59.999,11973749.54142,54690,27058.538,5237805.24901
2025-02-08 04:00:00,192.98,193.3,191.61,191.78,63691.962,2025-02-08 04:59:59.999,12247059.58437,49232,24752.91,4761854.99631
2025-02-08 05:00:00,191.78,191.92,190.09,190.62,59778.023,2025-02-08 05:59:59.999,11405383.9505,53076,27529.894,5252641.05369
2025-02-08 06:00:00,190.62,191.73,190.22,190.9,76681.566,2025-02-08 06:59:59.999,14644881.21899,51492,43342.484,8278644.28263
2025-02-08 07:00:00,190.9,193.34,189.81,192.79,109603.953,2025-02-08 07:59:59.999,20985875.82627,79549,60258.082,11545575.68588
2025-02-08 08:00:00,192.79,193.6,191.65,191.82,72394.0,2025-02-08 08:59:59.999,13955921.53949,60782,33372.044,6432694.43605
2025-02-08 09:00:00,191.82,193.99,191.8,193.81,65026.14,2025-02-08 09:59:59.999,12555508.23602,52398,34081.177,6582593.93036
2025-02-08 10:00:00,193.8,194.99,193.29,193.61,71254.854,2025-02-08 10:59:59.999,13826329.50466,61921,32159.793,6243566.26207
2025-02-08 11:00:00,193.6,194.54,193.05,194.39,65159.183,2025-02-08 11:59:59.999,12632060.12488,63495,31833.546,6173694.33289
2025-02-08 12:00:00,194.39,194.53,193.09,193.82,60167.112,2025-02-08 12:59:59.999,11654533.36781,64721,27987.515,5423099.93273
2025-02-08 13:00:00,193.83,196.45,193.83,195.34,103390.082,2025-02-08 13:59:59.999,20178080.82826,84867,57496.973,11221729.83803
2025-02-08 14:00:00,195.33,195.99,193.62,194.57,118281.443,2025-02-08 14:59:59.999,23017198.52967,98499,42598.381,8288912.50371
2025-02-08 15:00:00,194.57,195.31,192.74,193.41,83911.143,2025-02-08 15:59:59.999,16263731.3715,89363,31679.893,6141895.78509
2025-02-08 16:00:00,193.42,195.56,193.2,195.42,135979.02,2025-02-08 16:59:59.999,26413664.58012,95370,61168.323,11881501.57896
2025-02-08 17:00:00,195.42,196.86,195.1,196.83,110139.684,2025-02-08 17:59:59.999,21580155.71669,100122,52829.281,10353620.48581
2025-02-08 18:00:00,196.84,197.26,195.87,196.8,76081.239,2025-02-08 18:59:59.999,14956173.5197,72277,36434.761,7163729.29289
2025-02-08 19:00:00,196.79,198.4,196.58,196.9,85090.006,2025-02-08 19:59:59.999,16799394.9294,71141,45687.449,9022300.45378
2025-02-08 20:00:00,196.89,198.06,196.74,197.54,55791.708,2025-02-08 20:59:59.999,11013777.92608,58234,28221.463,5570678.1825
2025-02-08 21:00:00,197.53,199.08,197.32,198.82,55141.7,2025-02-08 21:59:59.999,10929584.26637,52643,31111.301,6167589.0559
2025-02-08 22:00:00,198.82,199.8,197.67,198.3,62605.164,2025-02-08 22:59:59.999,12441432.05274,44915,30135.507,5990702.74532
2025-02-08 23:00:00,198.3,200.88,198.21,199.32,108366.382,2025-02-08 23:59:59.999,21640920.44539,57735,70223.078,14020658.60289
2025-02-09 00:00:00,199.32,200.33,198.52,200.24,75861.443,2025-02-09 00:59:59.999,15127288.38927,76187,44073.937,8789610.28473
2025-02-09 01:00:00,200.24,202.08,199.97,201.94,121523.203,2025-02-09 01:59:59.999,24449650.29346,87738,63011.936,12676564.75279
2025-02-09 02:00:00,201.93,202.55,201.0,201.54,99536.16,2025-02-09 02:59:59.999,20071643.29038,73909,43839.54,8841140.73696
2025-02-09 03:00:00,201.54,207.0,201.15,206.95,206745.685,2025-02-09 03:59:59.999,42242959.78623,131674,119346.085,24369738.77955
2025-02-09 04:00:00,206.95,207.0,204.87,205.91,114873.848,2025-02-09 04:59:59.999,23631651.2055,92502,52345.941,10770254.98099
2025-02-09 05:00:00,205.91,207.37,205.42,206.27,88746.701,2025-02-09 05:59:59.999,18323324.78798,75432,47046.743,9713993.71785
2025-02-09 06:00:00,206.26,206.49,203.96,205.02,129594.18,2025-02-09 06:59:59.999,26533590.73364,81977,52890.395,10828811.32893
2025-02-09 07:00:00,205.02,205.11,203.8,203.96,114296.708,2025-02-09 07:59:59.999,23359798.92874,70139,49884.507,10195225.69535
2025-02-09 08:00:00,203.96,204.58,202.94,203.1,108292.869,2025-02-09 08:59:59.999,22090247.67323,66151,48108.327,9816129.86477
2025-02-09 09:00:00,203.09,203.15,201.22,201.94,115627.227,2025-02-09 09:59:59.999,23352884.70542,64653,50340.128,10164849.91196
2025-02-09 10:00:00,201.94,202.21,201.74,201.81,69503.886,2025-02-09 10:59:59.999,14043959.17145,36608,34695.235,7010780.9808
2025-02-09 11:00:00,201.8,202.81,201.35,201.44,101586.652,2025-02-09 11:59:59.999,20521778.73427,54338,51621.035,10426610.65679
2025-02-09 12:00:00,201.44,203.05,200.3,201.62,95906.182,2025-02-09 12:59:59.999,19344014.06995,67338,48867.316,9864300.7373
2025-02-09 13:00:00,201.62,201.79,196.76,196.96,178825.277,2025-02-09 13:59:59.999,35590911.64183,123279,61325.747,12204844.75939
2025-02-09 14:00:00,196.96,199.7,196.44,199.5,171120.851,2025-02-09 14:59:59.999,33959324.33829,114130,95066.306,18868042.23747
2025-02-09 15:00:00,199.51,201.53,199.32,200.7,140232.247,2025-02-09 15:59:59.999,28122421.43326,93047,82346.689,16513516.01413
2025-02-09 16:00:00,200.7,202.24,200.2,202.0,78447.525,2025-02-09 16:59:59.999,15812129.21145,71128,44067.058,8880989.08739
2025-02-09 17:00:00,202.0,202.22,199.82,199.97,84618.767,2025-02-09 17:59:59.999,17013977.68627,72775,36866.42,7413431.9705
2025-02-09 18:00:00,199.97,200.69,198.73,200.13,48983.831,2025-02-09 18:59:59.999,9780768.9409,62323,25573.287,5107437.74861
2025-02-09 19:00:00,200.14,200.7,197.81,199.08,57836.671,2025-02-09 19:59:59.999,11518646.68465,67335,27966.453,5571298.22486
2025-02-09 20:00:00,199.07,200.99,198.82,199.42,58320.143,2025-02-09 20:59:59.999,11664712.3208,59275,33977.083,6796674.41133
2025-02-09 21:00:00,199.41,203.0,193.53,195.17,298134.798,2025-02-09 21:59:59.999,58449129.24401,193119,147521.223,28941822.34968
2025-02-09 22:00:00,195.16,199.51,194.08,197.22,184122.129,2025-02-09 22:59:59.999,36219320.77547,161636,89379.246,17579454.38481
2025-02-09 23:00:00,197.21,200.8,196.89,200.47,136401.477,2025-02-09 23:59:59.999,27100679.05017,105215,77498.731,15410830.91608
2025-02-10 00:00:00,200.47,205.1,200.46,203.99,219340.372,2025-02-10 00:59:59.999,44678162.6101,157461,140596.613,28646846.68361
2025-02-10 01:00:00,203.99,204.21,197.74,198.36,205907.435,2025-02-10 01:59:59.999,41292031.90108,178420,91245.143,18320763.76909
2025-02-10 02:00:00,198.36,199.62,195.85,198.88,275205.45,2025-02-10 02:59:59.999,54302531.26281,193957,145538.53,28713526.71607
2025-02-10 03:00:00,198.88,204.48,198.31,201.97,249742.842,2025-02-10 03:59:59.999,50320494.79421,203019,129967.695,26158450.90106
2025-02-10 04:00:00,201.97,202.89,200.53,201.0,154224.918,2025-02-10 04:59:59.999,31117124.16994,112204,85520.13,17255160.75412
2025-02-10 05:00:00,200.99,204.6,199.95,202.45,169944.232,2025-02-10 05:59:59.999,34405651.53654,111094,105861.63,21430799.93518
2025-02-10 06:00:00,202.46,203.38,201.54,202.94,185689.065,2025-02-10 06:59:59.999,37601826.12751,89888,101467.926,20549822.79065
2025-02-10 07:00:00,202.94,203.96,202.17,202.77,176941.785,2025-02-10 07:59:59.999,35944281.75179,82750,89555.266,18190308.04503
2025-02-10 08:00:00,202.77,205.63,202.56,205.21,256313.38,2025-02-10 08:59:59.999,52397629.39881,130226,121752.541,24906073.9206
2025-02-10 09:00:00,205.22,205.97,203.72,205.08,116774.421,2025-02-10 09:59:59.999,23924435.51531,83250,65167.715,13352309.07738
2025-02-10 10:00:00,205.07,205.3,203.28,204.12,125396.45,2025-02-10 10:59:59.999,25610450.80639,78528,61784.003,12618403.00465
2025-02-10 11:00:00,204.11,205.38,203.58,204.5,99818.845,2025-02-10 11:59:59.999,20420523.48941,76294,48050.993,9832485.3226
2025-02-10 12:00:00,204.5,204.85,202.48,202.83,103922.826,2025-02-10 12:59:59.999,21165119.26977,86201,46245.232,9420000.37564
2025-02-10 13:00:00,202.82,209.04,202.68,208.56,251652.756,2025-02-10 13:59:59.999,51894796.77692,142494,120938.401,24925135.96343
2025-02-10 14:00:00,208.56,209.05,203.72,204.6,328565.168,2025-02-10 14:59:59.999,67778293.91974,222831,140170.782,28912859.81918
2025-02-10 15:00:00,204.6,206.12,201.48,203.07,254251.407,2025-02-10 15:59:59.999,51762910.82782,170492,137770.144,28064248.34757
2025-02-10 16:00:00,203.07,204.41,202.07,203.19,178433.051,2025-02-10 16:59:59.999,36288996.12215,96192,104410.067,21245102.24233
2025-02-10 17:00:00,203.2,204.08,202.08,203.59,140382.343,2025-02-10 17:59:59.999,28529534.12526,81793,80783.21,16423257.59873
2025-02-10 18:00:00,203.59,203.68,202.21,203.22,94796.785,2025-02-10 18:59:59.999,19233387.46835,68377,53706.051,10896006.64633
2025-02-10 19:00:00,203.22,203.42,201.03,201.37,91037.387,2025-02-10 19:59:59.999,18428714.04437,56923,38471.314,7789681.53619
2025-02-10 20:00:00,201.36,203.0,200.99,201.12,140989.351,2025-02-10 20:59:59.999,28482975.32186,57710,73117.723,14768966.27598
2025-02-10 21:00:00,201.11,201.2,200.0,200.18,73090.558,2025-02-10 21:59:59.999,14659053.25023,45679,31068.344,6233362.05698
2025-02-10 22:00:00,200.17,200.87,199.27,200.09,84752.165,2025-02-10 22:59:59.999,16951833.8198,50698,40643.384,8128878.3757
2025-02-10 23:00:00,200.08,200.66,199.37,200.47,63667.556,2025-02-10 23:59:59.999,12730446.70356,61275,35649.775,7128625.44772
2025-02-11 00:00:00,200.47,202.87,199.94,201.75,260084.046,2025-02-11 00:59:59.999,52502974.67346,98016,174710.254,35278188.69875
2025-02-11 01:00:00,201.75,204.66,201.73,203.76,216097.605,2025-02-11 01:59:59.999,43906804.72334,95989,110761.788,22491151.08098
2025-02-11 02:00:00,203.75,204.05,200.42,201.41,173493.184,2025-02-11 02:59:59.999,35006308.65197,91893,74204.45,14968018.5382
2025-02-11 03:00:00,201.42,201.48,200.58,201.11,88504.791,2025-02-11 03:59:59.999,17790742.184,57719,47429.39,9534065.27064
2025-02-11 04:00:00,201.11,203.91,201.04,203.8,352188.288,2025-02-11 04:59:59.999,71501993.3849,106912,180970.134,36738936.18982
2025-02-11 05:00:00,203.79,205.53,203.36,205.1,367036.356,2025-02-11 05:59:59.999,75007631.17459,124406,186432.195,38096705.76155
2025-02-11 06:00:00,205.1,206.18,203.8,205.61,140885.351,2025-02-11 06:59:59.999,28867948.48609,83279,76479.922,15675982.29646
2025-02-11 07:00:00,205.6,205.73,204.12,204.39,117700.068,2025-02-11 07:59:59.999,24125236.90915,73164,51605.721,10580070.51955
2025-02-11 08:00:00,204.39,205.95,203.79,204.78,268033.03,2025-02-11 08:59:59.999,54892349.63007,100372,123540.398,25309737.80534
2025-02-11 09:00:00,204.77,205.09,202.43,202.87,145456.462,2025-02-11 09:59:59.999,29658332.24483,87215,62940.681,12838976.46014
2025-02-11 10:00:00,202.86,203.26,201.2,202.32,174585.89,2025-02-11 10:59:59.999,35317727.66084,100323,91159.738,18447202.9087
2025-02-11 11:00:00,202.33,203.4,201.92,203.4,95660.03,2025-02-11 11:59:59.999,19385546.85579,60927,49116.119,9953297.91903
2025-02-11 12:00:00,203.39,203.4,201.4,202.35,131564.539,2025-02-11 12:59:59.999,26601485.67193,75646,54199.947,10953137.5368
2025-02-11 13:00:00,202.35,202.61,197.8,198.31,250441.429,2025-02-11 13:59:59.999,50108664.81193,149467,93475.951,18714476.81904
2025-02-11 14:00:00,198.31,200.18,197.85,199.73,234618.61,2025-02-11 14:59:59.999,46710355.53976,151144,103790.151,20666850.58405
2025-02-11 15:00:00,199.74,201.05,198.23,199.47,112874.992,2025-02-11 15:59:59.999,22551018.78771,129930,55825.41,11155876.57214
2025-02-11 16:00:00,199.47,200.12,197.89,198.03,93636.633,2025-02-11 16:59:59.999,18630208.75383,91677,38039.935,7570881.90866
2025-02-11 17:00:00,198.04,199.04,196.62,198.64,116033.611,2025-02-11 17:59:59.999,22962160.6681,103489,57683.682,11418787.52188
2025-02-11 18:00:00,198.64,198.64,196.01,196.66,107628.471,2025-02-11 18:59:59.999,21194907.06298,103739,38445.305,7575320.14546
2025-02-11 19:00:00,196.67,197.16,195.12,195.65,92835.799,2025-02-11 19:59:59.999,18190022.41994,95835,37201.083,7289599.73188
2025-02-11 20:00:00,195.65,197.74,195.52,196.72,76871.856,2025-02-11 20:59:59.999,15105708.72895,82053,42604.329,8374096.6144
2025-02-11 21:00:00,196.71,198.81,196.39,198.29,117437.117,2025-02-11 21:59:59.999,23258174.01232,85239,52739.412,10438370.6826
2025-02-11 22:00:00,198.29,199.49,196.23,196.95,84651.013,2025-02-11 22:59:59.999,16795022.79987,63189,46493.273,9227527.49663
2025-02-11 23:00:00,196.95,198.84,196.73,197.96,111919.164,2025-02-11 23:59:59.999,22111407.86121,77912,70349.281,13889175.62381
2025-02-12 00:00:00,197.95,198.56,196.67,198.04,73421.781,2025-02-12 00:59:59.999,14513768.80226,78488,35377.128,6995065.48828
2025-02-12 01:00:00,198.05,198.43,196.4,197.37,58949.244,2025-02-12 01:59:59.999,11629172.96332,62659,28353.71,5594735.06211
2025-02-12 02:00:00,197.37,197.51,194.55,195.66,102536.135,2025-02-12 02:59:59.999,20116607.99836,76363,43352.426,8514998.05137
2025-02-12 03:00:00,195.67,195.86,193.85,194.33,119116.901,2025-02-12 03:59:59.999,23198764.14136,111095,56379.972,10982726.56677
2025-02-12 04:00:00,194.33,195.07,193.39,194.51,94120.286,2025-02-12 04:59:59.999,18272222.19454,93262,43663.286,8477665.44059
2025-02-12 05:00:00,194.51,196.24,194.24,195.76,60538.484,2025-02-12 05:59:59.999,11840698.21601,70095,32698.748,6395633.70107
2025-02-12 06:00:00,195.75,195.91,193.13,193.78,67409.025,2025-02-12 06:59:59.999,13109360.93321,58910,28347.084,5515606.4949
2025-02-12 07:00:00,193.78,196.18,193.54,195.19,79275.851,2025-02-12 07:59:59.999,15469754.09197,74628,40638.635,7929865.21006
2025-02-12 08:00:00,195.2,196.74,195.09,196.2,60354.912,2025-02-12 08:59:59.999,11835164.05987,68232,29967.337,5877451.12595
2025-02-12 09:00:00,196.21,196.98,195.19,196.64,80334.296,2025-02-12 09:59:59.999,15759912.26452,62140,50355.767,9884563.63285
2025-02-12 10:00:00,196.64,196.96,195.65,196.02,56745.697,2025-02-12 10:59:59.999,11137685.63559,53430,21997.787,4317707.63221
2025-02-12 11:00:00,196.02,198.01,196.02,197.37,81491.485,2025-02-12 11:59:59.999,16054539.75712,70132,36269.385,7147415.86448
2025-02-12 12:00:00,197.36,198.13,196.44,196.45,62843.358,2025-02-12 12:59:59.999,12403089.08259,65320,29407.848,5805017.68454
2025-02-12 13:00:00,196.45,198.55,189.4,191.97,872777.267,2025-02-12 13:59:59.999,167688500.97452,435944,436095.225,83769777.23532
2025-02-12 14:00:00,191.97,193.51,188.48,193.48,338433.017,2025-02-12 14:59:59.999,64703836.21864,271687,152749.505,29218260.95986
2025-02-12 15:00:00,193.48,193.86,190.2,192.0,275034.295,2025-02-12 15:59:59.999,52956270.82698,210491,143340.459,27597562.60718
2025-02-12 16:00:00,192.01,194.96,189.34,194.68,240458.436,2025-02-12 16:59:59.999,46148479.07773,191474,118366.176,22739587.5569
2025-02-12 17:00:00,194.68,196.66,194.16,195.14,346076.864,2025-02-12 17:59:59.999,67559550.48109,196321,149836.878,29253500.37352
2025-02-12 18:00:00,195.14,195.41,192.71,193.14,146779.051,2025-02-12 18:59:59.999,28413714.01268,99138,65336.012,12645606.87573
2025-02-12 19:00:00,193.14,193.83,191.23,193.7,146984.585,2025-02-12 19:59:59.999,28347271.02433,97752,68343.396,13180892.97347
2025-02-12 20:00:00,193.71,195.5,193.02,194.64,93039.763,2025-02-12 20:59:59.999,18079925.24733,94925,45838.019,8908518.73242
2025-02-12 21:00:00,194.65,196.62,193.91,195.78,122955.822,2025-02-12 21:59:59.999,24052709.58829,77801,59878.967,11716076.18871
2025-02-12 22:00:00,195.78,198.48,195.46,196.99,183879.589,2025-02-12 22:59:59.999,36256727.38322,107566,94079.048,18554986.17645
2025-02-12 23:00:00,196.98,197.5,195.47,196.78,134977.177,2025-02-12 23:59:59.999,26528312.71176,80072,53074.246,10428610.23387
2025-02-13 00:00:00,196.78,196.91,194.96,195.54,97702.25,2025-02-13 00:59:59.999,19113586.47814,73456,36721.875,7187692.66843
2025-02-13 01:00:00,195.54,197.83,195.5,197.66,126064.12,2025-02-13 01:59:59.999,24786757.55786,79835,75779.258,14897298.13193
2025-02-13 02:00:00,197.65,197.88,196.17,196.85,86179.891,2025-02-13 02:59:59.999,16974732.89497,72549,45645.211,8993728.73264
2025-02-13 03:00:00,196.86,198.19,196.81,198.19,72499.833,2025-02-13 03:59:59.999,14327148.08511,67989,40464.11,7996205.94794
2025-02-13 04:00:00,198.19,198.47,195.23,195.7,88550.812,2025-02-13 04:59:59.999,17426813.19506,71795,36172.808,7121991.2978
2025-02-13 05:00:00,195.69,196.32,194.6,195.11,68937.827,2025-02-13 05:59:59.999,13472453.55335,61508,32999.919,6449792.48417
2025-02-13 06:00:00,195.12,195.54,193.2,193.49,83838.525,2025-02-13 06:59:59.999,16297098.67231,84108,36037.348,7007700.21997
2025-02-13 07:00:00,193.5,194.13,192.75,193.07,90269.866,2025-02-13 07:59:59.999,17458646.95669,81843,34766.741,6725249.1654
2025-02-13 08:00:00,193.07,193.45,191.84,192.37,111758.776,2025-02-13 08:59:59.999,21536113.06637,104281,38626.332,7443930.05478
2025-02-13 09:00:00,192.36,193.52,191.84,193.35,62746.995,2025-02-13 09:59:59.999,12110630.93797,55836,32907.928,6351511.18651
2025-02-13 10:00:00,193.36,193.5,192.42,192.66,76078.858,2025-02-13 10:59:59.999,14678010.34162,49041,38609.045,7449224.49994
2025-02-13 11:00:00,192.67,192.95,191.1,191.91,98512.364,2025-02-13 11:59:59.999,18904140.5588,72330,36503.941,7004733.75585
2025-02-13 12:00:00,191.91,192.21,190.82,191.14,86366.908,2025-02-13 12:59:59.999,16544328.94022,68324,33597.23,6439148.7865
2025-02-13 13:00:00,191.15,192.34,190.27,190.97,175504.881,2025-02-13 13:59:59.999,33556407.07399,141554,82555.316,15786450.62596
2025-02-13 14:00:00,190.97,191.59,188.78,190.84,266445.626,2025-02-13 14:59:59.999,50658826.12031,177040,118596.383,22558927.77461
2025-02-13 15:00:00,190.83,193.12,189.62,191.94,150065.674,2025-02-13 15:59:59.999,28768081.32522,132133,79938.306,15319696.05102
2025-02-13 16:00:00,191.93,191.93,190.02,190.72,149649.226,2025-02-13 16:59:59.999,28545761.94949,126323,81787.972,15599536.10783
2025-02-13 17:00:00,190.71,192.62,190.56,191.69,92074.445,2025-02-13 17:59:59.999,17662773.50874,90311,46048.796,8832223.69413
2025-02-13 18:00:00,191.7,193.45,191.15,193.39,78245.565,2025-02-13 18:59:59.999,15035992.94827,73302,39391.097,7572160.30819
2025-02-13 19:00:00,193.38,194.6,191.87,192.68,106578.128,2025-02-13 19:59:59.999,20599243.09843,77711,47593.988,9199295.6111
2025-02-13 20:00:00,192.68,195.17,192.57,194.51,89030.413,2025-02-13 20:59:59.999,17299728.08743,57649,39995.054,7770683.94868
2025-02-13 21:00:00,194.51,195.45,194.13,195.0,63068.374,2025-02-13 21:59:59.999,12292344.91861,49253,31903.298,6217130.53079
2025-02-13 22:00:00,194.99,195.16,193.76,193.99,56830.205,2025-02-13 22:59:59.999,11064685.63103,35567,28504.85,5550435.3141
2025-02-13 23:00:00,193.99,194.66,193.76,194.25,50772.314,2025-02-13 23:59:59.999,9860771.27205,46338,24237.968,4707359.89686
2025-02-14 00:00:00,194.24,195.99,194.11,195.97,75986.806,2025-02-14 00:59:59.999,14816598.66075,55956,44821.693,8740376.53992
2025-02-14 01:00:00,195.96,196.2,194.82,195.84,87438.56,2025-02-14 01:59:59.999,17102052.54419,56815,45532.829,8906463.55097
2025-02-14 02:00:00,195.84,196.7,195.52,195.69,61207.162,2025-02-14 02:59:59.999,12011242.85927,50246,33992.878,6670826.38693
2025-02-14 03:00:00,195.7,197.35,195.63,197.0,60861.597,2025-02-14 03:59:59.999,11959505.52391,42708,35499.231,6978364.14484
2025-02-14 04:00:00,197.0,197.37,195.23,195.42,51422.484,2025-02-14 04:59:59.999,10092072.2636,34981,19225.117,3773970.42344
2025-02-14 05:00:00,195.42,196.0,194.72,195.49,67748.001,2025-02-14 05:59:59.999,13234590.15428,38755,35427.597,6921946.598
2025-02-14 06:00:00,195.48,196.27,195.25,196.22,46594.817,2025-02-14 06:59:59.999,9123449.6584,42447,19634.865,3844512.65329
2025-02-14 07:00:00,196.21,197.05,196.05,196.59,52986.349,2025-02-14 07:59:59.999,10420356.49646,37952,22610.043,4446964.83944
2025-02-14 08:00:00,196.59,198.18,196.35,197.51,117224.014,2025-02-14 08:59:59.999,23154731.10665,60283,62468.083,12342947.07416
2025-02-14 09:00:00,197.51,200.03,197.3,199.92,259084.263,2025-02-14 09:59:59.999,51450244.51472,97528,147932.617,29405376.27578
2025-02-14 10:00:00,199.91,201.22,199.7,200.61,223081.065,2025-02-14 10:59:59.999,44720565.352,100831,117699.166,23601602.17277
2025-02-14 11:00:00,200.61,201.4,198.97,199.59,134517.424,2025-02-14 11:59:59.999,26945153.43653,72222,57741.608,11570226.3794
2025-02-14 12:00:00,199.59,199.65,196.71,197.03,129500.399,2025-02-14 12:59:59.999,25638818.37825,76952,42226.729,8357499.60209
2025-02-14 13:00:00,197.03,198.28,196.45,197.81,90683.711,2025-02-14 13:59:59.999,17901624.20901,67903,47429.175,9365025.89667
2025-02-14 14:00:00,197.8,200.56,196.76,199.76,191319.729,2025-02-14 14:59:59.999,37950728.3624,105214,113995.01,22601509.6222
2025-02-14 15:00:00,199.77,202.12,198.04,200.86,277601.168,2025-02-14 15:59:59.999,55571768.62542,192838,136865.407,27398757.07886
2025-02-14 16:00:00,200.85,202.11,198.84,201.62,199370.786,2025-02-14 16:59:59.999,40001405.76262,143760,102087.934,20483913.845
2025-02-14 17:00:00,201.62,205.16,200.78,204.63,377822.425,2025-02-14 17:59:59.999,76793303.05068,162649,219259.572,44592077.91016
2025-02-14 18:00:00,204.63,205.34,202.52,202.73,244277.299,2025-02-14 18:59:59.999,49895208.39873,120146,89797.659,18339633.82415
2025-02-14 19:00:00,202.73,203.69,200.93,201.56,111473.766,2025-02-14 19:59:59.999,22570242.05133,79137,51293.427,10389582.90917
2025-02-14 20:00:00,201.56,202.24,200.82,201.17,113582.805,2025-02-14 20:59:59.999,22902809.13569,64067,57504.427,11597131.60712
2025-02-14 21:00:00,201.18,201.8,199.5,201.47,103608.496,2025-02-14 21:59:59.999,20798549.19714,85647,52004.754,10442393.88444
2025-02-14 22:00:00,201.46,201.97,198.09,199.41,433870.48,2025-02-14 22:59:59.999,86793309.17909,131840,254624.767,50951378.67516
2025-02-14 23:00:00,199.41,200.08,198.33,199.39,216422.457,2025-02-14 23:59:59.999,43144924.51932,126855,108264.729,21588725.92784
2025-02-15 00:00:00,199.4,199.48,196.76,198.09,173657.153,2025-02-15 00:59:59.999,34361923.17718,103985,69619.234,13772632.79512
2025-02-15 01:00:00,198.08,199.67,197.9,199.49,71323.928,2025-02-15 01:59:59.999,14163095.92528,56384,44333.665,8803513.18014
2025-02-15 02:00:00,199.49,200.27,198.37,199.22,94289.079,2025-02-15 02:59:59.999,18784922.79127,57090,45692.025,9105629.85919
2025-02-15 03:00:00,199.22,199.94,197.87,198.36,74806.242,2025-02-15 03:59:59.999,14890462.94582,43525,31287.948,6229023.52587
2025-02-15 04:00:00,198.36,198.87,197.25,197.46,44470.679,2025-02-15 04:59:59.999,8805921.94957,36954,19916.376,3944214.01147
2025-02-15 05:00:00,197.47,197.96,196.88,197.31,52169.23,2025-02-15 05:59:59.999,10293334.3899,41295,22026.766,4345741.68971
2025-02-15 06:00:00,197.3,197.34,195.65,195.79,63466.637,2025-02-15 06:59:59.999,12471222.21982,56388,26775.072,5263200.41805
2025-02-15 07:00:00,195.79,196.77,195.25,195.9,58380.777,2025-02-15 07:59:59.999,11442866.95305,45492,31814.44,6235727.85451
2025-02-15 08:00:00,195.9,196.64,195.76,196.08,48466.157,2025-02-15 08:59:59.999,9512723.78136,40455,23096.891,4533529.08583
2025-02-15 09:00:00,196.08,196.74,195.14,195.2,69546.915,2025-02-15 09:59:59.999,13617470.08731,50152,29289.897,5736803.54614
2025-02-15 10:00:00,195.2,195.33,193.89,195.05,186303.509,2025-02-15 10:59:59.999,36238263.6082,85535,93346.671,18150704.69984
2025-02-15 11:00:00,195.05,195.31,194.02,194.85,86011.515,2025-02-15 11:59:59.999,16743002.29719,63202,34183.241,6653543.12737
2025-02-15 12:00:00,194.85,196.03,194.63,195.69,67823.337,2025-02-15 12:59:59.999,13261102.93026,63435,34423.967,6731256.413
2025-02-15 13:00:00,195.69,196.06,194.84,195.01,61262.869,2025-02-15 13:59:59.999,11972641.33037,50078,34482.641,6741825.63055
2025-02-15 14:00:00,195.01,195.03,193.26,194.29,104902.163,2025-02-15 14:59:59.999,20349372.94082,83731,49024.726,9509983.39802
2025-02-15 15:00:00,194.3,194.66,193.53,194.66,52075.27,2025-02-15 15:59:59.999,10111858.04488,48660,29510.117,5730477.42093
2025-02-15 16:00:00,194.66,195.05,193.93,194.3,44042.302,2025-02-15 16:59:59.999,8568121.08279,52611,21395.712,4162840.5631
2025-02-15 17:00:00,194.3,194.74,193.32,193.67,46438.665,2025-02-15 17:59:59.999,9009951.56096,51492,23212.104,4501979.93339
2025-02-15 18:00:00,193.68,195.1,193.58,194.83,39647.594,2025-02-15 18:59:59.999,7713102.22324,39345,20233.04,3936208.93981
2025-02-15 19:00:00,194.83,195.0,194.05,194.17,28732.993,2025-02-15 19:59:59.999,5589208.62261,27238,16187.686,3148846.07639
2025-02-15 20:00:00,194.18,194.51,192.61,193.22,72135.844,2025-02-15 20:59:59.999,13951334.6022,40683,25962.882,5020335.62263
2025-02-15 21:00:00,193.22,194.33,193.21,194.33,32587.225,2025-02-15 21:59:59.999,6316425.74978,31969,19482.422,3775946.30008
2025-02-15 22:00:00,194.33,194.92,193.6,194.5,27846.959,2025-02-15 22:59:59.999,5407721.93781,26126,14660.152,2847134.38097
2025-02-15 23:00:00,194.5,195.03,194.12,194.48,32913.357,2025-02-15 23:59:59.999,6404227.68399,35516,18213.522,3543949.66903
2025-02-16 00:00:00,194.47,195.51,194.38,195.04,75818.977,2025-02-16 00:59:59.999,14786561.87773,37036,36411.919,7100571.7873
2025-02-16 01:00:00,195.05,195.09,193.44,194.85,62363.564,2025-02-16 01:59:59.999,12115876.6024,45444,36299.059,7051918.88556
2025-02-16 02:00:00,194.86,195.04,193.28,193.58,41554.597,2025-02-16 02:59:59.999,8060523.25868,37789,22876.184,4438041.24911
2025-02-16 03:00:00,193.57,194.79,193.05,194.73,55515.539,2025-02-16 03:59:59.999,10749161.77586,38296,30229.783,5854476.80218
2025-02-16 04:00:00,194.72,195.11,194.26,194.54,26557.547,2025-02-16 04:59:59.999,5170562.02156,31033,12105.115,2356883.42517
2025-02-16 05:00:00,194.55,195.71,194.22,195.14,32735.685,2025-02-16 05:59:59.999,6376449.50414,27333,16242.387,3165506.15103
2025-02-16 06:00:00,195.13,196.24,195.02,195.29,45813.259,2025-02-16 06:59:59.999,8959905.11518,34543,25880.672,5061973.46444
2025-02-16 07:00:00,195.28,195.28,192.34,192.89,110147.16,2025-02-16 07:59:59.999,21297215.47559,61405,40271.965,7786898.19953
2025-02-16 08:00:00,192.9,193.71,192.68,193.22,44056.903,2025-02-16 08:59:59.999,8512385.04207,38876,18895.836,3650424.33308
2025-02-16 09:00:00,193.23,193.77,192.21,193.72,44583.989,2025-02-16 09:59:59.999,8600489.20771,42939,22262.386,4294741.05824
2025-02-16 10:00:00,193.72,194.0,192.93,193.04,35274.935,2025-02-16 10:59:59.999,6825207.94356,34762,15539.709,3006680.04349
2025-02-16 11:00:00,193.04,193.86,192.96,193.73,42021.723,2025-02-16 11:59:59.999,8126506.79937,34518,21161.639,4092002.46581
2025-02-16 12:00:00,193.72,193.78,192.5,192.66,44755.101,2025-02-16 12:59:59.999,8639876.50405,43609,17656.286,3408259.60065
2025-02-16 13:00:00,192.65,192.83,190.16,190.73,158757.462,2025-02-16 13:59:59.999,30389251.29218,73649,63461.568,12150875.63032
2025-02-16 14:00:00,190.73,191.1,189.23,190.11,315109.378,2025-02-16 14:59:59.999,59911158.15235,113254,119134.866,22650707.35753
2025-02-16 15:00:00,190.11,190.66,189.87,190.32,78544.315,2025-02-16 15:59:59.999,14946125.09118,48725,42356.737,8060306.11254
2025-02-16 16:00:00,190.32,191.27,189.89,190.35,75301.2,2025-02-16 16:59:59.999,14346997.32652,50725,34646.602,6601608.07015
2025-02-16 17:00:00,190.34,191.1,189.71,190.03,55865.487,2025-02-16 17:59:59.999,10632294.74288,46125,27912.73,5312607.77784
2025-02-16 18:00:00,190.03,190.15,187.66,189.27,269258.804,2025-02-16 18:59:59.999,50836807.00067,113569,106155.706,20062911.6975
2025-02-16 19:00:00,189.27,189.4,187.64,189.23,71829.313,2025-02-16 19:59:59.999,13545024.10562,56750,39513.126,7451557.90341
2025-02-16 20:00:00,189.22,189.92,187.94,188.3,60839.226,2025-02-16 20:59:59.999,11490551.85529,44847,32704.019,6179754.2598
2025-02-16 21:00:00,188.3,189.62,186.3,188.95,147092.535,2025-02-16 21:59:59.999,27612603.40385,99716,69939.305,13137638.34851
2025-02-16 22:00:00,188.96,189.21,187.35,188.84,54350.569,2025-02-16 22:59:59.999,10235876.71071,44888,26516.281,4994085.3136
2025-02-16 23:00:00,188.84,189.06,187.55,188.27,61233.594,2025-02-16 23:59:59.999,11537436.86324,72155,32542.139,6132071.86946
2025-02-17 00:00:00,188.26,189.42,188.15,189.02,55211.574,2025-02-17 00:59:59.999,10423161.21729,57948,27056.498,5108347.58614
2025-02-17 01:00:00,189.01,189.72,187.91,189.12,76724.79,2025-02-17 01:59:59.999,14488734.23167,49401,31534.199,5955344.1691
2025-02-17 02:00:00,189.13,189.36,187.02,187.14,73838.028,2025-02-17 02:59:59.999,13912439.56984,49043,35583.594,6711166.05853
2025-02-17 03:00:00,187.14,187.14,185.28,186.34,102404.899,2025-02-17 03:59:59.999,19072792.61512,67597,34984.779,6517456.59054
2025-02-17 04:00:00,186.33,186.49,183.18,183.18,213703.139,2025-02-17 04:59:59.999,39499839.3756,99124,85020.524,15711837.9135
2025-02-17 05:00:00,183.19,184.25,180.77,184.18,351015.541,2025-02-17 05:59:59.999,64048105.05877,203974,165199.207,30160955.218
2025-02-17 06:00:00,184.19,184.94,182.63,183.54,130500.877,2025-02-17 06:59:59.999,24031904.8014,97479,66918.448,12325415.11479
2025-02-17 07:00:00,183.54,183.88,180.89,181.35,211887.696,2025-02-17 07:59:59.999,38547549.94285,116803,99689.738,18129287.58197
2025-02-17 08:00:00,181.36,183.99,180.12,183.95,256333.401,2025-02-17 08:59:59.999,46709830.79112,118224,97813.78,17836564.46015
2025-02-17 09:00:00,183.96,185.2,183.73,184.2,186060.442,2025-02-17 09:59:59.999,34331560.12014,78484,67285.746,12416592.58202
2025-02-17 10:00:00,184.2,185.5,182.99,183.51,135852.812,2025-02-17 10:59:59.999,25022542.44811,84512,67133.367,12366566.89352
2025-02-17 11:00:00,183.52,184.53,183.05,184.25,87769.356,2025-02-17 11:59:59.999,16151155.52585,59277,46452.395,8549121.58796
2025-02-17 12:00:00,184.25,186.9,184.21,186.0,117511.841,2025-02-17 12:59:59.999,21817170.72462,67926,69385.324,12883548.30411
2025-02-17 13:00:00,186.01,186.05,184.75,184.95,69411.698,2025-02-17 13:59:59.999,12865225.65811,49952,34440.644,6384025.21917
2025-02-17 14:00:00,184.94,186.94,183.46,184.26,269174.693,2025-02-17 14:59:59.999,49791789.21137,128963,131285.594,24294700.55885
2025-02-17 15:00:00,184.27,184.77,179.84,180.36,355790.937,2025-02-17 15:59:59.999,64534392.06698,168629,128451.943,23331512.25647
2025-02-17 16:00:00,180.37,181.41,177.91,178.32,310796.905,2025-02-17 16:59:59.999,55705299.47307,192130,139118.457,24945796.26625
2025-02-17 17:00:00,178.32,179.3,177.35,177.41,215465.68,2025-02-17 17:59:59.999,38406962.74071,117611,99947.286,17815746.42801
2025-02-17 18:00:00,177.41,178.66,175.31,175.7,287582.631,2025-02-17 18:59:59.999,50822623.92236,141318,139565.696,24681859.08003
2025-02-17 19:00:00,175.69,178.13,174.63,177.09,323517.164,2025-02-17 19:59:59.999,57173563.17686,134685,143337.324,25330392.14364
2025-02-17 20:00:00,177.1,179.46,177.01,178.49,154208.351,2025-02-17 20:59:59.999,27525263.41553,83615,80659.456,14393025.10746
2025-02-17 21:00:00,178.5,181.23,178.4,181.18,87636.99,2025-02-17 21:59:59.999,15769096.51609,66986,54089.406,9732168.4419
2025-02-17 22:00:00,181.18,181.3,178.58,178.79,137691.276,2025-02-17 22:59:59.999,24802165.18038,53764,59675.292,10752739.35474
2025-02-17 23:00:00,178.79,179.38,177.4,177.53,77483.009,2025-02-17 23:59:59.999,13818022.7984,48564,33011.58,5889996.31519
2025-02-18 00:00:00,177.53,178.04,175.46,176.79,140915.966,2025-02-18 00:59:59.999,24894635.20839,95520,60403.403,10673226.9855
2025-02-18 01:00:00,176.78,178.5,176.36,178.01,116462.324,2025-02-18 01:59:59.999,20695805.99944,98166,60729.285,10791819.46356
2025-02-18 02:00:00,178.01,178.67,177.11,178.33,102387.357,2025-02-18 02:59:59.999,18224831.67727,66917,54051.963,9622339.27905
2025-02-18 03:00:00,178.34,179.09,177.56,177.98,64985.392,2025-02-18 03:59:59.999,11582654.22965,56902,32281.217,5754619.13322
2025-02-18 04:00:00,177.98,178.01,175.44,175.83,90229.685,2025-02-18 04:59:59.999,15932254.93177,70392,35465.585,6259910.53995
2025-02-18 05:00:00,175.83,175.86,171.55,172.25,385303.255,2025-02-18 05:59:59.999,66913231.87656,186821,179013.992,31084079.51585
2025-02-18 06:00:00,172.25,172.34,164.44,165.32,967903.746,2025-02-18 06:59:59.999,162648905.58467,463209,381653.278,64058581.5513
2025-02-18 07:00:00,165.32,168.22,163.93,165.72,527033.873,2025-02-18 07:59:59.999,87462890.00345,303335,255462.013,42425729.55095
2025-02-18 08:00:00,165.73,167.06,163.73,163.89,296756.109,2025-02-18 08:59:59.999,49131404.19779,170409,148773.408,24644511.01015
2025-02-18 09:00:00,163.89,170.07,163.17,170.0,578901.782,2025-02-18 09:59:59.999,96666690.10819,260068,335346.746,55988864.9858
2025-02-18 10:00:00,170.0,170.92,167.59,167.95,242420.655,2025-02-18 10:59:59.999,41021713.0046,128849,126581.405,21436587.4951
2025-02-18 11:00:00,167.95,169.24,167.64,168.72,124603.933,2025-02-18 11:59:59.999,20989785.46593,94619,65473.6,11029460.26078
2025-02-18 12:00:00,168.71,171.5,168.4,170.7,212794.15,2025-02-18 12:59:59.999,36150998.40218,132425,116398.416,19778179.17665
2025-02-18 13:00:00,170.7,170.78,168.47,169.68,145482.036,2025-02-18 13:59:59.999,24666085.98756,117631,68771.067,11663043.45587
2025-02-18 14:00:00,169.68,170.88,165.51,166.98,260010.794,2025-02-18 14:59:59.999,43754913.33762,195103,124784.926,21027984.22986
2025-02-18 15:00:00,166.98,167.42,164.34,165.95,267435.263,2025-02-18 15:59:59.999,44387926.03149,200302,128950.533,21405629.57501
2025-02-18 16:00:00,165.95,167.11,162.41,162.42,360971.981,2025-02-18 16:59:59.999,59417151.62305,226396,169980.021,27991581.76655
2025-02-18 17:00:00,162.43,164.19,160.88,163.52,387930.967,2025-02-18 17:59:59.999,63031664.19507,246315,180502.571,29333952.00927
2025-02-18 18:00:00,163.51,165.67,162.82,163.97,217214.498,2025-02-18 18:59:59.999,35726481.22816,154198,110531.391,18183618.71171
2025-02-18 19:00:00,163.97,166.01,163.14,165.31,185248.876,2025-02-18 19:59:59.999,30465048.33321,112878,94499.137,15542900.36784
2025-02-18 20:00:00,165.31,166.75,163.93,164.58,163943.381,2025-02-18 20:59:59.999,27108563.38921,95933,80500.155,13318534.93073
2025-02-18 21:00:00,164.58,168.87,164.31,167.58,199462.247,2025-02-18 21:59:59.999,33349107.16382,140419,115964.402,19387102.81274
2025-02-18 22:00:00,167.57,169.78,167.04,167.78,187095.466,2025-02-18 22:59:59.999,31470506.5448,76737,119499.656,20088418.60557
2025-02-18 23:00:00,167.78,169.61,167.3,169.32,93692.43,2025-02-18 23:59:59.999,15825300.16607,56591,43923.335,7419770.55358
2025-02-19 00:00:00,169.32,170.86,168.45,168.68,229202.514,2025-02-19 00:59:59.999,38928960.44633,94916,97637.292,16580723.07565
2025-02-19 01:00:00,168.69,168.74,167.03,168.44,142771.303,2025-02-19 01:59:59.999,23974887.22629,90441,62246.08,10453711.36638
2025-02-19 02:00:00,168.44,169.98,168.35,169.32,90589.972,2025-02-19 02:59:59.999,15325350.78751,89060,37282.23,6307320.94764
2025-02-19 03:00:00,169.33,169.39,166.66,167.48,92278.261,2025-02-19 03:59:59.999,15489856.75027,71325,38427.647,6449773.00352
2025-02-19 04:00:00,167.48,167.74,163.93,163.94,137284.018,2025-02-19 04:59:59.999,22740427.25522,84692,50678.312,8397670.28772
2025-02-19 05:00:00,163.94,167.2,163.75,167.1,101190.406,2025-02-19 05:59:59.999,16781838.68519,77009,53532.353,8877921.83098
2025-02-19 06:00:00,167.11,168.34,166.5,168.01,215685.122,2025-02-19 06:59:59.999,36065160.00873,87188,106247.977,17774784.58915
2025-02-19 07:00:00,168.01,169.84,167.85,168.95,129931.556,2025-02-19 07:59:59.999,21946011.75117,73784,85700.583,14473871.73924
2025-02-19 08:00:00,168.96,170.31,168.6,168.74,118353.751,2025-02-19 08:59:59.999,20061554.73424,75729,61117.736,10362998.37151
2025-02-19 09:00:00,168.75,171.53,168.42,170.75,120943.948,2025-02-19 09:59:59.999,20563509.96656,77805,68179.438,11593911.45004
2025-02-19 10:00:00,170.76,172.49,170.43,172.03,231805.499,2025-02-19 10:59:59.999,39772411.66333,106098,138583.392,23777357.07801
2025-02-19 11:00:00,172.03,174.3,172.0,173.92,180806.679,2025-02-19 11:59:59.999,31369222.8091,108947,104901.188,18200590.78377
2025-02-19 12:00:00,173.92,174.13,171.62,171.63,141245.224,2025-02-19 12:59:59.999,24433792.35176,82180,63213.402,10941500.70975
2025-02-19 13:00:00,171.63,172.76,170.82,171.59,158760.482,2025-02-19 13:59:59.999,27290060.97802,88803,68637.303,11800783.73913
2025-02-19 14:00:00,171.59,171.91,168.3,168.6,179124.002,2025-02-19 14:59:59.999,30508281.37998,143446,75446.763,12854920.74504
2025-02-19 15:00:00,168.61,171.37,168.14,169.74,189986.845,2025-02-19 15:59:59.999,32283660.55481,148214,77167.834,13100185.17583
2025-02-19 16:00:00,169.74,171.66,169.28,171.53,113958.403,2025-02-19 16:59:59.999,19460522.58282,94313,56992.376,9734047.1238
2025-02-19 17:00:00,171.53,173.44,170.54,170.82,151596.217,2025-02-19 17:59:59.999,26052479.13459,98050,77720.573,13359605.49411
2025-02-19 18:00:00,170.83,171.47,169.35,169.69,117047.472,2025-02-19 18:59:59.999,19920785.32573,98095,55223.046,9400030.2055
2025-02-19 19:00:00,169.69,170.64,168.15,168.7,135271.408,2025-02-19 19:59:59.999,22919068.76658,103406,60194.723,10198487.80163
2025-02-19 20:00:00,168.7,169.49,166.85,166.99,154114.493,2025-02-19 20:59:59.999,25914415.30722,90141,80446.627,13525684.90116
2025-02-19 21:00:00,166.99,168.03,166.41,166.97,78625.808,2025-02-19 21:59:59.999,13144913.32278,60787,38991.757,6520822.02478
2025-02-19 22:00:00,166.97,168.65,166.65,167.72,74875.281,2025-02-19 22:59:59.999,12548160.85608,47744,39242.53,6577158.59807
2025-02-19 23:00:00,167.72,169.96,167.72,168.93,192870.598,2025-02-19 23:59:59.999,32617120.17527,92927,121137.028,20489503.75434
2025-02-20 00:00:00,168.94,170.28,167.66,169.99,110701.619,2025-02-20 00:59:59.999,18721791.23942,92968,56357.432,9533817.94901
2025-02-20 01:00:00,169.99,170.63,167.95,168.24,92067.513,2025-02-20 01:59:59.999,15560727.62585,74133,34962.812,5910116.56544
2025-02-20 02:00:00,168.25,172.47,168.25,171.89,137099.988,2025-02-20 02:59:59.999,23345172.01121,102497,74267.063,12643430.86583
2025-02-20 03:00:00,171.89,172.89,170.78,172.44,127107.588,2025-02-20 03:59:59.999,21842253.57363,102181,67677.342,11630142.58006
2025-02-20 04:00:00,172.43,174.96,172.37,173.04,141080.905,2025-02-20 04:59:59.999,24460018.75114,91372,78714.378,13649737.37744
2025-02-20 05:00:00,173.03,173.34,172.17,172.38,91388.805,2025-02-20 05:59:59.999,15783817.52014,60175,45260.619,7816743.80068
2025-02-20 06:00:00,172.38,172.68,171.27,171.77,105513.828,2025-02-20 06:59:59.999,18152783.6515,60186,36238.826,6235092.93979
2025-02-20 07:00:00,171.78,172.2,170.86,171.77,68797.988,2025-02-20 07:59:59.999,11797702.94614,46634,29167.512,5002888.31241
2025-02-20 08:00:00,171.77,172.64,170.92,172.28,76938.74,2025-02-20 08:59:59.999,13218941.26871,57962,33847.109,5817097.18307
2025-02-20 09:00:00,172.28,172.63,171.71,172.06,71238.634,2025-02-20 09:59:59.999,12261262.98943,52402,34313.916,5906598.81297
2025-02-20 10:00:00,172.06,174.07,171.99,173.8,173589.092,2025-02-20 10:59:59.999,30013875.77964,79399,104510.858,18069626.93681
2025-02-20 11:00:00,173.79,175.15,173.38,173.99,189693.872,2025-02-20 11:59:59.999,33074160.81963,89811,97190.87,16942275.44305
2025-02-20 12:00:00,173.99,174.89,173.14,173.4,119224.849,2025-02-20 12:59:59.999,20773837.89608,82295,52838.793,9209001.25135
2025-02-20 13:00:00,173.4,174.17,172.52,174.14,163459.01,2025-02-20 13:59:59.999,28326894.3398,89450,70390.59,12200193.88432
2025-02-20 14:00:00,174.13,176.65,172.23,172.53,324378.07,2025-02-20 14:59:59.999,56764030.28543,166057,139965.423,24495007.13602
2025-02-20 15:00:00,172.54,173.42,171.21,171.61,149185.648,2025-02-20 15:59:59.999,25733081.04438,122879,68265.276,11780270.74997
2025-02-20 16:00:00,171.62,173.41,171.22,171.86,141001.538,2025-02-20 16:59:59.999,24300432.88089,105766,80108.069,13802582.25268
2025-02-20 17:00:00,171.86,173.46,171.67,173.38,72921.895,2025-02-20 17:59:59.999,12609317.40779,55031,35112.789,6071068.46156
2025-02-20 18:00:00,173.38,175.11,173.33,174.29,98530.028,2025-02-20 18:59:59.999,17175936.49457,85597,51571.891,8992176.33457
2025-02-20 19:00:00,174.3,175.46,174.02,174.98,87954.631,2025-02-20 19:59:59.999,15366262.74316,69236,45042.213,7870540.79087
2025-02-20 20:00:00,174.97,175.96,174.31,174.6,90345.209,2025-02-20 20:59:59.999,15815856.67202,67375,46263.217,8097993.22458
2025-02-20 21:00:00,174.6,174.75,173.22,173.32,153185.691,2025-02-20 21:59:59.999,26621576.76509,67788,93401.257,16227491.52418
2025-02-20 22:00:00,173.32,174.33,173.17,174.06,64559.707,2025-02-20 22:59:59.999,11219300.54849,40162,37570.137,6528746.43651
2025-02-20 23:00:00,174.05,176.54,174.02,176.0,88788.487,2025-02-20 23:59:59.999,15589799.56908,59441,44839.831,7871638.46219
2025-02-21 00:00:00,176.0,176.47,174.07,174.36,110676.311,2025-02-21 00:59:59.999,19393622.35216,76843,61921.855,10842650.08969
2025-02-21 01:00:00,174.35,174.73,173.27,174.28,71318.218,2025-02-21 01:59:59.999,12409743.9297,52917,37568.768,6537160.61588
2025-02-21 02:00:00,174.27,174.85,173.0,173.34,82245.239,2025-02-21 02:59:59.999,14286341.8523,63136,34915.81,6068018.57835
2025-02-21 03:00:00,173.34,174.5,173.11,173.28,64791.132,2025-02-21 03:59:59.999,11260926.07689,51851,29132.529,5063369.03076
2025-02-21 04:00:00,173.27,175.08,173.27,174.02,131864.659,2025-02-21 04:59:59.999,22939773.11842,59452,73147.439,12721003.32455
2025-02-21 05:00:00,174.03,175.56,173.86,175.1,117982.191,2025-02-21 05:59:59.999,20608255.75108,72754,58665.11,10243115.35482
2025-02-21 06:00:00,175.1,176.48,174.83,175.99,112521.865,2025-02-21 06:59:59.999,19757338.09122,49649,46031.956,8092691.68471
2025-02-21 07:00:00,175.98,176.8,175.35,175.86,87324.574,2025-02-21 07:59:59.999,15358079.57719,53908,46575.013,8190923.77132
2025-02-21 08:00:00,175.86,177.55,175.83,176.41,118587.551,2025-02-21 08:59:59.999,20959733.49941,75357,65910.349,11651087.43747
2025-02-21 09:00:00,176.4,180.28,176.28,177.54,312851.477,2025-02-21 09:59:59.999,55882145.35527,157173,177477.078,31708083.25408
2025-02-21 10:00:00,177.53,180.07,177.05,179.46,141156.196,2025-02-21 10:59:59.999,25255616.31457,87006,79610.926,14243463.43744
2025-02-21 11:00:00,179.46,179.52,177.05,177.21,106983.219,2025-02-21 11:59:59.999,19049195.45044,76611,51638.329,9195639.54517
2025-02-21 12:00:00,177.2,178.44,176.68,178.21,105780.261,2025-02-21 12:59:59.999,18784046.1069,72457,54583.417,9692372.02977
2025-02-21 13:00:00,178.21,180.52,177.71,180.02,199203.455,2025-02-21 13:59:59.999,35808296.77928,134624,106823.564,19200388.0578
2025-02-21 14:00:00,180.02,180.07,176.3,177.7,240997.435,2025-02-21 14:59:59.999,42859550.07111,144851,89453.605,15917104.06423
2025-02-21 15:00:00,177.69,178.63,170.56,173.17,543059.836,2025-02-21 15:59:59.999,94573222.3764,357265,235313.971,40962197.6675
2025-02-21 16:00:00,173.16,175.66,172.61,174.69,330222.059,2025-02-21 16:59:59.999,57538255.7696,209923,147371.404,25678261.57349
2025-02-21 17:00:00,174.7,175.46,170.64,171.7,314343.863,2025-02-21 17:59:59.999,54237251.92849,183525,125024.299,21580114.41719
2025-02-21 18:00:00,171.69,172.36,170.82,171.61,157907.495,2025-02-21 18:59:59.999,27100986.96048,119475,81843.435,14051339.97661
2025-02-21 19:00:00,171.61,171.61,168.18,168.42,306741.059,2025-02-21 19:59:59.999,51964234.66253,147781,124093.36,21020891.55236
2025-02-21 20:00:00,168.42,169.95,168.33,169.37,153623.666,2025-02-21 20:59:59.999,25998301.05339,101332,85914.599,14539672.36887
2025-02-21 21:00:00,169.38,169.97,167.15,168.12,110212.929,2025-02-21 21:59:59.999,18539776.30066,79900,53134.145,8936176.34712
2025-02-21 22:00:00,168.13,169.17,167.39,168.81,91940.285,2025-02-21 22:59:59.999,15453488.72139,52672,55867.686,9390795.24667
2025-02-21 23:00:00,168.8,169.4,167.93,168.94,91347.882,2025-02-21 23:59:59.999,15417979.55655,65990,48656.98,8212908.40322
2025-02-22 00:00:00,168.94,171.04,168.07,170.83,143899.52,2025-02-22 00:59:59.999,24414811.25549,78492,81705.25,13868876.41607
2025-02-22 01:00:00,170.84,172.76,170.36,171.88,218402.212,2025-02-22 01:59:59.999,37467531.29555,79647,95978.5,16467183.03544
2025-02-22 02:00:00,171.88,171.99,170.31,171.0,73644.888,2025-02-22 02:59:59.999,12598832.31595,46360,35193.12,6018684.02002
2025-02-22 03:00:00,170.99,171.43,169.76,170.35,60953.918,2025-02-22 03:59:59.999,10398787.45555,38543,30101.07,5137293.68811
2025-02-22 04:00:00,170.35,171.76,170.09,171.63,74161.337,2025-02-22 04:59:59.999,12679119.77691,39173,38404.933,6567330.11775
2025-02-22 05:00:00,171.62,172.41,171.19,172.02,56449.306,2025-02-22 05:59:59.999,9696822.31552,37345,30409.423,5223252.52206
2025-02-22 06:00:00,172.03,172.55,170.8,171.07,53642.134,2025-02-22 06:59:59.999,9197696.621,35903,22863.825,3920921.67771
2025-02-22 07:00:00,171.08,173.14,171.05,171.74,109374.058,2025-02-22 07:59:59.999,18831012.04168,47825,75727.857,13036683.98681
2025-02-22 08:00:00,171.74,172.42,171.36,171.36,90893.12,2025-02-22 08:59:59.999,15621403.83127,49601,29441.544,5060538.21271
2025-02-22 09:00:00,171.37,173.39,171.37,173.36,126562.63,2025-02-22 09:59:59.999,21777386.56761,50213,63329.183,10898927.98151
2025-02-22 10:00:00,173.35,174.14,173.0,173.21,93559.68,2025-02-22 10:59:59.999,16249969.50216,64947,41546.194,7217366.20785
2025-02-22 11:00:00,173.22,173.9,172.96,173.56,52865.551,2025-02-22 11:59:59.999,9167639.97184,37721,21816.045,3783278.76615
2025-02-22 12:00:00,173.56,174.06,172.72,173.9,69692.535,2025-02-22 12:59:59.999,12094296.97251,44085,31595.03,5484530.88955
2025-02-22 13:00:00,173.91,174.6,172.66,172.75,78670.883,2025-02-22 13:59:59.999,13652266.60586,57897,28448.454,4938719.00918
2025-02-22 14:00:00,172.75,173.77,172.75,173.56,67484.021,2025-02-22 14:59:59.999,11697505.6857,52141,32458.15,5626793.96494
2025-02-22 15:00:00,173.57,174.54,173.23,174.23,64334.135,2025-02-22 15:59:59.999,11185242.07925,56172,29844.211,5188835.63064
2025-02-22 16:00:00,174.23,174.68,172.65,172.76,105479.462,2025-02-22 16:59:59.999,18305411.33028,73118,53925.08,9360200.01328
2025-02-22 17:00:00,172.75,173.53,172.3,173.24,77504.376,2025-02-22 17:59:59.999,13410882.39986,68806,40865.57,7071632.16757
2025-02-22 18:00:00,173.23,174.13,172.71,172.92,55653.844,2025-02-22 18:59:59.999,9660318.00056,44103,24962.015,4332768.48175
2025-02-22 19:00:00,172.91,173.17,172.46,172.64,52639.544,2025-02-22 19:59:59.999,9099639.60755,37754,22405.33,3873328.81325
2025-02-22 20:00:00,172.63,172.71,171.89,172.45,48348.418,2025-02-22 20:59:59.999,8326697.96029,38307,26278.37,4526344.44327
2025-02-22 21:00:00,172.46,173.16,172.41,172.99,31637.536,2025-02-22 21:59:59.999,5467920.20755,30107,17735.219,3065235.38943
2025-02-22 22:00:00,172.99,173.62,172.6,172.61,39286.417,2025-02-22 22:59:59.999,6801380.07762,25709,21567.888,3733971.38708
2025-02-22 23:00:00,172.61,172.7,172.03,172.07,41673.932,2025-02-22 23:59:59.999,7180744.51146,37050,21728.706,3743898.88828
2025-02-23 00:00:00,172.07,172.3,171.27,171.89,55856.271,2025-02-23 00:59:59.999,9594523.7466,45476,26894.497,4620377.08135
2025-02-23 01:00:00,171.88,172.14,170.79,171.1,65652.776,2025-02-23 01:59:59.999,11238511.9805,40971,29557.398,5060317.67414
2025-02-23 02:00:00,171.09,171.29,170.28,170.36,76448.494,2025-02-23 02:59:59.999,13052858.25454,35882,34287.935,5854454.51325
2025-02-23 03:00:00,170.37,170.87,170.19,170.61,52448.257,2025-02-23 03:59:59.999,8943827.47891,39646,27642.325,4713844.83654
2025-02-23 04:00:00,170.61,171.11,169.95,170.85,65548.916,2025-02-23 04:59:59.999,11161086.97232,35413,29966.854,5103976.34978
2025-02-23 05:00:00,170.84,171.18,170.29,170.73,38390.034,2025-02-23 05:59:59.999,6556561.02906,31252,20554.914,3511073.54099
2025-02-23 06:00:00,170.73,171.53,170.36,171.53,40198.55,2025-02-23 06:59:59.999,6875355.52104,32199,20534.483,3511452.01387
2025-02-23 07:00:00,171.53,173.07,171.34,172.85,65219.417,2025-02-23 07:59:59.999,11242046.67189,45615,38194.615,6583767.30914
2025-02-23 08:00:00,172.85,172.91,171.78,172.22,38373.608,2025-02-23 08:59:59.999,6612102.02482,33752,17804.672,3068232.95515
2025-02-23 09:00:00,172.23,172.36,170.88,171.34,35627.538,2025-02-23 09:59:59.999,6106235.54573,32326,13628.446,2335908.66882
2025-02-23 10:00:00,171.35,171.54,170.69,171.1,38331.515,2025-02-23 10:59:59.999,6560336.71912,26892,13743.074,2352436.48351
2025-02-23 11:00:00,171.11,171.31,169.36,169.59,67088.844,2025-02-23 11:59:59.999,11411420.16066,38587,27806.347,4727826.37268
2025-02-23 12:00:00,169.6,169.88,168.35,168.92,112826.457,2025-02-23 12:59:59.999,19072837.41671,65136,42889.655,7252694.76757
2025-02-23 13:00:00,168.92,169.92,168.81,169.67,90376.581,2025-02-23 13:59:59.999,15312490.45034,58299,48918.828,8288010.06847
2025-02-23 14:00:00,169.67,169.92,168.39,168.78,60174.31,2025-02-23 14:59:59.999,10183866.86142,52231,25393.397,4298006.65713
2025-02-23 15:00:00,168.78,169.4,166.6,166.76,153926.095,2025-02-23 15:59:59.999,25809902.33487,71868,48203.774,8083012.36915
2025-02-23 16:00:00,166.76,168.06,166.75,166.98,87471.472,2025-02-23 16:59:59.999,14641549.35238,58475,46810.0,7836584.39623
2025-02-23 17:00:00,166.98,168.48,166.98,168.22,59362.701,2025-02-23 17:59:59.999,9952499.2114,40258,32066.209,5375824.78049
2025-02-23 18:00:00,168.22,168.72,167.86,167.87,53277.831,2025-02-23 18:59:59.999,8969796.071,32280,29470.977,4961934.29303
2025-02-23 19:00:00,167.87,168.11,167.56,167.71,44760.645,2025-02-23 19:59:59.999,7511995.18688,26531,19821.096,3326732.23101
2025-02-23 20:00:00,167.71,167.88,166.98,167.7,32019.613,2025-02-23 20:59:59.999,5359506.97911,25340,17635.689,2952153.26666
2025-02-23 21:00:00,167.7,168.16,167.23,168.06,26047.263,2025-02-23 21:59:59.999,4366503.37317,23709,17728.63,2972022.22983
2025-02-23 22:00:00,168.06,168.06,166.42,167.32,48264.271,2025-02-23 22:59:59.999,8065427.80078,26682,24715.932,4130590.62101
2025-02-23 23:00:00,167.33,168.86,167.09,167.94,80619.3,2025-02-23 23:59:59.999,13535077.4128,68726,43748.165,7345403.08348
2025-02-24 00:00:00,167.94,169.69,166.58,166.62,102139.078,2025-02-24 00:59:59.999,17180071.2071,71438,53952.488,9076963.97392
2025-02-24 01:00:00,166.62,166.77,163.3,163.64,219385.537,2025-02-24 01:59:59.999,36138400.4032,127314,89706.181,14775020.28861
2025-02-24 02:00:00,163.63,164.99,162.59,162.67,190712.773,2025-02-24 02:59:59.999,31237376.51457,114491,105686.118,17311675.89369
2025-02-24 03:00:00,162.66,162.67,160.56,161.01,279937.952,2025-02-24 03:59:59.999,45268364.64218,150893,128748.018,20824218.5306
2025-02-24 04:00:00,161.02,161.24,156.88,158.79,532951.797,2025-02-24 04:59:59.999,84713412.58541,222832,227481.289,36135032.46445
2025-02-24 05:00:00,158.78,160.51,158.14,159.86,181425.934,2025-02-24 05:59:59.999,28954126.21585,95614,96304.421,15372480.68059
2025-02-24 06:00:00,159.86,161.09,158.72,160.77,188898.872,2025-02-24 06:59:59.999,30220025.7375,85978,105178.151,16830553.35884
2025-02-24 07:00:00,160.77,161.75,160.76,160.99,157080.279,2025-02-24 07:59:59.999,25311860.90483,70884,67217.014,10834507.29585
2025-02-24 08:00:00,160.99,161.1,157.72,157.94,237461.077,2025-02-24 08:59:59.999,37744495.18709,117918,94896.294,15076465.70526
2025-02-24 09:00:00,157.95,160.37,157.73,158.19,142072.954,2025-02-24 09:59:59.999,22608899.48676,91119,73885.997,11759094.49549
2025-02-24 10:00:00,158.19,158.42,155.38,156.9,313710.024,2025-02-24 10:59:59.999,49131173.98529,144346,141385.771,22145943.45498
2025-02-24 11:00:00,156.91,159.63,155.95,159.28,194885.259,2025-02-24 11:59:59.999,30748774.32297,109802,116239.932,18336341.20157
2025-02-24 12:00:00,159.27,159.77,158.42,159.32,104663.222,2025-02-24 12:59:59.999,16648719.27226,76833,46327.153,7370218.60834
2025-02-24 13:00:00,159.32,160.41,157.81,157.99,158048.198,2025-02-24 13:59:59.999,25148869.23316,124962,74749.853,11902114.88186
2025-02-24 14:00:00,157.99,158.82,155.01,155.59,326560.794,2025-02-24 14:59:59.999,51251217.22574,200401,130812.495,20537174.21534
2025-02-24 15:00:00,155.59,155.94,150.65,152.66,997794.076,2025-02-24 15:59:59.999,152664732.07648,448252,454580.509,69514213.16958
2025-02-24 16:00:00,152.67,154.17,151.95,153.31,296235.588,2025-02-24 16:59:59.999,45407249.19198,175904,153752.273,23565514.83412
2025-02-24 17:00:00,153.31,155.15,152.6,154.15,286578.453,2025-02-24 17:59:59.999,44169704.42848,144710,145105.412,22370717.43211
2025-02-24 18:00:00,154.15,154.58,151.35,151.7,162490.874,2025-02-24 18:59:59.999,24914784.11089,102018,75266.4,11548193.58212
2025-02-24 19:00:00,151.69,152.55,147.86,150.12,431397.789,2025-02-24 19:59:59.999,64761876.76251,233216,189773.614,28509494.53505
2025-02-24 20:00:00,150.13,152.68,149.56,150.81,275748.737,2025-02-24 20:59:59.999,41790567.5369,177126,135802.027,20583582.20453
2025-02-24 21:00:00,150.8,152.53,149.48,150.09,218054.825,2025-02-24 21:59:59.999,32897308.94223,137004,114492.032,17277279.76031
2025-02-24 22:00:00,150.1,150.13,138.0,140.26,1292763.612,2025-02-24 22:59:59.999,187365762.44235,573644,531273.425,77220614.80222
2025-02-24 23:00:00,140.28,144.51,139.55,141.81,706240.211,2025-02-24 23:59:59.999,100414873.61505,313268,362808.118,51609058.79444
2025-02-25 00:00:00,141.81,144.45,138.65,140.88,882428.974,2025-02-25 00:59:59.999,124838844.73078,509702,403129.499,57034649.88203
2025-02-25 01:00:00,140.89,142.63,138.18,140.15,724098.882,2025-02-25 01:59:59.999,101790128.40412,418894,357812.741,50285563.66063
2025-02-25 02:00:00,140.16,142.76,138.17,141.55,541668.634,2025-02-25 02:59:59.999,76084863.89317,307200,261973.789,36812045.52712
2025-02-25 03:00:00,141.56,142.3,138.63,138.95,384694.498,2025-02-25 03:59:59.999,53971478.47897,215222,180410.199,25321257.84471
2025-02-25 04:00:00,138.95,139.99,136.06,137.98,726299.969,2025-02-25 04:59:59.999,100139265.33341,409988,359196.801,49498848.02286
2025-02-25 05:00:00,137.97,141.65,136.95,140.91,486093.804,2025-02-25 05:59:59.999,68082514.0265,293319,255457.585,35780913.34254
2025-02-25 06:00:00,140.91,142.08,138.2,138.27,393469.938,2025-02-25 06:59:59.999,55186724.40411,193330,190435.673,26731733.61462
2025-02-25 07:00:00,138.27,138.85,133.0,136.25,1539777.745,2025-02-25 07:59:59.999,209208803.04004,789597,726676.909,98784569.88473
2025-02-25 08:00:00,136.26,139.64,135.63,137.51,479359.138,2025-02-25 08:59:59.999,66216857.27935,254970,237608.47,32828247.05823
2025-02-25 09:00:00,137.51,138.29,133.61,134.56,444977.694,2025-02-25 09:59:59.999,60312900.08552,206164,195789.908,26542135.83641
2025-02-25 10:00:00,134.55,137.75,131.91,136.73,665186.165,2025-02-25 10:59:59.999,89829377.87912,336131,327442.761,44273840.46952
2025-02-25 11:00:00,136.73,141.36,134.86,141.28,569232.075,2025-02-25 11:59:59.999,78568227.9985,218010,296717.898,40877893.98432
2025-02-25 12:00:00,141.27,141.83,138.12,139.83,406841.187,2025-02-25 12:59:59.999,57011246.1118,183507,199464.338,27964406.06848
2025-02-25 13:00:00,139.84,140.95,137.35,138.32,248521.13,2025-02-25 13:59:59.999,34514989.72526,125776,126185.287,17535291.21423
2025-02-25 14:00:00,138.31,139.97,135.25,135.91,419983.364,2025-02-25 14:59:59.999,57674068.35757,224206,196609.312,27018278.1865
2025-02-25 15:00:00,135.9,141.27,134.53,138.89,686352.655,2025-02-25 15:59:59.999,94275766.60906,350271,340611.572,46810514.53223
2025-02-25 16:00:00,138.89,145.0,137.96,143.05,611331.611,2025-02-25 16:59:59.999,86478451.9947,311354,321697.041,45551387.96146
2025-02-25 17:00:00,143.05,144.89,142.0,142.68,328642.82,2025-02-25 17:59:59.999,47164480.23177,170694,146847.436,21094183.3779
2025-02-25 18:00:00,142.68,144.03,140.26,140.89,243138.446,2025-02-25 18:59:59.999,34443925.98964,133171,113290.666,16048585.53464
2025-02-25 19:00:00,140.89,145.57,140.4,145.43,209906.161,2025-02-25 19:59:59.999,29940252.72842,127058,114669.832,16386359.69872
2025-02-25 20:00:00,145.42,146.27,143.36,144.64,296644.656,2025-02-25 20:59:59.999,42986224.63865,171270,152340.034,22083427.68134
2025-02-25 21:00:00,144.63,145.98,143.26,145.86,167695.083,2025-02-25 21:59:59.999,24208301.17519,86060,93358.914,13485693.13374
2025-02-25 22:00:00,145.85,147.09,143.64,144.92,167614.331,2025-02-25 22:59:59.999,24333393.68791,79255,79409.494,11536808.27431
2025-02-25 23:00:00,144.92,146.0,144.03,144.33,123051.185,2025-02-25 23:59:59.999,17849923.89676,73283,56585.566,8213664.61462
2025-02-26 00:00:00,144.33,144.71,141.74,141.76,156633.979,2025-02-26 00:59:59.999,22458127.11762,70997,61162.534,8775599.78518
2025-02-26 01:00:00,141.76,143.52,141.76,142.89,138693.719,2025-02-26 01:59:59.999,19775354.74893,64345,73660.98,10505020.69504
2025-02-26 02:00:00,142.88,143.94,141.63,143.49,131309.316,2025-02-26 02:59:59.999,18729629.94137,68142,71858.793,10255096.8833
2025-02-26 03:00:00,143.49,145.19,142.69,143.32,173831.908,2025-02-26 03:59:59.999,25034576.6967,75123,97284.199,14013025.1081
2025-02-26 04:00:00,143.33,144.7,142.38,142.48,110682.449,2025-02-26 04:59:59.999,15899487.03136,66090,59458.079,8544368.42216
2025-02-26 05:00:00,142.49,143.24,141.2,141.22,120031.769,2025-02-26 05:59:59.999,17089972.26691,77341,53858.735,7671298.00641
2025-02-26 06:00:00,141.22,142.47,141.01,142.46,115638.596,2025-02-26 06:59:59.999,16389430.75586,69513,61283.989,8686695.32102
2025-02-26 07:00:00,142.46,142.59,139.63,140.19,167622.88,2025-02-26 07:59:59.999,23578902.18775,80117,71192.97,10019917.14029
2025-02-26 08:00:00,140.19,140.77,139.04,140.27,133208.997,2025-02-26 08:59:59.999,18629055.18857,83524,59587.845,8338045.07872
2025-02-26 09:00:00,140.27,142.21,140.06,142.01,125976.318,2025-02-26 09:59:59.999,17774692.39032,82694,67136.164,9476516.77575
2025-02-26 10:00:00,142.01,142.01,140.26,140.87,122515.086,2025-02-26 10:59:59.999,17250937.94233,65844,67823.224,9549863.84366
2025-02-26 11:00:00,140.87,140.87,138.01,138.14,182688.327,2025-02-26 11:59:59.999,25433892.56107,86500,92924.22,12939537.73923
2025-02-26 12:00:00,138.13,138.58,136.36,136.91,175961.38,2025-02-26 12:59:59.999,24216652.21039,118071,86567.981,11918463.31402
2025-02-26 13:00:00,136.9,137.56,135.95,136.48,166364.658,2025-02-26 13:59:59.999,22759673.74122,103104,79193.005,10836620.66807
2025-02-26 14:00:00,136.48,138.4,134.61,138.34,491052.892,2025-02-26 14:59:59.999,66897739.35239,262318,238381.666,32511699.78102
2025-02-26 15:00:00,138.35,140.47,137.93,139.27,342095.316,2025-02-26 15:59:59.999,47656431.32037,189581,161544.996,22508370.38311
2025-02-26 16:00:00,139.27,139.79,137.1,137.18,226092.661,2025-02-26 16:59:59.999,31224923.32451,151844,111781.014,15437938.92074
2025-02-26 17:00:00,137.18,137.73,133.21,133.99,265422.222,2025-02-26 17:59:59.999,35945922.59459,140428,111812.862,15158262.52629
2025-02-26 18:00:00,133.99,134.87,130.65,131.36,626645.19,2025-02-26 18:59:59.999,83081819.82039,336156,272743.589,36198945.61422
2025-02-26 19:00:00,131.36,133.51,130.74,131.93,378711.262,2025-02-26 19:59:59.999,49946505.25106,209176,187366.918,24716872.34057
2025-02-26 20:00:00,131.94,135.67,130.89,135.44,419633.438,2025-02-26 20:59:59.999,55994005.05104,299724,226538.732,30251955.11515
2025-02-26 21:00:00,135.43,136.83,133.91,136.23,326702.562,2025-02-26 21:59:59.999,44197004.28261,243190,152908.527,20689601.40992
2025-02-26 22:00:00,136.24,137.87,135.4,135.77,167507.14,2025-02-26 22:59:59.999,22881802.14918,128063,79776.314,10901069.43958
2025-02-26 23:00:00,135.76,136.68,134.58,135.32,103378.994,2025-02-26 23:59:59.999,13995661.31346,87353,48920.418,6624648.51043
2025-02-27 00:00:00,135.33,137.27,134.96,136.23,159096.657,2025-02-27 00:59:59.999,21649957.88166,137383,83276.656,11334345.90286
2025-02-27 01:00:00,136.24,138.31,135.07,136.97,190344.824,2025-02-27 01:59:59.999,26088780.12626,142277,105703.27,14491762.02708
2025-02-27 02:00:00,136.97,138.8,135.54,135.86,181065.642,2025-02-27 02:59:59.999,24794015.04186,122712,79984.064,10963716.7863
2025-02-27 03:00:00,135.86,139.05,135.44,138.57,149863.04,2025-02-27 03:59:59.999,20588223.62625,95710,87496.313,12017987.93961
2025-02-27 04:00:00,138.57,139.4,137.05,137.83,102956.32,2025-02-27 04:59:59.999,14213809.66442,79655,53764.598,7424772.20631
2025-02-27 05:00:00,137.82,139.89,137.73,139.66,179385.456,2025-02-27 05:59:59.999,24934501.35497,81169,91409.284,12705727.77011
2025-02-27 06:00:00,139.66,142.9,139.61,142.08,270938.446,2025-02-27 06:59:59.999,38231824.57763,108690,167282.659,23605807.40636
2025-02-27 07:00:00,142.07,142.37,140.91,140.99,133909.695,2025-02-27 07:59:59.999,18958100.10821,71332,66110.146,9360629.93338
2025-02-27 08:00:00,141.0,141.09,139.25,139.55,162544.666,2025-02-27 08:59:59.999,22773034.30369,66910,63867.208,8949054.14477
2025-02-27 09:00:00,139.55,141.6,139.52,140.71,181873.874,2025-02-27 09:59:59.999,25572952.89195,77720,110935.325,15605633.56888
2025-02-27 10:00:00,140.71,142.46,140.48,142.28,162342.146,2025-02-27 10:59:59.999,23002136.92851,78855,90338.754,12799489.62436
2025-02-27 11:00:00,142.28,142.45,139.95,140.48,150550.179,2025-02-27 11:59:59.999,21254836.04793,76888,63414.506,8956548.67688
2025-02-27 12:00:00,140.48,141.15,139.44,140.23,144828.521,2025-02-27 12:59:59.999,20302378.97029,77162,77115.511,10810169.40523
2025-02-27 13:00:00,140.23,141.26,139.19,139.37,196009.663,2025-02-27 13:59:59.999,27473945.55738,134699,95828.763,13439245.03337
2025-02-27 14:00:00,139.37,140.17,137.16,137.26,327237.643,2025-02-27 14:59:59.999,45316954.19387,170846,149756.142,20748524.75235
2025-02-27 15:00:00,137.25,140.79,136.28,139.63,308567.689,2025-02-27 15:59:59.999,42623567.22404,187854,171584.306,23715783.63155
2025-02-27 16:00:00,139.62,140.15,136.81,137.01,179032.554,2025-02-27 16:59:59.999,24824998.94914,122830,84423.795,11706899.15606
2025-02-27 17:00:00,137.02,138.85,136.83,138.8,117434.813,2025-02-27 17:59:59.999,16181374.29853,88839,64883.637,8939583.86571
2025-02-27 18:00:00,138.8,139.78,138.34,138.44,110975.955,2025-02-27 18:59:59.999,15430622.40793,80544,57056.025,7937076.19688
2025-02-27 19:00:00,138.44,138.64,135.63,136.29,139866.413,2025-02-27 19:59:59.999,19150343.77082,96027,66156.316,9054578.29785
2025-02-27 20:00:00,136.28,137.26,134.71,136.64,340530.97,2025-02-27 20:59:59.999,46328333.85737,161493,186393.139,25365040.38729
2025-02-27 21:00:00,136.63,138.21,135.26,137.42,239239.956,2025-02-27 21:59:59.999,32797521.0257,125542,130797.147,17924502.93981
2025-02-27 22:00:00,137.42,138.2,136.12,138.05,112334.886,2025-02-27 22:59:59.999,15393639.05874,51838,54196.023,7431972.07513
2025-02-27 23:00:00,138.04,138.08,136.95,137.68,82060.451,2025-02-27 23:59:59.999,11274673.67538,53536,42158.915,5792965.9198
2025-02-28 00:00:00,137.68,137.98,135.97,135.98,113283.235,2025-02-28 00:59:59.999,15524276.38487,62386,39634.383,5435562.61723
2025-02-28 01:00:00,135.98,136.75,130.33,131.29,695090.715,2025-02-28 01:59:59.999,92090518.18501,341023,305006.775,40415872.71121
2025-02-28 02:00:00,131.28,132.64,127.25,129.08,949255.672,2025-02-28 02:59:59.999,122900447.74176,446364,425618.226,55127173.08791
2025-02-28 03:00:00,129.07,131.06,127.17,127.62,424958.849,2025-02-28 03:59:59.999,54871479.49141,182210,205049.177,26468844.06729
2025-02-28 04:00:00,127.62,129.17,125.55,128.24,572530.164,2025-02-28 04:59:59.999,72811247.52696,294476,261373.322,33263415.68611
2025-02-28 05:00:00,128.24,128.8,126.22,128.11,342701.803,2025-02-28 05:59:59.999,43621006.06228,206738,164089.574,20895910.34201
2025-02-28 06:00:00,128.12,128.78,125.89,127.9,419766.975,2025-02-28 06:59:59.999,53393339.74218,216525,186390.276,23726645.62298
2025-02-28 07:00:00,127.91,129.6,127.36,128.55,339285.182,2025-02-28 07:59:59.999,43562429.60569,154131,188235.15,24169602.37366
2025-02-28 08:00:00,128.54,131.27,127.9,131.03,422395.594,2025-02-28 08:59:59.999,54726342.94171,217465,218450.701,28313798.98745
2025-02-28 09:00:00,131.02,133.19,130.88,132.49,557978.751,2025-02-28 09:59:59.999,73895882.88328,159144,260054.915,34403127.38136
2025-02-28 10:00:00,132.5,132.67,130.05,130.38,166767.973,2025-02-28 10:59:59.999,21887985.16037,94021,76983.902,10106997.98423
2025-02-28 11:00:00,130.38,134.72,130.36,133.52,274905.955,2025-02-28 11:59:59.999,36540458.85946,121502,128045.36,17005234.23867
2025-02-28 12:00:00,133.52,135.69,133.0,135.58,292761.41,2025-02-28 12:59:59.999,39317989.35543,139212,152147.161,20438483.19791
2025-02-28 13:00:00,135.57,139.58,135.27,137.85,623862.944,2025-02-28 13:59:59.999,86034090.46979,299522,306027.9,42202865.47246
2025-02-28 14:00:00,137.85,147.18,137.7,144.34,1466412.682,2025-02-28 14:59:59.999,210633006.75576,584383,791555.158,113658792.26696
2025-02-28 15:00:00,144.34,147.86,143.69,145.68,587413.504,2025-02-28 15:59:59.999,85573985.60422,238687,299275.258,43595372.43897
2025-02-28 16:00:00,145.67,147.12,144.34,145.08,390306.071,2025-02-28 16:59:59.999,56689285.37514,167617,199334.343,28975997.1979
2025-02-28 17:00:00,145.08,146.45,143.74,144.23,317806.983,2025-02-28 17:59:59.999,46086920.63595,125310,128669.636,18676011.19011
2025-02-28 18:00:00,144.23,147.06,144.22,146.18,280187.99,2025-02-28 18:59:59.999,40802076.81765,124783,147292.889,21445367.8059
2025-02-28 19:00:00,146.17,147.25,146.08,146.36,146722.207,2025-02-28 19:59:59.999,21507135.39809,98284,68780.061,10084143.85873
2025-02-28 20:00:00,146.35,146.78,144.62,145.79,194486.239,2025-02-28 20:59:59.999,28288471.91677,81309,77609.489,11292904.26805
2025-02-28 21:00:00,145.8,148.37,145.61,147.71,197047.77,2025-02-28 21:59:59.999,28956440.18,82992,111988.571,16463392.17308
2025-02-28 22:00:00,147.72,147.97,146.21,146.72,150218.014,2025-02-28 22:59:59.999,22091730.71152,65894,67522.837,9931332.51614
2025-02-28 23:00:00,146.72,148.72,146.45,148.18,113813.931,2025-02-28 23:59:59.999,16805276.92879,63975,62107.185,9173713.62558
2025-03-01 00:00:00,148.18,148.23,145.73,145.95,187804.868,2025-03-01 00:59:59.999,27591302.21371,85065,77548.26,11398566.34717
2025-03-01 01:00:00,145.95,151.25,145.54,150.23,398892.857,2025-03-01 01:59:59.999,59467261.5904,122278,225326.547,33579644.46301
2025-03-01 02:00:00,150.24,150.43,146.91,147.24,504919.258,2025-03-01 02:59:59.999,75199052.06789,161553,229875.342,34228323.18961
2025-03-01 03:00:00,147.25,147.69,145.59,145.67,185349.755,2025-03-01 03:59:59.999,27200841.70103,78769,84076.4,12342367.88337
2025-03-01 04:00:00,145.68,147.16,145.33,146.78,201099.479,2025-03-01 04:59:59.999,29402743.06081,89428,116781.479,17075788.84271
2025-03-01 05:00:00,146.79,146.79,144.6,144.64,162873.52,2025-03-01 05:59:59.999,23694049.13869,55436,61355.769,8927582.10599
2025-03-01 06:00:00,144.64,144.8,143.27,143.75,164054.837,2025-03-01 06:59:59.999,23614111.41897,56826,79470.247,11436667.45305
2025-03-01 07:00:00,143.74,143.77,142.2,142.49,181280.926,2025-03-01 07:59:59.999,25881313.34974,55526,93670.48,13370371.20312
2025-03-01 08:00:00,142.49,143.92,142.49,143.84,117698.453,2025-03-01 08:59:59.999,16872745.63693,48258,75454.818,10816022.45894
2025-03-01 09:00:00,143.84,144.29,142.5,143.25,187981.157,2025-03-01 09:59:59.999,26969031.36062,56767,96108.017,13796331.8282
2025-03-01 10:00:00,143.26,143.28,140.17,140.79,253211.456,2025-03-01 10:59:59.999,35811887.79076,85372,112823.956,15961415.52018
2025-03-01 11:00:00,140.78,140.92,139.53,140.35,141563.534,2025-03-01 11:59:59.999,19843766.23575,74465,68852.907,9652952.9288
2025-03-01 12:00:00,140.35,141.35,140.05,141.14,106865.131,2025-03-01 12:59:59.999,15040987.0786,56541,61854.615,8707826.35087
2025-03-01 13:00:00,141.14,141.72,138.57,139.32,178588.29,2025-03-01 13:59:59.999,24952874.11035,81614,74795.949,10450103.8639
2025-03-01 14:00:00,139.32,140.77,139.17,140.27,127967.035,2025-03-01 14:59:59.999,17925062.30021,70972,66640.151,9333476.54921
2025-03-01 15:00:00,140.27,140.6,139.35,140.39,136937.716,2025-03-01 15:59:59.999,19174991.15339,58143,70330.479,9849891.77279
2025-03-01 16:00:00,140.39,141.4,139.59,140.42,153520.099,2025-03-01 16:59:59.999,21547903.59787,70837,69879.738,9809944.37397
2025-03-01 17:00:00,140.41,140.49,138.7,139.98,139895.431,2025-03-01 17:59:59.999,19520384.66312,52842,59110.117,8249052.10044
2025-03-01 18:00:00,139.97,140.94,139.63,140.43,77469.649,2025-03-01 18:59:59.999,10875392.59887,42811,44079.437,6188987.7524
2025-03-01 19:00:00,140.44,141.51,140.24,140.53,82925.889,2025-03-01 19:59:59.999,11675707.96519,35679,43018.201,6057199.49562
2025-03-01 20:00:00,140.53,140.66,139.9,140.6,56084.313,2025-03-01 20:59:59.999,7869601.41257,37126,24624.527,3456000.84094
2025-03-01 21:00:00,140.6,143.05,140.18,142.61,119512.998,2025-03-01 21:59:59.999,16923699.42802,55990,75994.082,10768354.95274
2025-03-01 22:00:00,142.62,143.49,141.64,142.47,145186.182,2025-03-01 22:59:59.999,20707416.34299,58851,69283.277,9882890.17622
2025-03-01 23:00:00,142.47,143.82,141.46,143.66,140172.925,2025-03-01 23:59:59.999,19961457.28531,67625,74841.162,10659885.02351
2025-03-02 00:00:00,143.66,145.59,142.96,144.75,153251.704,2025-03-02 00:59:59.999,22108176.40918,85876,72642.531,10485963.24108
2025-03-02 01:00:00,144.75,146.01,143.68,144.53,165167.541,2025-03-02 01:59:59.999,23956092.82735,85721,75948.219,11023633.9383
2025-03-02 02:00:00,144.54,145.21,142.03,143.03,157846.682,2025-03-02 02:59:59.999,22656242.81903,77823,51894.96,7459246.09665
2025-03-02 03:00:00,143.03,144.65,143.02,143.85,88166.188,2025-03-02 03:59:59.999,12693500.75366,48287,43763.747,6300974.93739
2025-03-02 04:00:00,143.86,144.3,143.15,143.72,79536.999,2025-03-02 04:59:59.999,11436607.15405,46709,32681.268,4701026.28765
2025-03-02 05:00:00,143.72,143.93,142.56,142.99,81115.457,2025-03-02 05:59:59.999,11621951.78057,46596,32088.739,4597668.93399
2025-03-02 06:00:00,142.99,145.17,142.23,144.07,88568.901,2025-03-02 06:59:59.999,12734283.54969,62794,48351.769,6956279.78221
2025-03-02 07:00:00,144.08,144.6,143.35,143.79,59389.769,2025-03-02 07:59:59.999,8545360.77199,41511,27739.216,3992004.32652
2025-03-02 08:00:00,143.78,143.9,142.5,142.88,77693.831,2025-03-02 08:59:59.999,11110914.71634,49791,36856.9,5271404.43648
2025-03-02 09:00:00,142.87,144.88,142.47,143.97,97934.582,2025-03-02 09:59:59.999,14078910.7171,59759,60481.032,8694746.78188
2025-03-02 10:00:00,143.96,144.61,143.36,143.83,108108.994,2025-03-02 10:59:59.999,15562872.13685,57861,59388.998,8550147.23436
2025-03-02 11:00:00,143.82,144.22,143.26,143.49,69496.253,2025-03-02 11:59:59.999,9984588.32978,49852,35706.469,5130639.07984
2025-03-02 12:00:00,143.5,143.63,142.18,142.75,114504.683,2025-03-02 12:59:59.999,16351693.11722,60110,54828.594,7831470.48618
2025-03-02 13:00:00,142.76,142.79,141.09,141.59,117856.484,2025-03-02 13:59:59.999,16710385.86599,76508,52777.464,7483635.5989
2025-03-02 14:00:00,141.58,141.73,140.04,140.76,164896.887,2025-03-02 14:59:59.999,23210499.91226,98822,80881.662,11383110.71796
2025-03-02 15:00:00,140.76,163.39,140.48,157.46,3104844.918,2025-03-02 15:59:59.999,483144379.28475,1224639,1570755.173,244256908.48087
2025-03-02 16:00:00,157.47,179.85,157.47,172.13,4005168.677,2025-03-02 16:59:59.999,678632831.95346,1695236,2199906.003,372407801.50432
2025-03-02 17:00:00,172.13,174.79,167.88,171.41,1611580.494,2025-03-02 17:59:59.999,276632169.25177,964722,830504.39,142535431.76948
2025-03-02 18:00:00,171.41,172.21,165.32,168.82,897592.365,2025-03-02 18:59:59.999,150935726.6014,464105,409803.953,68999644.18665
2025-03-02 19:00:00,168.82,172.39,168.23,172.18,524476.99,2025-03-02 19:59:59.999,89356407.48524,235278,288324.074,49128450.11249
2025-03-02 20:00:00,172.17,176.22,171.66,175.58,400735.108,2025-03-02 20:59:59.999,69682776.62899,247128,219945.323,38264938.34888
2025-03-02 21:00:00,175.58,177.81,174.09,175.53,396274.005,2025-03-02 21:59:59.999,69676217.41339,270990,193936.072,34115752.37079
2025-03-02 22:00:00,175.53,178.07,174.4,176.78,279214.281,2025-03-02 22:59:59.999,49052545.84036,149995,135115.996,23749717.44076
2025-03-02 23:00:00,176.78,179.32,176.0,178.71,631218.053,2025-03-02 23:59:59.999,112177582.15603,290330,387303.644,68807081.60342
2025-03-03 00:00:00,178.72,179.47,174.11,174.35,451402.756,2025-03-03 00:59:59.999,79411782.55725,256254,206009.799,36274658.06125
2025-03-03 01:00:00,174.35,176.36,172.2,172.45,373986.062,2025-03-03 01:59:59.999,65072883.055,183681,179335.358,31222464.44499
2025-03-03 02:00:00,172.44,172.9,168.95,171.48,493593.302,2025-03-03 02:59:59.999,84314440.12333,218990,244481.83,41767572.69342
2025-03-03 03:00:00,171.47,171.82,168.11,169.88,261549.605,2025-03-03 03:59:59.999,44279253.3886,153909,121045.604,20500038.63554
2025-03-03 04:00:00,169.89,170.57,169.2,169.5,152805.399,2025-03-03 04:59:59.999,25972924.09901,92296,75618.852,12854748.72881
2025-03-03 05:00:00,169.5,170.46,169.17,169.8,130865.674,2025-03-03 05:59:59.999,22238233.60708,68802,64949.121,11040198.0264
2025-03-03 06:00:00,169.8,169.8,160.58,161.81,613421.53,2025-03-03 06:59:59.999,100669940.92172,234085,250588.181,41016478.24509
2025-03-03 07:00:00,161.82,163.07,159.8,162.26,561548.231,2025-03-03 07:59:59.999,90744206.75318,259584,267025.632,43189736.58341
2025-03-03 08:00:00,162.27,163.37,157.29,158.56,350270.567,2025-03-03 08:59:59.999,56114510.44478,201579,158077.174,25325692.59516
2025-03-03 09:00:00,158.55,160.8,156.83,159.93,300785.143,2025-03-03 09:59:59.999,47894526.97367,233630,147111.36,23430238.5358
2025-03-03 10:00:00,159.93,161.68,159.56,161.55,251224.046,2025-03-03 10:59:59.999,40374324.90581,146010,146360.463,23517730.63118
2025-03-03 11:00:00,161.55,161.92,160.25,161.09,176141.853,2025-03-03 11:59:59.999,28373164.77165,111611,97740.992,15748994.31644
2025-03-03 12:00:00,161.08,164.13,160.58,164.02,296531.256,2025-03-03 12:59:59.999,48281475.82531,190185,172934.552,28158381.6158
2025-03-03 13:00:00,164.02,167.07,163.47,165.82,391191.029,2025-03-03 13:59:59.999,64562931.76572,194088,213355.741,35217810.18339
2025-03-03 14:00:00,165.82,165.82,154.07,155.13,1126875.871,2025-03-03 14:59:59.999,180509075.72273,558533,489679.338,78437015.65477
2025-03-03 15:00:00,155.14,159.64,154.31,157.78,731834.962,2025-03-03 15:59:59.999,115342060.95656,473020,361761.107,57015020.35392
2025-03-03 16:00:00,157.78,159.29,155.87,157.81,261457.855,2025-03-03 16:59:59.999,41265539.05401,191689,130248.032,20566609.20774
2025-03-03 17:00:00,157.8,159.61,154.72,156.17,397606.282,2025-03-03 17:59:59.999,62575794.24608,172504,204551.927,32181045.76784
2025-03-03 18:00:00,156.17,156.66,148.48,148.88,919747.347,2025-03-03 18:59:59.999,139907995.96455,554130,417404.975,63507542.09374
2025-03-03 19:00:00,148.88,150.23,140.05,141.87,1237907.699,2025-03-03 19:59:59.999,179628017.62703,729611,550170.773,79894531.59121
2025-03-03 20:00:00,141.87,144.96,141.36,144.49,669766.48,2025-03-03 20:59:59.999,95967379.60209,489119,331159.667,47458207.31914
2025-03-03 21:00:00,144.48,144.97,139.21,139.82,388663.657,2025-03-03 21:59:59.999,55184403.45928,154237,183048.316,26038145.61177
2025-03-03 22:00:00,139.83,143.79,139.77,142.74,329808.114,2025-03-03 22:59:59.999,46857282.85761,157497,177194.959,25189737.6338
2025-03-03 23:00:00,142.74,144.21,141.74,142.16,227217.32,2025-03-03 23:59:59.999,32536836.71118,106672,118342.964,16954482.26597
2025-03-04 00:00:00,142.16,145.08,141.11,141.68,297383.33,2025-03-04 00:59:59.999,42495663.27168,220188,151248.822,21620573.96041
2025-03-04 01:00:00,141.68,142.12,134.74,136.56,927107.182,2025-03-04 01:59:59.999,127925916.36632,523771,422157.476,58257822.4472
2025-03-04 02:00:00,136.57,137.71,132.46,136.42,731151.546,2025-03-04 02:59:59.999,98847061.61439,459583,348323.669,47107620.4767
2025-03-04 03:00:00,136.42,137.86,135.23,136.38,276925.026,2025-03-04 03:59:59.999,37848201.39406,174681,146276.621,19999991.48293
2025-03-04 04:00:00,136.39,137.41,135.66,136.22,188715.778,2025-03-04 04:59:59.999,25769004.23108,136759,91716.555,12526176.04936
2025-03-04 05:00:00,136.23,139.58,135.93,138.03,294445.423,2025-03-04 05:59:59.999,40550340.01608,209160,156858.527,21604124.89082
2025-03-04 06:00:00,138.02,138.83,136.64,136.84,163026.966,2025-03-04 06:59:59.999,22461592.72532,106479,82477.119,11369693.03173
2025-03-04 07:00:00,136.83,137.44,135.64,136.02,226042.413,2025-03-04 07:59:59.999,30868852.04881,135540,108361.522,14814606.35167
2025-03-04 08:00:00,136.02,138.3,135.57,137.72,357756.763,2025-03-04 08:59:59.999,48980942.79821,162338,133498.193,18295991.28997
2025-03-04 09:00:00,137.73,138.21,135.87,135.91,186554.196,2025-03-04 09:59:59.999,25546864.9288,112887,103652.055,14200044.80214
2025-03-04 10:00:00,135.91,137.53,134.62,137.04,272171.742,2025-03-04 10:59:59.999,37071575.82244,167589,131992.167,17989063.54998
2025-03-04 11:00:00,137.04,138.58,136.81,136.98,166157.358,2025-03-04 11:59:59.999,22840862.63362,92674,89084.724,12247446.22736
2025-03-04 12:00:00,136.97,137.47,135.38,136.35,159396.044,2025-03-04 12:59:59.999,21737556.28859,94460,91827.788,12523649.45269
2025-03-04 13:00:00,136.36,136.39,132.64,133.8,441467.891,2025-03-04 13:59:59.999,59214895.21127,237852,215105.129,28861417.50548
2025-03-04 14:00:00,133.81,143.39,132.89,136.65,1503855.82,2025-03-04 14:59:59.999,210294439.94292,727594,669333.644,93444641.62376
2025-03-04 15:00:00,136.65,138.67,133.49,138.59,973605.981,2025-03-04 15:59:59.999,132107286.09487,521449,540204.015,73286137.59101
2025-03-04 16:00:00,138.59,138.96,130.66,136.24,705028.113,2025-03-04 16:59:59.999,94622863.20371,460102,331489.193,44539088.15346
2025-03-04 17:00:00,136.24,141.27,136.0,140.86,530211.968,2025-03-04 17:59:59.999,73816647.05725,287129,292683.541,40775251.62167
2025-03-04 18:00:00,140.86,143.02,139.95,142.65,300694.25,2025-03-04 18:59:59.999,42470495.13782,161104,151336.053,21380598.35968
2025-03-04 19:00:00,142.66,144.77,141.08,143.16,491454.494,2025-03-04 19:59:59.999,70224312.79318,246801,258624.844,36979083.42281
2025-03-04 20:00:00,143.15,144.6,141.55,142.04,416109.511,2025-03-04 20:59:59.999,59511311.39791,180220,170837.04,24450736.89212
2025-03-04 21:00:00,142.05,147.0,141.65,145.59,387025.963,2025-03-04 21:59:59.999,56150593.14231,180140,236056.721,34291053.21754
2025-03-04 22:00:00,145.59,146.39,143.6,143.76,234980.772,2025-03-04 22:59:59.999,34062624.30308,92517,128167.137,18599737.19733
2025-03-04 23:00:00,143.75,145.48,143.33,144.79,158329.804,2025-03-04 23:59:59.999,22896552.16092,82844,74689.982,10804413.3365
2025-03-05 00:00:00,144.8,145.17,142.66,143.04,175169.479,2025-03-05 00:59:59.999,25187409.00592,92905,84020.606,12083396.20412
2025-03-05 01:00:00,143.03,145.17,142.13,145.17,168015.119,2025-03-05 01:59:59.999,24115779.99971,95249,82602.176,11868756.84396
2025-03-05 02:00:00,145.17,145.55,143.31,144.59,187703.667,2025-03-05 02:59:59.999,27122621.72448,106703,92325.769,13346642.95504
2025-03-05 03:00:00,144.59,145.34,141.76,141.82,161932.384,2025-03-05 03:59:59.999,23308746.31453,94204,77488.905,11162980.57163
2025-03-05 04:00:00,141.82,142.54,140.82,142.03,364742.616,2025-03-05 04:59:59.999,51721503.97634,120978,121054.846,17168489.03841
2025-03-05 05:00:00,142.03,142.72,141.59,142.17,77720.768,2025-03-05 05:59:59.999,11052124.09739,52704,36532.084,5195721.21331
2025-03-05 06:00:00,142.17,143.9,140.92,143.62,95069.962,2025-03-05 06:59:59.999,13515304.25222,64498,52647.963,7493766.31651
2025-03-05 07:00:00,143.63,144.1,142.03,142.88,83453.169,2025-03-05 07:59:59.999,11931314.31346,61187,44396.436,6347050.63813
2025-03-05 08:00:00,142.89,144.7,142.74,143.96,131558.282,2025-03-05 08:59:59.999,18940621.07208,70597,72232.906,10400475.43915
2025-03-05 09:00:00,143.97,146.56,143.74,145.75,184245.408,2025-03-05 09:59:59.999,26773582.49814,104300,105437.088,15311355.40925
2025-03-05 10:00:00,145.75,149.73,145.57,148.54,524511.742,2025-03-05 10:59:59.999,77718944.69831,209814,265531.912,39314421.03205
2025-03-05 11:00:00,148.54,148.95,146.87,147.13,204078.71,2025-03-05 11:59:59.999,30224449.86011,128651,104816.914,15527559.48297
2025-03-05 12:00:00,147.13,149.23,146.17,146.78,232596.979,2025-03-05 12:59:59.999,34324491.48093,130765,120444.46,17785467.17857
2025-03-05 13:00:00,146.77,147.36,143.0,143.82,429004.816,2025-03-05 13:59:59.999,62060290.96004,191725,182572.039,26407764.77776
2025-03-05 14:00:00,143.83,144.07,141.81,142.15,310176.863,2025-03-05 14:59:59.999,44331522.74333,182217,158215.949,22619218.40189
2025-03-05 15:00:00,142.14,144.39,140.32,141.66,367317.768,2025-03-05 15:59:59.999,52122308.43447,213590,200198.513,28416098.28833
2025-03-05 16:00:00,141.66,142.92,140.18,142.13,258699.266,2025-03-05 16:59:59.999,36633946.02323,139593,137384.059,19456951.31051
2025-03-05 17:00:00,142.12,144.5,141.91,142.62,229992.572,2025-03-05 17:59:59.999,32894356.24762,125566,128611.184,18393514.93015
2025-03-05 18:00:00,142.61,145.04,141.8,144.52,188926.961,2025-03-05 18:59:59.999,27065745.61475,105257,110736.352,15877321.78263
2025-03-05 19:00:00,144.52,146.47,144.25,144.77,139846.861,2025-03-05 19:59:59.999,20321979.13001,88994,66470.558,9660732.07064
2025-03-05 20:00:00,144.78,146.08,144.78,145.63,88601.705,2025-03-05 20:59:59.999,12887992.11017,65472,46257.983,6729856.38681
2025-03-05 21:00:00,145.62,145.78,143.91,145.08,90769.782,2025-03-05 21:59:59.999,13141162.63776,55057,42053.548,6091501.87843
2025-03-05 22:00:00,145.07,146.84,144.97,146.02,118009.347,2025-03-05 22:59:59.999,17209507.04316,39815,79672.328,11623872.08643
2025-03-05 23:00:00,146.03,146.81,145.43,146.28,83376.359,2025-03-05 23:59:59.999,12185592.99913,51815,42610.513,6229592.59167
2025-03-06 00:00:00,146.27,147.11,144.54,144.76,127887.776,2025-03-06 00:59:59.999,18631743.39859,70373,54174.394,7898295.9232
2025-03-06 01:00:00,144.77,149.15,144.71,147.18,255254.314,2025-03-06 01:59:59.999,37574143.30367,131844,143500.442,21129774.32638
2025-03-06 02:00:00,147.17,149.08,146.97,148.83,145058.565,2025-03-06 02:59:59.999,21471143.22053,117030,75633.088,11195647.55718
2025-03-06 03:00:00,148.84,150.68,147.94,148.73,181317.259,2025-03-06 03:59:59.999,27027131.42707,132875,102778.536,15332877.39495
2025-03-06 04:00:00,148.73,150.24,147.62,149.79,162559.945,2025-03-06 04:59:59.999,24171897.89992,109795,71428.651,10625518.26538
2025-03-06 05:00:00,149.8,150.66,148.44,150.03,167403.468,2025-03-06 05:59:59.999,25071367.74472,106812,85767.117,12851277.51597
2025-03-06 06:00:00,150.03,150.15,148.48,148.86,125040.256,2025-03-06 06:59:59.999,18650313.34463,71074,55512.473,8278586.27483
2025-03-06 07:00:00,148.86,149.57,148.35,148.62,111334.257,2025-03-06 07:59:59.999,16589257.86582,62767,48774.794,7267255.65247
2025-03-06 08:00:00,148.63,151.91,148.34,150.81,195629.077,2025-03-06 08:59:59.999,29349624.68514,100108,94729.463,14223564.76363
2025-03-06 09:00:00,150.81,150.86,148.8,148.97,167310.35,2025-03-06 09:59:59.999,25061987.97019,101492,66461.779,9955025.16293
2025-03-06 10:00:00,148.97,152.9,148.64,152.4,228645.59,2025-03-06 10:59:59.999,34608534.98899,129110,118660.248,17965744.06786
2025-03-06 11:00:00,152.39,152.76,151.2,151.71,144005.096,2025-03-06 11:59:59.999,21861631.22803,79840,66514.427,10097336.24271
2025-03-06 12:00:00,151.71,151.92,148.32,148.84,195634.159,2025-03-06 12:59:59.999,29307258.52859,101595,85843.477,12856769.13528
2025-03-06 13:00:00,148.84,149.3,146.46,146.68,546134.598,2025-03-06 13:59:59.999,80600612.26102,147065,288814.011,42576263.05104
2025-03-06 14:00:00,146.69,148.32,145.06,146.39,270475.035,2025-03-06 14:59:59.999,39630584.34426,177906,138988.369,20376265.21157
2025-03-06 15:00:00,146.39,150.18,146.08,149.03,193262.273,2025-03-06 15:59:59.999,28684550.10748,112449,109854.464,16310148.91831
2025-03-06 16:00:00,149.04,149.43,144.83,145.05,196935.833,2025-03-06 16:59:59.999,28951281.42674,119853,91739.162,13499367.98485
2025-03-06 17:00:00,145.05,145.05,142.71,143.86,289241.914,2025-03-06 17:59:59.999,41579904.20913,159347,145628.254,20942913.2382
2025-03-06 18:00:00,143.85,144.43,142.57,143.25,114468.332,2025-03-06 18:59:59.999,16428795.49689,72210,61313.366,8802425.44013
2025-03-06 19:00:00,143.24,144.84,142.44,143.58,137844.471,2025-03-06 19:59:59.999,19805792.19643,75838,68090.918,9788493.92495
2025-03-06 20:00:00,143.59,144.95,143.39,144.12,132636.144,2025-03-06 20:59:59.999,19139024.20559,69155,83231.132,12011989.65861
2025-03-06 21:00:00,144.11,145.35,143.25,144.46,100239.683,2025-03-06 21:59:59.999,14450669.81307,45405,59279.86,8543365.62787
2025-03-06 22:00:00,144.47,145.92,143.19,143.63,172465.95,2025-03-06 22:59:59.999,24933918.23213,103948,83544.885,12076509.73988
2025-03-06 23:00:00,143.64,144.58,143.23,143.31,91095.316,2025-03-06 23:59:59.999,13095556.75517,44209,45421.562,6530176.88102
2025-03-07 00:00:00,143.3,145.57,135.04,136.51,1078918.623,2025-03-07 00:59:59.999,149634524.84327,567371,471416.586,65363736.16074
2025-03-07 01:00:00,136.51,141.75,136.0,140.62,393683.039,2025-03-07 01:59:59.999,54789737.17943,199412,206151.055,28697183.21896
2025-03-07 02:00:00,140.61,141.94,139.75,140.71,168349.358,2025-03-07 02:59:59.999,23711646.79218,99417,76008.285,10708374.62744
2025-03-07 03:00:00,140.72,141.76,140.53,140.79,102725.496,2025-03-07 03:59:59.999,14498591.50988,64518,45910.039,6481196.28411
2025-03-07 04:00:00,140.79,142.14,140.63,141.03,65537.865,2025-03-07 04:59:59.999,9266825.95879,42153,30452.875,4304988.01569
2025-03-07 05:00:00,141.03,143.62,140.94,143.18,113552.052,2025-03-07 05:59:59.999,16184922.3388,65424,61832.189,8811092.2897
2025-03-07 06:00:00,143.19,144.14,142.21,143.6,81988.026,2025-03-07 06:59:59.999,11736932.81145,55729,48378.841,6928706.62227
2025-03-07 07:00:00,143.6,144.63,143.39,144.34,116756.433,2025-03-07 07:59:59.999,16820847.5629,64914,65300.296,9408245.40201
2025-03-07 08:00:00,144.34,144.7,143.24,144.09,108715.946,2025-03-07 08:59:59.999,15646502.24458,65001,57722.685,8309474.21123
2025-03-07 09:00:00,144.08,146.21,141.8,143.6,531512.39,2025-03-07 09:59:59.999,76368870.53352,137511,224270.95,32243876.87003
2025-03-07 10:00:00,143.61,143.91,142.34,143.66,208722.201,2025-03-07 10:59:59.999,29871459.33472,65415,104790.05,15006566.78628
2025-03-07 11:00:00,143.66,144.46,142.9,143.58,92956.256,2025-03-07 11:59:59.999,13353964.96182,45179,40094.315,5763365.15345
2025-03-07 12:00:00,143.57,144.09,141.75,142.61,174464.179,2025-03-07 12:59:59.999,24892978.49484,75603,77471.582,11055116.49572
2025-03-07 13:00:00,142.6,147.34,142.55,144.15,435705.318,2025-03-07 13:59:59.999,63188480.42463,178265,223337.45,32371780.92674
2025-03-07 14:00:00,144.15,148.13,142.69,146.28,405624.685,2025-03-07 14:59:59.999,59195540.6929,206959,224146.931,32728134.2598
2025-03-07 15:00:00,146.28,147.4,143.11,144.89,325872.537,2025-03-07 15:59:59.999,47404142.59301,184929,149425.863,21731165.56095
2025-03-07 16:00:00,144.89,146.0,141.63,142.36,414425.888,2025-03-07 16:59:59.999,59453220.43313,263067,185820.791,26670973.40243
2025-03-07 17:00:00,142.37,144.83,141.34,143.38,268250.99,2025-03-07 17:59:59.999,38270570.02084,160046,143490.478,20487258.46098
2025-03-07 18:00:00,143.39,149.77,142.94,149.63,326648.535,2025-03-07 18:59:59.999,47897505.19482,170771,194652.334,28534566.54499
2025-03-07 19:00:00,149.64,150.88,145.79,146.36,487891.806,2025-03-07 19:59:59.999,72384436.05295,222054,211299.325,31366526.47197
2025-03-07 20:00:00,146.35,147.62,143.26,144.97,445666.301,2025-03-07 20:59:59.999,64850127.62401,234130,202408.258,29457919.50133
2025-03-07 21:00:00,144.96,145.49,141.74,142.71,450769.969,2025-03-07 21:59:59.999,64469788.94697,305854,204943.137,29320767.34576
2025-03-07 22:00:00,142.71,143.05,140.56,141.09,188501.541,2025-03-07 22:59:59.999,26699662.9783,110709,74248.736,10523456.51243
2025-03-07 23:00:00,141.09,141.2,137.5,139.39,280173.337,2025-03-07 23:59:59.999,38917455.67022,133513,130716.994,18144428.36828
2025-03-08 00:00:00,139.39,140.88,138.57,140.69,151978.225,2025-03-08 00:59:59.999,21212301.81538,95785,80293.907,11214850.0236
2025-03-08 01:00:00,140.69,141.09,137.8,139.44,263054.642,2025-03-08 01:59:59.999,36563165.80681,106405,130004.751,18062491.7805
2025-03-08 02:00:00,139.44,140.03,138.76,139.69,82165.478,2025-03-08 02:59:59.999,11461725.46778,56838,48645.632,6787001.75964
2025-03-08 03:00:00,139.68,139.97,138.33,139.68,67070.611,2025-03-08 03:59:59.999,9336552.63422,46750,31575.192,4398793.94407
2025-03-08 04:00:00,139.67,141.03,138.95,140.93,123127.567,2025-03-08 04:59:59.999,17291772.04305,61037,72274.255,10153258.00759
2025-03-08 05:00:00,140.94,140.94,138.68,139.28,124383.84,2025-03-08 05:59:59.999,17369776.298,49597,75569.874,10553352.45149
2025-03-08 06:00:00,139.28,140.0,138.63,139.14,49425.989,2025-03-08 06:59:59.999,6881305.63616,43421,22832.18,3179340.55931
2025-03-08 07:00:00,139.15,139.88,138.33,138.78,61360.457,2025-03-08 07:59:59.999,8538734.30238,47052,31304.483,4357088.94495
2025-03-08 08:00:00,138.77,139.01,137.61,137.83,66781.355,2025-03-08 08:59:59.999,9234064.99873,49566,28603.142,3955934.41501
2025-03-08 09:00:00,137.83,139.21,137.73,137.97,61284.494,2025-03-08 09:59:59.999,8485803.00399,48306,30677.504,4248518.18005
2025-03-08 10:00:00,137.97,138.75,137.77,138.34,51221.867,2025-03-08 10:59:59.999,7087595.41378,33836,23768.552,3288368.6567
2025-03-08 11:00:00,138.33,138.34,136.64,137.58,129586.094,2025-03-08 11:59:59.999,17791031.57284,77136,57652.353,7917616.77824
2025-03-08 12:00:00,137.57,138.38,136.65,137.64,92562.631,2025-03-08 12:59:59.999,12746533.52747,70092,47683.586,6567441.65555
2025-03-08 13:00:00,137.63,138.75,137.23,137.63,127044.39,2025-03-08 13:59:59.999,17531319.62253,73248,63934.93,8824980.45171
2025-03-08 14:00:00,137.63,138.1,136.8,137.06,72917.813,2025-03-08 14:59:59.999,10027649.54001,50302,35970.428,4946851.43999
2025-03-08 15:00:00,137.05,137.69,136.07,137.21,70159.605,2025-03-08 15:59:59.999,9609493.00653,53711,33081.073,4532419.27034
2025-03-08 16:00:00,137.21,137.41,135.39,136.15,155439.019,2025-03-08 16:59:59.999,21155950.0142,77238,80111.732,10905753.57418
2025-03-08 17:00:00,136.14,137.39,135.29,137.03,109140.536,2025-03-08 17:59:59.999,14887657.14168,76806,55169.202,7527774.975
2025-03-08 18:00:00,137.03,137.94,136.62,137.75,44040.513,2025-03-08 18:59:59.999,6047323.27467,34056,27287.102,3747168.34031
2025-03-08 19:00:00,137.76,138.92,137.2,138.45,53937.322,2025-03-08 19:59:59.999,7449428.02506,39845,27388.677,3783875.32138
2025-03-08 20:00:00,138.45,138.59,137.56,137.65,29926.824,2025-03-08 20:59:59.999,4130161.01187,28937,11720.751,1617017.70316
2025-03-08 21:00:00,137.65,138.54,137.25,137.33,45063.599,2025-03-08 21:59:59.999,6216720.62927,27398,18583.798,2564106.90033
2025-03-08 22:00:00,137.32,137.55,136.32,137.31,66304.689,2025-03-08 22:59:59.999,9075540.07673,35610,32376.836,4432778.2818
2025-03-08 23:00:00,137.32,137.75,136.51,137.01,37773.833,2025-03-08 23:59:59.999,5178656.11736,35305,19290.093,2645371.37333
2025-03-09 00:00:00,137.01,138.22,136.53,138.05,43568.436,2025-03-09 00:59:59.999,5997810.43106,37303,20998.32,2890620.96953
2025-03-09 01:00:00,138.05,138.51,137.42,137.86,46674.65,2025-03-09 01:59:59.999,6438385.29251,34165,21166.026,2921273.79949
2025-03-09 02:00:00,137.87,138.11,136.9,137.14,54045.022,2025-03-09 02:59:59.999,7435366.7204,32243,26311.046,3620523.13185
2025-03-09 03:00:00,137.15,138.32,136.8,137.92,43805.908,2025-03-09 03:59:59.999,6025063.27039,34120,21134.051,2907522.77122
2025-03-09 04:00:00,137.91,138.66,137.67,138.49,37013.334,2025-03-09 04:59:59.999,5111974.71752,26571,21938.917,3030152.49848
2025-03-09 05:00:00,138.5,139.5,138.06,138.8,78575.838,2025-03-09 05:59:59.999,10916774.04363,37903,41798.664,5808257.7196
2025-03-09 06:00:00,138.79,138.81,137.7,138.54,55547.799,2025-03-09 06:59:59.999,7679838.07518,38412,27160.602,3756136.84819
2025-03-09 07:00:00,138.55,139.88,138.32,139.63,68498.931,2025-03-09 07:59:59.999,9544266.40653,43965,37907.771,5282070.06238
2025-03-09 08:00:00,139.63,139.78,138.9,139.22,68316.343,2025-03-09 08:59:59.999,9525755.22498,41643,32335.77,4509714.9226
2025-03-09 09:00:00,139.22,139.59,137.85,138.02,79864.066,2025-03-09 09:59:59.999,11079632.0782,40251,32691.838,4538358.13037
2025-03-09 10:00:00,138.02,138.31,135.63,136.0,176499.157,2025-03-09 10:59:59.999,24131279.01177,81005,64453.666,8817982.35489
2025-03-09 11:00:00,136.01,136.8,135.61,136.32,136929.681,2025-03-09 11:59:59.999,18649031.35221,75118,69554.624,9473643.53252
2025-03-09 12:00:00,136.32,136.43,134.42,135.49,203745.183,2025-03-09 12:59:59.999,27599766.31734,94851,88869.595,12042543.112
2025-03-09 13:00:00,135.48,135.5,133.09,133.12,217807.491,2025-03-09 13:59:59.999,29265084.38094,102370,88905.002,11948035.0033
2025-03-09 14:00:00,133.13,133.99,132.27,133.29,278856.449,2025-03-09 14:59:59.999,37117249.39777,130189,131977.636,17573331.18661
2025-03-09 15:00:00,133.29,133.52,129.75,130.16,372441.311,2025-03-09 15:59:59.999,48785727.94938,134249,166803.347,21848256.59297
2025-03-09 16:00:00,130.16,131.54,127.71,127.94,385518.674,2025-03-09 16:59:59.999,49836164.45772,203062,162227.41,20994258.91458
2025-03-09 17:00:00,127.93,128.63,126.36,126.52,348152.634,2025-03-09 17:59:59.999,44486341.03247,168134,164446.223,21029022.69207
2025-03-09 18:00:00,126.52,128.54,125.81,127.6,313129.586,2025-03-09 18:59:59.999,39759924.17431,186805,154999.195,19701887.59541
2025-03-09 19:00:00,127.6,130.03,127.51,129.19,187289.541,2025-03-09 19:59:59.999,24135807.77803,94498,97467.83,12560630.7809
2025-03-09 20:00:00,129.19,130.59,128.31,128.31,168661.684,2025-03-09 20:59:59.999,21824287.89486,83802,77228.073,9999543.30653
2025-03-09 21:00:00,128.32,128.67,127.22,127.9,116649.141,2025-03-09 21:59:59.999,14916967.37753,65191,51050.322,6531152.63788
2025-03-09 22:00:00,127.9,128.04,126.51,126.93,168077.384,2025-03-09 22:59:59.999,21361749.84305,76823,75158.237,9553690.9349
2025-03-09 23:00:00,126.93,127.75,125.41,126.51,259827.409,2025-03-09 23:59:59.999,32892351.25952,121470,123241.108,15612305.01711
2025-03-10 00:00:00,126.52,127.96,124.03,127.39,369531.817,2025-03-10 00:59:59.999,46590193.35898,190234,157456.439,19896193.58728
2025-03-10 01:00:00,127.4,128.4,126.58,127.35,184442.227,2025-03-10 01:59:59.999,23520723.21094,103623,94916.705,12105911.4636
2025-03-10 02:00:00,127.35,129.11,126.69,127.54,234278.022,2025-03-10 02:59:59.999,30007125.92713,90706,117204.478,15027771.57907
2025-03-10 03:00:00,127.54,127.61,126.43,126.59,135855.474,2025-03-10 03:59:59.999,17240689.08541,59167,71977.041,9135503.32823
2025-03-10 04:00:00,126.59,128.35,126.46,128.34,92487.574,2025-03-10 04:59:59.999,11802212.0722,42775,52197.832,6660525.01827
2025-03-10 05:00:00,128.33,129.25,127.6,127.63,358453.513,2025-03-10 05:59:59.999,46020724.32563,82973,188387.103,24180653.76817
2025-03-10 06:00:00,127.64,128.0,126.7,127.47,115512.129,2025-03-10 06:59:59.999,14713340.02735,53965,48546.654,6184401.39064
2025-03-10 07:00:00,127.48,128.33,127.15,128.11,74573.892,2025-03-10 07:59:59.999,9522594.43392,45797,41188.886,5261104.42505
2025-03-10 08:00:00,128.11,128.5,125.91,126.15,185200.76,2025-03-10 08:59:59.999,23540035.98215,92814,72861.864,9269262.05928
2025-03-10 09:00:00,126.14,131.57,126.13,128.21,421482.468,2025-03-10 09:59:59.999,54503988.63699,255324,208333.856,26940256.80052
2025-03-10 10:00:00,128.2,128.89,126.71,127.67,139343.995,2025-03-10 10:59:59.999,17780619.45259,99015,55299.904,7057858.79603
2025-03-10 11:00:00,127.68,130.44,127.34,129.94,147622.209,2025-03-10 11:59:59.999,19010342.36759,96008,76862.432,9903876.49104
2025-03-10 12:00:00,129.94,130.89,128.32,129.42,145756.336,2025-03-10 12:59:59.999,18877831.64245,123169,68374.818,8857729.4461
2025-03-10 13:00:00,129.42,129.64,124.8,125.0,294772.296,2025-03-10 13:59:59.999,37368671.46551,195250,123807.46,15717853.01703
2025-03-10 14:00:00,125.0,125.06,120.18,121.3,760365.963,2025-03-10 14:59:59.999,92864740.99724,447141,327298.815,39984419.30832
2025-03-10 15:00:00,121.3,124.2,120.72,121.96,460418.832,2025-03-10 15:59:59.999,56427128.9492,175694,224636.958,27522767.36954
2025-03-10 16:00:00,121.95,122.36,120.14,120.76,259977.994,2025-03-10 16:59:59.999,31449814.23643,109174,117281.017,14192431.93252
2025-03-10 17:00:00,120.76,120.93,116.63,117.59,717268.144,2025-03-10 17:59:59.999,84853739.71136,288908,320009.222,37840293.41074
2025-03-10 18:00:00,117.58,119.53,115.47,115.81,537965.253,2025-03-10 18:59:59.999,63291768.91396,206796,247765.269,29193338.55675
2025-03-10 19:00:00,115.86,120.21,115.49,119.71,424359.336,2025-03-10 19:59:59.999,50139133.59094,191925,242890.081,28716832.5006
2025-03-10 20:00:00,119.72,120.24,117.56,118.72,213786.773,2025-03-10 20:59:59.999,25478937.41867,82202,109897.566,13103209.14592
2025-03-10 21:00:00,118.72,120.0,118.14,118.79,124874.818,2025-03-10 21:59:59.999,14879531.72361,56619,70330.739,8381877.91739
2025-03-10 22:00:00,118.79,119.48,117.6,119.03,123364.078,2025-03-10 22:59:59.999,14621066.49459,68887,66105.688,7838763.97251
2025-03-10 23:00:00,119.03,119.92,117.95,118.32,132415.428,2025-03-10 23:59:59.999,15774195.56656,74053,66795.541,7961141.76797
2025-03-11 00:00:00,118.32,119.68,112.0,115.68,896342.364,2025-03-11 00:59:59.999,103094623.41827,328916,425184.328,48836852.09565
2025-03-11 01:00:00,115.67,119.27,113.85,119.16,615524.95,2025-03-11 01:59:59.999,71837489.40599,275202,339256.955,39625261.47062
2025-03-11 02:00:00,119.17,120.66,119.1,120.02,313278.996,2025-03-11 02:59:59.999,37608149.58088,139254,174311.453,20926933.63649
2025-03-11 03:00:00,120.03,121.9,119.8,119.96,157831.626,2025-03-11 03:59:59.999,19052349.07453,81295,83015.479,10023810.59014
2025-03-11 04:00:00,119.95,121.51,119.75,121.02,121121.364,2025-03-11 04:59:59.999,14634513.18226,62949,73158.946,8841353.64263
2025-03-11 05:00:00,121.01,123.87,120.95,123.28,322942.471,2025-03-11 05:59:59.999,39683225.82608,110642,172145.777,21152457.14526
2025-03-11 06:00:00,123.28,123.95,122.57,122.73,98482.857,2025-03-11 06:59:59.999,12142968.89836,64451,50635.922,6244481.66948
2025-03-11 07:00:00,122.72,124.02,122.43,123.07,290013.746,2025-03-11 07:59:59.999,35694238.63176,83797,126089.11,15519129.85536
2025-03-11 08:00:00,123.07,124.67,122.93,124.11,213342.514,2025-03-11 08:59:59.999,26405163.26422,84043,94839.02,11746926.33595
2025-03-11 09:00:00,124.11,125.0,123.6,123.75,180531.267,2025-03-11 09:59:59.999,22443649.68735,78289,89178.39,11090464.01431
2025-03-11 10:00:00,123.75,124.68,123.4,124.31,115691.191,2025-03-11 10:59:59.999,14354411.93984,52668,57944.67,7190344.04449
2025-03-11 11:00:00,124.32,125.81,123.7,124.71,132064.485,2025-03-11 11:59:59.999,16454491.58412,60220,63920.971,7967738.83052
2025-03-11 12:00:00,124.71,124.88,122.95,122.97,168176.406,2025-03-11 12:59:59.999,20833050.53904,85236,60908.118,7544613.6092
2025-03-11 13:00:00,122.98,126.27,121.31,122.73,622422.044,2025-03-11 13:59:59.999,76927593.44937,266099,281163.042,34774015.75811
2025-03-11 14:00:00,122.72,123.63,118.59,119.91,575459.901,2025-03-11 14:59:59.999,69420123.98202,269723,274540.089,33126313.45393
2025-03-11 15:00:00,119.9,125.5,119.73,125.02,325500.265,2025-03-11 15:59:59.999,40075575.01622,165983,187690.225,23129418.09558
2025-03-11 16:00:00,125.01,126.76,123.7,125.44,226080.585,2025-03-11 16:59:59.999,28373596.96378,117247,116981.632,14683849.93832
2025-03-11 17:00:00,125.44,125.86,122.84,124.06,203259.231,2025-03-11 17:59:59.999,25294507.25883,116878,95676.457,11906300.98918
2025-03-11 18:00:00,124.06,128.15,123.98,127.66,293736.655,2025-03-11 18:59:59.999,37200604.73009,153248,166926.056,21139308.48924
2025-03-11 19:00:00,127.66,128.43,126.77,128.15,201910.256,2025-03-11 19:59:59.999,25765883.07444,109790,110047.584,14047456.34398
2025-03-11 20:00:00,128.14,128.25,126.44,126.55,94987.412,2025-03-11 20:59:59.999,12076947.46618,55461,45011.675,5721529.15663
2025-03-11 21:00:00,126.56,127.58,125.8,126.04,93027.122,2025-03-11 21:59:59.999,11796880.17729,38141,48853.31,6196585.46897
2025-03-11 22:00:00,126.03,126.76,125.75,126.2,96621.042,2025-03-11 22:59:59.999,12196352.86749,49300,44764.069,5651071.55197
2025-03-11 23:00:00,126.2,126.31,125.07,125.35,76929.113,2025-03-11 23:59:59.999,9655822.25374,47621,37019.564,4646529.54626
2025-03-12 00:00:00,125.35,126.08,124.39,125.12,117714.143,2025-03-12 00:59:59.999,14753976.61913,64011,62616.484,7853387.07557
2025-03-12 01:00:00,125.12,127.03,125.0,126.15,142900.778,2025-03-12 01:59:59.999,18004503.18152,63975,83379.198,10505295.17593
2025-03-12 02:00:00,126.16,126.22,123.53,123.77,142748.998,2025-03-12 02:59:59.999,17798695.08811,72031,58188.11,7249470.65831
2025-03-12 03:00:00,123.77,124.24,122.47,122.53,122055.447,2025-03-12 03:59:59.999,15046291.64607,59216,55019.475,6784087.56732
2025-03-12 04:00:00,122.52,122.99,121.22,122.19,207519.282,2025-03-12 04:59:59.999,25348325.44941,77772,98791.62,12066949.44993
2025-03-12 05:00:00,122.18,122.77,121.81,122.07,266178.15,2025-03-12 05:59:59.999,32557026.07369,62319,120228.221,14698015.25241
2025-03-12 06:00:00,122.06,122.84,121.44,122.07,84226.585,2025-03-12 06:59:59.999,10271880.17904,51522,40906.989,4989029.46214
2025-03-12 07:00:00,122.07,123.53,122.03,123.19,246574.705,2025-03-12 07:59:59.999,30323713.14085,83814,129680.778,15942773.76715
2025-03-12 08:00:00,123.19,126.05,122.88,125.42,250426.812,2025-03-12 08:59:59.999,31127664.96871,126906,117500.791,14606864.56443
2025-03-12 09:00:00,125.42,126.21,123.6,124.6,271895.165,2025-03-12 09:59:59.999,33878039.65374,109833,120475.245,14996284.40019
2025-03-12 10:00:00,124.61,124.98,123.44,124.5,80113.881,2025-03-12 10:59:59.999,9945361.60797,55697,32927.601,4087074.79555
2025-03-12 11:00:00,124.5,126.84,124.5,126.76,113688.972,2025-03-12 11:59:59.999,14303971.01596,58509,54986.679,6914392.61879
2025-03-12 12:00:00,126.77,131.33,126.2,129.5,613976.033,2025-03-12 12:59:59.999,79356615.75689,274579,311380.296,40238576.53444
2025-03-12 13:00:00,129.5,129.76,125.46,125.9,318673.802,2025-03-12 13:59:59.999,40710364.08705,210559,128865.541,16470676.9892
2025-03-12 14:00:00,125.89,126.25,124.29,124.96,228563.141,2025-03-12 14:59:59.999,28611796.49093,155150,95725.662,11985722.71627
2025-03-12 15:00:00,124.97,125.07,123.04,124.57,215634.344,2025-03-12 15:59:59.999,26736810.95578,120201,109193.627,13544052.40814
2025-03-12 16:00:00,124.56,125.49,123.51,124.25,224378.757,2025-03-12 16:59:59.999,27930361.75768,103966,110108.31,13704663.54333
2025-03-12 17:00:00,124.25,126.31,123.5,123.78,170009.817,2025-03-12 17:59:59.999,21271781.15132,81451,90804.965,11373207.79062
2025-03-12 18:00:00,123.78,125.34,123.31,124.49,109886.638,2025-03-12 18:59:59.999,13684294.60824,69995,55564.094,6920882.77078
2025-03-12 19:00:00,124.48,125.48,123.6,125.05,96930.447,2025-03-12 19:59:59.999,12069385.82696,67274,48807.774,6079073.97966
2025-03-12 20:00:00,125.05,125.65,123.97,125.13,103149.676,2025-03-12 20:59:59.999,12879866.82972,53791,50969.434,6366006.31287
2025-03-12 21:00:00,125.13,127.08,125.1,125.82,111307.797,2025-03-12 21:59:59.999,14038689.61626,57682,52792.842,6660317.72442
2025-03-12 22:00:00,125.81,126.75,125.58,126.54,84589.412,2025-03-12 22:59:59.999,10672345.46206,44702,37375.468,4717160.92027
2025-03-12 23:00:00,126.55,126.82,125.5,126.62,87359.358,2025-03-12 23:59:59.999,11012006.5963,41466,48089.29,6060689.25461
2025-03-13 00:00:00,126.61,126.94,125.29,125.36,100423.844,2025-03-13 00:59:59.999,12650058.84899,57485,50223.59,6328300.20541
2025-03-13 01:00:00,125.35,126.48,124.94,126.1,129150.762,2025-03-13 01:59:59.999,16234346.40273,58144,77475.919,9740154.62983
2025-03-13 02:00:00,126.11,127.46,125.12,125.29,107866.323,2025-03-13 02:59:59.999,13650722.66127,53783,61382.421,7773215.0958
2025-03-13 03:00:00,125.3,126.31,124.73,124.97,89385.477,2025-03-13 03:59:59.999,11210395.98812,45041,47679.002,5981865.34675
2025-03-13 04:00:00,124.97,125.36,123.61,123.86,73741.79,2025-03-13 04:59:59.999,9170568.89013,43054,35614.387,4428355.49057
2025-03-13 05:00:00,123.85,124.51,123.03,123.52,105685.799,2025-03-13 05:59:59.999,13072209.98854,52055,46666.609,5774309.05495
2025-03-13 06:00:00,123.53,124.2,123.2,123.67,169125.275,2025-03-13 06:59:59.999,20931000.25043,60255,77112.398,9543755.2514
2025-03-13 07:00:00,123.67,124.58,123.48,124.24,72471.075,2025-03-13 07:59:59.999,8987663.89259,39553,44890.672,5568138.83064
2025-03-13 08:00:00,124.25,125.44,123.64,125.33,91249.124,2025-03-13 08:59:59.999,11374862.70741,46280,43996.756,5485944.40819
2025-03-13 09:00:00,125.33,128.03,125.31,127.66,164003.355,2025-03-13 09:59:59.999,20811073.82173,59132,93262.593,11827562.07761
2025-03-13 10:00:00,127.66,128.0,126.4,127.07,115909.96,2025-03-13 10:59:59.999,14717589.15599,58456,50823.158,6453658.46536
2025-03-13 11:00:00,127.06,127.23,125.79,126.88,105480.914,2025-03-13 11:59:59.999,13336358.78763,49978,43963.7,5561059.19818
2025-03-13 12:00:00,126.88,128.76,125.7,126.24,216042.0,2025-03-13 12:59:59.999,27462293.37767,97455,101368.422,12897649.14224
2025-03-13 13:00:00,126.25,127.36,123.95,124.21,214180.844,2025-03-13 13:59:59.999,26914741.6075,139651,89954.011,11301234.44026
2025-03-13 14:00:00,124.2,125.85,123.6,125.18,192653.425,2025-03-13 14:59:59.999,24088220.30721,115220,97457.408,12191280.27339
2025-03-13 15:00:00,125.18,125.59,123.82,124.34,152253.402,2025-03-13 15:59:59.999,18933487.36458,92085,62509.606,7775500.03559
2025-03-13 16:00:00,124.34,124.41,122.47,123.26,146550.868,2025-03-13 16:59:59.999,18063448.76257,77673,63540.845,7831222.52638
2025-03-13 17:00:00,123.27,123.35,121.11,121.75,145406.063,2025-03-13 17:59:59.999,17744676.93072,85465,59255.384,7230810.81571
2025-03-13 18:00:00,121.74,123.09,121.66,122.96,116794.307,2025-03-13 18:59:59.999,14303868.59123,63752,66302.863,8118944.78418
2025-03-13 19:00:00,122.96,123.19,121.08,121.46,71384.305,2025-03-13 19:59:59.999,8711655.27084,44717,31661.21,3867598.20069
2025-03-13 20:00:00,121.47,122.21,120.76,121.48,78075.519,2025-03-13 20:59:59.999,9493900.56522,42005,36457.417,4433635.81219
2025-03-13 21:00:00,121.47,122.14,121.01,122.14,46195.842,2025-03-13 21:59:59.999,5616213.30343,30853,22092.325,2686538.34197
2025-03-13 22:00:00,122.14,123.92,121.96,123.86,59863.091,2025-03-13 22:59:59.999,7355515.64197,37680,32244.417,3964625.44531
2025-03-13 23:00:00,123.86,124.36,123.03,123.37,60691.597,2025-03-13 23:59:59.999,7503153.98123,41294,26917.001,3328356.57257
2025-03-14 00:00:00,123.36,124.92,122.98,124.29,99470.508,2025-03-14 00:59:59.999,12324096.90606,62415,58920.012,7302014.33848
2025-03-14 01:00:00,124.3,125.34,123.44,124.59,104467.937,2025-03-14 01:59:59.999,13008411.91478,52187,59400.321,7399880.63631
2025-03-14 02:00:00,124.58,125.47,124.45,125.22,77622.458,2025-03-14 02:59:59.999,9707442.0718,53447,49830.188,6231780.02538
2025-03-14 03:00:00,125.22,125.31,124.14,124.48,57422.125,2025-03-14 03:59:59.999,7151735.5448,34764,33219.066,4137476.11717
2025-03-14 04:00:00,124.48,125.2,124.43,124.87,51245.244,2025-03-14 04:59:59.999,6398066.45547,29047,34199.169,4269954.11533
2025-03-14 05:00:00,124.87,125.28,124.41,125.08,90862.225,2025-03-14 05:59:59.999,11345489.14484,36566,62306.382,7780418.36068
2025-03-14 06:00:00,125.08,125.39,124.5,125.12,74910.417,2025-03-14 06:59:59.999,9358127.73164,40633,43579.839,5445154.84557
2025-03-14 07:00:00,125.11,125.63,124.51,124.68,81111.971,2025-03-14 07:59:59.999,10130227.68776,34541,38601.526,4823397.19618
2025-03-14 08:00:00,124.68,125.95,124.62,125.48,74600.59,2025-03-14 08:59:59.999,9353208.20846,42121,43368.238,5435926.84737
2025-03-14 09:00:00,125.48,126.09,125.32,125.58,83002.127,2025-03-14 09:59:59.999,10441480.54876,42595,46515.539,5852052.84889
2025-03-14 10:00:00,125.58,126.6,125.24,126.0,75974.299,2025-03-14 10:59:59.999,9569377.67212,43696,29827.609,3758815.93188
2025-03-14 11:00:00,126.0,126.36,125.66,126.17,67105.162,2025-03-14 11:59:59.999,8461462.12245,39372,27206.766,3431097.23209
2025-03-14 12:00:00,126.16,126.66,125.46,126.38,78044.688,2025-03-14 12:59:59.999,9844024.5089,42960,32295.073,4075096.22364
2025-03-14 13:00:00,126.37,129.55,125.98,128.97,266734.559,2025-03-14 13:59:59.999,34078677.33269,126930,143139.294,18289676.5783
2025-03-14 14:00:00,128.97,132.12,127.59,130.69,743159.298,2025-03-14 14:59:59.999,96628120.76652,292842,396626.56,51585719.70336
2025-03-14 15:00:00,130.7,134.01,130.61,132.12,527767.392,2025-03-14 15:59:59.999,70056650.72042,237716,250823.142,33288335.62829
2025-03-14 16:00:00,132.13,133.26,130.87,133.1,220773.707,2025-03-14 16:59:59.999,29204506.76664,126420,113246.948,14986097.05053
2025-03-14 17:00:00,133.1,133.77,132.26,132.47,167925.486,2025-03-14 17:59:59.999,22350509.0374,93703,90560.186,12059560.76573
2025-03-14 18:00:00,132.47,134.37,132.47,133.98,112341.389,2025-03-14 18:59:59.999,14988188.53427,70716,67239.258,8972488.36122
2025-03-14 19:00:00,133.98,134.71,133.44,134.28,93366.664,2025-03-14 19:59:59.999,12529065.28932,60236,47726.814,6405553.73794
2025-03-14 20:00:00,134.29,134.34,131.96,134.26,175020.815,2025-03-14 20:59:59.999,23313205.71271,66721,75989.067,10136925.75193
2025-03-14 21:00:00,134.26,134.88,133.23,134.74,84479.174,2025-03-14 21:59:59.999,11321268.75593,48560,47152.346,6321610.66582
2025-03-14 22:00:00,134.74,136.03,134.41,135.42,105984.672,2025-03-14 22:59:59.999,14323276.33216,52498,68717.595,9290265.81124
2025-03-14 23:00:00,135.42,135.46,133.17,133.54,94332.585,2025-03-14 23:59:59.999,12644330.84407,53365,37251.556,4994246.01207
2025-03-15 00:00:00,133.53,134.08,133.08,133.78,88048.744,2025-03-15 00:59:59.999,11762977.55826,61427,48863.589,6528578.80971
2025-03-15 01:00:00,133.78,133.95,132.91,133.68,91346.904,2025-03-15 01:59:59.999,12182616.14408,59603,52564.407,7011381.8075
2025-03-15 02:00:00,133.68,134.78,133.4,134.51,68544.041,2025-03-15 02:59:59.999,9193630.67342,47340,38595.817,5178158.94382
2025-03-15 03:00:00,134.51,135.3,134.11,135.02,85707.538,2025-03-15 03:59:59.999,11559463.53786,45698,48983.958,6606387.98639
2025-03-15 04:00:00,135.03,135.52,134.52,134.79,73450.265,2025-03-15 04:59:59.999,9917885.14316,40239,41046.396,5543093.0389
2025-03-15 05:00:00,134.79,134.88,133.49,133.52,97896.756,2025-03-15 05:59:59.999,13117502.9489,40150,44878.568,6014587.66473
2025-03-15 06:00:00,133.53,134.06,133.12,133.98,81416.737,2025-03-15 06:59:59.999,10870949.82486,33991,45661.217,6097050.26231
2025-03-15 07:00:00,133.99,134.08,132.71,132.91,82028.497,2025-03-15 07:59:59.999,10918476.01834,39299,43392.953,5774992.31837
2025-03-15 08:00:00,132.91,133.27,132.44,132.97,73273.551,2025-03-15 08:59:59.999,9735234.72244,38518,37907.722,5037098.81511
2025-03-15 09:00:00,132.96,133.5,132.73,133.37,46705.45,2025-03-15 09:59:59.999,6212753.86299,24778,29049.504,3864447.52134
2025-03-15 10:00:00,133.37,133.49,132.79,132.89,98802.528,2025-03-15 10:59:59.999,13144760.0199,31508,64755.22,8614528.20894
2025-03-15 11:00:00,132.9,133.69,132.69,133.37,92780.132,2025-03-15 11:59:59.999,12344575.16961,32668,63032.333,8386124.26776
2025-03-15 12:00:00,133.37,134.65,133.09,134.02,125867.819,2025-03-15 12:59:59.999,16874046.07965,45126,83269.916,11164747.71182
2025-03-15 13:00:00,134.03,135.8,133.92,135.41,108726.488,2025-03-15 13:59:59.999,14695529.18742,51798,68987.375,9324201.31769
2025-03-15 14:00:00,135.4,135.4,134.03,134.46,79971.998,2025-03-15 14:59:59.999,10771047.65478,44510,30630.161,4125484.11946
2025-03-15 15:00:00,134.47,135.45,134.47,135.12,76543.972,2025-03-15 15:59:59.999,10328539.03622,38351,36331.635,4903212.0854
2025-03-15 16:00:00,135.12,136.03,134.53,135.54,100282.733,2025-03-15 16:59:59.999,13559976.01099,46036,39697.314,5374602.96358
2025-03-15 17:00:00,135.53,136.53,134.66,134.79,173359.947,2025-03-15 17:59:59.999,23535577.76593,65805,83983.493,11409275.20823
2025-03-15 18:00:00,134.8,135.2,134.01,134.28,60396.325,2025-03-15 18:59:59.999,8132296.22419,35450,25294.374,3406725.31259
2025-03-15 19:00:00,134.27,134.54,133.58,134.49,59253.714,2025-03-15 19:59:59.999,7942320.73062,34164,27596.333,3700013.84171
2025-03-15 20:00:00,134.5,135.54,134.37,135.47,36389.066,2025-03-15 20:59:59.999,4914243.82623,30902,20376.151,2751435.52872
2025-03-15 21:00:00,135.47,136.5,135.42,135.72,41112.555,2025-03-15 21:59:59.999,5584791.47659,29182,20887.626,2837876.58334
2025-03-15 22:00:00,135.72,135.88,135.17,135.63,40764.277,2025-03-15 22:59:59.999,5525599.92602,31913,19101.843,2589053.94192
2025-03-15 23:00:00,135.64,136.04,135.23,135.86,35407.453,2025-03-15 23:59:59.999,4803613.80109,27627,17116.804,2322000.59755
2025-03-16 00:00:00,135.86,136.71,135.74,135.97,60698.314,2025-03-16 00:59:59.999,8261849.72669,48747,33588.956,4572524.65351
2025-03-16 01:00:00,135.96,136.69,135.01,135.21,81841.261,2025-03-16 01:59:59.999,11115053.92783,57746,43051.205,5847904.95421
2025-03-16 02:00:00,135.21,135.45,134.13,134.3,57103.253,2025-03-16 02:59:59.999,7690673.09621,49324,24258.046,3267990.1784
2025-03-16 03:00:00,134.3,135.7,134.2,135.5,40419.265,2025-03-16 03:59:59.999,5459631.65259,34986,22438.908,3030430.43321
2025-03-16 04:00:00,135.5,135.77,134.98,135.18,31568.334,2025-03-16 04:59:59.999,4273703.74097,34195,15171.456,2054467.16729
2025-03-16 05:00:00,135.18,135.33,134.59,135.1,31410.916,2025-03-16 05:59:59.999,4240086.55207,26532,15410.862,2080197.64443
2025-03-16 06:00:00,135.1,136.23,134.91,135.07,39389.185,2025-03-16 06:59:59.999,5341432.68226,32354,22784.056,3089790.84029
2025-03-16 07:00:00,135.08,135.14,133.86,134.64,147039.546,2025-03-16 07:59:59.999,19740017.65925,44137,102488.618,13753878.81751
2025-03-16 08:00:00,134.64,134.8,134.02,134.67,61313.24,2025-03-16 08:59:59.999,8243870.8196,36364,27295.615,3670048.3724
2025-03-16 09:00:00,134.67,134.97,133.21,133.48,104611.683,2025-03-16 09:59:59.999,14002009.13122,68449,53536.395,7169285.63623
2025-03-16 10:00:00,133.48,133.77,132.92,133.31,77070.025,2025-03-16 10:59:59.999,10270113.24955,54642,39572.834,5274239.89484
2025-03-16 11:00:00,133.3,133.31,129.68,129.91,426002.418,2025-03-16 11:59:59.999,55883452.17318,165705,179707.709,23587868.08616
2025-03-16 12:00:00,129.92,130.87,129.4,129.54,179130.799,2025-03-16 12:59:59.999,23293372.33163,75771,93511.912,12160103.39224
2025-03-16 13:00:00,129.53,130.22,127.49,127.85,198761.268,2025-03-16 13:59:59.999,25636877.84895,91302,90294.985,11666427.99257
2025-03-16 14:00:00,127.85,129.49,127.73,129.44,139632.686,2025-03-16 14:59:59.999,17926035.85031,72376,77923.098,10007401.85382
2025-03-16 15:00:00,129.44,129.58,128.43,128.78,87720.2,2025-03-16 15:59:59.999,11305174.79935,54018,37723.601,4862289.10098
2025-03-16 16:00:00,128.77,131.28,128.56,129.31,251468.004,2025-03-16 16:59:59.999,32695834.80891,155535,124748.205,16221005.19723
2025-03-16 17:00:00,129.31,130.42,128.75,129.91,101521.908,2025-03-16 17:59:59.999,13161053.15084,58966,57985.742,7518868.54002
2025-03-16 18:00:00,129.91,129.98,128.11,128.78,98122.857,2025-03-16 18:59:59.999,12669206.45304,57604,34436.438,4445867.83439
2025-03-16 19:00:00,128.77,128.88,126.04,126.94,240916.831,2025-03-16 19:59:59.999,30591515.21284,110426,102013.064,12954127.33774
2025-03-16 20:00:00,126.94,127.6,126.61,127.14,63731.02,2025-03-16 20:59:59.999,8097632.14973,45272,32396.839,4116974.88214
2025-03-16 21:00:00,127.13,127.77,126.25,126.52,57795.57,2025-03-16 21:59:59.999,7342681.33044,36892,28093.784,3569625.09839
2025-03-16 22:00:00,126.51,126.7,125.65,125.76,99583.107,2025-03-16 22:59:59.999,12558385.60472,60343,48855.327,6162180.87879
2025-03-16 23:00:00,125.76,126.29,125.21,126.13,87409.202,2025-03-16 23:59:59.999,10994832.30942,49966,42875.987,5395351.35758
2025-03-17 00:00:00,126.13,127.98,125.85,127.74,201142.816,2025-03-17 00:59:59.999,25556623.6441,72483,120568.326,15322145.17813
2025-03-17 01:00:00,127.74,128.73,127.18,128.28,155662.624,2025-03-17 01:59:59.999,19918550.27096,55360,87421.362,11191228.92428
2025-03-17 02:00:00,128.27,128.63,127.4,127.78,92266.883,2025-03-17 02:59:59.999,11817501.53073,55173,49294.784,6315713.76404
2025-03-17 03:00:00,127.78,129.23,127.78,128.96,64521.395,2025-03-17 03:59:59.999,8285383.1889,38042,39709.872,5100005.51095
2025-03-17 04:00:00,128.96,129.36,128.65,128.88,57074.921,2025-03-17 04:59:59.999,7361581.5486,38728,26372.089,3401927.42437
2025-03-17 05:00:00,128.87,128.95,128.03,128.05,48537.451,2025-03-17 05:59:59.999,6231357.60041,30395,16615.747,2133538.33503
2025-03-17 06:00:00,128.05,128.45,126.5,128.11,93884.879,2025-03-17 06:59:59.999,11983284.39426,52238,36380.766,4644496.10845
2025-03-17 07:00:00,128.12,129.5,128.04,129.26,93244.701,2025-03-17 07:59:59.999,12019238.41654,48563,50796.048,6549741.01962
2025-03-17 08:00:00,129.26,129.38,128.42,128.87,67601.218,2025-03-17 08:59:59.999,8714691.66689,37057,29377.689,3787081.40358
2025-03-17 09:00:00,128.87,129.4,128.6,129.11,80092.811,2025-03-17 09:59:59.999,10329992.19432,44357,40672.719,5245531.57459
2025-03-17 10:00:00,129.1,129.65,128.7,128.87,63189.349,2025-03-17 10:59:59.999,8153453.72679,32894,30513.946,3938187.07472
2025-03-17 11:00:00,128.87,129.43,128.42,129.18,79908.835,2025-03-17 11:59:59.999,10317317.63509,39573,30720.675,3966539.60828
2025-03-17 12:00:00,129.17,130.11,127.47,127.56,230217.805,2025-03-17 12:59:59.999,29664448.86533,118540,123271.035,15890274.19165
2025-03-17 13:00:00,127.55,128.81,126.82,127.24,131737.276,2025-03-17 13:59:59.999,16810638.08786,98163,65444.206,8353474.43014
2025-03-17 14:00:00,127.23,127.67,126.23,126.33,140044.591,2025-03-17 14:59:59.999,17770695.81132,90638,66490.492,8438854.28212
2025-03-17 15:00:00,126.34,127.91,125.55,127.51,236047.232,2025-03-17 15:59:59.999,29966868.21283,102513,108911.671,13823897.70544
2025-03-17 16:00:00,127.5,128.13,126.82,127.0,105026.499,2025-03-17 16:59:59.999,13389675.68046,63226,51258.423,6536249.28583
2025-03-17 17:00:00,126.99,128.76,126.66,128.36,164551.648,2025-03-17 17:59:59.999,21063727.33604,65653,78396.959,10034468.10924
2025-03-17 18:00:00,128.36,130.46,128.16,129.8,199331.929,2025-03-17 18:59:59.999,25763122.82777,86528,110411.861,14275613.44988
2025-03-17 19:00:00,129.79,130.64,129.46,129.84,151088.57,2025-03-17 19:59:59.999,19658301.96173,68418,85549.782,11131706.02512
2025-03-17 20:00:00,129.83,129.95,128.5,128.78,77041.828,2025-03-17 20:59:59.999,9969259.10489,43422,35064.457,4538189.91754
2025-03-17 21:00:00,128.79,129.35,128.14,129.04,58951.542,2025-03-17 21:59:59.999,7590544.95947,35132,31708.719,4083998.17733
2025-03-17 22:00:00,129.04,129.34,128.61,128.91,52704.208,2025-03-17 22:59:59.999,6798317.80576,28676,29396.833,3792464.42849
2025-03-17 23:00:00,128.92,128.94,127.77,128.01,63740.083,2025-03-17 23:59:59.999,8174988.46341,35403,29688.844,3808325.58426
2025-03-18 00:00:00,128.01,128.19,126.11,126.56,137514.208,2025-03-18 00:59:59.999,17485394.99308,57863,65909.079,8382093.91523
2025-03-18 01:00:00,126.56,126.91,124.65,125.16,277066.247,2025-03-18 01:59:59.999,34801169.14941,102143,104630.25,13142056.32327
2025-03-18 02:00:00,125.17,125.93,124.8,125.21,155830.619,2025-03-18 02:59:59.999,19534679.77869,71761,76929.201,9645514.03378
2025-03-18 03:00:00,125.21,125.21,123.49,124.15,264817.271,2025-03-18 03:59:59.999,32889203.59972,104153,102529.714,12734486.00553
2025-03-18 04:00:00,124.14,125.0,123.76,124.06,305106.367,2025-03-18 04:59:59.999,37967311.18115,82178,189746.919,23611426.94892
2025-03-18 05:00:00,124.06,124.65,123.68,124.62,85160.752,2025-03-18 05:59:59.999,10580537.98777,40030,42940.546,5335541.23759
2025-03-18 06:00:00,124.61,124.67,123.0,124.19,131654.778,2025-03-18 06:59:59.999,16311280.82006,58025,51413.456,6373924.83222
2025-03-18 07:00:00,124.19,125.24,124.03,125.2,113208.943,2025-03-18 07:59:59.999,14128480.30216,58665,63312.584,7902020.5759
2025-03-18 08:00:00,125.2,125.86,124.84,125.71,88606.931,2025-03-18 08:59:59.999,11108096.21165,45452,43100.797,5403404.12106
2025-03-18 09:00:00,125.7,125.96,124.63,124.77,97357.924,2025-03-18 09:59:59.999,12209105.63001,43765,40659.582,5102193.15797
2025-03-18 10:00:00,124.77,125.03,123.89,124.55,128227.577,2025-03-18 10:59:59.999,15946233.60823,49215,59670.233,7421716.04406
2025-03-18 11:00:00,124.56,124.65,123.2,123.54,112404.488,2025-03-18 11:59:59.999,13921978.45478,45076,54234.755,6715579.07403
2025-03-18 12:00:00,123.53,123.78,122.56,123.5,126766.328,2025-03-18 12:59:59.999,15633200.73935,49735,43828.278,5408182.78242
2025-03-18 13:00:00,123.5,123.7,121.76,122.34,183954.128,2025-03-18 13:59:59.999,22560738.196,98827,83998.726,10306122.21725
2025-03-18 14:00:00,122.33,123.44,121.87,123.12,214226.443,2025-03-18 14:59:59.999,26251218.32833,84138,112319.133,13774154.68661
2025-03-18 15:00:00,123.11,123.26,122.26,122.57,102800.016,2025-03-18 15:59:59.999,12617354.33361,63723,46550.435,5714127.21326
2025-03-18 16:00:00,122.57,124.03,122.44,123.35,139227.827,2025-03-18 16:59:59.999,17177835.19554,54611,66155.19,8161190.67474
2025-03-18 17:00:00,123.35,123.46,122.6,123.3,92662.818,2025-03-18 17:59:59.999,11400145.89092,47290,46890.468,5769657.92808
2025-03-18 18:00:00,123.31,124.13,123.08,124.08,89240.747,2025-03-18 18:59:59.999,11034541.2112,39295,43015.028,5320507.3953
2025-03-18 19:00:00,124.07,124.5,123.72,124.22,77156.653,2025-03-18 19:59:59.999,9573543.78431,41748,40226.886,4991920.18295
2025-03-18 20:00:00,124.22,124.43,123.53,124.03,46025.549,2025-03-18 20:59:59.999,5701821.4815,26980,17423.981,2158613.22937
2025-03-18 21:00:00,124.04,124.99,123.92,124.63,65977.934,2025-03-18 21:59:59.999,8217911.32591,29756,33790.014,4208832.67041
2025-03-18 22:00:00,124.63,125.23,124.42,125.02,74208.65,2025-03-18 22:59:59.999,9258148.237,33613,36673.715,4576692.73734
2025-03-18 23:00:00,125.02,125.71,125.01,125.33,72586.501,2025-03-18 23:59:59.999,9095768.80317,31426,29517.609,3699009.84336
2025-03-19 00:00:00,125.33,126.28,125.15,125.9,107474.987,2025-03-19 00:59:59.999,13520921.92402,47987,61323.421,7715610.06723
2025-03-19 01:00:00,125.89,125.99,124.47,124.49,83598.235,2025-03-19 01:59:59.999,10457659.16901,35494,32358.671,4048687.43945
2025-03-19 02:00:00,124.48,125.03,124.2,124.73,43438.377,2025-03-19 02:59:59.999,5413593.35095,27785,19120.86,2383535.99095
2025-03-19 03:00:00,124.73,126.72,124.65,126.47,129130.848,2025-03-19 03:59:59.999,16234907.76793,43692,78444.29,9861641.70628
2025-03-19 04:00:00,126.48,126.88,125.73,126.14,100624.708,2025-03-19 04:59:59.999,12688798.83743,41021,38080.207,4801928.17346
2025-03-19 05:00:00,126.15,126.42,125.39,125.78,229413.275,2025-03-19 05:59:59.999,28899489.92153,53842,107733.152,13572895.88758
2025-03-19 06:00:00,125.78,126.56,125.72,126.2,85767.495,2025-03-19 06:59:59.999,10814396.07225,47940,51060.166,6437641.61063
2025-03-19 07:00:00,126.2,126.58,125.62,125.73,65469.113,2025-03-19 07:59:59.999,8256526.71808,34085,29984.162,3782282.57929
2025-03-19 08:00:00,125.73,126.34,125.7,126.32,49232.951,2025-03-19 08:59:59.999,6206699.45243,32708,25323.879,3192641.76658
2025-03-19 09:00:00,126.31,126.76,126.03,126.5,70193.939,2025-03-19 09:59:59.999,8873603.17339,31739,33021.353,4174655.14451
2025-03-19 10:00:00,126.51,127.64,126.33,126.82,118007.306,2025-03-19 10:59:59.999,14980682.26479,56342,66874.021,8491697.25502
2025-03-19 11:00:00,126.81,129.53,126.41,128.69,270337.421,2025-03-19 11:59:59.999,34701675.30928,113925,140764.34,18068903.77139
2025-03-19 12:00:00,128.69,129.08,126.97,127.61,175560.272,2025-03-19 12:59:59.999,22437497.03085,67791,69162.149,8841976.54003
2025-03-19 13:00:00,127.61,131.18,127.22,130.55,476819.387,2025-03-19 13:59:59.999,61590536.12745,181535,251402.405,32485150.89398
2025-03-19 14:00:00,130.55,132.73,130.55,131.82,343247.956,2025-03-19 14:59:59.999,45232325.8329,159110,164776.011,21715294.49949
2025-03-19 15:00:00,131.81,132.43,131.17,132.32,257224.466,2025-03-19 15:59:59.999,33899871.4734,87591,141560.216,18663964.16546
2025-03-19 16:00:00,132.33,132.52,130.65,131.73,176945.914,2025-03-19 16:59:59.999,23239261.90437,73191,78674.22,10334431.93262
2025-03-19 17:00:00,131.72,131.86,129.66,130.23,203058.669,2025-03-19 17:59:59.999,26523189.22003,69083,74291.07,9705009.53206
2025-03-19 18:00:00,130.23,133.48,128.18,132.94,450275.482,2025-03-19 18:59:59.999,58866625.76362,206762,236342.636,30965920.98694
2025-03-19 19:00:00,132.95,134.33,131.35,133.03,254270.653,2025-03-19 19:59:59.999,33788382.27885,179605,123347.281,16395729.23093
2025-03-19 20:00:00,133.03,134.45,133.0,133.93,133734.191,2025-03-19 20:59:59.999,17887692.29346,77358,71108.307,9510559.47563
2025-03-19 21:00:00,133.93,134.57,133.16,133.7,101258.706,2025-03-19 21:59:59.999,13559231.00405,49385,49310.728,6605296.17118
2025-03-19 22:00:00,133.7,134.8,133.58,134.66,112721.454,2025-03-19 22:59:59.999,15136469.86693,56299,60729.825,8156875.60796
2025-03-19 23:00:00,134.66,136.08,134.35,135.33,132692.186,2025-03-19 23:59:59.999,17948091.96902,65204,80837.578,10937958.87905
2025-03-20 00:00:00,135.33,136.12,133.41,133.42,227338.245,2025-03-20 00:59:59.999,30615925.31993,92301,93689.932,12620384.78776
2025-03-20 01:00:00,133.41,133.95,132.82,133.53,108947.938,2025-03-20 01:59:59.999,14524314.10542,53846,52039.436,6939319.23633
2025-03-20 02:00:00,133.54,134.31,133.23,134.1,67685.599,2025-03-20 02:59:59.999,9050357.22616,37695,33015.284,4414596.8012
2025-03-20 03:00:00,134.1,134.33,133.7,133.91,56328.761,2025-03-20 03:59:59.999,7549090.98432,27161,20018.339,2682983.4563
2025-03-20 04:00:00,133.92,134.05,132.76,133.08,66537.188,2025-03-20 04:59:59.999,8868536.8839,32643,24184.696,3223237.17058
2025-03-20 05:00:00,133.08,133.96,133.01,133.93,61486.318,2025-03-20 05:59:59.999,8200935.43725,30187,27497.912,3668425.15013
2025-03-20 06:00:00,133.93,134.96,133.81,134.8,84758.422,2025-03-20 06:59:59.999,11379119.60496,36388,43623.625,5857582.87766
2025-03-20 07:00:00,134.8,134.96,133.96,134.01,85709.164,2025-03-20 07:59:59.999,11515509.59037,36856,34936.936,4695859.41423
2025-03-20 08:00:00,134.01,134.45,133.12,134.25,85950.543,2025-03-20 08:59:59.999,11503759.92429,46601,40153.916,5376230.50273
2025-03-20 09:00:00,134.25,134.55,133.27,133.47,70772.977,2025-03-20 09:59:59.999,9476056.00104,36965,35396.881,4740503.87319
2025-03-20 10:00:00,133.48,133.82,130.31,130.44,257393.891,2025-03-20 10:59:59.999,33862414.37548,119486,107313.451,14112134.82141
2025-03-20 11:00:00,130.44,131.34,130.37,130.65,85878.491,2025-03-20 11:59:59.999,11241436.12831,49937,46216.205,6049864.5255
2025-03-20 12:00:00,130.65,130.98,130.06,130.95,79647.993,2025-03-20 12:59:59.999,10398252.81195,37421,38657.416,5048289.41485
2025-03-20 13:00:00,130.96,131.18,129.67,130.69,118646.589,2025-03-20 13:59:59.999,15479493.53846,61859,54765.207,7146981.2911
2025-03-20 14:00:00,130.68,132.3,130.62,131.78,219591.909,2025-03-20 14:59:59.999,28865402.33719,92555,127278.746,16734290.8566
2025-03-20 15:00:00,131.78,131.81,128.51,128.91,254494.066,2025-03-20 15:59:59.999,32981151.60006,141350,114471.278,14836435.16892
2025-03-20 16:00:00,128.9,129.38,126.65,127.04,209080.515,2025-03-20 16:59:59.999,26766032.60472,106299,88797.623,11368363.79255
2025-03-20 17:00:00,127.04,128.13,126.93,127.76,125495.795,2025-03-20 17:59:59.999,16005013.97674,55312,78407.828,9999992.50988
2025-03-20 18:00:00,127.76,128.29,127.18,127.25,71947.06,2025-03-20 18:59:59.999,9193422.61532,37112,39776.206,5083428.72569
2025-03-20 19:00:00,127.24,128.15,127.23,127.94,62420.644,2025-03-20 19:59:59.999,7971014.64909,32531,37021.808,4728273.67213
2025-03-20 20:00:00,127.93,128.49,127.7,128.05,46089.351,2025-03-20 20:59:59.999,5904848.59335,23704,27222.416,3487836.16079
2025-03-20 21:00:00,128.04,128.37,127.47,127.6,50973.56,2025-03-20 21:59:59.999,6515823.34493,23250,19305.267,2468191.35476
2025-03-20 22:00:00,127.6,127.97,127.17,127.43,50829.743,2025-03-20 22:59:59.999,6489735.56333,27891,24931.245,3183760.58066
2025-03-20 23:00:00,127.42,128.2,127.25,127.6,45283.224,2025-03-20 23:59:59.999,5786103.30407,26721,21458.777,2742398.85816
2025-03-21 00:00:00,127.6,128.54,127.33,128.3,81874.498,2025-03-21 00:59:59.999,10487075.05991,40846,45497.075,5827732.40178
2025-03-21 01:00:00,128.3,129.04,128.0,128.98,85159.379,2025-03-21 01:59:59.999,10946811.24193,32985,45521.135,5853178.79443
2025-03-21 02:00:00,128.98,129.07,128.1,128.39,52796.811,2025-03-21 02:59:59.999,6787349.42802,28566,26173.77,3364998.62458
2025-03-21 03:00:00,128.38,128.44,127.36,127.94,70393.039,2025-03-21 03:59:59.999,9000965.29219,31453,24827.042,3173672.28538
2025-03-21 04:00:00,127.95,128.76,127.94,128.44,42523.788,2025-03-21 04:59:59.999,5464402.21294,24819,19353.495,2486960.19689
2025-03-21 05:00:00,128.44,128.69,127.6,128.28,62079.435,2025-03-21 05:59:59.999,7946343.4835,31235,26123.385,3344665.50965
2025-03-21 06:00:00,128.28,128.45,127.87,128.12,40800.14,2025-03-21 06:59:59.999,5229687.52843,26470,19513.577,2501548.34855
2025-03-21 07:00:00,128.11,128.34,127.4,128.07,62029.862,2025-03-21 07:59:59.999,7935291.22072,30217,31043.407,3972168.34087
2025-03-21 08:00:00,128.08,128.84,127.75,128.39,88715.494,2025-03-21 08:59:59.999,11380005.39104,40329,42770.034,5487570.75956
2025-03-21 09:00:00,128.39,129.1,127.54,127.63,106408.149,2025-03-21 09:59:59.999,13652276.31407,47197,47970.266,6155710.70054
2025-03-21 10:00:00,127.63,127.96,125.93,126.62,181425.889,2025-03-21 10:59:59.999,22995913.08757,68351,63293.577,8022815.28109
2025-03-21 11:00:00,126.61,126.77,125.74,126.39,82349.787,2025-03-21 11:59:59.999,10394575.83475,37410,41127.267,5191881.24472
2025-03-21 12:00:00,126.4,126.92,125.7,125.86,93609.408,2025-03-21 12:59:59.999,11818522.90627,47787,44043.201,5564461.32572
2025-03-21 13:00:00,125.86,127.54,125.39,127.21,137204.298,2025-03-21 13:59:59.999,17344843.71244,72668,75700.655,9575704.19657
2025-03-21 14:00:00,127.21,127.77,126.19,127.08,120429.432,2025-03-21 14:59:59.999,15292907.0676,64226,65062.174,8264744.99349
2025-03-21 15:00:00,127.08,127.12,125.84,125.98,74917.968,2025-03-21 15:59:59.999,9468829.53087,41000,34608.102,4374413.57084
2025-03-21 16:00:00,125.98,126.73,124.81,126.7,200046.553,2025-03-21 16:59:59.999,25112384.1182,70536,92175.691,11580531.24078
2025-03-21 17:00:00,126.69,127.0,126.1,126.89,79144.479,2025-03-21 17:59:59.999,10014508.03895,34925,37769.812,4779562.18424
2025-03-21 18:00:00,126.9,129.73,126.05,127.3,337271.371,2025-03-21 18:59:59.999,43255979.34536,114040,183207.632,23484157.56211
2025-03-21 19:00:00,127.31,128.55,127.18,128.24,98848.249,2025-03-21 19:59:59.999,12653977.14678,55755,59067.66,7562784.75038
2025-03-21 20:00:00,128.25,128.54,127.83,128.48,55612.287,2025-03-21 20:59:59.999,7125452.35582,33683,32236.884,4130683.31242
2025-03-21 21:00:00,128.47,130.18,128.4,129.2,125040.912,2025-03-21 21:59:59.999,16177649.30763,50947,68195.063,8823821.64255
2025-03-21 22:00:00,129.19,129.31,127.57,128.03,70024.993,2025-03-21 22:59:59.999,8985945.49821,40884,30557.388,3920810.98646
2025-03-21 23:00:00,128.02,128.63,127.85,128.48,51716.127,2025-03-21 23:59:59.999,6633872.56406,28832,28469.055,3651800.60188
2025-03-22 00:00:00,128.47,129.25,128.28,128.68,76364.157,2025-03-22 00:59:59.999,9839581.72566,40129,36169.789,4660626.8462
2025-03-22 01:00:00,128.68,129.05,128.0,128.04,59651.17,2025-03-22 01:59:59.999,7669371.46666,30138,23012.767,2959989.47272
2025-03-22 02:00:00,128.04,128.43,127.8,128.09,32810.582,2025-03-22 02:59:59.999,4203059.02506,21325,14849.959,1902478.96246
2025-03-22 03:00:00,128.09,129.38,128.03,128.88,62185.092,2025-03-22 03:59:59.999,8007377.54049,27133,31361.1,4038604.42906
2025-03-22 04:00:00,128.88,129.5,128.63,129.34,74424.167,2025-03-22 04:59:59.999,9616204.09664,28853,36732.093,4745944.72654
2025-03-22 05:00:00,129.33,129.45,128.73,129.09,78706.207,2025-03-22 05:59:59.999,10158078.09722,19650,41473.176,5353718.66826
2025-03-22 06:00:00,129.09,129.75,128.81,129.22,56272.589,2025-03-22 06:59:59.999,7277046.74823,27474,24585.381,3179294.65275
2025-03-22 07:00:00,129.21,129.56,128.54,128.82,46739.985,2025-03-22 07:59:59.999,6037901.8164,23394,19861.369,2565639.77183
2025-03-22 08:00:00,128.81,129.53,128.77,129.41,54332.346,2025-03-22 08:59:59.999,7016463.4089,24571,27494.058,3551576.84924
2025-03-22 09:00:00,129.41,131.4,129.41,130.71,138241.941,2025-03-22 09:59:59.999,18053731.11673,56051,75391.042,9841194.21549
2025-03-22 10:00:00,130.71,131.84,130.62,131.27,100906.569,2025-03-22 10:59:59.999,13243437.64299,46976,48383.806,6350154.85351
2025-03-22 11:00:00,131.28,131.6,130.23,130.34,80013.495,2025-03-22 11:59:59.999,10460973.77783,38561,32249.461,4216415.61443
2025-03-22 12:00:00,130.35,130.55,129.93,130.1,48710.182,2025-03-22 12:59:59.999,6342845.9535,32350,22425.505,2920549.75394
2025-03-22 13:00:00,130.1,130.27,129.15,129.54,76700.555,2025-03-22 13:59:59.999,9943710.0094,35244,34957.478,4533076.40776
2025-03-22 14:00:00,129.54,129.65,128.8,128.87,56486.633,2025-03-22 14:59:59.999,7300739.78105,28812,23614.608,3052802.8024
2025-03-22 15:00:00,128.87,129.43,128.64,129.25,68509.344,2025-03-22 15:59:59.999,8831478.43428,33109,39426.896,5084214.19431
2025-03-22 16:00:00,129.24,129.4,128.9,129.23,39654.457,2025-03-22 16:59:59.999,5122531.0044,25336,22758.189,2940085.7788
2025-03-22 17:00:00,129.23,129.6,128.98,129.42,43795.557,2025-03-22 17:59:59.999,5662774.66484,27164,25953.529,3356076.14779
2025-03-22 18:00:00,129.42,129.95,129.3,129.75,38693.334,2025-03-22 18:59:59.999,5015713.98891,20144,22873.624,2965169.5908
2025-03-22 19:00:00,129.74,130.27,129.62,129.97,92268.589,2025-03-22 19:59:59.999,11990787.41126,24952,42331.831,5500297.94268
2025-03-22 20:00:00,129.97,130.06,129.1,129.12,52936.212,2025-03-22 20:59:59.999,6857689.98275,24441,23265.473,3015661.79323
2025-03-22 21:00:00,129.12,129.69,128.32,128.55,48953.276,2025-03-22 21:59:59.999,6311609.6102,25891,20226.819,2607938.92411
2025-03-22 22:00:00,128.55,128.85,128.34,128.74,34031.165,2025-03-22 22:59:59.999,4377797.37138,21338,17286.844,2224077.18635
2025-03-22 23:00:00,128.75,128.77,128.12,128.51,36780.592,2025-03-22 23:59:59.999,4720222.28159,23235,16179.442,2076349.06437
2025-03-23 00:00:00,128.5,128.89,128.21,128.75,41468.41,2025-03-23 00:59:59.999,5332697.31692,25780,18616.952,2394688.3946
2025-03-23 01:00:00,128.74,129.35,128.57,129.24,40604.795,2025-03-23 01:59:59.999,5238684.15031,24088,19060.595,2459261.64663
2025-03-23 02:00:00,129.24,129.99,129.0,129.98,44736.934,2025-03-23 02:59:59.999,5797902.58514,23425,24790.148,3213059.64047
2025-03-23 03:00:00,129.98,130.85,129.61,130.85,81410.017,2025-03-23 03:59:59.999,10594742.47012,29049,35609.978,4637922.87102
2025-03-23 04:00:00,130.85,130.96,129.79,129.98,54322.041,2025-03-23 04:59:59.999,7077305.41123,29438,21115.132,2750777.92743
2025-03-23 05:00:00,129.97,130.51,129.73,130.42,39199.816,2025-03-23 05:59:59.999,5099012.44232,22386,18778.265,2443207.40647
2025-03-23 06:00:00,130.43,131.05,130.25,130.62,65877.357,2025-03-23 06:59:59.999,8611326.26684,23411,37502.628,4903102.9346
2025-03-23 07:00:00,130.62,131.49,130.56,131.15,53339.596,2025-03-23 07:59:59.999,6990196.33117,23257,24216.146,3173944.87709
2025-03-23 08:00:00,131.15,131.43,130.95,131.06,67045.229,2025-03-23 08:59:59.999,8792807.72156,24620,30889.149,4051270.25275
2025-03-23 09:00:00,131.06,131.59,131.05,131.34,50493.671,2025-03-23 09:59:59.999,6633790.94228,24953,19790.469,2600044.25782
2025-03-23 10:00:00,131.34,132.72,131.34,132.38,135961.577,2025-03-23 10:59:59.999,17970475.9293,43227,68042.572,8992479.99361
2025-03-23 11:00:00,132.39,134.06,132.38,133.1,181842.197,2025-03-23 11:59:59.999,24238221.72798,70143,93549.839,12469654.50823
2025-03-23 12:00:00,133.11,133.68,133.1,133.26,89896.233,2025-03-23 12:59:59.999,11990562.35712,36717,45996.969,6135198.84129
2025-03-23 13:00:00,133.26,133.83,132.69,133.6,90179.467,2025-03-23 13:59:59.999,12020227.46697,38633,38126.689,5083338.99439
2025-03-23 14:00:00,133.6,133.76,132.14,132.33,126339.894,2025-03-23 14:59:59.999,16777049.78554,51643,53005.654,7037182.07583
2025-03-23 15:00:00,132.33,133.08,132.26,132.51,89364.645,2025-03-23 15:59:59.999,11858138.83879,48483,46093.157,6117305.50018
2025-03-23 16:00:00,132.52,132.74,131.72,131.97,72234.735,2025-03-23 16:59:59.999,9551099.5154,44429,35816.908,4737703.19084
2025-03-23 17:00:00,131.97,132.34,130.89,131.26,75904.594,2025-03-23 17:59:59.999,9991367.90177,37036,30715.732,4044579.55379
2025-03-23 18:00:00,131.27,131.27,130.49,130.79,83942.918,2025-03-23 18:59:59.999,10984979.00931,32567,39375.515,5152705.36382
2025-03-23 19:00:00,130.79,131.12,130.35,130.55,45113.043,2025-03-23 19:59:59.999,5897161.01685,24025,24607.769,3217125.66395
2025-03-23 20:00:00,130.54,131.17,130.54,130.65,45218.794,2025-03-23 20:59:59.999,5918692.07008,23880,27575.397,3609265.27895
2025-03-23 21:00:00,130.64,131.2,130.2,131.11,41729.201,2025-03-23 21:59:59.999,5452746.30357,21587,24904.897,3255101.53582
2025-03-23 22:00:00,131.11,131.76,130.97,131.4,63800.448,2025-03-23 22:59:59.999,8380981.40345,34635,36035.511,4733994.1566
2025-03-23 23:00:00,131.41,132.85,131.32,132.84,83460.374,2025-03-23 23:59:59.999,11008240.49246,41981,53616.25,7073580.3214
2025-03-24 00:00:00,132.85,135.0,132.04,134.73,204380.441,2025-03-24 00:59:59.999,27401309.46031,102906,110358.123,14789611.64248
2025-03-24 01:00:00,134.72,135.3,132.93,132.98,199800.577,2025-03-24 01:59:59.999,26800990.8392,117752,98829.755,13260742.77621
2025-03-24 02:00:00,132.99,135.18,132.84,134.94,126277.158,2025-03-24 02:59:59.999,16916739.50231,57762,80201.879,10741466.44106
2025-03-24 03:00:00,134.95,138.46,134.64,138.16,394903.752,2025-03-24 03:59:59.999,54118701.0024,182997,207909.479,28479819.31321
2025-03-24 04:00:00,138.16,139.36,138.16,139.17,268279.005,2025-03-24 04:59:59.999,37237363.09518,105256,143489.649,19913295.29928
2025-03-24 05:00:00,139.18,139.29,137.87,138.04,153665.028,2025-03-24 05:59:59.999,21306228.8594,70853,63949.783,8868744.05435
2025-03-24 06:00:00,138.04,138.89,137.86,137.94,257837.461,2025-03-24 06:59:59.999,35663449.38172,83551,101285.903,14011413.95847
2025-03-24 07:00:00,137.93,139.13,137.77,138.88,114651.561,2025-03-24 07:59:59.999,15866811.90297,62145,56614.341,7837229.58947
2025-03-24 08:00:00,138.89,140.88,138.6,140.27,249517.933,2025-03-24 08:59:59.999,34895760.77881,106415,148535.66,20769846.20266
2025-03-24 09:00:00,140.28,140.56,139.49,139.89,123556.218,2025-03-24 09:59:59.999,17289983.46109,57117,51622.714,7224226.56739
2025-03-24 10:00:00,139.9,142.4,139.82,141.8,247844.697,2025-03-24 10:59:59.999,35057669.41922,95717,145818.082,20620880.03864
2025-03-24 11:00:00,141.81,144.13,141.19,143.41,258096.716,2025-03-24 11:59:59.999,36779362.70783,106728,141517.619,20181092.76427
2025-03-24 12:00:00,143.42,143.83,142.36,143.17,238582.371,2025-03-24 12:59:59.999,34133347.48004,111488,118137.899,16910128.67235
2025-03-24 13:00:00,143.17,144.49,142.39,144.49,294852.0,2025-03-24 13:59:59.999,42285888.96507,136839,141441.773,20296914.97106
2025-03-24 14:00:00,144.49,144.96,142.3,142.45,396272.686,2025-03-24 14:59:59.999,56893603.67059,173991,173318.466,24904719.76514
2025-03-24 15:00:00,142.46,143.45,142.3,143.25,133933.518,2025-03-24 15:59:59.999,19143858.28779,87090,70125.181,10023988.24502
2025-03-24 16:00:00,143.24,143.44,141.75,142.09,140268.335,2025-03-24 16:59:59.999,19994165.65496,79457,57600.258,8211725.48468
2025-03-24 17:00:00,142.09,142.85,141.97,142.41,92260.894,2025-03-24 17:59:59.999,13134442.70925,56243,45752.654,6513722.55113
2025-03-24 18:00:00,142.41,142.73,141.29,142.23,109068.552,2025-03-24 18:59:59.999,15502623.83297,60905,55293.99,7861702.05805
2025-03-24 19:00:00,142.22,142.92,141.8,142.77,101533.412,2025-03-24 19:59:59.999,14458268.26921,53067,56773.102,8084972.28181
2025-03-24 20:00:00,142.76,143.64,141.79,141.84,122771.146,2025-03-24 20:59:59.999,17515923.58657,62284,58500.994,8353307.18937
2025-03-24 21:00:00,141.84,142.63,141.35,141.37,90708.265,2025-03-24 21:59:59.999,12875958.71556,44008,48289.42,6856410.29496
2025-03-24 22:00:00,141.37,141.62,140.12,140.36,105429.216,2025-03-24 22:59:59.999,14840262.10469,46370,43049.13,6058833.43729
2025-03-24 23:00:00,140.36,141.17,139.64,141.01,129640.703,2025-03-24 23:59:59.999,18167997.84225,53663,64254.858,9009550.4034
2025-03-25 00:00:00,141.01,142.29,140.5,142.13,114246.829,2025-03-25 00:59:59.999,16178303.9165,59673,72118.959,10214634.88482
2025-03-25 01:00:00,142.12,142.12,139.64,140.2,133557.676,2025-03-25 01:59:59.999,18761597.5825,80898,59895.852,8408879.08732
2025-03-25 02:00:00,140.2,140.31,139.29,139.65,118669.079,2025-03-25 02:59:59.999,16585839.0078,64624,55477.162,7757477.54989
2025-03-25 03:00:00,139.66,140.09,138.2,138.57,151482.726,2025-03-25 03:59:59.999,21049801.35822,75132,55579.74,7725154.99627
2025-03-25 04:00:00,138.57,139.55,138.17,139.1,95009.507,2025-03-25 04:59:59.999,13192149.71825,53711,50836.993,7059748.46635
2025-03-25 05:00:00,139.09,139.95,138.74,139.59,65789.633,2025-03-25 05:59:59.999,9173733.96223,43627,38210.614,5327929.32024
2025-03-25 06:00:00,139.59,140.21,139.37,139.74,77872.003,2025-03-25 06:59:59.999,10880567.70182,42171,39675.347,5544283.31604
2025-03-25 07:00:00,139.75,140.35,139.23,139.46,61134.161,2025-03-25 07:59:59.999,8543333.68596,39214,27186.79,3800821.4369
2025-03-25 08:00:00,139.46,140.55,139.43,140.29,64809.45,2025-03-25 08:59:59.999,9086350.04273,36045,33207.034,4655871.77444
2025-03-25 09:00:00,140.28,143.43,139.88,142.85,162626.749,2025-03-25 09:59:59.999,23080448.60546,84637,93497.779,13267949.7208
2025-03-25 10:00:00,142.85,143.19,141.67,142.45,122201.806,2025-03-25 10:59:59.999,17408299.81301,69643,54847.373,7813726.06468
2025-03-25 11:00:00,142.45,142.92,141.44,142.15,112017.951,2025-03-25 11:59:59.999,15927388.12092,63612,46122.854,6559337.90522
2025-03-25 12:00:00,142.14,142.87,141.06,142.13,170839.053,2025-03-25 12:59:59.999,24249739.07212,83404,68204.746,9681563.88874
2025-03-25 13:00:00,142.13,146.7,142.04,144.59,547798.572,2025-03-25 13:59:59.999,79239207.28085,227877,306654.512,44336767.71495
2025-03-25 14:00:00,144.59,147.48,143.84,146.36,386600.678,2025-03-25 14:59:59.999,56548572.52343,195808,206814.435,30262009.28366
2025-03-25 15:00:00,146.35,146.56,144.4,145.28,232903.733,2025-03-25 15:59:59.999,33873944.85601,120828,103557.615,15067554.86178
2025-03-25 16:00:00,145.28,146.25,143.61,144.37,172279.696,2025-03-25 16:59:59.999,24937673.88886,105995,73133.361,10589811.05621
2025-03-25 17:00:00,144.38,145.68,144.38,144.96,128087.948,2025-03-25 17:59:59.999,18577254.0208,70805,55863.122,8103280.66167
2025-03-25 18:00:00,144.96,145.82,144.56,145.12,102905.054,2025-03-25 18:59:59.999,14937501.56949,66289,41336.238,6001076.57658
2025-03-25 19:00:00,145.13,145.86,144.58,145.03,82612.789,2025-03-25 19:59:59.999,11993356.95832,61091,40464.166,5874186.37012
2025-03-25 20:00:00,145.02,146.09,144.5,144.55,121037.485,2025-03-25 20:59:59.999,17596332.37181,68846,60636.617,8819444.27001
2025-03-25 21:00:00,144.55,145.27,143.58,143.69,96656.6,2025-03-25 21:59:59.999,13966082.80692,46518,48383.745,6994875.69502
2025-03-25 22:00:00,143.69,144.44,142.48,143.42,141377.452,2025-03-25 22:59:59.999,20259593.88028,61849,69065.404,9898703.11038
2025-03-25 23:00:00,143.41,144.11,143.29,143.64,67442.04,2025-03-25 23:59:59.999,9691832.20107,43546,35543.156,5107695.90778
2025-03-26 00:00:00,143.64,144.63,143.11,144.16,82070.048,2025-03-26 00:59:59.999,11805605.39117,48322,44821.36,6451365.34344
2025-03-26 01:00:00,144.17,144.48,143.69,144.09,81096.382,2025-03-26 01:59:59.999,11688028.15777,46862,42721.754,6157726.88666
2025-03-26 02:00:00,144.09,144.1,142.52,142.64,97875.528,2025-03-26 02:59:59.999,14003243.30745,58881,48313.441,6909171.63868
2025-03-26 03:00:00,142.64,143.07,141.5,141.84,108719.408,2025-03-26 03:59:59.999,15454388.74174,54963,49692.845,7065950.35368
2025-03-26 04:00:00,141.84,142.59,141.64,142.38,90109.653,2025-03-26 04:59:59.999,12811781.0291,38220,57925.602,8237717.56379
2025-03-26 05:00:00,142.37,143.42,141.88,142.94,65672.87,2025-03-26 05:59:59.999,9363604.44381,37428,36638.255,5224589.35643
2025-03-26 06:00:00,142.95,144.25,142.58,144.03,78418.702,2025-03-26 06:59:59.999,11259138.31921,41348,46556.411,6684579.79731
2025-03-26 07:00:00,144.03,144.89,143.62,144.5,140970.384,2025-03-26 07:59:59.999,20339294.66895,59556,79657.592,11496807.22211
2025-03-26 08:00:00,144.5,145.05,143.91,144.39,109378.511,2025-03-26 08:59:59.999,15799483.62083,48582,57433.657,8298474.54931
2025-03-26 09:00:00,144.39,144.92,143.77,144.34,80574.042,2025-03-26 09:59:59.999,11624598.46592,47315,38174.838,5509061.75513
2025-03-26 10:00:00,144.33,145.35,144.0,144.85,89583.377,2025-03-26 10:59:59.999,12970389.30306,51880,46974.122,6802282.20729
2025-03-26 11:00:00,144.85,145.49,144.42,144.61,72447.721,2025-03-26 11:59:59.999,10502022.36953,42989,31183.788,4521645.50767
2025-03-26 12:00:00,144.61,145.07,143.64,144.94,91386.259,2025-03-26 12:59:59.999,13185885.30165,56569,37302.022,5385495.33142
2025-03-26 13:00:00,144.94,144.94,141.22,141.25,285848.123,2025-03-26 13:59:59.999,40862962.64488,119259,110673.164,15822958.75936
2025-03-26 14:00:00,141.25,142.04,139.0,140.03,464994.443,2025-03-26 14:59:59.999,65188168.89225,194106,193960.068,27200986.10692
2025-03-26 15:00:00,140.04,140.46,139.04,139.34,190263.176,2025-03-26 15:59:59.999,26562780.81476,92501,90584.538,12648941.26399
2025-03-26 16:00:00,139.33,140.21,138.94,139.4,168346.176,2025-03-26 16:59:59.999,23485975.08456,63989,58268.47,8130775.01291
2025-03-26 17:00:00,139.39,139.56,137.87,137.94,144130.141,2025-03-26 17:59:59.999,19966002.34178,78240,61635.914,8536431.41801
2025-03-26 18:00:00,137.94,138.73,137.17,137.39,98765.602,2025-03-26 18:59:59.999,13623798.86966,63388,41539.009,5732406.01134
2025-03-26 19:00:00,137.38,138.28,136.23,137.45,180997.696,2025-03-26 19:59:59.999,24836449.78004,96331,92355.833,12681814.28461
2025-03-26 20:00:00,137.45,138.51,137.25,137.97,111839.277,2025-03-26 20:59:59.999,15438459.51388,58483,65525.762,9045431.59073
2025-03-26 21:00:00,137.97,138.14,136.26,137.43,95343.782,2025-03-26 21:59:59.999,13098626.20994,45875,45475.867,6249124.94012
2025-03-26 22:00:00,137.43,137.43,136.2,136.84,85140.571,2025-03-26 22:59:59.999,11633960.56214,55117,45639.193,6236617.14317
2025-03-26 23:00:00,136.85,137.41,135.89,137.34,85551.415,2025-03-26 23:59:59.999,11684616.05311,49529,37614.778,5142189.63273
2025-03-27 00:00:00,137.35,138.05,136.82,137.97,112626.437,2025-03-27 00:59:59.999,15490498.25259,59151,68419.791,9414311.74312
2025-03-27 01:00:00,137.96,138.57,137.77,138.45,87897.523,2025-03-27 01:59:59.999,12148508.90508,50839,49840.109,6889019.44055
2025-03-27 02:00:00,138.46,140.22,138.34,139.43,124361.077,2025-03-27 02:59:59.999,17331212.70982,60558,73328.4,10216510.71267
2025-03-27 03:00:00,139.43,139.98,138.73,139.91,101004.163,2025-03-27 03:59:59.999,14071750.22698,47464,60072.985,8371545.9513
2025-03-27 04:00:00,139.91,140.07,138.87,139.53,72436.142,2025-03-27 04:59:59.999,10092737.40746,39962,41759.37,5818478.25055
2025-03-27 05:00:00,139.52,139.55,138.39,138.58,76244.695,2025-03-27 05:59:59.999,10593388.42083,44255,38257.145,5315624.13423
2025-03-27 06:00:00,138.58,139.15,137.91,138.44,84575.993,2025-03-27 06:59:59.999,11726853.15296,45274,44768.25,6208558.54721
2025-03-27 07:00:00,138.44,139.45,138.02,138.88,84480.699,2025-03-27 07:59:59.999,11720872.94381,50904,48316.307,6703631.00818
2025-03-27 08:00:00,138.88,139.29,138.04,138.36,158841.583,2025-03-27 08:59:59.999,22020241.26425,67656,77985.288,10807471.16426
2025-03-27 09:00:00,138.36,138.62,137.5,138.22,118884.639,2025-03-27 09:59:59.999,16407749.26797,66465,52272.23,7216739.57329
2025-03-27 10:00:00,138.23,138.85,137.36,137.69,108050.639,2025-03-27 10:59:59.999,14921739.54169,57524,43368.69,5992687.84867
2025-03-27 11:00:00,137.7,138.42,137.1,137.4,78728.084,2025-03-27 11:59:59.999,10843741.30937,60335,30810.41,4244370.52568
2025-03-27 12:00:00,137.4,138.3,136.9,137.54,156369.083,2025-03-27 12:59:59.999,21500403.85333,76165,49976.548,6878188.12656
2025-03-27 13:00:00,137.53,138.12,135.63,137.08,204869.787,2025-03-27 13:59:59.999,28000260.62596,117828,96677.591,13216333.4504
2025-03-27 14:00:00,137.08,139.82,137.04,139.77,206566.249,2025-03-27 14:59:59.999,28593539.70247,103579,117262.583,16235594.08764
2025-03-27 15:00:00,139.78,139.83,137.79,137.79,146058.526,2025-03-27 15:59:59.999,20286311.10507,70139,60036.462,8341339.76183
2025-03-27 16:00:00,137.79,139.08,137.73,137.98,89040.853,2025-03-27 16:59:59.999,12318549.18733,47854,48149.43,6664217.7932
2025-03-27 17:00:00,137.99,138.59,137.36,137.53,73288.354,2025-03-27 17:59:59.999,10115690.27563,48040,32084.622,4429595.02772
2025-03-27 18:00:00,137.53,139.3,137.45,138.89,81631.902,2025-03-27 18:59:59.999,11301355.60797,52181,48182.045,6669353.21447
2025-03-27 19:00:00,138.9,139.71,138.61,139.06,76997.613,2025-03-27 19:59:59.999,10723080.93393,43402,39922.595,5561653.69545
2025-03-27 20:00:00,139.07,139.45,138.7,139.12,55677.84,2025-03-27 20:59:59.999,7746357.34387,28635,26719.452,3718683.15524
2025-03-27 21:00:00,139.12,139.95,138.82,139.63,63800.134,2025-03-27 21:59:59.999,8893317.38636,27573,35972.651,5015142.00347
2025-03-27 22:00:00,139.63,139.8,138.85,138.88,44297.995,2025-03-27 22:59:59.999,6170216.55372,26496,21711.441,3024450.4215
2025-03-27 23:00:00,138.87,139.09,138.12,138.43,59432.673,2025-03-27 23:59:59.999,8235779.93272,32360,32192.484,4461844.18587
2025-03-28 00:00:00,138.44,138.51,136.72,137.86,107383.022,2025-03-28 00:59:59.999,14777023.83552,56296,51515.473,7088107.26079
2025-03-28 01:00:00,137.86,139.05,137.18,138.32,108197.342,2025-03-28 01:59:59.999,14940108.62244,53177,52041.779,7190597.56412
2025-03-28 02:00:00,138.32,139.0,137.61,137.83,74143.948,2025-03-28 02:59:59.999,10250687.26086,44141,35624.304,4927128.11633
2025-03-28 03:00:00,137.83,138.02,135.9,136.78,329351.698,2025-03-28 03:59:59.999,44972214.86162,76847,154128.223,21028452.74453
2025-03-28 04:00:00,136.79,137.35,133.55,134.28,509177.808,2025-03-28 04:59:59.999,68864100.68339,152781,243974.451,32968589.17968
2025-03-28 05:00:00,134.27,134.3,133.29,133.39,169473.377,2025-03-28 05:59:59.999,22671167.95084,95014,90273.678,12077183.27016
2025-03-28 06:00:00,133.38,134.57,133.09,133.21,103750.275,2025-03-28 06:59:59.999,13890717.53089,64270,55897.12,7487115.18065
2025-03-28 07:00:00,133.21,133.46,131.38,131.62,398251.724,2025-03-28 07:59:59.999,52620327.82708,96941,130615.702,17274770.34779
2025-03-28 08:00:00,131.63,132.67,131.11,131.28,195772.522,2025-03-28 08:59:59.999,25797699.78721,83617,97383.082,12838623.4309
2025-03-28 09:00:00,131.28,131.74,130.61,130.85,108760.288,2025-03-28 09:59:59.999,14253142.24153,51308,45926.929,6021457.03182
2025-03-28 10:00:00,130.86,131.32,130.36,130.85,108152.988,2025-03-28 10:59:59.999,14157618.6953,51638,52745.951,6907471.1511
2025-03-28 11:00:00,130.85,132.01,130.52,131.93,150651.309,2025-03-28 11:59:59.999,19781832.1584,74861,82580.687,10846558.84722
2025-03-28 12:00:00,131.92,132.46,130.6,130.78,152635.694,2025-03-28 12:59:59.999,20066130.46397,73669,71950.189,9462531.93306
2025-03-28 13:00:00,130.79,131.88,129.38,129.93,187931.848,2025-03-28 13:59:59.999,24559217.97778,75767,83402.289,10915526.62207
2025-03-28 14:00:00,129.93,130.43,129.14,130.09,227700.153,2025-03-28 14:59:59.999,29562561.834,112241,113187.007,14698037.14203
2025-03-28 15:00:00,130.09,130.41,129.26,129.92,145679.663,2025-03-28 15:59:59.999,18919216.2946,69606,70883.061,9208070.80987
2025-03-28 16:00:00,129.92,130.3,129.03,129.41,160647.675,2025-03-28 16:59:59.999,20829177.34378,70409,66947.486,8681855.18355
2025-03-28 17:00:00,129.4,130.12,129.12,130.09,98034.499,2025-03-28 17:59:59.999,12702339.44316,51051,43286.921,5610531.71652
2025-03-28 18:00:00,130.08,130.2,129.15,129.6,79684.029,2025-03-28 18:59:59.999,10330587.4299,33798,37430.163,4852068.01179
2025-03-28 19:00:00,129.6,129.69,129.13,129.43,79261.714,2025-03-28 19:59:59.999,10256004.24041,36347,35357.83,4575063.23561
2025-03-28 20:00:00,129.43,130.46,127.69,128.35,213042.03,2025-03-28 20:59:59.999,27472613.87582,61946,88181.573,11388165.02439
2025-03-28 21:00:00,128.35,129.31,127.81,129.05,81645.02,2025-03-28 21:59:59.999,10506219.24492,35847,37100.313,4773427.04933
2025-03-28 22:00:00,129.05,129.93,129.02,129.84,63046.765,2025-03-28 22:59:59.999,8167332.84011,28698,34686.218,4493480.08412
2025-03-28 23:00:00,129.84,129.85,129.12,129.49,39815.974,2025-03-28 23:59:59.999,5153298.59616,25512,15925.788,2061162.63086
2025-03-29 00:00:00,129.5,130.54,129.41,129.78,113366.094,2025-03-29 00:59:59.999,14750689.53476,37885,69974.3,9106976.00246
2025-03-29 01:00:00,129.79,129.99,129.18,129.49,46955.381,2025-03-29 01:59:59.999,6085696.28927,33463,23375.384,3029898.96911
2025-03-29 02:00:00,129.49,129.75,127.11,127.12,107525.257,2025-03-29 02:59:59.999,13808196.08082,48735,37644.562,4836336.45656
2025-03-29 03:00:00,127.12,129.19,126.58,128.84,158318.605,2025-03-29 03:59:59.999,20207303.58166,71774,85200.934,10883288.50237
2025-03-29 04:00:00,128.83,129.13,127.96,128.65,105427.211,2025-03-29 04:59:59.999,13546344.46428,40905,35151.564,4516755.92073
2025-03-29 05:00:00,128.65,128.66,127.34,127.79,165972.322,2025-03-29 05:59:59.999,21252821.29697,44104,102422.196,13112127.60293
2025-03-29 06:00:00,127.79,127.82,126.19,126.96,105288.611,2025-03-29 06:59:59.999,13353876.20809,49930,41756.886,5299560.55731
2025-03-29 07:00:00,126.95,127.12,125.45,126.39,149985.08,2025-03-29 07:59:59.999,18951797.96449,58170,71950.031,9090446.9514
2025-03-29 08:00:00,126.39,127.1,126.24,126.89,111294.669,2025-03-29 08:59:59.999,14106706.95187,47519,64105.102,8125298.8569
2025-03-29 09:00:00,126.89,127.1,125.57,126.69,102122.247,2025-03-29 09:59:59.999,12908339.13637,52747,51956.793,6569655.43993
2025-03-29 10:00:00,126.69,126.85,125.63,125.89,89496.292,2025-03-29 10:59:59.999,11300910.47441,41596,42291.028,5341795.16936
2025-03-29 11:00:00,125.88,126.06,124.31,125.3,243058.117,2025-03-29 11:59:59.999,30418198.30471,95460,99581.218,12462827.0121
2025-03-29 12:00:00,125.3,125.88,125.0,125.51,85425.602,2025-03-29 12:59:59.999,10718845.21538,42703,41476.482,5204871.7071
2025-03-29 13:00:00,125.5,126.76,125.5,126.76,106904.563,2025-03-29 13:59:59.999,13490109.01039,46667,68750.683,8676782.9211
2025-03-29 14:00:00,126.76,126.82,125.72,125.91,77540.327,2025-03-29 14:59:59.999,9787020.24898,35986,38594.619,4872686.30811
2025-03-29 15:00:00,125.91,126.58,125.9,126.32,50915.941,2025-03-29 15:59:59.999,6429651.44237,30666,28076.65,3546688.87322
2025-03-29 16:00:00,126.32,126.79,125.11,125.29,107466.456,2025-03-29 16:59:59.999,13537199.61226,56126,42760.744,5390493.54234
2025-03-29 17:00:00,125.29,125.87,123.71,124.51,248684.023,2025-03-29 17:59:59.999,30997890.97681,104663,139308.827,17372838.68009
2025-03-29 18:00:00,124.51,125.7,124.41,124.92,76027.303,2025-03-29 18:59:59.999,9511894.01818,47050,42793.963,5352692.99223
2025-03-29 19:00:00,124.93,125.3,124.39,125.3,62803.228,2025-03-29 19:59:59.999,7836828.66874,34680,31583.323,3940564.60026
2025-03-29 20:00:00,125.3,125.43,123.85,124.03,73063.376,2025-03-29 20:59:59.999,9099194.5795,41203,41257.819,5136820.26777
2025-03-29 21:00:00,124.03,124.81,123.27,124.45,67356.532,2025-03-29 21:59:59.999,8361234.7452,40179,27527.257,3417100.99608
2025-03-29 22:00:00,124.45,124.45,122.68,123.38,104337.721,2025-03-29 22:59:59.999,12891624.46973,42041,47464.905,5868766.67258
2025-03-29 23:00:00,123.39,124.76,123.17,124.58,50730.557,2025-03-29 23:59:59.999,6290706.54126,34558,27972.478,3468191.83471
2025-03-30 00:00:00,124.58,124.88,123.49,124.71,75422.331,2025-03-30 00:59:59.999,9369518.94481,50843,39663.593,4927046.26232
2025-03-30 01:00:00,124.71,125.5,124.7,125.31,92786.68,2025-03-30 01:59:59.999,11618245.31208,49808,50356.468,6305239.38799
2025-03-30 02:00:00,125.31,126.43,125.18,126.24,90409.503,2025-03-30 02:59:59.999,11382891.71626,51760,49035.908,6174833.95865
2025-03-30 03:00:00,126.24,126.6,125.66,125.71,72653.325,2025-03-30 03:59:59.999,9172950.59821,41868,33891.098,4279768.82884
2025-03-30 04:00:00,125.7,126.48,125.7,126.25,41212.098,2025-03-30 04:59:59.999,5202353.46874,26537,24628.229,3108703.77824
2025-03-30 05:00:00,126.25,126.56,125.78,125.95,47007.425,2025-03-30 05:59:59.999,5932932.63758,28056,24324.224,3070944.14119
2025-03-30 06:00:00,125.94,126.08,125.16,125.88,56340.838,2025-03-30 06:59:59.999,7077357.87203,31366,26462.62,3324452.1763
2025-03-30 07:00:00,125.88,126.27,125.3,125.48,44040.13,2025-03-30 07:59:59.999,5537273.11671,25091,27668.822,3478790.60381
2025-03-30 08:00:00,125.48,126.24,125.43,126.14,44408.869,2025-03-30 08:59:59.999,5587889.72086,22760,30438.866,3830412.61006
2025-03-30 09:00:00,126.15,126.18,125.58,126.07,39781.649,2025-03-30 09:59:59.999,5008974.52033,22732,23696.318,2983944.99251
2025-03-30 10:00:00,126.07,126.43,124.79,124.99,115044.587,2025-03-30 10:59:59.999,14422749.22454,41148,67812.866,8499017.06621
2025-03-30 11:00:00,124.98,125.9,124.66,125.12,55718.94,2025-03-30 11:59:59.999,6975928.00515,36345,30481.958,3816872.16684
2025-03-30 12:00:00,125.12,125.43,124.72,125.06,49794.287,2025-03-30 12:59:59.999,6225481.61017,29703,30417.8,3803461.06989
2025-03-30 13:00:00,125.07,125.1,123.15,123.44,147825.95,2025-03-30 13:59:59.999,18330847.56343,82918,58329.013,7231117.85245
2025-03-30 14:00:00,123.44,125.06,123.37,124.71,135491.385,2025-03-30 14:59:59.999,16830119.16799,54393,63656.074,7907977.27009
2025-03-30 15:00:00,124.72,125.59,124.53,124.92,54104.626,2025-03-30 15:59:59.999,6767601.21299,37820,25828.272,3231015.16239
2025-03-30 16:00:00,124.92,125.23,123.32,123.7,70244.964,2025-03-30 16:59:59.999,8743716.56773,46946,26329.687,3276683.32922
2025-03-30 17:00:00,123.7,124.67,123.0,124.52,58672.206,2025-03-30 17:59:59.999,7267872.74111,48728,26675.741,3304765.08182
2025-03-30 18:00:00,124.52,126.82,124.52,126.22,99143.853,2025-03-30 18:59:59.999,12464791.32352,54116,64347.033,8092082.01294
2025-03-30 19:00:00,126.23,127.08,125.71,125.85,62532.492,2025-03-30 19:59:59.999,7903255.91298,37467,32184.646,4068799.11895
2025-03-30 20:00:00,125.84,126.37,125.23,125.35,33526.521,2025-03-30 20:59:59.999,4216575.94797,23329,13375.765,1682522.49626
2025-03-30 21:00:00,125.36,126.15,124.32,124.77,55765.816,2025-03-30 21:59:59.999,6993441.47065,27424,27461.622,3446203.89171
2025-03-30 22:00:00,124.76,125.98,123.19,125.09,136737.452,2025-03-30 22:59:59.999,17012835.35662,74121,62873.305,7827663.47581
2025-03-30 23:00:00,125.08,125.16,123.94,124.82,65109.369,2025-03-30 23:59:59.999,8109576.67912,44912,31788.442,3960116.69463
2025-03-31 00:00:00,124.83,125.15,122.75,123.81,119358.605,2025-03-31 00:59:59.999,14781547.73667,69881,53111.868,6580256.65414
2025-03-31 01:00:00,123.82,126.52,123.64,126.22,132015.953,2025-03-31 01:59:59.999,16583407.37749,88703,67039.873,8419870.18588
2025-03-31 02:00:00,126.22,127.63,125.56,126.59,119493.255,2025-03-31 02:59:59.999,15108572.69726,58799,65771.075,8316129.58657
2025-03-31 03:00:00,126.58,127.19,124.22,124.56,85887.656,2025-03-31 03:59:59.999,10786515.91432,49233,37002.401,4649050.44158
2025-03-31 04:00:00,124.57,125.48,124.33,125.0,115996.228,2025-03-31 04:59:59.999,14477429.49294,43150,62582.224,7812197.20057
2025-03-31 05:00:00,125.0,126.68,124.85,126.03,88502.196,2025-03-31 05:59:59.999,11141354.011,47734,38540.104,4850434.48222
2025-03-31 06:00:00,126.04,126.53,125.23,126.25,105904.726,2025-03-31 06:59:59.999,13331787.36361,47345,46417.629,5844040.82325
2025-03-31 07:00:00,126.25,127.08,125.28,125.88,118369.332,2025-03-31 07:59:59.999,14933540.13123,63621,71363.764,9008476.73294
2025-03-31 08:00:00,125.89,126.7,125.27,125.39,89684.176,2025-03-31 08:59:59.999,11314002.38447,55290,45549.284,5747454.14158
2025-03-31 09:00:00,125.39,125.47,123.43,123.92,179902.638,2025-03-31 09:59:59.999,22334139.8063,87224,61768.024,7670548.4844
2025-03-31 10:00:00,123.92,124.77,123.05,124.57,156695.916,2025-03-31 10:59:59.999,19396243.56427,68267,69697.884,8636470.37787
2025-03-31 11:00:00,124.58,124.82,123.41,124.28,108589.183,2025-03-31 11:59:59.999,13468801.28845,49999,49936.49,6194973.28939
2025-03-31 12:00:00,124.27,126.16,123.66,125.91,304711.613,2025-03-31 12:59:59.999,38238677.68718,97197,118778.401,14888467.62288
2025-03-31 13:00:00,125.92,126.29,123.22,125.49,491358.542,2025-03-31 13:59:59.999,61511677.96556,150689,203613.473,25466908.27462
2025-03-31 14:00:00,125.49,127.21,125.44,126.72,295377.831,2025-03-31 14:59:59.999,37357207.4085,117237,145727.429,18433830.22425
2025-03-31 15:00:00,126.72,127.81,126.71,126.78,212166.163,2025-03-31 15:59:59.999,27010761.548,102781,112571.474,14336571.4379
2025-03-31 16:00:00,126.77,127.36,125.79,125.98,97517.836,2025-03-31 16:59:59.999,12338421.00401,57409,41911.369,5305756.96443
2025-03-31 17:00:00,125.98,126.56,123.83,124.09,167769.221,2025-03-31 17:59:59.999,20971620.76302,75537,62711.763,7837600.67873
2025-03-31 18:00:00,124.1,126.56,124.1,125.68,192097.163,2025-03-31 18:59:59.999,24112093.92163,67268,80470.912,10086365.36039
2025-03-31 19:00:00,125.67,126.26,125.15,125.25,84841.647,2025-03-31 19:59:59.999,10665956.2894,49678,44352.194,5576417.022
2025-03-31 20:00:00,125.25,125.98,125.13,125.39,44628.157,2025-03-31 20:59:59.999,5604514.35267,34525,19585.961,2459823.32414
2025-03-31 21:00:00,125.38,126.27,125.38,125.74,39795.187,2025-03-31 21:59:59.999,5011024.33265,23868,16920.719,2130512.75374
2025-03-31 22:00:00,125.74,125.98,124.85,125.54,189953.318,2025-03-31 22:59:59.999,23804518.74131,62365,93925.557,11772244.70542
2025-03-31 23:00:00,125.53,126.18,124.47,124.54,190012.311,2025-03-31 23:59:59.999,23758721.88635,50436,60410.233,7564380.34172
2025-04-01 00:00:00,124.53,125.18,124.03,124.51,140352.821,2025-04-01 00:59:59.999,17493025.83927,58965,67703.484,8440186.33454
2025-04-01 01:00:00,124.5,124.74,123.74,124.5,122144.313,2025-04-01 01:59:59.999,15186224.56104,58819,59299.903,7374458.88642
2025-04-01 02:00:00,124.5,126.29,124.44,126.24,89191.767,2025-04-01 02:59:59.999,11173110.91853,43388,43912.115,5502271.70415
2025-04-01 03:00:00,126.25,126.72,125.76,126.06,104838.33,2025-04-01 03:59:59.999,13227415.64705,36588,46358.965,5849079.14609
2025-04-01 04:00:00,126.07,126.3,125.6,126.19,61377.308,2025-04-01 04:59:59.999,7736613.48787,29375,33772.186,4256895.02001
2025-04-01 05:00:00,126.18,126.78,125.94,125.98,58548.101,2025-04-01 05:59:59.999,7398621.7371,30998,30113.537,3805486.57123
2025-04-01 06:00:00,125.99,126.75,125.59,126.56,98782.487,2025-04-01 06:59:59.999,12452052.71912,36869,51862.152,6539920.02244
2025-04-01 07:00:00,126.56,126.71,126.03,126.69,70578.435,2025-04-01 07:59:59.999,8923914.24613,33348,37949.739,4798616.57696
2025-04-01 08:00:00,126.69,129.97,126.68,129.38,270383.195,2025-04-01 08:59:59.999,34876781.61684,121618,146673.561,18900911.3868
2025-04-01 09:00:00,129.37,129.84,128.42,129.27,157974.069,2025-04-01 09:59:59.999,20382313.39219,70355,69442.659,8962931.30737
2025-04-01 10:00:00,129.27,129.33,127.83,127.91,137647.962,2025-04-01 10:59:59.999,17679797.0977,68953,58929.793,7569591.92361
2025-04-01 11:00:00,127.91,128.21,127.13,127.61,149622.775,2025-04-01 11:59:59.999,19098566.46204,62288,73551.229,9390136.73329
2025-04-01 12:00:00,127.6,127.9,126.43,127.17,125797.772,2025-04-01 12:59:59.999,16002599.30205,60885,62323.394,7929427.54421
2025-04-01 13:00:00,127.18,128.37,126.9,127.59,152129.893,2025-04-01 13:59:59.999,19411999.16884,82528,88108.497,11244955.25136
2025-04-01 14:00:00,127.59,127.83,124.68,127.05,380766.528,2025-04-01 14:59:59.999,47981021.83537,173233,181793.532,22911686.15307
2025-04-01 15:00:00,127.05,130.55,126.76,129.27,666792.891,2025-04-01 15:59:59.999,86002451.00562,177192,359311.697,46327181.79827
2025-04-01 16:00:00,129.27,129.64,128.14,128.25,163899.8,2025-04-01 16:59:59.999,21089488.00414,87755,83475.722,10743260.25642
2025-04-01 17:00:00,128.24,128.44,127.04,127.29,109415.546,2025-04-01 17:59:59.999,13985412.84405,57159,50493.21,6454909.30492
2025-04-01 18:00:00,127.29,127.31,125.52,126.49,136051.244,2025-04-01 18:59:59.999,17176114.01137,69224,64628.323,8157320.68246
2025-04-01 19:00:00,126.49,127.12,126.45,126.82,82315.246,2025-04-01 19:59:59.999,10436114.26987,37433,32320.105,4097988.58129
2025-04-01 20:00:00,126.82,126.83,125.3,126.43,102923.66,2025-04-01 20:59:59.999,12975752.91139,46649,54011.21,6810575.7883
2025-04-01 21:00:00,126.43,126.79,126.13,126.33,50098.365,2025-04-01 21:59:59.999,6336498.79278,24923,26439.191,3344151.00516
2025-04-01 22:00:00,126.33,127.24,125.92,126.77,61241.851,2025-04-01 22:59:59.999,7761706.66149,32310,35422.626,4490011.35683
2025-04-01 23:00:00,126.77,127.53,126.14,126.67,61403.489,2025-04-01 23:59:59.999,7791281.48644,27672,39430.018,5004798.97284
2025-04-02 00:00:00,126.68,126.96,126.03,126.22,69975.919,2025-04-02 00:59:59.999,8854595.27651,45917,41136.221,5205962.8888
2025-04-02 01:00:00,126.22,126.24,125.4,125.69,87965.843,2025-04-02 01:59:59.999,11056544.95524,54439,41374.264,5201681.86968
2025-04-02 02:00:00,125.7,125.78,124.1,124.76,130357.132,2025-04-02 02:59:59.999,16248656.09485,68968,59427.44,7405515.90164
2025-04-02 03:00:00,124.76,125.36,124.22,124.32,72077.707,2025-04-02 03:59:59.999,8988396.61655,38103,35792.277,4464675.86283
2025-04-02 04:00:00,124.32,125.03,124.21,124.89,58368.068,2025-04-02 04:59:59.999,7275515.88935,33697,33142.44,4132101.84222
2025-04-02 05:00:00,124.9,124.9,123.5,123.75,106911.44,2025-04-02 05:59:59.999,13257424.18039,56001,38220.222,4738785.55584
2025-04-02 06:00:00,123.75,124.6,123.7,124.04,67695.221,2025-04-02 06:59:59.999,8403857.34156,41353,31691.767,3934245.55268
2025-04-02 07:00:00,124.04,124.84,123.93,124.55,82913.158,2025-04-02 07:59:59.999,10313393.81932,47402,43418.448,5400804.96632
2025-04-02 08:00:00,124.54,125.84,124.28,125.45,112879.11,2025-04-02 08:59:59.999,14131209.50849,49646,61183.289,7660099.18896
2025-04-02 09:00:00,125.45,126.73,125.32,126.04,114013.734,2025-04-02 09:59:59.999,14364696.79105,59984,55050.846,6935635.65413
2025-04-02 10:00:00,126.04,126.49,125.46,125.73,61322.489,2025-04-02 10:59:59.999,7725407.27388,40508,25748.472,3243706.97311
2025-04-02 11:00:00,125.74,126.32,125.64,125.69,55705.863,2025-04-02 11:59:59.999,7017728.57972,30610,21591.237,2719940.54322
2025-04-02 12:00:00,125.7,126.8,125.12,126.6,115372.655,2025-04-02 12:59:59.999,14509533.2684,53110,66103.148,8316058.78614
2025-04-02 13:00:00,126.61,127.93,125.16,126.22,161787.931,2025-04-02 13:59:59.999,20501628.31301,106026,76802.281,9735663.26409
2025-04-02 14:00:00,126.21,128.13,126.14,127.71,162794.254,2025-04-02 14:59:59.999,20681257.35534,97707,87473.804,11115392.92359
2025-04-02 15:00:00,127.71,131.16,127.61,130.43,1019261.558,2025-04-02 15:59:59.999,132316848.37216,394971,532381.818,69101982.24048
2025-04-02 16:00:00,130.43,131.79,129.77,131.15,347956.192,2025-04-02 16:59:59.999,45572535.01905,147672,181112.009,23722901.99939
2025-04-02 17:00:00,131.15,131.52,129.27,129.67,301344.595,2025-04-02 17:59:59.999,39295279.75345,146872,138445.651,18055633.95739
2025-04-02 18:00:00,129.66,130.31,129.17,130.0,94479.493,2025-04-02 18:59:59.999,12255730.87175,56816,44113.865,5723480.60766
2025-04-02 19:00:00,130.01,131.5,130.01,131.43,86881.916,2025-04-02 19:59:59.999,11344381.78291,58957,52692.797,6883115.69047
2025-04-02 20:00:00,131.42,136.21,126.79,128.03,1217439.208,2025-04-02 20:59:59.999,159666926.46821,583191,618477.488,81217339.31865
2025-04-02 21:00:00,128.03,128.28,124.61,125.37,320140.134,2025-04-02 21:59:59.999,40260275.70624,153920,137887.038,17334148.34591
2025-04-02 22:00:00,125.36,125.36,118.2,118.68,816305.176,2025-04-02 22:59:59.999,98862611.09345,271367,293580.611,35530426.73385
2025-04-02 23:00:00,118.67,119.54,117.0,117.42,624959.884,2025-04-02 23:59:59.999,74039057.62822,180661,341673.959,40507512.42558
2025-04-03 00:00:00,117.42,120.16,116.25,119.98,507610.851,2025-04-03 00:59:59.999,60275422.97996,184067,266711.485,31678069.7078
2025-04-03 01:00:00,119.98,120.41,118.47,119.4,463409.951,2025-04-03 01:59:59.999,55364582.37536,130050,257626.05,30759701.44245
2025-04-03 02:00:00,119.4,120.84,119.03,120.8,197306.518,2025-04-03 02:59:59.999,23641598.7616,77441,111817.519,13404940.46018
2025-04-03 03:00:00,120.79,120.94,119.68,119.8,213737.524,2025-04-03 03:59:59.999,25713802.95123,72104,93632.781,11267642.34676
2025-04-03 04:00:00,119.81,120.86,119.42,120.3,157006.136,2025-04-03 04:59:59.999,18856454.58132,61352,86127.839,10347474.45946
2025-04-03 05:00:00,120.3,120.63,118.71,118.94,158021.287,2025-04-03 05:59:59.999,18925165.08493,61537,73625.436,8823085.66979
2025-04-03 06:00:00,118.94,119.31,117.9,118.27,301705.439,2025-04-03 06:59:59.999,35780337.77519,72856,162557.33,19277437.62623
2025-04-03 07:00:00,118.27,118.95,117.9,118.64,223067.169,2025-04-03 07:59:59.999,26388636.6273,77112,123747.217,14636591.44881
2025-04-03 08:00:00,118.64,119.22,118.04,118.9,182374.56,2025-04-03 08:59:59.999,21658197.75674,79558,89324.811,10609279.68215
2025-04-03 09:00:00,118.91,119.08,117.7,117.91,124032.43,2025-04-03 09:59:59.999,14690539.27144,59751,58695.655,6953171.05717
2025-04-03 10:00:00,117.91,118.38,115.4,115.96,457279.877,2025-04-03 10:59:59.999,53340795.46541,143600,249696.398,29111138.4697
2025-04-03 11:00:00,115.96,116.57,115.11,115.74,207930.085,2025-04-03 11:59:59.999,24104232.00284,94642,100859.369,11693491.24745
2025-04-03 12:00:00,115.74,116.04,112.59,113.11,483080.193,2025-04-03 12:59:59.999,55230262.16328,189348,198749.005,22716694.73754
2025-04-03 13:00:00,113.12,115.56,112.84,114.81,388978.372,2025-04-03 13:59:59.999,44420147.46088,171464,214203.529,24477938.15346
2025-04-03 14:00:00,114.8,114.87,112.24,112.61,336281.863,2025-04-03 14:59:59.999,38121618.77368,137801,150235.423,17042110.60852
2025-04-03 15:00:00,112.61,114.47,112.55,114.16,206482.525,2025-04-03 15:59:59.999,23495792.8158,105684,109661.983,12481045.78612
2025-04-03 16:00:00,114.17,114.82,113.43,113.68,170189.168,2025-04-03 16:59:59.999,19442718.51819,77216,75676.609,8651091.3311
2025-04-03 17:00:00,113.68,114.8,113.26,114.22,124265.603,2025-04-03 17:59:59.999,14169832.77289,62205,61423.883,7008084.38127
2025-04-03 18:00:00,114.22,116.0,113.78,115.1,485766.262,2025-04-03 18:59:59.999,55822030.89386,88589,263733.717,30339100.05496
2025-04-03 19:00:00,115.11,115.77,114.88,115.42,101925.517,2025-04-03 19:59:59.999,11755480.00808,42622,55795.995,6435487.4433
2025-04-03 20:00:00,115.43,116.56,115.08,116.25,113288.927,2025-04-03 20:59:59.999,13113509.65922,46120,59479.237,6888114.72781
2025-04-03 21:00:00,116.26,117.4,116.01,117.18,80094.459,2025-04-03 21:59:59.999,9332680.71002,39914,43077.397,5019790.86168
2025-04-03 22:00:00,117.18,117.37,116.5,117.01,94475.34,2025-04-03 22:59:59.999,11052811.3386,52260,53673.388,6280512.60296
2025-04-03 23:00:00,117.0,117.45,116.05,117.17,76557.222,2025-04-03 23:59:59.999,8941082.31254,44599,42797.449,4999761.3519
2025-04-04 00:00:00,117.17,117.5,115.92,116.0,153688.816,2025-04-04 00:59:59.999,17946620.43237,64551,62623.189,7321340.65175
2025-04-04 01:00:00,116.0,116.38,114.63,114.92,114189.776,2025-04-04 01:59:59.999,13199118.80016,69533,42139.066,4873519.89668
2025-04-04 02:00:00,114.93,116.44,114.92,115.55,149917.545,2025-04-04 02:59:59.999,17356624.83367,63955,75587.846,8749851.85179
2025-04-04 03:00:00,115.55,115.76,114.9,115.4,78573.475,2025-04-04 03:59:59.999,9056861.56091,43604,29561.272,3409135.29812
2025-04-04 04:00:00,115.41,115.45,114.73,115.03,62114.078,2025-04-04 04:59:59.999,7149137.68168,34617,30624.676,3524821.4062
2025-04-04 05:00:00,115.04,116.61,114.76,116.55,200773.314,2025-04-04 05:59:59.999,23336116.14305,59462,82730.717,9609804.63722
2025-04-04 06:00:00,116.55,116.91,116.06,116.08,218021.394,2025-04-04 06:59:59.999,25385993.62465,56544,108237.234,12603804.19471
2025-04-04 07:00:00,116.08,118.35,116.02,118.18,203461.932,2025-04-04 07:59:59.999,23884404.80649,84825,122950.695,14437163.55391
2025-04-04 08:00:00,118.17,119.15,118.13,118.92,238095.449,2025-04-04 08:59:59.999,28258647.92894,86435,128839.101,15294661.33531
2025-04-04 09:00:00,118.91,119.94,118.55,119.62,115734.087,2025-04-04 09:59:59.999,13807087.75244,50607,67195.413,8018616.43678
2025-04-04 10:00:00,119.62,119.76,114.87,115.03,390686.147,2025-04-04 10:59:59.999,45637874.57382,173331,157017.696,18337207.98274
2025-04-04 11:00:00,115.04,115.5,113.25,114.54,270305.227,2025-04-04 11:59:59.999,30903281.41012,135890,134185.683,15342063.01163
2025-04-04 12:00:00,114.53,116.48,113.96,115.63,357672.181,2025-04-04 12:59:59.999,41195178.91443,160437,186171.156,21445995.32627
2025-04-04 13:00:00,115.64,116.69,114.1,116.41,278666.565,2025-04-04 13:59:59.999,32158708.7904,149304,160547.678,18534659.92874
2025-04-04 14:00:00,116.4,117.82,115.31,117.45,356574.799,2025-04-04 14:59:59.999,41560307.39842,175339,186762.823,21771946.59401
2025-04-04 15:00:00,117.44,120.99,117.42,118.6,701943.782,2025-04-04 15:59:59.999,83762396.5976,305134,362846.347,43293916.5726
2025-04-04 16:00:00,118.6,122.87,118.23,121.8,480769.405,2025-04-04 16:59:59.999,57803478.76541,184594,279397.467,33621470.46291
2025-04-04 17:00:00,121.79,123.98,119.64,123.11,552106.065,2025-04-04 17:59:59.999,67391815.74828,209633,308865.584,37727300.45075
2025-04-04 18:00:00,123.1,123.24,121.42,121.75,227264.341,2025-04-04 18:59:59.999,27766926.21329,106523,104848.66,12807985.65812
2025-04-04 19:00:00,121.75,123.04,121.37,122.61,140459.41,2025-04-04 19:59:59.999,17196656.29331,71095,63549.625,7781437.67617
2025-04-04 20:00:00,122.61,123.89,121.78,123.39,160954.541,2025-04-04 20:59:59.999,19802565.85341,68791,74111.855,9118821.08738
2025-04-04 21:00:00,123.4,124.0,122.9,123.12,114070.889,2025-04-04 21:59:59.999,14078921.02221,44413,46743.918,5769252.93761
2025-04-04 22:00:00,123.13,123.87,122.84,123.33,65781.561,2025-04-04 22:59:59.999,8118753.27807,31061,20547.59,2535974.76565
2025-04-04 23:00:00,123.32,123.39,122.06,122.79,89247.541,2025-04-04 23:59:59.999,10945937.47172,40301,37409.427,4586912.45583
2025-04-05 00:00:00,122.8,122.85,121.84,122.24,81413.5,2025-04-05 00:59:59.999,9953232.43075,40047,33731.083,4123935.05197
2025-04-05 01:00:00,122.24,122.83,121.65,121.84,63379.503,2025-04-05 01:59:59.999,7744943.58283,40035,31201.711,3813926.31919
2025-04-05 02:00:00,121.85,121.99,120.71,121.02,130330.884,2025-04-05 02:59:59.999,15797661.90088,48735,63177.877,7657944.96588
2025-04-05 03:00:00,121.02,121.27,120.66,120.73,52721.472,2025-04-05 03:59:59.999,6377704.63298,30709,32019.245,3873500.59091
2025-04-05 04:00:00,120.72,121.32,120.37,120.63,68119.068,2025-04-05 04:59:59.999,8236201.60866,32613,33825.842,4090690.5831
2025-04-05 05:00:00,120.63,121.07,120.38,120.67,41982.777,2025-04-05 05:59:59.999,5071129.01171,25634,22642.056,2735432.32725
2025-04-05 06:00:00,120.67,121.12,120.18,120.66,57218.04,2025-04-05 06:59:59.999,6909993.03917,26306,29937.776,3617070.90141
2025-04-05 07:00:00,120.65,121.25,120.19,121.07,48316.622,2025-04-05 07:59:59.999,5830453.84693,30589,24897.221,3005481.34578
2025-04-05 08:00:00,121.07,121.46,120.69,121.17,54967.315,2025-04-05 08:59:59.999,6657336.54246,36007,23734.277,2874194.61237
2025-04-05 09:00:00,121.17,121.96,121.15,121.83,53688.684,2025-04-05 09:59:59.999,6527907.69362,33173,23793.663,2893343.38084
2025-04-05 10:00:00,121.84,121.94,120.76,120.91,54947.624,2025-04-05 10:59:59.999,6666249.22059,34542,21104.942,2560056.86335
2025-04-05 11:00:00,120.91,121.06,119.86,120.28,105476.664,2025-04-05 11:59:59.999,12690201.46916,41289,53128.622,6391245.8695
2025-04-05 12:00:00,120.29,120.33,118.84,119.17,98852.112,2025-04-05 12:59:59.999,11816687.12997,50964,43920.653,5249942.79708
2025-04-05 13:00:00,119.17,119.3,117.54,117.86,120992.461,2025-04-05 13:59:59.999,14310142.5543,60931,59877.195,7081306.00834
2025-04-05 14:00:00,117.85,118.45,117.2,118.12,163426.122,2025-04-05 14:59:59.999,19272012.03705,60425,94334.715,11126700.01679
2025-04-05 15:00:00,118.12,118.14,117.15,117.55,84248.204,2025-04-05 15:59:59.999,9903787.15365,44467,47675.677,5604558.34573
2025-04-05 16:00:00,117.55,118.24,117.52,117.84,68187.35,2025-04-05 16:59:59.999,8036813.79812,33950,41172.194,4852730.64766
2025-04-05 17:00:00,117.84,118.52,117.63,117.95,57493.889,2025-04-05 17:59:59.999,6787958.5504,29583,28372.242,3349818.59845
2025-04-05 18:00:00,117.95,119.02,117.85,118.96,39218.081,2025-04-05 18:59:59.999,4646762.23837,27870,18656.165,2210211.95208
2025-04-05 19:00:00,118.96,119.35,118.39,118.63,69442.773,2025-04-05 19:59:59.999,8260480.49945,34237,27090.835,3222789.03257
2025-04-05 20:00:00,118.63,119.39,118.41,119.27,69999.954,2025-04-05 20:59:59.999,8332485.78377,42915,26148.642,3112757.55435
2025-04-05 21:00:00,119.27,119.46,118.7,118.94,69486.179,2025-04-05 21:59:59.999,8273700.29119,31769,24192.537,2880441.90914
2025-04-05 22:00:00,118.93,119.58,118.86,119.24,46840.341,2025-04-05 22:59:59.999,5585278.6276,20572,16944.506,2020328.66492
2025-04-05 23:00:00,119.24,120.56,119.18,120.32,83631.681,2025-04-05 23:59:59.999,10018836.29129,34417,41436.256,4967376.93339
2025-04-06 00:00:00,120.33,120.62,119.79,120.36,64675.607,2025-04-06 00:59:59.999,7777544.88774,36773,22683.528,2728445.06617
2025-04-06 01:00:00,120.37,121.13,120.11,120.45,48209.844,2025-04-06 01:59:59.999,5813013.85694,32856,22580.538,2723433.58769
2025-04-06 02:00:00,120.45,120.85,119.77,120.05,47622.359,2025-04-06 02:59:59.999,5724566.16542,25644,21625.088,2598650.71795
2025-04-06 03:00:00,120.05,120.38,119.43,119.98,56722.944,2025-04-06 03:59:59.999,6795932.96157,29268,32474.277,3890220.38844
2025-04-06 04:00:00,119.99,120.09,119.43,119.83,53368.844,2025-04-06 04:59:59.999,6390043.89156,27476,24112.014,2888078.20994
2025-04-06 05:00:00,119.84,120.47,119.65,120.29,42328.212,2025-04-06 05:59:59.999,5080002.36576,27306,23912.39,2869830.21356
2025-04-06 06:00:00,120.3,120.6,119.32,119.37,46254.451,2025-04-06 06:59:59.999,5551596.20425,29747,16882.253,2027735.86597
2025-04-06 07:00:00,119.38,119.52,118.82,119.21,72019.345,2025-04-06 07:59:59.999,8580951.11842,40608,33669.367,4012342.40246
2025-04-06 08:00:00,119.2,119.64,118.5,119.54,68456.177,2025-04-06 08:59:59.999,8150920.12495,40809,32453.031,3866045.64537
2025-04-06 09:00:00,119.55,120.18,119.27,119.74,52783.773,2025-04-06 09:59:59.999,6321938.01135,32767,25857.9,3097622.28464
2025-04-06 10:00:00,119.73,119.75,118.7,119.17,42244.664,2025-04-06 10:59:59.999,5033606.57206,30754,18209.052,2169592.94007
2025-04-06 11:00:00,119.17,119.17,118.18,118.62,50580.594,2025-04-06 11:59:59.999,5998766.57858,38786,25239.57,2993148.29312
2025-04-06 12:00:00,118.61,118.86,116.2,116.46,118925.036,2025-04-06 12:59:59.999,13961000.57488,63215,50686.326,5951531.94723
2025-04-06 13:00:00,116.45,116.45,114.31,114.7,284976.212,2025-04-06 13:59:59.999,32870416.83662,116966,123829.477,14275608.36981
2025-04-06 14:00:00,114.69,115.79,114.3,115.68,246068.631,2025-04-06 14:59:59.999,28302654.31144,90848,149226.758,17167422.50576
2025-04-06 15:00:00,115.67,115.88,114.82,114.97,105255.751,2025-04-06 15:59:59.999,12127878.29958,52861,62894.639,7247369.59926
2025-04-06 16:00:00,114.96,115.26,113.71,114.04,181257.33,2025-04-06 16:59:59.999,20751269.63426,81589,77048.174,8825326.55073
2025-04-06 17:00:00,114.03,114.38,110.58,111.43,470084.441,2025-04-06 17:59:59.999,52826942.04249,206325,194110.679,21809208.63822
2025-04-06 18:00:00,111.43,111.47,107.25,107.69,852446.144,2025-04-06 18:59:59.999,93131435.07518,377051,398237.566,43530302.70519
2025-04-06 19:00:00,107.69,108.6,106.28,108.07,488409.93,2025-04-06 19:59:59.999,52553184.63139,229322,250819.779,26992723.43253
2025-04-06 20:00:00,108.08,108.55,105.52,106.53,424694.85,2025-04-06 20:59:59.999,45528055.9847,172904,186736.284,20031110.77311
2025-04-06 21:00:00,106.54,107.8,106.26,106.94,202705.47,2025-04-06 21:59:59.999,21714784.31343,101439,104744.415,11221848.76601
2025-04-06 22:00:00,106.94,108.29,105.77,105.99,408635.021,2025-04-06 22:59:59.999,43751291.44603,189333,188155.76,20143737.15396
2025-04-06 23:00:00,105.98,106.53,103.81,105.91,505621.355,2025-04-06 23:59:59.999,53130978.25162,208111,202227.597,21273370.50934
2025-04-07 00:00:00,105.9,106.26,103.28,104.79,432297.213,2025-04-07 00:59:59.999,45128020.92654,206135,185431.996,19364527.39101
2025-04-07 01:00:00,104.8,107.82,104.8,107.45,369040.758,2025-04-07 01:59:59.999,39412950.51291,174776,188386.484,20106858.77889
2025-04-07 02:00:00,107.45,107.64,105.38,105.94,249579.025,2025-04-07 02:59:59.999,26547833.09177,106136,131078.458,13952839.04152
2025-04-07 03:00:00,105.93,106.14,102.22,103.27,413988.205,2025-04-07 03:59:59.999,43040403.05192,200534,205181.963,21359576.99856
2025-04-07 04:00:00,103.27,103.77,101.64,102.59,402509.388,2025-04-07 04:59:59.999,41293943.63279,200128,189409.049,19442478.61699
2025-04-07 05:00:00,102.6,103.12,101.12,101.94,308244.753,2025-04-07 05:59:59.999,31461899.90518,171148,140763.383,14372786.04858
2025-04-07 06:00:00,101.93,102.69,95.26,97.18,1315050.901,2025-04-07 06:59:59.999,129248515.92695,459844,526348.22,51702982.26875
2025-04-07 07:00:00,97.17,98.88,97.08,97.14,654957.454,2025-04-07 07:59:59.999,64099528.5288,315595,325590.283,31876566.47426
2025-04-07 08:00:00,97.14,101.6,96.93,100.49,699861.653,2025-04-07 08:59:59.999,69941089.52179,283385,380310.02,38017070.04881
2025-04-07 09:00:00,100.48,101.78,99.08,100.35,368723.864,2025-04-07 09:59:59.999,37045382.2258,180116,191387.089,19235831.8425
2025-04-07 10:00:00,100.34,102.64,100.28,100.34,418861.135,2025-04-07 10:59:59.999,42505625.53759,186219,225013.956,22836401.48606
2025-04-07 11:00:00,100.35,101.16,99.14,100.29,276299.592,2025-04-07 11:59:59.999,27653170.57421,129432,135701.329,13587560.02524
2025-04-07 12:00:00,100.3,103.19,99.74,102.96,488987.982,2025-04-07 12:59:59.999,49670882.40217,230546,260325.681,26455915.1711
2025-04-07 13:00:00,102.96,107.22,100.73,106.6,1043331.742,2025-04-07 13:59:59.999,108355581.19862,383859,522964.396,54396985.75008
2025-04-07 14:00:00,106.59,113.0,104.55,107.5,2509357.516,2025-04-07 14:59:59.999,270095899.47478,769522,1214428.447,130728917.66425
2025-04-07 15:00:00,107.49,108.0,103.71,106.65,854666.873,2025-04-07 15:59:59.999,90655855.57875,333088,416327.013,44178478.52581
2025-04-07 16:00:00,106.65,106.77,103.56,103.85,363710.079,2025-04-07 16:59:59.999,38306601.83863,172472,154432.567,16275380.26796
2025-04-07 17:00:00,103.86,107.98,103.84,107.6,387410.57,2025-04-07 17:59:59.999,41116159.43664,196309,200656.934,21295283.03424
2025-04-07 18:00:00,107.61,107.68,105.85,105.96,299365.001,2025-04-07 18:59:59.999,31964717.02972,148044,132379.696,14142562.40109
2025-04-07 19:00:00,105.96,106.98,105.24,105.75,203962.016,2025-04-07 19:59:59.999,21647377.859,102230,103946.818,11033794.06493
2025-04-07 20:00:00,105.75,107.98,105.74,107.38,118676.997,2025-04-07 20:59:59.999,12699166.18905,57299,69622.394,7449127.95561
2025-04-07 21:00:00,107.38,108.67,106.59,107.94,128784.477,2025-04-07 21:59:59.999,13848436.81725,46019,76046.372,8179475.67146
2025-04-07 22:00:00,107.94,109.3,107.6,108.6,158442.951,2025-04-07 22:59:59.999,17220320.93153,58163,88304.849,9601047.83777
2025-04-07 23:00:00,108.6,108.72,106.69,106.99,164554.848,2025-04-07 23:59:59.999,17721452.53363,59858,69860.026,7520200.82986
2025-04-08 00:00:00,106.98,107.75,106.65,107.04,148039.346,2025-04-08 00:59:59.999,15878344.18339,67881,71616.294,7681214.56131
2025-04-08 01:00:00,107.04,111.37,106.69,111.03,277763.43,2025-04-08 01:59:59.999,30413031.91193,121178,164932.15,18071237.44474
2025-04-08 02:00:00,111.03,112.58,110.69,111.29,329376.768,2025-04-08 02:59:59.999,36829477.24792,112112,151248.315,16910396.23068
2025-04-08 03:00:00,111.29,111.77,110.45,111.31,147560.161,2025-04-08 03:59:59.999,16381500.6262,64445,71556.342,7947446.60024
2025-04-08 04:00:00,111.3,112.16,111.08,111.7,159616.198,2025-04-08 04:59:59.999,17812395.00311,63560,79373.496,8860725.73977
2025-04-08 05:00:00,111.69,111.88,110.17,110.51,138470.324,2025-04-08 05:59:59.999,15332756.25627,67369,56528.769,6259083.63209
2025-04-08 06:00:00,110.51,110.51,108.58,108.67,187211.06,2025-04-08 06:59:59.999,20472591.75334,78650,83446.703,9122414.71889
2025-04-08 07:00:00,108.66,109.15,107.97,108.7,142109.29,2025-04-08 07:59:59.999,15434935.83266,63696,67273.761,7309412.8686
2025-04-08 08:00:00,108.69,108.77,107.15,108.13,175486.754,2025-04-08 08:59:59.999,18914126.9747,72109,86222.822,9292721.2062
2025-04-08 09:00:00,108.13,108.96,107.86,108.45,132817.113,2025-04-08 09:59:59.999,14392305.32213,58918,69690.699,7552987.76356
2025-04-08 10:00:00,108.44,109.66,108.26,108.84,109791.37,2025-04-08 10:59:59.999,11962970.52055,55448,59870.206,6523260.93179
2025-04-08 11:00:00,108.84,111.82,108.67,111.56,231016.227,2025-04-08 11:59:59.999,25555407.72027,104842,136569.714,15107408.32966
2025-04-08 12:00:00,111.56,111.94,109.43,109.99,214803.695,2025-04-08 12:59:59.999,23763746.42898,111002,103697.567,11475612.96699
2025-04-08 13:00:00,109.98,112.2,109.53,110.2,566491.198,2025-04-08 13:59:59.999,62720186.27659,230648,240147.067,26597374.97761
2025-04-08 14:00:00,110.19,111.22,107.64,107.85,380107.717,2025-04-08 14:59:59.999,41594388.89765,177301,176369.89,19309958.08234
2025-04-08 15:00:00,107.86,108.56,106.68,107.2,358691.084,2025-04-08 15:59:59.999,38617885.56763,140938,206671.795,22258840.05788
2025-04-08 16:00:00,107.19,107.29,103.64,104.31,425260.49,2025-04-08 16:59:59.999,44725611.12629,169306,182986.527,19247580.97677
2025-04-08 17:00:00,104.31,105.84,102.96,105.15,449166.263,2025-04-08 17:59:59.999,46805713.93283,190505,220645.245,22997374.64317
2025-04-08 18:00:00,105.16,106.95,104.57,105.74,285147.137,2025-04-08 18:59:59.999,30179064.13759,132998,154486.272,16347056.33138
2025-04-08 19:00:00,105.75,106.1,103.42,104.06,260110.469,2025-04-08 19:59:59.999,27198328.06536,117344,124343.324,13002698.05787
2025-04-08 20:00:00,104.06,106.19,103.67,106.01,244584.269,2025-04-08 20:59:59.999,25669387.69477,80840,130607.79,13701960.81476
2025-04-08 21:00:00,106.02,106.36,105.3,105.88,146921.021,2025-04-08 21:59:59.999,15535319.15441,42223,56781.361,6006893.71672
2025-04-08 22:00:00,105.87,106.48,104.54,105.48,162070.993,2025-04-08 22:59:59.999,17103946.26938,81141,70003.306,7386202.1207
2025-04-08 23:00:00,105.48,105.85,104.46,105.4,166517.405,2025-04-08 23:59:59.999,17542511.49474,70829,78454.163,8267645.43654
2025-04-09 00:00:00,105.4,106.6,104.24,104.73,329562.119,2025-04-09 00:59:59.999,34731841.9654,120239,171897.394,18117226.00057
2025-04-09 01:00:00,104.73,105.04,101.26,104.25,556842.596,2025-04-09 01:59:59.999,57276977.69404,254237,265164.487,27264138.08823
2025-04-09 02:00:00,104.26,105.74,103.46,103.58,216137.762,2025-04-09 02:59:59.999,22601439.65383,116766,95377.517,9976823.40163
2025-04-09 03:00:00,103.59,103.92,102.67,103.15,179089.291,2025-04-09 03:59:59.999,18502970.81995,87379,74582.85,7708528.48029
2025-04-09 04:00:00,103.14,106.07,103.04,105.14,377316.807,2025-04-09 04:59:59.999,39537686.97506,155812,182107.106,19068490.69872
2025-04-09 05:00:00,105.14,106.04,104.96,105.34,122888.782,2025-04-09 05:59:59.999,12960353.69196,76617,57550.943,6070533.66383
2025-04-09 06:00:00,105.35,106.79,105.29,105.72,254669.296,2025-04-09 06:59:59.999,26982535.60656,97275,140854.443,14925415.34867
2025-04-09 07:00:00,105.72,107.85,105.64,107.37,337865.007,2025-04-09 07:59:59.999,36213430.63524,133229,183652.278,19681627.9927
2025-04-09 08:00:00,107.37,108.26,106.61,107.32,221074.299,2025-04-09 08:59:59.999,23703500.00678,90796,106613.821,11433842.35023
2025-04-09 09:00:00,107.32,107.58,106.13,106.61,189617.256,2025-04-09 09:59:59.999,20235957.79111,60975,107595.379,11484231.91868
2025-04-09 10:00:00,106.61,107.34,106.04,106.87,199297.93,2025-04-09 10:59:59.999,21223755.17078,63148,121133.795,12898667.08001
2025-04-09 11:00:00,106.87,106.87,102.75,103.43,513052.244,2025-04-09 11:59:59.999,53668999.11894,234510,238584.257,24957006.18499
2025-04-09 12:00:00,103.42,104.94,102.31,104.47,266041.236,2025-04-09 12:59:59.999,27580346.22862,124976,131581.162,13641319.8158
2025-04-09 13:00:00,104.47,107.07,103.89,106.03,414765.414,2025-04-09 13:59:59.999,43759839.44693,225015,201309.24,21241042.52109
2025-04-09 14:00:00,106.02,107.43,105.54,105.84,303091.761,2025-04-09 14:59:59.999,32267749.40367,171665,147250.222,15682904.04494
2025-04-09 15:00:00,105.85,107.1,105.84,106.54,160978.661,2025-04-09 15:59:59.999,17165230.54204,98398,82484.661,8795493.5099
2025-04-09 16:00:00,106.54,108.37,106.22,108.29,248764.616,2025-04-09 16:59:59.999,26739767.64037,89112,143959.993,15478133.191
2025-04-09 17:00:00,108.29,119.8,107.26,119.37,2283809.489,2025-04-09 17:59:59.999,260792932.14005,717960,1284000.715,146668116.60246
2025-04-09 18:00:00,119.38,121.0,117.45,117.65,1015225.459,2025-04-09 18:59:59.999,120868205.97242,359992,509707.993,60715964.47847
2025-04-09 19:00:00,117.65,119.67,117.64,118.95,285042.851,2025-04-09 19:59:59.999,33855244.81462,120387,151938.684,18050731.98072
2025-04-09 20:00:00,118.95,120.26,118.66,120.1,181058.425,2025-04-09 20:59:59.999,21579421.47322,75922,98166.35,11707170.83746
2025-04-09 21:00:00,120.1,120.5,118.07,119.57,298048.724,2025-04-09 21:59:59.999,35530711.64623,93808,120560.554,14378340.70196
2025-04-09 22:00:00,119.56,120.41,118.99,119.22,204524.727,2025-04-09 22:59:59.999,24453950.38688,73101,91722.821,10972378.0138
2025-04-09 23:00:00,119.23,119.49,118.43,119.05,175821.387,2025-04-09 23:59:59.999,20910600.53774,58258,68803.047,8185004.45686
2025-04-10 00:00:00,119.05,119.3,116.81,117.58,215250.289,2025-04-10 00:59:59.999,25375760.76421,83286,89723.945,10567144.283
2025-04-10 01:00:00,117.57,118.0,116.59,117.01,173759.912,2025-04-10 01:59:59.999,20388770.21271,67462,68530.127,8041627.76852
2025-04-10 02:00:00,117.0,117.57,116.74,116.96,119615.231,2025-04-10 02:59:59.999,14021781.09505,48060,55201.008,6470101.34021
2025-04-10 03:00:00,116.97,117.02,114.5,115.49,224394.091,2025-04-10 03:59:59.999,25942637.6608,94105,91724.558,10595636.96992
2025-04-10 04:00:00,115.5,115.87,114.66,115.71,223448.968,2025-04-10 04:59:59.999,25774513.06512,63250,88519.417,10220223.43614
2025-04-10 05:00:00,115.7,116.55,115.37,116.14,125698.189,2025-04-10 05:59:59.999,14583259.6593,55234,60744.993,7048434.10809
2025-04-10 06:00:00,116.14,116.99,115.93,116.07,500154.496,2025-04-10 06:59:59.999,58267922.6972,86516,234456.566,27301626.21651
2025-04-10 07:00:00,116.07,116.64,114.05,114.78,254586.389,2025-04-10 07:59:59.999,29370122.48296,98228,88763.481,10234718.56101
2025-04-10 08:00:00,114.79,115.18,114.11,114.61,151315.114,2025-04-10 08:59:59.999,17342264.32661,64848,60350.013,6917114.93981
2025-04-10 09:00:00,114.61,115.24,114.24,114.86,134441.459,2025-04-10 09:59:59.999,15428351.36063,65880,74204.322,8519129.92874
2025-04-10 10:00:00,114.87,114.88,113.77,114.44,126946.818,2025-04-10 10:59:59.999,14504793.18961,55254,52243.458,5971805.83242
2025-04-10 11:00:00,114.45,114.59,113.39,113.95,143567.347,2025-04-10 11:59:59.999,16350878.08179,58443,63453.248,7227761.98711
2025-04-10 12:00:00,113.94,115.76,112.86,113.38,484395.527,2025-04-10 12:59:59.999,55464157.30184,172000,249512.934,28582044.42483
2025-04-10 13:00:00,113.38,113.84,111.9,112.77,415582.514,2025-04-10 13:59:59.999,46916462.63091,183551,199040.378,22480154.64106
2025-04-10 14:00:00,112.77,114.58,112.43,112.9,283164.9,2025-04-10 14:59:59.999,32136196.08273,121671,144845.613,16446112.0451
2025-04-10 15:00:00,112.89,113.15,109.39,109.6,548476.55,2025-04-10 15:59:59.999,60836066.58344,197144,210746.194,23374660.13262
2025-04-10 16:00:00,109.6,110.32,108.5,109.41,365387.468,2025-04-10 16:59:59.999,39974838.3006,174003,173662.283,19006773.97511
2025-04-10 17:00:00,109.41,110.65,108.21,110.46,331958.939,2025-04-10 17:59:59.999,36311989.89949,130912,150945.62,16528388.18502
2025-04-10 18:00:00,110.45,111.48,110.15,111.38,212874.045,2025-04-10 18:59:59.999,23590914.42804,84755,106847.816,11843783.26437
2025-04-10 19:00:00,111.38,111.9,110.79,111.34,138348.425,2025-04-10 19:59:59.999,15397083.85345,70611,66237.861,7374829.24499
2025-04-10 20:00:00,111.34,112.88,111.27,112.84,117693.17,2025-04-10 20:59:59.999,13195985.26625,47259,56362.768,6319460.82667
2025-04-10 21:00:00,112.83,112.89,111.93,112.35,80499.336,2025-04-10 21:59:59.999,9050198.34953,33996,31994.763,3597181.15912
2025-04-10 22:00:00,112.35,113.4,112.11,112.66,116104.237,2025-04-10 22:59:59.999,13109876.75498,46868,56048.412,6329569.94826
2025-04-10 23:00:00,112.66,113.06,112.31,112.81,78661.215,2025-04-10 23:59:59.999,8869357.10329,41529,35682.159,4023660.01276
2025-04-11 00:00:00,112.8,113.42,112.16,112.25,117964.915,2025-04-11 00:59:59.999,13312973.72089,72284,53029.21,5986378.72644
2025-04-11 01:00:00,112.26,114.24,112.19,114.2,139577.125,2025-04-11 01:59:59.999,15810826.93913,70711,67369.271,7638031.77237
2025-04-11 02:00:00,114.19,115.55,113.7,114.39,127145.492,2025-04-11 02:59:59.999,14574654.69589,74015,66499.58,7625485.06585
2025-04-11 03:00:00,114.39,115.78,114.38,115.41,135736.91,2025-04-11 03:59:59.999,15635140.1276,59646,71192.275,8201508.16053
2025-04-11 04:00:00,115.42,116.32,115.16,115.49,79999.598,2025-04-11 04:59:59.999,9247608.36169,48631,40319.648,4662403.08659
2025-04-11 05:00:00,115.49,116.14,115.0,116.05,77256.179,2025-04-11 05:59:59.999,8918456.61481,46077,38722.971,4473803.55286
2025-04-11 06:00:00,116.05,117.76,116.05,116.96,150318.481,2025-04-11 06:59:59.999,17589354.31456,72330,82583.604,9662729.18321
2025-04-11 07:00:00,116.97,117.04,116.18,116.59,81110.996,2025-04-11 07:59:59.999,9455978.58588,49457,34869.483,4065813.85165
2025-04-11 08:00:00,116.6,117.92,115.87,117.57,313521.637,2025-04-11 08:59:59.999,36699000.09409,112888,192774.67,22581782.75659
2025-04-11 09:00:00,117.57,118.56,116.95,118.23,180449.353,2025-04-11 09:59:59.999,21253350.38571,77977,105796.914,12468007.8211
2025-04-11 10:00:00,118.22,119.13,117.65,118.7,241995.984,2025-04-11 10:59:59.999,28665171.33055,84628,123808.056,14669217.50941
2025-04-11 11:00:00,118.7,119.4,117.69,118.02,209847.267,2025-04-11 11:59:59.999,24832440.99044,65043,83394.594,9874747.33283
2025-04-11 12:00:00,118.03,119.11,117.58,117.9,194329.715,2025-04-11 12:59:59.999,23002737.38686,78342,98397.509,11651000.23844
2025-04-11 13:00:00,117.89,121.57,117.66,120.58,509638.863,2025-04-11 13:59:59.999,60994187.30407,189182,307291.827,36793242.99139
2025-04-11 14:00:00,120.57,121.01,118.56,119.7,383693.7,2025-04-11 14:59:59.999,45945515.05493,182279,185437.891,22212838.6481
2025-04-11 15:00:00,119.71,120.3,118.56,119.91,266584.163,2025-04-11 15:59:59.999,31844820.28496,112209,137599.959,16448923.26768
2025-04-11 16:00:00,119.91,120.58,118.66,119.96,168692.178,2025-04-11 16:59:59.999,20189000.02511,80580,82369.485,9856995.49463
2025-04-11 17:00:00,119.96,122.0,119.83,121.41,274472.783,2025-04-11 17:59:59.999,33220567.72548,124831,170349.625,20618537.64128
2025-04-11 18:00:00,121.42,121.79,119.83,119.93,186466.12,2025-04-11 18:59:59.999,22534485.84509,92604,93634.966,11321628.47164
2025-04-11 19:00:00,119.93,120.93,119.92,120.87,110926.013,2025-04-11 19:59:59.999,13370888.44777,53188,63527.957,7659284.96479
2025-04-11 20:00:00,120.87,121.98,120.6,121.6,103773.856,2025-04-11 20:59:59.999,12594093.31729,48331,53477.977,6490514.90392
2025-04-11 21:00:00,121.61,122.65,120.95,121.15,126016.17,2025-04-11 21:59:59.999,15363702.60752,59953,67038.801,8179275.24801
2025-04-11 22:00:00,121.16,121.42,120.72,121.18,60842.532,2025-04-11 22:59:59.999,7365952.335,39989,27359.654,3312627.47498
2025-04-11 23:00:00,121.18,121.91,119.99,121.41,103706.859,2025-04-11 23:59:59.999,12529988.84708,45773,48137.155,5820091.99108
2025-04-12 00:00:00,121.41,122.23,120.84,121.19,151011.658,2025-04-12 00:59:59.999,18349461.37743,86971,70933.762,8620551.92968
2025-04-12 01:00:00,121.19,121.81,120.62,121.21,81174.498,2025-04-12 01:59:59.999,9833207.04074,56061,34729.378,4207883.59203
2025-04-12 02:00:00,121.2,121.5,119.41,119.64,120540.996,2025-04-12 02:59:59.999,14521531.62883,56622,41212.4,4965966.25256
2025-04-12 03:00:00,119.64,120.5,119.57,120.18,87405.928,2025-04-12 03:59:59.999,10498457.09456,47079,41405.929,4973520.0387
2025-04-12 04:00:00,120.18,123.9,119.82,122.69,307792.515,2025-04-12 04:59:59.999,37597810.81113,132677,185872.693,22703744.67522
2025-04-12 05:00:00,122.69,122.93,122.09,122.39,122349.165,2025-04-12 05:59:59.999,14988200.35017,67556,61043.116,7478895.59997
2025-04-12 06:00:00,122.39,123.6,122.39,122.9,146469.736,2025-04-12 06:59:59.999,18026823.23108,62834,80917.734,9957435.38101
2025-04-12 07:00:00,122.9,124.57,122.75,124.26,260104.569,2025-04-12 07:59:59.999,32215416.91832,75189,146408.578,18134820.81946
2025-04-12 08:00:00,124.26,125.52,124.01,124.34,207242.372,2025-04-12 08:59:59.999,25856628.09059,88422,105712.323,13197261.49325
2025-04-12 09:00:00,124.33,124.87,124.04,124.65,76926.939,2025-04-12 09:59:59.999,9576879.01399,48562,36779.995,4579762.36383
2025-04-12 10:00:00,124.64,124.93,124.03,124.39,106438.329,2025-04-12 10:59:59.999,13257774.83477,43638,42281.291,5268307.18986
2025-04-12 11:00:00,124.39,125.33,124.39,124.6,76687.11,2025-04-12 11:59:59.999,9576579.2507,42832,38785.978,4844102.79033
2025-04-12 12:00:00,124.6,126.61,124.39,126.38,205016.982,2025-04-12 12:59:59.999,25765259.58094,79179,114189.106,14359214.02799
2025-04-12 13:00:00,126.39,128.93,126.11,128.59,321507.031,2025-04-12 13:59:59.999,40997527.39193,162291,185326.774,23639464.99201
2025-04-12 14:00:00,128.59,131.61,128.22,130.62,542580.478,2025-04-12 14:59:59.999,70550044.88763,214947,267765.712,34797979.01517
2025-04-12 15:00:00,130.62,131.77,129.75,130.47,344217.826,2025-04-12 15:59:59.999,45070730.56003,141857,169258.751,22165890.35719
2025-04-12 16:00:00,130.47,131.39,129.16,129.69,286567.623,2025-04-12 16:59:59.999,37295576.37376,107209,110589.503,14396617.39303
2025-04-12 17:00:00,129.68,129.92,128.2,129.06,192712.591,2025-04-12 17:59:59.999,24852979.22671,87234,93828.19,12103196.0794
2025-04-12 18:00:00,129.05,131.08,129.01,130.92,106118.921,2025-04-12 18:59:59.999,13816353.1403,57817,62322.046,8111936.55059
2025-04-12 19:00:00,130.92,131.55,129.77,130.71,164332.165,2025-04-12 19:59:59.999,21505593.08515,79917,87146.588,11404931.94226
2025-04-12 20:00:00,130.72,134.11,130.6,132.77,240881.839,2025-04-12 20:59:59.999,31891334.11176,119494,145141.958,19221228.36997
2025-04-12 21:00:00,132.78,133.05,131.0,132.72,205942.858,2025-04-12 21:59:59.999,27201643.2771,88593,104439.826,13804752.64258
2025-04-12 22:00:00,132.71,133.94,131.94,132.06,150740.575,2025-04-12 22:59:59.999,20049510.29675,80230,78960.704,10505501.57358
2025-04-12 23:00:00,132.06,132.65,131.62,132.24,115503.151,2025-04-12 23:59:59.999,15264197.56375,48287,73004.334,9651171.2973
2025-04-13 00:00:00,132.24,133.71,131.68,133.0,144886.092,2025-04-13 00:59:59.999,19232057.17074,77242,80644.994,10707057.26794
2025-04-13 01:00:00,133.01,133.96,131.01,131.36,190316.149,2025-04-13 01:59:59.999,25208741.96844,112099,82370.848,10919009.887
2025-04-13 02:00:00,131.36,133.26,130.87,132.9,173998.138,2025-04-13 02:59:59.999,22937560.86129,91189,88916.821,11731834.69634
2025-04-13 03:00:00,132.89,133.23,131.62,131.81,117315.493,2025-04-13 03:59:59.999,15529839.2663,75940,50679.593,6709629.514
2025-04-13 04:00:00,131.81,132.03,129.7,130.23,171236.955,2025-04-13 04:59:59.999,22418585.63055,84777,62518.779,8190714.49126
2025-04-13 05:00:00,130.22,130.63,129.55,129.96,143892.65,2025-04-13 05:59:59.999,18706465.03564,73822,67328.606,8753889.36835
2025-04-13 06:00:00,129.96,130.27,128.92,128.98,134108.392,2025-04-13 06:59:59.999,17391242.12888,65035,73495.651,9534429.13529
2025-04-13 07:00:00,128.98,129.76,128.17,128.55,142983.796,2025-04-13 07:59:59.999,18407957.80208,56950,64337.418,8288158.96888
2025-04-13 08:00:00,128.55,130.02,128.2,129.98,185249.96,2025-04-13 08:59:59.999,23936203.80756,68815,109156.927,14106578.77953
2025-04-13 09:00:00,129.98,131.61,129.52,131.51,159953.159,2025-04-13 09:59:59.999,20870819.52939,74382,76853.043,10032368.39729
2025-04-13 10:00:00,131.5,131.53,130.17,130.82,119875.728,2025-04-13 10:59:59.999,15685857.52589,60387,61169.827,8005542.87137
2025-04-13 11:00:00,130.83,130.89,128.84,129.82,136020.74,2025-04-13 11:59:59.999,17628920.05545,74666,59139.202,7664227.48181
2025-04-13 12:00:00,129.82,130.43,129.27,129.79,95376.818,2025-04-13 12:59:59.999,12378671.33625,65158,51509.429,6686723.53098
2025-04-13 13:00:00,129.79,130.15,126.78,127.64,242969.758,2025-04-13 13:59:59.999,31131957.78233,111826,100102.168,12843074.10758
2025-04-13 14:00:00,127.64,129.24,127.31,128.6,183656.046,2025-04-13 14:59:59.999,23550549.65725,99063,87254.005,11187864.91416
2025-04-13 15:00:00,128.61,128.92,127.57,128.72,166007.612,2025-04-13 15:59:59.999,21294234.85177,71106,88003.307,11285623.92714
2025-04-13 16:00:00,128.71,130.01,128.66,129.6,128797.074,2025-04-13 16:59:59.999,16675287.38596,65046,67087.596,8684227.80781
2025-04-13 17:00:00,129.61,132.56,129.46,131.62,252416.905,2025-04-13 17:59:59.999,33160569.33323,113547,158193.826,20778489.17136
2025-04-13 18:00:00,131.62,132.29,131.14,131.4,113199.157,2025-04-13 18:59:59.999,14912315.44773,77597,55623.465,7330170.10896
2025-04-13 19:00:00,131.41,131.49,127.05,128.21,268577.413,2025-04-13 19:59:59.999,34571873.43595,156934,110884.42,14274926.82171
2025-04-13 20:00:00,128.22,129.85,126.09,126.73,248495.771,2025-04-13 20:59:59.999,31766889.46617,131801,115197.072,14737381.30839
2025-04-13 21:00:00,126.72,127.58,125.32,127.39,186084.155,2025-04-13 21:59:59.999,23507793.54693,109762,81400.943,10288167.76827
2025-04-13 22:00:00,127.4,127.85,126.77,127.15,102394.048,2025-04-13 22:59:59.999,13030361.46953,74979,44692.839,5688475.08479
2025-04-13 23:00:00,127.16,130.0,126.8,128.38,246558.594,2025-04-13 23:59:59.999,31641123.33875,73705,129157.782,16588997.582
2025-04-14 00:00:00,128.38,131.74,127.98,130.32,247985.62,2025-04-14 00:59:59.999,32331253.07976,154753,122301.952,15941076.23118
2025-04-14 01:00:00,130.33,131.67,129.86,130.63,131605.361,2025-04-14 01:59:59.999,17216687.72425,95681,63091.654,8255800.97181
2025-04-14 02:00:00,130.63,136.13,130.1,133.43,409655.843,2025-04-14 02:59:59.999,54864100.13419,218328,236894.843,31718745.82894
2025-04-14 03:00:00,133.42,133.63,131.2,131.73,180104.538,2025-04-14 03:59:59.999,23861806.8796,101369,90111.379,11941598.97959
2025-04-14 04:00:00,131.74,134.34,131.68,133.64,152339.67,2025-04-14 04:59:59.999,20272219.05545,91861,86725.162,11541315.47678
2025-04-14 05:00:00,133.65,134.22,132.18,132.92,132061.623,2025-04-14 05:59:59.999,17611038.86852,84806,58008.054,7739950.06314
2025-04-14 06:00:00,132.91,132.96,131.72,132.16,83467.082,2025-04-14 06:59:59.999,11048123.75956,65542,37532.998,4968281.40881
2025-04-14 07:00:00,132.15,132.87,131.1,132.3,128063.538,2025-04-14 07:59:59.999,16910399.02186,96064,65323.783,8629250.84504
2025-04-14 08:00:00,132.31,133.68,131.83,133.11,145638.379,2025-04-14 08:59:59.999,19342231.95664,86979,80340.75,10671612.524
2025-04-14 09:00:00,133.1,133.94,131.5,131.96,131365.462,2025-04-14 09:59:59.999,17420430.45699,82252,64585.275,8569113.85513
2025-04-14 10:00:00,131.96,134.17,131.91,133.76,157685.864,2025-04-14 10:59:59.999,21000473.70373,98143,92073.377,12260604.17856
2025-04-14 11:00:00,133.77,133.89,132.59,133.5,108192.601,2025-04-14 11:59:59.999,14411300.0555,96612,59226.813,7890213.24423
2025-04-14 12:00:00,133.5,134.34,132.44,133.97,127418.904,2025-04-14 12:59:59.999,17005230.40258,94758,66546.397,8884348.17063
2025-04-14 13:00:00,133.98,134.79,131.2,131.58,353993.168,2025-04-14 13:59:59.999,47013374.17226,209219,159204.268,21163261.64198
2025-04-14 14:00:00,131.59,134.79,131.16,133.35,283171.434,2025-04-14 14:59:59.999,37619015.88087,159750,149141.285,19822752.46022
2025-04-14 15:00:00,133.34,133.44,128.12,128.8,416355.891,2025-04-14 15:59:59.999,54188342.0876,262860,185686.57,24175701.55938
2025-04-14 16:00:00,128.8,130.1,128.08,129.18,221400.956,2025-04-14 16:59:59.999,28595072.92609,144574,126441.061,16335026.18967
2025-04-14 17:00:00,129.17,130.85,128.98,130.18,153585.758,2025-04-14 17:59:59.999,19938520.83504,103774,84320.104,10949005.38456
2025-04-14 18:00:00,130.17,130.86,129.44,130.36,98900.141,2025-04-14 18:59:59.999,12878206.63746,77814,54629.742,7115322.99303
2025-04-14 19:00:00,130.35,131.99,130.31,131.08,145606.819,2025-04-14 19:59:59.999,19096679.06095,102785,82627.925,10837330.37411
2025-04-14 20:00:00,131.09,131.19,129.46,130.22,92587.529,2025-04-14 20:59:59.999,12051136.21988,60543,42356.259,5513636.89143
2025-04-14 21:00:00,130.22,130.25,128.65,129.56,85439.282,2025-04-14 21:59:59.999,11058540.90625,53130,37938.809,4911669.56702
2025-04-14 22:00:00,129.56,129.79,128.85,129.67,69009.979,2025-04-14 22:59:59.999,8926762.21798,56370,35450.898,4586066.80025
2025-04-14 23:00:00,129.67,130.29,129.2,129.42,94616.008,2025-04-14 23:59:59.999,12279891.9923,58595,46293.359,6009815.64585
2025-04-15 00:00:00,129.41,129.5,127.71,129.2,153633.298,2025-04-15 00:59:59.999,19774401.02835,97953,73061.0,9410922.8741
2025-04-15 01:00:00,129.19,130.5,127.83,130.34,126313.469,2025-04-15 01:59:59.999,16329369.81109,100419,70049.037,9061346.8876
2025-04-15 02:00:00,130.34,130.52,128.28,129.51,123855.373,2025-04-15 02:59:59.999,16020063.79963,79944,65490.458,8469060.82449
2025-04-15 03:00:00,129.51,130.75,129.26,130.54,114048.724,2025-04-15 03:59:59.999,14837288.52767,65759,66152.714,8607238.18854
2025-04-15 04:00:00,130.54,130.95,129.68,130.86,104423.855,2025-04-15 04:59:59.999,13611727.61993,59643,51635.243,6732362.13442
2025-04-15 05:00:00,130.86,132.3,130.83,131.28,146812.516,2025-04-15 05:59:59.999,19314869.83254,77476,81782.117,10762772.39376
2025-04-15 06:00:00,131.28,131.67,130.72,131.06,83226.294,2025-04-15 06:59:59.999,10917154.97293,60458,37784.11,4957067.74628
2025-04-15 07:00:00,131.07,131.98,131.07,131.55,62094.244,2025-04-15 07:59:59.999,8172838.94958,51767,29503.603,3883058.33767
2025-04-15 08:00:00,131.55,132.27,131.34,131.72,118456.127,2025-04-15 08:59:59.999,15615487.25015,51808,62391.734,8226569.13455
2025-04-15 09:00:00,131.72,133.54,131.51,133.54,145411.039,2025-04-15 09:59:59.999,19301371.94099,87646,80531.589,10691089.05058
2025-04-15 10:00:00,133.53,133.92,131.67,132.35,150716.08,2025-04-15 10:59:59.999,19998426.78396,111658,68635.33,9109657.61902
2025-04-15 11:00:00,132.36,132.66,131.62,132.15,100464.94,2025-04-15 11:59:59.999,13273652.34117,84072,49633.225,6557598.2658
2025-04-15 12:00:00,132.14,133.06,131.22,132.58,105610.685,2025-04-15 12:59:59.999,13960852.15449,90790,49034.836,6484013.61698
2025-04-15 13:00:00,132.57,134.45,131.94,132.08,269632.938,2025-04-15 13:59:59.999,35859482.7722,180348,116007.342,15443166.42112
2025-04-15 14:00:00,132.09,132.8,129.82,130.7,330533.841,2025-04-15 14:59:59.999,43335912.63842,224686,140447.59,18417634.6729
2025-04-15 15:00:00,130.7,131.67,129.07,129.61,224266.865,2025-04-15 15:59:59.999,29227041.27796,118715,93637.065,12214137.4549
2025-04-15 16:00:00,129.62,130.6,129.3,129.7,117761.788,2025-04-15 16:59:59.999,15296647.95877,91289,66105.656,8587598.44155
2025-04-15 17:00:00,129.7,129.98,127.93,128.24,155912.805,2025-04-15 17:59:59.999,20095599.45903,95520,66588.281,8586361.81479
2025-04-15 18:00:00,128.23,128.61,127.31,128.16,148370.084,2025-04-15 18:59:59.999,18983249.16762,99182,72105.965,9226223.45906
2025-04-15 19:00:00,128.15,128.71,127.41,127.88,116749.884,2025-04-15 19:59:59.999,14942929.21213,73299,57644.042,7379198.51844
2025-04-15 20:00:00,127.89,128.35,126.77,127.73,133775.96,2025-04-15 20:59:59.999,17074721.67421,54977,48867.662,6240549.00663
2025-04-15 21:00:00,127.74,128.59,127.45,128.12,131675.43,2025-04-15 21:59:59.999,16868293.46261,56321,83000.071,10632477.70559
2025-04-15 22:00:00,128.11,128.11,125.82,126.51,130954.99,2025-04-15 22:59:59.999,16601116.68503,78311,54907.507,6961510.09174
2025-04-15 23:00:00,126.51,127.15,126.03,126.11,136781.268,2025-04-15 23:59:59.999,17302049.08352,63237,50097.335,6342028.6339
2025-04-16 00:00:00,126.1,127.35,125.05,125.21,184294.113,2025-04-16 00:59:59.999,23257780.40559,109502,93385.694,11790891.87614
2025-04-16 01:00:00,125.2,126.52,124.8,126.21,140424.041,2025-04-16 01:59:59.999,17653047.5797,89697,75085.303,9442736.09492
2025-04-16 02:00:00,126.21,127.1,125.82,127.0,128925.054,2025-04-16 02:59:59.999,16304741.57917,66586,69627.391,8806802.60112
2025-04-16 03:00:00,127.0,127.29,126.22,126.44,79908.048,2025-04-16 03:59:59.999,10132831.59068,49028,43371.042,5500554.79544
2025-04-16 04:00:00,126.45,126.68,125.18,125.93,78228.275,2025-04-16 04:59:59.999,9834132.77945,57692,32417.919,4076380.99476
2025-04-16 05:00:00,125.93,126.61,124.37,125.4,146618.211,2025-04-16 05:59:59.999,18371782.88289,84326,67198.012,8423216.63347
2025-04-16 06:00:00,125.39,126.44,125.12,126.1,79450.009,2025-04-16 06:59:59.999,9992834.44529,51727,46253.372,5818136.08531
2025-04-16 07:00:00,126.1,126.36,124.57,124.78,110409.829,2025-04-16 07:59:59.999,13815750.43112,59582,48465.598,6065151.10916
2025-04-16 08:00:00,124.78,125.67,123.49,125.13,225721.347,2025-04-16 08:59:59.999,28109524.64488,129644,113686.045,14163214.12413
2025-04-16 09:00:00,125.13,125.68,124.33,124.35,141820.178,2025-04-16 09:59:59.999,17735330.17874,67943,68213.65,8532212.18712
2025-04-16 10:00:00,124.35,125.96,124.23,125.89,95188.744,2025-04-16 10:59:59.999,11938668.87761,57798,53454.702,6705821.56113
2025-04-16 11:00:00,125.89,126.68,124.92,126.27,140661.657,2025-04-16 11:59:59.999,17702952.14022,76540,76999.017,9695386.89679
2025-04-16 12:00:00,126.26,126.54,125.18,125.24,131946.749,2025-04-16 12:59:59.999,16617671.25016,76461,61684.627,7770506.67351
2025-04-16 13:00:00,125.25,126.16,124.46,124.65,276304.411,2025-04-16 13:59:59.999,34608525.24519,107559,155803.815,19524656.33847
2025-04-16 14:00:00,124.65,128.15,124.62,127.83,317903.742,2025-04-16 14:59:59.999,40275141.062,147653,158834.695,20110448.70012
2025-04-16 15:00:00,127.83,129.6,127.75,128.39,477169.668,2025-04-16 15:59:59.999,61278963.53545,165273,263098.522,33791496.76536
2025-04-16 16:00:00,128.4,129.33,126.94,128.82,212635.742,2025-04-16 16:59:59.999,27268503.8364,132686,104395.804,13389488.7779
2025-04-16 17:00:00,128.82,130.93,124.86,125.15,523473.679,2025-04-16 17:59:59.999,66951158.05378,282204,227286.764,29151028.18173
2025-04-16 18:00:00,125.16,128.84,125.09,128.61,473106.538,2025-04-16 18:59:59.999,60209408.20888,284295,259844.794,33070632.68197
2025-04-16 19:00:00,128.6,133.91,128.56,132.45,638514.481,2025-04-16 19:59:59.999,83595527.35657,247531,405679.161,53038512.11241
2025-04-16 20:00:00,132.45,133.71,131.47,131.65,298973.803,2025-04-16 20:59:59.999,39688027.54189,165471,127701.685,16957810.95051
2025-04-16 21:00:00,131.66,133.44,131.54,132.97,205929.237,2025-04-16 21:59:59.999,27286904.40723,94269,95912.802,12714911.87384
2025-04-16 22:00:00,132.98,133.13,131.98,132.12,80486.927,2025-04-16 22:59:59.999,10659687.61708,65079,37443.504,4959472.53313
2025-04-16 23:00:00,132.12,132.31,130.78,131.33,132674.511,2025-04-16 23:59:59.999,17438833.97115,71570,58047.383,7629908.72604
2025-04-17 00:00:00,131.33,131.72,130.75,131.72,187940.43,2025-04-17 00:59:59.999,24679562.97262,97088,83129.193,10915763.75968
2025-04-17 01:00:00,131.71,132.67,131.22,132.1,98746.659,2025-04-17 01:59:59.999,13029715.74329,63956,56495.176,7455674.86649
2025-04-17 02:00:00,132.1,132.2,130.37,131.36,144148.185,2025-04-17 02:59:59.999,18887968.7106,71211,83016.112,10873451.10211
2025-04-17 03:00:00,131.35,131.77,129.5,129.79,112502.275,2025-04-17 03:59:59.999,14653895.57966,71417,46988.002,6121439.11041
2025-04-17 04:00:00,129.79,131.12,129.62,131.12,93735.562,2025-04-17 04:59:59.999,12206243.66386,46171,52627.037,6854194.81557
2025-04-17 05:00:00,131.11,133.5,131.03,133.13,195232.79,2025-04-17 05:59:59.999,25877567.08998,97537,110468.174,14639157.57763
2025-04-17 06:00:00,133.13,135.31,132.62,134.49,291553.636,2025-04-17 06:59:59.999,39125072.99682,144653,175897.169,23611114.3962
2025-04-17 07:00:00,134.5,135.59,133.86,134.26,189197.742,2025-04-17 07:59:59.999,25456483.52667,102181,96553.244,12993103.26296
2025-04-17 08:00:00,134.25,135.0,133.1,133.34,135896.082,2025-04-17 08:59:59.999,18230553.53765,76898,72701.954,9757599.59233
2025-04-17 09:00:00,133.35,134.11,132.78,133.52,190845.773,2025-04-17 09:59:59.999,25456789.27356,80942,91637.015,12230364.22309
2025-04-17 10:00:00,133.52,133.7,132.72,133.11,82008.178,2025-04-17 10:59:59.999,10921233.64794,50950,39529.219,5264786.26327
2025-04-17 11:00:00,133.12,133.69,132.43,133.12,113824.041,2025-04-17 11:59:59.999,15155136.80109,64187,45286.748,6030887.4795
2025-04-17 12:00:00,133.12,134.5,132.94,134.08,146784.587,2025-04-17 12:59:59.999,19638353.77622,68288,68471.207,9168388.82107
2025-04-17 13:00:00,134.08,134.08,132.6,132.91,211322.927,2025-04-17 13:59:59.999,28155136.29033,103266,79736.862,10623813.95215
2025-04-17 14:00:00,132.92,132.96,130.55,131.44,317148.947,2025-04-17 14:59:59.999,41750049.22454,143900,139786.696,18400816.68772
2025-04-17 15:00:00,131.43,133.87,131.37,133.45,176172.843,2025-04-17 15:59:59.999,23382390.87048,128061,98869.664,13124479.87371
2025-04-17 16:00:00,133.45,135.19,132.72,134.59,244442.054,2025-04-17 16:59:59.999,32810903.18815,147253,134459.061,18051253.21521
2025-04-17 17:00:00,134.58,135.94,134.25,135.4,178048.489,2025-04-17 17:59:59.999,24083639.76698,103797,107963.402,14610465.46298
2025-04-17 18:00:00,135.4,136.2,134.26,134.26,150304.881,2025-04-17 18:59:59.999,20343129.21663,88577,72080.877,9761385.3343
2025-04-17 19:00:00,134.25,134.83,132.0,132.91,230345.153,2025-04-17 19:59:59.999,30690513.54701,125987,131506.188,17522502.29136
2025-04-17 20:00:00,132.91,135.29,132.91,134.91,124168.189,2025-04-17 20:59:59.999,16689030.73757,81430,68826.348,9250330.57899
2025-04-17 21:00:00,134.91,135.06,133.83,134.53,67765.908,2025-04-17 21:59:59.999,9112767.99923,47208,31768.465,4272809.01347
2025-04-17 22:00:00,134.53,134.81,133.43,133.47,68773.626,2025-04-17 22:59:59.999,9230190.95637,46711,31947.524,4289608.30918
2025-04-17 23:00:00,133.48,134.98,133.48,134.83,66550.761,2025-04-17 23:59:59.999,8954504.24172,41733,34714.237,4670553.77127
2025-04-18 00:00:00,134.84,135.08,133.78,134.24,100642.26,2025-04-18 00:59:59.999,13524240.12894,68822,44020.913,5916424.99156
2025-04-18 01:00:00,134.23,135.76,133.96,135.04,192278.213,2025-04-18 01:59:59.999,25970375.44695,78172,95131.916,12849409.7241
2025-04-18 02:00:00,135.03,136.02,134.5,135.31,151196.386,2025-04-18 02:59:59.999,20444560.77441,66319,72087.58,9748836.24547
2025-04-18 03:00:00,135.31,135.36,134.27,134.51,103800.625,2025-04-18 03:59:59.999,13984401.23864,60301,46495.944,6264108.0129
2025-04-18 04:00:00,134.52,134.64,133.65,133.87,115699.503,2025-04-18 04:59:59.999,15512344.26877,56460,50195.573,6729469.33646
2025-04-18 05:00:00,133.86,134.28,133.26,134.2,94100.8,2025-04-18 05:59:59.999,12596585.32277,52453,50583.31,6771392.1689
2025-04-18 06:00:00,134.2,134.51,133.4,134.37,88870.782,2025-04-18 06:59:59.999,11911485.60335,47762,48317.737,6477327.01762
2025-04-18 07:00:00,134.37,135.03,133.79,134.91,103541.242,2025-04-18 07:59:59.999,13926781.04801,66121,55439.583,7458131.27069
2025-04-18 08:00:00,134.91,135.54,134.45,134.81,125292.011,2025-04-18 08:59:59.999,16926621.22956,70061,67362.413,9100958.3831
2025-04-18 09:00:00,134.81,135.28,134.3,134.73,62315.086,2025-04-18 09:59:59.999,8397870.04548,44460,29827.65,4020875.47945
2025-04-18 10:00:00,134.72,134.86,133.56,133.87,93965.708,2025-04-18 10:59:59.999,12608051.77612,48957,47277.321,6343675.64434
2025-04-18 11:00:00,133.87,134.28,133.7,134.27,106707.002,2025-04-18 11:59:59.999,14283297.99934,36850,44169.322,5913770.9944
2025-04-18 12:00:00,134.27,135.21,133.83,134.93,221595.936,2025-04-18 12:59:59.999,29883241.88755,61029,122813.313,16563994.65384
2025-04-18 13:00:00,134.92,135.04,134.08,134.57,222258.913,2025-04-18 13:59:59.999,29936873.44106,63433,56316.943,7583047.97346
2025-04-18 14:00:00,134.56,134.88,133.02,133.32,212129.339,2025-04-18 14:59:59.999,28357818.67878,62818,65041.482,8693765.08471
2025-04-18 15:00:00,133.33,133.52,132.47,132.91,176164.052,2025-04-18 15:59:59.999,23423102.20692,62454,62589.828,8323424.73831
2025-04-18 16:00:00,132.91,133.52,132.69,133.42,59106.169,2025-04-18 16:59:59.999,7875172.63215,43298,28211.824,3759840.87872
2025-04-18 17:00:00,133.41,134.36,133.06,133.92,56974.796,2025-04-18 17:59:59.999,7620694.66785,39052,28175.645,3768617.83207
2025-04-18 18:00:00,133.92,134.2,133.55,134.0,53605.202,2025-04-18 18:59:59.999,7179234.35173,33366,22544.938,3019406.55777
2025-04-18 19:00:00,134.01,134.47,133.73,134.21,52051.106,2025-04-18 19:59:59.999,6978225.30494,34590,21587.323,2894369.67852
2025-04-18 20:00:00,134.21,134.32,133.48,134.09,37999.644,2025-04-18 20:59:59.999,5088785.93978,24676,14495.853,1941118.38148
2025-04-18 21:00:00,134.1,134.4,133.78,134.27,37406.546,2025-04-18 21:59:59.999,5016151.5248,22541,20488.507,2747597.11168
2025-04-18 22:00:00,134.28,134.36,133.92,133.92,36707.601,2025-04-18 22:59:59.999,4925353.69519,27894,14357.775,1926731.53742
2025-04-18 23:00:00,133.92,134.27,133.23,134.04,51932.952,2025-04-18 23:59:59.999,6940953.62441,30912,23416.332,3129986.95045
2025-04-19 00:00:00,134.05,134.33,133.58,134.16,55025.807,2025-04-19 00:59:59.999,7376773.50734,33364,27740.967,3719015.82319
2025-04-19 01:00:00,134.16,135.03,134.08,134.92,77584.376,2025-04-19 01:59:59.999,10446351.81823,40443,41179.877,5545561.92923
2025-04-19 02:00:00,134.93,138.38,134.83,137.46,459721.276,2025-04-19 02:59:59.999,63058047.09191,153214,251773.986,34517690.00845
2025-04-19 03:00:00,137.47,139.16,137.33,138.82,280700.573,2025-04-19 03:59:59.999,38878873.51899,99977,152769.853,21158943.15481
2025-04-19 04:00:00,138.82,139.47,138.26,138.35,146101.224,2025-04-19 04:59:59.999,20288213.68083,84412,79251.243,11007676.02606
2025-04-19 05:00:00,138.34,138.75,137.88,138.42,81983.691,2025-04-19 05:59:59.999,11342325.94354,45474,41685.016,5768106.19593
2025-04-19 06:00:00,138.43,138.53,137.78,138.22,56534.361,2025-04-19 06:59:59.999,7808033.17212,34290,25717.816,3552532.04053
2025-04-19 07:00:00,138.21,139.04,138.21,138.76,94035.587,2025-04-19 07:59:59.999,13040934.3503,44165,51117.475,7089200.99489
2025-04-19 08:00:00,138.76,139.3,138.47,139.1,98946.602,2025-04-19 08:59:59.999,13741345.08737,46109,52572.168,7303175.83684
2025-04-19 09:00:00,139.09,139.83,138.9,139.37,152148.684,2025-04-19 09:59:59.999,21218148.20362,68808,83552.819,11652923.68523
2025-04-19 10:00:00,139.37,139.96,138.81,139.04,118845.693,2025-04-19 10:59:59.999,16563953.18503,52808,48899.652,6817538.14231
2025-04-19 11:00:00,139.03,139.68,138.53,138.77,91008.893,2025-04-19 11:59:59.999,12643077.46018,50577,37257.375,5178315.11318
2025-04-19 12:00:00,138.77,139.28,138.51,138.8,78460.411,2025-04-19 12:59:59.999,10896718.8148,38502,39094.801,5431340.55409
2025-04-19 13:00:00,138.79,139.63,138.52,139.57,65165.087,2025-04-19 13:59:59.999,9075234.61781,41954,32503.066,4526050.79697
2025-04-19 14:00:00,139.57,139.74,139.26,139.62,75186.26,2025-04-19 14:59:59.999,10491644.79038,40443,33566.776,4683970.78997
2025-04-19 15:00:00,139.62,140.5,138.57,138.95,188580.687,2025-04-19 15:59:59.999,26340324.26918,80425,101653.755,14212090.28938
2025-04-19 16:00:00,138.96,139.2,137.7,137.97,201157.265,2025-04-19 16:59:59.999,27840159.56839,77433,83228.994,11517745.74472
2025-04-19 17:00:00,137.98,139.49,137.67,138.9,223817.834,2025-04-19 17:59:59.999,31036800.6454,72484,119400.28,16557300.67511
2025-04-19 18:00:00,138.89,139.09,138.43,138.59,40616.607,2025-04-19 18:59:59.999,5635531.99186,36087,20786.005,2884216.68412
2025-04-19 19:00:00,138.59,138.86,138.23,138.71,43684.354,2025-04-19 19:59:59.999,6053444.74252,29315,22277.265,3087000.24584
2025-04-19 20:00:00,138.7,139.17,138.34,138.78,50635.134,2025-04-19 20:59:59.999,7023763.34803,29959,26522.426,3679945.34472
2025-04-19 21:00:00,138.78,139.16,138.6,139.02,53754.591,2025-04-19 21:59:59.999,7466050.76146,22706,19766.326,2746342.06972
2025-04-19 22:00:00,139.02,139.68,138.83,139.62,38501.336,2025-04-19 22:59:59.999,5361387.51526,23537,28382.95,3952802.12712
2025-04-19 23:00:00,139.61,139.9,139.1,139.87,43841.735,2025-04-19 23:59:59.999,6118042.00963,29759,20900.262,2916656.51734
2025-04-20 00:00:00,139.86,141.41,139.4,140.3,213490.393,2025-04-20 00:59:59.999,30042041.9675,93582,140658.768,19797944.70922
2025-04-20 01:00:00,140.31,141.96,140.2,141.85,100277.761,2025-04-20 01:59:59.999,14163645.65055,67301,61820.767,8732087.9532
2025-04-20 02:00:00,141.85,141.92,141.24,141.42,64073.434,2025-04-20 02:59:59.999,9069688.96048,40776,27266.004,3859976.12308
2025-04-20 03:00:00,141.43,141.5,140.57,140.96,73787.807,2025-04-20 03:59:59.999,10399036.10462,39891,29184.762,4113504.96384
2025-04-20 04:00:00,140.96,141.62,140.64,141.21,67953.795,2025-04-20 04:59:59.999,9588559.29902,36080,29809.557,4206842.24093
2025-04-20 05:00:00,141.21,141.22,140.72,140.77,49401.527,2025-04-20 05:59:59.999,6962269.05158,30381,22909.297,3228611.32944
2025-04-20 06:00:00,140.78,141.22,139.72,139.89,125090.432,2025-04-20 06:59:59.999,17560764.35991,51744,33900.41,4762168.81568
2025-04-20 07:00:00,139.89,139.95,138.6,139.61,177453.358,2025-04-20 07:59:59.999,24710477.60971,86802,69385.686,9660928.70662
2025-04-20 08:00:00,139.61,139.8,138.67,139.09,105200.164,2025-04-20 08:59:59.999,14657178.43344,50814,39826.28,5549432.63722
2025-04-20 09:00:00,139.09,139.52,138.81,139.2,98671.181,2025-04-20 09:59:59.999,13722178.9421,41347,44497.123,6187210.6061
2025-04-20 10:00:00,139.2,139.59,137.8,138.33,141768.508,2025-04-20 10:59:59.999,19680921.29285,61247,56507.958,7847995.51634
2025-04-20 11:00:00,138.32,138.45,135.82,136.38,1056087.751,2025-04-20 11:59:59.999,144605924.66052,168429,667141.409,91309444.51748
2025-04-20 12:00:00,136.38,137.46,136.0,136.92,183867.796,2025-04-20 12:59:59.999,25155137.89261,64196,89760.277,12278160.48717
2025-04-20 13:00:00,136.92,137.47,136.31,137.16,142199.53,2025-04-20 13:59:59.999,19481216.9688,47065,54330.954,7446928.48779
2025-04-20 14:00:00,137.16,138.03,136.93,137.58,106031.732,2025-04-20 14:59:59.999,14573816.4787,52844,43237.288,5943791.01936
2025-04-20 15:00:00,137.58,137.59,135.64,135.94,169439.488,2025-04-20 15:59:59.999,23153772.06321,55175,51532.567,7039819.20188
2025-04-20 16:00:00,135.94,137.03,135.72,136.94,119568.289,2025-04-20 16:59:59.999,16320138.35446,54113,45768.272,6248825.75571
2025-04-20 17:00:00,136.93,136.99,136.13,136.37,69785.103,2025-04-20 17:59:59.999,9527435.50286,35908,36484.059,4981327.40194
2025-04-20 18:00:00,136.36,136.75,136.12,136.49,43520.093,2025-04-20 18:59:59.999,5938881.57871,27648,22171.309,3025507.38933
2025-04-20 19:00:00,136.48,137.25,136.27,137.2,54764.804,2025-04-20 19:59:59.999,7487693.32877,29146,35575.71,4864096.98443
2025-04-20 20:00:00,137.19,138.5,137.01,137.26,131859.899,2025-04-20 20:59:59.999,18162321.95163,64231,62455.289,8602889.80269
2025-04-20 21:00:00,137.25,137.53,136.64,137.51,72778.573,2025-04-20 21:59:59.999,9978533.15593,36794,33943.017,4654698.54071
2025-04-20 22:00:00,137.5,137.52,136.37,136.78,67602.289,2025-04-20 22:59:59.999,9249108.90749,37980,29811.522,4079078.45819
2025-04-20 23:00:00,136.78,137.9,136.77,137.86,63424.908,2025-04-20 23:59:59.999,8717600.77914,34963,34188.052,4698990.23205
2025-04-21 00:00:00,137.86,143.25,137.66,141.19,452830.404,2025-04-21 00:59:59.999,63995685.29378,212463,255168.901,36036042.18842
2025-04-21 01:00:00,141.19,142.21,140.7,141.69,260023.063,2025-04-21 01:59:59.999,36803333.01494,122291,144116.203,20400336.62746
2025-04-21 02:00:00,141.7,141.89,139.35,140.22,204873.377,2025-04-21 02:59:59.999,28834486.01559,96240,86585.208,12195765.10347
2025-04-21 03:00:00,140.22,140.63,139.11,139.39,130884.841,2025-04-21 03:59:59.999,18289316.57898,62040,57615.842,8053161.51013
2025-04-21 04:00:00,139.39,141.22,139.22,141.05,175552.245,2025-04-21 04:59:59.999,24604937.62307,58845,101216.876,14190817.44635
2025-04-21 05:00:00,141.05,141.85,140.63,140.88,120470.235,2025-04-21 05:59:59.999,16994204.70218,52984,60106.552,8478576.54503
2025-04-21 06:00:00,140.88,141.44,140.65,140.86,126193.205,2025-04-21 06:59:59.999,17785748.42445,50703,52534.466,7404819.57315
2025-04-21 07:00:00,140.86,141.1,140.13,140.17,93411.403,2025-04-21 07:59:59.999,13136744.55247,44773,40119.979,5642856.23845
2025-04-21 08:00:00,140.18,140.82,139.92,140.61,96323.152,2025-04-21 08:59:59.999,13522843.33816,50919,46845.362,6578025.29941
2025-04-21 09:00:00,140.61,141.14,139.77,140.22,105499.679,2025-04-21 09:59:59.999,14804324.938,60889,44066.905,6185009.16346
2025-04-21 10:00:00,140.22,140.31,139.42,140.05,74955.634,2025-04-21 10:59:59.999,10479399.34734,47754,29668.155,4148109.47004
2025-04-21 11:00:00,140.05,140.09,138.31,138.99,108793.418,2025-04-21 11:59:59.999,15125886.77599,69280,41741.34,5802878.49203
2025-04-21 12:00:00,138.98,139.55,138.21,138.31,107824.535,2025-04-21 12:59:59.999,14973747.95286,62299,47911.47,6653758.21529
2025-04-21 13:00:00,138.31,138.58,136.97,137.19,238253.037,2025-04-21 13:59:59.999,32871324.9198,121582,96218.016,13281577.19995
2025-04-21 14:00:00,137.19,140.11,136.76,139.72,351604.23,2025-04-21 14:59:59.999,48910195.30783,175364,161376.211,22444227.39862
2025-04-21 15:00:00,139.71,139.84,137.9,138.33,217091.113,2025-04-21 15:59:59.999,30107679.82145,104617,125941.096,17466898.36262
2025-04-21 16:00:00,138.32,138.81,135.37,135.56,742518.078,2025-04-21 16:59:59.999,101843021.94044,137347,355515.443,48750291.21719
2025-04-21 17:00:00,135.56,135.56,133.82,134.75,312252.416,2025-04-21 17:59:59.999,42104921.83268,155871,146542.582,19757114.81826
2025-04-21 18:00:00,134.74,135.54,134.42,135.19,136917.713,2025-04-21 18:59:59.999,18487729.9418,80680,75361.613,10177370.51389
2025-04-21 19:00:00,135.18,137.18,135.0,136.94,248222.449,2025-04-21 19:59:59.999,33857046.16459,85048,156631.954,21362613.68789
2025-04-21 20:00:00,136.94,137.43,136.36,137.23,123735.116,2025-04-21 20:59:59.999,16919723.4381,56079,80202.235,10966807.18941
2025-04-21 21:00:00,137.22,137.23,136.12,136.76,55187.393,2025-04-21 21:59:59.999,7539314.0663,32513,28182.8,3850715.34926
2025-04-21 22:00:00,136.76,136.82,136.0,136.08,52869.667,2025-04-21 22:59:59.999,7206809.31683,36109,27112.682,3696103.89344
2025-04-21 23:00:00,136.07,136.82,135.35,136.56,121114.1,2025-04-21 23:59:59.999,16494008.90849,47617,51672.285,7030477.13902
2025-04-22 00:00:00,136.57,137.24,134.68,137.24,178055.869,2025-04-22 00:59:59.999,24225533.44073,96964,75166.614,10232255.08886
2025-04-22 01:00:00,137.23,139.59,136.79,139.11,195330.969,2025-04-22 01:59:59.999,27074040.18605,139536,109168.023,15130724.22653
2025-04-22 02:00:00,139.11,139.69,138.32,139.2,123617.257,2025-04-22 02:59:59.999,17173764.57224,80486,58325.184,8103783.57968
2025-04-22 03:00:00,139.2,139.87,138.76,139.35,116823.537,2025-04-22 03:59:59.999,16281551.28541,72005,59122.115,8239974.65709
2025-04-22 04:00:00,139.35,139.58,138.66,138.82,93591.438,2025-04-22 04:59:59.999,13016314.51961,56961,48103.321,6689919.01947
2025-04-22 05:00:00,138.82,139.65,138.59,139.42,139188.917,2025-04-22 05:59:59.999,19363544.97227,44623,92441.541,12856103.78247
2025-04-22 06:00:00,139.43,139.79,138.43,139.35,163905.094,2025-04-22 06:59:59.999,22795275.63045,55934,102942.901,14317095.62036
2025-04-22 07:00:00,139.36,140.62,139.04,140.19,173572.02,2025-04-22 07:59:59.999,24281136.09949,78957,106524.004,14900280.05812
2025-04-22 08:00:00,140.19,140.68,139.16,139.26,112873.905,2025-04-22 08:59:59.999,15789104.0831,62429,46542.512,6516153.10352
2025-04-22 09:00:00,139.25,139.84,138.96,139.77,103327.014,2025-04-22 09:59:59.999,14403744.88045,49774,57406.585,8002051.61429
2025-04-22 10:00:00,139.77,140.2,139.29,139.88,81571.229,2025-04-22 10:59:59.999,11405523.97771,44029,34423.775,4813732.35219
2025-04-22 11:00:00,139.88,140.77,139.79,140.45,93526.231,2025-04-22 11:59:59.999,13121429.15702,46072,43612.146,6119157.45707
2025-04-22 12:00:00,140.45,141.95,140.05,141.45,162660.17,2025-04-22 12:59:59.999,22917080.31417,74840,85368.797,12032467.96493
2025-04-22 13:00:00,141.44,144.08,141.04,143.22,400155.168,2025-04-22 13:59:59.999,57071643.47288,158720,211421.111,30160793.05198
2025-04-22 14:00:00,143.21,144.88,142.63,144.18,355646.754,2025-04-22 14:59:59.999,51197488.6088,159968,190951.35,27489005.55093
2025-04-22 15:00:00,144.18,145.52,143.82,145.32,462251.471,2025-04-22 15:59:59.999,66896923.38661,172986,231036.612,33446385.46613
2025-04-22 16:00:00,145.31,147.71,144.1,144.76,589107.634,2025-04-22 16:59:59.999,85610500.61404,165915,307041.374,44641526.78726
2025-04-22 17:00:00,144.76,145.17,144.07,144.73,139720.497,2025-04-22 17:59:59.999,20206582.52334,91957,74493.653,10774965.7884
2025-04-22 18:00:00,144.74,145.21,144.45,144.83,106198.035,2025-04-22 18:59:59.999,15381488.1546,57676,60565.196,8773166.30272
2025-04-22 19:00:00,144.84,145.2,143.52,144.24,129813.124,2025-04-22 19:59:59.999,18746912.27128,64226,70741.557,10220511.14015
2025-04-22 20:00:00,144.24,144.81,143.46,144.55,98666.623,2025-04-22 20:59:59.999,14210010.46458,53005,48796.834,7028259.29261
2025-04-22 21:00:00,144.55,148.8,144.29,147.78,306529.298,2025-04-22 21:59:59.999,44973602.91276,128249,195067.302,28637081.16491
2025-04-22 22:00:00,147.78,149.59,146.82,149.1,405629.169,2025-04-22 22:59:59.999,60074103.82539,165797,187411.78,27752710.28371
2025-04-22 23:00:00,149.11,150.23,148.39,148.79,346648.113,2025-04-22 23:59:59.999,51700105.28727,142022,177242.385,26444236.54093
2025-04-23 00:00:00,148.78,149.43,147.64,147.92,205699.238,2025-04-23 00:59:59.999,30565506.09035,113210,100098.489,14880994.7842
2025-04-23 01:00:00,147.92,149.04,147.13,147.38,186888.294,2025-04-23 01:59:59.999,27716032.51834,92959,100514.153,14916518.59227
2025-04-23 02:00:00,147.38,149.06,147.37,148.45,115169.023,2025-04-23 02:59:59.999,17089038.5883,82161,57704.996,8563950.55188
2025-04-23 03:00:00,148.44,149.47,148.14,149.24,113750.718,2025-04-23 03:59:59.999,16927609.11787,58940,68967.536,10266125.98307
2025-04-23 04:00:00,149.24,152.04,148.58,151.52,243850.229,2025-04-23 04:59:59.999,36657907.83609,117467,135655.133,20405132.59856
2025-04-23 05:00:00,151.51,151.54,150.4,150.68,197387.87,2025-04-23 05:59:59.999,29803188.26921,103829,93954.223,14192629.38566
2025-04-23 06:00:00,150.68,152.3,150.5,150.72,259050.975,2025-04-23 06:59:59.999,39219518.6947,105134,133170.817,20157360.80434
2025-04-23 07:00:00,150.73,151.82,150.26,151.58,199009.818,2025-04-23 07:59:59.999,30037890.17998,84605,102122.343,15413266.13978
2025-04-23 08:00:00,151.58,152.86,151.05,152.47,339149.156,2025-04-23 08:59:59.999,51549255.45367,113176,144991.135,22045523.96902
2025-04-23 09:00:00,152.46,153.74,151.62,151.62,228650.795,2025-04-23 09:59:59.999,34892663.61781,103232,109395.054,16704595.16947
2025-04-23 10:00:00,151.62,152.86,151.0,152.67,149096.682,2025-04-23 10:59:59.999,22615442.99439,92566,66847.091,10144846.55272
2025-04-23 11:00:00,152.66,153.03,151.67,152.09,171253.059,2025-04-23 11:59:59.999,26107776.33216,83735,77917.885,11882536.14064
2025-04-23 12:00:00,152.09,152.47,151.69,152.25,154311.486,2025-04-23 12:59:59.999,23462849.17,86015,64550.09,9816816.81195
2025-04-23 13:00:00,152.24,154.21,149.52,150.0,544525.986,2025-04-23 13:59:59.999,82818334.25522,287729,262084.343,39905934.63093
2025-04-23 14:00:00,150.01,152.38,148.86,151.12,406239.85,2025-04-23 14:59:59.999,61183575.4459,235881,202438.537,30494409.73349
2025-04-23 15:00:00,151.12,151.66,148.71,151.41,394217.785,2025-04-23 15:59:59.999,59187647.92055,229595,192976.042,28985178.07436
2025-04-23 16:00:00,151.41,152.19,149.62,151.09,209020.514,2025-04-23 16:59:59.999,31571620.30029,156476,105751.894,15982400.6186
2025-04-23 17:00:00,151.08,152.16,150.79,151.48,123844.983,2025-04-23 17:59:59.999,18764148.54553,80562,67978.721,10303118.89195
2025-04-23 18:00:00,151.48,152.49,150.63,150.64,123567.985,2025-04-23 18:59:59.999,18746612.80091,70914,78080.996,11850137.54704
2025-04-23 19:00:00,150.64,150.74,148.94,150.16,133694.458,2025-04-23 19:59:59.999,20014418.07561,85669,67878.494,10162401.08945
2025-04-23 20:00:00,150.16,151.25,149.83,150.98,107182.332,2025-04-23 20:59:59.999,16152353.88151,62399,56741.431,8552895.89597
2025-04-23 21:00:00,150.98,151.25,150.43,150.71,67258.177,2025-04-23 21:59:59.999,10141624.02927,37580,36775.654,5545692.0378
2025-04-23 22:00:00,150.71,151.58,150.49,151.4,76124.641,2025-04-23 22:59:59.999,11497622.73023,48066,43098.928,6509548.86033
2025-04-23 23:00:00,151.39,151.82,150.78,151.1,52434.416,2025-04-23 23:59:59.999,7935359.4725,35633,29999.466,4540809.44309
2025-04-24 00:00:00,151.1,151.45,149.8,150.15,101219.282,2025-04-24 00:59:59.999,15241650.51536,72086,46061.666,6937423.22864
2025-04-24 01:00:00,150.15,150.72,149.07,150.17,152355.436,2025-04-24 01:59:59.999,22837015.79934,81635,50470.329,7562646.53909
2025-04-24 02:00:00,150.18,150.75,148.81,148.91,112910.995,2025-04-24 02:59:59.999,16912145.05088,70537,50299.98,7537010.87132
2025-04-24 03:00:00,148.9,149.68,147.66,147.76,150613.537,2025-04-24 03:59:59.999,22378416.8418,87890,64211.258,9549018.93747
2025-04-24 04:00:00,147.76,148.62,147.59,148.43,96856.525,2025-04-24 04:59:59.999,14342700.38549,76281,45566.358,6748313.87598
2025-04-24 05:00:00,148.44,148.83,147.78,148.14,65132.71,2025-04-24 05:59:59.999,9660789.21052,47808,32746.07,4857776.98884
2025-04-24 06:00:00,148.14,149.17,147.83,148.04,87641.453,2025-04-24 06:59:59.999,13017842.16354,61076,41268.901,6130844.13209
2025-04-24 07:00:00,148.04,148.81,146.95,147.17,177047.913,2025-04-24 07:59:59.999,26156623.95796,83636,72930.711,10780235.70188
2025-04-24 08:00:00,147.16,147.71,144.87,146.44,444089.901,2025-04-24 08:59:59.999,64925133.6324,148598,176656.613,25823846.30538
2025-04-24 09:00:00,146.44,147.14,146.27,146.89,124841.696,2025-04-24 09:59:59.999,18316005.7148,68209,67035.326,9835322.45884
2025-04-24 10:00:00,146.9,147.3,146.57,147.0,98154.788,2025-04-24 10:59:59.999,14422178.76934,50061,48901.987,7186669.74824
2025-04-24 11:00:00,147.0,147.8,146.41,147.7,129007.748,2025-04-24 11:59:59.999,18958287.8555,50762,77266.821,11358654.29496
2025-04-24 12:00:00,147.7,148.62,147.07,148.54,150571.297,2025-04-24 12:59:59.999,22291529.66949,68262,80786.117,11962929.12892
2025-04-24 13:00:00,148.54,149.52,147.99,148.63,137732.805,2025-04-24 13:59:59.999,20485181.68343,76908,62130.039,9243652.71367
2025-04-24 14:00:00,148.63,151.06,148.54,149.77,287196.286,2025-04-24 14:59:59.999,43042952.09142,174400,158745.533,23789446.29536
2025-04-24 15:00:00,149.78,151.46,149.2,149.34,214717.493,2025-04-24 15:59:59.999,32274672.4414,127646,104459.672,15710326.02932
2025-04-24 16:00:00,149.35,151.69,149.23,151.11,237027.375,2025-04-24 16:59:59.999,35764893.06693,107892,121794.158,18377618.48029
2025-04-24 17:00:00,151.12,151.69,148.84,150.63,187769.095,2025-04-24 17:59:59.999,28192016.99395,121657,86843.381,13040473.40123
2025-04-24 18:00:00,150.63,152.45,150.57,151.88,168195.175,2025-04-24 18:59:59.999,25487407.0228,103411,93993.19,14245048.32223
2025-04-24 19:00:00,151.87,151.97,151.02,151.54,67118.023,2025-04-24 19:59:59.999,10165733.93044,53783,33283.104,5041866.38834
2025-04-24 20:00:00,151.54,152.28,151.24,151.25,90301.698,2025-04-24 20:59:59.999,13696950.16101,49526,45782.714,6944910.54899
2025-04-24 21:00:00,151.24,151.51,150.0,150.81,65059.16,2025-04-24 21:59:59.999,9805347.1692,40068,28398.436,4279746.92014
2025-04-24 22:00:00,150.82,151.44,150.58,150.96,54429.107,2025-04-24 22:59:59.999,8220788.54009,39200,24306.514,3671497.04581
2025-04-24 23:00:00,150.96,152.9,150.63,152.55,135870.986,2025-04-24 23:59:59.999,20665096.52969,67974,78175.581,11890542.70652
2025-04-25 00:00:00,152.55,152.85,151.83,152.22,96948.362,2025-04-25 00:59:59.999,14768561.4207,59514,51009.607,7770019.68927
2025-04-25 01:00:00,152.22,154.5,152.14,152.5,240375.334,2025-04-25 01:59:59.999,36828583.1496,116351,145869.494,22347303.12932
2025-04-25 02:00:00,152.5,153.17,150.53,150.95,189172.127,2025-04-25 02:59:59.999,28678118.28102,104954,71754.094,10887777.05603
2025-04-25 03:00:00,150.96,151.82,150.74,151.74,68183.412,2025-04-25 03:59:59.999,10316929.3084,54874,37046.512,5606119.29292
2025-04-25 04:00:00,151.73,152.5,150.73,150.89,79852.231,2025-04-25 04:59:59.999,12102955.57398,51478,35585.55,5396743.39445
2025-04-25 05:00:00,150.89,151.95,150.76,151.86,53680.879,2025-04-25 05:59:59.999,8134286.34287,44068,27287.239,4135311.18512
2025-04-25 06:00:00,151.86,154.0,151.69,153.35,139777.746,2025-04-25 06:59:59.999,21359964.47517,65339,77527.413,11843645.96754
2025-04-25 07:00:00,153.35,155.0,152.76,154.86,227291.436,2025-04-25 07:59:59.999,34991982.08124,105245,134312.014,20683709.30848
2025-04-25 08:00:00,154.85,155.02,154.23,154.34,164794.382,2025-04-25 08:59:59.999,25472564.89852,77839,88003.79,13605551.434
2025-04-25 09:00:00,154.34,154.47,153.27,154.22,153888.471,2025-04-25 09:59:59.999,23673825.55132,71206,76489.458,11766860.07216
2025-04-25 10:00:00,154.22,154.98,152.94,152.98,203851.226,2025-04-25 10:59:59.999,31356583.55001,82822,99625.074,15332242.3307
2025-04-25 11:00:00,152.98,154.76,152.98,154.75,181169.593,2025-04-25 11:59:59.999,27889740.63785,80095,112056.285,17248825.47596
2025-04-25 12:00:00,154.75,157.0,153.15,153.57,422671.76,2025-04-25 12:59:59.999,65474136.39834,186939,218106.187,33787735.8527
2025-04-25 13:00:00,153.58,153.99,152.2,153.49,237029.067,2025-04-25 13:59:59.999,36355503.33837,129827,92968.826,14263815.56232
2025-04-25 14:00:00,153.49,155.96,153.45,154.98,396712.094,2025-04-25 14:59:59.999,61386067.03162,205885,198302.029,30683919.48883
2025-04-25 15:00:00,154.99,155.29,152.42,152.94,323116.729,2025-04-25 15:59:59.999,49649385.29377,163938,161203.898,24772830.81452
2025-04-25 16:00:00,152.94,153.18,151.58,152.51,215454.994,2025-04-25 16:59:59.999,32802543.88332,99187,89666.435,13657164.93439
2025-04-25 17:00:00,152.52,153.24,150.43,150.91,250311.214,2025-04-25 17:59:59.999,37960658.04447,113808,128199.285,19446202.81885
2025-04-25 18:00:00,150.91,152.07,150.82,151.09,96735.71,2025-04-25 18:59:59.999,14644966.12445,63657,51078.989,7734436.2172
2025-04-25 19:00:00,151.1,151.68,150.8,151.4,76676.823,2025-04-25 19:59:59.999,11594004.99925,56826,46334.635,7007265.62669
2025-04-25 20:00:00,151.39,152.37,150.72,151.77,132766.666,2025-04-25 20:59:59.999,20119533.8654,68875,69907.54,10595931.6943
2025-04-25 21:00:00,151.76,152.5,149.87,150.36,156271.707,2025-04-25 21:59:59.999,23578301.61703,64749,56757.625,8583271.99599
2025-04-25 22:00:00,150.36,151.33,150.33,151.09,63849.27,2025-04-25 22:59:59.999,9633637.00603,38747,41649.792,6284518.24029
2025-04-25 23:00:00,151.1,151.45,150.45,150.82,56186.74,2025-04-25 23:59:59.999,8477846.47538,37141,28751.871,4339180.1541
2025-04-26 00:00:00,150.82,151.79,150.82,151.47,65541.19,2025-04-26 00:59:59.999,9922972.38321,55713,37706.013,5707846.60914
2025-04-26 01:00:00,151.47,153.17,151.03,152.4,130049.938,2025-04-26 01:59:59.999,19804831.56767,66309,77747.877,11840653.89424
2025-04-26 02:00:00,152.4,152.53,151.48,151.62,72972.314,2025-04-26 02:59:59.999,11085484.3306,52020,37486.249,5694861.69678
2025-04-26 03:00:00,151.62,152.13,151.08,151.36,60172.145,2025-04-26 03:59:59.999,9120972.62297,49904,27528.613,4172262.148
2025-04-26 04:00:00,151.36,151.61,150.44,150.47,64303.384,2025-04-26 04:59:59.999,9706492.19557,44221,26085.756,3940426.72046
2025-04-26 05:00:00,150.47,151.28,150.0,151.0,70538.225,2025-04-26 05:59:59.999,10617693.16249,51391,32973.101,4965072.68682
2025-04-26 06:00:00,151.0,151.97,150.86,151.7,42323.422,2025-04-26 06:59:59.999,6411401.68702,39606,23927.337,3624605.94715
2025-04-26 07:00:00,151.7,152.35,151.3,151.36,65681.768,2025-04-26 07:59:59.999,9975404.8083,46672,31830.39,4835207.38654
2025-04-26 08:00:00,151.36,152.33,150.47,150.77,100653.258,2025-04-26 08:59:59.999,15227643.46645,77604,43968.791,6655369.03805
2025-04-26 09:00:00,150.77,150.78,148.9,149.56,137541.947,2025-04-26 09:59:59.999,20598279.98962,82715,45293.026,6782327.07033
2025-04-26 10:00:00,149.57,149.8,149.07,149.13,99861.068,2025-04-26 10:59:59.999,14922081.36681,54951,37163.731,5553897.51744
2025-04-26 11:00:00,149.12,149.37,148.0,148.51,142216.692,2025-04-26 11:59:59.999,21122121.5331,84296,61767.776,9173329.85739
2025-04-26 12:00:00,148.51,148.99,148.1,148.3,108355.541,2025-04-26 12:59:59.999,16091236.86824,61024,41108.489,6106896.63645
2025-04-26 13:00:00,148.29,149.05,147.75,149.02,116575.647,2025-04-26 13:59:59.999,17289128.32093,65701,47154.458,6997199.13179
2025-04-26 14:00:00,149.02,149.1,148.17,148.52,73949.332,2025-04-26 14:59:59.999,10992986.47477,62131,35333.72,5253431.60562
2025-04-26 15:00:00,148.53,149.58,148.5,149.31,79249.028,2025-04-26 15:59:59.999,11815281.42934,47597,42457.097,6329880.30622
2025-04-26 16:00:00,149.32,149.46,148.62,149.05,51106.155,2025-04-26 16:59:59.999,7618293.85791,41862,20241.467,3017520.86341
2025-04-26 17:00:00,149.04,149.43,148.79,149.07,43377.649,2025-04-26 17:59:59.999,6466902.76112,34849,20471.181,3052257.48893
2025-04-26 18:00:00,149.08,149.14,148.52,148.52,39572.404,2025-04-26 18:59:59.999,5891346.26342,30295,17503.131,2606336.66463
2025-04-26 19:00:00,148.53,149.27,148.33,149.25,34654.223,2025-04-26 19:59:59.999,5154791.77805,27789,19821.861,2948983.41267
2025-04-26 20:00:00,149.24,149.43,148.35,148.35,36349.72,2025-04-26 20:59:59.999,5412725.79542,29709,19542.087,2910576.61015
2025-04-26 21:00:00,148.36,148.93,148.34,148.56,31602.877,2025-04-26 21:59:59.999,4698524.31496,23909,14589.275,2168949.06027
2025-04-26 22:00:00,148.57,149.66,148.56,149.19,54755.603,2025-04-26 22:59:59.999,8171235.52802,43967,35078.72,5234523.70162
2025-04-26 23:00:00,149.18,149.37,148.72,149.21,45402.35,2025-04-26 23:59:59.999,6766441.53616,30103,27062.599,4033757.07856
2025-04-27 00:00:00,149.22,150.41,149.0,149.67,86878.246,2025-04-27 00:59:59.999,13016609.24683,71106,51602.52,7730585.17494
2025-04-27 01:00:00,149.67,150.24,146.21,146.34,219295.152,2025-04-27 01:59:59.999,32461596.55468,141032,86853.043,12860827.40446
2025-04-27 02:00:00,146.34,147.83,146.07,147.1,79306.026,2025-04-27 02:59:59.999,11662569.3667,64490,41876.307,6159516.35903
2025-04-27 03:00:00,147.09,147.56,146.61,147.55,66776.375,2025-04-27 03:59:59.999,9824173.92906,49955,33370.924,4910169.0957
2025-04-27 04:00:00,147.56,147.88,146.36,146.45,52488.73,2025-04-27 04:59:59.999,7720230.28504,46299,20527.502,3019518.32422
2025-04-27 05:00:00,146.46,146.91,145.51,146.33,97125.796,2025-04-27 05:59:59.999,14194905.88285,71464,39766.586,5813739.5885
2025-04-27 06:00:00,146.34,147.07,146.26,147.01,53002.418,2025-04-27 06:59:59.999,7777339.61947,39160,23574.148,3459136.02941
2025-04-27 07:00:00,147.01,147.78,146.81,147.43,44548.011,2025-04-27 07:59:59.999,6565167.85316,37938,18944.525,2792178.15334
2025-04-27 08:00:00,147.43,148.65,147.35,148.36,55420.558,2025-04-27 08:59:59.999,8208594.44292,49533,30734.219,4552935.36577
2025-04-27 09:00:00,148.37,148.65,148.08,148.41,36377.06,2025-04-27 09:59:59.999,5398199.01316,34356,18460.503,2739869.96755
2025-04-27 10:00:00,148.41,148.63,148.0,148.63,40261.294,2025-04-27 10:59:59.999,5971223.05388,31546,21473.907,3185328.22238
2025-04-27 11:00:00,148.63,148.77,147.95,147.95,40595.549,2025-04-27 11:59:59.999,6020758.53792,33768,18351.026,2722158.68153
2025-04-27 12:00:00,147.96,149.03,147.26,147.83,89879.569,2025-04-27 12:59:59.999,13290592.37988,68714,44995.323,6653661.81297
2025-04-27 13:00:00,147.83,149.38,147.0,149.05,112499.518,2025-04-27 13:59:59.999,16684194.53737,92526,57334.634,8507149.96674
2025-04-27 14:00:00,149.06,149.75,148.74,148.96,72378.112,2025-04-27 14:59:59.999,10802954.08022,69318,38344.063,5722744.19113
2025-04-27 15:00:00,148.97,149.63,148.55,149.01,53230.221,2025-04-27 15:59:59.999,7933890.94387,55683,25622.558,3819345.42122
2025-04-27 16:00:00,149.02,149.53,148.2,148.57,62524.907,2025-04-27 16:59:59.999,9304501.42242,50827,24407.64,3632880.75957
2025-04-27 17:00:00,148.57,149.28,148.32,149.18,39177.53,2025-04-27 17:59:59.999,5834052.29735,44240,20203.027,3008452.29945
2025-04-27 18:00:00,149.18,150.25,148.93,149.73,52656.125,2025-04-27 18:59:59.999,7883460.43973,43998,31248.533,4678982.42779
2025-04-27 19:00:00,149.73,150.09,149.46,150.03,39740.914,2025-04-27 19:59:59.999,5954341.44622,36315,22782.824,3413773.16014
2025-04-27 20:00:00,150.02,150.1,148.74,148.75,47013.925,2025-04-27 20:59:59.999,7021999.20819,40328,16245.817,2425919.19178
2025-04-27 21:00:00,148.74,149.73,148.49,149.34,41336.811,2025-04-27 21:59:59.999,6162875.09801,31177,18778.232,2799799.91973
2025-04-27 22:00:00,149.34,149.34,147.83,148.54,62735.323,2025-04-27 22:59:59.999,9315873.0392,54531,23649.506,3512648.61854
2025-04-27 23:00:00,148.54,148.68,147.91,147.98,54729.721,2025-04-27 23:59:59.999,8115065.40287,39541,21831.12,3237829.54199
2025-04-28 00:00:00,147.97,148.52,146.78,147.04,131792.614,2025-04-28 00:59:59.999,19438521.41884,105502,63821.125,9413901.9957
2025-04-28 01:00:00,147.05,147.39,144.63,144.98,194276.432,2025-04-28 01:59:59.999,28308684.6715,132541,79440.895,11576242.88489
2025-04-28 02:00:00,144.98,146.23,144.63,146.08,141419.566,2025-04-28 02:59:59.999,20596944.12544,77016,83321.003,12139025.25748
2025-04-28 03:00:00,146.09,149.6,145.58,148.39,157388.434,2025-04-28 03:59:59.999,23245268.6404,96420,83641.214,12350545.25418
2025-04-28 04:00:00,148.38,149.54,148.38,148.72,69594.656,2025-04-28 04:59:59.999,10367589.48049,55001,36074.281,5374426.64854
2025-04-28 05:00:00,148.72,149.85,148.65,149.74,78467.27,2025-04-28 05:59:59.999,11711559.08119,56158,43066.148,6428183.94011
2025-04-28 06:00:00,149.74,151.37,149.63,150.78,111925.253,2025-04-28 06:59:59.999,16835878.24975,73390,65107.74,9792223.01979
2025-04-28 07:00:00,150.79,151.5,150.56,151.09,86157.452,2025-04-28 07:59:59.999,13018301.54778,64215,36006.058,5440771.85846
2025-04-28 08:00:00,151.09,151.81,150.88,151.49,90258.801,2025-04-28 08:59:59.999,13657712.0721,53659,46781.211,7082100.09631
2025-04-28 09:00:00,151.5,151.92,151.26,151.59,98711.513,2025-04-28 09:59:59.999,14966019.76722,59599,47332.158,7177454.66773
2025-04-28 10:00:00,151.59,153.4,148.97,152.46,657356.213,2025-04-28 10:59:59.999,99600328.70164,248638,329541.929,49935710.50676
2025-04-28 11:00:00,152.47,152.91,151.42,151.7,145650.559,2025-04-28 11:59:59.999,22181811.72689,81582,74368.268,11329869.885
2025-04-28 12:00:00,151.69,151.84,150.62,150.63,102514.256,2025-04-28 12:59:59.999,15488707.21491,68289,43613.107,6589831.01213
2025-04-28 13:00:00,150.64,150.97,147.82,148.08,231904.717,2025-04-28 13:59:59.999,34603067.34422,119186,102985.373,15360431.79488
2025-04-28 14:00:00,148.08,148.87,146.98,147.32,202602.018,2025-04-28 14:59:59.999,29984263.06978,107795,90631.166,13414873.81501
2025-04-28 15:00:00,147.32,147.63,145.54,146.34,245637.07,2025-04-28 15:59:59.999,35929877.38049,126039,125938.259,18419211.15068
2025-04-28 16:00:00,146.33,146.75,145.38,146.17,192536.349,2025-04-28 16:59:59.999,28145319.25816,89645,88898.453,12994767.11871
2025-04-28 17:00:00,146.17,147.24,145.84,147.07,96509.599,2025-04-28 17:59:59.999,14135232.1273,56705,52963.398,7760230.85641
2025-04-28 18:00:00,147.07,147.07,146.32,146.68,79400.776,2025-04-28 18:59:59.999,11648892.78662,50175,37339.644,5478780.0011
2025-04-28 19:00:00,146.67,148.88,146.56,148.43,119227.998,2025-04-28 19:59:59.999,17638043.19891,77222,65028.441,9615902.31177
2025-04-28 20:00:00,148.42,148.45,146.54,147.01,91722.505,2025-04-28 20:59:59.999,13516235.73689,56838,34880.779,5139772.36393
2025-04-28 21:00:00,147.01,147.76,146.9,147.73,52660.031,2025-04-28 21:59:59.999,7754771.82268,29659,23290.163,3430526.93042
2025-04-28 22:00:00,147.73,148.22,147.13,147.95,65352.064,2025-04-28 22:59:59.999,9652319.51336,45259,32570.698,4811416.49942
2025-04-28 23:00:00,147.95,148.33,147.6,147.84,64884.299,2025-04-28 23:59:59.999,9598077.47824,41537,33487.544,4953469.43518
2025-04-29 00:00:00,147.84,148.62,147.23,148.19,87729.454,2025-04-29 00:59:59.999,12977784.89344,53854,48745.661,7211890.69441
2025-04-29 01:00:00,148.19,149.21,147.44,148.26,135724.369,2025-04-29 01:59:59.999,20140000.39746,85715,69966.159,10383928.43263
2025-04-29 02:00:00,148.27,148.39,146.92,147.53,130475.058,2025-04-29 02:59:59.999,19269355.08848,72290,61501.976,9084512.96006
2025-04-29 03:00:00,147.52,147.79,147.19,147.47,65008.708,2025-04-29 03:59:59.999,9589756.78952,40697,36417.851,5372340.79547
2025-04-29 04:00:00,147.46,148.05,146.22,146.35,93731.799,2025-04-29 04:59:59.999,13782192.46289,54119,42227.861,6213474.85576
2025-04-29 05:00:00,146.36,146.8,145.55,146.64,95478.948,2025-04-29 05:59:59.999,13959211.61568,53834,46826.837,6847261.39894
2025-04-29 06:00:00,146.63,148.25,146.58,147.98,90247.246,2025-04-29 06:59:59.999,13331574.55167,50847,41773.526,6170566.6524
2025-04-29 07:00:00,147.98,148.96,147.92,148.88,76928.876,2025-04-29 07:59:59.999,11422428.83863,43801,36998.559,5493733.90681
2025-04-29 08:00:00,148.88,149.5,148.64,149.33,111097.89,2025-04-29 08:59:59.999,16557023.88032,56560,55507.935,8273588.76718
2025-04-29 09:00:00,149.32,149.44,148.62,149.1,80214.089,2025-04-29 09:59:59.999,11952509.19005,46247,33122.827,4935801.11576
2025-04-29 10:00:00,149.09,149.24,147.61,148.25,115748.997,2025-04-29 10:59:59.999,17194539.74358,58353,42590.559,6329868.8337
2025-04-29 11:00:00,148.25,149.15,148.14,149.0,72370.712,2025-04-29 11:59:59.999,10772029.7926,42240,35248.012,5246413.03498
2025-04-29 12:00:00,148.99,149.24,147.79,147.8,78257.69,2025-04-29 12:59:59.999,11606141.14786,44910,31865.304,4727284.97385
2025-04-29 13:00:00,147.8,148.04,146.93,147.61,129934.874,2025-04-29 13:59:59.999,19165955.13428,78506,69878.038,10308404.60566
2025-04-29 14:00:00,147.62,148.38,146.86,148.25,146665.878,2025-04-29 14:59:59.999,21651717.07837,87149,76151.084,11242847.20231
2025-04-29 15:00:00,148.26,148.5,147.41,148.02,72749.401,2025-04-29 15:59:59.999,10766930.08263,50768,35385.993,5237181.71938
2025-04-29 16:00:00,148.01,149.75,147.86,148.39,137582.994,2025-04-29 16:59:59.999,20475138.91261,79645,70704.033,10523413.44246
2025-04-29 17:00:00,148.38,149.08,147.7,148.78,87820.358,2025-04-29 17:59:59.999,13047498.88081,59608,44087.888,6551405.78516
2025-04-29 18:00:00,148.78,150.39,148.45,149.87,117880.026,2025-04-29 18:59:59.999,17623894.7675,62124,74168.947,11093048.4766
2025-04-29 19:00:00,149.87,150.3,149.09,149.29,81450.35,2025-04-29 19:59:59.999,12192849.68093,55318,43833.72,6562389.88952
2025-04-29 20:00:00,149.28,149.52,148.16,148.57,43605.63,2025-04-29 20:59:59.999,6483353.1341,37005,20615.008,3065145.18474
2025-04-29 21:00:00,148.56,148.83,145.84,147.26,180744.271,2025-04-29 21:59:59.999,26547396.05468,91586,71000.859,10429668.55435
2025-04-29 22:00:00,147.26,147.26,145.85,146.04,93159.1,2025-04-29 22:59:59.999,13642146.8741,53526,38586.267,5649894.39064
2025-04-29 23:00:00,146.04,146.69,145.0,146.31,174385.774,2025-04-29 23:59:59.999,25389616.07289,73927,73112.213,10656598.20414
2025-04-30 00:00:00,146.3,147.07,145.95,146.72,95568.954,2025-04-30 00:59:59.999,14008968.2812,54256,45402.165,6656658.46477
2025-04-30 01:00:00,146.72,146.79,145.06,146.15,89736.897,2025-04-30 01:59:59.999,13085759.85784,54345,40082.778,5845335.94601
2025-04-30 02:00:00,146.15,147.3,145.8,146.97,96031.466,2025-04-30 02:59:59.999,14066514.0705,57359,59681.41,8743131.67253
2025-04-30 03:00:00,146.97,148.67,146.21,148.17,144436.421,2025-04-30 03:59:59.999,21304219.08293,76340,79621.769,11747074.38355
2025-04-30 04:00:00,148.17,148.38,147.24,147.53,66568.637,2025-04-30 04:59:59.999,9833635.92292,50081,33714.947,4981889.30243
2025-04-30 05:00:00,147.53,147.57,146.89,147.08,50569.728,2025-04-30 05:59:59.999,7441472.29313,34593,27078.343,3984390.39382
2025-04-30 06:00:00,147.09,147.86,146.77,147.0,59308.387,2025-04-30 06:59:59.999,8733911.85739,34741,30494.298,4491942.98503
2025-04-30 07:00:00,147.0,147.32,146.11,146.4,70939.439,2025-04-30 07:59:59.999,10401093.36088,44218,30863.11,4524572.77151
2025-04-30 08:00:00,146.39,147.0,146.04,146.74,46533.726,2025-04-30 08:59:59.999,6819497.05939,42734,23586.108,3456771.28453
2025-04-30 09:00:00,146.75,147.49,146.74,147.23,41342.933,2025-04-30 09:59:59.999,6086312.64706,34220,17954.932,2643101.44568
2025-04-30 10:00:00,147.24,147.72,146.91,147.56,44952.934,2025-04-30 10:59:59.999,6619679.9376,32248,17236.746,2538647.24775
2025-04-30 11:00:00,147.56,148.0,147.46,147.94,42821.344,2025-04-30 11:59:59.999,6326744.35438,33379,19819.887,2928516.10392
2025-04-30 12:00:00,147.93,147.99,144.25,144.82,232328.357,2025-04-30 12:59:59.999,33848077.63936,126310,82306.037,11985921.10893
2025-04-30 13:00:00,144.83,144.96,140.32,140.69,414757.559,2025-04-30 13:59:59.999,59049910.43978,264258,182336.086,25963156.10557
2025-04-30 14:00:00,140.69,143.37,140.46,141.93,284819.248,2025-04-30 14:59:59.999,40457798.62937,185972,165023.115,23445022.82314
2025-04-30 15:00:00,141.93,142.95,141.92,142.22,124888.688,2025-04-30 15:59:59.999,17790538.79402,82477,63846.947,9095163.7587
2025-04-30 16:00:00,142.21,143.24,141.37,143.06,138281.869,2025-04-30 16:59:59.999,19668048.76182,85612,71397.299,10156233.9921
2025-04-30 17:00:00,143.05,145.06,142.62,144.69,120170.19,2025-04-30 17:59:59.999,17285278.29623,74559,64947.133,9343245.73765
2025-04-30 18:00:00,144.69,146.06,144.54,145.59,138191.715,2025-04-30 18:59:59.999,20094235.51099,100994,67273.125,9781247.48758
2025-04-30 19:00:00,145.6,146.05,144.41,145.62,93667.641,2025-04-30 19:59:59.999,13611746.90219,67596,43477.925,6320792.94005
2025-04-30 20:00:00,145.62,147.4,145.36,147.01,136565.183,2025-04-30 20:59:59.999,20044786.96598,91437,70983.016,10417411.89492
2025-04-30 21:00:00,147.0,147.55,146.27,146.41,96015.148,2025-04-30 21:59:59.999,14105220.2587,46916,53836.254,7912850.3377
2025-04-30 22:00:00,146.41,147.45,146.36,147.12,65325.939,2025-04-30 22:59:59.999,9601323.46118,49682,31653.937,4652673.07589
2025-04-30 23:00:00,147.13,148.12,146.94,147.54,86993.96,2025-04-30 23:59:59.999,12847689.97045,55120,47557.733,7023507.14805
2025-05-01 00:00:00,147.54,148.45,147.54,147.97,77435.816,2025-05-01 00:59:59.999,11459594.35717,55799,37894.917,5608670.00773
2025-05-01 01:00:00,147.97,149.03,147.96,148.93,102611.555,2025-05-01 01:59:59.999,15251930.71963,56752,61994.594,9215172.18516
2025-05-01 02:00:00,148.93,149.62,148.58,148.68,105110.809,2025-05-01 02:59:59.999,15683418.28331,60272,55711.944,8314345.87257
2025-05-01 03:00:00,148.68,149.24,148.41,148.71,75896.295,2025-05-01 03:59:59.999,11294359.94568,48723,40117.147,5970857.08486
2025-05-01 04:00:00,148.71,149.03,147.99,148.52,64972.793,2025-05-01 04:59:59.999,9642989.78949,46261,34538.618,5127147.96049
2025-05-01 05:00:00,148.53,149.46,148.27,149.14,54375.91,2025-05-01 05:59:59.999,8097696.97446,44427,34932.693,5202141.46359
2025-05-01 06:00:00,149.14,149.28,148.25,148.71,43594.295,2025-05-01 06:59:59.999,6481496.16546,38074,19185.452,2852449.97785
2025-05-01 07:00:00,148.71,150.25,148.42,149.8,170326.486,2025-05-01 07:59:59.999,25495872.9572,47830,95395.984,14274657.78121
2025-05-01 08:00:00,149.79,151.0,149.56,150.72,106556.658,2025-05-01 08:59:59.999,16040496.33731,60625,59339.307,8931261.97816
2025-05-01 09:00:00,150.73,151.86,150.33,151.18,117923.871,2025-05-01 09:59:59.999,17830137.72904,68846,62767.501,9490963.58116
2025-05-01 10:00:00,151.18,152.2,151.18,152.02,162267.063,2025-05-01 10:59:59.999,24623619.77828,87510,90217.625,13691890.52223
2025-05-01 11:00:00,152.02,152.47,151.45,151.75,99713.359,2025-05-01 11:59:59.999,15155233.91786,57241,48847.53,7425073.4732
2025-05-01 12:00:00,151.75,152.28,151.24,152.07,112349.449,2025-05-01 12:59:59.999,17056337.87398,55880,52188.845,7924378.20604
2025-05-01 13:00:00,152.07,152.55,150.62,150.62,208419.645,2025-05-01 13:59:59.999,31617783.42651,100315,116593.974,17697958.32291
2025-05-01 14:00:00,150.63,153.18,150.63,153.01,292992.793,2025-05-01 14:59:59.999,44568458.38512,110340,177821.604,27050700.21935
2025-05-01 15:00:00,153.01,153.99,151.56,151.8,253680.19,2025-05-01 15:59:59.999,38780694.33229,128941,131102.803,20047159.55515
2025-05-01 16:00:00,151.8,152.86,151.61,151.66,126652.374,2025-05-01 16:59:59.999,19276646.5489,70542,72995.672,11110854.7673
2025-05-01 17:00:00,151.66,152.73,151.0,151.28,426407.785,2025-05-01 17:59:59.999,64695456.01196,79028,222972.754,33793170.15407
2025-05-01 18:00:00,151.29,151.38,150.04,151.1,142928.504,2025-05-01 18:59:59.999,21534285.35024,64918,62454.032,9413183.04336
2025-05-01 19:00:00,151.1,151.15,150.15,150.26,79072.402,2025-05-01 19:59:59.999,11917152.6798,57739,44336.283,6682728.97461
2025-05-01 20:00:00,150.26,150.79,149.87,150.2,80330.9,2025-05-01 20:59:59.999,12067461.60571,56727,38702.523,5815712.79796
2025-05-01 21:00:00,150.21,150.96,150.17,150.51,50585.747,2025-05-01 21:59:59.999,7619388.57123,26629,29364.841,4423197.90249
2025-05-01 22:00:00,150.51,150.73,150.04,150.24,32654.329,2025-05-01 22:59:59.999,4910110.26594,35537,14106.123,2121261.17853
2025-05-01 23:00:00,150.25,150.9,150.0,150.85,50422.426,2025-05-01 23:59:59.999,7589203.20944,35473,25293.273,3807275.53698
2025-05-02 00:00:00,150.85,151.7,150.52,151.46,90394.83,2025-05-02 00:59:59.999,13664089.95566,49074,56409.968,8528092.98011
2025-05-02 01:00:00,151.45,151.72,150.1,150.53,143982.32,2025-05-02 01:59:59.999,21685161.68942,53651,65404.998,9849127.3016
2025-05-02 02:00:00,150.52,151.0,149.99,150.61,71334.0,2025-05-02 02:59:59.999,10727907.71853,42914,34311.428,5163541.72557
2025-05-02 03:00:00,150.62,150.91,150.1,150.78,65321.36,2025-05-02 03:59:59.999,9833767.82545,36917,37607.841,5662120.32271
2025-05-02 04:00:00,150.78,151.05,150.12,150.18,80071.94,2025-05-02 04:59:59.999,12063454.89162,46347,41842.102,6304362.31556
2025-05-02 05:00:00,150.18,150.35,149.36,149.51,119635.914,2025-05-02 05:59:59.999,17922681.22506,46531,75064.343,11244842.53617
2025-05-02 06:00:00,149.51,149.75,148.55,148.99,125183.204,2025-05-02 06:59:59.999,18667692.74081,62633,45136.89,6731893.91929
2025-05-02 07:00:00,148.98,149.18,148.37,148.52,87917.262,2025-05-02 07:59:59.999,13083487.95377,55172,41636.558,6197086.70394
2025-05-02 08:00:00,148.52,149.62,148.4,149.33,64615.344,2025-05-02 08:59:59.999,9645831.04544,47449,38069.182,5682654.15088
2025-05-02 09:00:00,149.32,149.81,149.11,149.46,32287.837,2025-05-02 09:59:59.999,4829417.44864,28956,17320.317,2590865.82665
2025-05-02 10:00:00,149.46,150.29,149.45,149.92,65146.196,2025-05-02 10:59:59.999,9774643.30916,39160,33604.26,5042165.50553
2025-05-02 11:00:00,149.93,150.81,149.93,150.73,79452.516,2025-05-02 11:59:59.999,11957447.1966,38256,30276.645,4555161.36329
2025-05-02 12:00:00,150.72,150.99,149.28,150.94,139803.136,2025-05-02 12:59:59.999,21020892.35854,66019,61793.84,9293200.97953
2025-05-02 13:00:00,150.94,151.0,150.15,150.58,143477.721,2025-05-02 13:59:59.999,21606681.93996,79778,68616.481,10333817.6083
2025-05-02 14:00:00,150.59,151.91,150.58,151.56,151276.718,2025-05-02 14:59:59.999,22885370.04821,92191,90360.386,13670111.47641
2025-05-02 15:00:00,151.57,151.77,149.62,149.88,122968.929,2025-05-02 15:59:59.999,18497669.09758,80114,53712.52,8075835.03191
2025-05-02 16:00:00,149.89,151.43,149.89,150.19,109658.005,2025-05-02 16:59:59.999,16543326.07117,71717,63568.598,9590083.11862
2025-05-02 17:00:00,150.19,150.31,149.47,149.83,92664.587,2025-05-02 17:59:59.999,13885121.50407,55158,46957.744,7035653.19082
2025-05-02 18:00:00,149.83,150.5,149.5,149.54,60325.897,2025-05-02 18:59:59.999,9049800.08276,41817,36399.711,5461085.42326
2025-05-02 19:00:00,149.53,149.53,147.7,148.08,151618.791,2025-05-02 19:59:59.999,22500312.16835,66101,59503.333,8831579.55766
2025-05-02 20:00:00,148.09,148.4,147.4,148.28,64269.408,2025-05-02 20:59:59.999,9514522.51662,43758,33280.325,4928721.09737
2025-05-02 21:00:00,148.28,148.65,147.3,147.69,72087.446,2025-05-02 21:59:59.999,10673396.80946,31179,38198.737,5659667.64861
2025-05-02 22:00:00,147.68,147.92,147.33,147.73,46469.046,2025-05-02 22:59:59.999,6860281.49599,35859,19271.311,2845590.6377
2025-05-02 23:00:00,147.73,148.12,147.63,148.05,36300.666,2025-05-02 23:59:59.999,5369099.86711,33843,18839.031,2786531.54007
2025-05-03 00:00:00,148.04,148.47,147.74,148.1,65608.818,2025-05-03 00:59:59.999,9716515.52366,33178,26094.952,3865319.75683
2025-05-03 01:00:00,148.11,148.22,147.52,148.03,47740.169,2025-05-03 01:59:59.999,7057936.61773,35424,21521.228,3181719.77061
2025-05-03 02:00:00,148.03,149.0,147.98,148.77,50257.293,2025-05-03 02:59:59.999,7466497.93912,33239,28848.278,4285623.19068
2025-05-03 03:00:00,148.77,149.05,148.04,148.3,46660.09,2025-05-03 03:59:59.999,6929301.0003,32942,23875.13,3546205.22615
2025-05-03 04:00:00,148.3,148.58,148.1,148.1,26962.819,2025-05-03 04:59:59.999,3999611.92616,24105,14871.171,2206122.54023
2025-05-03 05:00:00,148.11,148.18,147.6,147.74,35662.348,2025-05-03 05:59:59.999,5275250.0232,21295,16933.858,2505391.26123
2025-05-03 06:00:00,147.75,147.91,147.39,147.82,46497.964,2025-05-03 06:59:59.999,6865995.42528,28754,26519.18,3916071.79122
2025-05-03 07:00:00,147.83,148.16,147.38,148.08,67829.21,2025-05-03 07:59:59.999,10020986.68543,28248,49464.529,7308713.61107
2025-05-03 08:00:00,148.08,148.4,147.65,147.89,67368.654,2025-05-03 08:59:59.999,9970635.12815,26154,49594.515,7340171.08071
2025-05-03 09:00:00,147.89,147.98,146.89,147.27,77806.655,2025-05-03 09:59:59.999,11471519.55439,33209,46386.932,6840457.69053
2025-05-03 10:00:00,147.27,147.64,146.68,146.78,111347.376,2025-05-03 10:59:59.999,16384079.43151,53033,52075.982,7665151.66938
2025-05-03 11:00:00,146.79,147.39,146.77,147.14,47180.073,2025-05-03 11:59:59.999,6939687.35668,30422,19749.369,2904789.63686
2025-05-03 12:00:00,147.14,148.12,147.13,148.09,58777.096,2025-05-03 12:59:59.999,8685819.7389,32938,21728.706,3210451.85783
2025-05-03 13:00:00,148.09,148.56,148.07,148.42,94527.909,2025-05-03 13:59:59.999,14019399.5418,41658,39644.002,5879830.80743
2025-05-03 14:00:00,148.42,148.84,148.08,148.49,75045.722,2025-05-03 14:59:59.999,11140389.7915,36834,27989.049,4156313.11011
2025-05-03 15:00:00,148.49,149.0,148.35,148.46,79519.959,2025-05-03 15:59:59.999,11823480.32691,37911,32377.051,4814319.82635
2025-05-03 16:00:00,148.47,148.47,147.26,147.38,76224.539,2025-05-03 16:59:59.999,11268690.86582,46015,24843.978,3672130.6765
2025-05-03 17:00:00,147.38,147.38,145.82,146.81,107196.698,2025-05-03 17:59:59.999,15686624.39287,70819,45296.89,6627960.43678
2025-05-03 18:00:00,146.81,147.38,146.44,146.7,46372.376,2025-05-03 18:59:59.999,6807522.20104,33057,25081.586,3682807.07998
2025-05-03 19:00:00,146.69,147.48,146.53,147.42,36929.349,2025-05-03 19:59:59.999,5433171.09298,29378,26196.616,3854063.62612
2025-05-03 20:00:00,147.42,147.77,147.17,147.5,34895.419,2025-05-03 20:59:59.999,5144748.94436,23760,22019.84,3246522.66422
2025-05-03 21:00:00,147.5,147.91,146.92,147.62,41385.785,2025-05-03 21:59:59.999,6104945.13165,28026,27574.229,4067331.32922
2025-05-03 22:00:00,147.62,147.74,147.29,147.37,29056.379,2025-05-03 22:59:59.999,4285621.44172,24448,16695.042,2462308.41021
2025-05-03 23:00:00,147.37,147.37,146.63,146.71,35730.86,2025-05-03 23:59:59.999,5248847.65367,23981,16383.037,2406938.31039
2025-05-04 00:00:00,146.71,147.09,146.02,146.41,51403.69,2025-05-04 00:59:59.999,7535424.41214,35460,21462.592,3146858.37261
2025-05-04 01:00:00,146.41,147.22,145.88,147.05,50071.762,2025-05-04 01:59:59.999,7341040.33092,42900,26282.555,3854227.76559
2025-05-04 02:00:00,147.05,147.71,146.05,146.34,38822.738,2025-05-04 02:59:59.999,5701874.96397,43170,19413.967,2851431.24195
2025-05-04 03:00:00,146.33,146.33,145.5,145.61,49714.68,2025-05-04 03:59:59.999,7252638.30749,34718,20194.64,2946398.19598
2025-05-04 04:00:00,145.61,145.93,145.22,145.44,40383.914,2025-05-04 04:59:59.999,5876753.50977,32044,20760.755,3021141.95614
2025-05-04 05:00:00,145.45,146.54,145.35,146.24,62616.068,2025-05-04 05:59:59.999,9148385.25795,42384,39591.341,5783438.12656
2025-05-04 06:00:00,146.24,146.37,145.56,145.65,59740.922,2025-05-04 06:59:59.999,8713155.28034,36769,39557.257,5770014.07594
2025-05-04 07:00:00,145.65,146.01,145.17,145.62,72624.733,2025-05-04 07:59:59.999,10565362.33552,34124,44209.787,6431726.96626
2025-05-04 08:00:00,145.62,145.96,145.07,145.32,90330.945,2025-05-04 08:59:59.999,13140655.43961,42702,39844.876,5797783.06709
2025-05-04 09:00:00,145.31,145.32,144.68,144.92,78633.926,2025-05-04 09:59:59.999,11400175.09786,48992,31488.525,4565451.62756
2025-05-04 10:00:00,144.92,145.57,144.75,145.44,59327.287,2025-05-04 10:59:59.999,8615400.35425,36908,28952.452,4205027.68391
2025-05-04 11:00:00,145.43,146.01,145.18,145.45,160146.93,2025-05-04 11:59:59.999,23330906.97547,39924,60483.935,8813261.03303
2025-05-04 12:00:00,145.46,146.07,145.45,145.54,33626.885,2025-05-04 12:59:59.999,4901766.07514,26588,15872.482,2313747.30817
2025-05-04 13:00:00,145.54,145.84,144.94,145.6,45689.009,2025-05-04 13:59:59.999,6642916.43195,35085,16352.539,2377868.81585
2025-05-04 14:00:00,145.59,146.68,145.52,146.51,72268.197,2025-05-04 14:59:59.999,10569098.8909,40557,29144.01,4262289.12746
2025-05-04 15:00:00,146.52,147.27,146.44,146.84,90286.234,2025-05-04 15:59:59.999,13261391.77453,49295,31472.265,4622592.08695
2025-05-04 16:00:00,146.83,147.15,146.46,146.83,72472.443,2025-05-04 16:59:59.999,10646404.17236,39540,22974.2,3375058.26419
2025-05-04 17:00:00,146.83,147.36,146.36,147.17,67116.801,2025-05-04 17:59:59.999,9861197.09379,39855,29777.243,4376190.66218
2025-05-04 18:00:00,147.17,147.81,146.55,146.56,58644.336,2025-05-04 18:59:59.999,8636446.80409,45583,31576.974,4651392.32166
2025-05-04 19:00:00,146.56,146.8,146.0,146.18,52124.828,2025-05-04 19:59:59.999,7628010.79295,38833,27496.861,4024079.31694
2025-05-04 20:00:00,146.18,147.14,146.1,146.95,49782.344,2025-05-04 20:59:59.999,7300326.07339,30053,32859.437,4817334.39492
2025-05-04 21:00:00,146.96,147.1,146.43,147.09,30606.04,2025-05-04 21:59:59.999,4491894.15657,18096,16604.02,2437120.98302
2025-05-04 22:00:00,147.09,147.14,145.01,145.16,92766.472,2025-05-04 22:59:59.999,13534945.78548,66980,39336.76,5742687.02974
2025-05-04 23:00:00,145.16,145.23,143.5,143.95,134157.369,2025-05-04 23:59:59.999,19345901.72389,69848,47480.823,6845972.11929
2025-05-05 00:00:00,143.94,145.44,143.74,145.16,71037.777,2025-05-05 00:59:59.999,10280885.48881,58671,40549.894,5868417.75756
2025-05-05 01:00:00,145.16,145.23,142.87,143.21,115888.959,2025-05-05 01:59:59.999,16650320.96845,84328,57213.904,8220383.74066
2025-05-05 02:00:00,143.22,145.05,142.5,144.76,118890.913,2025-05-05 02:59:59.999,17117579.27103,79099,71127.296,10246265.23864
2025-05-05 03:00:00,144.76,145.3,144.33,144.91,49369.853,2025-05-05 03:59:59.999,7149549.65188,35791,23816.47,3448998.46805
2025-05-05 04:00:00,144.91,146.52,144.89,146.32,93885.816,2025-05-05 04:59:59.999,13699592.44258,53348,58904.383,8592967.48701
2025-05-05 05:00:00,146.33,147.14,146.03,147.02,55840.665,2025-05-05 05:59:59.999,8181994.62038,39833,30780.562,4510991.91207
2025-05-05 06:00:00,147.02,147.36,146.59,146.79,67398.545,2025-05-05 06:59:59.999,9898094.92103,38409,33204.804,4876518.18879
2025-05-05 07:00:00,146.8,147.23,146.53,146.88,59821.326,2025-05-05 07:59:59.999,8784304.05202,35068,26250.54,3854416.42844
2025-05-05 08:00:00,146.88,147.05,146.34,146.6,46994.717,2025-05-05 08:59:59.999,6893281.05895,36063,26413.042,3874478.16161
2025-05-05 09:00:00,146.61,146.78,146.08,146.11,44781.266,2025-05-05 09:59:59.999,6558711.52119,26452,28853.829,4226641.28287
2025-05-05 10:00:00,146.11,146.19,143.7,144.19,105468.611,2025-05-05 10:59:59.999,15283409.59116,57933,57863.362,8384643.74231
2025-05-05 11:00:00,144.18,144.63,143.56,144.19,77156.853,2025-05-05 11:59:59.999,11123718.65259,52124,40231.327,5800601.21434
2025-05-05 12:00:00,144.18,145.0,143.87,144.63,66316.539,2025-05-05 12:59:59.999,9586937.61244,49749,36981.042,5346251.65241
2025-05-05 13:00:00,144.62,144.92,143.41,144.91,100561.783,2025-05-05 13:59:59.999,14504434.68786,90201,48720.029,7029174.30408
2025-05-05 14:00:00,144.91,145.42,144.11,144.53,136595.141,2025-05-05 14:59:59.999,19773954.4298,83947,59472.979,8611690.89162
2025-05-05 15:00:00,144.53,144.79,143.16,143.76,85483.393,2025-05-05 15:59:59.999,12313560.88452,70837,31829.442,4584163.1134
2025-05-05 16:00:00,143.76,145.43,143.68,145.01,90855.129,2025-05-05 16:59:59.999,13154604.388,66897,42160.512,6103021.66949
2025-05-05 17:00:00,145.0,146.05,144.69,145.8,88722.779,2025-05-05 17:59:59.999,12904352.40966,51897,46236.25,6726568.53967
2025-05-05 18:00:00,145.8,147.14,145.62,146.7,115656.639,2025-05-05 18:59:59.999,16944169.75658,55773,61940.44,9076970.094
2025-05-05 19:00:00,146.7,147.08,146.36,146.48,111908.917,2025-05-05 19:59:59.999,16432387.20448,56716,64896.135,9531725.94153
2025-05-05 20:00:00,146.48,146.6,144.95,145.59,68065.452,2025-05-05 20:59:59.999,9926263.25295,55480,25558.748,3728023.99813
2025-05-05 21:00:00,145.59,147.02,145.56,146.69,59255.177,2025-05-05 21:59:59.999,8681264.04399,40738,30824.673,4515389.72227
2025-05-05 22:00:00,146.68,147.73,146.67,147.34,71117.143,2025-05-05 22:59:59.999,10471811.58833,44624,40965.048,6033446.99577
2025-05-05 23:00:00,147.33,147.57,146.57,146.72,129922.408,2025-05-05 23:59:59.999,19095833.74555,34905,75748.167,11131022.62213
2025-05-06 00:00:00,146.72,146.83,145.79,146.13,143750.222,2025-05-06 00:59:59.999,21026814.47754,43646,91075.381,13321244.0548
2025-05-06 01:00:00,146.14,146.45,144.64,144.75,63502.574,2025-05-06 01:59:59.999,9245615.25978,56678,33312.685,4851016.04796
2025-05-06 02:00:00,144.75,144.99,143.8,144.41,89627.298,2025-05-06 02:59:59.999,12936624.71881,61779,44855.326,6475103.95606
2025-05-06 03:00:00,144.4,144.83,144.13,144.63,70416.262,2025-05-06 03:59:59.999,10175118.26381,42576,40531.079,5856543.40561
2025-05-06 04:00:00,144.63,145.03,144.32,144.95,47911.402,2025-05-06 04:59:59.999,6934119.50798,30580,27295.998,3950992.31914
2025-05-06 05:00:00,144.95,145.26,144.4,144.5,40018.094,2025-05-06 05:59:59.999,5793230.97056,35096,14908.146,2158920.11918
2025-05-06 06:00:00,144.49,145.35,144.49,145.34,41344.283,2025-05-06 06:59:59.999,5993598.20683,30000,15421.344,2235618.32374
2025-05-06 07:00:00,145.34,145.88,144.93,145.28,75190.25,2025-05-06 07:59:59.999,10934214.18991,54457,33750.439,4907833.46908
2025-05-06 08:00:00,145.27,145.28,143.68,144.64,86649.97,2025-05-06 08:59:59.999,12501026.48758,61543,31876.42,4600309.73141
2025-05-06 09:00:00,144.63,144.63,143.51,144.35,53741.241,2025-05-06 09:59:59.999,7746258.0625,38125,25869.949,3728904.55371
2025-05-06 10:00:00,144.36,144.36,142.9,143.09,103465.73,2025-05-06 10:59:59.999,14845807.83356,61532,48489.456,6960015.10135
2025-05-06 11:00:00,143.08,143.65,142.0,142.57,180568.142,2025-05-06 11:59:59.999,25792617.50237,79940,74284.287,10614341.99675
2025-05-06 12:00:00,142.57,143.13,142.47,142.99,136081.636,2025-05-06 12:59:59.999,19437981.31379,58114,67386.847,9623667.53734
2025-05-06 13:00:00,142.98,143.04,141.41,141.93,140936.289,2025-05-06 13:59:59.999,20047430.62964,99965,68548.704,9753067.52116
2025-05-06 14:00:00,141.93,143.96,141.91,142.71,111940.594,2025-05-06 14:59:59.999,16018992.02956,88437,60335.426,8635005.25213
2025-05-06 15:00:00,142.7,143.94,142.14,143.18,73188.659,2025-05-06 15:59:59.999,10481645.69798,73185,36094.899,5170719.77779
2025-05-06 16:00:00,143.18,143.88,142.42,142.46,125352.76,2025-05-06 16:59:59.999,17941883.14095,83357,77662.13,11119102.55677
2025-05-06 17:00:00,142.47,144.37,142.45,143.67,89782.012,2025-05-06 17:59:59.999,12890465.80167,69172,51683.568,7420805.95308
2025-05-06 18:00:00,143.67,144.89,143.6,144.85,80569.659,2025-05-06 18:59:59.999,11637826.69109,55484,47141.451,6812922.22443
2025-05-06 19:00:00,144.84,145.28,144.54,144.85,85744.984,2025-05-06 19:59:59.999,12423575.6082,52248,42212.381,6116136.98465
2025-05-06 20:00:00,144.85,145.03,143.64,144.01,68320.911,2025-05-06 20:59:59.999,9858938.7008,42446,25849.266,3729221.36191
2025-05-06 21:00:00,144.01,144.65,143.52,144.49,74502.988,2025-05-06 21:59:59.999,10740317.79672,42090,31132.555,4487670.3479
2025-05-06 22:00:00,144.48,146.79,144.44,146.13,232424.065,2025-05-06 22:59:59.999,33956600.01538,113452,140708.007,20553055.83381
2025-05-06 23:00:00,146.12,147.23,145.57,146.88,137280.91,2025-05-06 23:59:59.999,20097332.41568,62071,69780.195,10217317.96696
2025-05-07 00:00:00,146.89,149.2,146.65,149.03,238302.046,2025-05-07 00:59:59.999,35325615.99168,105138,137116.875,20325228.30088
2025-05-07 01:00:00,149.04,149.54,148.06,148.34,107044.92,2025-05-07 01:59:59.999,15941895.41226,75403,44820.412,6676387.53593
2025-05-07 02:00:00,148.34,148.62,146.62,146.77,146669.123,2025-05-07 02:59:59.999,21668922.27567,68869,58329.705,8622404.91036
2025-05-07 03:00:00,146.78,146.83,145.43,146.24,84855.644,2025-05-07 03:59:59.999,12402859.03509,56296,42007.032,6139111.65112
2025-05-07 04:00:00,146.23,146.77,145.83,146.18,49183.018,2025-05-07 04:59:59.999,7195999.15755,33920,25734.658,3764795.54759
2025-05-07 05:00:00,146.18,146.26,145.43,145.55,37098.252,2025-05-07 05:59:59.999,5409416.66832,36189,18468.719,2693142.31335
2025-05-07 06:00:00,145.55,146.28,145.49,146.03,50480.066,2025-05-07 06:59:59.999,7368460.98,32681,20735.903,3026182.9517
2025-05-07 07:00:00,146.03,147.32,146.02,147.27,61004.103,2025-05-07 07:59:59.999,8948248.33153,36780,31352.302,4599948.83146
2025-05-07 08:00:00,147.27,147.96,146.93,147.84,96909.664,2025-05-07 08:59:59.999,14291967.1935,53314,53227.075,7852620.34295
2025-05-07 09:00:00,147.85,148.29,147.54,147.85,77439.999,2025-05-07 09:59:59.999,11454706.03259,40242,52475.901,7763436.16004
2025-05-07 10:00:00,147.85,147.94,147.37,147.76,44015.814,2025-05-07 10:59:59.999,6500665.32613,34995,17958.156,2652266.98092
2025-05-07 11:00:00,147.77,147.84,147.46,147.59,56823.479,2025-05-07 11:59:59.999,8388982.05088,41007,29496.973,4354598.52507
2025-05-07 12:00:00,147.6,147.74,146.8,147.19,118162.136,2025-05-07 12:59:59.999,17397455.9885,47871,78447.116,11549154.66019
2025-05-07 13:00:00,147.19,147.43,146.33,146.86,85176.719,2025-05-07 13:59:59.999,12504696.57372,57190,50889.792,7470236.72396
2025-05-07 14:00:00,146.87,147.53,145.8,146.08,87603.29,2025-05-07 14:59:59.999,12859965.56711,64412,54145.581,7951411.60092
2025-05-07 15:00:00,146.08,146.34,145.43,145.75,89783.896,2025-05-07 15:59:59.999,13100221.56934,58024,50958.024,7435505.90776
2025-05-07 16:00:00,145.75,146.45,145.1,146.23,90640.776,2025-05-07 16:59:59.999,13192102.91772,60785,61663.097,8973564.61297
2025-05-07 17:00:00,146.23,146.65,145.15,145.67,75637.681,2025-05-07 17:59:59.999,11042456.47751,53410,44768.346,6535108.43058
2025-05-07 18:00:00,145.66,147.34,144.68,146.6,212419.878,2025-05-07 18:59:59.999,30998496.08161,146992,118928.209,17359850.95595
2025-05-07 19:00:00,146.6,146.87,145.13,145.77,146493.11,2025-05-07 19:59:59.999,21421109.73882,105137,79740.324,11661568.46609
2025-05-07 20:00:00,145.77,146.37,145.48,146.36,39575.223,2025-05-07 20:59:59.999,5775024.97672,39060,18459.858,2693880.12134
2025-05-07 21:00:00,146.37,147.88,146.17,147.33,69245.535,2025-05-07 21:59:59.999,10185971.74821,41580,34548.033,5081677.62449
2025-05-07 22:00:00,147.34,147.99,147.19,147.77,131101.534,2025-05-07 22:59:59.999,19365221.34985,51221,63144.78,9327660.96088
2025-05-07 23:00:00,147.77,148.35,146.99,147.32,244900.378,2025-05-07 23:59:59.999,36169527.41656,47722,145957.308,21551768.43321
2025-05-08 00:00:00,147.32,148.9,147.08,148.83,93270.297,2025-05-08 00:59:59.999,13773908.88129,54260,40394.841,5971707.39488
2025-05-08 01:00:00,148.83,149.99,147.93,148.12,182672.595,2025-05-08 01:59:59.999,27224559.34293,107007,80214.781,11957729.96698
2025-05-08 02:00:00,148.13,150.32,148.04,149.82,155560.794,2025-05-08 02:59:59.999,23271883.68044,78588,81671.261,12219320.98501
2025-05-08 03:00:00,149.82,151.19,149.57,150.87,154814.474,2025-05-08 03:59:59.999,23275439.10757,86212,88141.479,13255607.29083
2025-05-08 04:00:00,150.88,151.97,150.76,150.87,357819.218,2025-05-08 04:59:59.999,54159957.90288,120080,155423.11,23533240.642
2025-05-08 05:00:00,150.87,151.33,149.97,150.16,234057.151,2025-05-08 05:59:59.999,35219129.04569,62891,123791.833,18627657.66665
2025-05-08 06:00:00,150.15,150.73,150.1,150.62,69556.494,2025-05-08 06:59:59.999,10462243.35214,33871,41075.775,6179615.76505
2025-05-08 07:00:00,150.63,151.95,150.55,151.57,124874.183,2025-05-08 07:59:59.999,18906177.78799,61914,64816.875,9813250.27634
2025-05-08 08:00:00,151.57,153.34,151.53,152.84,176545.961,2025-05-08 08:59:59.999,26934546.04883,70057,99948.178,15245795.78
2025-05-08 09:00:00,152.85,154.89,152.53,154.64,161631.718,2025-05-08 09:59:59.999,24793193.2257,66058,86948.147,13345846.61785
2025-05-08 10:00:00,154.64,155.28,154.37,154.88,191985.856,2025-05-08 10:59:59.999,29737686.79418,97972,91137.274,14117296.35153
2025-05-08 11:00:00,154.87,154.97,153.71,154.57,165342.732,2025-05-08 11:59:59.999,25519870.9541,67856,75133.757,11594352.58118
2025-05-08 12:00:00,154.57,155.85,154.18,154.58,182071.181,2025-05-08 12:59:59.999,28208954.37965,79261,105318.735,16321267.6259
2025-05-08 13:00:00,154.57,155.67,154.49,154.97,151152.683,2025-05-08 13:59:59.999,23430125.38596,95372,70864.725,10986436.51568
2025-05-08 14:00:00,154.98,158.65,154.26,157.07,458789.293,2025-05-08 14:59:59.999,71870020.13978,202217,291569.28,45657272.14826
2025-05-08 15:00:00,157.07,163.18,156.93,160.24,1011500.759,2025-05-08 15:59:59.999,161908232.31197,401972,604874.069,96846267.29183
2025-05-08 16:00:00,160.23,161.07,159.43,159.97,282552.977,2025-05-08 16:59:59.999,45237363.88868,165167,151312.038,24227302.29213
2025-05-08 17:00:00,159.97,160.26,158.52,158.71,339710.4,2025-05-08 17:59:59.999,54085757.65502,105036,190702.996,30355086.3824
2025-05-08 18:00:00,158.71,160.38,158.71,159.94,319305.271,2025-05-08 18:59:59.999,50974092.75028,95810,194179.666,30978473.67884
2025-05-08 19:00:00,159.94,160.75,159.7,160.53,163018.898,2025-05-08 19:59:59.999,26098689.03871,83927,82082.795,13141079.3827
2025-05-08 20:00:00,160.54,163.45,159.75,162.85,249654.604,2025-05-08 20:59:59.999,40342865.85588,135018,135970.414,21984436.39799
2025-05-08 21:00:00,162.85,164.0,160.18,160.95,455812.493,2025-05-08 21:59:59.999,73725982.23486,211312,182695.754,29570927.33762
2025-05-08 22:00:00,160.96,161.66,160.37,161.46,133310.608,2025-05-08 22:59:59.999,21467673.44258,90363,67507.765,10872189.64042
2025-05-08 23:00:00,161.47,164.6,161.1,164.46,225611.978,2025-05-08 23:59:59.999,36757976.77933,108002,108574.691,17693135.12974
2025-05-09 00:00:00,164.46,164.46,162.35,162.39,184290.039,2025-05-09 00:59:59.999,30083102.19658,118784,87189.219,14232057.10193
2025-05-09 01:00:00,162.38,163.66,162.01,163.56,154011.83,2025-05-09 01:59:59.999,25072888.68687,99880,87734.839,14286880.89869
2025-05-09 02:00:00,163.56,163.58,162.19,162.52,160895.668,2025-05-09 02:59:59.999,26181653.22946,79370,97289.123,15830714.04595
2025-05-09 03:00:00,162.51,163.35,161.34,161.37,145645.765,2025-05-09 03:59:59.999,23644271.24465,83969,60425.968,9816712.04797
2025-05-09 04:00:00,161.37,162.03,161.07,161.86,106738.796,2025-05-09 04:59:59.999,17250463.54767,70414,51299.539,8292463.16194
2025-05-09 05:00:00,161.87,162.87,161.73,162.86,99929.378,2025-05-09 05:59:59.999,16236793.71546,60885,52688.226,8560600.98253
2025-05-09 06:00:00,162.87,164.3,162.47,164.27,183586.982,2025-05-09 06:59:59.999,29990140.06304,85399,112953.813,18452653.37785
2025-05-09 07:00:00,164.26,166.91,164.07,165.08,436283.644,2025-05-09 07:59:59.999,72092764.22586,217191,250189.535,41345335.01982
2025-05-09 08:00:00,165.08,169.9,164.76,166.37,742512.137,2025-05-09 08:59:59.999,124231845.83659,367559,388564.845,65021071.97489
2025-05-09 09:00:00,166.38,167.98,164.3,166.45,345755.566,2025-05-09 09:59:59.999,57337097.44213,239936,168767.031,27999180.16885
2025-05-09 10:00:00,166.45,174.67,166.17,173.98,599517.607,2025-05-09 10:59:59.999,102180556.07647,294715,348395.262,59369793.44972
2025-05-09 11:00:00,173.97,176.15,171.24,172.32,679855.419,2025-05-09 11:59:59.999,118119412.83466,393150,352998.204,61365175.82947
2025-05-09 12:00:00,172.33,172.82,169.59,172.51,417279.31,2025-05-09 12:59:59.999,71565703.64555,200741,167361.071,28710846.99631
2025-05-09 13:00:00,172.51,173.44,170.84,172.7,238850.602,2025-05-09 13:59:59.999,41160326.13806,163848,114326.041,19709928.08434
2025-05-09 14:00:00,172.7,172.7,167.36,169.33,450129.435,2025-05-09 14:59:59.999,76264270.03784,259393,201488.792,34122206.72283
2025-05-09 15:00:00,169.33,171.75,168.51,170.75,322012.307,2025-05-09 15:59:59.999,54772291.68462,175428,177227.267,30145645.05169
2025-05-09 16:00:00,170.76,170.93,168.59,169.05,231689.925,2025-05-09 16:59:59.999,39322772.27979,156083,118339.56,20087783.8195
2025-05-09 17:00:00,169.06,172.2,168.67,171.97,234115.966,2025-05-09 17:59:59.999,40103072.37744,117764,136539.36,23385867.73112
2025-05-09 18:00:00,171.96,172.5,171.18,171.74,99291.628,2025-05-09 18:59:59.999,17064626.18723,72539,53000.432,9110605.10559
2025-05-09 19:00:00,171.75,172.58,170.71,171.89,107896.332,2025-05-09 19:59:59.999,18514317.23614,74117,58687.837,10076206.13592
2025-05-09 20:00:00,171.9,173.02,171.54,173.0,79436.822,2025-05-09 20:59:59.999,13689097.63965,54234,46748.742,8056506.94952
2025-05-09 21:00:00,173.0,173.04,171.15,172.64,134976.813,2025-05-09 21:59:59.999,23208551.45628,60584,72762.029,12507233.3007
2025-05-09 22:00:00,172.64,173.57,172.1,173.32,73269.391,2025-05-09 22:59:59.999,12669258.37776,55626,41004.253,7091778.50155
2025-05-09 23:00:00,173.33,173.81,172.36,172.78,90603.287,2025-05-09 23:59:59.999,15680553.86647,63688,38457.537,6656527.22732
2025-05-10 00:00:00,172.77,175.19,170.66,171.39,206851.657,2025-05-10 00:59:59.999,35810399.08195,168208,105271.196,18254545.66174
2025-05-10 01:00:00,171.38,172.52,171.21,171.7,106066.473,2025-05-10 01:59:59.999,18225198.29525,84322,42934.979,7379319.56745
2025-05-10 02:00:00,171.7,172.66,171.27,172.14,79559.913,2025-05-10 02:59:59.999,13684112.41251,74371,44270.453,7614701.99572
2025-05-10 03:00:00,172.13,172.18,171.08,171.59,56965.775,2025-05-10 03:59:59.999,9780153.67617,57589,26698.771,4584898.94169
2025-05-10 04:00:00,171.59,171.59,170.14,170.85,84775.606,2025-05-10 04:59:59.999,14469900.24093,68703,38706.053,6605898.48829
2025-05-10 05:00:00,170.86,171.3,169.76,171.2,77031.518,2025-05-10 05:59:59.999,13138981.61501,71426,41302.194,7047218.60768
2025-05-10 06:00:00,171.2,172.32,171.09,172.1,116763.254,2025-05-10 06:59:59.999,20059213.67054,96772,69163.268,11882848.95823
2025-05-10 07:00:00,172.1,172.54,171.21,172.32,108745.883,2025-05-10 07:59:59.999,18692892.30749,87513,60895.809,10468967.03803
2025-05-10 08:00:00,172.32,173.4,171.18,171.63,197212.605,2025-05-10 08:59:59.999,34008063.58063,125274,107123.812,18482584.83834
2025-05-10 09:00:00,171.64,172.05,170.55,171.68,169361.784,2025-05-10 09:59:59.999,29003800.44019,106411,69473.699,11900704.19641
2025-05-10 10:00:00,171.68,172.29,170.29,170.3,137176.446,2025-05-10 10:59:59.999,23511256.89661,95310,56532.535,9691338.77626
2025-05-10 11:00:00,170.3,170.71,168.72,169.0,167295.751,2025-05-10 11:59:59.999,28377225.13486,114009,65446.299,11103532.35735
2025-05-10 12:00:00,169.0,171.35,169.0,171.16,145103.843,2025-05-10 12:59:59.999,24731441.17127,81686,74221.518,12651377.26141
2025-05-10 13:00:00,171.16,172.0,170.98,171.72,89167.983,2025-05-10 13:59:59.999,15284465.20943,62989,39413.078,6757121.57975
2025-05-10 14:00:00,171.72,172.03,170.28,171.69,85052.438,2025-05-10 14:59:59.999,14558644.19416,76726,44285.375,7581788.80716
2025-05-10 15:00:00,171.7,171.84,170.92,171.07,95722.235,2025-05-10 15:59:59.999,16407247.03876,85914,48060.843,8239320.58859
2025-05-10 16:00:00,171.07,172.46,170.86,171.85,113882.961,2025-05-10 16:59:59.999,19552197.74223,80172,63109.482,10835680.77425
2025-05-10 17:00:00,171.84,173.83,171.53,171.8,230293.432,2025-05-10 17:59:59.999,39768975.87253,142066,126580.551,21863199.56308
2025-05-10 18:00:00,171.8,172.5,171.11,172.5,98262.173,2025-05-10 18:59:59.999,16896233.10125,70536,39704.39,6826812.64953
2025-05-10 19:00:00,172.5,172.78,171.57,172.22,81137.596,2025-05-10 19:59:59.999,13972326.6212,55702,37211.112,6408076.48713
2025-05-10 20:00:00,172.22,172.95,171.41,172.7,135644.882,2025-05-10 20:59:59.999,23386727.21862,70313,81790.247,14103099.04365
2025-05-10 21:00:00,172.7,174.5,172.38,174.12,127140.258,2025-05-10 21:59:59.999,22049216.83871,73160,76376.279,13246510.76704
2025-05-10 22:00:00,174.12,175.11,172.98,174.98,172966.108,2025-05-10 22:59:59.999,30120215.58126,108588,94654.364,16494804.77099
2025-05-10 23:00:00,174.97,178.98,174.57,177.89,457520.605,2025-05-10 23:59:59.999,81057819.50416,238792,265953.043,47119365.19374
2025-05-11 00:00:00,177.89,179.65,172.92,179.16,499067.262,2025-05-11 00:59:59.999,88370975.4224,340193,262737.026,46558713.2729
2025-05-11 01:00:00,179.16,180.26,175.56,176.97,392538.767,2025-05-11 01:59:59.999,70145578.48269,283635,206301.955,36900883.19731
2025-05-11 02:00:00,176.96,177.86,174.72,175.82,168603.848,2025-05-11 02:59:59.999,29785002.88721,156607,81261.584,14362285.93749
2025-05-11 03:00:00,175.83,176.73,174.9,175.86,91146.506,2025-05-11 03:59:59.999,16031283.13256,78747,40816.622,7180621.21078
2025-05-11 04:00:00,175.86,177.7,175.76,177.26,102573.245,2025-05-11 04:59:59.999,18147830.59614,82408,54065.156,9566376.43402
2025-05-11 05:00:00,177.27,177.58,176.11,176.18,68082.962,2025-05-11 05:59:59.999,12033963.84605,65324,31316.998,5537220.55238
2025-05-11 06:00:00,176.18,176.26,173.8,174.76,144129.353,2025-05-11 06:59:59.999,25230272.02212,111257,55762.931,9763652.5508
2025-05-11 07:00:00,174.75,174.75,172.29,172.6,161552.955,2025-05-11 07:59:59.999,28006426.33797,138383,63598.51,11029790.91142
2025-05-11 08:00:00,172.61,173.96,172.58,173.0,110915.779,2025-05-11 08:59:59.999,19234625.86515,83538,46754.3,8107955.38113
2025-05-11 09:00:00,172.99,175.04,172.81,174.41,86944.049,2025-05-11 09:59:59.999,15134637.15476,71009,49990.841,8700663.48482
2025-05-11 10:00:00,174.41,174.8,173.3,174.63,60770.632,2025-05-11 10:59:59.999,10583011.10866,61540,31120.078,5421137.27116
2025-05-11 11:00:00,174.63,174.88,173.97,174.76,62299.662,2025-05-11 11:59:59.999,10868838.95363,53277,33696.885,5879490.81007
2025-05-11 12:00:00,174.76,175.22,173.59,174.06,109254.666,2025-05-11 12:59:59.999,19056958.58846,76875,59694.545,10415257.63353
2025-05-11 13:00:00,174.06,174.66,170.86,170.93,183193.123,2025-05-11 13:59:59.999,31590888.92184,132094,73942.123,12761862.78358
2025-05-11 14:00:00,170.94,172.13,170.83,171.91,130071.572,2025-05-11 14:59:59.999,22314209.44726,102646,54822.091,9403660.04226
2025-05-11 15:00:00,171.9,172.95,169.35,170.48,160320.329,2025-05-11 15:59:59.999,27435256.191,112535,68429.795,11719277.19439
2025-05-11 16:00:00,170.48,171.74,169.4,170.54,111817.25,2025-05-11 16:59:59.999,19067239.89438,106410,51356.076,8761572.41238
2025-05-11 17:00:00,170.53,171.93,170.2,171.9,120343.36,2025-05-11 17:59:59.999,20616050.48514,87404,66537.356,11394593.56734
2025-05-11 18:00:00,171.89,173.26,170.83,172.67,115148.996,2025-05-11 18:59:59.999,19843670.8078,87330,70841.21,12214148.83351
2025-05-11 19:00:00,172.67,173.43,172.19,172.73,72222.446,2025-05-11 19:59:59.999,12485705.8477,64612,40464.409,6996542.19042
2025-05-11 20:00:00,172.72,172.81,171.68,172.34,62462.755,2025-05-11 20:59:59.999,10767578.16977,59449,34013.372,5863852.70274
2025-05-11 21:00:00,172.34,173.26,171.64,173.16,50216.246,2025-05-11 21:59:59.999,8655258.0078,40174,28570.152,4925546.6883
2025-05-11 22:00:00,173.16,173.85,171.26,171.95,94768.846,2025-05-11 22:59:59.999,16322065.22186,95286,48145.973,8296240.25353
2025-05-11 23:00:00,171.95,173.25,171.88,173.19,52284.911,2025-05-11 23:59:59.999,9027198.73725,50565,23929.134,4131615.78577
2025-05-12 00:00:00,173.2,175.77,173.07,174.52,137115.426,2025-05-12 00:59:59.999,23937755.00589,114344,78963.282,13787398.34985
2025-05-12 01:00:00,174.51,176.07,171.74,173.73,185866.898,2025-05-12 01:59:59.999,32366920.92346,155028,86727.485,15106937.12678
2025-05-12 02:00:00,173.74,176.88,172.81,173.99,249324.593,2025-05-12 02:59:59.999,43640241.06486,176300,106924.666,18715337.05152
2025-05-12 03:00:00,174.0,174.9,173.03,174.9,126636.159,2025-05-12 03:59:59.999,22027056.50357,94517,57694.383,10035752.38076
2025-05-12 04:00:00,174.9,176.11,174.1,175.85,196558.282,2025-05-12 04:59:59.999,34443272.94615,105327,95151.148,16672861.92753
2025-05-12 05:00:00,175.85,176.17,173.63,174.54,131386.44,2025-05-12 05:59:59.999,22972352.59675,111627,52791.899,9234689.76589
2025-05-12 06:00:00,174.53,176.0,173.79,175.73,130614.364,2025-05-12 06:59:59.999,22870701.95395,95018,58971.455,10327636.42692
2025-05-12 07:00:00,175.74,179.79,174.85,176.09,939201.699,2025-05-12 07:59:59.999,167280086.71404,455834,472632.958,84178355.56409
2025-05-12 08:00:00,176.08,177.01,173.64,176.56,313494.178,2025-05-12 08:59:59.999,54953815.48535,178089,164090.561,28774819.49929
2025-05-12 09:00:00,176.57,176.94,175.5,175.68,159765.984,2025-05-12 09:59:59.999,28156895.2877,99647,77452.807,13652764.03052
2025-05-12 10:00:00,175.68,176.17,174.78,175.97,144533.072,2025-05-12 10:59:59.999,25369666.51629,108277,69642.392,12226382.56345
2025-05-12 11:00:00,175.96,176.43,173.79,174.11,173950.345,2025-05-12 11:59:59.999,30468508.46276,126073,70739.105,12394379.58597
2025-05-12 12:00:00,174.1,176.92,174.0,176.38,211260.685,2025-05-12 12:59:59.999,37066572.79646,127950,119241.231,20928084.59335
2025-05-12 13:00:00,176.37,180.68,175.78,179.31,555350.665,2025-05-12 13:59:59.999,98988146.64588,309341,320656.501,57194800.9431
2025-05-12 14:00:00,179.31,181.46,175.29,175.84,703774.809,2025-05-12 14:59:59.999,125274001.38059,391895,353709.66,63015984.4461
2025-05-12 15:00:00,175.84,177.2,174.07,174.4,370811.778,2025-05-12 15:59:59.999,65115962.00418,252081,185917.387,32668921.69972
2025-05-12 16:00:00,174.39,176.32,173.24,175.96,310942.35,2025-05-12 16:59:59.999,54462370.94165,172437,191677.787,33592300.60329
2025-05-12 17:00:00,175.95,176.67,171.77,172.11,243653.443,2025-05-12 17:59:59.999,42418678.68563,131632,111937.738,19504056.20316
2025-05-12 18:00:00,172.11,172.71,168.31,170.44,379612.388,2025-05-12 18:59:59.999,64737875.64809,258412,163803.234,27953225.4353
2025-05-12 19:00:00,170.44,171.64,169.71,171.22,198153.741,2025-05-12 19:59:59.999,33857014.06713,142756,115554.755,19753088.62315
2025-05-12 20:00:00,171.22,172.83,170.41,172.27,109595.306,2025-05-12 20:59:59.999,18835567.40152,89069,63048.383,10837115.9448
2025-05-12 21:00:00,172.27,172.95,171.91,172.69,93976.124,2025-05-12 21:59:59.999,16209943.09502,50666,62464.677,10775598.23155
2025-05-12 22:00:00,172.69,174.66,172.12,173.71,101809.016,2025-05-12 22:59:59.999,17648025.28238,65349,64187.134,11129437.0151
2025-05-12 23:00:00,173.71,174.81,173.62,174.22,78345.232,2025-05-12 23:59:59.999,13649352.85272,58593,51539.292,8979792.92227
2025-05-13 00:00:00,174.22,174.38,171.57,171.69,126474.255,2025-05-13 00:59:59.999,21879055.86649,109075,57546.509,9951835.1359
2025-05-13 01:00:00,171.69,172.58,169.61,171.06,174997.084,2025-05-13 01:59:59.999,29931668.60822,154161,75091.945,12848963.65775
2025-05-13 02:00:00,171.07,171.43,168.16,169.01,232149.743,2025-05-13 02:59:59.999,39378421.12787,210127,89146.567,15123692.03953
2025-05-13 03:00:00,169.01,169.66,166.94,166.97,192066.711,2025-05-13 03:59:59.999,32277444.24675,149520,70572.75,11862274.38917
2025-05-13 04:00:00,166.98,170.06,166.18,169.89,183468.478,2025-05-13 04:59:59.999,30829808.57953,116997,106540.099,17907409.96079
2025-05-13 05:00:00,169.88,170.4,168.81,169.83,92313.921,2025-05-13 05:59:59.999,15662939.79941,70262,43941.893,7456666.83822
2025-05-13 06:00:00,169.84,171.8,169.84,171.16,125606.752,2025-05-13 06:59:59.999,21462541.92661,72487,81519.926,13926021.8659
2025-05-13 07:00:00,171.16,172.44,171.02,171.49,130067.569,2025-05-13 07:59:59.999,22342520.99132,81145,80542.216,13837868.21274
2025-05-13 08:00:00,171.49,172.85,170.93,172.54,108788.764,2025-05-13 08:59:59.999,18701291.76988,84247,59003.461,10146600.44565
2025-05-13 09:00:00,172.54,174.03,172.32,173.73,131213.998,2025-05-13 09:59:59.999,22732967.35815,106501,67751.225,11744259.86306
2025-05-13 10:00:00,173.74,174.33,173.02,174.06,87799.031,2025-05-13 10:59:59.999,15249326.60877,87069,45726.936,7943466.85563
2025-05-13 11:00:00,174.06,175.15,173.65,174.0,116650.083,2025-05-13 11:59:59.999,20346693.18738,95067,66079.716,11528255.17055
2025-05-13 12:00:00,174.0,175.58,172.93,174.21,299937.683,2025-05-13 12:59:59.999,52278312.8501,168831,158830.644,27697839.81119
2025-05-13 13:00:00,174.21,175.8,173.66,174.35,220453.426,2025-05-13 13:59:59.999,38523317.82628,164473,128683.654,22493849.37775
2025-05-13 14:00:00,174.35,174.55,172.11,173.26,233082.869,2025-05-13 14:59:59.999,40433282.04822,166744,99791.408,17315873.19402
2025-05-13 15:00:00,173.25,176.31,173.13,176.09,215051.212,2025-05-13 15:59:59.999,37622287.0266,119294,111454.497,19503689.3861
2025-05-13 16:00:00,176.08,178.01,175.72,176.59,292858.358,2025-05-13 16:59:59.999,51833474.89394,171793,154046.226,27272836.31676
2025-05-13 17:00:00,176.58,179.0,176.46,178.32,231656.279,2025-05-13 17:59:59.999,41164719.04386,135467,118544.973,21076344.8483
2025-05-13 18:00:00,178.33,179.22,177.95,179.07,154672.418,2025-05-13 18:59:59.999,27622861.7219,108515,85681.294,15304785.7114
2025-05-13 19:00:00,179.07,184.45,178.25,182.05,505277.821,2025-05-13 19:59:59.999,91750840.18618,266289,302985.725,55025790.68726
2025-05-13 20:00:00,182.05,183.42,180.35,183.13,242358.651,2025-05-13 20:59:59.999,44095433.92125,185717,130298.781,23716033.98526
2025-05-13 21:00:00,183.13,183.33,181.68,182.71,111464.415,2025-05-13 21:59:59.999,20342326.20152,76761,59662.887,10889132.60828
2025-05-13 22:00:00,182.72,183.24,182.18,182.94,104698.638,2025-05-13 22:59:59.999,19132886.48086,86186,50180.445,9171415.35838
2025-05-13 23:00:00,182.95,184.83,182.34,183.75,273935.239,2025-05-13 23:59:59.999,50382734.42163,149897,149347.305,27462783.52248
2025-05-14 00:00:00,183.75,184.05,181.7,182.09,206791.498,2025-05-14 00:59:59.999,37834020.10903,142755,96852.044,17723105.55479
2025-05-14 01:00:00,182.09,184.88,182.01,182.88,234647.928,2025-05-14 01:59:59.999,43066903.536,197828,122432.439,22479716.59817
2025-05-14 02:00:00,182.89,183.09,179.11,180.48,290207.416,2025-05-14 02:59:59.999,52468452.85004,164600,134755.306,24363130.27908
2025-05-14 03:00:00,180.48,180.74,179.15,180.28,160461.341,2025-05-14 03:59:59.999,28854470.52553,99896,92617.779,16656875.10201
2025-05-14 04:00:00,180.28,182.04,179.86,181.65,107589.853,2025-05-14 04:59:59.999,19467226.9773,75416,65298.378,11817644.61674
2025-05-14 05:00:00,181.65,183.26,181.01,182.8,123255.105,2025-05-14 05:59:59.999,22432894.36955,78802,67390.295,12270147.05378
2025-05-14 06:00:00,182.8,183.99,182.39,183.7,133815.89,2025-05-14 06:59:59.999,24509744.35116,98362,73281.521,13423415.9202
2025-05-14 07:00:00,183.7,183.86,180.6,181.72,172595.196,2025-05-14 07:59:59.999,31385807.17457,129653,80459.705,14623502.48128
2025-05-14 08:00:00,181.73,182.62,178.22,178.45,295997.501,2025-05-14 08:59:59.999,53396653.92412,206071,127419.87,22997012.50698
2025-05-14 09:00:00,178.45,179.87,177.57,179.79,171874.899,2025-05-14 09:59:59.999,30731827.65913,137517,80731.553,14439955.6301
2025-05-14 10:00:00,179.78,181.19,179.29,179.39,129275.364,2025-05-14 10:59:59.999,23288880.37109,91514,63707.019,11479018.36399
2025-05-14 11:00:00,179.38,181.95,179.38,181.06,110958.144,2025-05-14 11:59:59.999,20089846.87745,78174,55220.696,9994839.99127
2025-05-14 12:00:00,181.06,181.89,179.84,180.28,129241.862,2025-05-14 12:59:59.999,23400739.91648,85622,53615.724,9709501.87347
2025-05-14 13:00:00,180.28,181.08,177.37,178.94,276353.617,2025-05-14 13:59:59.999,49532102.76131,221343,126118.8,22622345.09672
2025-05-14 14:00:00,178.94,178.98,176.5,176.99,206822.743,2025-05-14 14:59:59.999,36683042.24548,170011,89571.508,15888499.10954
2025-05-14 15:00:00,177.0,177.4,175.6,177.35,153703.075,2025-05-14 15:59:59.999,27132931.78638,125375,75463.038,13328587.44482
2025-05-14 16:00:00,177.34,177.68,174.92,175.94,146243.933,2025-05-14 16:59:59.999,25795618.01916,133516,66504.468,11744036.59104
2025-05-14 17:00:00,175.95,176.08,173.23,175.88,164467.605,2025-05-14 17:59:59.999,28746891.57766,127934,72336.57,12650398.17933
2025-05-14 18:00:00,175.89,176.76,175.14,176.68,83782.218,2025-05-14 18:59:59.999,14756600.35604,77014,45424.274,8000988.9089
2025-05-14 19:00:00,176.68,177.62,176.38,177.06,88352.935,2025-05-14 19:59:59.999,15650661.92548,62799,45326.205,8029866.01353
2025-05-14 20:00:00,177.07,177.43,176.61,176.82,53302.486,2025-05-14 20:59:59.999,9436682.49572,55818,24733.753,4379330.69786
2025-05-14 21:00:00,176.81,177.69,175.77,177.49,59234.444,2025-05-14 21:59:59.999,10457034.78239,47670,25724.879,4544113.39255
2025-05-14 22:00:00,177.49,177.57,175.31,176.07,65018.758,2025-05-14 22:59:59.999,11468024.01988,50099,27615.245,4869091.70032
2025-05-14 23:00:00,176.08,176.86,175.22,176.64,55161.442,2025-05-14 23:59:59.999,9714747.82003,57504,29122.712,5130161.91633
2025-05-15 00:00:00,176.63,178.33,176.6,177.65,97252.295,2025-05-15 00:59:59.999,17288085.67234,86912,52748.703,9376378.83992
2025-05-15 01:00:00,177.66,177.89,174.11,174.62,152797.067,2025-05-15 01:59:59.999,26902032.83158,128030,62510.528,11005715.91611
2025-05-15 02:00:00,174.62,176.46,174.3,175.89,105522.769,2025-05-15 02:59:59.999,18518032.67992,84317,52908.07,9283663.00909
2025-05-15 03:00:00,175.9,176.3,174.06,174.06,70511.735,2025-05-15 03:59:59.999,12371439.61688,82506,27237.089,4783149.35057
2025-05-15 04:00:00,174.06,175.29,173.84,174.98,70216.776,2025-05-15 04:59:59.999,12259430.92458,77836,36725.858,6414995.11718
2025-05-15 05:00:00,174.97,175.06,172.74,173.16,106336.55,2025-05-15 05:59:59.999,18465957.8576,89888,50687.422,8806855.19004
2025-05-15 06:00:00,173.17,174.46,172.87,173.17,92883.181,2025-05-15 06:59:59.999,16131231.12005,95386,40594.082,7050504.65217
2025-05-15 07:00:00,173.17,173.56,169.76,170.4,246192.932,2025-05-15 07:59:59.999,42108961.65547,169611,82209.507,14067851.23242
2025-05-15 08:00:00,170.4,173.06,170.15,172.81,140455.933,2025-05-15 08:59:59.999,24147613.92365,107202,69897.112,12018443.40786
2025-05-15 09:00:00,172.8,172.81,169.56,170.76,114983.538,2025-05-15 09:59:59.999,19664466.2154,92828,46489.192,7948934.16612
2025-05-15 10:00:00,170.75,170.95,168.67,170.01,141943.578,2025-05-15 10:59:59.999,24072641.10065,101933,70931.288,12035107.07018
2025-05-15 11:00:00,170.01,171.5,169.81,171.09,94153.825,2025-05-15 11:59:59.999,16062671.95533,96209,61981.479,10574570.19584
2025-05-15 12:00:00,171.08,172.84,170.24,170.98,196510.662,2025-05-15 12:59:59.999,33695836.70613,163315,108138.225,18547688.96626
2025-05-15 13:00:00,170.99,171.97,168.15,169.75,218299.585,2025-05-15 13:59:59.999,37160869.291,167527,106003.024,18065346.65186
2025-05-15 14:00:00,169.75,170.68,166.98,169.55,330885.12,2025-05-15 14:59:59.999,55760167.03872,217885,165044.442,27833292.80304
2025-05-15 15:00:00,169.55,172.55,168.76,172.23,221638.99,2025-05-15 15:59:59.999,37822266.48412,138606,127703.311,21794198.41883
2025-05-15 16:00:00,172.23,173.99,170.81,173.99,165508.247,2025-05-15 16:59:59.999,28529147.80286,132956,89172.518,15381900.6406
2025-05-15 17:00:00,173.99,174.49,172.77,173.11,157639.689,2025-05-15 17:59:59.999,27380218.81672,124336,78439.363,13626503.34765
2025-05-15 18:00:00,173.1,173.31,169.25,169.55,170619.242,2025-05-15 18:59:59.999,29172432.44768,145593,68290.021,11667746.95802
2025-05-15 19:00:00,169.55,170.83,167.72,169.76,136957.18,2025-05-15 19:59:59.999,23186494.22419,116268,66853.763,11323314.6647
2025-05-15 20:00:00,169.77,170.66,168.55,169.65,133375.661,2025-05-15 20:59:59.999,22637269.3008,82103,66772.629,11330831.58497
2025-05-15 21:00:00,169.65,169.75,166.7,169.04,149947.094,2025-05-15 21:59:59.999,25228254.84006,76040,69410.062,11683981.86722
2025-05-15 22:00:00,169.04,170.35,168.21,168.24,84959.001,2025-05-15 22:59:59.999,14394516.75336,63080,43643.123,7397142.74546
2025-05-15 23:00:00,168.23,169.58,167.0,169.16,146447.074,2025-05-15 23:59:59.999,24615930.42573,116348,77889.06,13093459.23012
2025-05-16 00:00:00,169.16,172.19,168.69,170.27,192845.146,2025-05-16 00:59:59.999,32867298.18447,147994,107297.913,18286926.45958
2025-05-16 01:00:00,170.28,172.03,168.95,171.9,150419.809,2025-05-16 01:59:59.999,25644349.30618,140237,73575.92,12543009.828
2025-05-16 02:00:00,171.89,173.68,171.87,172.67,160767.774,2025-05-16 02:59:59.999,27790800.91807,119376,83102.016,14366065.43974
2025-05-16 03:00:00,172.67,173.0,171.89,172.62,97668.444,2025-05-16 03:59:59.999,16851026.3489,72140,42628.937,7356247.54073
2025-05-16 04:00:00,172.62,173.2,170.98,171.92,99105.574,2025-05-16 04:59:59.999,17029082.46749,62099,44115.958,7584353.56037
2025-05-16 05:00:00,171.93,173.52,171.93,172.92,60516.418,2025-05-16 05:59:59.999,10467934.37656,61402,32001.657,5535804.50296
2025-05-16 06:00:00,172.93,173.14,172.27,172.43,63573.598,2025-05-16 06:59:59.999,10980539.91682,70609,28718.139,4960216.15865
2025-05-16 07:00:00,172.44,173.04,171.51,172.13,102527.801,2025-05-16 07:59:59.999,17659994.5457,92439,53914.395,9288820.70031
2025-05-16 08:00:00,172.13,172.43,169.35,170.11,134479.199,2025-05-16 08:59:59.999,22947367.67739,88388,57285.951,9781889.37482
2025-05-16 09:00:00,170.11,172.8,170.11,172.66,92767.709,2025-05-16 09:59:59.999,15900645.44362,68293,62504.721,10714991.99476
2025-05-16 10:00:00,172.67,173.5,172.0,173.2,129810.33,2025-05-16 10:59:59.999,22432156.5888,70129,74682.883,12902907.47414
2025-05-16 11:00:00,173.2,174.21,172.43,172.81,113209.458,2025-05-16 11:59:59.999,19615725.00197,76037,62192.207,10777857.1858
2025-05-16 12:00:00,172.82,173.4,172.13,172.14,98176.452,2025-05-16 12:59:59.999,16966971.04938,75565,51077.525,8828124.21714
2025-05-16 13:00:00,172.14,174.2,171.89,173.81,133354.546,2025-05-16 13:59:59.999,23101768.397,86085,70653.339,12244165.37389
2025-05-16 14:00:00,173.81,173.81,170.85,171.52,187928.75,2025-05-16 14:59:59.999,32400457.50667,123902,79204.792,13662403.47724
2025-05-16 15:00:00,171.52,173.25,171.51,172.08,153207.243,2025-05-16 15:59:59.999,26382131.57925,107793,78833.417,13574164.86936
2025-05-16 16:00:00,172.09,172.72,170.03,171.07,101811.516,2025-05-16 16:59:59.999,17434995.44976,91916,47720.576,8173670.89405
2025-05-16 17:00:00,171.07,172.22,169.95,170.38,73957.431,2025-05-16 17:59:59.999,12651930.04996,57281,31648.508,5413989.92527
2025-05-16 18:00:00,170.38,171.36,169.73,170.32,105036.696,2025-05-16 18:59:59.999,17908095.0367,93546,45212.808,7708914.00447
2025-05-16 19:00:00,170.31,171.53,169.82,171.44,57722.269,2025-05-16 19:59:59.999,9848148.43495,60584,29777.477,5080608.00971
2025-05-16 20:00:00,171.43,171.43,168.82,169.6,98973.236,2025-05-16 20:59:59.999,16803029.14328,57310,50087.556,8503371.44275
2025-05-16 21:00:00,169.6,170.3,168.62,169.05,74202.663,2025-05-16 21:59:59.999,12581221.43047,45497,44493.672,7543069.6263
2025-05-16 22:00:00,169.05,169.08,166.36,167.44,184799.995,2025-05-16 22:59:59.999,30954318.58895,100930,81486.361,13645450.31975
2025-05-16 23:00:00,167.44,168.47,167.05,167.4,99524.614,2025-05-16 23:59:59.999,16703646.13024,63695,43785.709,7350110.28076
2025-05-17 00:00:00,167.4,168.3,165.52,166.83,221484.257,2025-05-17 00:59:59.999,36962158.47901,137354,100882.064,16847629.16682
2025-05-17 01:00:00,166.82,166.82,164.01,165.13,233204.132,2025-05-17 01:59:59.999,38526317.83562,160655,96390.882,15920059.3483
2025-05-17 02:00:00,165.13,167.02,164.17,166.61,158596.743,2025-05-17 02:59:59.999,26270744.43571,119376,77345.553,12815110.41702
2025-05-17 03:00:00,166.6,168.65,165.35,168.26,105169.65,2025-05-17 03:59:59.999,17537200.77527,86570,51436.816,8585529.17672
2025-05-17 04:00:00,168.26,169.53,167.93,168.88,76691.514,2025-05-17 04:59:59.999,12936074.71705,68688,38901.187,6563610.31591
2025-05-17 05:00:00,168.88,169.16,166.97,167.5,114712.566,2025-05-17 05:59:59.999,19253920.51835,67907,49506.679,8305468.52739
2025-05-17 06:00:00,167.51,169.33,167.51,169.09,56580.578,2025-05-17 06:59:59.999,9546457.50745,53748,29006.038,4893502.60203
2025-05-17 07:00:00,169.1,169.99,167.95,168.55,60754.867,2025-05-17 07:59:59.999,10275096.23723,54381,31452.953,5322781.98188
2025-05-17 08:00:00,168.55,169.38,168.01,168.05,79785.284,2025-05-17 08:59:59.999,13450519.59243,84793,41048.257,6920713.29357
2025-05-17 09:00:00,168.05,168.83,167.0,167.74,116025.858,2025-05-17 09:59:59.999,19482269.40619,97887,56896.079,9555996.93333
2025-05-17 10:00:00,167.73,168.7,167.06,167.52,67326.253,2025-05-17 10:59:59.999,11297529.28576,55856,35951.523,6033985.71543
2025-05-17 11:00:00,167.53,168.13,166.71,167.6,45536.43,2025-05-17 11:59:59.999,7621562.73898,41309,23782.3,3981084.73437
2025-05-17 12:00:00,167.6,168.08,167.13,167.23,49925.017,2025-05-17 12:59:59.999,8367067.84477,73330,23998.54,4022408.72755
2025-05-17 13:00:00,167.24,167.63,165.82,166.47,67993.12,2025-05-17 13:59:59.999,11332643.993,66638,28522.721,4753696.56521
2025-05-17 14:00:00,166.46,168.1,166.45,168.01,78320.572,2025-05-17 14:59:59.999,13117901.22092,64682,41973.693,7029486.26967
2025-05-17 15:00:00,168.02,168.23,167.31,167.31,50755.417,2025-05-17 15:59:59.999,8515914.84373,49095,21551.057,3616274.05933
2025-05-17 16:00:00,167.31,167.52,164.4,165.24,117854.747,2025-05-17 16:59:59.999,19527177.28004,97484,43466.965,7199330.41385
2025-05-17 17:00:00,165.24,166.78,164.9,165.73,76617.121,2025-05-17 17:59:59.999,12709499.44599,68253,40670.055,6746102.89696
2025-05-17 18:00:00,165.73,167.05,165.64,165.75,106906.325,2025-05-17 18:59:59.999,17790853.70217,88370,52472.556,8732871.82436
2025-05-17 19:00:00,165.75,166.34,165.0,165.25,54581.308,2025-05-17 19:59:59.999,9033544.66637,48358,23867.264,3950132.23597
2025-05-17 20:00:00,165.25,167.93,164.72,167.5,106266.307,2025-05-17 20:59:59.999,17665564.64861,73812,54223.338,9015952.70519
2025-05-17 21:00:00,167.5,167.69,166.66,167.02,60178.287,2025-05-17 21:59:59.999,10063880.07992,43631,30163.241,5044820.02167
2025-05-17 22:00:00,167.02,167.07,164.36,165.29,95510.384,2025-05-17 22:59:59.999,15793237.89718,64621,49128.5,8123703.23333
2025-05-17 23:00:00,165.29,166.11,164.74,165.94,61344.969,2025-05-17 23:59:59.999,10162038.53943,52861,37570.044,6225012.36816
2025-05-18 00:00:00,165.94,167.44,165.85,167.25,83610.682,2025-05-18 00:59:59.999,13926920.50502,68684,46886.51,7808772.75637
2025-05-18 01:00:00,167.25,167.8,166.08,167.24,59679.731,2025-05-18 01:59:59.999,9959137.1058,51944,34982.508,5838035.24846
2025-05-18 02:00:00,167.25,167.62,166.54,167.01,49714.19,2025-05-18 02:59:59.999,8309951.92572,48583,27791.515,4646237.53717
2025-05-18 03:00:00,167.01,167.9,166.53,166.9,64055.567,2025-05-18 03:59:59.999,10712550.85833,52619,31543.711,5274992.98681
2025-05-18 04:00:00,166.91,168.63,166.88,168.53,47546.291,2025-05-18 04:59:59.999,7981922.26911,42019,24777.83,4160115.75335
2025-05-18 05:00:00,168.53,170.14,168.53,169.92,99584.998,2025-05-18 05:59:59.999,16860153.66545,62770,46169.79,7818699.08821
2025-05-18 06:00:00,169.93,169.97,169.02,169.29,85217.425,2025-05-18 06:59:59.999,14440584.5398,53295,37232.24,6309860.60494
2025-05-18 07:00:00,169.29,170.72,169.13,170.68,59445.2,2025-05-18 07:59:59.999,10097044.51472,45318,32125.753,5457942.64519
2025-05-18 08:00:00,170.68,172.0,170.67,171.18,121048.972,2025-05-18 08:59:59.999,20750621.21673,92412,56014.453,9602644.12472
2025-05-18 09:00:00,171.18,171.54,170.56,171.02,71081.749,2025-05-18 09:59:59.999,12165797.49304,59490,30806.035,5273257.32892
2025-05-18 10:00:00,171.01,171.58,170.66,171.38,35853.445,2025-05-18 10:59:59.999,6135952.47885,38107,16820.992,2879443.7534
2025-05-18 11:00:00,171.37,171.7,170.71,170.79,46187.558,2025-05-18 11:59:59.999,7910009.15376,38935,16406.672,2810016.0107
2025-05-18 12:00:00,170.78,171.69,170.2,171.68,56888.822,2025-05-18 12:59:59.999,9722208.98084,49312,25347.266,4333486.72852
2025-05-18 13:00:00,171.68,172.95,171.44,172.83,95958.096,2025-05-18 13:59:59.999,16508000.99939,73650,52935.867,9109913.77876
2025-05-18 14:00:00,172.83,174.88,172.32,174.36,196059.169,2025-05-18 14:59:59.999,34073813.39101,115900,112957.528,19631007.91811
2025-05-18 15:00:00,174.36,176.67,173.62,176.26,215154.252,2025-05-18 15:59:59.999,37615688.35665,138113,106562.246,18651047.26093
2025-05-18 16:00:00,176.26,176.77,174.93,175.85,203755.483,2025-05-18 16:59:59.999,35836606.53305,132234,87495.741,15390273.82265
2025-05-18 17:00:00,175.85,175.87,172.13,172.25,199759.13,2025-05-18 17:59:59.999,34778766.1072,141058,79803.871,13895192.82862
2025-05-18 18:00:00,172.25,172.39,168.94,170.26,320026.933,2025-05-18 18:59:59.999,54474872.84025,245176,147181.296,25058433.92355
2025-05-18 19:00:00,170.25,170.69,166.51,166.65,233386.946,2025-05-18 19:59:59.999,39226399.79764,154215,107818.391,18122370.8431
2025-05-18 20:00:00,166.64,167.4,164.54,167.16,352442.901,2025-05-18 20:59:59.999,58420733.95407,182530,163412.072,27099899.26161
2025-05-18 21:00:00,167.16,168.95,167.16,167.57,93912.069,2025-05-18 21:59:59.999,15772916.22389,74109,51490.525,8647920.61652
2025-05-18 22:00:00,167.57,170.18,166.16,170.09,153945.269,2025-05-18 22:59:59.999,25884759.08167,124037,83921.724,14115157.11112
2025-05-18 23:00:00,170.1,174.28,169.02,173.3,250296.058,2025-05-18 23:59:59.999,42945142.6361,166704,141859.739,24348526.58897
2025-05-19 00:00:00,173.3,173.94,167.63,168.06,364596.583,2025-05-19 00:59:59.999,62113989.5718,259055,174094.94,29674873.75002
2025-05-19 01:00:00,168.06,168.73,166.5,167.83,178480.79,2025-05-19 01:59:59.999,29928779.91118,154167,93522.348,15685221.83786
2025-05-19 02:00:00,167.83,168.53,165.96,166.83,137815.586,2025-05-19 02:59:59.999,23024686.56418,105653,67758.679,11322217.0825
2025-05-19 03:00:00,166.83,167.0,165.0,165.35,152807.692,2025-05-19 03:59:59.999,25348728.07718,103803,64295.024,10669788.47885
2025-05-19 04:00:00,165.35,166.84,162.54,163.46,360038.75,2025-05-19 04:59:59.999,59351764.25415,206260,171569.106,28324208.23162
2025-05-19 05:00:00,163.45,163.76,162.29,162.7,196219.294,2025-05-19 05:59:59.999,31989393.13611,163920,95108.375,15505122.91741
2025-05-19 06:00:00,162.71,163.38,159.44,159.66,271713.605,2025-05-19 06:59:59.999,43802935.92752,181362,90867.541,14658253.71466
2025-05-19 07:00:00,159.65,162.45,159.44,161.89,242102.999,2025-05-19 07:59:59.999,39101840.11078,141824,141191.003,22808064.12731
2025-05-19 08:00:00,161.9,162.4,160.81,161.52,122923.035,2025-05-19 08:59:59.999,19871309.66198,116062,58391.459,9443766.90023
2025-05-19 09:00:00,161.52,162.64,160.44,161.65,182371.055,2025-05-19 09:59:59.999,29481258.6819,104964,78356.292,12675242.98684
2025-05-19 10:00:00,161.65,162.06,160.75,161.69,78369.851,2025-05-19 10:59:59.999,12649585.99608,85945,37060.52,5982699.13219
2025-05-19 11:00:00,161.69,162.7,161.17,162.19,67023.342,2025-05-19 11:59:59.999,10863734.95616,64556,33751.193,5470226.73672
2025-05-19 12:00:00,162.19,162.3,160.16,160.91,120388.194,2025-05-19 12:59:59.999,19381984.31898,89787,54043.242,8698478.00161
2025-05-19 13:00:00,160.92,163.63,160.59,162.68,281778.159,2025-05-19 13:59:59.999,45828934.58891,144246,131112.176,21316627.96821
2025-05-19 14:00:00,162.67,164.11,161.65,163.73,165195.352,2025-05-19 14:59:59.999,26912326.87729,114089,80419.325,13106314.53102
2025-05-19 15:00:00,163.72,164.76,163.3,164.21,136961.39,2025-05-19 15:59:59.999,22475186.28596,101256,72560.938,11907627.65454
2025-05-19 16:00:00,164.2,165.75,162.78,165.73,180014.306,2025-05-19 16:59:59.999,29589858.80631,103790,92758.769,15262417.51407
2025-05-19 17:00:00,165.72,167.39,165.02,165.55,204746.708,2025-05-19 17:59:59.999,34029942.30732,145914,98089.486,16306734.58252
2025-05-19 18:00:00,165.55,166.08,163.7,164.83,140681.562,2025-05-19 18:59:59.999,23194425.53833,91765,60417.48,9962303.89212
2025-05-19 19:00:00,164.84,166.92,164.37,166.61,130339.289,2025-05-19 19:59:59.999,21608203.0053,78468,89237.897,14799529.5824
2025-05-19 20:00:00,166.6,167.8,165.58,165.91,133592.69,2025-05-19 20:59:59.999,22261405.84191,79009,73752.937,12291734.50032
2025-05-19 21:00:00,165.92,166.75,165.26,166.67,128693.993,2025-05-19 21:59:59.999,21329662.32379,53236,91664.67,15192091.11597
2025-05-19 22:00:00,166.66,166.66,165.14,165.78,45349.389,2025-05-19 22:59:59.999,7523999.8768,45443,24727.582,4102672.63373
2025-05-19 23:00:00,165.77,167.03,165.68,166.86,54149.13,2025-05-19 23:59:59.999,9019529.02672,43609,22845.628,3804891.74021
2025-05-20 00:00:00,166.87,169.43,166.78,167.11,202880.323,2025-05-20 00:59:59.999,34076597.20077,151791,92675.623,15571815.54288
2025-05-20 01:00:00,167.11,170.74,166.92,169.92,215807.844,2025-05-20 01:59:59.999,36518670.47979,132645,121818.641,20624425.26289
2025-05-20 02:00:00,169.92,173.11,169.92,170.61,343189.169,2025-05-20 02:59:59.999,58867861.58356,186669,202363.092,34706821.93774
2025-05-20 03:00:00,170.6,170.8,168.29,169.19,177787.687,2025-05-20 03:59:59.999,30128561.73342,113667,81967.301,13888403.824
2025-05-20 04:00:00,169.18,170.63,168.48,170.03,134406.263,2025-05-20 04:59:59.999,22754349.11783,82441,81749.22,13841212.319
2025-05-20 05:00:00,170.02,170.64,169.23,169.25,81535.712,2025-05-20 05:59:59.999,13856973.26258,58092,48574.076,8255767.29684
2025-05-20 06:00:00,169.24,169.6,167.71,168.38,112575.391,2025-05-20 06:59:59.999,18965903.26308,85979,59603.188,10042092.5286
2025-05-20 07:00:00,168.37,168.48,167.08,167.34,110095.269,2025-05-20 07:59:59.999,18477824.28291,81946,56762.33,9528449.99362
2025-05-20 08:00:00,167.35,168.03,166.19,167.76,168689.945,2025-05-20 08:59:59.999,28134560.03683,81603,92376.963,15403582.58372
2025-05-20 09:00:00,167.76,168.14,167.12,167.3,64878.379,2025-05-20 09:59:59.999,10879334.63577,54390,35753.232,5995527.29664
2025-05-20 10:00:00,167.31,167.67,165.57,166.34,102501.06,2025-05-20 10:59:59.999,17084179.65924,92387,42830.549,7140652.4842
2025-05-20 11:00:00,166.35,166.77,165.23,166.47,76855.96,2025-05-20 11:59:59.999,12755649.16994,70938,40286.342,6687394.86141
2025-05-20 12:00:00,166.46,166.51,165.14,166.04,76844.215,2025-05-20 12:59:59.999,12739961.91739,66672,35666.943,5913300.50267
2025-05-20 13:00:00,166.04,166.52,164.8,165.37,137217.463,2025-05-20 13:59:59.999,22745448.83772,113084,74896.45,12419911.05359
2025-05-20 14:00:00,165.36,166.72,164.51,165.61,123428.621,2025-05-20 14:59:59.999,20430543.85734,102797,64343.369,10654188.70835
2025-05-20 15:00:00,165.6,167.36,165.52,166.64,128077.484,2025-05-20 15:59:59.999,21341404.1565,103918,69645.194,11604146.02816
2025-05-20 16:00:00,166.63,167.17,165.24,165.53,89709.712,2025-05-20 16:59:59.999,14895742.11541,85123,44950.982,7463623.03901
2025-05-20 17:00:00,165.54,168.28,165.44,167.89,107938.302,2025-05-20 17:59:59.999,18052743.73548,94280,56474.01,9449654.55554
2025-05-20 18:00:00,167.9,167.99,164.56,164.92,150950.929,2025-05-20 18:59:59.999,25091380.95611,125095,56727.336,9424484.14312
2025-05-20 19:00:00,164.92,169.13,164.6,168.17,144421.55,2025-05-20 19:59:59.999,24111916.60196,107643,81343.372,13574464.12286
2025-05-20 20:00:00,168.16,169.24,166.92,168.48,140931.793,2025-05-20 20:59:59.999,23671780.01695,110412,64906.969,10905958.87185
2025-05-20 21:00:00,168.47,169.38,166.88,168.07,91477.863,2025-05-20 21:59:59.999,15388090.95332,98136,45597.894,7673105.55474
2025-05-20 22:00:00,168.07,168.45,166.26,167.81,64858.115,2025-05-20 22:59:59.999,10841278.58319,79281,32369.683,5412168.6191
2025-05-20 23:00:00,167.81,169.19,167.61,168.59,88361.377,2025-05-20 23:59:59.999,14889400.68609,87176,48115.233,8107170.79224
2025-05-21 00:00:00,168.59,169.11,167.57,168.11,95539.417,2025-05-21 00:59:59.999,16084309.91786,109666,47536.794,8004241.81414
2025-05-21 01:00:00,168.11,169.19,167.85,168.4,77961.803,2025-05-21 01:59:59.999,13143040.47619,84091,38622.845,6512115.48176
2025-05-21 02:00:00,168.4,168.97,166.78,168.79,154366.441,2025-05-21 02:59:59.999,25895660.49039,107440,62839.071,10546857.94647
2025-05-21 03:00:00,168.79,170.92,168.66,169.97,236499.056,2025-05-21 03:59:59.999,40183191.86552,113098,141223.489,23997861.54099
2025-05-21 04:00:00,169.97,171.39,169.1,170.28,163195.623,2025-05-21 04:59:59.999,27804164.66203,119278,82649.233,14088089.88945
2025-05-21 05:00:00,170.28,171.76,170.24,170.68,143338.419,2025-05-21 05:59:59.999,24506765.3017,110635,72879.965,12458922.04033
2025-05-21 06:00:00,170.68,171.63,169.76,171.02,134015.441,2025-05-21 06:59:59.999,22901302.63563,109667,68211.944,11658630.84714
2025-05-21 07:00:00,171.02,171.37,168.32,168.85,147591.836,2025-05-21 07:59:59.999,24991715.93313,131161,60052.458,10166000.43191
2025-05-21 08:00:00,168.85,169.64,168.08,168.08,83466.694,2025-05-21 08:59:59.999,14087964.01243,77620,39366.454,6648569.09216
2025-05-21 09:00:00,168.09,168.59,167.35,167.76,83620.329,2025-05-21 09:59:59.999,14039093.31638,75527,42908.454,7204412.01504
2025-05-21 10:00:00,167.77,168.59,167.5,168.15,59667.457,2025-05-21 10:59:59.999,10029547.35022,54348,34074.023,5727719.98613
2025-05-21 11:00:00,168.15,169.64,168.0,169.34,66650.164,2025-05-21 11:59:59.999,11270485.25081,56613,37497.923,6339641.2432
2025-05-21 12:00:00,169.33,170.29,168.71,169.35,66650.456,2025-05-21 12:59:59.999,11297161.12669,61178,39690.192,6728356.03173
2025-05-21 13:00:00,169.34,170.41,168.37,169.5,129447.518,2025-05-21 13:59:59.999,21918344.68915,107984,79906.319,13532814.94751
2025-05-21 14:00:00,169.5,172.79,169.01,172.76,258742.732,2025-05-21 14:59:59.999,44264878.43168,171209,140178.503,23972554.32875
2025-05-21 15:00:00,172.76,173.65,171.09,172.17,426973.666,2025-05-21 15:59:59.999,73571712.30973,248725,227998.254,39294962.18438
2025-05-21 16:00:00,172.17,174.95,171.38,173.21,240579.551,2025-05-21 16:59:59.999,41709941.22225,177512,121516.494,21068152.28607
2025-05-21 17:00:00,173.21,173.99,165.51,167.13,718327.671,2025-05-21 17:59:59.999,121042832.16899,481281,331407.205,55850212.57797
2025-05-21 18:00:00,167.13,169.62,166.3,167.88,242184.301,2025-05-21 18:59:59.999,40658034.86519,185903,115437.858,19379339.1153
2025-05-21 19:00:00,167.89,171.55,167.21,171.14,166679.482,2025-05-21 19:59:59.999,28239633.35134,145197,93484.444,15845318.40798
2025-05-21 20:00:00,171.14,171.36,169.19,169.72,130541.133,2025-05-21 20:59:59.999,22248019.82086,104376,65363.983,11145635.19869
2025-05-21 21:00:00,169.72,170.81,169.12,170.13,59776.25,2025-05-21 21:59:59.999,10165385.88037,53878,32094.923,5458198.11144
2025-05-21 22:00:00,170.12,172.3,169.74,171.69,137049.372,2025-05-21 22:59:59.999,23438060.43397,88450,71171.5,12176376.0143
2025-05-21 23:00:00,171.7,175.99,171.12,173.53,377745.588,2025-05-21 23:59:59.999,65697563.8668,236405,190936.178,33225617.78694
2025-05-22 00:00:00,173.54,174.98,173.27,174.92,232401.4,2025-05-22 00:59:59.999,40456149.62106,164045,122001.549,21238848.71264
2025-05-22 01:00:00,174.93,175.77,172.59,173.25,186153.446,2025-05-22 01:59:59.999,32443646.97511,149625,84770.418,14781559.42848
2025-05-22 02:00:00,173.26,174.91,173.09,174.44,133327.378,2025-05-22 02:59:59.999,23205439.44546,117185,62401.71,10861339.1681
2025-05-22 03:00:00,174.45,177.52,173.87,176.82,277585.405,2025-05-22 03:59:59.999,48831881.37861,156796,177891.634,31303214.36399
2025-05-22 04:00:00,176.83,177.45,175.82,176.91,193878.687,2025-05-22 04:59:59.999,34238342.99742,142892,94922.378,16763016.71299
2025-05-22 05:00:00,176.9,177.77,175.71,175.86,152370.126,2025-05-22 05:59:59.999,26947610.81017,105407,71205.725,12598405.60153
2025-05-22 06:00:00,175.87,176.56,175.26,175.91,138338.538,2025-05-22 06:59:59.999,24328338.99454,106986,64715.577,11382460.11479
2025-05-22 07:00:00,175.91,178.79,175.5,178.49,173849.931,2025-05-22 07:59:59.999,30864774.28554,118810,96255.532,17095609.66184
2025-05-22 08:00:00,178.49,179.82,178.02,179.79,249627.791,2025-05-22 08:59:59.999,44694487.68945,148675,130571.179,23379049.6434
2025-05-22 09:00:00,179.78,180.87,179.13,179.69,249152.562,2025-05-22 09:59:59.999,44827686.57467,154273,143060.848,25743200.79255
2025-05-22 10:00:00,179.68,179.79,178.09,178.2,132376.721,2025-05-22 10:59:59.999,23664688.73988,103815,50296.018,8992578.38087
2025-05-22 11:00:00,178.2,178.85,177.16,178.08,136069.605,2025-05-22 11:59:59.999,24214421.02747,103554,66252.418,11794641.8257
2025-05-22 12:00:00,178.07,178.84,177.46,178.67,114645.381,2025-05-22 12:59:59.999,20424735.68944,107888,55153.215,9827353.13572
2025-05-22 13:00:00,178.67,179.1,176.94,177.25,202172.574,2025-05-22 13:59:59.999,35964630.01042,189145,101276.026,18020205.30176
2025-05-22 14:00:00,177.24,179.65,177.19,178.77,219510.119,2025-05-22 14:59:59.999,39211432.27263,187986,116741.142,20861565.7666
2025-05-22 15:00:00,178.77,179.89,178.54,179.02,116041.682,2025-05-22 15:59:59.999,20793761.43674,112645,63009.321,11292471.14857
2025-05-22 16:00:00,179.03,180.36,177.93,178.37,136654.766,2025-05-22 16:59:59.999,24475406.57649,117558,72052.226,12912882.97942
2025-05-22 17:00:00,178.36,179.92,177.97,179.07,91000.824,2025-05-22 17:59:59.999,16301226.02122,85467,40996.581,7343854.80243
2025-05-22 18:00:00,179.06,179.97,178.52,179.32,84258.843,2025-05-22 18:59:59.999,15121162.37959,77204,45234.346,8118656.27722
2025-05-22 19:00:00,179.32,179.5,177.5,177.85,105378.259,2025-05-22 19:59:59.999,18791588.84839,88860,50932.742,9088338.35123
2025-05-22 20:00:00,177.86,178.73,177.59,178.54,81974.416,2025-05-22 20:59:59.999,14615064.61855,66153,40959.273,7303944.27281
2025-05-22 21:00:00,178.55,178.55,177.31,178.08,52306.498,2025-05-22 21:59:59.999,9306149.80598,46512,26994.337,4802565.94234
2025-05-22 22:00:00,178.09,179.35,178.02,178.1,83367.826,2025-05-22 22:59:59.999,14899900.23098,59334,46206.544,8258675.05902
2025-05-22 23:00:00,178.11,180.02,178.11,179.68,65780.084,2025-05-22 23:59:59.999,11802251.98749,49550,37359.55,6703747.00999
2025-05-23 00:00:00,179.68,181.87,179.28,180.72,254102.492,2025-05-23 00:59:59.999,45917298.59565,163123,156334.333,28260255.60812
2025-05-23 01:00:00,180.73,183.58,180.35,183.14,231325.563,2025-05-23 01:59:59.999,42149171.51619,162947,125296.985,22838633.55729
2025-05-23 02:00:00,183.14,185.4,183.14,183.76,384074.582,2025-05-23 02:59:59.999,70822772.09375,191570,238856.154,44066233.86214
2025-05-23 03:00:00,183.76,185.4,183.72,185.0,141600.041,2025-05-23 03:59:59.999,26133199.36331,118480,67424.517,12442222.8274
2025-05-23 04:00:00,185.01,185.32,181.94,182.64,174957.029,2025-05-23 04:59:59.999,32075375.26486,116681,71968.458,13192459.42294
2025-05-23 05:00:00,182.63,183.05,181.33,181.94,168181.285,2025-05-23 05:59:59.999,30602053.8186,91001,85299.251,15517741.09825
2025-05-23 06:00:00,181.94,182.02,179.99,180.84,197737.401,2025-05-23 06:59:59.999,35720958.53759,140602,74029.414,13374694.41542
2025-05-23 07:00:00,180.84,183.12,180.83,182.55,141170.805,2025-05-23 07:59:59.999,25735868.53018,101458,69696.153,12705718.97883
2025-05-23 08:00:00,182.56,186.84,182.56,186.19,306373.066,2025-05-23 08:59:59.999,56712324.98487,173151,171255.861,31712637.80013
2025-05-23 09:00:00,186.18,187.71,185.86,186.84,183903.382,2025-05-23 09:59:59.999,34353016.86247,130707,80872.477,15108985.75942
2025-05-23 10:00:00,186.84,187.18,185.53,185.93,152508.794,2025-05-23 10:59:59.999,28404158.01203,118514,66681.744,12421870.63995
2025-05-23 11:00:00,185.94,186.15,177.1,177.91,571861.097,2025-05-23 11:59:59.999,103564480.31205,345982,236580.158,42869319.77091
2025-05-23 12:00:00,177.91,180.72,173.29,176.93,902261.084,2025-05-23 12:59:59.999,159432538.11598,508526,457332.439,80875969.92787
2025-05-23 13:00:00,176.92,180.4,175.59,180.15,396183.277,2025-05-23 13:59:59.999,70561468.50725,298275,208185.566,37121059.90875
2025-05-23 14:00:00,180.15,183.76,179.12,182.21,309016.872,2025-05-23 14:59:59.999,55945569.51237,249968,175350.927,31745458.98825
2025-05-23 15:00:00,182.22,183.26,180.59,180.66,268277.912,2025-05-23 15:59:59.999,48848252.1241,214433,122057.077,22232167.39888
2025-05-23 16:00:00,180.67,182.25,179.0,181.2,297912.285,2025-05-23 16:59:59.999,53810276.34525,208421,136527.75,24666123.73358
2025-05-23 17:00:00,181.2,182.15,180.65,181.45,118862.662,2025-05-23 17:59:59.999,21573071.67391,103027,60569.31,10994241.49528
2025-05-23 18:00:00,181.45,181.74,178.41,178.87,151416.738,2025-05-23 18:59:59.999,27224391.82704,103080,59680.933,10728565.96105
2025-05-23 19:00:00,178.87,180.14,178.72,179.14,90458.06,2025-05-23 19:59:59.999,16228086.28786,79722,41989.778,7533837.94525
2025-05-23 20:00:00,179.13,179.26,176.85,177.24,126455.879,2025-05-23 20:59:59.999,22472435.24072,84989,58765.939,10439535.77602
2025-05-23 21:00:00,177.24,178.54,176.41,177.15,169796.288,2025-05-23 21:59:59.999,30106570.80802,95132,82227.538,14585336.35905
2025-05-23 22:00:00,177.15,178.07,175.45,175.67,138269.574,2025-05-23 22:59:59.999,24415308.03283,108000,67950.417,12006429.1921
2025-05-23 23:00:00,175.67,176.01,173.23,174.01,236204.608,2025-05-23 23:59:59.999,41221397.19498,173966,99156.031,17310435.13441
2025-05-24 00:00:00,174.0,175.31,172.5,172.75,213023.078,2025-05-24 00:59:59.999,37075326.18444,155857,97721.012,17022736.61608
2025-05-24 01:00:00,172.75,174.78,172.6,173.81,118933.508,2025-05-24 01:59:59.999,20680666.74666,101708,61942.035,10772890.572
2025-05-24 02:00:00,173.8,175.1,173.24,174.91,91821.378,2025-05-24 02:59:59.999,16027235.59027,68221,51839.301,9048960.70256
2025-05-24 03:00:00,174.91,176.02,174.39,175.11,143330.546,2025-05-24 03:59:59.999,25137956.8869,86395,72446.652,12707886.15599
2025-05-24 04:00:00,175.11,176.28,174.6,176.1,94875.252,2025-05-24 04:59:59.999,16645214.22027,65584,51118.487,8968681.57338
2025-05-24 05:00:00,176.09,176.39,174.5,175.18,97584.741,2025-05-24 05:59:59.999,17117416.83431,63413,36534.668,6408913.79237
2025-05-24 06:00:00,175.17,175.5,173.6,174.58,122906.494,2025-05-24 06:59:59.999,21421492.55249,76942,72375.812,12611082.57045
2025-05-24 07:00:00,174.57,175.41,173.46,173.92,81408.134,2025-05-24 07:59:59.999,14212231.30959,67114,35746.85,6242748.67267
2025-05-24 08:00:00,173.93,175.0,173.24,174.94,85501.223,2025-05-24 08:59:59.999,14875108.22377,76119,43224.167,7521192.60612
2025-05-24 09:00:00,174.95,175.92,174.76,175.34,91014.221,2025-05-24 09:59:59.999,15957670.29587,66112,40673.359,7131366.2324
2025-05-24 10:00:00,175.33,177.73,175.06,177.41,157757.813,2025-05-24 10:59:59.999,27838931.78817,100232,81718.94,14419017.12105
2025-05-24 11:00:00,177.42,178.33,176.77,176.9,159476.038,2025-05-24 11:59:59.999,28311998.48849,104993,88407.272,15696595.05141
2025-05-24 12:00:00,176.89,177.13,176.0,176.54,90143.523,2025-05-24 12:59:59.999,15915480.65786,68009,45183.876,7977553.08828
2025-05-24 13:00:00,176.55,176.76,175.05,175.34,117793.336,2025-05-24 13:59:59.999,20735805.12418,67433,66832.024,11769880.64522
2025-05-24 14:00:00,175.34,177.0,175.18,176.7,54328.318,2025-05-24 14:59:59.999,9576017.92583,55693,30667.013,5406007.10984
2025-05-24 15:00:00,176.71,177.06,175.77,176.31,71727.65,2025-05-24 15:59:59.999,12651907.12083,60217,32462.116,5727882.12068
2025-05-24 16:00:00,176.32,176.7,175.31,176.38,75871.578,2025-05-24 16:59:59.999,13354813.46676,55682,24912.412,4385438.44107
2025-05-24 17:00:00,176.39,177.45,176.38,176.85,70279.217,2025-05-24 17:59:59.999,12443317.41688,54733,28824.487,5103398.54781
2025-05-24 18:00:00,176.85,177.68,176.72,176.79,50234.188,2025-05-24 18:59:59.999,8901222.41405,42394,18481.814,3274924.12085
2025-05-24 19:00:00,176.79,177.56,176.63,177.14,49791.024,2025-05-24 19:59:59.999,8816026.93498,43002,25696.751,4550420.68916
2025-05-24 20:00:00,177.14,177.91,176.88,177.78,40274.15,2025-05-24 20:59:59.999,7143888.94612,37295,18718.277,3320981.13183
2025-05-24 21:00:00,177.78,177.83,176.31,177.33,62990.972,2025-05-24 21:59:59.999,11146644.14416,39755,31748.827,5618301.0857
2025-05-24 22:00:00,177.33,177.34,175.86,176.12,80590.86,2025-05-24 22:59:59.999,14217577.37608,62790,36914.119,6512078.60781
2025-05-24 23:00:00,176.12,176.51,175.35,175.87,96307.779,2025-05-24 23:59:59.999,16947044.65397,88243,53375.165,9392956.14374
2025-05-25 00:00:00,175.87,176.88,171.71,172.31,250481.874,2025-05-25 00:59:59.999,43587651.91548,147369,104645.266,18228180.53611
2025-05-25 01:00:00,172.3,172.71,170.66,171.54,186977.273,2025-05-25 01:59:59.999,32107695.23318,163334,92974.421,15965943.25735
2025-05-25 02:00:00,171.55,172.66,170.36,172.39,119433.664,2025-05-25 02:59:59.999,20507650.36889,105661,55931.397,9604126.41205
2025-05-25 03:00:00,172.38,174.02,172.28,173.64,99054.325,2025-05-25 03:59:59.999,17167938.2303,78967,61470.878,10654385.85348
2025-05-25 04:00:00,173.64,174.36,172.64,174.32,67015.506,2025-05-25 04:59:59.999,11610173.53222,54058,27616.0,4787202.75875
2025-05-25 05:00:00,174.32,174.41,173.38,174.02,60258.824,2025-05-25 05:59:59.999,10484568.02064,50968,23995.767,4175205.22596
2025-05-25 06:00:00,174.02,174.03,173.13,173.45,45509.462,2025-05-25 06:59:59.999,7897574.65352,43049,25124.754,4359808.48199
2025-05-25 07:00:00,173.44,173.46,171.88,172.34,78213.383,2025-05-25 07:59:59.999,13491961.63071,66197,36552.148,6303624.97326
2025-05-25 08:00:00,172.35,172.36,170.13,170.8,134610.502,2025-05-25 08:59:59.999,23037911.46414,99513,56121.065,9607309.06673
2025-05-25 09:00:00,170.81,172.18,170.27,172.06,211425.03,2025-05-25 09:59:59.999,36240214.49007,106997,81367.965,13943819.67878
2025-05-25 10:00:00,172.05,172.26,170.9,171.17,86363.478,2025-05-25 10:59:59.999,14826869.32657,59853,34353.862,5898438.74946
2025-05-25 11:00:00,171.18,172.03,171.05,171.98,77428.648,2025-05-25 11:59:59.999,13290521.40209,53783,30074.362,5162774.91268
2025-05-25 12:00:00,171.99,172.66,171.42,172.6,76415.554,2025-05-25 12:59:59.999,13152465.65362,69295,37339.476,6427275.04096
2025-05-25 13:00:00,172.59,172.64,171.0,171.99,124709.724,2025-05-25 13:59:59.999,21433838.13565,69790,59731.743,10262413.75366
2025-05-25 14:00:00,171.98,172.36,170.33,171.07,80378.678,2025-05-25 14:59:59.999,13768573.05317,64805,33906.259,5811829.55991
2025-05-25 15:00:00,171.07,171.39,169.14,170.29,172025.885,2025-05-25 15:59:59.999,29248091.81159,130061,65799.318,11191854.19385
2025-05-25 16:00:00,170.29,170.43,169.18,170.08,95574.09,2025-05-25 16:59:59.999,16237922.74593,73633,44328.923,7531035.32259
2025-05-25 17:00:00,170.07,171.14,170.07,170.95,60005.865,2025-05-25 17:59:59.999,10245923.74976,48263,24729.404,4221860.53317
2025-05-25 18:00:00,170.96,171.88,170.72,171.65,64206.657,2025-05-25 18:59:59.999,11009499.93951,46445,22853.95,3918782.42651
2025-05-25 19:00:00,171.64,172.77,171.55,172.52,57224.858,2025-05-25 19:59:59.999,9852725.79814,38699,25715.943,4428892.04723
2025-05-25 20:00:00,172.53,172.59,171.54,171.93,50933.361,2025-05-25 20:59:59.999,8762025.90217,44352,20673.242,3556433.95174
2025-05-25 21:00:00,171.92,172.63,170.96,171.51,44613.678,2025-05-25 21:59:59.999,7669217.84623,40140,18554.451,3191125.95351
2025-05-25 22:00:00,171.52,174.93,171.35,174.89,175225.629,2025-05-25 22:59:59.999,30440473.50753,130960,110860.556,19259379.31205
2025-05-25 23:00:00,174.89,175.91,173.84,175.74,112277.911,2025-05-25 23:59:59.999,19636310.82299,84625,62985.949,11019084.07728
2025-05-26 00:00:00,175.75,177.65,175.04,177.56,186703.842,2025-05-26 00:59:59.999,32933855.85574,107513,106397.429,18782703.70612
2025-05-26 01:00:00,177.56,177.83,176.1,176.54,159026.527,2025-05-26 01:59:59.999,28096203.41321,96920,83995.091,14841922.94905
2025-05-26 02:00:00,176.54,177.12,175.68,176.06,91999.954,2025-05-26 02:59:59.999,16226404.4398,58261,51505.166,9085380.79371
2025-05-26 03:00:00,176.07,177.64,175.96,177.01,123846.096,2025-05-26 03:59:59.999,21918463.68774,60141,58288.64,10317438.7759
2025-05-26 04:00:00,177.02,177.32,176.6,177.18,56481.018,2025-05-26 04:59:59.999,9998440.86894,45995,26207.894,4638789.43812
2025-05-26 05:00:00,177.18,177.99,177.15,177.61,90342.111,2025-05-26 05:59:59.999,16046797.84734,49790,43785.266,7777796.31756
2025-05-26 06:00:00,177.62,178.21,177.24,177.96,108995.072,2025-05-26 06:59:59.999,19373835.31133,52413,49814.366,8858424.86682
2025-05-26 07:00:00,177.97,179.02,177.2,178.16,121672.484,2025-05-26 07:59:59.999,21667874.18311,88954,60873.678,10848184.36989
2025-05-26 08:00:00,178.15,178.36,177.18,177.39,81761.764,2025-05-26 08:59:59.999,14528770.71184,61380,35696.15,6344442.46254
2025-05-26 09:00:00,177.4,177.92,176.64,176.82,70393.178,2025-05-26 09:59:59.999,12474733.26569,57262,28732.013,5093185.28626
2025-05-26 10:00:00,176.81,177.33,176.42,176.76,72735.071,2025-05-26 10:59:59.999,12863150.89548,51899,37685.496,6665503.35951
2025-05-26 11:00:00,176.76,178.0,176.46,177.91,76718.615,2025-05-26 11:59:59.999,13609045.8492,52002,42159.361,7478773.26412
2025-05-26 12:00:00,177.91,178.53,177.23,178.17,74812.502,2025-05-26 12:59:59.999,13298306.85046,66281,36040.072,6407599.93917
2025-05-26 13:00:00,178.17,178.76,176.04,176.69,114705.236,2025-05-26 13:59:59.999,20365342.74672,94507,47624.822,8459929.03871
2025-05-26 14:00:00,176.69,177.41,175.89,176.71,93231.725,2025-05-26 14:59:59.999,16469786.54705,98461,39745.388,7022557.32802
2025-05-26 15:00:00,176.72,178.8,176.27,177.49,111849.037,2025-05-26 15:59:59.999,19874063.1935,108748,62114.069,11037557.42544
2025-05-26 16:00:00,177.49,178.06,175.18,175.65,136537.687,2025-05-26 16:59:59.999,24063823.54941,132587,63845.824,11252767.34705
2025-05-26 17:00:00,175.64,176.21,173.76,173.98,119000.539,2025-05-26 17:59:59.999,20797943.84161,99106,55255.449,9659262.5468
2025-05-26 18:00:00,173.98,175.04,173.48,174.19,66413.03,2025-05-26 18:59:59.999,11580314.96629,62207,35012.369,6106972.6535
2025-05-26 19:00:00,174.19,174.56,173.7,174.05,48356.802,2025-05-26 19:59:59.999,8419822.34713,50470,27811.376,4842508.46522
2025-05-26 20:00:00,174.05,175.39,173.64,175.38,73812.126,2025-05-26 20:59:59.999,12884689.65215,71924,39620.327,6914268.19046
2025-05-26 21:00:00,175.38,175.56,174.3,175.04,42144.031,2025-05-26 21:59:59.999,7372561.49389,48230,22135.596,3872454.68433
2025-05-26 22:00:00,175.04,176.04,174.0,174.2,53555.57,2025-05-26 22:59:59.999,9366031.87732,59051,25097.245,4391039.64702
2025-05-26 23:00:00,174.2,175.0,173.9,174.91,39630.779,2025-05-26 23:59:59.999,6912349.06156,46426,23097.197,4028752.51476
2025-05-27 00:00:00,174.92,175.79,174.01,174.13,53163.575,2025-05-27 00:59:59.999,9288028.77503,70177,25075.857,4381119.45483
2025-05-27 01:00:00,174.13,174.13,171.24,172.09,222802.03,2025-05-27 01:59:59.999,38391614.81261,184996,105296.407,18139049.2232
2025-05-27 02:00:00,172.09,173.17,171.77,172.35,91961.501,2025-05-27 02:59:59.999,15864671.06486,71391,48966.021,8449569.99703
2025-05-27 03:00:00,172.34,174.1,172.34,173.51,75004.671,2025-05-27 03:59:59.999,13008884.8418,76561,40140.807,6961696.21035
2025-05-27 04:00:00,173.5,174.24,172.97,173.17,54749.467,2025-05-27 04:59:59.999,9512130.4918,57119,26286.327,4569188.00275
2025-05-27 05:00:00,173.17,173.99,172.5,173.59,56750.525,2025-05-27 05:59:59.999,9823323.42517,56042,32563.913,5638359.83728
2025-05-27 06:00:00,173.59,175.27,173.56,173.59,114912.744,2025-05-27 06:59:59.999,20052340.58601,110147,58122.419,10145150.47375
2025-05-27 07:00:00,173.6,175.9,173.59,175.46,83746.663,2025-05-27 07:59:59.999,14650369.69295,73302,44553.857,7792165.76296
2025-05-27 08:00:00,175.47,176.61,175.34,175.85,111590.985,2025-05-27 08:59:59.999,19638700.06892,88936,59550.193,10482180.08178
2025-05-27 09:00:00,175.84,176.06,175.01,175.89,69010.039,2025-05-27 09:59:59.999,12110596.49514,59197,38589.363,6771699.22492
2025-05-27 10:00:00,175.89,176.3,175.7,176.16,53882.759,2025-05-27 10:59:59.999,9484052.8479,52296,28927.147,5091741.96351
2025-05-27 11:00:00,176.16,177.17,175.48,176.8,91415.224,2025-05-27 11:59:59.999,16128417.73734,70615,45427.179,8016548.56451
2025-05-27 12:00:00,176.8,177.4,176.28,177.02,81802.03,2025-05-27 12:59:59.999,14464202.30786,69479,40005.983,7076700.34925
2025-05-27 13:00:00,177.02,179.41,176.76,177.68,340040.871,2025-05-27 13:59:59.999,60657537.48035,214212,172742.728,30816373.44861
2025-05-27 14:00:00,177.68,178.4,175.02,177.2,223567.371,2025-05-27 14:59:59.999,39539825.54808,183319,101127.03,17884562.24758
2025-05-27 15:00:00,177.2,178.72,176.65,178.44,138867.371,2025-05-27 15:59:59.999,24688576.09628,125073,72950.267,12975812.84836
2025-05-27 16:00:00,178.45,179.1,177.52,178.18,110895.916,2025-05-27 16:59:59.999,19778187.7392,103669,51652.222,9214990.51154
2025-05-27 17:00:00,178.17,179.3,177.94,178.41,147758.439,2025-05-27 17:59:59.999,26398187.72315,99511,77677.411,13878600.41068
2025-05-27 18:00:00,178.41,179.16,177.97,178.55,77954.126,2025-05-27 18:59:59.999,13924583.2746,75799,38355.288,6852976.86461
2025-05-27 19:00:00,178.55,179.29,177.43,177.5,84712.131,2025-05-27 19:59:59.999,15113297.44484,67938,37279.846,6657191.21042
2025-05-27 20:00:00,177.51,178.64,177.17,178.02,61893.512,2025-05-27 20:59:59.999,11017205.21637,63998,26524.551,4722272.71917
2025-05-27 21:00:00,178.02,178.26,175.93,176.39,89000.759,2025-05-27 21:59:59.999,15748931.00881,60169,36240.716,6409742.02727
2025-05-27 22:00:00,176.4,177.0,175.42,176.63,88791.471,2025-05-27 22:59:59.999,15641986.66852,65761,39690.488,6997258.25543
2025-05-27 23:00:00,176.63,177.02,176.1,176.71,44235.188,2025-05-27 23:59:59.999,7813308.19802,44713,20796.583,3673768.8449
2025-05-28 00:00:00,176.72,177.4,175.86,177.24,68894.432,2025-05-28 00:59:59.999,12168334.55135,62581,36895.181,6517649.93148
2025-05-28 01:00:00,177.25,177.45,175.2,175.47,77166.074,2025-05-28 01:59:59.999,13605632.2822,66304,30289.176,5342037.38464
2025-05-28 02:00:00,175.46,175.46,174.38,174.62,151917.658,2025-05-28 02:59:59.999,26563134.85481,87068,78661.457,13751577.64494
2025-05-28 03:00:00,174.62,175.29,174.22,175.12,80563.012,2025-05-28 03:59:59.999,14072392.86335,53509,48607.528,8492264.59139
2025-05-28 04:00:00,175.13,175.33,174.33,174.9,49298.744,2025-05-28 04:59:59.999,8622283.14677,45420,25746.329,4502907.63232
2025-05-28 05:00:00,174.91,175.18,174.5,174.6,58875.114,2025-05-28 05:59:59.999,10289638.24943,39271,26739.471,4673812.41539
2025-05-28 06:00:00,174.6,174.61,173.7,174.04,67230.78,2025-05-28 06:59:59.999,11703560.20696,58667,24602.509,4282310.57329
2025-05-28 07:00:00,174.05,174.53,173.8,173.89,66027.048,2025-05-28 07:59:59.999,11502030.12223,45492,27403.775,4775368.38511
2025-05-28 08:00:00,173.9,174.47,173.5,174.11,101890.817,2025-05-28 08:59:59.999,17728254.11309,55550,54708.789,9521965.81232
2025-05-28 09:00:00,174.11,174.16,172.9,173.43,76330.574,2025-05-28 09:59:59.999,13241964.08279,61090,31311.976,5433356.66473
2025-05-28 10:00:00,173.43,174.32,172.86,174.0,101724.911,2025-05-28 10:59:59.999,17668476.99372,61404,44266.944,7690665.11711
2025-05-28 11:00:00,174.0,174.53,173.66,174.51,44635.034,2025-05-28 11:59:59.999,7773941.69494,38248,25540.467,4448693.9445
2025-05-28 12:00:00,174.52,175.13,174.13,174.22,119675.085,2025-05-28 12:59:59.999,20904503.25484,66015,62853.148,10979568.7862
2025-05-28 13:00:00,174.22,174.51,172.45,172.59,158877.517,2025-05-28 13:59:59.999,27570219.44712,132312,67367.72,11697951.29186
2025-05-28 14:00:00,172.58,172.94,170.03,170.18,323275.744,2025-05-28 14:59:59.999,55466712.95273,181738,141730.712,24326020.81825
2025-05-28 15:00:00,170.17,170.55,168.92,169.7,271484.926,2025-05-28 15:59:59.999,46104865.37122,143049,132625.117,22530565.95528
2025-05-28 16:00:00,169.71,171.06,169.58,171.06,109619.62,2025-05-28 16:59:59.999,18675299.57554,66077,63466.949,10814193.67559
2025-05-28 17:00:00,171.05,172.03,170.25,170.86,121456.465,2025-05-28 17:59:59.999,20815647.7627,79353,65798.584,11283234.63929
2025-05-28 18:00:00,170.87,171.5,169.82,169.97,100765.57,2025-05-28 18:59:59.999,17205891.36914,72094,44287.751,7568047.05443
2025-05-28 19:00:00,169.96,170.89,169.13,169.42,136244.136,2025-05-28 19:59:59.999,23134873.44131,94329,52152.046,8862127.4892
2025-05-28 20:00:00,169.42,170.8,169.23,170.79,66194.196,2025-05-28 20:59:59.999,11252692.76711,73051,33604.826,5712868.9391
2025-05-28 21:00:00,170.8,171.6,170.55,171.54,34303.454,2025-05-28 21:59:59.999,5868462.46049,31909,21093.546,3608589.03246
2025-05-28 22:00:00,171.53,171.58,170.36,170.9,45201.317,2025-05-28 22:59:59.999,7720876.43101,43483,22579.628,3856519.5015
2025-05-28 23:00:00,170.9,172.66,170.9,172.21,103008.649,2025-05-28 23:59:59.999,17719632.48138,81695,66395.897,11420991.06355
2025-05-29 00:00:00,172.22,173.7,171.35,173.63,132008.878,2025-05-29 00:59:59.999,22751949.16364,90806,75334.409,12991211.61424
2025-05-29 01:00:00,173.63,173.67,172.51,172.97,90382.46,2025-05-29 01:59:59.999,15642069.11819,71784,39830.759,6892228.5843
2025-05-29 02:00:00,172.97,175.12,172.28,175.02,187642.319,2025-05-29 02:59:59.999,32648341.82376,112125,107783.702,18757330.99146
2025-05-29 03:00:00,175.02,175.34,173.32,173.7,143351.786,2025-05-29 03:59:59.999,24963302.03815,90772,67539.233,11766593.69656
2025-05-29 04:00:00,173.69,173.95,170.12,171.94,161834.253,2025-05-29 04:59:59.999,27808733.9281,115424,70719.967,12151589.58175
2025-05-29 05:00:00,171.95,172.52,171.64,172.02,68180.426,2025-05-29 05:59:59.999,11728052.73587,57710,30869.262,5310774.92848
2025-05-29 06:00:00,172.02,172.84,171.78,172.57,43906.958,2025-05-29 06:59:59.999,7565742.67227,40940,22037.345,3797992.71748
2025-05-29 07:00:00,172.58,173.02,171.91,172.23,52917.598,2025-05-29 07:59:59.999,9133086.5148,50156,29692.819,5126232.86711
2025-05-29 08:00:00,172.23,173.41,171.64,173.06,80115.888,2025-05-29 08:59:59.999,13828083.69193,64624,41955.951,7241999.35361
2025-05-29 09:00:00,173.07,173.23,172.38,172.71,51355.095,2025-05-29 09:59:59.999,8875724.21133,48698,22182.797,3834080.39123
2025-05-29 10:00:00,172.71,172.86,172.13,172.61,42803.521,2025-05-29 10:59:59.999,7383391.32955,48347,19878.703,3429535.77684
2025-05-29 11:00:00,172.61,173.46,172.51,172.88,77352.713,2025-05-29 11:59:59.999,13383339.42781,57738,31249.563,5407716.79971
2025-05-29 12:00:00,172.87,172.92,171.45,171.83,92670.153,2025-05-29 12:59:59.999,15959173.87464,77260,37935.502,6534022.6848
2025-05-29 13:00:00,171.83,172.52,170.52,170.8,152382.456,2025-05-29 13:59:59.999,26104133.56956,104943,57958.512,9929437.79108
2025-05-29 14:00:00,170.8,171.02,169.03,170.72,273188.905,2025-05-29 14:59:59.999,46403388.57878,160306,123521.407,20986289.82833
2025-05-29 15:00:00,170.71,170.97,169.61,169.75,80645.402,2025-05-29 15:59:59.999,13736304.19842,77449,33609.099,5723954.14922
2025-05-29 16:00:00,169.76,170.3,167.82,168.38,184684.644,2025-05-29 16:59:59.999,31206675.03107,104204,58030.632,9811432.34121
2025-05-29 17:00:00,168.38,169.47,168.01,168.81,132772.511,2025-05-29 17:59:59.999,22383263.7597,111245,58103.535,9800543.11938
2025-05-29 18:00:00,168.82,169.81,167.85,167.88,106705.539,2025-05-29 18:59:59.999,18016687.60695,85269,52308.302,8836018.24742
2025-05-29 19:00:00,167.88,168.33,166.03,166.84,214442.972,2025-05-29 19:59:59.999,35802294.04554,147770,97763.777,16319235.5028
2025-05-29 20:00:00,166.83,167.61,166.74,167.28,104554.88,2025-05-29 20:59:59.999,17476800.37632,70598,59206.815,9895988.63258
2025-05-29 21:00:00,167.29,168.55,167.19,168.4,44628.628,2025-05-29 21:59:59.999,7490322.22358,32406,24536.412,4118726.08226
2025-05-29 22:00:00,168.41,168.44,167.02,167.03,61223.238,2025-05-29 22:59:59.999,10274576.82698,50645,23740.702,3983967.87536
2025-05-29 23:00:00,167.03,167.57,165.96,166.71,62038.745,2025-05-29 23:59:59.999,10337907.35988,62378,25551.389,4259473.82941
2025-05-30 00:00:00,166.71,167.51,160.13,161.85,405938.453,2025-05-30 00:59:59.999,66343228.88202,215818,149693.221,24491239.9447
2025-05-30 01:00:00,161.86,164.1,161.65,163.45,237914.271,2025-05-30 01:59:59.999,38814696.61378,179284,120869.698,19716036.87728
2025-05-30 02:00:00,163.44,165.31,163.36,165.1,146607.915,2025-05-30 02:59:59.999,24146335.8323,94568,75919.217,12500704.12176
2025-05-30 03:00:00,165.09,165.77,164.83,165.16,79760.685,2025-05-30 03:59:59.999,13189321.6733,62501,46308.405,7658808.8048
2025-05-30 04:00:00,165.15,165.48,164.51,165.36,66579.014,2025-05-30 04:59:59.999,10980937.83658,49478,30269.903,4994029.24907
2025-05-30 05:00:00,165.36,165.86,164.73,165.24,100502.421,2025-05-30 05:59:59.999,16626792.33529,59654,56579.432,9360476.98624
2025-05-30 06:00:00,165.24,165.27,162.57,163.46,127811.414,2025-05-30 06:59:59.999,20942573.22264,92896,52727.637,8642418.91993
2025-05-30 07:00:00,163.47,164.35,162.63,162.68,154723.486,2025-05-30 07:59:59.999,25299660.06333,113915,66655.515,10900129.0236
2025-05-30 08:00:00,162.68,163.98,161.88,163.59,140260.113,2025-05-30 08:59:59.999,22865325.96666,115754,73079.825,11914990.46698
2025-05-30 09:00:00,163.58,164.15,161.48,163.16,172163.401,2025-05-30 09:59:59.999,27988552.85883,121935,75455.412,12268948.1526
2025-05-30 10:00:00,163.16,163.87,162.21,163.84,92030.47,2025-05-30 10:59:59.999,14999884.42178,77042,49468.934,8062737.08876
2025-05-30 11:00:00,163.83,164.16,163.37,163.83,66618.668,2025-05-30 11:59:59.999,10913154.54359,66903,27831.555,4559370.08534
2025-05-30 12:00:00,163.83,163.96,161.74,162.98,141235.679,2025-05-30 12:59:59.999,22990496.05313,120576,60235.647,9804792.92731
2025-05-30 13:00:00,162.99,163.4,160.75,160.89,146925.734,2025-05-30 13:59:59.999,23791463.28154,132382,59721.831,9674412.98391
2025-05-30 14:00:00,160.89,162.05,160.1,160.99,175956.132,2025-05-30 14:59:59.999,28334346.42305,164159,82187.939,13238419.10026
2025-05-30 15:00:00,160.99,162.27,160.82,161.23,151040.841,2025-05-30 15:59:59.999,24387549.98494,105267,66817.51,10789426.74003
2025-05-30 16:00:00,161.23,161.77,156.01,157.86,433102.198,2025-05-30 16:59:59.999,68561192.03203,288149,179331.37,28366910.36144
2025-05-30 17:00:00,157.87,159.19,157.7,158.57,144604.569,2025-05-30 17:59:59.999,22925007.84426,126472,72961.565,11567719.64295
2025-05-30 18:00:00,158.58,160.8,158.33,160.42,213876.805,2025-05-30 18:59:59.999,34238224.98917,120097,117516.566,18812828.23264
2025-05-30 19:00:00,160.41,161.51,160.06,160.81,62831.279,2025-05-30 19:59:59.999,10093269.33928,53908,34436.315,5532844.69857
2025-05-30 20:00:00,160.81,160.91,159.84,159.9,47956.463,2025-05-30 20:59:59.999,7684910.39404,45983,20851.11,3341333.59001
2025-05-30 21:00:00,159.9,161.03,159.79,159.96,64463.05,2025-05-30 21:59:59.999,10342477.06533,42717,37249.336,5979112.98356
2025-05-30 22:00:00,159.96,160.25,156.73,156.75,187161.469,2025-05-30 22:59:59.999,29742594.74571,110503,91900.657,14611524.24389
2025-05-30 23:00:00,156.75,157.46,155.22,156.2,210214.982,2025-05-30 23:59:59.999,32874483.10826,185028,83359.899,13037086.34305
2025-05-31 00:00:00,156.2,157.24,154.46,155.84,195149.199,2025-05-31 00:59:59.999,30423959.7268,192308,88902.341,13870075.96906
2025-05-31 01:00:00,155.84,156.83,152.54,153.3,306860.34,2025-05-31 01:59:59.999,47314757.51096,275331,138912.903,21422689.83757
2025-05-31 02:00:00,153.29,155.15,152.18,152.54,165193.733,2025-05-31 02:59:59.999,25388761.27853,148542,76942.715,11832416.02284
2025-05-31 03:00:00,152.55,154.49,152.14,154.16,98477.788,2025-05-31 03:59:59.999,15084565.66871,115201,57754.737,8847889.4875
2025-05-31 04:00:00,154.15,155.72,153.03,155.67,82972.138,2025-05-31 04:59:59.999,12805884.68639,84211,47856.561,7383950.92643
2025-05-31 05:00:00,155.68,155.86,154.21,154.23,66670.86,2025-05-31 05:59:59.999,10332749.7097,65418,27843.901,4317698.77679
2025-05-31 06:00:00,154.23,155.5,154.04,155.13,51712.122,2025-05-31 06:59:59.999,8010844.90077,52097,29422.734,4559157.05941
2025-05-31 07:00:00,155.13,155.27,154.21,154.84,39414.901,2025-05-31 07:59:59.999,6102085.33309,52800,19202.427,2972518.90566
2025-05-31 08:00:00,154.85,155.26,154.21,155.0,66036.858,2025-05-31 08:59:59.999,10223940.93417,57706,34221.559,5298675.56359
2025-05-31 09:00:00,154.99,155.16,153.56,153.88,77080.664,2025-05-31 09:59:59.999,11876885.80357,73655,32839.064,5060020.20899
2025-05-31 10:00:00,153.88,154.79,152.73,153.52,100950.604,2025-05-31 10:59:59.999,15514844.504,95375,46464.087,7142158.44781
2025-05-31 11:00:00,153.52,153.64,152.62,152.92,76312.239,2025-05-31 11:59:59.999,11681424.48695,53224,28580.798,4375837.85143
2025-05-31 12:00:00,152.92,155.18,152.57,155.1,102311.707,2025-05-31 12:59:59.999,15762927.63248,70160,59755.255,9213186.02061
2025-05-31 13:00:00,155.1,156.03,154.51,154.83,132483.952,2025-05-31 13:59:59.999,20570185.24846,97187,64261.098,9981400.23272
2025-05-31 14:00:00,154.83,155.95,154.75,155.69,116095.235,2025-05-31 14:59:59.999,18059198.06486,67167,77144.353,11999113.25111
2025-05-31 15:00:00,155.69,156.77,155.37,155.63,117267.763,2025-05-31 15:59:59.999,18294328.3741,77349,57289.172,8936537.48885
2025-05-31 16:00:00,155.64,156.86,155.19,156.65,113774.842,2025-05-31 16:59:59.999,17777902.75109,66797,61448.995,9604955.74404
2025-05-31 17:00:00,156.65,156.8,155.51,155.67,91477.724,2025-05-31 17:59:59.999,14294719.38288,63704,44754.249,6995766.72574
2025-05-31 18:00:00,155.67,156.63,155.58,156.42,32271.161,2025-05-31 18:59:59.999,5042527.9334,36622,18200.152,2843834.43034
2025-05-31 19:00:00,156.41,157.97,156.41,157.52,95145.224,2025-05-31 19:59:59.999,14982262.27935,58014,53383.379,8405909.006
2025-05-31 20:00:00,157.53,157.68,157.16,157.38,43839.83,2025-05-31 20:59:59.999,6900342.44377,32344,20289.986,3193699.62779
2025-05-31 21:00:00,157.38,157.97,157.08,157.81,77427.136,2025-05-31 21:59:59.999,12205273.58318,41632,33981.625,5356427.68733
2025-05-31 22:00:00,157.8,158.01,156.86,156.87,51426.368,2025-05-31 22:59:59.999,8092645.49875,50682,23442.692,3689803.91537
2025-05-31 23:00:00,156.86,157.68,156.31,156.45,51905.364,2025-05-31 23:59:59.999,8142594.20553,43950,25243.547,3959933.05309
2025-06-01 00:00:00,156.45,156.68,155.73,156.22,53827.518,2025-06-01 00:59:59.999,8404968.97244,52102,23538.732,3675504.15505
2025-06-01 01:00:00,156.22,156.73,154.68,155.18,81301.465,2025-06-01 01:59:59.999,12643769.57963,64754,28920.212,4500424.97048
2025-06-01 02:00:00,155.19,155.34,154.29,154.79,79089.156,2025-06-01 02:59:59.999,12246472.10143,69993,42678.639,6609853.32511
2025-06-01 03:00:00,154.79,154.9,153.4,154.72,103724.205,2025-06-01 03:59:59.999,16001349.17815,63718,56620.457,8737364.70327
2025-06-01 04:00:00,154.72,155.94,154.56,155.5,62203.549,2025-06-01 04:59:59.999,9663187.80503,50137,38287.729,5947199.7305
2025-06-01 05:00:00,155.5,155.92,155.13,155.39,46788.715,2025-06-01 05:59:59.999,7280391.03775,38780,22689.703,3530866.4641
2025-06-01 06:00:00,155.38,155.45,154.62,154.84,44026.475,2025-06-01 06:59:59.999,6824770.21398,39815,21522.355,3337015.23376
2025-06-01 07:00:00,154.84,154.94,154.14,154.45,39180.786,2025-06-01 07:59:59.999,6053298.16708,43901,17031.74,2631440.88852
2025-06-01 08:00:00,154.45,154.64,152.92,153.37,103733.981,2025-06-01 08:59:59.999,15927415.77562,73208,41015.225,6299365.47186
2025-06-01 09:00:00,153.36,153.79,150.81,151.52,191390.334,2025-06-01 09:59:59.999,29071945.86257,158857,77767.605,11813844.01702
2025-06-01 10:00:00,151.52,151.83,150.59,151.62,100775.692,2025-06-01 10:59:59.999,15242769.76447,89411,51146.819,7738101.05472
2025-06-01 11:00:00,151.62,152.34,151.37,152.05,57658.114,2025-06-01 11:59:59.999,8760733.38889,60418,27314.624,4150246.74386
2025-06-01 12:00:00,152.05,152.37,150.66,151.09,61639.804,2025-06-01 12:59:59.999,9330653.87321,69264,29670.239,4493637.71126
2025-06-01 13:00:00,151.09,152.35,151.02,152.02,67561.157,2025-06-01 13:59:59.999,10262071.56313,67808,34371.701,5220077.68612
2025-06-01 14:00:00,152.01,153.92,152.01,153.26,100009.545,2025-06-01 14:59:59.999,15329161.34598,98247,55752.94,8545032.53164
2025-06-01 15:00:00,153.25,154.57,152.99,154.17,79807.089,2025-06-01 15:59:59.999,12284045.56425,69980,45849.421,7057323.74456
2025-06-01 16:00:00,154.18,156.69,154.04,155.89,176514.091,2025-06-01 16:59:59.999,27472459.95199,119666,86674.514,13486028.46586
2025-06-01 17:00:00,155.88,156.73,155.52,156.34,96819.121,2025-06-01 17:59:59.999,15111818.15705,66470,48016.31,7496204.62678
2025-06-01 18:00:00,156.33,156.36,153.47,154.72,152778.058,2025-06-01 18:59:59.999,23631071.73315,94157,57512.465,8890580.9123
2025-06-01 19:00:00,154.72,155.97,154.54,155.89,84379.446,2025-06-01 19:59:59.999,13097493.567,60248,47438.349,7365512.96028
2025-06-01 20:00:00,155.88,156.23,155.18,155.69,63017.949,2025-06-01 20:59:59.999,9814715.82503,41562,30558.836,4760943.95041
2025-06-01 21:00:00,155.68,157.23,155.58,156.91,58586.679,2025-06-01 21:59:59.999,9172891.18061,39213,31707.526,4964596.52364
2025-06-01 22:00:00,156.9,157.41,156.38,157.2,69482.213,2025-06-01 22:59:59.999,10903213.64492,60843,33306.531,5227375.40187
2025-06-01 23:00:00,157.2,157.92,156.96,157.68,67835.899,2025-06-01 23:59:59.999,10685309.18148,56038,34769.962,5476722.69632
2025-06-02 00:00:00,157.68,158.22,157.19,157.81,95323.856,2025-06-02 00:59:59.999,15028870.83179,75394,51368.638,8100268.89501
2025-06-02 01:00:00,157.81,158.93,157.81,158.06,78251.746,2025-06-02 01:59:59.999,12392433.68987,64687,39808.677,6305262.15015
2025-06-02 02:00:00,158.06,158.28,156.66,156.86,94747.132,2025-06-02 02:59:59.999,14910407.85228,69746,38957.553,6130078.00136
2025-06-02 03:00:00,156.86,156.93,155.36,155.46,111607.753,2025-06-02 03:59:59.999,17408162.19021,75037,47730.413,7444443.11486
2025-06-02 04:00:00,155.46,156.23,155.1,155.29,56210.019,2025-06-02 04:59:59.999,8751946.08585,52438,26627.618,4147565.10994
2025-06-02 05:00:00,155.3,156.21,154.69,155.35,73219.791,2025-06-02 05:59:59.999,11374128.80718,60667,28834.22,4481142.29507
2025-06-02 06:00:00,155.35,156.15,154.66,155.73,71385.801,2025-06-02 06:59:59.999,11098855.49893,60157,32213.054,5009950.87899
2025-06-02 07:00:00,155.73,156.73,155.36,155.55,84030.088,2025-06-02 07:59:59.999,13107854.12968,71025,41468.643,6470751.97578
2025-06-02 08:00:00,155.54,156.55,154.38,154.86,117748.974,2025-06-02 08:59:59.999,18301910.24454,88809,50003.887,7778209.74961
2025-06-02 09:00:00,154.86,154.88,153.21,153.54,144749.119,2025-06-02 09:59:59.999,22263300.18488,108888,56554.283,8699456.05347
2025-06-02 10:00:00,153.53,154.24,152.95,154.01,85683.312,2025-06-02 10:59:59.999,13159480.34588,73123,42959.613,6599027.92623
2025-06-02 11:00:00,154.02,154.65,153.31,153.45,144632.333,2025-06-02 11:59:59.999,22275926.37368,77791,83762.822,12905725.54073
2025-06-02 12:00:00,153.44,154.37,153.14,154.21,106982.848,2025-06-02 12:59:59.999,16440713.83496,71991,51681.524,7944110.10354
2025-06-02 13:00:00,154.22,154.5,152.0,152.24,167003.633,2025-06-02 13:59:59.999,25593619.66878,123650,75890.793,11632566.40573
2025-06-02 14:00:00,152.23,154.27,151.67,153.01,175804.201,2025-06-02 14:59:59.999,26883456.19532,141230,89157.306,13634383.93024
2025-06-02 15:00:00,153.02,153.86,152.04,153.16,127868.931,2025-06-02 15:59:59.999,19542446.0454,103297,63369.958,9687056.41376
2025-06-02 16:00:00,153.16,153.32,152.02,153.04,99387.13,2025-06-02 16:59:59.999,15170305.25126,77217,47363.863,7230171.42452
2025-06-02 17:00:00,153.04,153.84,152.45,153.67,83092.316,2025-06-02 17:59:59.999,12731334.22391,78459,42920.676,6577399.05073
2025-06-02 18:00:00,153.67,155.13,153.03,153.22,103500.69,2025-06-02 18:59:59.999,15943150.32068,81229,52896.953,8150040.24659
2025-06-02 19:00:00,153.22,153.64,151.77,152.95,103302.1,2025-06-02 19:59:59.999,15751306.34229,85273,49073.117,7483894.59642
2025-06-02 20:00:00,152.96,154.54,152.92,154.31,98194.281,2025-06-02 20:59:59.999,15127937.26948,80651,53952.414,8311319.16222
2025-06-02 21:00:00,154.31,155.5,154.24,155.43,70730.222,2025-06-02 21:59:59.999,10953122.85782,58560,36423.461,5640717.01139
2025-06-02 22:00:00,155.42,156.8,155.41,156.22,103236.303,2025-06-02 22:59:59.999,16118523.18393,96932,56010.237,8745528.49054
2025-06-02 23:00:00,156.22,157.24,156.18,156.83,105359.612,2025-06-02 23:59:59.999,16513285.79744,74246,47909.666,7508274.33809
2025-06-03 00:00:00,156.83,159.01,156.39,158.88,194343.948,2025-06-03 00:59:59.999,30711856.00811,122976,91721.169,14497698.89956
2025-06-03 01:00:00,158.88,162.25,158.87,161.95,232438.335,2025-06-03 01:59:59.999,37322543.44965,159109,136422.94,21903529.54373
2025-06-03 02:00:00,161.95,162.38,159.63,159.85,223766.15,2025-06-03 02:59:59.999,36054828.45719,129920,85857.596,13835889.32884
2025-06-03 03:00:00,159.85,160.19,158.35,159.44,117544.123,2025-06-03 03:59:59.999,18695187.56101,81548,47965.057,7630256.50615
2025-06-03 04:00:00,159.45,159.59,158.22,158.46,66783.089,2025-06-03 04:59:59.999,10610773.12638,61259,23785.3,3778781.12153
2025-06-03 05:00:00,158.46,159.75,158.46,159.51,60239.854,2025-06-03 05:59:59.999,9590727.64796,49444,33540.422,5340971.81685
2025-06-03 06:00:00,159.51,159.93,158.93,159.91,73919.333,2025-06-03 06:59:59.999,11784289.28696,45229,38974.969,6214578.03388
2025-06-03 07:00:00,159.92,160.2,159.32,159.82,60079.181,2025-06-03 07:59:59.999,9603931.3961,45489,30286.909,4842210.15294
2025-06-03 08:00:00,159.83,159.92,158.28,159.28,114248.49,2025-06-03 08:59:59.999,18144193.60866,66019,47859.451,7596192.44692
2025-06-03 09:00:00,159.27,160.12,158.7,159.89,61095.952,2025-06-03 09:59:59.999,9747184.28563,46599,31911.494,5092313.85041
2025-06-03 10:00:00,159.9,161.34,159.8,161.23,123605.518,2025-06-03 10:59:59.999,19833569.38845,61807,76290.467,12234841.1925
2025-06-03 11:00:00,161.23,161.65,160.44,160.56,75096.987,2025-06-03 11:59:59.999,12090848.21916,56666,39010.789,6282841.79342
2025-06-03 12:00:00,160.56,161.54,160.21,161.15,76167.33,2025-06-03 12:59:59.999,12259542.90686,58422,35687.188,5744926.62771
2025-06-03 13:00:00,161.15,161.64,160.03,160.72,149402.392,2025-06-03 13:59:59.999,24045563.97963,112890,77245.023,12438848.64747
2025-06-03 14:00:00,160.73,163.38,159.44,163.19,235557.348,2025-06-03 14:59:59.999,37987825.07289,162458,128190.83,20696087.28995
2025-06-03 15:00:00,163.18,163.64,161.81,162.2,133531.928,2025-06-03 15:59:59.999,21696464.72445,115006,66898.928,10873691.53425
2025-06-03 16:00:00,162.21,162.41,160.64,160.67,109618.25,2025-06-03 16:59:59.999,17696690.77233,94224,54798.803,8848210.58982
2025-06-03 17:00:00,160.67,161.94,160.43,161.16,85461.587,2025-06-03 17:59:59.999,13771343.14349,75209,38523.092,6209492.31994
2025-06-03 18:00:00,161.16,161.22,159.98,160.39,68588.412,2025-06-03 18:59:59.999,11001650.0704,62162,28637.011,4593123.78855
2025-06-03 19:00:00,160.38,161.2,160.2,160.56,64557.201,2025-06-03 19:59:59.999,10375916.00331,53615,41545.449,6678092.73116
2025-06-03 20:00:00,160.56,160.59,156.64,157.69,176501.649,2025-06-03 20:59:59.999,27913773.51986,125791,76638.898,12109053.68536
2025-06-03 21:00:00,157.69,157.9,154.14,154.82,169210.7,2025-06-03 21:59:59.999,26397433.26092,121748,77457.969,12085904.16003
2025-06-03 22:00:00,154.83,156.38,154.43,155.84,92306.965,2025-06-03 22:59:59.999,14359978.08358,85696,50979.705,7930661.73646
2025-06-03 23:00:00,155.85,156.27,154.98,155.19,85520.423,2025-06-03 23:59:59.999,13307823.68444,64414,34661.288,5393004.1643
2025-06-04 00:00:00,155.19,155.72,154.18,155.48,99267.387,2025-06-04 00:59:59.999,15387718.64815,90923,52653.003,8162061.86646
2025-06-04 01:00:00,155.47,157.32,155.23,156.79,125644.667,2025-06-04 01:59:59.999,19659628.49657,84259,53776.315,8410798.07278
2025-06-04 02:00:00,156.8,157.63,155.95,156.05,100222.579,2025-06-04 02:59:59.999,15707642.72289,64673,34160.621,5355444.71495
2025-06-04 03:00:00,156.04,157.47,155.96,156.56,93601.055,2025-06-04 03:59:59.999,14684954.84103,72951,50275.797,7887677.35758
2025-06-04 04:00:00,156.57,156.92,156.17,156.45,48136.729,2025-06-04 04:59:59.999,7535867.12213,59242,26264.101,4111628.81539
2025-06-04 05:00:00,156.45,156.83,155.72,156.46,48340.272,2025-06-04 05:59:59.999,7563169.1654,55250,23180.395,3627256.33784
2025-06-04 06:00:00,156.47,157.02,156.01,156.45,40075.089,2025-06-04 06:59:59.999,6271221.91877,45679,20929.375,3275355.8879
2025-06-04 07:00:00,156.46,156.87,156.04,156.42,41631.675,2025-06-04 07:59:59.999,6510563.03849,45439,20839.016,3259090.82585
2025-06-04 08:00:00,156.42,157.2,156.41,156.69,48623.048,2025-06-04 08:59:59.999,7626613.92628,42142,24006.867,3765392.37421
2025-06-04 09:00:00,156.68,157.8,156.25,157.54,47320.3,2025-06-04 09:59:59.999,7426965.09664,48072,28807.39,4521022.95949
2025-06-04 10:00:00,157.54,157.92,156.46,156.64,78116.134,2025-06-04 10:59:59.999,12280573.53796,57389,38835.534,6108517.73443
2025-06-04 11:00:00,156.63,156.86,155.72,155.92,71323.332,2025-06-04 11:59:59.999,11136715.40869,61463,31689.097,4948110.54872
2025-06-04 12:00:00,155.92,156.37,155.14,155.67,79524.297,2025-06-04 12:59:59.999,12385256.00786,61524,34867.357,5431496.58963
2025-06-04 13:00:00,155.66,156.87,155.3,155.74,71277.754,2025-06-04 13:59:59.999,11122253.95825,73399,37436.887,5844317.7479
2025-06-04 14:00:00,155.74,156.9,154.58,156.83,128923.777,2025-06-04 14:59:59.999,20066696.81963,100404,57619.533,8969775.6311
2025-06-04 15:00:00,156.83,157.97,156.55,157.13,122016.916,2025-06-04 15:59:59.999,19198126.28983,121043,62814.946,9882946.98449
2025-06-04 16:00:00,157.13,157.57,156.39,157.37,73752.216,2025-06-04 16:59:59.999,11580528.13464,75223,37548.339,5896071.80441
2025-06-04 17:00:00,157.36,157.43,155.58,156.07,71340.55,2025-06-04 17:59:59.999,11151085.73079,66510,27122.544,4240353.68715
2025-06-04 18:00:00,156.07,156.52,155.53,155.63,40841.898,2025-06-04 18:59:59.999,6376999.60088,44367,17332.714,2707309.43226
2025-06-04 19:00:00,155.62,156.0,155.28,155.37,54035.799,2025-06-04 19:59:59.999,8409669.91065,50469,26442.793,4115509.61914
2025-06-04 20:00:00,155.36,155.5,154.0,154.53,131528.709,2025-06-04 20:59:59.999,20325265.77997,81943,60340.226,9322422.51862
2025-06-04 21:00:00,154.54,155.59,153.91,155.07,207276.709,2025-06-04 21:59:59.999,32059579.20841,87572,105178.527,16278568.67705
2025-06-04 22:00:00,155.07,155.21,153.31,153.53,104718.518,2025-06-04 22:59:59.999,16131292.47676,69568,62099.167,9566978.12579
2025-06-04 23:00:00,153.53,153.75,152.94,153.26,63107.014,2025-06-04 23:59:59.999,9676055.23884,53979,32879.577,5042650.00095
2025-06-05 00:00:00,153.27,154.1,153.0,153.81,68925.796,2025-06-05 00:59:59.999,10583049.5766,74518,37081.232,5694627.29195
2025-06-05 01:00:00,153.8,154.16,153.07,153.37,48889.513,2025-06-05 01:59:59.999,7512607.2263,43017,20734.919,3185882.61848
2025-06-05 02:00:00,153.36,154.61,153.35,153.5,142322.469,2025-06-05 02:59:59.999,21919092.79014,60871,87501.971,13476081.8653
2025-06-05 03:00:00,153.51,154.0,153.05,153.83,60527.954,2025-06-05 03:59:59.999,9303076.86446,42564,28411.985,4368479.26999
2025-06-05 04:00:00,153.84,154.0,153.15,153.98,94194.586,2025-06-05 04:59:59.999,14477939.08402,52685,37039.649,5696330.451
2025-06-05 05:00:00,153.98,154.15,151.9,152.45,534927.484,2025-06-05 05:59:59.999,81764861.54634,103864,272271.102,41598980.99381
2025-06-05 06:00:00,152.44,152.94,152.05,152.15,69548.896,2025-06-05 06:59:59.999,10604651.71674,48956,29824.633,4547854.51641
2025-06-05 07:00:00,152.15,153.0,152.04,152.44,62915.183,2025-06-05 07:59:59.999,9597416.34726,43450,31845.208,4858255.45584
2025-06-05 08:00:00,152.44,152.95,151.75,152.04,105822.066,2025-06-05 08:59:59.999,16113110.24284,67101,40720.385,6202473.97179
2025-06-05 09:00:00,152.04,153.04,152.03,153.01,59364.405,2025-06-05 09:59:59.999,9054495.51035,47008,28485.953,4344167.847
2025-06-05 10:00:00,153.0,153.04,151.46,151.93,89371.52,2025-06-05 10:59:59.999,13612042.02397,60540,30025.536,4573743.96549
2025-06-05 11:00:00,151.92,152.4,151.28,152.37,68401.051,2025-06-05 11:59:59.999,10384803.49574,53907,31174.599,4734334.86112
2025-06-05 12:00:00,152.38,154.35,152.16,153.93,139774.144,2025-06-05 12:59:59.999,21450752.65836,90457,74579.641,11447198.73624
2025-06-05 13:00:00,153.94,154.41,149.82,150.37,258844.665,2025-06-05 13:59:59.999,39316320.0213,165027,105250.63,16030231.07425
2025-06-05 14:00:00,150.36,151.62,148.54,151.24,343696.827,2025-06-05 14:59:59.999,51566242.03116,213617,156462.342,23489718.75443
2025-06-05 15:00:00,151.24,151.69,150.47,150.9,90762.102,2025-06-05 15:59:59.999,13719650.44959,77069,45024.936,6807351.77688
2025-06-05 16:00:00,150.9,151.11,148.29,148.65,259441.851,2025-06-05 16:59:59.999,38761664.30178,188520,114572.258,17109841.95222
2025-06-05 17:00:00,148.65,149.81,148.54,149.46,90361.272,2025-06-05 17:59:59.999,13491915.50572,96026,45615.693,6811124.05602
2025-06-05 18:00:00,149.45,150.05,148.35,149.46,108118.402,2025-06-05 18:59:59.999,16143304.26306,104011,53201.94,7946127.91742
2025-06-05 19:00:00,149.45,149.63,144.15,146.2,527327.083,2025-06-05 19:59:59.999,77020092.04827,268248,214735.061,31352417.55455
2025-06-05 20:00:00,146.2,146.6,141.53,141.82,582332.54,2025-06-05 20:59:59.999,83589206.99553,357515,248288.757,35666098.17614
2025-06-05 21:00:00,141.82,144.68,141.59,144.29,235002.818,2025-06-05 21:59:59.999,33651571.33619,168575,138949.501,19895098.42992
2025-06-05 22:00:00,144.29,144.92,143.11,144.47,128778.924,2025-06-05 22:59:59.999,18559299.40297,98368,58411.034,8416780.38022
2025-06-05 23:00:00,144.47,145.06,144.2,144.29,88389.524,2025-06-05 23:59:59.999,12782672.40291,74475,43412.253,6279333.42137
2025-06-06 00:00:00,144.28,145.54,144.11,145.43,113762.985,2025-06-06 00:59:59.999,16481282.64677,98165,63810.191,9247069.92102
2025-06-06 01:00:00,145.43,145.63,144.69,145.53,64649.683,2025-06-06 01:59:59.999,9388116.95369,54218,33962.12,4932583.3657
2025-06-06 02:00:00,145.54,146.61,145.07,146.58,91573.432,2025-06-06 02:59:59.999,13342949.37023,68582,53749.679,7837130.80307
2025-06-06 03:00:00,146.58,146.85,145.88,146.84,89767.045,2025-06-06 03:59:59.999,13137686.7658,56575,50035.168,7322758.16965
2025-06-06 04:00:00,146.84,147.92,146.65,147.57,86266.108,2025-06-06 04:59:59.999,12702810.03148,64506,47145.479,6942119.98003
2025-06-06 05:00:00,147.57,147.7,146.84,147.51,77547.61,2025-06-06 05:59:59.999,11426362.73073,46381,35145.787,5178292.80614
2025-06-06 06:00:00,147.51,148.25,146.94,147.12,88865.643,2025-06-06 06:59:59.999,13101621.16112,56425,42244.017,6228155.32633
2025-06-06 07:00:00,147.12,147.97,147.0,147.4,62096.743,2025-06-06 07:59:59.999,9150396.36883,51366,35227.408,5190973.70639
2025-06-06 08:00:00,147.4,148.02,147.24,147.91,50680.23,2025-06-06 08:59:59.999,7486455.84981,41375,25516.51,3769091.74607
2025-06-06 09:00:00,147.9,148.65,147.47,147.5,99091.173,2025-06-06 09:59:59.999,14666498.4723,56041,45129.774,6682154.33878
2025-06-06 10:00:00,147.5,148.89,147.5,148.55,97249.816,2025-06-06 10:59:59.999,14425088.91104,47890,50259.217,7452450.03894
2025-06-06 11:00:00,148.55,149.61,148.29,149.1,84136.863,2025-06-06 11:59:59.999,12529341.54073,57152,40737.854,6067426.50631
2025-06-06 12:00:00,149.11,152.39,149.11,150.6,246872.263,2025-06-06 12:59:59.999,37241992.19195,109131,127210.927,19189292.18925
2025-06-06 13:00:00,150.6,152.27,150.6,150.78,140797.266,2025-06-06 13:59:59.999,21322625.40155,102382,68182.834,10326743.929
2025-06-06 14:00:00,150.79,151.91,150.55,151.31,101627.558,2025-06-06 14:59:59.999,15381389.4674,89268,49942.23,7559659.20256
2025-06-06 15:00:00,151.31,152.39,150.31,151.08,162708.516,2025-06-06 15:59:59.999,24581567.14274,113196,85171.287,12869395.99065
2025-06-06 16:00:00,151.09,151.56,149.84,150.09,78801.715,2025-06-06 16:59:59.999,11884017.37632,61505,31799.116,4798444.63648
2025-06-06 17:00:00,150.08,150.31,149.22,150.1,98371.245,2025-06-06 17:59:59.999,14735998.90519,68390,45078.403,6754183.67866
2025-06-06 18:00:00,150.09,150.19,148.46,148.91,93037.691,2025-06-06 18:59:59.999,13884521.55655,77522,32040.78,4779077.46413
2025-06-06 19:00:00,148.92,149.73,148.84,149.09,56162.888,2025-06-06 19:59:59.999,8380691.03867,58472,21921.016,3271387.06346
2025-06-06 20:00:00,149.1,149.97,148.67,149.34,40031.372,2025-06-06 20:59:59.999,5981798.60422,38276,21290.973,3182420.55761
2025-06-06 21:00:00,149.33,149.79,149.09,149.21,57019.729,2025-06-06 21:59:59.999,8515729.86605,28837,42647.363,6369018.72559
2025-06-06 22:00:00,149.2,149.22,148.17,148.5,46783.317,2025-06-06 22:59:59.999,6954250.66527,41342,27292.959,4057224.75778
2025-06-06 23:00:00,148.5,148.54,147.68,147.83,39890.223,2025-06-06 23:59:59.999,5905610.99516,30937,20072.426,2971589.5789
2025-06-07 00:00:00,147.82,148.71,146.84,148.69,85204.594,2025-06-07 00:59:59.999,12585272.72751,59993,55257.499,8166719.61416
2025-06-07 01:00:00,148.68,148.9,147.37,147.73,52321.045,2025-06-07 01:59:59.999,7751267.75773,48893,29277.438,4337440.57151
2025-06-07 02:00:00,147.72,148.64,147.47,148.33,33178.87,2025-06-07 02:59:59.999,4914419.44455,36261,18510.692,2742003.20082
2025-06-07 03:00:00,148.32,149.71,148.01,149.46,72031.073,2025-06-07 03:59:59.999,10726615.07955,58914,45325.989,6749240.6331
2025-06-07 04:00:00,149.47,149.9,148.99,149.76,47757.7,2025-06-07 04:59:59.999,7134757.21977,42368,29457.839,4400393.42134
2025-06-07 05:00:00,149.76,151.28,149.54,150.89,58786.839,2025-06-07 05:59:59.999,8843703.97167,48587,35243.85,5301901.70221
2025-06-07 06:00:00,150.88,152.34,150.41,152.09,101953.895,2025-06-07 06:59:59.999,15426367.26374,53146,59460.741,9004236.39437
2025-06-07 07:00:00,152.1,152.84,151.51,152.38,92228.244,2025-06-07 07:59:59.999,14043526.28992,62734,52907.376,8054893.40892
2025-06-07 08:00:00,152.37,152.72,151.76,151.86,57681.59,2025-06-07 08:59:59.999,8780263.38081,41313,26444.563,4026199.27003
2025-06-07 09:00:00,151.86,152.28,151.47,151.48,42081.177,2025-06-07 09:59:59.999,6391575.86655,35179,20423.939,3103611.11717
2025-06-07 10:00:00,151.48,152.08,151.23,151.85,38536.041,2025-06-07 10:59:59.999,5845939.97133,38545,18730.798,2841821.32971
2025-06-07 11:00:00,151.86,152.15,151.36,151.45,40853.682,2025-06-07 11:59:59.999,6201340.33287,35011,19056.918,2893196.48489
2025-06-07 12:00:00,151.45,152.42,151.38,152.13,88052.291,2025-06-07 12:59:59.999,13382385.26414,58590,42979.241,6531860.16162
2025-06-07 13:00:00,152.14,152.42,151.45,151.83,95685.668,2025-06-07 13:59:59.999,14545950.00263,46152,32738.966,4976545.10142
2025-06-07 14:00:00,151.82,152.0,151.41,151.48,55192.777,2025-06-07 14:59:59.999,8373713.43081,40086,21464.484,3256532.35069
2025-06-07 15:00:00,151.48,151.66,150.71,150.99,79276.701,2025-06-07 15:59:59.999,11981190.85734,55307,27563.084,4166649.22578
2025-06-07 16:00:00,151.0,151.61,150.47,150.72,74918.373,2025-06-07 16:59:59.999,11311527.10666,57080,30030.251,4536700.3568
2025-06-07 17:00:00,150.72,151.25,150.25,150.33,39484.353,2025-06-07 17:59:59.999,5955842.14237,33392,18342.493,2767780.66863
2025-06-07 18:00:00,150.32,151.18,150.15,150.58,47680.55,2025-06-07 18:59:59.999,7182777.19152,44940,26767.476,4032606.28788
2025-06-07 19:00:00,150.57,151.21,150.46,150.58,48139.297,2025-06-07 19:59:59.999,7260052.33792,31803,20530.751,3096572.17297
2025-06-07 20:00:00,150.57,151.0,150.5,150.88,41831.553,2025-06-07 20:59:59.999,6304629.77033,28006,18824.794,2836893.93032
2025-06-07 21:00:00,150.88,151.43,150.82,151.23,29099.974,2025-06-07 21:59:59.999,4397760.61489,23716,16330.89,2468047.54437
2025-06-07 22:00:00,151.22,151.49,150.86,151.08,38172.063,2025-06-07 22:59:59.999,5771449.55335,33147,21989.957,3324921.49832
2025-06-07 23:00:00,151.08,151.14,149.76,150.06,48056.265,2025-06-07 23:59:59.999,7221512.19458,28273,19001.835,2855557.14258
2025-06-08 00:00:00,150.07,150.1,149.2,149.47,59877.083,2025-06-08 00:59:59.999,8956512.0503,35956,36339.938,5435058.33348
2025-06-08 01:00:00,149.46,150.33,149.15,150.29,69684.655,2025-06-08 01:59:59.999,10436008.79845,37067,46902.058,7024188.27228
2025-06-08 02:00:00,150.29,150.35,149.68,149.75,55193.833,2025-06-08 02:59:59.999,8279045.33339,37818,38535.043,5780391.33133
2025-06-08 03:00:00,149.75,150.07,149.58,149.85,34318.943,2025-06-08 03:59:59.999,5141149.96585,26147,23075.535,3456777.57805
2025-06-08 04:00:00,149.85,150.33,149.43,150.06,33668.592,2025-06-08 04:59:59.999,5047037.40867,24133,16255.622,2437929.22366
2025-06-08 05:00:00,150.07,150.41,149.76,149.88,32917.557,2025-06-08 05:59:59.999,4938973.09627,26099,13722.331,2058862.03798
2025-06-08 06:00:00,149.89,150.51,149.85,149.92,32420.02,2025-06-08 06:59:59.999,4867595.4395,29682,17976.157,2698795.52656
2025-06-08 07:00:00,149.91,150.21,149.13,149.31,39671.436,2025-06-08 07:59:59.999,5937425.24822,28318,14952.112,2239271.4903
2025-06-08 08:00:00,149.3,149.7,148.92,149.02,62575.142,2025-06-08 08:59:59.999,9341804.03854,32606,15648.341,2336993.51786
2025-06-08 09:00:00,149.03,149.12,147.88,148.45,88848.733,2025-06-08 09:59:59.999,13187269.28678,60076,36888.679,5474936.57508
2025-06-08 10:00:00,148.46,148.99,148.15,148.86,35812.674,2025-06-08 10:59:59.999,5320868.19524,34725,18788.191,2791389.28492
2025-06-08 11:00:00,148.87,149.71,148.83,149.62,45700.924,2025-06-08 11:59:59.999,6825717.01281,35282,25071.824,3744776.56196
2025-06-08 12:00:00,149.62,149.96,149.02,149.54,52634.62,2025-06-08 12:59:59.999,7867139.31193,38240,25951.64,3878896.65544
2025-06-08 13:00:00,149.54,151.19,149.17,149.66,81503.384,2025-06-08 13:59:59.999,12245190.20371,59446,48921.283,7349684.30974
2025-06-08 14:00:00,149.67,150.43,149.49,150.35,37118.769,2025-06-08 14:59:59.999,5566873.0664,45564,20086.529,3012882.82053
2025-06-08 15:00:00,150.35,150.99,150.3,150.7,54031.028,2025-06-08 15:59:59.999,8142840.76353,45892,28518.344,4297777.268
2025-06-08 16:00:00,150.69,152.23,150.64,152.21,89669.849,2025-06-08 16:59:59.999,13603355.09737,65251,46978.976,7126091.76593
2025-06-08 17:00:00,152.21,153.89,152.21,153.16,146281.79,2025-06-08 17:59:59.999,22398520.28452,88319,76267.633,11676399.03351
2025-06-08 18:00:00,153.15,154.17,152.95,153.86,102888.463,2025-06-08 18:59:59.999,15816777.89481,67160,46350.473,7125382.15048
2025-06-08 19:00:00,153.86,154.52,153.73,154.46,94420.593,2025-06-08 19:59:59.999,14555211.88088,46157,56014.474,8634212.11225
2025-06-08 20:00:00,154.47,154.75,153.93,154.27,75816.987,2025-06-08 20:59:59.999,11702786.23006,47411,40028.89,6178925.10065
2025-06-08 21:00:00,154.27,155.3,153.99,154.42,64425.908,2025-06-08 21:59:59.999,9954457.09788,40871,35117.707,5427744.30794
2025-06-08 22:00:00,154.42,154.52,152.76,152.94,106354.638,2025-06-08 22:59:59.999,16340741.3828,69154,45033.513,6919685.05077
2025-06-08 23:00:00,152.94,153.0,152.13,152.45,68164.745,2025-06-08 23:59:59.999,10400832.74654,52270,33679.684,5138867.59671
2025-06-09 00:00:00,152.45,153.17,151.85,152.38,110673.45,2025-06-09 00:59:59.999,16866622.06098,95547,56127.332,8554443.11795
2025-06-09 01:00:00,152.38,152.69,151.72,151.96,53440.264,2025-06-09 01:59:59.999,8129405.15378,54947,23539.398,3580724.31461
2025-06-09 02:00:00,151.96,152.49,151.58,151.71,45152.196,2025-06-09 02:59:59.999,6860058.91712,43463,21697.354,3296587.18565
2025-06-09 03:00:00,151.72,151.82,150.79,151.54,79510.152,2025-06-09 03:59:59.999,12022458.59373,43657,31151.812,4711491.38972
2025-06-09 04:00:00,151.54,151.87,150.62,150.84,70861.469,2025-06-09 04:59:59.999,10716136.43979,45279,32757.332,4954627.63455
2025-06-09 05:00:00,150.85,150.85,149.79,149.8,80007.498,2025-06-09 05:59:59.999,12025536.27158,51989,34300.256,5156010.3982
2025-06-09 06:00:00,149.81,151.04,149.58,150.9,59638.216,2025-06-09 06:59:59.999,8965272.05558,41629,35262.338,5303123.53047
2025-06-09 07:00:00,150.89,151.05,150.0,150.88,61573.175,2025-06-09 07:59:59.999,9273833.56147,41607,36486.77,5496430.03789
2025-06-09 08:00:00,150.87,151.8,150.4,151.74,74990.184,2025-06-09 08:59:59.999,11324817.20114,52165,39884.647,6024835.55865
2025-06-09 09:00:00,151.74,154.47,151.32,153.42,181477.844,2025-06-09 09:59:59.999,27755991.14674,110004,105023.754,16055092.44051
2025-06-09 10:00:00,153.43,155.59,153.23,155.35,242669.155,2025-06-09 10:59:59.999,37563623.34461,125322,141569.987,21911940.85814
2025-06-09 11:00:00,155.35,156.61,154.91,155.62,228685.49,2025-06-09 11:59:59.999,35655865.95469,116575,126992.804,19808480.44619
2025-06-09 12:00:00,155.62,155.81,154.74,155.7,118839.288,2025-06-09 12:59:59.999,18444656.82938,67000,62277.959,9666817.80749
2025-06-09 13:00:00,155.7,155.83,153.07,153.38,146125.049,2025-06-09 13:59:59.999,22568099.60284,103235,64285.351,9930211.06306
2025-06-09 14:00:00,153.38,154.82,153.24,154.1,117019.373,2025-06-09 14:59:59.999,18034814.71614,88026,62998.877,9710950.99498
2025-06-09 15:00:00,154.11,155.58,153.93,155.02,159321.552,2025-06-09 15:59:59.999,24713375.05386,76398,76588.965,11877170.43969
2025-06-09 16:00:00,155.02,156.6,155.0,155.56,139738.987,2025-06-09 16:59:59.999,21789130.77444,89047,80013.039,12476462.03532
2025-06-09 17:00:00,155.56,157.01,155.36,156.31,143605.22,2025-06-09 17:59:59.999,22454302.29653,78995,72959.942,11407719.10975
2025-06-09 18:00:00,156.31,156.73,156.0,156.47,119210.5,2025-06-09 18:59:59.999,18638615.91422,56030,55127.348,8619524.10426
2025-06-09 19:00:00,156.47,156.63,155.05,155.75,136124.415,2025-06-09 19:59:59.999,21223589.32281,55914,56071.454,8742256.96177
2025-06-09 20:00:00,155.76,156.65,155.72,156.52,85224.616,2025-06-09 20:59:59.999,13316429.45097,38304,34304.413,5359422.30002
2025-06-09 21:00:00,156.52,159.65,156.52,159.04,263413.443,2025-06-09 21:59:59.999,41749115.73305,155553,136848.663,21685883.97676
2025-06-09 22:00:00,159.04,160.31,158.94,159.83,212098.731,2025-06-09 22:59:59.999,33870867.81047,114037,100138.695,15996867.88191
2025-06-09 23:00:00,159.83,161.73,159.57,161.16,150327.998,2025-06-09 23:59:59.999,24143353.51708,108623,77522.788,12453450.18941
2025-06-10 00:00:00,161.16,161.82,160.36,160.66,157859.511,2025-06-10 00:59:59.999,25416853.28142,120473,75632.752,12183157.73025
2025-06-10 01:00:00,160.66,160.97,159.8,160.04,76997.647,2025-06-10 01:59:59.999,12350276.13301,67699,34867.281,5593950.19802
2025-06-10 02:00:00,160.05,160.05,159.17,159.55,74566.066,2025-06-10 02:59:59.999,11897223.19343,66738,34712.449,5537876.61331
2025-06-10 03:00:00,159.54,159.71,158.69,159.17,64279.847,2025-06-10 03:59:59.999,10230747.02169,52288,31898.157,5077628.66173
2025-06-10 04:00:00,159.18,159.5,158.72,159.3,55501.441,2025-06-10 04:59:59.999,8829504.46979,44473,31303.514,4980277.03042
2025-06-10 05:00:00,159.3,159.61,157.66,158.13,128960.495,2025-06-10 05:59:59.999,20438123.82814,85320,65738.242,10421534.73666
2025-06-10 06:00:00,158.13,158.57,157.4,158.34,91937.934,2025-06-10 06:59:59.999,14526875.45351,66065,56092.946,8864087.9622
2025-06-10 07:00:00,158.34,158.81,157.81,158.45,66645.257,2025-06-10 07:59:59.999,10548556.78613,59060,36486.001,5775615.98371
2025-06-10 08:00:00,158.46,158.98,157.73,157.77,65209.561,2025-06-10 08:59:59.999,10318603.2395,58169,28414.157,4495742.1803
2025-06-10 09:00:00,157.77,159.03,157.53,158.95,74951.935,2025-06-10 09:59:59.999,11860206.33578,66069,39830.694,6305682.10952
2025-06-10 10:00:00,158.96,159.42,157.68,158.14,97022.091,2025-06-10 10:59:59.999,15395189.54309,68955,49173.008,7810085.40929
2025-06-10 11:00:00,158.14,161.51,157.15,160.85,300415.692,2025-06-10 11:59:59.999,47956462.4408,178136,171345.979,27353426.43849
2025-06-10 12:00:00,160.85,161.54,159.36,161.53,176675.35,2025-06-10 12:59:59.999,28349004.46916,132540,84277.821,13524354.61358
2025-06-10 13:00:00,161.53,161.99,158.27,159.14,229714.027,2025-06-10 13:59:59.999,36765708.44173,167120,96756.824,15485110.10607
2025-06-10 14:00:00,159.14,159.2,156.65,157.18,158070.333,2025-06-10 14:59:59.999,24944644.49356,152011,65017.805,10256712.32574
2025-06-10 15:00:00,157.17,158.73,156.32,158.02,152970.309,2025-06-10 15:59:59.999,24104874.93033,133914,88409.915,13937659.50742
2025-06-10 16:00:00,158.03,158.46,157.1,157.21,70125.583,2025-06-10 16:59:59.999,11066055.03678,72976,28664.604,4524127.2952
2025-06-10 17:00:00,157.2,158.65,157.17,158.25,64310.934,2025-06-10 17:59:59.999,10166380.979,61903,34976.605,5527163.01408
2025-06-10 18:00:00,158.25,164.99,157.75,163.95,408037.371,2025-06-10 18:59:59.999,66296442.09345,197754,237408.477,38546550.47413
2025-06-10 19:00:00,163.95,165.48,162.76,163.61,440226.242,2025-06-10 19:59:59.999,72233484.71396,264485,231653.639,38019741.91964
2025-06-10 20:00:00,163.61,165.61,162.86,165.57,162264.764,2025-06-10 20:59:59.999,26625380.66628,147280,91272.347,14986048.37197
2025-06-10 21:00:00,165.57,165.67,163.09,163.89,197532.509,2025-06-10 21:59:59.999,32414139.18251,123334,99420.939,16307547.71075
2025-06-10 22:00:00,163.89,165.16,163.59,164.94,144348.376,2025-06-10 22:59:59.999,23746333.80755,126856,65634.884,10797405.64631
2025-06-10 23:00:00,164.94,165.34,164.0,165.12,130935.888,2025-06-10 23:59:59.999,21563968.77142,112875,58942.463,9706832.19348
2025-06-11 00:00:00,165.12,165.8,163.88,164.61,165101.379,2025-06-11 00:59:59.999,27214938.4983,126788,68898.093,11364787.78271
2025-06-11 01:00:00,164.61,165.14,163.43,164.16,149784.525,2025-06-11 01:59:59.999,24574844.85078,114847,71156.993,11672193.39794
2025-06-11 02:00:00,164.16,165.86,163.68,164.33,165651.017,2025-06-11 02:59:59.999,27284800.22989,97222,85103.55,14017760.397
2025-06-11 03:00:00,164.33,167.46,164.27,166.67,285810.716,2025-06-11 03:59:59.999,47575386.77841,160073,168784.651,28086353.51898
2025-06-11 04:00:00,166.67,166.79,164.75,165.08,137105.735,2025-06-11 04:59:59.999,22690933.48001,90609,64085.494,10605084.16167
2025-06-11 05:00:00,165.07,165.28,164.35,164.94,60500.039,2025-06-11 05:59:59.999,9968382.65866,58942,29831.028,4915810.53903
2025-06-11 06:00:00,164.93,166.54,164.93,165.95,115147.06,2025-06-11 06:59:59.999,19095838.27647,88071,66678.748,11058046.64977
2025-06-11 07:00:00,165.95,167.15,165.27,166.65,125047.813,2025-06-11 07:59:59.999,20817552.21878,95654,63004.291,10490746.4042
2025-06-11 08:00:00,166.65,167.19,165.55,165.76,92741.761,2025-06-11 08:59:59.999,15425980.37497,85594,37245.738,6199733.00325
2025-06-11 09:00:00,165.76,167.09,164.78,164.96,239010.495,2025-06-11 09:59:59.999,39692912.21894,112122,105477.398,17515084.82864
2025-06-11 10:00:00,164.97,165.25,164.15,164.52,110932.981,2025-06-11 10:59:59.999,18272253.11287,83128,50314.806,8288102.42347
2025-06-11 11:00:00,164.52,165.22,164.0,164.5,90775.954,2025-06-11 11:59:59.999,14939074.23897,70519,42000.804,6911374.71765
2025-06-11 12:00:00,164.5,167.48,163.73,167.21,319704.123,2025-06-11 12:59:59.999,52981008.70858,165676,167412.888,27745906.29792
2025-06-11 13:00:00,167.22,167.4,165.18,165.77,252817.262,2025-06-11 13:59:59.999,42097974.41411,179962,137774.722,22942279.95256
2025-06-11 14:00:00,165.78,168.36,165.53,167.07,269234.818,2025-06-11 14:59:59.999,45045460.25479,186933,163507.342,27365840.47402
2025-06-11 15:00:00,167.07,167.67,165.87,167.26,196267.443,2025-06-11 15:59:59.999,32744086.68929,143708,123508.428,20614039.93006
2025-06-11 16:00:00,167.27,167.44,166.09,166.66,166122.761,2025-06-11 16:59:59.999,27709308.83498,125078,87622.982,14616923.18204
2025-06-11 17:00:00,166.66,166.66,163.83,163.86,162518.07,2025-06-11 17:59:59.999,26855603.64347,97135,70188.255,11609020.58664
2025-06-11 18:00:00,163.86,164.12,162.39,163.34,215348.735,2025-06-11 18:59:59.999,35180499.4614,151788,103176.66,16860923.21061
2025-06-11 19:00:00,163.33,163.56,162.5,162.64,112767.403,2025-06-11 19:59:59.999,18379049.72127,91771,65442.631,10666353.14158
2025-06-11 20:00:00,162.64,163.74,161.85,163.16,128953.769,2025-06-11 20:59:59.999,21010428.30277,70199,58736.01,9573943.72405
2025-06-11 21:00:00,163.17,163.86,160.24,160.41,162194.942,2025-06-11 21:59:59.999,26259759.7288,87336,54601.085,8852165.23294
2025-06-11 22:00:00,160.41,160.78,159.21,160.11,214717.415,2025-06-11 22:59:59.999,34360829.94015,150303,104246.006,16688190.42996
2025-06-11 23:00:00,160.11,161.16,159.91,160.97,81168.783,2025-06-11 23:59:59.999,13043225.04622,63074,48879.215,7854138.22144
2025-06-12 00:00:00,160.98,161.28,159.63,160.82,134330.067,2025-06-12 00:59:59.999,21584073.16312,98515,53361.65,8575058.10358
2025-06-12 01:00:00,160.81,161.0,159.29,160.38,107050.511,2025-06-12 01:59:59.999,17125129.27925,85006,46706.294,7472876.9853
2025-06-12 02:00:00,160.39,161.01,159.58,160.02,84308.947,2025-06-12 02:59:59.999,13498075.66078,69011,39572.258,6336676.08311
2025-06-12 03:00:00,160.02,160.63,159.28,159.87,100706.113,2025-06-12 03:59:59.999,16115086.3869,82772,37695.98,6033510.51846
2025-06-12 04:00:00,159.87,160.56,159.4,159.98,86457.148,2025-06-12 04:59:59.999,13825584.1094,67340,34334.386,5490708.18087
2025-06-12 05:00:00,159.97,160.1,158.74,159.51,87602.3,2025-06-12 05:59:59.999,13961976.43259,63067,37490.784,5977659.79924
2025-06-12 06:00:00,159.5,159.99,158.88,159.32,53697.406,2025-06-12 06:59:59.999,8558628.31923,55344,26151.122,4168693.1055
2025-06-12 07:00:00,159.32,159.66,158.28,158.8,101195.838,2025-06-12 07:59:59.999,16072711.55151,63601,37606.603,5978991.62966
2025-06-12 08:00:00,158.8,159.57,157.98,159.46,187025.315,2025-06-12 08:59:59.999,29706008.42357,82709,76284.788,12132114.29144
2025-06-12 09:00:00,159.45,159.92,159.18,159.61,79164.069,2025-06-12 09:59:59.999,12631017.79932,58310,54714.036,8729514.88971
2025-06-12 10:00:00,159.6,159.65,158.44,159.1,84097.001,2025-06-12 10:59:59.999,13361845.5425,87128,44029.935,6995795.54682
2025-06-12 11:00:00,159.1,159.15,157.42,157.72,105485.097,2025-06-12 11:59:59.999,16668693.18798,92679,50934.425,8048657.1497
2025-06-12 12:00:00,157.72,159.12,157.31,158.65,117988.679,2025-06-12 12:59:59.999,18684291.05558,82282,57514.146,9108620.61399
2025-06-12 13:00:00,158.65,159.05,157.82,158.8,125249.522,2025-06-12 13:59:59.999,19875139.28877,96118,55242.881,8765298.79189
2025-06-12 14:00:00,158.8,160.64,158.8,159.94,138431.876,2025-06-12 14:59:59.999,22142279.9022,83392,77989.948,12475738.10769
2025-06-12 15:00:00,159.94,160.33,156.44,157.02,232019.185,2025-06-12 15:59:59.999,36602731.44323,155574,119402.658,18812922.88568
2025-06-12 16:00:00,157.02,158.64,156.73,158.35,107476.136,2025-06-12 16:59:59.999,16972231.52406,104528,54334.05,8581374.3683
2025-06-12 17:00:00,158.34,160.46,158.1,160.02,113308.452,2025-06-12 17:59:59.999,18084608.83219,82962,57307.365,9143821.02957
2025-06-12 18:00:00,160.02,160.09,156.94,157.73,100742.644,2025-06-12 18:59:59.999,15935744.95494,90753,47669.908,7537295.60878
2025-06-12 19:00:00,157.73,158.08,154.5,154.84,166468.382,2025-06-12 19:59:59.999,25954511.38207,136760,63228.846,9863970.24467
2025-06-12 20:00:00,154.84,155.47,152.32,153.23,279007.229,2025-06-12 20:59:59.999,42951732.62528,215494,124527.672,19177212.05963
2025-06-12 21:00:00,153.22,153.65,152.2,152.34,147195.508,2025-06-12 21:59:59.999,22506372.03774,122267,65612.912,10033233.76048
2025-06-12 22:00:00,152.34,152.96,152.02,152.5,79550.924,2025-06-12 22:59:59.999,12125018.71937,86406,37750.402,5754677.10593
2025-06-12 23:00:00,152.5,152.95,152.08,152.32,64918.336,2025-06-12 23:59:59.999,9907145.78519,70767,30083.774,4591259.52143
2025-06-13 00:00:00,152.32,152.59,142.34,145.57,1060443.513,2025-06-13 00:59:59.999,155598870.17935,586747,459253.109,67289049.04081
2025-06-13 01:00:00,145.57,145.58,140.87,143.33,610893.697,2025-06-13 01:59:59.999,87515578.79909,386065,283515.325,40622464.41737
2025-06-13 02:00:00,143.32,143.33,140.21,142.67,310188.321,2025-06-13 02:59:59.999,44079695.89261,232409,147125.062,20931186.5627
2025-06-13 03:00:00,142.67,145.32,142.63,144.76,298922.877,2025-06-13 03:59:59.999,43037508.77044,145489,182520.281,26282944.01384
2025-06-13 04:00:00,144.76,144.76,143.47,144.28,150992.256,2025-06-13 04:59:59.999,21756709.38101,94360,75244.669,10843836.42693
2025-06-13 05:00:00,144.27,144.31,143.51,143.76,163813.327,2025-06-13 05:59:59.999,23573350.02246,103370,79304.949,11412113.8344
2025-06-13 06:00:00,143.77,144.94,142.58,144.94,158383.681,2025-06-13 06:59:59.999,22735920.12719,114151,88742.849,12743563.71358
2025-06-13 07:00:00,144.93,145.46,144.22,145.02,238308.952,2025-06-13 07:59:59.999,34512868.86838,115546,137390.116,19891865.82692
2025-06-13 08:00:00,145.02,146.67,144.34,144.85,220918.667,2025-06-13 08:59:59.999,32168579.68592,133597,114018.96,16606886.83183
2025-06-13 09:00:00,144.85,145.09,144.37,144.8,165606.705,2025-06-13 09:59:59.999,23964625.58007,105112,77189.936,11170418.41282
2025-06-13 10:00:00,144.8,145.04,143.66,144.99,145406.53,2025-06-13 10:59:59.999,20987483.90903,101090,67330.607,9720968.32062
2025-06-13 11:00:00,144.99,145.71,144.23,145.45,140983.738,2025-06-13 11:59:59.999,20443169.67095,89285,69885.106,10134656.04783
2025-06-13 12:00:00,145.45,146.26,144.93,145.14,145662.001,2025-06-13 12:59:59.999,21208791.24672,107472,79845.322,11625627.30528
2025-06-13 13:00:00,145.15,146.48,144.62,145.29,168350.54,2025-06-13 13:59:59.999,24492792.13636,153331,85565.997,12450131.78146
2025-06-13 14:00:00,145.3,146.37,143.92,146.17,211856.317,2025-06-13 14:59:59.999,30742888.02682,161627,97288.988,14124210.10991
2025-06-13 15:00:00,146.17,147.78,145.69,147.18,204825.058,2025-06-13 15:59:59.999,30119914.61636,175332,114596.399,16849403.21814
2025-06-13 16:00:00,147.18,148.52,146.32,147.43,168977.957,2025-06-13 16:59:59.999,24926721.89482,131226,81354.35,12000222.05878
2025-06-13 17:00:00,147.42,147.42,145.3,146.48,148487.992,2025-06-13 17:59:59.999,21717563.28327,116001,67454.942,9866146.59189
2025-06-13 18:00:00,146.47,146.63,144.3,145.53,160199.694,2025-06-13 18:59:59.999,23253793.47883,119630,64783.974,9406190.65656
2025-06-13 19:00:00,145.52,146.0,144.48,145.17,150274.922,2025-06-13 19:59:59.999,21814884.84903,91585,63470.779,9215389.51731
2025-06-13 20:00:00,145.17,147.69,144.75,147.29,129035.867,2025-06-13 20:59:59.999,18878562.42475,88993,73764.399,10794942.42025
2025-06-13 21:00:00,147.28,147.64,146.45,147.11,67288.493,2025-06-13 21:59:59.999,9893904.85391,56043,39672.466,5833673.10208
2025-06-13 22:00:00,147.11,148.04,147.03,147.81,57596.564,2025-06-13 22:59:59.999,8496873.24248,48839,30915.904,4560531.9873
2025-06-13 23:00:00,147.81,148.94,147.69,148.6,62365.114,2025-06-13 23:59:59.999,9250062.38791,46643,31428.577,4661964.46384
2025-06-14 00:00:00,148.6,148.7,147.64,147.82,94983.321,2025-06-14 00:59:59.999,14074090.95969,68974,40746.371,6037977.23837
2025-06-14 01:00:00,147.83,147.83,146.71,146.89,55238.721,2025-06-14 01:59:59.999,8132385.15689,47715,24507.959,3607653.54898
2025-06-14 02:00:00,146.88,147.33,146.42,146.5,66492.111,2025-06-14 02:59:59.999,9756407.86392,36746,42287.563,6205186.49257
2025-06-14 03:00:00,146.5,147.22,146.49,146.71,86699.789,2025-06-14 03:59:59.999,12729638.09297,39800,65228.64,9576656.65374
2025-06-14 04:00:00,146.71,147.15,146.54,146.8,47302.77,2025-06-14 04:59:59.999,6946453.95613,36488,22523.011,3307074.80198
2025-06-14 05:00:00,146.8,147.05,146.36,146.86,37083.943,2025-06-14 05:59:59.999,5441018.05193,33516,23030.711,3379845.93012
2025-06-14 06:00:00,146.86,147.07,146.07,146.22,57142.456,2025-06-14 06:59:59.999,8367340.30449,38002,26983.377,3951865.04282
2025-06-14 07:00:00,146.22,146.45,145.54,146.18,80227.01,2025-06-14 07:59:59.999,11709716.09055,38619,20332.302,2970026.20004
2025-06-14 08:00:00,146.17,146.21,145.17,145.82,55891.168,2025-06-14 08:59:59.999,8138626.13231,39585,22310.41,3248515.61215
2025-06-14 09:00:00,145.83,145.95,144.93,145.15,63920.961,2025-06-14 09:59:59.999,9290761.47003,39584,21061.486,3063605.56788
2025-06-14 10:00:00,145.15,145.91,145.09,145.63,37934.477,2025-06-14 10:59:59.999,5518987.53427,34571,20056.548,2918159.42285
2025-06-14 11:00:00,145.62,146.11,145.45,145.86,34422.163,2025-06-14 11:59:59.999,5020069.25799,34786,19821.506,2890967.02187
2025-06-14 12:00:00,145.85,145.95,144.92,145.54,59101.599,2025-06-14 12:59:59.999,8590457.07012,45952,24939.618,3624864.36115
2025-06-14 13:00:00,145.53,145.93,145.0,145.51,57909.793,2025-06-14 13:59:59.999,8427296.16848,54164,27154.638,3951608.02238
2025-06-14 14:00:00,145.51,145.78,145.0,145.28,45920.399,2025-06-14 14:59:59.999,6672972.04139,42826,22796.743,3312542.86133
2025-06-14 15:00:00,145.28,145.5,143.8,144.54,177828.189,2025-06-14 15:59:59.999,25690097.90954,93658,60765.701,8778196.66175
2025-06-14 16:00:00,144.53,144.95,142.92,143.39,138445.202,2025-06-14 16:59:59.999,19946015.09649,95715,46262.455,6661455.37923
2025-06-14 17:00:00,143.39,144.65,143.05,144.47,77647.742,2025-06-14 17:59:59.999,11188409.61724,56828,37169.893,5353824.39996
2025-06-14 18:00:00,144.46,145.11,143.07,144.11,75288.573,2025-06-14 18:59:59.999,10843951.59935,68078,39561.762,5705586.5894
2025-06-14 19:00:00,144.12,144.48,143.47,143.5,49773.726,2025-06-14 19:59:59.999,7166500.58721,54137,29691.35,4274851.06031
2025-06-14 20:00:00,143.51,143.71,141.97,142.91,91216.958,2025-06-14 20:59:59.999,13015493.0747,83179,33751.204,4816942.36148
2025-06-14 21:00:00,142.9,144.82,142.68,144.57,74274.625,2025-06-14 21:59:59.999,10680748.90226,56741,36955.816,5312258.37095
2025-06-14 22:00:00,144.57,144.9,143.98,144.33,44737.982,2025-06-14 22:59:59.999,6463822.04644,45867,21216.817,3066699.38823
2025-06-14 23:00:00,144.34,145.01,144.29,144.64,70511.073,2025-06-14 23:59:59.999,10196257.53078,36009,18976.637,2744058.03735
2025-06-15 00:00:00,144.65,145.82,144.6,145.61,80017.702,2025-06-15 00:59:59.999,11622062.85675,48221,39260.982,5702754.48915
2025-06-15 01:00:00,145.61,145.68,144.82,145.03,37569.36,2025-06-15 01:59:59.999,5455795.74097,34929,13321.403,1934644.72131
2025-06-15 02:00:00,145.04,146.05,145.04,145.54,34583.176,2025-06-15 02:59:59.999,5037899.3098,33902,18303.523,2666303.16847
2025-06-15 03:00:00,145.54,145.86,145.5,145.75,43249.83,2025-06-15 03:59:59.999,6301628.01698,34880,26534.728,3866861.57194
2025-06-15 04:00:00,145.75,146.44,145.68,146.25,54889.305,2025-06-15 04:59:59.999,8017323.35535,37604,36044.171,5265274.9039
2025-06-15 05:00:00,146.25,147.41,145.73,147.37,166609.984,2025-06-15 05:59:59.999,24461239.10791,49141,81220.161,11910514.00541
2025-06-15 06:00:00,147.37,148.1,146.32,146.48,96549.783,2025-06-15 06:59:59.999,14217838.92992,55946,52191.184,7689859.35593
2025-06-15 07:00:00,146.49,146.54,145.75,145.87,47548.755,2025-06-15 07:59:59.999,6945199.70982,36954,24728.385,3611272.8737
2025-06-15 08:00:00,145.87,146.01,145.1,145.43,47091.21,2025-06-15 08:59:59.999,6847761.54881,40287,24579.247,3573985.07431
2025-06-15 09:00:00,145.43,145.43,144.22,144.34,91582.926,2025-06-15 09:59:59.999,13262690.59143,52169,37984.044,5498981.08037
2025-06-15 10:00:00,144.34,145.95,144.33,145.84,92861.841,2025-06-15 10:59:59.999,13487923.948,47425,55698.532,8087204.37317
2025-06-15 11:00:00,145.85,146.71,145.52,146.36,65944.152,2025-06-15 11:59:59.999,9630568.86407,57885,39792.556,5811774.8439
2025-06-15 12:00:00,146.35,147.84,146.16,147.69,77063.405,2025-06-15 12:59:59.999,11324306.69679,67929,46916.523,6894443.35744
2025-06-15 13:00:00,147.68,148.37,146.96,148.35,207868.145,2025-06-15 13:59:59.999,30688551.5448,88515,118548.577,17505838.36201
2025-06-15 14:00:00,148.35,152.44,147.94,151.92,359638.797,2025-06-15 14:59:59.999,54005729.12386,185359,213280.426,32051080.42146
2025-06-15 15:00:00,151.92,152.97,150.51,150.84,284416.779,2025-06-15 15:59:59.999,43199021.29608,165853,128820.856,19571505.14454
2025-06-15 16:00:00,150.84,152.0,150.18,151.95,154513.712,2025-06-15 16:59:59.999,23341682.02323,108433,91738.233,13864200.50501
2025-06-15 17:00:00,151.94,152.65,151.49,152.23,144019.192,2025-06-15 17:59:59.999,21914905.88321,87291,78941.304,12012575.11753
2025-06-15 18:00:00,152.24,152.83,151.31,152.7,98141.797,2025-06-15 18:59:59.999,14919704.45615,63505,53143.537,8080392.33776
2025-06-15 19:00:00,152.7,153.54,151.87,152.23,119857.762,2025-06-15 19:59:59.999,18300067.10411,81182,64346.816,9827951.72958
2025-06-15 20:00:00,152.23,152.34,148.17,148.84,219922.686,2025-06-15 20:59:59.999,32993716.29049,138609,90976.224,13658949.78818
2025-06-15 21:00:00,148.84,150.79,148.15,150.55,86235.442,2025-06-15 21:59:59.999,12872736.09574,76754,49566.529,7401364.54349
2025-06-15 22:00:00,150.54,152.56,150.26,152.07,125475.21,2025-06-15 22:59:59.999,19027059.25385,103739,73597.159,11158678.99646
2025-06-15 23:00:00,152.07,153.0,151.6,152.97,96348.665,2025-06-15 23:59:59.999,14688100.93073,72008,50478.539,7696271.29172
2025-06-16 00:00:00,152.97,153.25,151.55,152.01,163149.573,2025-06-16 00:59:59.999,24864881.87147,103238,68228.903,10402090.52193
2025-06-16 01:00:00,152.01,156.66,150.99,156.56,401937.366,2025-06-16 01:59:59.999,62032015.75501,192462,220039.876,33975007.33789
2025-06-16 02:00:00,156.55,157.41,155.47,155.71,284899.003,2025-06-16 02:59:59.999,44544390.88374,143805,122678.954,19181913.59727
2025-06-16 03:00:00,155.71,156.25,155.51,155.58,88481.835,2025-06-16 03:59:59.999,13790276.73478,51631,44170.546,6885503.56947
2025-06-16 04:00:00,155.59,157.18,155.51,156.78,127408.278,2025-06-16 04:59:59.999,19940008.02899,83499,71210.117,11142848.30259
2025-06-16 05:00:00,156.78,157.95,156.49,156.72,131453.134,2025-06-16 05:59:59.999,20657096.27382,79033,68672.891,10795637.44454
2025-06-16 06:00:00,156.73,157.15,156.33,156.48,88382.483,2025-06-16 06:59:59.999,13849539.09648,56901,39593.973,6204886.88124
2025-06-16 07:00:00,156.49,157.56,156.49,157.28,71913.61,2025-06-16 07:59:59.999,11294841.8036,53231,37232.644,5848822.57975
2025-06-16 08:00:00,157.27,157.5,156.53,156.95,79975.413,2025-06-16 08:59:59.999,12553438.74261,50078,43556.166,6837750.8044
2025-06-16 09:00:00,156.96,157.0,156.01,156.48,97311.085,2025-06-16 09:59:59.999,15222057.88312,53256,46257.248,7236108.86785
2025-06-16 10:00:00,156.48,157.08,155.87,156.09,96298.019,2025-06-16 10:59:59.999,15072831.62921,46393,47060.578,7370457.68125
2025-06-16 11:00:00,156.1,156.9,154.81,156.48,245609.507,2025-06-16 11:59:59.999,38300838.06758,82276,92677.564,14445693.72788
2025-06-16 12:00:00,156.48,156.76,155.18,155.29,95604.539,2025-06-16 12:59:59.999,14901042.89662,73104,41975.964,6546001.28447
2025-06-16 13:00:00,155.28,156.74,154.68,156.57,150985.28,2025-06-16 13:59:59.999,23482715.42733,111516,77486.003,12060045.8315
2025-06-16 14:00:00,156.57,157.78,155.65,156.47,202638.167,2025-06-16 14:59:59.999,31784504.4897,146594,94139.601,14768295.05935
2025-06-16 15:00:00,156.47,157.49,156.11,156.58,126218.575,2025-06-16 15:59:59.999,19794511.08512,105162,58611.238,9192768.00753
2025-06-16 16:00:00,156.58,158.21,156.35,157.52,105590.929,2025-06-16 16:59:59.999,16626157.95874,71797,52403.877,8252647.0287
2025-06-16 17:00:00,157.51,158.06,156.97,157.22,116473.431,2025-06-16 17:59:59.999,18356501.12091,83066,59981.529,9453502.82463
2025-06-16 18:00:00,157.21,158.19,157.0,158.18,72495.368,2025-06-16 18:59:59.999,11430656.40895,57751,40631.134,6407275.44194
2025-06-16 19:00:00,158.18,158.8,157.19,157.79,108603.893,2025-06-16 19:59:59.999,17173030.33272,84341,55048.822,8708869.72634
2025-06-16 20:00:00,157.8,157.86,156.79,157.3,96482.896,2025-06-16 20:59:59.999,15173338.76094,62803,52851.45,8311454.53243
2025-06-16 21:00:00,157.3,157.57,156.36,156.66,64684.292,2025-06-16 21:59:59.999,10148143.2994,44127,32477.029,5094726.20733
2025-06-16 22:00:00,156.67,157.23,151.83,153.0,303149.644,2025-06-16 22:59:59.999,46672153.10655,182086,133240.059,20507775.83347
2025-06-16 23:00:00,153.0,154.13,150.3,150.72,253450.465,2025-06-16 23:59:59.999,38613428.40514,188491,110187.829,16792783.10795
2025-06-17 00:00:00,150.73,152.01,147.47,152.01,484992.061,2025-06-17 00:59:59.999,72632927.71719,302585,254434.162,38119367.514
2025-06-17 01:00:00,152.01,152.3,151.02,151.61,116204.7,2025-06-17 01:59:59.999,17620188.70252,103651,51375.187,7788737.89561
2025-06-17 02:00:00,151.62,153.4,150.9,153.25,197406.745,2025-06-17 02:59:59.999,30005796.02407,109562,92817.055,14125056.85601
2025-06-17 03:00:00,153.26,153.98,152.59,153.36,89261.195,2025-06-17 03:59:59.999,13691981.43798,92796,50380.191,7730418.01114
2025-06-17 04:00:00,153.37,153.68,152.39,153.06,73522.028,2025-06-17 04:59:59.999,11252365.63128,66396,34469.845,5276080.10984
2025-06-17 05:00:00,153.05,153.89,152.7,153.61,72805.188,2025-06-17 05:59:59.999,11164430.34203,76608,34143.415,5236573.55703
2025-06-17 06:00:00,153.6,154.33,152.7,153.06,107269.381,2025-06-17 06:59:59.999,16457375.44335,88135,53293.22,8176574.78899
2025-06-17 07:00:00,153.07,153.37,151.91,152.67,109151.705,2025-06-17 07:59:59.999,16678648.79981,70260,42496.122,6494707.95936
2025-06-17 08:00:00,152.67,152.9,151.46,151.57,94003.807,2025-06-17 08:59:59.999,14300847.15056,67791,42724.379,6501039.96702
2025-06-17 09:00:00,151.58,152.02,151.01,151.53,119623.9,2025-06-17 09:59:59.999,18122307.71477,79970,58868.63,8919192.74033
2025-06-17 10:00:00,151.53,151.53,150.32,151.22,120978.642,2025-06-17 10:59:59.999,18260452.64152,73747,59042.527,8911801.01985
2025-06-17 11:00:00,151.22,151.22,150.18,150.53,92516.163,2025-06-17 11:59:59.999,13935648.51767,58666,53356.699,8035731.51563
2025-06-17 12:00:00,150.53,151.43,149.52,149.67,115601.733,2025-06-17 12:59:59.999,17402821.0615,72626,64474.315,9713460.91517
2025-06-17 13:00:00,149.66,150.52,149.15,149.57,123436.93,2025-06-17 13:59:59.999,18480467.57018,93683,66303.788,9930219.00849
2025-06-17 14:00:00,149.58,150.78,148.71,148.85,140728.604,2025-06-17 14:59:59.999,21095313.51738,99930,62469.25,9380896.57964
2025-06-17 15:00:00,148.86,149.05,146.52,147.62,254963.188,2025-06-17 15:59:59.999,37681817.95812,189893,119377.968,17645384.16681
2025-06-17 16:00:00,147.62,148.03,145.98,146.02,265013.937,2025-06-17 16:59:59.999,38936155.5104,172627,110972.628,16309131.34193
2025-06-17 17:00:00,146.02,147.35,145.61,146.29,162491.643,2025-06-17 17:59:59.999,23787794.64708,131894,81495.611,11933546.69684
2025-06-17 18:00:00,146.28,148.17,145.65,148.16,74609.78,2025-06-17 18:59:59.999,10940689.48425,63361,39735.03,5829118.15679
2025-06-17 19:00:00,148.15,150.39,147.82,148.87,203524.85,2025-06-17 19:59:59.999,30352605.5949,151528,108560.124,16194094.69709
2025-06-17 20:00:00,148.87,149.25,148.07,148.66,88030.772,2025-06-17 20:59:59.999,13093137.47634,80099,39283.351,5843591.86562
2025-06-17 21:00:00,148.65,149.0,146.69,147.8,157091.647,2025-06-17 21:59:59.999,23227573.4406,93395,61268.226,9058977.7732
2025-06-17 22:00:00,147.81,147.96,146.26,146.45,68870.392,2025-06-17 22:59:59.999,10149811.4952,65038,36267.653,5347306.52209
2025-06-17 23:00:00,146.46,148.36,146.39,147.57,63549.868,2025-06-17 23:59:59.999,9386989.34603,48109,34884.259,5154357.72784
2025-06-18 00:00:00,147.58,148.26,146.54,148.23,124341.793,2025-06-18 00:59:59.999,18347256.13103,77591,79408.029,11717803.01518
2025-06-18 01:00:00,148.23,149.1,147.5,147.57,111537.097,2025-06-18 01:59:59.999,16548776.4202,65459,61282.411,9095031.38851
2025-06-18 02:00:00,147.58,148.21,147.2,147.58,56822.727,2025-06-18 02:59:59.999,8395785.68517,56911,28153.266,4160247.94731
2025-06-18 03:00:00,147.59,148.56,147.4,148.37,55513.941,2025-06-18 03:59:59.999,8219537.14834,47993,29475.388,4365081.74081
2025-06-18 04:00:00,148.38,149.28,148.2,148.79,66568.927,2025-06-18 04:59:59.999,9902063.62366,42878,27310.927,4062666.06799
2025-06-18 05:00:00,148.8,149.1,148.25,148.3,67192.483,2025-06-18 05:59:59.999,9989330.58233,45795,23290.795,3463117.54778
2025-06-18 06:00:00,148.3,148.36,146.89,147.23,130859.868,2025-06-18 06:59:59.999,19325514.09491,54213,46646.355,6891560.39907
2025-06-18 07:00:00,147.22,148.0,147.02,147.99,70362.894,2025-06-18 07:59:59.999,10372035.16069,54093,33279.006,4905453.83476
2025-06-18 08:00:00,147.99,148.56,147.08,147.66,65302.486,2025-06-18 08:59:59.999,9654277.95351,53934,26951.006,3986942.73808
2025-06-18 09:00:00,147.66,148.38,147.2,147.43,63874.339,2025-06-18 09:59:59.999,9441933.36753,50335,25183.8,3723339.79859
2025-06-18 10:00:00,147.42,147.52,145.34,145.69,140575.205,2025-06-18 10:59:59.999,20583942.66089,99174,59644.839,8737476.30525
2025-06-18 11:00:00,145.69,146.77,145.51,146.52,89771.129,2025-06-18 11:59:59.999,13122085.88432,75884,50706.968,7411194.11967
2025-06-18 12:00:00,146.52,146.58,145.0,145.17,106391.951,2025-06-18 12:59:59.999,15508307.22977,69420,41594.54,6066297.0912
2025-06-18 13:00:00,145.18,145.48,143.76,145.29,260623.289,2025-06-18 13:59:59.999,37685148.83203,166141,118709.772,17160905.68687
2025-06-18 14:00:00,145.29,146.77,144.66,145.28,197141.992,2025-06-18 14:59:59.999,28776873.93625,163456,84664.407,12365537.5188
2025-06-18 15:00:00,145.29,146.12,144.64,145.74,134204.274,2025-06-18 15:59:59.999,19534602.83437,96534,58578.756,8528281.86665
2025-06-18 16:00:00,145.74,145.74,144.42,144.83,128521.785,2025-06-18 16:59:59.999,18626324.69862,90683,62361.854,9038449.77483
2025-06-18 17:00:00,144.83,145.89,143.93,145.55,149574.614,2025-06-18 17:59:59.999,21646679.3175,96465,67049.14,9707179.7364
2025-06-18 18:00:00,145.55,146.51,143.96,143.96,185221.888,2025-06-18 18:59:59.999,26901629.2966,144372,80281.331,11666936.08607
2025-06-18 19:00:00,143.96,146.03,143.65,144.71,170425.44,2025-06-18 19:59:59.999,24703966.37881,151875,76228.058,11053014.91335
2025-06-18 20:00:00,144.71,147.87,144.09,147.46,141576.124,2025-06-18 20:59:59.999,20707834.64751,93611,60748.214,8896182.96661
2025-06-18 21:00:00,147.46,147.85,146.26,147.55,104923.124,2025-06-18 21:59:59.999,15427005.80729,82969,46599.122,6852611.49518
2025-06-18 22:00:00,147.55,147.92,147.16,147.37,109236.867,2025-06-18 22:59:59.999,16114468.34612,49290,35595.415,5250199.91592
2025-06-18 23:00:00,147.38,147.8,145.93,146.34,70344.743,2025-06-18 23:59:59.999,10320813.6807,46754,26532.182,3891914.60226
2025-06-19 00:00:00,146.35,147.9,145.83,146.91,105019.893,2025-06-19 00:59:59.999,15453227.5302,78628,51859.413,7632904.74189
2025-06-19 01:00:00,146.92,146.97,145.45,145.69,114353.788,2025-06-19 01:59:59.999,16695358.11207,81226,46430.021,6779357.66925
2025-06-19 02:00:00,145.7,146.16,144.96,145.48,105438.372,2025-06-19 02:59:59.999,15344925.7134,60402,49905.694,7262996.16211
2025-06-19 03:00:00,145.49,146.73,145.47,146.58,70537.085,2025-06-19 03:59:59.999,10297615.14184,45843,38846.983,5670424.34324
2025-06-19 04:00:00,146.58,146.64,145.6,146.56,64931.333,2025-06-19 04:59:59.999,9484376.21959,39614,29144.754,4256822.35057
2025-06-19 05:00:00,146.56,147.16,145.86,145.97,170372.994,2025-06-19 05:59:59.999,24975527.18761,64302,76080.417,11153636.58987
2025-06-19 06:00:00,145.97,146.2,145.0,145.11,188945.072,2025-06-19 06:59:59.999,27501360.00295,57327,84546.94,12309739.35371
2025-06-19 07:00:00,145.11,145.59,145.0,145.07,59455.398,2025-06-19 07:59:59.999,8639869.08176,44640,24237.6,3522226.10919
2025-06-19 08:00:00,145.08,145.94,145.07,145.16,72494.848,2025-06-19 08:59:59.999,10551998.1342,41781,24904.332,3624587.272
2025-06-19 09:00:00,145.16,146.24,145.05,146.12,82043.347,2025-06-19 09:59:59.999,11953158.17446,45185,27076.53,3945470.98593
2025-06-19 10:00:00,146.13,146.5,145.76,146.09,62615.242,2025-06-19 10:59:59.999,9152815.59871,49514,24876.346,3636332.08329
2025-06-19 11:00:00,146.09,146.1,144.85,145.09,65770.961,2025-06-19 11:59:59.999,9559924.87793,45825,22979.193,3340392.22041
2025-06-19 12:00:00,145.1,145.5,144.52,145.2,74821.339,2025-06-19 12:59:59.999,10853980.0483,48342,33494.598,4861174.48885
2025-06-19 13:00:00,145.21,145.34,143.81,143.95,106208.358,2025-06-19 13:59:59.999,15352826.57309,76391,48708.764,7040036.64524
2025-06-19 14:00:00,143.95,144.64,142.96,143.16,181657.136,2025-06-19 14:59:59.999,26112617.97347,84505,75617.555,10876178.60215
2025-06-19 15:00:00,143.17,143.92,142.92,143.16,98748.682,2025-06-19 15:59:59.999,14158486.37577,73603,41119.191,5896588.48497
2025-06-19 16:00:00,143.16,144.18,143.13,143.31,81868.761,2025-06-19 16:59:59.999,11771028.23195,61122,49857.622,7169310.0658
2025-06-19 17:00:00,143.32,145.22,143.11,144.78,117639.273,2025-06-19 17:59:59.999,16995863.00439,81828,62084.039,8966132.11066
2025-06-19 18:00:00,144.78,146.04,144.67,145.35,103574.34,2025-06-19 18:59:59.999,15060514.41613,69801,64902.846,9438814.26319
2025-06-19 19:00:00,145.36,145.84,145.04,145.48,61809.753,2025-06-19 19:59:59.999,8991900.38866,49362,34353.03,4997719.73906
2025-06-19 20:00:00,145.48,146.18,145.03,145.34,45001.295,2025-06-19 20:59:59.999,6551132.72042,45415,21370.211,3110613.92824
2025-06-19 21:00:00,145.34,146.0,145.23,145.67,53599.403,2025-06-19 21:59:59.999,7805475.09366,37610,27742.914,4038758.73676
2025-06-19 22:00:00,145.68,147.45,145.68,146.7,120729.304,2025-06-19 22:59:59.999,17722863.25863,75890,58568.76,8596521.94814
2025-06-19 23:00:00,146.69,147.27,146.38,147.04,77699.752,2025-06-19 23:59:59.999,11410831.43805,44781,32663.486,4795928.56105
2025-06-20 00:00:00,147.04,147.54,146.59,146.97,76711.116,2025-06-20 00:59:59.999,11283831.40526,49906,39276.439,5777705.08469
2025-06-20 01:00:00,146.96,147.25,146.18,147.12,45943.392,2025-06-20 01:59:59.999,6736881.19697,39737,23802.599,3491137.86803
2025-06-20 02:00:00,147.13,147.18,145.66,145.95,63288.681,2025-06-20 02:59:59.999,9258558.33148,40226,34301.95,5015344.75202
2025-06-20 03:00:00,145.95,146.07,145.41,145.44,46483.486,2025-06-20 03:59:59.999,6772616.45741,35621,22258.819,3244371.77617
2025-06-20 04:00:00,145.45,145.63,144.3,144.5,64483.695,2025-06-20 04:59:59.999,9342567.99608,53932,27394.842,3969840.78688
2025-06-20 05:00:00,144.51,145.49,144.49,145.34,44141.559,2025-06-20 05:59:59.999,6402467.442,37084,21556.625,3126239.54013
2025-06-20 06:00:00,145.33,145.7,145.0,145.5,36428.839,2025-06-20 06:59:59.999,5296027.22222,34388,19385.433,2818553.52278
2025-06-20 07:00:00,145.49,147.78,145.25,147.47,112976.244,2025-06-20 07:59:59.999,16580294.48643,75440,65780.582,9654561.2577
2025-06-20 08:00:00,147.48,148.27,146.91,147.41,173383.82,2025-06-20 08:59:59.999,25607584.77278,92316,86564.642,12786590.06151
2025-06-20 09:00:00,147.41,147.82,147.15,147.75,61948.182,2025-06-20 09:59:59.999,9137894.76085,45010,25878.445,3817179.04804
2025-06-20 10:00:00,147.76,148.81,147.61,148.56,114923.321,2025-06-20 10:59:59.999,17048757.87221,52735,50058.451,7425687.12221
2025-06-20 11:00:00,148.56,148.65,147.89,148.17,56890.101,2025-06-20 11:59:59.999,8435726.93191,51850,21449.987,3180770.58039
2025-06-20 12:00:00,148.17,148.37,147.42,147.48,59080.006,2025-06-20 12:59:59.999,8740932.92548,45560,27381.381,4051041.59124
2025-06-20 13:00:00,147.47,147.96,146.03,146.65,108040.924,2025-06-20 13:59:59.999,15885423.6571,92786,48472.428,7129699.16289
2025-06-20 14:00:00,146.64,146.87,143.77,143.99,220496.176,2025-06-20 14:59:59.999,32041725.1946,154367,77245.199,11233271.35618
2025-06-20 15:00:00,144.0,144.42,142.35,142.86,264736.718,2025-06-20 15:59:59.999,38007445.17042,157208,128729.891,18486750.14071
2025-06-20 16:00:00,142.86,143.0,141.89,142.34,259426.037,2025-06-20 16:59:59.999,36952962.85101,124941,129472.026,18447251.70554
2025-06-20 17:00:00,142.34,142.67,135.69,138.37,921820.633,2025-06-20 17:59:59.999,127295633.79205,395204,422216.152,58227808.97136
2025-06-20 18:00:00,138.37,139.5,137.96,139.3,230188.411,2025-06-20 18:59:59.999,31945747.46162,135994,130549.253,18118217.42298
2025-06-20 19:00:00,139.29,139.93,138.05,139.82,131538.183,2025-06-20 19:59:59.999,18294195.17364,92826,66162.296,9204517.6231
2025-06-20 20:00:00,139.81,141.71,139.78,140.97,108761.417,2025-06-20 20:59:59.999,15319974.36691,94155,61718.885,8691532.66047
2025-06-20 21:00:00,140.98,141.03,140.03,140.17,65471.712,2025-06-20 21:59:59.999,9200670.53311,48108,32754.881,4602995.46623
2025-06-20 22:00:00,140.17,140.18,138.67,139.09,68458.203,2025-06-20 22:59:59.999,9535368.71166,61282,28188.744,3925279.16431
2025-06-20 23:00:00,139.08,140.17,138.81,140.11,57706.353,2025-06-20 23:59:59.999,8043518.36311,46150,28795.976,4014853.54613
2025-06-21 00:00:00,140.11,140.47,139.54,139.94,59875.793,2025-06-21 00:59:59.999,8383990.50656,45980,24065.724,3370384.4216
2025-06-21 01:00:00,139.94,140.6,139.89,140.23,70701.084,2025-06-21 01:59:59.999,9915491.70415,36551,39193.794,5497284.46773
2025-06-21 02:00:00,140.24,140.44,139.62,139.98,42316.014,2025-06-21 02:59:59.999,5922886.33329,30655,20580.94,2880578.18104
2025-06-21 03:00:00,139.97,141.34,139.95,140.76,86147.535,2025-06-21 03:59:59.999,12143771.10024,41812,44745.22,6306332.87332
2025-06-21 04:00:00,140.75,140.98,140.01,140.09,38162.865,2025-06-21 04:59:59.999,5356690.67938,24346,17946.237,2519167.85348
2025-06-21 05:00:00,140.09,140.58,139.94,140.38,65529.799,2025-06-21 05:59:59.999,9187517.83691,21658,46894.975,6573456.08114
2025-06-21 06:00:00,140.39,140.54,140.1,140.43,24178.927,2025-06-21 06:59:59.999,3392609.16813,20609,11375.392,1596178.78015
2025-06-21 07:00:00,140.43,140.72,139.85,140.64,30562.602,2025-06-21 07:59:59.999,4289061.44359,26237,14872.012,2087514.39315
2025-06-21 08:00:00,140.64,141.91,140.29,141.64,50123.193,2025-06-21 08:59:59.999,7065582.26505,35198,23716.848,3344605.48965
2025-06-21 09:00:00,141.64,142.05,141.0,141.88,91393.559,2025-06-21 09:59:59.999,12935559.03178,50093,32119.865,4546727.75516
2025-06-21 10:00:00,141.89,142.6,141.72,142.24,137690.09,2025-06-21 10:59:59.999,19580221.59222,53555,52899.013,7525320.28186
2025-06-21 11:00:00,142.23,142.56,141.95,142.08,87024.885,2025-06-21 11:59:59.999,12384852.89086,48246,27795.963,3955949.27254
2025-06-21 12:00:00,142.08,142.46,141.48,141.73,77669.117,2025-06-21 12:59:59.999,11023392.57673,49361,23226.049,3296026.33701
2025-06-21 13:00:00,141.72,142.22,140.26,140.69,84971.103,2025-06-21 13:59:59.999,12001960.75041,70809,34033.478,4809318.0931
2025-06-21 14:00:00,140.69,141.39,140.2,140.39,172150.469,2025-06-21 14:59:59.999,24212648.48905,95882,56176.057,7902592.06913
2025-06-21 15:00:00,140.39,140.78,139.15,140.3,109916.061,2025-06-21 15:59:59.999,15397558.63205,76458,41788.79,5852645.22921
2025-06-21 16:00:00,140.29,141.05,139.81,140.13,83313.096,2025-06-21 16:59:59.999,11691749.4187,71614,35385.525,4966557.78543
2025-06-21 17:00:00,140.13,140.89,138.26,138.66,143676.56,2025-06-21 17:59:59.999,20001700.36523,101826,70362.548,9794217.99493
2025-06-21 18:00:00,138.66,139.63,137.37,137.71,167254.283,2025-06-21 18:59:59.999,23184214.11606,106858,92802.171,12869994.83821
2025-06-21 19:00:00,137.71,138.29,137.22,137.28,147800.631,2025-06-21 19:59:59.999,20366553.97537,96384,66825.424,9209420.73336
2025-06-21 20:00:00,137.29,138.9,136.82,138.42,106096.423,2025-06-21 20:59:59.999,14619531.31638,81895,56620.955,7802043.88355
2025-06-21 21:00:00,138.43,138.59,130.9,132.74,494421.38,2025-06-21 21:59:59.999,66283927.38119,236511,185016.82,24781873.09054
2025-06-21 22:00:00,132.74,134.76,132.69,134.2,154986.823,2025-06-21 22:59:59.999,20778694.43003,120824,79352.04,10637380.29968
2025-06-21 23:00:00,134.2,135.63,131.9,135.43,300461.851,2025-06-21 23:59:59.999,40151633.64462,215401,149623.279,20011465.73895
2025-06-22 00:00:00,135.43,137.62,134.05,136.53,302638.124,2025-06-22 00:59:59.999,41160395.15066,228867,167340.249,22757361.94019
2025-06-22 01:00:00,136.54,137.18,134.89,135.05,109073.986,2025-06-22 01:59:59.999,14817096.09756,93200,46004.134,6253026.83544
2025-06-22 02:00:00,135.06,136.12,133.24,134.7,187421.758,2025-06-22 02:59:59.999,25188829.91574,151710,95047.972,12777924.23836
2025-06-22 03:00:00,134.69,135.56,134.04,135.11,109548.264,2025-06-22 03:59:59.999,14765527.25545,92604,53941.03,7272615.88967
2025-06-22 04:00:00,135.12,136.29,134.6,135.82,138031.886,2025-06-22 04:59:59.999,18726645.03287,87461,89376.273,12125154.954
2025-06-22 05:00:00,135.81,136.5,135.46,136.22,53081.759,2025-06-22 05:59:59.999,7220868.78627,61068,30765.113,4185449.63885
2025-06-22 06:00:00,136.23,136.5,135.56,135.92,59022.513,2025-06-22 06:59:59.999,8025652.64601,52503,39590.27,5382649.07107
2025-06-22 07:00:00,135.92,135.92,134.63,134.82,59393.235,2025-06-22 07:59:59.999,8028624.148,54351,27632.423,3735565.41992
2025-06-22 08:00:00,134.82,135.08,134.12,134.91,58671.031,2025-06-22 08:59:59.999,7897978.40133,62131,29643.521,3991255.79062
2025-06-22 09:00:00,134.91,135.36,132.28,132.32,112150.412,2025-06-22 09:59:59.999,14994057.18182,115853,48988.262,6553996.77337
2025-06-22 10:00:00,132.33,133.77,131.95,133.21,100045.549,2025-06-22 10:59:59.999,13300516.28591,101532,46114.489,6129757.20448
2025-06-22 11:00:00,133.22,134.03,132.47,133.25,99320.083,2025-06-22 11:59:59.999,13228608.69484,80110,37933.408,5053193.01002
2025-06-22 12:00:00,133.26,133.88,132.52,133.53,96368.276,2025-06-22 12:59:59.999,12834405.62625,82190,34628.502,4612045.93474
2025-06-22 13:00:00,133.53,133.77,126.82,128.74,703710.785,2025-06-22 13:59:59.999,90779185.10982,396572,312181.217,40241307.259
2025-06-22 14:00:00,128.74,130.24,126.51,129.88,531716.248,2025-06-22 14:59:59.999,68184069.48698,343372,270617.463,34716508.84103
2025-06-22 15:00:00,129.89,130.46,128.23,128.55,192863.04,2025-06-22 15:59:59.999,24963434.93036,155303,86628.011,11212708.16821
2025-06-22 16:00:00,128.56,129.91,128.29,129.82,161681.724,2025-06-22 16:59:59.999,20851235.06539,156021,94375.991,12174566.67063
2025-06-22 17:00:00,129.81,131.48,129.31,130.49,142423.979,2025-06-22 17:59:59.999,18554675.80036,132795,77482.013,10094806.69219
2025-06-22 18:00:00,130.48,131.12,129.3,129.43,75827.169,2025-06-22 18:59:59.999,9881777.87825,86099,36964.968,4818422.92626
2025-06-22 19:00:00,129.43,129.51,128.53,129.06,82562.32,2025-06-22 19:59:59.999,10652185.40334,85432,39696.41,5121519.17707
2025-06-22 20:00:00,129.07,130.13,126.0,129.54,315553.613,2025-06-22 20:59:59.999,40255625.20758,249906,155695.263,19862005.14366
2025-06-22 21:00:00,129.55,130.04,127.96,129.01,93060.174,2025-06-22 21:59:59.999,12026932.61475,86977,47662.035,6160339.68311
2025-06-22 22:00:00,129.02,132.47,128.83,132.14,330487.602,2025-06-22 22:59:59.999,43374763.65317,171456,210669.357,27655104.34534
2025-06-22 23:00:00,132.15,132.56,131.41,131.71,137466.493,2025-06-22 23:59:59.999,18144337.16403,80274,78871.897,10408932.23554
2025-06-23 00:00:00,131.71,133.53,131.53,132.52,224453.516,2025-06-23 00:59:59.999,29699118.08787,112390,110680.229,14646759.60046
2025-06-23 01:00:00,132.53,133.15,131.71,133.05,107193.552,2025-06-23 01:59:59.999,14188001.82136,61633,52247.446,6917658.02329
2025-06-23 02:00:00,133.05,133.22,132.53,132.85,69124.688,2025-06-23 02:59:59.999,9184496.82932,50747,27754.737,3688779.31497
2025-06-23 03:00:00,132.84,133.15,132.29,132.67,51749.162,2025-06-23 03:59:59.999,6866758.65097,44668,20344.294,2699904.88213
2025-06-23 04:00:00,132.67,133.74,132.35,133.18,66228.354,2025-06-23 04:59:59.999,8818165.32558,51337,34504.864,4596270.64437
2025-06-23 05:00:00,133.18,134.77,133.12,134.41,102849.74,2025-06-23 05:59:59.999,13774729.37492,60935,61795.972,8275256.94783
2025-06-23 06:00:00,134.41,134.78,133.58,134.31,107241.949,2025-06-23 06:59:59.999,14392856.81704,61080,47481.06,6374535.64531
2025-06-23 07:00:00,134.31,135.01,134.02,134.38,82064.732,2025-06-23 07:59:59.999,11035291.47671,57486,41080.295,5524630.78951
2025-06-23 08:00:00,134.38,134.88,133.94,134.36,59064.929,2025-06-23 08:59:59.999,7936525.35069,44168,28401.284,3817682.89963
2025-06-23 09:00:00,134.35,134.45,133.44,134.33,74572.278,2025-06-23 09:59:59.999,9989329.73166,52246,28992.267,3884337.27172
2025-06-23 10:00:00,134.34,134.53,133.3,133.83,62351.354,2025-06-23 10:59:59.999,8346000.94975,48844,29174.328,3905045.26163
2025-06-23 11:00:00,133.82,134.45,133.25,134.09,64748.776,2025-06-23 11:59:59.999,8663289.4684,48245,27891.638,3733223.46398
2025-06-23 12:00:00,134.1,135.55,133.76,135.53,150930.027,2025-06-23 12:59:59.999,20312749.78139,78323,80808.558,10880770.91373
2025-06-23 13:00:00,135.53,137.0,132.91,136.64,380505.196,2025-06-23 13:59:59.999,51494882.41292,240096,181502.772,24588670.38433
2025-06-23 14:00:00,136.65,137.5,134.57,134.77,263213.437,2025-06-23 14:59:59.999,35860780.47006,186816,135577.319,18490426.31487
2025-06-23 15:00:00,134.77,135.48,133.15,133.43,144460.576,2025-06-23 15:59:59.999,19410129.12418,95828,62891.285,8456892.82225
2025-06-23 16:00:00,133.44,133.64,130.68,132.51,455341.675,2025-06-23 16:59:59.999,60142397.68959,262916,187807.425,24808971.21886
2025-06-23 17:00:00,132.52,137.26,132.26,136.77,376827.883,2025-06-23 17:59:59.999,51028609.27676,270944,205845.797,27875066.51847
2025-06-23 18:00:00,136.77,139.34,136.77,138.11,328771.821,2025-06-23 18:59:59.999,45537160.06363,211681,163526.869,22646481.06291
2025-06-23 19:00:00,138.12,140.27,138.07,139.79,204421.354,2025-06-23 19:59:59.999,28452409.01877,124079,112413.896,15645233.83519
2025-06-23 20:00:00,139.79,142.27,139.21,140.59,255427.969,2025-06-23 20:59:59.999,36046311.06262,184358,137952.416,19467777.55854
2025-06-23 21:00:00,140.6,141.75,140.48,140.94,118705.002,2025-06-23 21:59:59.999,16739631.61723,76389,62048.748,8750220.48594
2025-06-23 22:00:00,140.94,146.92,140.93,144.89,657034.625,2025-06-23 22:59:59.999,95154975.35514,365667,364589.148,52777356.31882
2025-06-23 23:00:00,144.89,145.23,144.21,144.51,165865.072,2025-06-23 23:59:59.999,24004980.82052,106713,102847.056,14886925.83408
2025-06-24 00:00:00,144.51,144.77,143.02,143.34,135322.494,2025-06-24 00:59:59.999,19462284.33585,91012,53558.936,7704119.10526
2025-06-24 01:00:00,143.34,144.4,142.97,143.83,80027.73,2025-06-24 01:59:59.999,11496804.72015,64619,38794.028,5574889.37031
2025-06-24 02:00:00,143.82,143.82,142.31,142.51,119541.256,2025-06-24 02:59:59.999,17072137.37177,65993,50594.268,7226610.91706
2025-06-24 03:00:00,142.51,143.57,142.46,143.24,76497.124,2025-06-24 03:59:59.999,10952261.35013,53628,38958.603,5578249.24085
2025-06-24 04:00:00,143.23,143.56,142.84,143.27,76099.757,2025-06-24 04:59:59.999,10900479.13476,40447,39940.268,5722287.68348
2025-06-24 05:00:00,143.27,145.59,143.15,145.49,155063.671,2025-06-24 05:59:59.999,22414729.73256,89529,88987.218,12871836.11676
2025-06-24 06:00:00,145.48,146.77,144.77,146.07,170444.318,2025-06-24 06:59:59.999,24851946.53223,94306,89576.741,13060177.48841
2025-06-24 07:00:00,146.08,146.4,143.86,144.01,148542.381,2025-06-24 07:59:59.999,21553050.57872,103343,56518.318,8203419.65016
2025-06-24 08:00:00,144.01,144.86,143.42,144.25,130601.726,2025-06-24 08:59:59.999,18810028.76419,99322,56130.815,8087185.14311
2025-06-24 09:00:00,144.24,145.81,143.73,143.99,157804.695,2025-06-24 09:59:59.999,22816249.24066,105763,77503.396,11213386.47524
2025-06-24 10:00:00,143.98,144.23,143.3,144.06,84194.669,2025-06-24 10:59:59.999,12107404.83948,69187,38123.95,5482792.64028
2025-06-24 11:00:00,144.06,144.72,143.02,144.57,95915.646,2025-06-24 11:59:59.999,13806609.44974,72848,50064.169,7212515.61288
2025-06-24 12:00:00,144.56,144.91,143.72,144.43,68948.762,2025-06-24 12:59:59.999,9951739.47865,63316,28991.691,4185712.70143
2025-06-24 13:00:00,144.42,145.0,143.44,144.03,156809.431,2025-06-24 13:59:59.999,22606245.23621,114207,69805.172,10066034.95764
2025-06-24 14:00:00,144.03,145.7,143.9,144.99,183811.935,2025-06-24 14:59:59.999,26635218.61167,126922,101230.771,14669077.86411
2025-06-24 15:00:00,144.99,145.65,143.61,144.31,140494.589,2025-06-24 15:59:59.999,20304590.21234,107071,63747.482,9216487.92222
2025-06-24 16:00:00,144.31,146.6,143.77,146.46,168160.038,2025-06-24 16:59:59.999,24416814.58819,116861,101488.063,14740351.0827
2025-06-24 17:00:00,146.46,146.62,143.91,144.8,131552.108,2025-06-24 17:59:59.999,19078787.36449,112765,66061.438,9578157.09666
2025-06-24 18:00:00,144.81,145.18,143.5,143.68,96074.32,2025-06-24 18:59:59.999,13847805.87785,72323,41923.627,6042965.11372
2025-06-24 19:00:00,143.68,143.91,142.84,143.61,85427.69,2025-06-24 19:59:59.999,12247950.40568,69978,40933.363,5869218.16201
2025-06-24 20:00:00,143.61,145.14,143.19,145.07,96615.212,2025-06-24 20:59:59.999,13947753.83779,56006,47959.476,6915807.70479
2025-06-24 21:00:00,145.07,145.69,144.42,145.42,62870.144,2025-06-24 21:59:59.999,9117183.44144,43494,28800.984,4178353.90664
2025-06-24 22:00:00,145.41,145.42,144.4,144.99,40248.464,2025-06-24 22:59:59.999,5828357.51069,41638,16811.574,2434051.43889
2025-06-24 23:00:00,144.99,145.96,144.48,145.92,80740.926,2025-06-24 23:59:59.999,11754028.83518,41038,51549.485,7507065.36734
2025-06-25 00:00:00,145.93,146.4,145.02,146.12,71692.352,2025-06-25 00:59:59.999,10450217.49834,67250,42135.332,6142619.6539
2025-06-25 01:00:00,146.11,146.21,145.07,145.8,47115.582,2025-06-25 01:59:59.999,6867748.33047,54325,23200.016,3382202.80001
2025-06-25 02:00:00,145.81,146.9,145.62,145.9,104907.774,2025-06-25 02:59:59.999,15352712.60025,78771,57246.371,8375887.35956
2025-06-25 03:00:00,145.91,146.35,145.51,145.52,61893.472,2025-06-25 03:59:59.999,9033359.13911,48030,34033.492,4967840.71069
2025-06-25 04:00:00,145.51,145.61,144.88,145.39,64595.619,2025-06-25 04:59:59.999,9383570.45523,41262,30734.103,4465759.24644
2025-06-25 05:00:00,145.4,145.82,145.12,145.4,33918.726,2025-06-25 05:59:59.999,4934137.96378,33179,16207.995,2358106.1746
2025-06-25 06:00:00,145.4,146.44,145.19,146.31,62153.169,2025-06-25 06:59:59.999,9073308.69797,44167,25569.209,3732428.60054
2025-06-25 07:00:00,146.31,147.49,146.0,147.01,133568.16,2025-06-25 07:59:59.999,19628831.65186,71455,67110.623,9865916.20295
2025-06-25 08:00:00,147.01,147.13,145.03,145.84,77237.441,2025-06-25 08:59:59.999,11268129.34088,61500,35735.618,5212981.05949
2025-06-25 09:00:00,145.85,146.81,145.04,145.5,111368.327,2025-06-25 09:59:59.999,16242817.69928,83279,50275.746,7333035.15848
2025-06-25 10:00:00,145.5,146.25,145.08,145.89,80290.961,2025-06-25 10:59:59.999,11692187.7243,66192,42200.32,6144846.84626
2025-06-25 11:00:00,145.9,146.39,145.17,146.26,78968.529,2025-06-25 11:59:59.999,11521151.20889,58129,35695.671,5207042.26257
2025-06-25 12:00:00,146.26,146.46,145.45,146.44,93392.075,2025-06-25 12:59:59.999,13630317.77601,63774,40675.535,5936562.358
2025-06-25 13:00:00,146.44,147.95,146.14,147.37,182941.488,2025-06-25 13:59:59.999,26919810.79647,136049,104375.436,15363877.41286
2025-06-25 14:00:00,147.37,147.43,144.75,145.65,214396.931,2025-06-25 14:59:59.999,31267332.8196,142697,93393.24,13632336.99072
2025-06-25 15:00:00,145.66,145.66,143.12,143.69,226990.921,2025-06-25 15:59:59.999,32695687.31107,123244,98903.91,14235589.11004
2025-06-25 16:00:00,143.7,144.27,142.82,143.43,108977.004,2025-06-25 16:59:59.999,15649879.42782,86646,47199.797,6780568.39406
2025-06-25 17:00:00,143.43,144.57,143.07,143.88,65338.3,2025-06-25 17:59:59.999,9396885.64145,72228,33557.302,4827327.58152
2025-06-25 18:00:00,143.87,143.95,143.12,143.3,85266.446,2025-06-25 18:59:59.999,12241345.99648,52213,37188.804,5338615.39229
2025-06-25 19:00:00,143.3,144.74,143.25,144.74,79867.607,2025-06-25 19:59:59.999,11512118.25719,57988,40416.551,5826031.48776
2025-06-25 20:00:00,144.74,145.19,144.18,145.09,58482.318,2025-06-25 20:59:59.999,8457187.83122,50164,35819.923,5180756.85028
2025-06-25 21:00:00,145.08,145.61,144.09,144.38,49368.852,2025-06-25 21:59:59.999,7142575.74683,37949,24619.311,3562071.93086
2025-06-25 22:00:00,144.38,144.38,142.92,143.2,51194.992,2025-06-25 22:59:59.999,7348928.7306,46849,18754.988,2692329.00014
2025-06-25 23:00:00,143.19,143.62,142.25,143.57,89674.863,2025-06-25 23:59:59.999,12823304.55062,47601,29657.468,4240212.16451
2025-06-26 00:00:00,143.57,144.37,143.43,144.17,44553.157,2025-06-26 00:59:59.999,6411146.2726,49237,21140.265,3042238.18628
2025-06-26 01:00:00,144.18,146.19,143.69,145.3,86798.815,2025-06-26 01:59:59.999,12593765.46875,90250,48189.059,6992627.80015
2025-06-26 02:00:00,145.31,146.48,144.95,146.23,107175.189,2025-06-26 02:59:59.999,15633600.28161,75649,57950.28,8452112.42106
2025-06-26 03:00:00,146.23,148.0,145.68,145.9,152588.033,2025-06-26 03:59:59.999,22410219.13994,100880,79069.389,11617086.52562
2025-06-26 04:00:00,145.91,146.07,144.97,145.44,58817.075,2025-06-26 04:59:59.999,8552372.06253,49075,29742.12,4325860.20317
2025-06-26 05:00:00,145.44,145.72,144.02,144.49,128005.908,2025-06-26 05:59:59.999,18523369.82346,54892,67117.322,9712268.71529
2025-06-26 06:00:00,144.49,145.16,144.2,144.86,57538.205,2025-06-26 06:59:59.999,8326742.99744,45254,28943.609,4189240.17255
2025-06-26 07:00:00,144.85,145.93,144.73,145.15,68855.276,2025-06-26 07:59:59.999,10009468.90487,57663,37029.264,5384586.37531
2025-06-26 08:00:00,145.16,145.81,144.69,144.87,52384.354,2025-06-26 08:59:59.999,7606446.7289,44083,24980.499,3628481.68398
2025-06-26 09:00:00,144.88,145.16,143.64,143.83,113158.334,2025-06-26 09:59:59.999,16311560.49297,61348,47348.774,6824309.93993
2025-06-26 10:00:00,143.82,144.21,143.2,143.53,75615.25,2025-06-26 10:59:59.999,10859504.80338,42483,28718.867,4126460.88621
2025-06-26 11:00:00,143.53,143.97,143.2,143.65,69423.278,2025-06-26 11:59:59.999,9962513.26966,39727,28705.668,4120682.61761
2025-06-26 12:00:00,143.65,143.96,142.78,143.01,116177.805,2025-06-26 12:59:59.999,16648225.17422,63386,40518.861,5808274.06935
2025-06-26 13:00:00,143.01,143.26,141.41,141.84,179428.51,2025-06-26 13:59:59.999,25549821.84489,131592,76208.734,10850668.1552
2025-06-26 14:00:00,141.83,143.77,141.51,143.12,134310.645,2025-06-26 14:59:59.999,19166489.74591,90071,76406.715,10902894.67228
2025-06-26 15:00:00,143.13,143.58,141.53,143.0,139583.56,2025-06-26 15:59:59.999,19903951.57743,88822,72943.378,10402531.44857
2025-06-26 16:00:00,143.0,143.24,142.11,142.32,70449.791,2025-06-26 16:59:59.999,10042324.77721,49956,36299.347,5175537.96841
2025-06-26 17:00:00,142.32,143.07,141.56,141.71,108651.651,2025-06-26 17:59:59.999,15443505.46686,66028,43827.541,6231854.63458
2025-06-26 18:00:00,141.72,142.5,140.89,141.52,104097.609,2025-06-26 18:59:59.999,14740362.62294,63511,57030.733,8077778.51303
2025-06-26 19:00:00,141.52,142.64,141.2,142.29,76023.735,2025-06-26 19:59:59.999,10800511.54166,63365,47202.298,6707076.34284
2025-06-26 20:00:00,142.28,143.96,142.01,142.97,136382.885,2025-06-26 20:59:59.999,19507912.00605,67758,82308.253,11772957.05706
2025-06-26 21:00:00,142.98,143.31,139.32,140.43,210435.194,2025-06-26 21:59:59.999,29637683.78826,98587,95494.681,13461050.66402
2025-06-26 22:00:00,140.42,140.9,138.93,139.03,134713.765,2025-06-26 22:59:59.999,18823214.00515,69018,70164.374,9809541.7775
2025-06-26 23:00:00,139.03,139.34,138.62,139.06,97339.918,2025-06-26 23:59:59.999,13524349.79443,57113,57491.83,7989267.03002
2025-06-27 00:00:00,139.05,139.31,137.84,137.85,187785.576,2025-06-27 00:59:59.999,26012061.29325,60992,104899.395,14532645.33003
2025-06-27 01:00:00,137.85,139.87,137.14,139.44,184772.636,2025-06-27 01:59:59.999,25609839.45345,84515,100062.102,13871547.59943
2025-06-27 02:00:00,139.44,141.03,139.24,140.89,63328.944,2025-06-27 02:59:59.999,8882514.53663,51455,37137.291,5209309.97323
2025-06-27 03:00:00,140.89,141.58,140.72,141.36,50588.987,2025-06-27 03:59:59.999,7144841.79287,41698,26321.913,3717742.37619
2025-06-27 04:00:00,141.37,141.56,140.86,141.34,42912.573,2025-06-27 04:59:59.999,6058926.60435,29577,19913.666,2811405.94266
2025-06-27 05:00:00,141.33,142.13,140.51,140.63,55320.161,2025-06-27 05:59:59.999,7802278.6732,40744,22427.139,3165991.62696
2025-06-27 06:00:00,140.63,141.4,140.32,141.27,58769.796,2025-06-27 06:59:59.999,8277036.07234,41343,24940.331,3514339.13352
2025-06-27 07:00:00,141.27,142.22,140.18,140.33,115397.16,2025-06-27 07:59:59.999,16268664.82392,59558,43680.458,6159339.51194
2025-06-27 08:00:00,140.33,142.8,140.32,142.23,143778.883,2025-06-27 08:59:59.999,20355002.49521,72952,68289.505,9678884.75302
2025-06-27 09:00:00,142.23,142.31,141.57,142.1,84647.001,2025-06-27 09:59:59.999,12020346.79743,50930,35743.402,5075693.32156
2025-06-27 10:00:00,142.1,142.25,141.53,141.89,55951.942,2025-06-27 10:59:59.999,7939700.48596,42915,22736.878,3226332.15544
2025-06-27 11:00:00,141.9,142.34,141.6,142.15,48328.867,2025-06-27 11:59:59.999,6862780.16653,35301,17728.182,2517648.72904
2025-06-27 12:00:00,142.15,142.8,141.15,141.34,100279.99,2025-06-27 12:59:59.999,14247546.64778,70667,38863.373,5523456.001
2025-06-27 13:00:00,141.35,142.97,141.16,142.75,88565.599,2025-06-27 13:59:59.999,12578311.03022,76234,43174.541,6132949.91505
2025-06-27 14:00:00,142.76,143.49,141.32,141.88,151272.543,2025-06-27 14:59:59.999,21555550.82952,101781,78930.567,11256881.29946
2025-06-27 15:00:00,141.87,143.85,141.6,143.47,116216.563,2025-06-27 15:59:59.999,16596802.57369,80277,52500.776,7500093.4455
2025-06-27 16:00:00,143.47,144.85,143.08,143.73,217279.828,2025-06-27 16:59:59.999,31265066.35204,109823,133575.833,19224474.44153
2025-06-27 17:00:00,143.73,143.86,140.81,141.57,148650.603,2025-06-27 17:59:59.999,21114428.23363,91539,44632.096,6341552.59627
2025-06-27 18:00:00,141.57,141.76,140.12,140.64,82313.855,2025-06-27 18:59:59.999,11604003.24637,75565,32593.245,4595146.70186
2025-06-27 19:00:00,140.64,142.07,140.51,141.78,77719.368,2025-06-27 19:59:59.999,10985054.06583,58254,47063.276,6653036.91319
2025-06-27 20:00:00,141.77,142.89,141.63,142.87,63382.216,2025-06-27 20:59:59.999,9022908.76337,48316,34064.202,4848763.86643
2025-06-27 21:00:00,142.86,143.36,142.36,142.59,163926.133,2025-06-27 21:59:59.999,23419433.19583,50362,88697.549,12672192.92549
2025-06-27 22:00:00,142.59,143.03,142.59,142.64,85293.493,2025-06-27 22:59:59.999,12178493.24784,32037,61926.67,8842120.3234
2025-06-27 23:00:00,142.64,142.66,141.87,142.09,85364.433,2025-06-27 23:59:59.999,12141914.68401,34200,55340.674,7871712.3728
2025-06-28 00:00:00,142.09,142.48,141.46,141.76,104128.348,2025-06-28 00:59:59.999,14779574.2998,43400,70928.874,10066484.40016
2025-06-28 01:00:00,141.76,142.66,141.13,142.58,97881.935,2025-06-28 01:59:59.999,13879314.77831,43761,61266.266,8687556.73963
2025-06-28 02:00:00,142.58,143.42,142.52,143.01,66281.339,2025-06-28 02:59:59.999,9483148.25261,46112,43123.185,6170332.3441
2025-06-28 03:00:00,143.02,143.55,142.85,143.4,27199.866,2025-06-28 03:59:59.999,3896788.10256,23940,15092.578,2162412.28847
2025-06-28 04:00:00,143.39,143.45,143.08,143.23,22989.173,2025-06-28 04:59:59.999,3293597.69641,16744,8476.808,1214457.50738
2025-06-28 05:00:00,143.24,144.13,143.23,143.93,122044.694,2025-06-28 05:59:59.999,17534468.58636,35181,86078.514,12364785.36707
2025-06-28 06:00:00,143.93,144.84,143.81,144.82,67049.001,2025-06-28 06:59:59.999,9680713.28867,34911,40866.173,5900367.66086
2025-06-28 07:00:00,144.83,146.81,144.56,146.57,204978.974,2025-06-28 07:59:59.999,29849454.45953,70830,119248.9,17365344.81922
2025-06-28 08:00:00,146.56,147.26,146.17,146.39,240286.84,2025-06-28 08:59:59.999,35247723.19672,83683,109619.195,16077979.87341
2025-06-28 09:00:00,146.39,147.57,145.61,147.2,150574.426,2025-06-28 09:59:59.999,22076514.36867,70836,75849.507,11127842.49802
2025-06-28 10:00:00,147.2,147.5,146.8,146.95,103544.416,2025-06-28 10:59:59.999,15242519.52979,44520,39505.153,5816082.07691
2025-06-28 11:00:00,146.95,147.62,146.95,147.15,178978.232,2025-06-28 11:59:59.999,26372381.15836,50364,112799.878,16621893.90764
2025-06-28 12:00:00,147.14,147.34,146.39,146.44,62435.682,2025-06-28 12:59:59.999,9167790.58413,33918,22669.229,3328993.27684
2025-06-28 13:00:00,146.44,146.84,145.87,146.14,76973.751,2025-06-28 13:59:59.999,11258852.23711,36145,26773.918,3915331.20391
2025-06-28 14:00:00,146.13,147.12,146.13,146.84,75302.249,2025-06-28 14:59:59.999,11051541.315,35224,38338.101,5627997.58744
2025-06-28 15:00:00,146.85,148.67,146.75,148.17,141399.447,2025-06-28 15:59:59.999,20881180.73483,61160,76869.709,11357479.39689
2025-06-28 16:00:00,148.16,149.8,148.1,149.16,292947.584,2025-06-28 16:59:59.999,43687462.06727,128010,141907.368,21163051.47117
2025-06-28 17:00:00,149.16,152.7,149.09,152.17,233245.765,2025-06-28 17:59:59.999,35189923.30978,131214,138001.432,20811482.0048
2025-06-28 18:00:00,152.16,152.29,150.38,151.3,121547.231,2025-06-28 18:59:59.999,18368886.01096,88538,60681.245,9167329.95742
2025-06-28 19:00:00,151.29,151.6,150.66,150.67,81928.834,2025-06-28 19:59:59.999,12388456.00192,50370,49385.738,7469639.05696
2025-06-28 20:00:00,150.67,150.94,150.06,150.08,54922.149,2025-06-28 20:59:59.999,8262386.6626,40019,27140.091,4083385.01898
2025-06-28 21:00:00,150.08,151.22,150.04,151.07,56400.32,2025-06-28 21:59:59.999,8491703.33236,31661,33151.088,4992251.68953
2025-06-28 22:00:00,151.07,151.37,150.73,150.82,38108.182,2025-06-28 22:59:59.999,5753972.35283,38017,21218.273,3203541.55134
2025-06-28 23:00:00,150.82,151.3,150.56,150.72,36688.244,2025-06-28 23:59:59.999,5535385.36396,27674,22154.157,3342683.66211
2025-06-29 00:00:00,150.73,151.08,150.27,150.64,73335.641,2025-06-29 00:59:59.999,11047291.2047,42881,41872.351,6307148.15196
2025-06-29 01:00:00,150.64,150.9,150.21,150.24,77069.38,2025-06-29 01:59:59.999,11603326.83935,29793,50329.576,7578544.40659
2025-06-29 02:00:00,150.25,150.32,149.42,149.88,117753.985,2025-06-29 02:59:59.999,17635187.94603,48348,61969.574,9281257.14558
2025-06-29 03:00:00,149.87,150.17,149.46,149.47,53083.264,2025-06-29 03:59:59.999,7951457.07564,29500,30341.336,4545568.46756
2025-06-29 04:00:00,149.47,149.97,149.36,149.78,37423.759,2025-06-29 04:59:59.999,5601592.97616,27868,20879.82,3125485.66085
2025-06-29 05:00:00,149.79,149.88,149.41,149.7,45018.279,2025-06-29 05:59:59.999,6737439.24424,28402,25426.685,3805240.65128
2025-06-29 06:00:00,149.7,150.24,149.59,149.76,53015.357,2025-06-29 06:59:59.999,7948857.43075,27336,30492.977,4572503.03602
2025-06-29 07:00:00,149.75,150.33,149.56,150.32,32991.642,2025-06-29 07:59:59.999,4947171.95436,24864,18139.351,2720146.97627
2025-06-29 08:00:00,150.33,151.01,149.93,150.78,63786.736,2025-06-29 08:59:59.999,9600511.72859,43007,32107.723,4833451.99477
2025-06-29 09:00:00,150.78,152.24,150.51,151.09,108175.312,2025-06-29 09:59:59.999,16380667.82134,59112,62782.066,9509890.92959
2025-06-29 10:00:00,151.09,151.82,150.87,151.4,78029.876,2025-06-29 10:59:59.999,11812551.69697,50686,36175.598,5476940.80882
2025-06-29 11:00:00,151.41,151.8,150.93,151.68,68102.537,2025-06-29 11:59:59.999,10309644.23923,39217,31045.127,4700899.07732
2025-06-29 12:00:00,151.68,151.99,150.91,151.86,69494.207,2025-06-29 12:59:59.999,10521070.69818,47246,35712.591,5407490.69707
2025-06-29 13:00:00,151.86,152.0,151.14,151.77,73375.323,2025-06-29 13:59:59.999,11122062.26387,43312,35827.868,5432010.56551
2025-06-29 14:00:00,151.76,152.55,151.17,151.29,134973.629,2025-06-29 14:59:59.999,20494441.14611,66193,68890.929,10459810.06757
2025-06-29 15:00:00,151.29,151.77,150.72,150.75,75695.878,2025-06-29 15:59:59.999,11442517.99576,45821,25605.223,3871123.42291
2025-06-29 16:00:00,150.76,150.96,149.72,150.51,99264.667,2025-06-29 16:59:59.999,14927179.86593,54849,35425.586,5327616.57348
2025-06-29 17:00:00,150.51,151.43,150.36,151.43,69256.044,2025-06-29 17:59:59.999,10438611.64232,38745,23747.638,3580174.19058
2025-06-29 18:00:00,151.42,152.24,151.17,151.89,65385.2,2025-06-29 18:59:59.999,9919856.09153,39217,31214.312,4736294.40216
2025-06-29 19:00:00,151.88,151.92,150.95,151.18,58085.978,2025-06-29 19:59:59.999,8797726.44902,33470,18189.685,2755396.58167
2025-06-29 20:00:00,151.19,151.41,150.83,150.84,39920.604,2025-06-29 20:59:59.999,6032492.19469,24170,12412.987,1875884.95917
2025-06-29 21:00:00,150.85,152.0,150.35,151.66,65650.431,2025-06-29 21:59:59.999,9937493.29448,35648,30760.267,4655956.9858
2025-06-29 22:00:00,151.67,154.77,151.6,152.92,441758.205,2025-06-29 22:59:59.999,67844140.21718,186166,245919.086,37769923.22731
2025-06-29 23:00:00,152.91,153.76,152.52,153.32,149380.238,2025-06-29 23:59:59.999,22881373.43438,84891,64447.524,9873705.08087
2025-06-30 00:00:00,153.32,154.08,152.47,152.59,230657.624,2025-06-30 00:59:59.999,35303805.33459,91101,101224.699,15490514.78959
2025-06-30 01:00:00,152.59,152.6,151.6,152.03,91040.366,2025-06-30 01:59:59.999,13845963.88378,56942,39717.973,6040339.63901
2025-06-30 02:00:00,152.04,152.64,151.93,152.01,68928.843,2025-06-30 02:59:59.999,10497060.84661,32304,28438.8,4332245.42966
2025-06-30 03:00:00,152.01,152.18,151.26,151.77,60803.447,2025-06-30 03:59:59.999,9227819.49761,33918,31069.454,4715780.11494
2025-06-30 04:00:00,151.77,152.02,150.96,151.1,59089.541,2025-06-30 04:59:59.999,8951068.10954,32157,29912.156,4532338.28102
2025-06-30 05:00:00,151.1,151.44,150.52,151.33,99432.51,2025-06-30 05:59:59.999,15023279.33538,37195,47844.935,7228150.82696
2025-06-30 06:00:00,151.32,151.39,150.0,150.45,88456.299,2025-06-30 06:59:59.999,13344303.97891,47357,36371.524,5487562.6921
2025-06-30 07:00:00,150.45,150.78,149.7,150.64,102824.376,2025-06-30 07:59:59.999,15462353.99031,52906,53908.05,8109566.55773
2025-06-30 08:00:00,150.63,150.84,149.45,149.84,65348.117,2025-06-30 08:59:59.999,9803799.44978,44371,30110.137,4519135.09847
2025-06-30 09:00:00,149.85,150.48,149.64,149.89,65129.681,2025-06-30 09:59:59.999,9776482.6543,38566,32600.789,4894429.9093
2025-06-30 10:00:00,149.9,150.41,149.89,150.31,46090.27,2025-06-30 10:59:59.999,6921792.20841,28315,23014.539,3456243.14605
2025-06-30 11:00:00,150.31,151.07,150.08,150.38,131334.893,2025-06-30 11:59:59.999,19774164.57753,47045,50645.541,7624304.10611
2025-06-30 12:00:00,150.38,150.7,149.67,149.92,60210.456,2025-06-30 12:59:59.999,9039538.49881,41075,23888.434,3588922.21849
2025-06-30 13:00:00,149.91,151.76,149.82,150.9,91982.021,2025-06-30 13:59:59.999,13889931.60193,79298,53022.855,8007084.6212
2025-06-30 14:00:00,150.9,152.35,149.95,151.34,200309.815,2025-06-30 14:59:59.999,30304991.49483,122809,102910.304,15573297.96282
2025-06-30 15:00:00,151.34,159.99,150.85,157.83,1152245.05,2025-06-30 15:59:59.999,180187220.12123,463357,636411.581,99456919.7822
2025-06-30 16:00:00,157.83,158.46,156.29,157.02,410386.69,2025-06-30 16:59:59.999,64542608.22244,180028,206381.747,32452555.12092
2025-06-30 17:00:00,157.03,157.45,156.48,156.74,156717.787,2025-06-30 17:59:59.999,24606036.97177,96359,82382.865,12937207.69758
2025-06-30 18:00:00,156.75,157.67,155.32,155.77,153685.663,2025-06-30 18:59:59.999,24016600.48541,86184,74832.545,11698566.99246
2025-06-30 19:00:00,155.76,157.97,155.64,157.77,139715.274,2025-06-30 19:59:59.999,21908843.94013,88624,67037.309,10514035.44499
2025-06-30 20:00:00,157.77,157.8,156.08,156.58,108769.362,2025-06-30 20:59:59.999,17076797.46484,58601,41736.54,6551539.96433
2025-06-30 21:00:00,156.59,156.86,155.39,155.55,94239.323,2025-06-30 21:59:59.999,14719122.48599,59252,35913.435,5610415.5609
2025-06-30 22:00:00,155.55,156.01,155.01,155.17,113101.806,2025-06-30 22:59:59.999,17573568.99761,63611,50070.723,7781077.31173
2025-06-30 23:00:00,155.17,155.8,154.5,154.81,80891.121,2025-06-30 23:59:59.999,12545505.2282,39540,24375.686,3780557.22592
2025-07-01 00:00:00,154.82,155.64,153.39,154.76,128031.629,2025-07-01 00:59:59.999,19783468.42205,69427,62656.331,9686343.35346
2025-07-01 01:00:00,154.76,155.22,154.3,154.39,81261.533,2025-07-01 01:59:59.999,12580308.74858,45795,46599.993,7214003.4691
2025-07-01 02:00:00,154.39,154.39,153.17,153.34,84403.641,2025-07-01 02:59:59.999,12987348.98966,52598,41608.668,6403296.13872
2025-07-01 03:00:00,153.34,153.98,153.18,153.94,46495.355,2025-07-01 03:59:59.999,7143920.72464,35989,27809.303,4273413.73035
2025-07-01 04:00:00,153.93,153.93,152.46,152.5,70713.016,2025-07-01 04:59:59.999,10816943.68708,39451,26951.34,4122734.07718
2025-07-01 05:00:00,152.51,152.79,151.0,151.48,225844.626,2025-07-01 05:59:59.999,34231156.35096,81465,67870.78,10295333.16902
2025-07-01 06:00:00,151.48,151.5,150.96,151.27,75286.041,2025-07-01 06:59:59.999,11386480.74418,43679,40194.902,6079152.67919
2025-07-01 07:00:00,151.27,151.5,148.82,150.07,272410.391,2025-07-01 07:59:59.999,40845875.90475,97894,130373.937,19548000.11183
2025-07-01 08:00:00,150.06,150.07,149.01,149.06,154703.687,2025-07-01 08:59:59.999,23136189.12596,63890,68539.02,10253694.9937
2025-07-01 09:00:00,149.05,149.4,148.4,149.23,117346.219,2025-07-01 09:59:59.999,17470393.55599,64699,61967.904,9228067.67007
2025-07-01 10:00:00,149.23,149.35,148.57,148.96,101380.33,2025-07-01 10:59:59.999,15103059.75556,52022,55925.251,8331664.6043
2025-07-01 11:00:00,148.95,149.2,148.14,148.84,96894.128,2025-07-01 11:59:59.999,14412023.59893,52045,45770.264,6807515.81468
2025-07-01 12:00:00,148.85,149.06,147.91,148.35,106493.164,2025-07-01 12:59:59.999,15804092.82248,55269,35614.55,5286569.65451
2025-07-01 13:00:00,148.34,148.54,146.89,148.34,197213.636,2025-07-01 13:59:59.999,29177116.45526,106627,93347.295,13818184.90695
2025-07-01 14:00:00,148.34,149.29,146.24,147.23,214743.476,2025-07-01 14:59:59.999,31708343.28852,149078,105219.439,15554416.27951
2025-07-01 15:00:00,147.22,147.85,146.8,147.22,96342.373,2025-07-01 15:59:59.999,14195624.85107,76292,48950.272,7212695.57572
2025-07-01 16:00:00,147.22,148.36,147.06,148.33,90714.009,2025-07-01 16:59:59.999,13406178.2134,63540,35756.789,5284436.04442
2025-07-01 17:00:00,148.33,148.45,147.6,147.92,78253.504,2025-07-01 17:59:59.999,11578805.87662,57416,26637.699,3942413.07874
2025-07-01 18:00:00,147.92,147.93,145.5,146.01,130919.73,2025-07-01 18:59:59.999,19190585.57505,67633,39833.633,5836485.36943
2025-07-01 19:00:00,146.0,146.7,145.33,145.46,147515.86,2025-07-01 19:59:59.999,21531098.58564,92447,55896.123,8158758.62173
2025-07-01 20:00:00,145.46,146.68,144.85,146.45,116735.646,2025-07-01 20:59:59.999,16989975.45064,60707,47052.363,6856387.1185
2025-07-01 21:00:00,146.44,147.0,146.02,146.51,55819.902,2025-07-01 21:59:59.999,8178054.34408,37980,22177.511,3249791.48538
2025-07-01 22:00:00,146.51,147.02,146.22,146.72,41094.801,2025-07-01 22:59:59.999,6028879.8139,34183,24220.866,3553016.27447
2025-07-01 23:00:00,146.73,146.96,146.3,146.88,40245.477,2025-07-01 23:59:59.999,5902577.8759,30057,17922.725,2629313.24077
2025-07-02 00:00:00,146.87,147.53,146.61,146.76,55870.529,2025-07-02 00:59:59.999,8216123.90038,39738,25900.859,3809312.89144
2025-07-02 01:00:00,146.76,147.92,145.85,147.84,80145.726,2025-07-02 01:59:59.999,11788158.70962,49704,43231.521,6363426.11497
2025-07-02 02:00:00,147.85,148.47,147.29,148.42,75454.226,2025-07-02 02:59:59.999,11164636.5236,39521,38277.763,5663124.0066
2025-07-02 03:00:00,148.42,149.25,148.27,148.87,80475.029,2025-07-02 03:59:59.999,11980091.91252,47897,45405.271,6759847.61882
2025-07-02 04:00:00,148.86,149.26,148.32,149.14,55956.928,2025-07-02 04:59:59.999,8324032.45305,39291,23121.472,3439166.28162
2025-07-02 05:00:00,149.13,149.17,148.52,149.04,53117.45,2025-07-02 05:59:59.999,7906886.94874,36328,25255.75,3760026.35223
2025-07-02 06:00:00,149.04,149.78,148.71,149.67,75038.454,2025-07-02 06:59:59.999,11203813.82321,51579,34379.844,5134370.77209
2025-07-02 07:00:00,149.68,149.92,148.87,149.09,62943.781,2025-07-02 07:59:59.999,9393288.93415,41453,30663.349,4576835.14563
2025-07-02 08:00:00,149.1,149.99,149.08,149.19,91634.741,2025-07-02 08:59:59.999,13701644.80613,50654,50210.991,7508399.84312
2025-07-02 09:00:00,149.19,149.59,148.59,148.64,75641.489,2025-07-02 09:59:59.999,11280144.8609,38107,41782.91,6232315.90708
2025-07-02 10:00:00,148.65,149.5,148.44,149.47,62931.884,2025-07-02 10:59:59.999,9384645.70375,33006,33134.833,4940420.46011
2025-07-02 11:00:00,149.46,149.67,148.39,148.62,57145.847,2025-07-02 11:59:59.999,8515676.83676,37163,26826.336,3998790.9012
2025-07-02 12:00:00,148.61,148.62,147.12,147.69,92783.822,2025-07-02 12:59:59.999,13707322.97457,55209,34501.384,5095598.2707
2025-07-02 13:00:00,147.69,149.94,147.62,149.26,178197.597,2025-07-02 13:59:59.999,26531588.43571,104310,104263.353,15519778.74956
2025-07-02 14:00:00,149.26,150.63,149.05,150.28,182197.524,2025-07-02 14:59:59.999,27290627.99871,110094,109591.278,16416825.3067
2025-07-02 15:00:00,150.28,151.58,150.0,151.31,215543.53,2025-07-02 15:59:59.999,32518237.90948,118165,124192.245,18738626.42779
2025-07-02 16:00:00,151.31,153.64,151.05,153.13,385210.084,2025-07-02 16:59:59.999,58782933.36478,219875,227340.007,34692553.86983
2025-07-02 17:00:00,153.14,153.52,150.33,151.58,196589.09,2025-07-02 17:59:59.999,29894407.20297,132793,84925.817,12922172.65914
2025-07-02 18:00:00,151.57,152.32,151.33,152.32,93082.735,2025-07-02 18:59:59.999,14138479.18223,79655,51151.068,7770983.14352
2025-07-02 19:00:00,152.31,153.27,151.5,153.02,130585.087,2025-07-02 19:59:59.999,19908729.75274,96140,81060.158,12360985.53694
2025-07-02 20:00:00,153.02,153.98,152.46,152.8,99530.846,2025-07-02 20:59:59.999,15247113.35956,73844,52333.082,8017987.6501
2025-07-02 21:00:00,152.8,154.03,152.79,153.77,91120.561,2025-07-02 21:59:59.999,13990759.62834,53301,48428.252,7435771.51664
2025-07-02 22:00:00,153.78,154.47,153.37,153.53,66264.911,2025-07-02 22:59:59.999,10193808.91826,49216,33415.512,5141230.26947
2025-07-02 23:00:00,153.53,153.67,151.97,152.27,95112.408,2025-07-02 23:59:59.999,14503703.45103,50958,33643.303,5131536.06868
2025-07-03 00:00:00,152.28,153.28,151.95,153.08,72405.855,2025-07-03 00:59:59.999,11050813.86664,60286,35551.519,5424634.16132
2025-07-03 01:00:00,153.08,153.29,152.51,153.14,44258.382,2025-07-03 01:59:59.999,6768143.79796,44525,19175.624,2932409.45973
2025-07-03 02:00:00,153.14,153.16,151.77,152.79,84106.463,2025-07-03 02:59:59.999,12819305.60526,53863,33003.923,5029905.86396
2025-07-03 03:00:00,152.8,154.02,152.78,153.42,83298.538,2025-07-03 03:59:59.999,12780221.19793,52793,45926.03,7047509.33975
2025-07-03 04:00:00,153.41,154.04,153.22,153.83,51015.931,2025-07-03 04:59:59.999,7844247.6586,43731,20536.769,3157876.25769
2025-07-03 05:00:00,153.83,155.93,153.78,155.7,204139.082,2025-07-03 05:59:59.999,31669812.79718,95506,132661.932,20572183.40236
2025-07-03 06:00:00,155.7,155.95,155.14,155.45,80719.926,2025-07-03 06:59:59.999,12548715.84042,56355,35368.765,5498136.6529
2025-07-03 07:00:00,155.45,155.81,154.84,155.61,91774.358,2025-07-03 07:59:59.999,14249799.22269,48898,41890.162,6503708.93313
2025-07-03 08:00:00,155.61,155.92,155.17,155.22,69997.411,2025-07-03 08:59:59.999,10892211.10484,44598,32479.796,5054471.88763
2025-07-03 09:00:00,155.21,156.35,155.17,155.68,131481.475,2025-07-03 09:59:59.999,20483777.99705,76897,57988.498,9038537.25683
2025-07-03 10:00:00,155.68,155.8,154.42,154.85,92492.526,2025-07-03 10:59:59.999,14329617.462,59837,37660.08,5834579.39357
2025-07-03 11:00:00,154.86,155.01,154.13,154.53,61594.82,2025-07-03 11:59:59.999,9523375.47451,39041,33863.859,5237038.88794
2025-07-03 12:00:00,154.53,155.26,151.92,153.13,329052.411,2025-07-03 12:59:59.999,50454190.88756,138658,140138.291,21503193.58173
2025-07-03 13:00:00,153.12,154.99,152.53,154.55,271197.023,2025-07-03 13:59:59.999,41692690.87259,163293,169162.394,26011139.97791
2025-07-03 14:00:00,154.56,154.91,151.95,152.27,216976.782,2025-07-03 14:59:59.999,33245316.21728,147392,111824.67,17133330.52145
2025-07-03 15:00:00,152.26,152.7,149.86,150.18,236625.753,2025-07-03 15:59:59.999,35750486.79124,142947,103079.39,15572716.50494
2025-07-03 16:00:00,150.18,151.17,149.91,150.66,133819.719,2025-07-03 16:59:59.999,20143633.15247,90919,67652.491,10187357.23165
2025-07-03 17:00:00,150.67,151.67,150.63,151.52,80327.876,2025-07-03 17:59:59.999,12155481.63334,44700,43132.562,6526168.49846
2025-07-03 18:00:00,151.53,151.88,150.66,151.74,66664.645,2025-07-03 18:59:59.999,10093109.78523,44839,29885.306,4525647.88739
2025-07-03 19:00:00,151.74,152.04,151.44,151.81,50577.662,2025-07-03 19:59:59.999,7676422.10782,36272,28568.818,4336232.79724
2025-07-03 20:00:00,151.81,152.82,151.81,152.82,55384.251,2025-07-03 20:59:59.999,8440440.49811,35022,30190.891,4601365.74945
2025-07-03 21:00:00,152.82,153.18,152.53,153.05,75150.025,2025-07-03 21:59:59.999,11487634.31383,39666,44216.678,6759573.02496
2025-07-03 22:00:00,153.04,153.26,152.59,152.96,66536.516,2025-07-03 22:59:59.999,10175190.3144,33623,33127.101,5067386.56958
2025-07-03 23:00:00,152.96,153.07,152.12,152.36,36620.775,2025-07-03 23:59:59.999,5582604.83314,25540,15625.815,2382192.16264
2025-07-04 00:00:00,152.35,152.84,152.05,152.42,64797.403,2025-07-04 00:59:59.999,9877268.15723,40220,29280.707,4464075.149
2025-07-04 01:00:00,152.43,153.16,152.31,152.45,46178.35,2025-07-04 01:59:59.999,7057029.43863,37984,23566.387,3601545.87356
2025-07-04 02:00:00,152.46,152.6,150.9,151.28,69929.719,2025-07-04 02:59:59.999,10602599.72668,47467,22470.663,3406953.5104
2025-07-04 03:00:00,151.28,151.96,150.92,151.69,39044.808,2025-07-04 03:59:59.999,5917304.85063,31306,17439.125,2642994.4416
2025-07-04 04:00:00,151.7,152.56,151.53,151.56,53248.458,2025-07-04 04:59:59.999,8097019.18636,37273,23408.811,3560367.30068
2025-07-04 05:00:00,151.57,153.88,151.53,153.25,120921.5,2025-07-04 05:59:59.999,18484961.39165,76202,53918.196,8242248.8115
2025-07-04 06:00:00,153.25,153.28,151.74,152.44,119582.899,2025-07-04 06:59:59.999,18228505.99172,72803,39594.939,6034512.23559
2025-07-04 07:00:00,152.44,152.89,150.27,150.48,148531.887,2025-07-04 07:59:59.999,22434855.86705,86405,57856.003,8740633.38329
2025-07-04 08:00:00,150.48,150.49,149.02,150.01,149251.293,2025-07-04 08:59:59.999,22367373.61855,89894,63846.171,9568783.80366
2025-07-04 09:00:00,150.0,150.98,149.88,150.88,89534.17,2025-07-04 09:59:59.999,13482285.79264,48210,52200.668,7861573.79958
2025-07-04 10:00:00,150.87,150.97,149.93,150.09,39681.422,2025-07-04 10:59:59.999,5968912.02776,37114,16550.478,2489749.52963
2025-07-04 11:00:00,150.08,150.78,150.05,150.21,58155.505,2025-07-04 11:59:59.999,8748495.7798,38335,32166.899,4839580.98414
2025-07-04 12:00:00,150.22,150.73,149.85,150.53,42824.973,2025-07-04 12:59:59.999,6436792.45826,41400,20392.027,3065870.12548
2025-07-04 13:00:00,150.53,151.25,148.38,148.54,165385.959,2025-07-04 13:59:59.999,24734441.53658,107974,63939.344,9569536.60865
2025-07-04 14:00:00,148.53,148.88,147.51,148.11,200901.705,2025-07-04 14:59:59.999,29768080.59765,125830,88136.591,13062113.53916
2025-07-04 15:00:00,148.1,148.27,146.29,146.57,209286.861,2025-07-04 15:59:59.999,30776128.84375,114167,102699.232,15103780.10446
2025-07-04 16:00:00,146.56,147.0,145.22,145.89,198440.76,2025-07-04 16:59:59.999,28962208.51166,143086,111931.375,16336968.1606
2025-07-04 17:00:00,145.89,146.99,145.62,146.65,131403.376,2025-07-04 17:59:59.999,19224176.69022,64508,90499.121,13243244.78986
2025-07-04 18:00:00,146.65,146.75,145.85,146.38,59250.066,2025-07-04 18:59:59.999,8667967.81406,36580,33864.579,4954937.40904
2025-07-04 19:00:00,146.37,146.82,146.08,146.72,38517.015,2025-07-04 19:59:59.999,5642177.03738,35622,19789.664,2899385.33777
2025-07-04 20:00:00,146.73,147.23,146.55,146.86,41069.389,2025-07-04 20:59:59.999,6033774.40037,32068,24137.629,3546650.53268
2025-07-04 21:00:00,146.86,147.36,146.37,147.23,42145.504,2025-07-04 21:59:59.999,6186391.00935,31171,24269.658,3563016.63027
2025-07-04 22:00:00,147.23,148.37,146.97,148.28,82934.109,2025-07-04 22:59:59.999,12256884.97412,44912,56901.747,8409167.41
2025-07-04 23:00:00,148.28,148.29,147.3,147.7,97069.605,2025-07-04 23:59:59.999,14345878.60727,31361,42068.098,6217918.64931
2025-07-05 00:00:00,147.69,148.56,147.56,148.32,68297.668,2025-07-05 00:59:59.999,10117997.70034,32367,47368.727,7018281.55043
2025-07-05 01:00:00,148.31,148.34,147.75,148.21,24552.242,2025-07-05 01:59:59.999,3634698.3371,21118,11598.652,1716800.41804
2025-07-05 02:00:00,148.21,148.23,147.2,148.04,28924.38,2025-07-05 02:59:59.999,4275965.38337,28862,10650.817,1575006.44522
2025-07-05 03:00:00,148.05,148.44,147.65,147.75,40866.705,2025-07-05 03:59:59.999,6051504.38601,23928,18165.637,2690237.74534
2025-07-05 04:00:00,147.76,148.07,147.26,147.27,38552.284,2025-07-05 04:59:59.999,5689952.52126,25022,15239.118,2249537.02202
2025-07-05 05:00:00,147.27,147.43,146.72,147.36,49910.083,2025-07-05 05:59:59.999,7338983.284,32808,22401.63,3293920.33867
2025-07-05 06:00:00,147.36,148.35,147.06,148.19,79829.847,2025-07-05 06:59:59.999,11808555.87491,42255,37590.548,5558491.44543
2025-07-05 07:00:00,148.18,148.52,147.7,147.86,62990.097,2025-07-05 07:59:59.999,9325532.20087,27829,21828.666,3232104.65615
2025-07-05 08:00:00,147.85,147.9,147.04,147.35,48930.969,2025-07-05 08:59:59.999,7212450.0625,29791,21978.711,3240249.29368
2025-07-05 09:00:00,147.35,148.01,146.81,147.92,72271.97,2025-07-05 09:59:59.999,10648768.92429,40304,39642.258,5844378.65195
2025-07-05 10:00:00,147.92,148.2,147.73,147.94,52333.371,2025-07-05 10:59:59.999,7743497.8788,28071,16558.301,2450537.74041
2025-07-05 11:00:00,147.94,148.55,147.94,148.18,42529.882,2025-07-05 11:59:59.999,6307300.14236,23901,15779.406,2340099.79729
2025-07-05 12:00:00,148.19,148.31,147.7,148.26,35882.472,2025-07-05 12:59:59.999,5312337.33012,29970,13996.092,2072131.00704
2025-07-05 13:00:00,148.26,148.7,147.84,147.98,49763.883,2025-07-05 13:59:59.999,7375061.14528,29213,20881.381,3095254.69424
2025-07-05 14:00:00,147.98,148.16,147.64,148.08,45213.151,2025-07-05 14:59:59.999,6688447.61899,26333,20795.614,3076744.82316
2025-07-05 15:00:00,148.07,148.22,147.05,147.12,55637.4,2025-07-05 15:59:59.999,8207159.26372,27623,34315.594,5060699.06696
2025-07-05 16:00:00,147.11,147.26,145.9,146.68,146161.047,2025-07-05 16:59:59.999,21425618.03519,58973,82887.634,12151519.01373
2025-07-05 17:00:00,146.68,147.24,146.42,146.88,44488.139,2025-07-05 17:59:59.999,6528800.01331,40670,19597.668,2876857.06436
2025-07-05 18:00:00,146.89,146.9,145.97,146.4,45920.4,2025-07-05 18:59:59.999,6719606.1857,37331,22062.403,3228594.36447
2025-07-05 19:00:00,146.4,146.99,146.12,146.89,24884.647,2025-07-05 19:59:59.999,3647772.27322,21710,14217.28,2084418.79671
2025-07-05 20:00:00,146.89,147.22,146.47,147.2,29756.72,2025-07-05 20:59:59.999,4368021.21561,23792,18442.465,2707374.69257
2025-07-05 21:00:00,147.2,147.5,146.9,147.41,21655.731,2025-07-05 21:59:59.999,3187822.05623,20182,11546.438,1699684.08351
2025-07-05 22:00:00,147.4,147.89,147.1,147.84,26193.47,2025-07-05 22:59:59.999,3862746.32789,22348,16107.366,2375669.85695
2025-07-05 23:00:00,147.84,148.02,147.52,147.55,38417.302,2025-07-05 23:59:59.999,5674379.48847,16057,15594.219,2303970.12873
2025-07-06 00:00:00,147.55,147.64,147.17,147.62,25210.685,2025-07-06 00:59:59.999,3715916.10654,19688,11603.644,1710428.44689
2025-07-06 01:00:00,147.62,147.65,146.93,147.23,42026.596,2025-07-06 01:59:59.999,6187179.22471,19568,18992.167,2795601.583
2025-07-06 02:00:00,147.23,147.58,146.96,146.97,19627.983,2025-07-06 02:59:59.999,2890613.96037,18735,9238.531,1360761.58662
2025-07-06 03:00:00,146.96,147.38,146.85,147.35,45231.663,2025-07-06 03:59:59.999,6652777.63363,18217,26341.237,3874046.15247
2025-07-06 04:00:00,147.35,147.79,147.2,147.3,25315.075,2025-07-06 04:59:59.999,3734078.58029,20689,12449.206,1836329.05318
2025-07-06 05:00:00,147.3,147.42,147.08,147.21,23074.741,2025-07-06 05:59:59.999,3396769.26394,11952,14819.738,2181525.71228
2025-07-06 06:00:00,147.21,148.34,147.15,148.07,88284.803,2025-07-06 06:59:59.999,13043863.04496,31008,66442.629,9814675.68047
2025-07-06 07:00:00,148.06,148.5,147.88,147.9,54984.174,2025-07-06 07:59:59.999,8146658.34309,31539,27526.386,4079080.70772
2025-07-06 08:00:00,147.89,148.04,147.24,147.55,35950.339,2025-07-06 08:59:59.999,5306879.75197,30565,16537.809,2441296.998
2025-07-06 09:00:00,147.54,147.71,146.82,146.85,35289.003,2025-07-06 09:59:59.999,5199994.27896,24911,20049.554,2955161.78263
2025-07-06 10:00:00,146.85,147.65,146.78,147.34,51260.389,2025-07-06 10:59:59.999,7541731.06416,28768,27860.406,4100704.66382
2025-07-06 11:00:00,147.33,148.03,147.12,147.98,25086.855,2025-07-06 11:59:59.999,3702267.95903,20427,13827.821,2040642.13279
2025-07-06 12:00:00,147.99,149.02,147.86,149.01,124944.179,2025-07-06 12:59:59.999,18539365.37732,33980,43105.774,6399851.49522
2025-07-06 13:00:00,149.02,152.09,148.47,151.36,384320.909,2025-07-06 13:59:59.999,57826977.53249,164026,234043.469,35196046.90537
2025-07-06 14:00:00,151.37,152.05,150.62,151.59,276376.945,2025-07-06 14:59:59.999,41861388.50901,101700,102977.718,15596416.43496
2025-07-06 15:00:00,151.59,151.9,150.82,151.53,192532.767,2025-07-06 15:59:59.999,29140402.79673,62403,100183.467,15160312.00222
2025-07-06 16:00:00,151.53,153.2,151.23,153.12,335281.198,2025-07-06 16:59:59.999,50975366.64776,88752,180328.381,27421220.88025
2025-07-06 17:00:00,153.11,153.18,152.27,152.47,153335.941,2025-07-06 17:59:59.999,23392293.3086,60847,90418.773,13791818.05277
2025-07-06 18:00:00,152.48,152.56,150.98,151.39,88887.002,2025-07-06 18:59:59.999,13485769.65689,60719,34842.375,5287630.66198
2025-07-06 19:00:00,151.39,151.75,150.68,151.27,66027.405,2025-07-06 19:59:59.999,9984473.40033,40435,38749.776,5860040.70828
2025-07-06 20:00:00,151.28,151.95,151.23,151.44,69420.079,2025-07-06 20:59:59.999,10526149.19548,38192,47002.763,7127039.66053
2025-07-06 21:00:00,151.45,153.89,151.45,152.23,142874.235,2025-07-06 21:59:59.999,21836113.94759,89006,91722.011,14016632.10377
2025-07-06 22:00:00,152.24,153.46,152.24,152.47,91734.298,2025-07-06 22:59:59.999,14031109.67422,68895,52846.637,8081738.28061
2025-07-06 23:00:00,152.48,152.54,151.4,151.86,89782.454,2025-07-06 23:59:59.999,13635909.94306,53303,40659.41,6174564.4661
2025-07-07 00:00:00,151.86,151.97,150.82,151.13,82625.594,2025-07-07 00:59:59.999,12495886.22747,56627,42777.837,6469175.69402
2025-07-07 01:00:00,151.12,151.38,150.24,151.23,75819.212,2025-07-07 01:59:59.999,11437829.5239,52037,41971.607,6333882.16069
2025-07-07 02:00:00,151.23,152.76,151.22,152.03,55826.638,2025-07-07 02:59:59.999,8490387.49019,46854,30400.225,4622717.97298
2025-07-07 03:00:00,152.04,152.9,151.78,151.86,47226.866,2025-07-07 03:59:59.999,7187831.62161,34380,22813.788,3473112.65711
2025-07-07 04:00:00,151.86,152.16,151.75,151.77,23434.263,2025-07-07 04:59:59.999,3561012.09644,24980,10721.922,1629386.61559
2025-07-07 05:00:00,151.77,152.14,151.55,151.93,41855.669,2025-07-07 05:59:59.999,6356891.30934,32228,20508.061,3114707.51303
2025-07-07 06:00:00,151.93,152.0,151.02,151.21,73865.661,2025-07-07 06:59:59.999,11180161.43297,40170,43823.091,6631205.33249
2025-07-07 07:00:00,151.21,152.45,150.89,152.38,113005.742,2025-07-07 07:59:59.999,17162180.54464,40116,80821.495,12283446.79991
2025-07-07 08:00:00,152.37,152.96,152.24,152.67,68716.012,2025-07-07 08:59:59.999,10483115.8308,52329,44883.018,6847091.42292
2025-07-07 09:00:00,152.66,152.66,152.05,152.17,37897.787,2025-07-07 09:59:59.999,5772501.60869,32263,14867.375,2264566.47604
2025-07-07 10:00:00,152.17,152.5,151.65,152.26,46647.753,2025-07-07 10:59:59.999,7094857.19067,34478,16240.26,2469926.65209
2025-07-07 11:00:00,152.27,153.6,152.15,152.78,110464.205,2025-07-07 11:59:59.999,16896658.07251,50965,62352.871,9538106.33426
2025-07-07 12:00:00,152.79,152.86,151.42,151.69,74919.344,2025-07-07 12:59:59.999,11385325.54578,60828,39195.494,5954029.77382
2025-07-07 13:00:00,151.69,153.43,151.2,153.07,122114.802,2025-07-07 13:59:59.999,18562610.77736,98058,59336.742,9025699.63971
2025-07-07 14:00:00,153.07,153.34,151.59,151.68,127809.752,2025-07-07 14:59:59.999,19488662.66141,109681,49570.006,7558739.68133
2025-07-07 15:00:00,151.68,152.38,151.02,151.07,95525.852,2025-07-07 15:59:59.999,14493660.88633,75544,37172.296,5641840.77453
2025-07-07 16:00:00,151.07,151.59,149.69,150.35,159766.301,2025-07-07 16:59:59.999,24059273.21464,133954,67942.828,10235148.40796
2025-07-07 17:00:00,150.36,150.85,149.63,149.99,136041.994,2025-07-07 17:59:59.999,20436389.49506,85776,51777.256,7780191.7691
2025-07-07 18:00:00,149.98,150.33,149.04,150.13,85103.393,2025-07-07 18:59:59.999,12739397.70886,67597,46793.367,7005869.11767
2025-07-07 19:00:00,150.12,151.07,148.63,148.97,181032.983,2025-07-07 19:59:59.999,27095309.70335,80115,101437.147,15192559.33732
2025-07-07 20:00:00,148.96,148.96,147.77,148.36,146199.771,2025-07-07 20:59:59.999,21690699.59935,79901,79569.868,11806810.99096
2025-07-07 21:00:00,148.36,148.82,147.76,148.6,118247.192,2025-07-07 21:59:59.999,17542558.26429,55414,43955.526,6522014.11804
2025-07-07 22:00:00,148.59,148.62,147.7,148.47,87123.7,2025-07-07 22:59:59.999,12905794.85544,47324,32065.185,4750357.57851
2025-07-07 23:00:00,148.47,148.9,148.44,148.88,63457.237,2025-07-07 23:59:59.999,9435665.5012,31779,40621.417,6040072.55175
2025-07-08 00:00:00,148.89,150.1,148.74,149.17,92012.383,2025-07-08 00:59:59.999,13743706.63053,65148,54275.876,8106486.29748
2025-07-08 01:00:00,149.16,149.32,148.62,148.74,57585.048,2025-07-08 01:59:59.999,8579297.86077,47805,25159.834,3748439.8567
2025-07-08 02:00:00,148.74,149.3,147.85,147.99,80349.395,2025-07-08 02:59:59.999,11932571.16617,58000,37311.229,5541067.69021
2025-07-08 03:00:00,147.98,148.98,147.94,148.64,61776.776,2025-07-08 03:59:59.999,9177521.20856,34552,41076.864,6102336.45149
2025-07-08 04:00:00,148.64,149.07,148.2,149.02,45050.429,2025-07-08 04:59:59.999,6697227.98728,33178,28568.87,4247333.65421
2025-07-08 05:00:00,149.02,149.38,148.58,149.25,46233.707,2025-07-08 05:59:59.999,6887914.62023,32767,30036.395,4474826.82014
2025-07-08 06:00:00,149.24,149.61,149.02,149.27,54645.387,2025-07-08 06:59:59.999,8158961.41394,41412,21985.465,3283189.86549
2025-07-08 07:00:00,149.26,149.75,148.86,149.66,49561.005,2025-07-08 07:59:59.999,7396011.99791,32667,24786.023,3698832.86852
2025-07-08 08:00:00,149.65,150.28,149.54,149.91,92266.428,2025-07-08 08:59:59.999,13834667.51386,45129,24550.537,3681338.22549
2025-07-08 09:00:00,149.9,150.58,149.7,150.21,94792.535,2025-07-08 09:59:59.999,14243377.567,36800,41202.609,6189205.52622
2025-07-08 10:00:00,150.22,151.3,150.21,151.13,144495.577,2025-07-08 10:59:59.999,21815673.32607,51364,54773.993,8270068.35252
2025-07-08 11:00:00,151.13,151.67,150.98,151.31,154306.854,2025-07-08 11:59:59.999,23351454.29829,52896,75010.477,11352304.19541
2025-07-08 12:00:00,151.31,152.48,151.25,152.41,170486.307,2025-07-08 12:59:59.999,25887006.00259,62653,72097.821,10947781.95627
2025-07-08 13:00:00,152.41,152.88,151.51,152.03,170129.655,2025-07-08 13:59:59.999,25892040.86631,101359,63220.553,9622098.28625
2025-07-08 14:00:00,152.02,152.08,150.52,150.83,176128.585,2025-07-08 14:59:59.999,26647892.27904,102912,68372.122,10344671.3663
2025-07-08 15:00:00,150.82,151.15,149.77,149.83,90115.814,2025-07-08 15:59:59.999,13554389.14149,63768,49697.601,7475032.97543
2025-07-08 16:00:00,149.84,150.55,149.03,150.51,216422.007,2025-07-08 16:59:59.999,32414542.71665,75592,101763.984,15255160.98601
2025-07-08 17:00:00,150.51,152.25,150.44,152.06,195047.388,2025-07-08 17:59:59.999,29589293.46007,93674,104644.656,15871715.54017
2025-07-08 18:00:00,152.06,152.83,151.72,152.81,101182.427,2025-07-08 18:59:59.999,15407610.84663,53550,56116.852,8548950.82568
2025-07-08 19:00:00,152.81,152.81,151.32,151.63,97381.002,2025-07-08 19:59:59.999,14811377.34576,58606,43793.729,6658474.34629
2025-07-08 20:00:00,151.63,151.68,150.0,150.01,187150.323,2025-07-08 20:59:59.999,28223840.95952,49382,108418.814,16345963.04222
2025-07-08 21:00:00,150.01,150.91,150.0,150.81,201646.75,2025-07-08 21:59:59.999,30315258.34755,48613,136769.989,20559498.26568
2025-07-08 22:00:00,150.81,151.55,150.52,151.55,65038.165,2025-07-08 22:59:59.999,9828145.22183,35474,41079.833,6208547.94713
2025-07-08 23:00:00,151.55,151.94,151.29,151.67,69065.376,2025-07-08 23:59:59.999,10474309.35636,29447,18682.336,2832746.05468
2025-07-09 00:00:00,151.68,151.75,151.06,151.7,50013.77,2025-07-09 00:59:59.999,7573597.20147,31754,13938.93,2111277.12904
2025-07-09 01:00:00,151.71,152.34,151.11,151.47,53448.09,2025-07-09 01:59:59.999,8106781.75424,38529,23579.786,3577693.39569
2025-07-09 02:00:00,151.48,152.2,151.36,151.8,39666.737,2025-07-09 02:59:59.999,6021422.82639,30872,23726.98,3602025.87258
2025-07-09 03:00:00,151.8,152.2,151.21,151.29,60521.391,2025-07-09 03:59:59.999,9175202.92174,36192,27343.339,4146147.87666
2025-07-09 04:00:00,151.29,151.46,150.53,151.17,101194.702,2025-07-09 04:59:59.999,15274944.30948,32595,71635.58,10811838.68766
2025-07-09 05:00:00,151.16,153.88,151.14,153.15,299902.288,2025-07-09 05:59:59.999,45857747.53903,87527,178963.518,27353631.0348
2025-07-09 06:00:00,153.15,153.46,152.38,152.92,110220.482,2025-07-09 06:59:59.999,16835779.76908,52987,33093.957,5054513.23322
2025-07-09 07:00:00,152.92,153.25,152.61,153.01,57167.029,2025-07-09 07:59:59.999,8741015.39142,34006,22293.114,3409410.5595
2025-07-09 08:00:00,153.01,153.14,152.34,152.47,60968.657,2025-07-09 08:59:59.999,9315212.9075,32850,18062.944,2760027.70137
2025-07-09 09:00:00,152.48,152.96,152.33,152.87,47742.238,2025-07-09 09:59:59.999,7283543.91357,28679,21066.754,3214510.21279
2025-07-09 10:00:00,152.86,153.24,152.57,153.16,73882.249,2025-07-09 10:59:59.999,11296506.32994,28632,35031.452,5357062.38536
2025-07-09 11:00:00,153.16,154.43,153.05,153.73,119093.785,2025-07-09 11:59:59.999,18297240.0055,48837,59817.113,9191006.29762
2025-07-09 12:00:00,153.74,154.63,153.33,154.06,176954.42,2025-07-09 12:59:59.999,27281619.72074,84453,91390.015,14093350.40516
2025-07-09 13:00:00,154.06,154.88,153.61,153.77,201902.619,2025-07-09 13:59:59.999,31142598.64553,89505,99583.371,15361794.21775
2025-07-09 14:00:00,153.76,155.53,152.87,153.74,270411.022,2025-07-09 14:59:59.999,41626127.79486,160095,132394.174,20392831.27213
2025-07-09 15:00:00,153.74,154.55,153.37,153.97,95647.741,2025-07-09 15:59:59.999,14727151.44493,68998,44366.705,6831454.71645
2025-07-09 16:00:00,153.98,155.02,153.66,154.87,110205.067,2025-07-09 16:59:59.999,17023295.20621,67062,64795.799,10009960.11741
2025-07-09 17:00:00,154.87,154.92,153.23,153.64,79735.544,2025-07-09 17:59:59.999,12275603.57181,53147,35304.838,5435449.22682
2025-07-09 18:00:00,153.65,155.28,153.56,154.66,127311.032,2025-07-09 18:59:59.999,19689346.87265,95969,58370.396,9028747.33462
2025-07-09 19:00:00,154.65,157.86,154.58,157.27,305932.148,2025-07-09 19:59:59.999,47855848.1327,172799,172179.521,26930179.67678
2025-07-09 20:00:00,157.26,157.52,155.46,156.04,205884.59,2025-07-09 20:59:59.999,32214685.10404,151083,91716.379,14347570.48304
2025-07-09 21:00:00,156.03,157.59,156.0,156.75,97463.537,2025-07-09 21:59:59.999,15296234.4281,71408,53169.264,8342928.95342
2025-07-09 22:00:00,156.74,157.93,156.74,157.66,87314.704,2025-07-09 22:59:59.999,13753991.20387,69464,46893.53,7386006.5758
2025-07-09 23:00:00,157.66,157.93,157.0,157.05,74635.906,2025-07-09 23:59:59.999,11752133.2303,44054,39345.552,6195738.32617
2025-07-10 00:00:00,157.06,157.52,155.93,155.94,76179.126,2025-07-10 00:59:59.999,11928860.84968,47316,34656.401,5428374.48135
2025-07-10 01:00:00,155.94,157.87,155.93,157.61,79172.26,2025-07-10 01:59:59.999,12424918.39988,45271,53639.153,8418081.51918
2025-07-10 02:00:00,157.62,159.34,157.61,158.31,125581.623,2025-07-10 02:59:59.999,19908369.27434,81004,74395.405,11793328.04676
2025-07-10 03:00:00,158.3,158.37,157.22,157.35,56643.393,2025-07-10 03:59:59.999,8931825.49225,38420,21058.075,3320486.21942
2025-07-10 04:00:00,157.35,157.71,156.88,157.67,48288.886,2025-07-10 04:59:59.999,7595344.05922,36890,23178.945,3647464.22879
2025-07-10 05:00:00,157.68,157.79,156.95,157.25,58743.9,2025-07-10 05:59:59.999,9241017.65017,33027,28504.002,4484716.90767
2025-07-10 06:00:00,157.25,157.49,156.67,157.44,72445.032,2025-07-10 06:59:59.999,11379925.90971,40676,34436.293,5410931.43184
2025-07-10 07:00:00,157.43,158.63,157.37,157.89,127716.51,2025-07-10 07:59:59.999,20201565.92346,78687,68903.814,10898158.21668
2025-07-10 08:00:00,157.9,159.17,157.82,158.89,80828.226,2025-07-10 08:59:59.999,12824244.04794,55317,44481.487,7058777.45676
2025-07-10 09:00:00,158.9,159.07,157.95,158.06,52305.787,2025-07-10 09:59:59.999,8287721.95345,40146,24302.251,3851812.72077
2025-07-10 10:00:00,158.07,158.13,157.43,157.93,47803.346,2025-07-10 10:59:59.999,7537534.41797,34883,23395.978,3689268.95209
2025-07-10 11:00:00,157.93,157.93,157.16,157.65,61488.081,2025-07-10 11:59:59.999,9684326.68722,40926,27388.668,4315410.26382
2025-07-10 12:00:00,157.66,157.66,157.03,157.47,82624.424,2025-07-10 12:59:59.999,12998190.45905,44494,46325.14,7288104.6108
2025-07-10 13:00:00,157.46,158.37,156.72,157.05,181795.825,2025-07-10 13:59:59.999,28606259.74077,91459,91544.018,14408122.04486
2025-07-10 14:00:00,157.05,157.7,156.22,156.85,133740.242,2025-07-10 14:59:59.999,20971939.21772,87904,63625.105,9975263.91136
2025-07-10 15:00:00,156.84,157.05,155.64,156.43,124698.741,2025-07-10 15:59:59.999,19499333.29181,68441,60880.555,9525195.39345
2025-07-10 16:00:00,156.44,158.75,156.16,158.39,303509.523,2025-07-10 16:59:59.999,47959430.90719,140002,166414.581,26294911.58576
2025-07-10 17:00:00,158.39,161.18,157.96,160.9,327008.045,2025-07-10 17:59:59.999,52155054.1845,170225,180585.342,28820773.34507
2025-07-10 18:00:00,160.9,161.01,158.33,159.07,269484.978,2025-07-10 18:59:59.999,42965579.11244,143931,120215.644,19159191.34585
2025-07-10 19:00:00,159.06,159.67,158.67,159.34,113214.09,2025-07-10 19:59:59.999,18028610.56977,77974,55738.148,8874262.32355
2025-07-10 20:00:00,159.34,160.51,159.23,160.4,72747.874,2025-07-10 20:59:59.999,11641641.29566,53442,38043.722,6087968.16245
2025-07-10 21:00:00,160.39,164.33,160.28,163.83,482349.689,2025-07-10 21:59:59.999,78594563.45569,289121,264359.644,43073161.01415
2025-07-10 22:00:00,163.84,165.43,163.33,164.7,287081.886,2025-07-10 22:59:59.999,47182268.46385,160709,155964.415,25649465.13543
2025-07-10 23:00:00,164.69,165.23,163.28,164.34,162930.862,2025-07-10 23:59:59.999,26756710.40274,98650,69902.758,11483534.56964
2025-07-11 00:00:00,164.33,164.4,161.94,163.05,158530.343,2025-07-11 00:59:59.999,25856651.95749,133135,68601.35,11189624.35199
2025-07-11 01:00:00,163.05,164.81,162.96,164.49,141204.815,2025-07-11 01:59:59.999,23186839.42798,86332,71310.978,11710075.98448
2025-07-11 02:00:00,164.5,165.21,164.07,165.0,136466.108,2025-07-11 02:59:59.999,22482033.40061,77127,81828.86,13480478.76011
2025-07-11 03:00:00,164.99,165.4,164.01,165.22,82520.293,2025-07-11 03:59:59.999,13594566.83523,62331,42078.314,6932896.48895
2025-07-11 04:00:00,165.22,165.23,164.04,165.0,106313.654,2025-07-11 04:59:59.999,17495924.20057,57209,52395.149,8625351.5259
2025-07-11 05:00:00,165.01,166.8,164.94,165.28,247573.734,2025-07-11 05:59:59.999,41048370.99812,145080,133314.312,22107965.47402
2025-07-11 06:00:00,165.29,166.0,163.41,163.64,222640.303,2025-07-11 06:59:59.999,36695173.73817,100391,105425.93,17385699.56303
2025-07-11 07:00:00,163.64,164.3,163.14,163.27,180237.109,2025-07-11 07:59:59.999,29516047.10802,90361,82364.594,13492318.92685
2025-07-11 08:00:00,163.28,164.06,163.28,163.87,99897.227,2025-07-11 08:59:59.999,16354643.81252,61650,51954.123,8506181.67908
2025-07-11 09:00:00,163.88,165.38,163.66,164.81,128136.042,2025-07-11 09:59:59.999,21091164.66566,87638,68481.816,11272289.02561
2025-07-11 10:00:00,164.81,165.21,164.18,164.79,89874.726,2025-07-11 10:59:59.999,14806893.52255,74969,43270.255,7129705.15711
2025-07-11 11:00:00,164.8,165.08,163.58,163.87,94117.884,2025-07-11 11:59:59.999,15456412.39913,74647,39757.234,6532141.33016
2025-07-11 12:00:00,163.88,165.25,163.34,165.25,109959.766,2025-07-11 12:59:59.999,18038213.5638,61459,49448.65,8116650.67949
2025-07-11 13:00:00,165.24,166.94,164.3,166.4,303534.137,2025-07-11 13:59:59.999,50339909.27796,232784,169443.219,28109463.34032
2025-07-11 14:00:00,166.41,168.2,165.25,166.64,394134.394,2025-07-11 14:59:59.999,65809442.34945,228519,204578.262,34186053.72842
2025-07-11 15:00:00,166.63,166.86,161.78,162.34,538337.862,2025-07-11 15:59:59.999,88466348.82044,273545,235925.886,38796688.59672
2025-07-11 16:00:00,162.34,163.24,161.27,163.22,308161.618,2025-07-11 16:59:59.999,50045646.40218,197498,152798.6,24821458.71071
2025-07-11 17:00:00,163.22,164.48,163.0,164.47,191740.583,2025-07-11 17:59:59.999,31392481.49395,104981,110033.944,18014139.51793
2025-07-11 18:00:00,164.47,165.03,163.6,164.39,88827.354,2025-07-11 18:59:59.999,14590047.07146,89502,42003.901,6900482.68943
2025-07-11 19:00:00,164.4,164.63,163.3,164.58,115114.68,2025-07-11 19:59:59.999,18895105.22488,76168,67285.36,11046098.91813
2025-07-11 20:00:00,164.58,164.83,162.62,162.7,128887.568,2025-07-11 20:59:59.999,21111121.58533,88518,72381.191,11855762.2923
2025-07-11 21:00:00,162.7,163.12,161.37,162.13,145180.59,2025-07-11 21:59:59.999,23557017.89654,102789,59026.04,9579986.84058
2025-07-11 22:00:00,162.14,162.63,159.54,161.68,241487.379,2025-07-11 22:59:59.999,38841665.55984,170903,88058.331,14168061.59477
2025-07-11 23:00:00,161.68,163.01,161.61,162.93,101301.544,2025-07-11 23:59:59.999,16445195.11893,70449,54345.504,8823424.42183
2025-07-12 00:00:00,162.92,163.37,161.78,163.01,94631.417,2025-07-12 00:59:59.999,15380054.0456,72266,39550.363,6430134.2172
2025-07-12 01:00:00,163.0,163.79,163.0,163.44,83657.268,2025-07-12 01:59:59.999,13673338.7639,52935,57528.803,9401717.99843
2025-07-12 02:00:00,163.45,163.9,162.85,162.97,55779.191,2025-07-12 02:59:59.999,9116378.81282,37628,23731.881,3880826.01559
2025-07-12 03:00:00,162.96,163.64,162.84,163.45,49249.978,2025-07-12 03:59:59.999,8043512.19013,35713,23457.166,3831579.05802
2025-07-12 04:00:00,163.46,163.64,162.21,162.51,68196.968,2025-07-12 04:59:59.999,11108864.90334,46833,23961.75,3904178.47481
2025-07-12 05:00:00,162.52,163.19,162.03,163.02,59208.888,2025-07-12 05:59:59.999,9631266.70747,39159,15550.022,2530562.48821
2025-07-12 06:00:00,163.01,163.62,162.46,163.47,51463.881,2025-07-12 06:59:59.999,8394606.19583,41283,22706.058,3704497.30116
2025-07-12 07:00:00,163.47,163.84,162.75,163.22,53079.675,2025-07-12 07:59:59.999,8667593.62659,49947,27522.057,4495605.44735
2025-07-12 08:00:00,163.21,163.43,162.16,162.65,85574.345,2025-07-12 08:59:59.999,13917317.17065,56421,35153.763,5717961.06701
2025-07-12 09:00:00,162.65,162.99,162.28,162.66,47532.857,2025-07-12 09:59:59.999,7728647.03933,41258,20534.269,3339057.00746
2025-07-12 10:00:00,162.65,163.15,162.3,163.01,46056.998,2025-07-12 10:59:59.999,7495320.54303,43503,20376.503,3316154.72219
2025-07-12 11:00:00,163.01,163.02,161.41,161.62,74209.339,2025-07-12 11:59:59.999,12039456.40499,53478,28891.923,4687748.9759
2025-07-12 12:00:00,161.62,161.81,158.76,159.8,259755.969,2025-07-12 12:59:59.999,41624034.45238,130024,115021.337,18426199.25934
2025-07-12 13:00:00,159.79,159.79,158.33,159.71,187847.154,2025-07-12 13:59:59.999,29904098.7534,119078,94847.756,15101300.2479
2025-07-12 14:00:00,159.72,160.49,158.86,159.13,164273.455,2025-07-12 14:59:59.999,26262413.84856,91759,67716.97,10826281.40739
2025-07-12 15:00:00,159.12,159.59,157.74,158.14,214650.396,2025-07-12 15:59:59.999,34066783.15605,139385,99407.627,15778770.74905
2025-07-12 16:00:00,158.14,159.45,157.93,158.72,112341.649,2025-07-12 16:59:59.999,17835246.89486,62685,59604.745,9461850.5792
2025-07-12 17:00:00,158.72,160.62,158.67,160.45,70361.076,2025-07-12 17:59:59.999,11251393.64983,48775,47288.164,7562204.08331
2025-07-12 18:00:00,160.45,160.7,159.8,160.29,67277.328,2025-07-12 18:59:59.999,10781469.25225,46449,33380.772,5348919.41251
2025-07-12 19:00:00,160.28,160.75,160.22,160.71,39451.469,2025-07-12 19:59:59.999,6334201.6752,34466,23912.016,3839244.56189
2025-07-12 20:00:00,160.71,160.78,159.0,159.0,44692.504,2025-07-12 20:59:59.999,7149613.51943,33892,17340.884,2775124.77345
2025-07-12 21:00:00,159.0,160.6,158.94,160.59,53637.809,2025-07-12 21:59:59.999,8577467.41604,41588,30562.304,4889029.51555
2025-07-12 22:00:00,160.6,160.66,159.62,160.44,31541.289,2025-07-12 22:59:59.999,5054109.57739,37483,14185.086,2273408.44711
2025-07-12 23:00:00,160.43,160.94,159.86,160.69,28741.039,2025-07-12 23:59:59.999,4610227.11881,27532,15264.746,2448777.95986
2025-07-13 00:00:00,160.7,161.75,160.2,160.89,82601.137,2025-07-13 00:59:59.999,13308239.71289,54225,48694.454,7843786.52777
2025-07-13 01:00:00,160.89,161.75,160.75,161.5,50538.559,2025-07-13 01:59:59.999,8147751.39533,42036,23254.506,3750033.51883
2025-07-13 02:00:00,161.51,161.78,160.63,161.4,41771.141,2025-07-13 02:59:59.999,6731149.69715,34826,20109.072,3240995.18533
2025-07-13 03:00:00,161.4,161.49,160.84,161.21,31516.959,2025-07-13 03:59:59.999,5078226.44143,27194,13518.847,2178352.52557
2025-07-13 04:00:00,161.21,162.13,161.04,161.96,65817.289,2025-07-13 04:59:59.999,10639292.2082,46623,31141.063,5034751.1261
2025-07-13 05:00:00,161.96,162.24,161.3,161.35,45007.142,2025-07-13 05:59:59.999,7282604.52408,39850,19902.773,3220840.71197
2025-07-13 06:00:00,161.35,162.17,161.26,161.58,48648.406,2025-07-13 06:59:59.999,7869820.9735,27744,24033.426,3888139.84889
2025-07-13 07:00:00,161.59,162.98,161.44,162.67,81466.995,2025-07-13 07:59:59.999,13222760.66458,35548,41130.686,6680891.21734
2025-07-13 08:00:00,162.67,162.74,161.66,162.22,54020.951,2025-07-13 08:59:59.999,8765076.65728,32004,27399.134,4445456.53128
2025-07-13 09:00:00,162.22,162.49,161.57,161.89,29535.057,2025-07-13 09:59:59.999,4784172.66723,29294,13387.637,2168491.99432
2025-07-13 10:00:00,161.89,162.09,161.58,161.82,28834.771,2025-07-13 10:59:59.999,4666526.58089,21485,14250.364,2306042.84803
2025-07-13 11:00:00,161.82,162.72,161.71,162.06,57411.417,2025-07-13 11:59:59.999,9312279.45788,46145,26883.116,4360431.05213
2025-07-13 12:00:00,162.06,162.91,161.79,162.66,83953.167,2025-07-13 12:59:59.999,13625496.00028,49602,47953.854,7781531.38972
2025-07-13 13:00:00,162.67,162.99,161.94,162.91,83436.963,2025-07-13 13:59:59.999,13560595.65995,58193,41999.446,6825622.82314
2025-07-13 14:00:00,162.92,164.19,162.36,162.8,203711.379,2025-07-13 14:59:59.999,33301371.63366,131106,88088.339,14399314.4199
2025-07-13 15:00:00,162.81,163.49,161.87,162.04,89682.289,2025-07-13 15:59:59.999,14582483.4464,76836,41501.457,6749898.1989
2025-07-13 16:00:00,162.04,162.44,160.87,160.93,152350.408,2025-07-13 16:59:59.999,24644976.58909,81009,97211.803,15728518.14148
2025-07-13 17:00:00,160.93,162.79,160.53,162.67,91024.86,2025-07-13 17:59:59.999,14718299.91018,62338,57987.391,9372877.17707
2025-07-13 18:00:00,162.68,163.29,162.38,163.08,96506.535,2025-07-13 18:59:59.999,15726348.11765,57542,44616.269,7270108.02412
2025-07-13 19:00:00,163.08,163.55,162.52,162.54,83315.649,2025-07-13 19:59:59.999,13585599.59634,51953,40565.152,6615166.61582
2025-07-13 20:00:00,162.53,163.06,161.97,162.57,47261.77,2025-07-13 20:59:59.999,7685172.28419,43983,23132.425,3761737.86853
2025-07-13 21:00:00,162.56,162.56,160.14,160.56,153095.95,2025-07-13 21:59:59.999,24680623.35683,60630,93024.496,14996749.24503
2025-07-13 22:00:00,160.55,161.08,159.63,160.8,133577.643,2025-07-13 22:59:59.999,21412470.23831,86665,49287.987,7905991.8763
2025-07-13 23:00:00,160.79,161.46,160.3,161.15,94659.414,2025-07-13 23:59:59.999,15233705.78755,56078,46140.912,7424664.03589
2025-07-14 00:00:00,161.15,162.3,160.61,161.63,85516.627,2025-07-14 00:59:59.999,13806168.00316,64057,46404.506,7492553.77596
2025-07-14 01:00:00,161.64,162.86,161.5,162.8,73725.358,2025-07-14 01:59:59.999,11959639.2193,66459,39121.108,6346438.28864
2025-07-14 02:00:00,162.8,165.48,162.61,164.91,249169.767,2025-07-14 02:59:59.999,40932874.17447,108526,125053.627,20555880.24717
2025-07-14 03:00:00,164.9,168.2,164.7,167.11,435808.351,2025-07-14 03:59:59.999,72671924.55735,170264,233668.058,38970513.19117
2025-07-14 04:00:00,167.11,167.93,166.78,167.52,228220.081,2025-07-14 04:59:59.999,38209764.68915,93785,92154.692,15427552.39796
2025-07-14 05:00:00,167.53,168.65,165.47,166.79,312233.314,2025-07-14 05:59:59.999,52232932.75985,141913,155573.195,26035802.65343
2025-07-14 06:00:00,166.8,166.83,165.37,165.71,136731.632,2025-07-14 06:59:59.999,22700683.87328,91385,51831.573,8605128.47235
2025-07-14 07:00:00,165.71,168.37,165.68,167.25,168154.463,2025-07-14 07:59:59.999,28073519.3444,91485,86760.309,14487135.78588
2025-07-14 08:00:00,167.26,167.52,166.04,167.46,143408.175,2025-07-14 08:59:59.999,23906531.71408,81221,57304.426,9556628.45785
2025-07-14 09:00:00,167.46,168.15,167.06,167.38,123015.784,2025-07-14 09:59:59.999,20611870.42777,94964,57012.017,9553902.30263
2025-07-14 10:00:00,167.39,167.66,166.47,167.58,120723.262,2025-07-14 10:59:59.999,20180138.49381,88365,65025.805,10872205.84015
2025-07-14 11:00:00,167.59,167.67,166.31,166.53,126260.018,2025-07-14 11:59:59.999,21093875.08922,89628,60793.99,10157781.35606
2025-07-14 12:00:00,166.53,167.39,166.4,166.93,95742.454,2025-07-14 12:59:59.999,15980799.86048,76267,47726.904,7965991.75157
2025-07-14 13:00:00,166.92,168.52,166.17,167.93,198899.563,2025-07-14 13:59:59.999,33304704.17971,128917,100721.409,16869056.28486
2025-07-14 14:00:00,167.94,168.6,165.43,166.71,283388.702,2025-07-14 14:59:59.999,47360961.36391,187134,133120.153,22278850.12637
2025-07-14 15:00:00,166.7,166.71,163.04,163.96,243563.41,2025-07-14 15:59:59.999,40093190.47864,175990,91084.41,14993277.47118
2025-07-14 16:00:00,163.96,165.35,163.29,165.26,200378.47,2025-07-14 16:59:59.999,32961104.37567,121244,117294.719,19295845.10115
2025-07-14 17:00:00,165.26,165.26,163.49,164.35,139630.0,2025-07-14 17:59:59.999,22951058.13131,86018,69306.699,11396984.92581
2025-07-14 18:00:00,164.35,164.5,162.62,162.72,86872.485,2025-07-14 18:59:59.999,14216161.8614,86166,34945.996,5720785.15483
2025-07-14 19:00:00,162.72,164.36,162.42,164.3,110260.079,2025-07-14 19:59:59.999,18052732.46909,75424,60336.219,9885850.01642
2025-07-14 20:00:00,164.31,164.31,161.98,162.96,127030.652,2025-07-14 20:59:59.999,20707259.86817,94724,68072.694,11099541.79761
2025-07-14 21:00:00,162.96,162.96,162.17,162.51,92678.033,2025-07-14 21:59:59.999,15069325.38227,56184,45750.198,7438294.19618
2025-07-14 22:00:00,162.52,162.75,161.76,162.3,110944.127,2025-07-14 22:59:59.999,18001792.7864,55563,74755.252,12131712.96781
2025-07-14 23:00:00,162.3,162.42,161.67,162.21,81351.726,2025-07-14 23:59:59.999,13186213.50405,42710,49727.263,8060417.02887
2025-07-15 00:00:00,162.21,162.89,161.06,161.4,98359.346,2025-07-15 00:59:59.999,15923849.52818,71772,45041.364,7300441.95447
2025-07-15 01:00:00,161.4,162.37,160.34,161.11,139767.686,2025-07-15 01:59:59.999,22532138.7992,104199,48524.139,7829538.06479
2025-07-15 02:00:00,161.11,161.53,159.11,160.58,249725.871,2025-07-15 02:59:59.999,39972034.54398,167335,86314.0,13820733.0435
2025-07-15 03:00:00,160.57,160.68,158.17,159.15,213050.207,2025-07-15 03:59:59.999,33904104.80778,164051,77077.437,12262406.67187
2025-07-15 04:00:00,159.14,160.24,158.26,160.11,110445.649,2025-07-15 04:59:59.999,17617044.18176,80898,56157.906,8962364.73018
2025-07-15 05:00:00,160.11,160.55,159.82,160.26,58398.49,2025-07-15 05:59:59.999,9355674.54324,44478,29377.623,4706645.25055
2025-07-15 06:00:00,160.25,160.87,160.02,160.4,105070.658,2025-07-15 06:59:59.999,16860567.58723,56746,50348.231,8080627.59681
2025-07-15 07:00:00,160.41,160.72,159.37,159.54,102344.871,2025-07-15 07:59:59.999,16376011.81028,57031,42538.542,6810961.20767
2025-07-15 08:00:00,159.54,159.63,158.39,159.23,136376.98,2025-07-15 08:59:59.999,21719302.5751,66023,49778.918,7927226.09603
2025-07-15 09:00:00,159.23,159.93,159.01,159.09,56995.387,2025-07-15 09:59:59.999,9092558.05024,40682,24579.195,3922758.99068
2025-07-15 10:00:00,159.08,159.84,159.05,159.55,53825.975,2025-07-15 10:59:59.999,8588015.59775,47637,27695.004,4418893.43416
2025-07-15 11:00:00,159.54,160.14,158.93,159.86,111931.487,2025-07-15 11:59:59.999,17846788.14679,64289,55347.917,8827293.47283
2025-07-15 12:00:00,159.87,161.05,158.34,159.92,196502.625,2025-07-15 12:59:59.999,31397540.58775,110010,95247.892,15233736.96648
2025-07-15 13:00:00,159.92,162.04,159.74,161.24,222670.517,2025-07-15 13:59:59.999,35832679.11196,141939,134531.177,21657816.11341
2025-07-15 14:00:00,161.24,162.17,157.23,157.77,328724.379,2025-07-15 14:59:59.999,52629185.99375,165310,99822.332,15958338.34896
2025-07-15 15:00:00,157.78,160.96,157.31,160.47,191771.006,2025-07-15 15:59:59.999,30497432.69828,140807,101427.147,16129264.1136
2025-07-15 16:00:00,160.46,161.6,160.28,160.97,131666.648,2025-07-15 16:59:59.999,21205875.78254,94371,61464.141,9899363.07554
2025-07-15 17:00:00,160.97,162.85,160.86,162.81,119038.803,2025-07-15 17:59:59.999,19279921.9956,85294,63903.591,10351210.60311
2025-07-15 18:00:00,162.81,163.7,160.81,161.88,398266.379,2025-07-15 18:59:59.999,64749003.518,164486,167201.441,27183356.75022
2025-07-15 19:00:00,161.88,162.9,159.98,160.22,169450.255,2025-07-15 19:59:59.999,27378158.17645,104546,74036.087,11971590.19979
2025-07-15 20:00:00,160.22,161.28,159.71,160.69,125517.711,2025-07-15 20:59:59.999,20167209.35689,76791,82493.566,13256293.4793
2025-07-15 21:00:00,160.68,162.64,160.56,161.92,127892.324,2025-07-15 21:59:59.999,20692657.60014,61666,65949.233,10670626.21664
2025-07-15 22:00:00,161.92,162.54,161.37,162.54,80874.521,2025-07-15 22:59:59.999,13088541.43089,51407,46400.584,7511634.50508
2025-07-15 23:00:00,162.53,164.26,162.53,163.98,136627.978,2025-07-15 23:59:59.999,22367563.47575,83305,89340.0,14622013.02312
2025-07-16 00:00:00,163.98,165.26,163.54,164.75,163722.011,2025-07-16 00:59:59.999,26928107.03731,73395,105990.165,17435328.60205
2025-07-16 01:00:00,164.75,164.79,163.77,163.91,97868.289,2025-07-16 01:59:59.999,16082663.50632,59011,49114.261,8070466.61356
2025-07-16 02:00:00,163.91,164.1,161.51,162.08,152452.726,2025-07-16 02:59:59.999,24774969.25547,78070,92516.203,15026142.71125
2025-07-16 03:00:00,162.08,162.74,161.87,162.5,77240.378,2025-07-16 03:59:59.999,12539265.37098,47424,48689.979,7902756.94994
2025-07-16 04:00:00,162.51,162.87,161.79,162.49,52257.355,2025-07-16 04:59:59.999,8485865.09209,40553,27120.263,4403665.69227
2025-07-16 05:00:00,162.5,163.56,162.5,163.18,83374.137,2025-07-16 05:59:59.999,13601271.2205,47741,40760.164,6648583.19062
2025-07-16 06:00:00,163.18,164.12,162.6,164.12,63110.305,2025-07-16 06:59:59.999,10309425.83031,46835,29542.074,4827230.91105
2025-07-16 07:00:00,164.11,164.64,163.62,164.05,104879.682,2025-07-16 07:59:59.999,17222443.92715,51954,40130.638,6590720.21429
2025-07-16 08:00:00,164.05,165.61,163.81,165.52,129233.648,2025-07-16 08:59:59.999,21291371.91836,59083,66075.026,10885126.16377
2025-07-16 09:00:00,165.51,167.58,165.5,167.28,368281.406,2025-07-16 09:59:59.999,61422960.18174,130063,171996.86,28684433.22688
2025-07-16 10:00:00,167.28,167.46,165.98,166.02,133037.339,2025-07-16 10:59:59.999,22200488.67999,64415,46438.339,7752832.4534
2025-07-16 11:00:00,166.01,166.81,166.0,166.66,145147.408,2025-07-16 11:59:59.999,24145282.49357,47994,81592.017,13574489.50962
2025-07-16 12:00:00,166.66,167.49,166.52,166.62,145329.887,2025-07-16 12:59:59.999,24278524.49643,79704,46840.685,7826511.81687
2025-07-16 13:00:00,166.61,167.3,166.18,167.27,176355.561,2025-07-16 13:59:59.999,29416580.11326,105042,65163.897,10872634.36023
2025-07-16 14:00:00,167.28,167.96,166.62,167.57,403996.246,2025-07-16 14:59:59.999,67636446.05719,161331,182140.27,30501695.48257
2025-07-16 15:00:00,167.57,168.84,165.4,168.45,350259.873,2025-07-16 15:59:59.999,58617365.63393,230614,177399.87,29707307.37007
2025-07-16 16:00:00,168.45,173.29,168.4,172.56,705604.225,2025-07-16 16:59:59.999,120729048.28987,349876,432656.746,74014133.6938
2025-07-16 17:00:00,172.55,174.59,172.0,173.64,350199.566,2025-07-16 17:59:59.999,60636410.66486,169343,149352.479,25876904.60946
2025-07-16 18:00:00,173.64,174.7,172.97,173.37,285233.882,2025-07-16 18:59:59.999,49654417.52973,146867,122638.358,21356343.75961
2025-07-16 19:00:00,173.38,174.5,172.56,174.16,200171.862,2025-07-16 19:59:59.999,34714641.90607,119127,89212.225,15479034.61175
2025-07-16 20:00:00,174.15,175.1,173.76,174.67,272153.596,2025-07-16 20:59:59.999,47518823.94132,136947,160265.678,27989388.78119
2025-07-16 21:00:00,174.68,176.0,173.94,174.46,227370.648,2025-07-16 21:59:59.999,39793855.86524,119258,117462.106,20563725.98886
2025-07-16 22:00:00,174.46,175.86,173.43,173.8,162308.939,2025-07-16 22:59:59.999,28351093.15015,110257,64161.462,11219385.78466
2025-07-16 23:00:00,173.8,173.95,172.37,173.63,170699.154,2025-07-16 23:59:59.999,29573577.95851,99301,57334.466,9932195.14061
2025-07-17 00:00:00,173.62,174.85,172.98,172.99,105285.908,2025-07-17 00:59:59.999,18328908.85689,93720,46551.579,8106576.44071
2025-07-17 01:00:00,172.98,173.34,169.57,171.48,270575.645,2025-07-17 01:59:59.999,46430892.78699,191440,108253.757,18583144.38049
2025-07-17 02:00:00,171.48,172.07,170.21,171.33,168923.191,2025-07-17 02:59:59.999,28954624.56403,100583,93682.757,16064487.91271
2025-07-17 03:00:00,171.32,171.44,168.71,169.54,225064.578,2025-07-17 03:59:59.999,38201834.47626,140080,117183.36,19897526.77663
2025-07-17 04:00:00,169.53,171.35,169.24,171.32,92592.36,2025-07-17 04:59:59.999,15766896.832,72604,49065.06,8356263.28346
2025-07-17 05:00:00,171.33,172.12,170.45,172.01,93833.972,2025-07-17 05:59:59.999,16088312.51422,70299,60558.593,10384851.4724
2025-07-17 06:00:00,172.0,174.1,171.33,173.87,195048.994,2025-07-17 06:59:59.999,33729221.7277,115512,116545.865,20155028.39189
2025-07-17 07:00:00,173.87,174.17,171.74,174.02,170911.333,2025-07-17 07:59:59.999,29577642.09059,115326,100743.127,17442668.71362
2025-07-17 08:00:00,174.02,174.11,172.67,173.69,108732.348,2025-07-17 08:59:59.999,18842492.86765,88221,61032.19,10577143.7616
2025-07-17 09:00:00,173.69,178.19,173.47,177.18,380808.543,2025-07-17 09:59:59.999,67145605.12982,194256,262214.04,46235473.5164
2025-07-17 10:00:00,177.19,177.8,175.72,176.34,169496.137,2025-07-17 10:59:59.999,29933170.08115,144287,80849.336,14281164.71025
2025-07-17 11:00:00,176.34,176.79,175.22,176.17,149950.915,2025-07-17 11:59:59.999,26400659.43171,108732,66929.227,11784936.1946
2025-07-17 12:00:00,176.16,177.54,174.63,176.77,193959.484,2025-07-17 12:59:59.999,34155106.34354,149712,89485.479,15773413.89675
2025-07-17 13:00:00,176.76,176.98,172.78,174.35,302722.196,2025-07-17 13:59:59.999,52978996.14744,179499,138541.097,24261793.36035
2025-07-17 14:00:00,174.35,175.31,173.48,174.86,162027.993,2025-07-17 14:59:59.999,28283914.62856,133772,84403.47,14734726.79821
2025-07-17 15:00:00,174.87,175.2,172.82,174.13,196474.771,2025-07-17 15:59:59.999,34181119.40042,136020,103625.199,18037804.09753
2025-07-17 16:00:00,174.12,174.43,171.21,172.85,231807.909,2025-07-17 16:59:59.999,39988623.34053,175354,108488.167,18708704.83935
2025-07-17 17:00:00,172.85,174.38,172.26,174.22,119803.771,2025-07-17 17:59:59.999,20756992.06364,91978,71616.692,12413815.85666
2025-07-17 18:00:00,174.22,174.81,173.55,174.78,139544.406,2025-07-17 18:59:59.999,24312142.66811,81675,71002.644,12373540.88762
2025-07-17 19:00:00,174.78,175.42,172.79,173.05,129760.723,2025-07-17 19:59:59.999,22640751.63188,90284,59721.852,10433049.69653
2025-07-17 20:00:00,173.05,173.69,171.34,173.5,212979.165,2025-07-17 20:59:59.999,36747697.6173,131538,83501.556,14404852.56836
2025-07-17 21:00:00,173.5,176.53,173.47,175.5,278156.819,2025-07-17 21:59:59.999,48779027.07612,175875,165772.198,29071789.29783
2025-07-17 22:00:00,175.49,177.4,174.9,175.49,203106.567,2025-07-17 22:59:59.999,35763083.9967,130539,124275.5,21884789.65018
2025-07-17 23:00:00,175.48,176.89,175.23,175.87,189987.999,2025-07-17 23:59:59.999,33449505.69418,112953,101434.467,17857090.25138
2025-07-18 00:00:00,175.88,179.89,175.29,179.81,299760.419,2025-07-18 00:59:59.999,53388936.23077,154428,194153.285,34597877.92762
2025-07-18 01:00:00,179.8,181.15,178.92,180.6,406016.385,2025-07-18 01:59:59.999,73127842.75182,196048,232199.502,41827253.90332
2025-07-18 02:00:00,180.6,180.64,178.86,179.65,124142.779,2025-07-18 02:59:59.999,22282137.71936,92063,55356.468,9935499.64502
2025-07-18 03:00:00,179.65,181.0,179.56,180.8,161087.382,2025-07-18 03:59:59.999,29048244.62618,90945,73563.184,13269999.84131
2025-07-18 04:00:00,180.79,181.94,179.86,181.86,194419.434,2025-07-18 04:59:59.999,35229853.57042,105684,101677.775,18429191.40872
2025-07-18 05:00:00,181.86,184.67,181.21,183.62,598358.013,2025-07-18 05:59:59.999,109764865.2264,248310,310817.473,56999644.0108
2025-07-18 06:00:00,183.62,183.9,182.26,183.51,224692.419,2025-07-18 06:59:59.999,41132425.93907,106548,92857.446,17007389.31755
2025-07-18 07:00:00,183.5,184.2,180.86,180.94,270662.97,2025-07-18 07:59:59.999,49496333.61486,160152,138776.0,25405932.32435
2025-07-18 08:00:00,180.93,181.97,178.57,179.39,248065.719,2025-07-18 08:59:59.999,44737251.43859,157234,98082.219,17683945.77367
2025-07-18 09:00:00,179.39,180.04,178.74,179.96,139157.649,2025-07-18 09:59:59.999,24971428.45817,93381,79803.874,14318658.09084
2025-07-18 10:00:00,179.96,179.96,177.97,179.4,122798.952,2025-07-18 10:59:59.999,21969754.56843,87701,62028.394,11100307.07401
2025-07-18 11:00:00,179.39,179.5,177.1,178.46,150062.842,2025-07-18 11:59:59.999,26742975.44642,88693,61133.691,10898973.05726
2025-07-18 12:00:00,178.45,180.17,178.3,180.14,154918.368,2025-07-18 12:59:59.999,27758125.75023,67098,74508.574,13355343.90066
2025-07-18 13:00:00,180.15,182.02,179.14,180.76,259682.46,2025-07-18 13:59:59.999,46954163.65772,141487,132409.726,23953209.22811
2025-07-18 14:00:00,180.75,181.51,176.61,178.51,385514.749,2025-07-18 14:59:59.999,68784080.19601,217152,173884.707,31029198.22876
2025-07-18 15:00:00,178.5,178.77,174.86,177.02,301255.999,2025-07-18 15:59:59.999,53120112.02277,184632,122774.834,21668574.81105
2025-07-18 16:00:00,177.02,179.08,176.16,178.38,197701.624,2025-07-18 16:59:59.999,35138752.73493,124868,100138.991,17803379.77526
2025-07-18 17:00:00,178.39,179.11,177.69,178.49,101679.107,2025-07-18 17:59:59.999,18141798.68261,78856,54351.803,9699408.59455
2025-07-18 18:00:00,178.5,178.79,177.55,177.93,101449.046,2025-07-18 18:59:59.999,18075523.4556,75741,51941.671,9252184.74608
2025-07-18 19:00:00,177.92,178.53,176.15,176.99,110772.886,2025-07-18 19:59:59.999,19619014.04007,95774,58651.758,10387688.26569
2025-07-18 20:00:00,176.98,177.13,173.24,175.33,304124.93,2025-07-18 20:59:59.999,53223069.88358,168015,147752.93,25874058.13353
2025-07-18 21:00:00,175.32,177.03,175.23,175.97,102293.678,2025-07-18 21:59:59.999,18048353.42344,64452,63866.99,11269896.56052
2025-07-18 22:00:00,175.96,176.96,174.86,175.9,97496.72,2025-07-18 22:59:59.999,17160864.30539,69318,48113.601,8470958.64972
2025-07-18 23:00:00,175.9,177.62,175.14,177.28,135738.638,2025-07-18 23:59:59.999,23977174.63196,79398,96097.964,16978055.35037
2025-07-19 00:00:00,177.28,177.43,175.1,175.18,77922.348,2025-07-19 00:59:59.999,13762477.24244,56177,28949.629,5118612.2964
2025-07-19 01:00:00,175.18,176.78,174.0,176.61,127017.168,2025-07-19 01:59:59.999,22317942.66585,81390,54359.992,9555734.24791
2025-07-19 02:00:00,176.62,177.26,175.7,177.14,64565.395,2025-07-19 02:59:59.999,11409762.9804,63057,38224.385,6756743.13587
2025-07-19 03:00:00,177.14,177.69,176.9,177.45,84837.611,2025-07-19 03:59:59.999,15044491.22132,61818,46416.879,8232529.04157
2025-07-19 04:00:00,177.45,177.74,177.02,177.31,74525.317,2025-07-19 04:59:59.999,13222723.19825,54576,38338.183,6804608.00406
2025-07-19 05:00:00,177.31,177.77,176.8,177.55,117260.546,2025-07-19 05:59:59.999,20796529.0584,55919,52485.828,9312374.42151
2025-07-19 06:00:00,177.54,177.64,176.1,176.27,58320.661,2025-07-19 06:59:59.999,10308954.54481,49081,27572.518,4874080.72634
2025-07-19 07:00:00,176.26,177.32,176.15,176.99,41354.531,2025-07-19 07:59:59.999,7308265.35277,39704,24664.024,4358921.60347
2025-07-19 08:00:00,176.99,177.15,175.41,176.04,65209.948,2025-07-19 08:59:59.999,11475037.24877,58427,29970.055,5273257.77683
2025-07-19 09:00:00,176.04,177.0,175.83,176.69,40159.421,2025-07-19 09:59:59.999,7091330.88298,42929,19040.587,3362029.05077
2025-07-19 10:00:00,176.7,177.64,176.46,177.39,57115.855,2025-07-19 10:59:59.999,10119770.63306,44467,29586.507,5241874.28367
2025-07-19 11:00:00,177.38,177.81,176.19,176.59,64172.185,2025-07-19 11:59:59.999,11362438.32754,64837,32968.397,5838569.74897
2025-07-19 12:00:00,176.6,177.4,175.7,177.34,80865.127,2025-07-19 12:59:59.999,14263280.9926,68454,35581.052,6277630.19513
2025-07-19 13:00:00,177.33,177.84,176.93,177.47,110009.516,2025-07-19 13:59:59.999,19530304.75524,66908,51391.496,9122930.30174
2025-07-19 14:00:00,177.47,177.88,174.8,175.01,158307.677,2025-07-19 14:59:59.999,27903790.53929,99473,71810.27,12653107.61174
2025-07-19 15:00:00,175.0,177.46,174.87,177.4,123578.208,2025-07-19 15:59:59.999,21816024.34788,70439,69984.682,12343960.46871
2025-07-19 16:00:00,177.41,177.87,176.49,177.54,89992.614,2025-07-19 16:59:59.999,15969199.62734,74308,48570.887,8619333.32936
2025-07-19 17:00:00,177.55,177.82,176.12,176.32,45092.027,2025-07-19 17:59:59.999,7985582.18652,52153,19606.675,3472466.39578
2025-07-19 18:00:00,176.32,177.52,176.19,176.82,34265.686,2025-07-19 18:59:59.999,6064605.05385,52491,18977.498,3358514.76089
2025-07-19 19:00:00,176.83,178.19,176.21,177.04,78794.678,2025-07-19 19:59:59.999,13961331.20006,60652,36439.377,6460727.62789
2025-07-19 20:00:00,177.04,178.61,176.97,177.43,135712.444,2025-07-19 20:59:59.999,24158128.04966,82773,71375.291,12705368.79056
2025-07-19 21:00:00,177.42,177.8,174.91,175.89,217604.002,2025-07-19 21:59:59.999,38224982.56349,83714,126472.025,22219943.10869
2025-07-19 22:00:00,175.89,176.57,175.27,176.41,72422.282,2025-07-19 22:59:59.999,12739707.48834,50771,42741.766,7518524.32777
2025-07-19 23:00:00,176.41,177.08,176.2,176.96,40209.761,2025-07-19 23:59:59.999,7103422.90964,40996,21295.314,3762412.78438
2025-07-20 00:00:00,176.97,177.94,176.33,177.66,68849.43,2025-07-20 00:59:59.999,12204100.18,53069,27583.369,4888433.00864
2025-07-20 01:00:00,177.66,179.75,177.62,177.87,500848.089,2025-07-20 01:59:59.999,89662656.677,205524,247564.719,44321629.49783
2025-07-20 02:00:00,177.88,177.94,176.97,177.54,61272.301,2025-07-20 02:59:59.999,10879859.95995,64306,30352.504,5390946.43345
2025-07-20 03:00:00,177.55,178.77,177.15,177.98,98442.883,2025-07-20 03:59:59.999,17530220.96245,81197,44806.427,7978735.03048
2025-07-20 04:00:00,177.97,178.56,177.47,177.58,62713.236,2025-07-20 04:59:59.999,11159867.4655,57353,27837.748,4953709.69258
2025-07-20 05:00:00,177.59,178.0,177.1,177.8,45337.838,2025-07-20 05:59:59.999,8051162.92513,36633,24648.796,4378046.80822
2025-07-20 06:00:00,177.8,177.81,176.94,177.33,57888.007,2025-07-20 06:59:59.999,10262100.86599,40239,23240.481,4120418.38986
2025-07-20 07:00:00,177.34,178.67,177.22,177.94,92470.929,2025-07-20 07:59:59.999,16479017.20388,57780,49767.361,8867788.97185
2025-07-20 08:00:00,177.95,180.71,177.95,180.7,142312.143,2025-07-20 08:59:59.999,25530435.32872,81388,89944.242,16139233.63541
2025-07-20 09:00:00,180.7,181.51,179.64,179.77,160330.282,2025-07-20 09:59:59.999,28951629.76245,103058,85056.04,15363708.52368
2025-07-20 10:00:00,179.77,180.46,179.44,179.59,70024.744,2025-07-20 10:59:59.999,12597847.3899,66246,32516.986,5851294.33535
2025-07-20 11:00:00,179.6,181.0,179.33,180.44,111447.086,2025-07-20 11:59:59.999,20083955.16663,72795,59359.531,10700058.51432
2025-07-20 12:00:00,180.44,181.96,179.96,181.79,161001.768,2025-07-20 12:59:59.999,29106745.02678,95945,91933.418,16620651.02795
2025-07-20 13:00:00,181.78,183.17,181.59,183.02,253744.521,2025-07-20 13:59:59.999,46283982.46378,122234,165284.567,30149504.50703
2025-07-20 14:00:00,183.02,183.08,180.76,180.87,222809.09,2025-07-20 14:59:59.999,40530754.00062,110325,100261.341,18236620.31743
2025-07-20 15:00:00,180.87,182.03,179.98,181.96,177390.98,2025-07-20 15:59:59.999,32117641.95976,95515,86398.33,15650110.4207
2025-07-20 16:00:00,181.97,183.25,181.66,182.1,234919.178,2025-07-20 16:59:59.999,42870784.55,154000,118658.727,21661307.65456
2025-07-20 17:00:00,182.1,182.1,180.28,180.58,205193.486,2025-07-20 17:59:59.999,37136674.04064,144882,94834.391,17165862.16627
2025-07-20 18:00:00,180.58,182.6,180.25,182.25,138212.417,2025-07-20 18:59:59.999,25016034.15233,90446,75685.279,13699054.5844
2025-07-20 19:00:00,182.25,183.66,181.67,181.99,183993.428,2025-07-20 19:59:59.999,33569690.57393,113438,115496.024,21073176.61092
2025-07-20 20:00:00,182.0,182.26,180.5,181.24,82762.058,2025-07-20 20:59:59.999,15004595.0614,74934,39663.252,7190834.04013
2025-07-20 21:00:00,181.25,182.34,180.68,182.32,90181.029,2025-07-20 21:59:59.999,16366626.63124,71748,39326.161,7139014.0605
2025-07-20 22:00:00,182.31,182.39,177.8,180.5,349328.896,2025-07-20 22:59:59.999,62713618.58933,209128,155911.787,27998075.9654
2025-07-20 23:00:00,180.51,181.66,179.4,181.43,123381.096,2025-07-20 23:59:59.999,22267252.96339,112918,63031.141,11372333.95343
2025-07-21 00:00:00,181.44,181.75,178.4,180.23,187460.783,2025-07-21 00:59:59.999,33689275.63917,153096,93294.538,16759191.36864
2025-07-21 01:00:00,180.23,180.54,178.25,180.09,89102.763,2025-07-21 01:59:59.999,15998515.21544,98099,43379.157,7791626.27554
2025-07-21 02:00:00,180.09,184.61,180.08,184.35,237304.536,2025-07-21 02:59:59.999,43382156.00996,130058,145285.745,26571335.64203
2025-07-21 03:00:00,184.34,187.04,183.92,186.71,424737.766,2025-07-21 03:59:59.999,78928271.8666,198995,233507.894,43388913.68638
2025-07-21 04:00:00,186.71,187.29,185.75,185.76,159009.732,2025-07-21 04:59:59.999,29644141.22581,110313,84377.73,15731831.83224
2025-07-21 05:00:00,185.76,188.97,185.06,188.3,246010.514,2025-07-21 05:59:59.999,45996281.11019,131797,151545.432,28333558.08254
2025-07-21 06:00:00,188.31,189.77,187.93,189.26,253571.366,2025-07-21 06:59:59.999,47919133.91689,167370,138018.956,26087640.77125
2025-07-21 07:00:00,189.26,191.08,189.17,190.07,236677.933,2025-07-21 07:59:59.999,44933252.14166,103720,127073.319,24133003.84065
2025-07-21 08:00:00,190.06,192.0,189.69,190.82,267870.343,2025-07-21 08:59:59.999,51114971.71237,164439,131440.674,25089506.03339
2025-07-21 09:00:00,190.82,191.76,190.03,191.59,172539.707,2025-07-21 09:59:59.999,32934850.56487,122853,88152.028,16830939.80596
2025-07-21 10:00:00,191.59,192.0,190.79,191.22,346490.667,2025-07-21 10:59:59.999,66288952.06081,177590,136648.696,26146882.2341
2025-07-21 11:00:00,191.22,192.99,190.68,191.4,381685.108,2025-07-21 11:59:59.999,73185467.66291,179870,154246.617,29574813.95035
2025-07-21 12:00:00,191.39,191.9,190.22,191.55,146118.121,2025-07-21 12:59:59.999,27902444.07234,130083,63428.439,12115224.66251
2025-07-21 13:00:00,191.55,193.42,190.27,192.44,292838.66,2025-07-21 13:59:59.999,56280882.22269,160523,171043.134,32881993.21074
2025-07-21 14:00:00,192.45,195.34,191.42,195.29,394996.426,2025-07-21 14:59:59.999,76611890.27066,214014,202478.025,39298655.58044
2025-07-21 15:00:00,195.3,199.28,195.12,196.79,809541.717,2025-07-21 15:59:59.999,159540168.76774,402334,440510.349,86809402.48311
2025-07-21 16:00:00,196.79,197.04,193.3,195.15,509202.92,2025-07-21 16:59:59.999,99257025.75865,278978,274488.346,53504217.89416
2025-07-21 17:00:00,195.15,196.68,194.47,196.12,228598.296,2025-07-21 17:59:59.999,44708601.17336,173857,134149.099,26241186.25425
2025-07-21 18:00:00,196.12,197.25,193.45,193.8,306992.194,2025-07-21 18:59:59.999,59961059.05328,163641,185349.919,36211499.87354
2025-07-21 19:00:00,193.79,195.54,193.01,194.63,260752.147,2025-07-21 19:59:59.999,50630371.33241,196810,123063.434,23899578.01924
2025-07-21 20:00:00,194.64,196.59,193.7,193.91,241943.052,2025-07-21 20:59:59.999,47280999.50055,168032,144406.706,28233561.78655
2025-07-21 21:00:00,193.9,196.63,193.64,196.14,121549.57,2025-07-21 21:59:59.999,23724554.24264,75383,72512.487,14155095.94285
2025-07-21 22:00:00,196.13,197.78,195.55,197.31,91532.628,2025-07-21 22:59:59.999,18008987.2517,76746,52431.022,10316735.83107
2025-07-21 23:00:00,197.31,197.49,195.56,195.72,89380.23,2025-07-21 23:59:59.999,17566749.68304,86406,43308.105,8511862.01851
2025-07-22 00:00:00,195.72,199.09,195.72,197.67,302823.03,2025-07-22 00:59:59.999,59857270.05666,186449,177307.806,35057194.19073
2025-07-22 01:00:00,197.66,202.47,193.75,202.09,936494.595,2025-07-22 01:59:59.999,186463100.5354,481377,523978.995,104528901.03696
2025-07-22 02:00:00,202.09,204.67,201.01,201.95,606320.5,2025-07-22 02:59:59.999,123122303.67923,332748,329276.481,66878247.6412
2025-07-22 03:00:00,201.95,203.06,197.44,200.09,589774.862,2025-07-22 03:59:59.999,118149309.77769,338026,291008.824,58322224.83201
2025-07-22 04:00:00,200.08,200.19,194.1,194.28,604209.654,2025-07-22 04:59:59.999,119220518.82005,345510,268808.765,53071555.03826
2025-07-22 05:00:00,194.27,199.14,194.27,196.58,376097.991,2025-07-22 05:59:59.999,74061641.75655,240444,196342.146,38672018.16307
2025-07-22 06:00:00,196.59,200.78,195.98,199.03,295209.77,2025-07-22 06:59:59.999,58757427.19857,197369,178697.127,35566020.85125
2025-07-22 07:00:00,199.03,201.32,197.41,198.1,267413.135,2025-07-22 07:59:59.999,53391081.93736,159875,135084.38,26993176.38951
2025-07-22 08:00:00,198.1,198.1,194.05,196.98,336204.138,2025-07-22 08:59:59.999,65873369.9903,218134,151731.352,29729952.44348
2025-07-22 09:00:00,196.97,199.15,194.42,197.26,373258.507,2025-07-22 09:59:59.999,73500098.83246,211314,144609.993,28475629.86578
2025-07-22 10:00:00,197.27,199.11,197.14,199.11,164459.606,2025-07-22 10:59:59.999,32605275.747,116024,78262.047,15518274.4959
2025-07-22 11:00:00,199.1,200.15,197.63,199.91,173369.761,2025-07-22 11:59:59.999,34515664.14986,128384,87817.942,17493548.34004
2025-07-22 12:00:00,199.91,203.81,199.07,203.09,384752.265,2025-07-22 12:59:59.999,77529922.4239,188856,211897.555,42691319.23994
2025-07-22 13:00:00,203.09,204.13,198.19,199.06,649796.402,2025-07-22 13:59:59.999,130617766.30322,350549,295254.194,59351340.51027
2025-07-22 14:00:00,199.07,202.27,196.95,202.18,366360.218,2025-07-22 14:59:59.999,73102208.78438,263148,193796.83,38705096.22465
2025-07-22 15:00:00,202.18,204.99,201.21,201.83,515531.03,2025-07-22 15:59:59.999,104897989.26307,285620,283571.258,57715920.28111
2025-07-22 16:00:00,201.82,204.24,200.76,203.76,285123.962,2025-07-22 16:59:59.999,57866341.43727,192167,159222.291,32327265.72154
2025-07-22 17:00:00,203.76,203.89,200.78,202.86,242769.302,2025-07-22 17:59:59.999,49088789.52276,236237,109200.647,22084009.73432
2025-07-22 18:00:00,202.85,203.93,201.16,202.53,274527.34,2025-07-22 18:59:59.999,55579300.86118,206540,142207.121,28793873.3978
2025-07-22 19:00:00,202.52,202.69,198.39,198.92,218431.123,2025-07-22 19:59:59.999,43799936.81776,174526,93079.776,18670680.5962
2025-07-22 20:00:00,198.91,201.36,198.39,200.65,128899.941,2025-07-22 20:59:59.999,25796224.47588,93111,75610.51,15135012.6372
2025-07-22 21:00:00,200.64,202.17,199.83,201.44,123072.82,2025-07-22 21:59:59.999,24740833.20922,64849,69106.736,13901126.13845
2025-07-22 22:00:00,201.44,202.88,201.43,201.95,91976.685,2025-07-22 22:59:59.999,18596232.87275,74703,38385.002,7760974.50391
2025-07-22 23:00:00,201.95,206.3,201.93,205.7,328750.536,2025-07-22 23:59:59.999,67253468.70901,132123,201551.355,41212562.6265
2025-07-23 00:00:00,205.7,205.75,203.36,204.29,202707.84,2025-07-23 00:59:59.999,41471108.55152,117587,94743.623,19384813.77651
2025-07-23 01:00:00,204.3,204.52,202.64,203.05,168251.373,2025-07-23 01:59:59.999,34244981.84917,94909,64633.248,13158337.43857
2025-07-23 02:00:00,203.05,203.39,201.61,202.34,144084.681,2025-07-23 02:59:59.999,29179865.97443,107751,56523.297,11448833.63343
2025-07-23 03:00:00,202.34,202.75,200.99,201.39,126747.851,2025-07-23 03:59:59.999,25583715.92934,76095,56293.221,11364180.42611
2025-07-23 04:00:00,201.4,202.26,201.0,201.65,100024.105,2025-07-23 04:59:59.999,20168750.73154,68851,49721.458,10024899.36134
2025-07-23 05:00:00,201.65,202.01,200.83,201.58,97397.296,2025-07-23 05:59:59.999,19610707.45318,73632,42423.035,8544459.89226
2025-07-23 06:00:00,201.58,201.93,199.74,200.62,126727.17,2025-07-23 06:59:59.999,25426128.15151,103195,44814.965,8996205.36807
2025-07-23 07:00:00,200.61,201.14,198.88,199.46,122380.794,2025-07-23 07:59:59.999,24461508.29748,99195,38362.452,7670819.21783
2025-07-23 08:00:00,199.47,199.83,198.71,199.83,105879.416,2025-07-23 08:59:59.999,21094447.21107,77036,51148.594,10193281.43837
2025-07-23 09:00:00,199.83,200.0,197.51,197.66,148554.614,2025-07-23 09:59:59.999,29466972.89698,95652,49693.185,9863470.16363
2025-07-23 10:00:00,197.66,198.03,195.86,197.94,215344.039,2025-07-23 10:59:59.999,42405792.25824,120932,95439.613,18793292.88074
2025-07-23 11:00:00,197.94,198.2,196.92,197.42,103324.651,2025-07-23 11:59:59.999,20411017.51031,78500,42884.836,8473113.22614
2025-07-23 12:00:00,197.41,197.57,193.68,194.17,285969.855,2025-07-23 12:59:59.999,55896081.22049,164203,98869.049,19336412.45698
2025-07-23 13:00:00,194.16,194.89,187.61,189.18,987778.673,2025-07-23 13:59:59.999,188467396.55324,456413,431249.803,82284358.78778
2025-07-23 14:00:00,189.18,192.36,188.69,191.61,437372.712,2025-07-23 14:59:59.999,83502967.64103,261584,202677.249,38708784.8947
2025-07-23 15:00:00,191.6,192.79,189.65,192.72,213460.55,2025-07-23 15:59:59.999,40783891.09624,179037,102049.611,19507025.70383
2025-07-23 16:00:00,192.72,192.75,188.02,188.26,338307.805,2025-07-23 16:59:59.999,64359144.45608,209321,122482.703,23312942.59359
2025-07-23 17:00:00,188.26,189.29,186.01,188.7,377908.403,2025-07-23 17:59:59.999,70883897.74975,261740,170373.653,31961513.19904
2025-07-23 18:00:00,188.7,190.3,188.19,190.22,163213.119,2025-07-23 18:59:59.999,30907930.89117,134772,85642.488,16220840.76568
2025-07-23 19:00:00,190.21,190.26,188.03,188.08,137707.413,2025-07-23 19:59:59.999,26040777.31333,110322,73409.732,13882258.57418
2025-07-23 20:00:00,188.09,189.76,184.44,186.78,417397.713,2025-07-23 20:59:59.999,77827767.48674,272084,192415.239,35883532.66687
2025-07-23 21:00:00,186.78,188.25,183.97,187.94,307110.091,2025-07-23 21:59:59.999,57151604.30092,184242,143782.669,26771476.31173
2025-07-23 22:00:00,187.94,189.69,186.49,189.08,148209.004,2025-07-23 22:59:59.999,27934503.89969,105034,89333.38,16841526.65711
2025-07-23 23:00:00,189.07,190.04,188.87,189.4,72278.331,2025-07-23 23:59:59.999,13701249.03795,59763,38764.638,7348978.91239
2025-07-24 00:00:00,189.4,190.99,188.48,190.95,187946.056,2025-07-24 00:59:59.999,35750814.37188,104120,98246.204,18703610.39265
2025-07-24 01:00:00,190.95,191.57,189.25,191.54,116302.872,2025-07-24 01:59:59.999,22146269.97983,79419,61363.293,11691130.74467
2025-07-24 02:00:00,191.53,191.65,190.38,191.14,104270.422,2025-07-24 02:59:59.999,19918064.9098,72407,52333.678,9994889.49179
2025-07-24 03:00:00,191.14,191.87,189.62,189.85,96837.299,2025-07-24 03:59:59.999,18491408.47334,76337,41811.902,7990086.96019
2025-07-24 04:00:00,189.85,190.12,185.33,186.05,179080.883,2025-07-24 04:59:59.999,33588463.07771,138673,70381.714,13207621.2854
2025-07-24 05:00:00,186.04,186.2,181.29,181.87,443165.721,2025-07-24 05:59:59.999,81515056.51642,241797,176668.346,32501398.17466
2025-07-24 06:00:00,181.88,184.12,179.87,181.08,362611.623,2025-07-24 06:59:59.999,65981913.03977,255784,147280.985,26838809.1907
2025-07-24 07:00:00,181.08,184.33,179.21,184.21,287752.653,2025-07-24 07:59:59.999,52389563.81318,204347,159650.921,29095381.8822
2025-07-24 08:00:00,184.2,186.36,183.27,186.04,244410.0,2025-07-24 08:59:59.999,45314771.00285,148762,146166.613,27099996.92206
2025-07-24 09:00:00,186.03,186.46,184.44,185.21,153911.135,2025-07-24 09:59:59.999,28561564.59121,117167,70045.832,13002759.80762
2025-07-24 10:00:00,185.22,186.28,182.92,184.89,174132.317,2025-07-24 10:59:59.999,32097190.54414,126716,71683.751,13217399.44657
2025-07-24 11:00:00,184.9,186.92,184.89,186.4,107140.506,2025-07-24 11:59:59.999,19926273.0033,102292,62563.347,11636539.51132
2025-07-24 12:00:00,186.41,186.86,184.62,186.01,162423.569,2025-07-24 12:59:59.999,30152795.90275,134133,59481.996,11045037.62137
2025-07-24 13:00:00,186.01,187.41,184.27,184.57,186756.724,2025-07-24 13:59:59.999,34738270.37676,176744,96699.842,17999875.07934
2025-07-24 14:00:00,184.57,190.04,183.36,189.52,365391.135,2025-07-24 14:59:59.999,68402668.79988,211790,208095.19,38984341.63547
2025-07-24 15:00:00,189.52,191.76,187.55,188.53,418886.033,2025-07-24 15:59:59.999,79426600.17367,273911,201149.449,38138283.91569
2025-07-24 16:00:00,188.54,188.86,184.85,185.82,288260.551,2025-07-24 16:59:59.999,53757997.48864,213827,121109.405,22575411.39395
2025-07-24 17:00:00,185.82,189.6,185.7,188.78,216772.978,2025-07-24 17:59:59.999,40763411.96521,130801,127533.787,23994208.74082
2025-07-24 18:00:00,188.78,189.92,187.77,189.24,183861.068,2025-07-24 18:59:59.999,34758162.09953,153128,102654.032,19407574.18901
2025-07-24 19:00:00,189.25,190.04,187.87,187.99,133001.899,2025-07-24 19:59:59.999,25128744.02989,112707,61211.167,11573080.13957
2025-07-24 20:00:00,187.99,189.06,187.57,188.86,100904.508,2025-07-24 20:59:59.999,19009150.65337,79846,43859.878,8260960.3334
2025-07-24 21:00:00,188.85,188.89,185.58,185.58,150933.48,2025-07-24 21:59:59.999,28222547.00027,81415,58402.7,10928148.26444
2025-07-24 22:00:00,185.59,185.87,183.41,183.72,314946.313,2025-07-24 22:59:59.999,58054651.27119,142149,115818.183,21352946.4623
2025-07-24 23:00:00,183.72,183.72,182.01,182.87,237365.126,2025-07-24 23:59:59.999,43405681.10354,142228,86497.878,15817942.55861
2025-07-25 00:00:00,182.88,183.16,180.57,181.92,189596.489,2025-07-25 00:59:59.999,34453221.79449,155213,75612.715,13746075.39595
2025-07-25 01:00:00,181.93,183.54,180.75,182.95,211875.484,2025-07-25 01:59:59.999,38580770.6662,123571,104616.938,19072771.24554
2025-07-25 02:00:00,182.95,183.49,178.26,178.82,297917.041,2025-07-25 02:59:59.999,53849010.87924,170821,133325.529,24145835.365
2025-07-25 03:00:00,178.82,179.78,175.63,177.71,391076.689,2025-07-25 03:59:59.999,69495206.72042,273249,183824.387,32682802.23358
2025-07-25 04:00:00,177.72,179.66,176.07,179.49,244211.714,2025-07-25 04:59:59.999,43471702.7021,188126,141872.395,25260806.58065
2025-07-25 05:00:00,179.49,179.78,177.95,178.71,146140.467,2025-07-25 05:59:59.999,26134623.36705,123223,74498.029,13323999.5779
2025-07-25 06:00:00,178.72,178.93,177.28,178.12,102417.213,2025-07-25 06:59:59.999,18245927.03104,94466,44406.285,7913888.21321
2025-07-25 07:00:00,178.12,178.87,175.91,177.51,256386.886,2025-07-25 07:59:59.999,45461255.65289,136114,155929.857,27668692.02599
2025-07-25 08:00:00,177.51,179.35,176.86,177.84,205945.323,2025-07-25 08:59:59.999,36665953.24024,147299,112374.179,20012311.58653
2025-07-25 09:00:00,177.85,180.91,177.4,180.81,260761.063,2025-07-25 09:59:59.999,46803006.30799,189457,128190.55,23016812.76595
2025-07-25 10:00:00,180.81,181.67,179.73,180.74,197653.785,2025-07-25 10:59:59.999,35705884.07712,140411,105407.709,19044049.9945
2025-07-25 11:00:00,180.73,182.08,180.73,181.12,154142.449,2025-07-25 11:59:59.999,27954676.13088,120859,77443.95,14048828.28662
2025-07-25 12:00:00,181.12,181.89,179.98,180.77,128225.146,2025-07-25 12:59:59.999,23197685.47866,121776,58041.181,10501829.46761
2025-07-25 13:00:00,180.78,181.46,179.55,181.15,124974.702,2025-07-25 13:59:59.999,22550386.19564,140817,63825.855,11520081.28384
2025-07-25 14:00:00,181.15,181.36,176.33,176.59,344599.788,2025-07-25 14:59:59.999,61395053.87602,228179,161475.048,28782992.8576
2025-07-25 15:00:00,176.59,178.61,176.24,178.2,198377.627,2025-07-25 15:59:59.999,35209714.12268,182009,94399.069,16761223.3963
2025-07-25 16:00:00,178.19,179.97,177.47,179.71,166187.432,2025-07-25 16:59:59.999,29669830.34288,146463,90551.01,16169309.34059
2025-07-25 17:00:00,179.7,181.07,179.37,180.69,168841.723,2025-07-25 17:59:59.999,30423819.22479,115180,94392.593,17009301.61154
2025-07-25 18:00:00,180.69,182.72,180.67,182.33,143977.671,2025-07-25 18:59:59.999,26176998.29594,87454,74040.183,13461667.46037
2025-07-25 19:00:00,182.33,182.84,181.76,182.17,139364.113,2025-07-25 19:59:59.999,25419585.03473,81858,60855.225,11099003.35667
2025-07-25 20:00:00,182.16,184.5,182.08,183.79,127594.931,2025-07-25 20:59:59.999,23407161.15785,80116,71606.164,13139964.85193
2025-07-25 21:00:00,183.79,185.3,183.79,185.06,97406.93,2025-07-25 21:59:59.999,17987805.8465,65717,55142.685,10185172.00224
2025-07-25 22:00:00,185.06,186.2,185.0,186.09,86247.199,2025-07-25 22:59:59.999,16009094.09582,61159,48082.653,8925625.11521
2025-07-25 23:00:00,186.09,186.85,185.59,186.76,97388.575,2025-07-25 23:59:59.999,18141008.05692,43719,42293.171,7881314.48616
2025-07-26 00:00:00,186.75,186.93,185.67,185.88,79329.963,2025-07-26 00:59:59.999,14781118.9143,56902,38748.066,7221758.45418
2025-07-26 01:00:00,185.88,186.09,184.48,184.48,79599.543,2025-07-26 01:59:59.999,14753499.5348,44216,30895.942,5729281.22786
2025-07-26 02:00:00,184.48,186.85,184.48,186.52,117686.423,2025-07-26 02:59:59.999,21875255.07657,65222,68717.664,12770024.92909
2025-07-26 03:00:00,186.52,186.65,185.66,185.97,74918.675,2025-07-26 03:59:59.999,13935289.00004,41981,40769.385,7582328.77879
2025-07-26 04:00:00,185.97,186.44,185.69,185.96,49332.744,2025-07-26 04:59:59.999,9181259.54586,36016,22184.377,4128928.99222
2025-07-26 05:00:00,185.97,187.14,185.63,186.71,63044.722,2025-07-26 05:59:59.999,11755001.6281,39025,33022.89,6159038.88829
2025-07-26 06:00:00,186.71,186.75,185.88,186.08,59400.2,2025-07-26 06:59:59.999,11062266.94214,36701,18182.86,3387797.74896
2025-07-26 07:00:00,186.08,186.86,186.06,186.43,38311.218,2025-07-26 07:59:59.999,7142957.6718,37233,19312.474,3600652.05598
2025-07-26 08:00:00,186.43,188.0,186.42,188.0,61042.203,2025-07-26 08:59:59.999,11428040.59877,44205,34651.757,6487546.22802
2025-07-26 09:00:00,188.0,189.18,187.48,188.98,137239.667,2025-07-26 09:59:59.999,25851176.72169,74141,71843.898,13532570.04996
2025-07-26 10:00:00,188.99,189.78,188.16,188.24,116491.682,2025-07-26 10:59:59.999,22030466.3173,73889,64338.618,12171527.95034
2025-07-26 11:00:00,188.24,188.55,187.29,187.74,112137.204,2025-07-26 11:59:59.999,21065970.76316,65947,57362.093,10777331.29463
2025-07-26 12:00:00,187.75,188.48,187.27,187.92,63902.412,2025-07-26 12:59:59.999,12010385.17242,47826,36042.545,6774824.57434
2025-07-26 13:00:00,187.92,188.21,187.27,187.55,81871.203,2025-07-26 13:59:59.999,15364443.96153,44720,42900.469,8052968.09553
2025-07-26 14:00:00,187.55,187.91,186.24,186.41,89835.689,2025-07-26 14:59:59.999,16803509.56178,62325,32573.422,6094142.47966
2025-07-26 15:00:00,186.41,187.7,186.05,187.52,71434.078,2025-07-26 15:59:59.999,13345874.85152,62886,35075.066,6556022.39234
2025-07-26 16:00:00,187.53,187.8,186.47,186.83,66085.89,2025-07-26 16:59:59.999,12363731.43093,59264,29629.113,5543981.7797
2025-07-26 17:00:00,186.83,186.9,185.36,185.63,78024.902,2025-07-26 17:59:59.999,14508624.71295,51435,28721.048,5340757.97453
2025-07-26 18:00:00,185.63,186.39,185.06,186.0,48363.082,2025-07-26 18:59:59.999,8989705.36341,43889,22506.338,4183944.70739
2025-07-26 19:00:00,185.99,186.64,185.82,186.45,39859.459,2025-07-26 19:59:59.999,7422323.06549,35536,19435.704,3619415.87252
2025-07-26 20:00:00,186.44,186.49,185.32,185.91,52206.392,2025-07-26 20:59:59.999,9704532.31102,33443,14346.58,2666324.54032
2025-07-26 21:00:00,185.9,186.46,185.41,186.36,38930.338,2025-07-26 21:59:59.999,7235986.8866,25766,16812.789,3125120.75597
2025-07-26 22:00:00,186.37,186.76,184.86,185.09,90731.005,2025-07-26 22:59:59.999,16862034.50486,69965,34375.299,6391379.35151
2025-07-26 23:00:00,185.08,185.09,184.29,184.88,63675.181,2025-07-26 23:59:59.999,11762395.09488,45063,16813.689,3106211.4774
2025-07-27 00:00:00,184.89,185.49,184.53,185.49,31157.954,2025-07-27 00:59:59.999,5765587.63916,38641,17123.699,3169198.17742
2025-07-27 01:00:00,185.48,186.58,185.13,186.31,59757.549,2025-07-27 01:59:59.999,11122551.65735,42444,33462.676,6228381.86619
2025-07-27 02:00:00,186.31,187.14,185.85,187.13,43791.595,2025-07-27 02:59:59.999,8165686.30401,33158,23193.672,4325993.5275
2025-07-27 03:00:00,187.13,187.59,186.26,187.19,76241.702,2025-07-27 03:59:59.999,14254453.0929,41822,31092.49,5812813.19661
2025-07-27 04:00:00,187.19,187.59,186.65,187.46,61983.078,2025-07-27 04:59:59.999,11596069.43378,45956,32398.68,6061618.30207
2025-07-27 05:00:00,187.46,188.33,187.29,187.84,77040.963,2025-07-27 05:59:59.999,14471766.49885,48924,40999.446,7700932.15361
2025-07-27 06:00:00,187.85,188.04,187.01,187.06,43508.363,2025-07-27 06:59:59.999,8155632.53814,38862,17750.396,3328118.64003
2025-07-27 07:00:00,187.05,187.86,186.62,187.22,47573.347,2025-07-27 07:59:59.999,8916766.55735,42182,21094.658,3955182.10354
2025-07-27 08:00:00,187.22,187.49,186.25,186.7,55609.429,2025-07-27 08:59:59.999,10387536.10344,38939,20847.745,3893932.29013
2025-07-27 09:00:00,186.7,187.33,186.18,186.37,44097.582,2025-07-27 09:59:59.999,8240317.08866,37110,17989.325,3362817.97452
2025-07-27 10:00:00,186.36,188.44,186.32,187.66,72786.497,2025-07-27 10:59:59.999,13647154.94768,51981,36929.086,6922862.63682
2025-07-27 11:00:00,187.66,188.57,186.8,187.01,96320.438,2025-07-27 11:59:59.999,18095362.04275,66084,48317.305,9078505.12331
2025-07-27 12:00:00,187.02,187.34,185.5,186.43,114223.255,2025-07-27 12:59:59.999,21289603.47067,79440,52765.114,9832559.95544
2025-07-27 13:00:00,186.42,186.78,185.51,185.77,86861.446,2025-07-27 13:59:59.999,16177709.06893,57031,48905.25,9108794.38389
2025-07-27 14:00:00,185.76,186.5,185.17,185.77,91605.03,2025-07-27 14:59:59.999,17025985.15408,83199,42812.012,7957962.37878
2025-07-27 15:00:00,185.77,186.5,184.9,186.47,88648.369,2025-07-27 15:59:59.999,16466679.14644,86840,48797.227,9067433.69595
2025-07-27 16:00:00,186.48,189.76,186.37,187.66,313026.561,2025-07-27 16:59:59.999,58950008.97026,166635,165009.943,31075823.22798
2025-07-27 17:00:00,187.67,188.36,185.95,188.08,155682.846,2025-07-27 17:59:59.999,29134619.82525,136266,79629.628,14908860.94463
2025-07-27 18:00:00,188.07,188.79,187.47,188.4,106501.235,2025-07-27 18:59:59.999,20044211.92672,97152,54086.141,10180106.6304
2025-07-27 19:00:00,188.39,188.59,186.89,186.92,72921.223,2025-07-27 19:59:59.999,13679971.98897,48168,31610.229,5928608.36894
2025-07-27 20:00:00,186.92,188.2,186.6,187.12,70329.601,2025-07-27 20:59:59.999,13183017.17137,62780,42041.083,7881801.34099
2025-07-27 21:00:00,187.13,187.96,186.44,187.95,97567.332,2025-07-27 21:59:59.999,18241121.28251,52526,61947.099,11582198.03736
2025-07-27 22:00:00,187.96,190.7,187.82,188.92,198277.951,2025-07-27 22:59:59.999,37615698.84796,128408,107692.002,20429952.47238
2025-07-27 23:00:00,188.93,189.1,187.15,188.64,127546.787,2025-07-27 23:59:59.999,23993042.64808,94670,59716.952,11232268.19903
2025-07-28 00:00:00,188.64,191.18,188.1,189.71,154327.903,2025-07-28 00:59:59.999,29301475.88882,138940,81244.104,15426778.28746
2025-07-28 01:00:00,189.71,190.16,187.66,188.31,90344.716,2025-07-28 01:59:59.999,17058642.67716,103279,38685.379,7304654.87883
2025-07-28 02:00:00,188.31,191.98,187.9,191.55,189705.505,2025-07-28 02:59:59.999,36154966.66478,138406,97469.537,18570449.7639
2025-07-28 03:00:00,191.56,193.82,191.26,193.35,210070.658,2025-07-28 03:59:59.999,40422728.84528,131613,117546.638,22626207.60318
2025-07-28 04:00:00,193.34,194.04,192.49,193.08,136958.668,2025-07-28 04:59:59.999,26446319.5102,102562,60987.547,11781775.41518
2025-07-28 05:00:00,193.08,195.26,192.7,194.39,211781.563,2025-07-28 05:59:59.999,41035831.00658,106603,131417.344,25469762.1109
2025-07-28 06:00:00,194.39,194.55,193.6,194.06,167044.104,2025-07-28 06:59:59.999,32411118.01018,79943,61532.419,11939133.85189
2025-07-28 07:00:00,194.07,194.13,191.64,192.37,145770.512,2025-07-28 07:59:59.999,28061326.94166,107190,52997.695,10200170.49894
2025-07-28 08:00:00,192.36,192.85,191.27,192.64,87257.422,2025-07-28 08:59:59.999,16762407.1508,76130,41066.043,7890972.5601
2025-07-28 09:00:00,192.64,193.36,191.88,193.16,107686.762,2025-07-28 09:59:59.999,20741595.73882,83949,54914.256,10577298.30025
2025-07-28 10:00:00,193.16,193.32,191.74,192.3,81335.462,2025-07-28 10:59:59.999,15661501.13104,69144,38906.117,7494365.00434
2025-07-28 11:00:00,192.29,192.34,190.63,192.0,86153.502,2025-07-28 11:59:59.999,16494515.7546,68950,38375.112,7348792.0756
2025-07-28 12:00:00,192.0,193.52,191.35,192.9,152129.195,2025-07-28 12:59:59.999,29320491.5985,98414,83431.17,16085538.02853
2025-07-28 13:00:00,192.9,192.97,189.28,190.2,246625.245,2025-07-28 13:59:59.999,47052443.81403,196729,91653.125,17490108.10865
2025-07-28 14:00:00,190.19,190.71,186.71,187.5,450845.245,2025-07-28 14:59:59.999,84871012.14116,247044,172838.233,32502345.17804
2025-07-28 15:00:00,187.5,189.08,186.55,187.18,166353.611,2025-07-28 15:59:59.999,31264197.56277,120972,97405.306,18306821.38065
2025-07-28 16:00:00,187.18,187.99,186.12,186.66,187730.304,2025-07-28 16:59:59.999,35098501.73149,140282,81424.84,15223791.87095
2025-07-28 17:00:00,186.66,187.44,185.35,185.89,158101.406,2025-07-28 17:59:59.999,29446650.21771,118793,61540.477,11465806.42847
2025-07-28 18:00:00,185.9,186.26,183.45,185.16,277096.546,2025-07-28 18:59:59.999,51223666.42144,158903,110913.373,20500315.61696
2025-07-28 19:00:00,185.16,186.46,183.63,185.26,202931.739,2025-07-28 19:59:59.999,37565843.07167,117268,109242.021,20221161.56428
2025-07-28 20:00:00,185.25,185.53,182.63,184.21,196170.86,2025-07-28 20:59:59.999,36077592.65556,121599,73682.78,13555414.44507
2025-07-28 21:00:00,184.21,185.2,183.37,184.28,112699.969,2025-07-28 21:59:59.999,20791391.54928,73772,59414.481,10962937.94277
2025-07-28 22:00:00,184.28,184.68,182.16,183.66,154156.725,2025-07-28 22:59:59.999,28260545.13368,103674,71375.473,13083169.57307
2025-07-28 23:00:00,183.66,184.09,182.24,183.11,94594.505,2025-07-28 23:59:59.999,17348314.41917,84580,39536.419,7250032.48916
2025-07-29 00:00:00,183.1,184.72,181.03,182.83,238471.314,2025-07-29 00:59:59.999,43641540.41052,143650,103678.264,18995400.07844
2025-07-29 01:00:00,182.83,184.07,181.66,181.75,101137.228,2025-07-29 01:59:59.999,18526947.89,78583,45628.297,8360678.23698
2025-07-29 02:00:00,181.76,182.46,180.67,182.28,136554.34,2025-07-29 02:59:59.999,24806249.18351,116579,48134.819,8748231.39369
2025-07-29 03:00:00,182.29,184.71,182.24,184.33,116489.726,2025-07-29 03:59:59.999,21395876.04786,73720,73562.789,13518904.91425
2025-07-29 04:00:00,184.34,184.76,183.23,183.42,70625.526,2025-07-29 04:59:59.999,13011765.91107,59554,29265.841,5392198.48058
2025-07-29 05:00:00,183.42,184.87,183.21,184.87,71810.528,2025-07-29 05:59:59.999,13221261.6305,53486,32783.128,6042985.36853
2025-07-29 06:00:00,184.87,185.58,184.51,184.83,111379.774,2025-07-29 06:59:59.999,20617391.96067,62194,67427.922,12481773.02072
2025-07-29 07:00:00,184.83,186.68,184.83,186.05,111184.681,2025-07-29 07:59:59.999,20656235.10637,77622,64255.448,11936807.94512
2025-07-29 08:00:00,186.04,186.51,184.88,184.93,69464.614,2025-07-29 08:59:59.999,12889853.34161,63602,30641.203,5688631.44557
2025-07-29 09:00:00,184.93,185.22,184.23,184.61,69734.141,2025-07-29 09:59:59.999,12885592.7019,63886,38745.947,7160938.36689
2025-07-29 10:00:00,184.61,184.81,182.24,182.37,109795.279,2025-07-29 10:59:59.999,20133644.85518,87639,38298.077,7025100.31658
2025-07-29 11:00:00,182.37,183.52,182.34,182.93,58764.266,2025-07-29 11:59:59.999,10745647.65813,64366,26193.283,4790896.00795
2025-07-29 12:00:00,182.93,184.53,182.58,183.92,76116.555,2025-07-29 12:59:59.999,13975053.22918,79054,42087.207,7727969.21415
2025-07-29 13:00:00,183.91,184.99,182.17,182.68,100922.104,2025-07-29 13:59:59.999,18559800.16225,131652,42856.891,7886549.46997
2025-07-29 14:00:00,182.69,182.8,179.61,180.41,267724.024,2025-07-29 14:59:59.999,48443476.77989,213182,96601.985,17495998.72341
2025-07-29 15:00:00,180.41,181.47,179.23,180.81,166200.465,2025-07-29 15:59:59.999,29954631.67175,159295,60674.947,10941502.31839
2025-07-29 16:00:00,180.81,180.96,178.3,180.08,172645.953,2025-07-29 16:59:59.999,30991437.8231,159780,82170.25,14753043.83853
2025-07-29 17:00:00,180.08,181.7,179.82,181.47,86323.402,2025-07-29 17:59:59.999,15613387.18223,82046,46677.843,8441138.8101
2025-07-29 18:00:00,181.47,182.11,180.71,181.48,47172.82,2025-07-29 18:59:59.999,8563278.48759,65594,18569.907,3371885.22589
2025-07-29 19:00:00,181.48,182.37,180.4,181.11,73178.76,2025-07-29 19:59:59.999,13281942.04313,69791,29048.713,5274014.18361
2025-07-29 20:00:00,181.11,181.89,179.57,180.08,93354.195,2025-07-29 20:59:59.999,16843358.57837,93736,39407.677,7114153.00136
2025-07-29 21:00:00,180.08,181.63,179.3,181.24,104612.214,2025-07-29 21:59:59.999,18836577.45768,66891,50002.158,9000554.81007
2025-07-29 22:00:00,181.24,181.84,180.41,181.7,52666.182,2025-07-29 22:59:59.999,9544662.40817,53723,22206.524,4024622.80523
2025-07-29 23:00:00,181.69,182.0,180.91,181.48,35583.945,2025-07-29 23:59:59.999,6457038.1904,39892,18126.245,3288852.32077
2025-07-30 00:00:00,181.47,181.58,179.3,180.22,70403.573,2025-07-30 00:59:59.999,12688439.38373,73682,34107.204,6144400.08468
2025-07-30 01:00:00,180.21,181.9,178.81,181.38,122239.429,2025-07-30 01:59:59.999,22019557.12711,86915,67572.143,12164605.05947
2025-07-30 02:00:00,181.37,182.37,181.11,181.74,63018.072,2025-07-30 02:59:59.999,11460619.20255,67121,37703.968,6857455.1227
2025-07-30 03:00:00,181.75,182.27,181.28,181.69,88325.445,2025-07-30 03:59:59.999,16049690.71675,51571,31926.461,5806046.78155
2025-07-30 04:00:00,181.69,182.1,180.19,180.31,54099.565,2025-07-30 04:59:59.999,9794899.7392,56220,16122.908,2918653.06938
2025-07-30 05:00:00,180.31,181.25,179.34,181.03,61191.191,2025-07-30 05:59:59.999,11028768.00126,65295,24364.157,4391742.07089
2025-07-30 06:00:00,181.02,182.04,180.78,182.02,45113.431,2025-07-30 06:59:59.999,8185841.28033,47654,18920.903,3432708.90153
2025-07-30 07:00:00,182.01,182.56,180.36,180.83,83397.178,2025-07-30 07:59:59.999,15152234.0615,82482,30381.244,5520704.99754
2025-07-30 08:00:00,180.83,181.49,179.84,180.54,68160.341,2025-07-30 08:59:59.999,12306831.78559,78712,25941.786,4685805.56263
2025-07-30 09:00:00,180.55,180.92,178.67,179.12,113810.795,2025-07-30 09:59:59.999,20426813.09323,104459,52021.48,9337337.69545
2025-07-30 10:00:00,179.12,180.12,177.73,178.02,148282.658,2025-07-30 10:59:59.999,26531958.18843,84705,54076.262,9686434.49928
2025-07-30 11:00:00,178.01,178.71,176.42,177.3,232501.487,2025-07-30 11:59:59.999,41235106.8929,144478,97464.353,17293885.71124
2025-07-30 12:00:00,177.29,178.07,176.65,177.51,154977.596,2025-07-30 12:59:59.999,27477348.78437,130763,65397.663,11595854.17686
2025-07-30 13:00:00,177.52,178.27,176.68,177.96,171106.226,2025-07-30 13:59:59.999,30383522.58055,145502,84784.564,15058844.71438
2025-07-30 14:00:00,177.96,180.59,177.71,180.1,215244.841,2025-07-30 14:59:59.999,38556071.11912,143012,108750.293,19484314.04864
2025-07-30 15:00:00,180.1,180.38,178.25,179.18,148303.463,2025-07-30 15:59:59.999,26585882.43213,125633,75733.915,13583163.67345
2025-07-30 16:00:00,179.17,180.0,178.33,178.63,90090.289,2025-07-30 16:59:59.999,16129397.30839,74690,27895.857,4996248.93426
2025-07-30 17:00:00,178.64,179.34,178.22,179.32,114266.162,2025-07-30 17:59:59.999,20441931.28,61125,34869.317,6238748.75862
2025-07-30 18:00:00,179.31,180.15,175.8,175.91,252792.119,2025-07-30 18:59:59.999,44991233.56766,206324,105226.937,18757272.81559
2025-07-30 19:00:00,175.9,176.47,170.29,176.12,657898.219,2025-07-30 19:59:59.999,114168168.94577,372215,322349.787,55942545.84765
2025-07-30 20:00:00,176.12,177.46,175.7,176.17,117141.637,2025-07-30 20:59:59.999,20692703.67368,118012,64038.248,11312938.60283
2025-07-30 21:00:00,176.16,176.65,174.76,175.87,58516.649,2025-07-30 21:59:59.999,10278956.21435,62100,29596.718,5201022.30672
2025-07-30 22:00:00,175.86,176.43,175.14,176.33,65172.389,2025-07-30 22:59:59.999,11452225.13985,62167,36278.256,6374570.30346
2025-07-30 23:00:00,176.33,178.09,176.24,177.77,101197.432,2025-07-30 23:59:59.999,17944882.06818,57644,64458.615,11426838.94717
2025-07-31 00:00:00,177.77,179.69,177.62,179.43,95535.835,2025-07-31 00:59:59.999,17066231.92337,71146,52452.611,9371314.60009
2025-07-31 01:00:00,179.44,180.07,178.87,179.47,73709.919,2025-07-31 01:59:59.999,13226925.20341,54382,30399.041,5455849.38655
2025-07-31 02:00:00,179.47,180.35,179.19,180.35,65571.284,2025-07-31 02:59:59.999,11795344.52493,48445,44771.809,8054629.56894
2025-07-31 03:00:00,180.34,180.55,179.98,180.31,52436.028,2025-07-31 03:59:59.999,9451209.75809,38028,23493.195,4234592.2197
2025-07-31 04:00:00,180.31,180.89,179.81,180.84,53341.866,2025-07-31 04:59:59.999,9621179.94485,31369,28195.975,5086716.60715
2025-07-31 05:00:00,180.84,181.23,180.6,180.78,53583.443,2025-07-31 05:59:59.999,9696670.65298,35837,26160.025,4734540.98007
2025-07-31 06:00:00,180.78,181.62,179.94,181.26,143549.866,2025-07-31 06:59:59.999,25930101.07655,42253,57866.478,10456175.92775
2025-07-31 07:00:00,181.27,181.39,180.88,181.24,64307.204,2025-07-31 07:59:59.999,11646739.98314,38502,26983.847,4887293.48271
2025-07-31 08:00:00,181.24,182.13,181.06,181.7,70909.442,2025-07-31 08:59:59.999,12876823.06926,35821,43007.652,7810532.0248
2025-07-31 09:00:00,181.7,182.7,181.59,182.52,61537.302,2025-07-31 09:59:59.999,11204613.82951,38503,36645.119,6673151.36559
2025-07-31 10:00:00,182.52,182.64,181.37,181.39,68405.37,2025-07-31 10:59:59.999,12451506.5877,38006,32274.386,5875110.51024
2025-07-31 11:00:00,181.4,181.57,180.24,180.74,82667.001,2025-07-31 11:59:59.999,14959807.42631,50316,30091.242,5446558.58866
2025-07-31 12:00:00,180.75,180.89,178.74,179.34,94937.38,2025-07-31 12:59:59.999,17063235.2337,89752,39950.947,7182227.91741
2025-07-31 13:00:00,179.34,179.37,176.7,177.68,224982.355,2025-07-31 13:59:59.999,39927056.06934,158846,120622.486,21403004.03309
2025-07-31 14:00:00,177.68,178.24,175.59,175.7,229502.212,2025-07-31 14:59:59.999,40539246.10312,150447,104754.889,18504544.77153
2025-07-31 15:00:00,175.7,177.47,175.25,177.35,130121.074,2025-07-31 15:59:59.999,22978152.08815,104467,67395.175,11903382.9414
2025-07-31 16:00:00,177.34,179.77,177.15,179.27,139561.481,2025-07-31 16:59:59.999,24924560.31607,127474,68330.992,12204959.33503
2025-07-31 17:00:00,179.27,179.31,176.84,177.29,105449.453,2025-07-31 17:59:59.999,18761173.50791,117646,46058.577,8195191.90594
2025-07-31 18:00:00,177.3,178.1,175.58,177.77,98723.623,2025-07-31 18:59:59.999,17457623.21496,104407,46122.81,8159098.81322
2025-07-31 19:00:00,177.77,178.2,174.75,175.32,194365.787,2025-07-31 19:59:59.999,34193962.49235,121370,101721.534,17894061.16348
2025-07-31 20:00:00,175.31,175.74,174.22,175.46,138740.666,2025-07-31 20:59:59.999,24278619.15925,91407,78100.204,13670466.5448
2025-07-31 21:00:00,175.46,175.68,172.72,173.82,126249.21,2025-07-31 21:59:59.999,21994148.48519,99667,57552.774,10033122.38935
2025-07-31 22:00:00,173.82,174.47,172.42,172.89,134670.08,2025-07-31 22:59:59.999,23330854.82837,124449,58606.677,10155043.58061
2025-07-31 23:00:00,172.89,173.75,171.44,172.22,121983.902,2025-07-31 23:59:59.999,21029615.22295,114804,55639.206,9595503.12056
2025-08-01 00:00:00,172.22,172.26,167.42,170.31,569609.262,2025-08-01 00:59:59.999,96985476.63414,243450,206040.759,35056017.64237
2025-08-01 01:00:00,170.3,170.89,167.95,169.54,250444.024,2025-08-01 01:59:59.999,42462084.66477,211244,127340.561,21592284.91018
2025-08-01 02:00:00,169.54,171.84,169.2,171.43,136538.13,2025-08-01 02:59:59.999,23349212.97178,101026,76045.689,13006242.48554
2025-08-01 03:00:00,171.43,172.19,170.95,171.14,74116.132,2025-08-01 03:59:59.999,12721721.71776,64631,37174.88,6381568.32254
2025-08-01 04:00:00,171.14,171.14,169.27,169.67,107773.28,2025-08-01 04:59:59.999,18316169.10554,102988,46541.744,7905908.45402
2025-08-01 05:00:00,169.67,170.3,168.21,169.12,94815.624,2025-08-01 05:59:59.999,16036674.84185,93652,41328.916,6991914.81398
2025-08-01 06:00:00,169.13,169.63,167.96,169.53,105560.977,2025-08-01 06:59:59.999,17800081.29073,119701,50717.513,8554902.43289
2025-08-01 07:00:00,169.53,169.94,168.23,169.4,141094.742,2025-08-01 07:59:59.999,23865138.25738,136766,77093.786,13041498.29905
2025-08-01 08:00:00,169.41,169.41,166.19,167.62,232415.435,2025-08-01 08:59:59.999,38939654.68153,184836,99826.495,16727716.55172
2025-08-01 09:00:00,167.61,168.97,167.2,167.34,151851.829,2025-08-01 09:59:59.999,25531811.90936,107697,82313.39,13840329.25957
2025-08-01 10:00:00,167.35,168.75,167.08,168.6,71866.363,2025-08-01 10:59:59.999,12086974.56689,86508,35853.436,6030550.79174
2025-08-01 11:00:00,168.59,169.23,167.8,169.2,83231.901,2025-08-01 11:59:59.999,14017498.91043,72410,41256.539,6949592.37848
2025-08-01 12:00:00,169.19,170.35,168.37,169.02,144056.072,2025-08-01 12:59:59.999,24397411.18729,126796,78069.216,13223774.66094
2025-08-01 13:00:00,169.02,169.8,164.84,165.67,234824.705,2025-08-01 13:59:59.999,39190570.90514,202374,92355.53,15449580.952
2025-08-01 14:00:00,165.66,169.7,164.58,169.38,267156.612,2025-08-01 14:59:59.999,44797032.26007,231872,135933.85,22790112.09766
2025-08-01 15:00:00,169.38,169.5,167.07,168.57,128014.102,2025-08-01 15:59:59.999,21525962.00858,147871,61363.461,10317678.84679
2025-08-01 16:00:00,168.56,169.75,166.49,166.93,164594.398,2025-08-01 16:59:59.999,27736814.81057,119263,71020.393,11981836.77994
2025-08-01 17:00:00,166.92,167.69,165.42,166.57,140272.543,2025-08-01 17:59:59.999,23333138.97898,122477,52089.946,8668660.29904
2025-08-01 18:00:00,166.56,167.22,165.1,165.75,140377.603,2025-08-01 18:59:59.999,23328254.58661,111986,58795.262,9774406.09246
2025-08-01 19:00:00,165.74,167.59,165.39,166.47,189541.927,2025-08-01 19:59:59.999,31516190.73295,153419,87735.276,14590792.1147
2025-08-01 20:00:00,166.47,166.82,161.73,163.82,291902.577,2025-08-01 20:59:59.999,47741805.97919,193897,151686.549,24809290.37753
2025-08-01 21:00:00,163.81,164.9,163.54,163.89,99971.699,2025-08-01 21:59:59.999,16425099.81633,76217,59616.063,9795709.67063
2025-08-01 22:00:00,163.9,164.0,159.2,161.28,379263.923,2025-08-01 22:59:59.999,60957545.7105,252459,182320.917,29313384.39095
2025-08-01 23:00:00,161.29,163.07,160.96,162.71,118235.455,2025-08-01 23:59:59.999,19167920.34282,84762,61202.608,9920070.23306
2025-08-02 00:00:00,162.71,164.64,162.56,164.64,122734.56,2025-08-02 00:59:59.999,20087836.48156,93888,59633.152,9761844.14637
2025-08-02 01:00:00,164.65,164.85,163.78,164.76,42650.919,2025-08-02 01:59:59.999,7012244.4388,41127,21685.173,3565909.6124
2025-08-02 02:00:00,164.77,165.02,164.26,164.57,36856.704,2025-08-02 02:59:59.999,6066543.71792,33111,18987.304,3125576.74307
2025-08-02 03:00:00,164.57,164.88,164.15,164.36,35223.575,2025-08-02 03:59:59.999,5795200.28072,33862,17547.451,2887201.14228
2025-08-02 04:00:00,164.37,165.3,163.96,165.16,45861.883,2025-08-02 04:59:59.999,7552439.27041,33297,22826.94,3760473.53567
2025-08-02 05:00:00,165.16,165.22,164.56,164.7,32239.705,2025-08-02 05:59:59.999,5316778.991,28819,15206.422,2507375.69325
2025-08-02 06:00:00,164.69,164.79,161.82,162.78,92225.927,2025-08-02 06:59:59.999,15027099.33246,91170,36722.523,5982367.89321
2025-08-02 07:00:00,162.77,164.49,161.9,164.43,81570.838,2025-08-02 07:59:59.999,13304867.41316,67251,48061.041,7841684.86537
2025-08-02 08:00:00,164.44,164.83,163.46,163.74,50849.723,2025-08-02 08:59:59.999,8345387.79598,45382,27796.472,4562463.52338
2025-08-02 09:00:00,163.74,164.32,163.34,163.77,46975.778,2025-08-02 09:59:59.999,7695227.39265,40357,21925.209,3591416.78225
2025-08-02 10:00:00,163.76,163.93,162.25,163.06,51713.723,2025-08-02 10:59:59.999,8423490.60281,50008,21709.947,3536750.24777
2025-08-02 11:00:00,163.05,165.13,162.22,164.51,73030.842,2025-08-02 11:59:59.999,11982344.12967,48601,41679.083,6840346.73045
2025-08-02 12:00:00,164.5,164.61,163.47,164.36,32631.775,2025-08-02 12:59:59.999,5356736.65847,37638,15819.857,2597122.06801
2025-08-02 13:00:00,164.36,164.94,163.6,164.46,32270.512,2025-08-02 13:59:59.999,5302048.66605,46272,17102.23,2810802.36606
2025-08-02 14:00:00,164.46,164.74,162.26,162.67,97730.815,2025-08-02 14:59:59.999,15949993.84506,67173,47921.572,7821582.96854
2025-08-02 15:00:00,162.67,163.76,161.03,161.5,99957.393,2025-08-02 15:59:59.999,16234584.15115,68079,42449.833,6898227.16782
2025-08-02 16:00:00,161.51,162.06,160.17,161.55,116659.961,2025-08-02 16:59:59.999,18806462.36283,89370,48861.759,7879033.54801
2025-08-02 17:00:00,161.54,162.2,158.4,159.31,204401.236,2025-08-02 17:59:59.999,32727351.24009,89358,87805.88,14079105.09763
2025-08-02 18:00:00,159.32,159.76,155.83,156.63,348683.752,2025-08-02 18:59:59.999,54912703.08855,177943,145740.92,22951419.65733
2025-08-02 19:00:00,156.64,158.52,155.98,157.44,177667.943,2025-08-02 19:59:59.999,27989237.39834,117229,92979.544,14653749.43465
2025-08-02 20:00:00,157.45,158.99,157.38,158.99,79269.535,2025-08-02 20:59:59.999,12537065.91096,93629,44846.801,7092873.00106
2025-08-02 21:00:00,158.99,159.57,158.09,158.87,79007.779,2025-08-02 21:59:59.999,12557849.2689,66008,47757.445,7592726.92166
2025-08-02 22:00:00,158.87,159.81,157.72,159.06,107093.428,2025-08-02 22:59:59.999,17012427.19021,73458,52867.743,8398538.32174
2025-08-02 23:00:00,159.05,159.3,157.04,158.48,120866.769,2025-08-02 23:59:59.999,19117089.20995,104658,55871.302,8836000.59788
2025-08-03 00:00:00,158.49,159.79,156.28,159.68,147595.64,2025-08-03 00:59:59.999,23357698.87045,150294,67428.345,10678994.15823
2025-08-03 01:00:00,159.67,160.25,159.14,159.56,85761.238,2025-08-03 01:59:59.999,13697711.74827,77929,56313.421,8995507.25801
2025-08-03 02:00:00,159.55,160.75,159.52,160.57,60821.532,2025-08-03 02:59:59.999,9750446.5609,31316,36480.92,5849316.64453
2025-08-03 03:00:00,160.57,161.07,160.4,160.86,49920.628,2025-08-03 03:59:59.999,8023596.84589,23365,33309.316,5354078.65104
2025-08-03 04:00:00,160.86,160.93,160.03,160.43,55444.107,2025-08-03 04:59:59.999,8895680.00209,27929,30834.786,4947717.589
2025-08-03 05:00:00,160.43,160.94,160.15,160.34,46265.589,2025-08-03 05:59:59.999,7424723.60707,25293,26084.51,4186164.04212
2025-08-03 06:00:00,160.34,160.79,160.03,160.56,44866.264,2025-08-03 06:59:59.999,7197307.41405,24165,21650.592,3473072.2588
2025-08-03 07:00:00,160.56,161.59,160.55,161.37,78699.177,2025-08-03 07:59:59.999,12683805.18782,27784,44320.275,7141813.43892
2025-08-03 08:00:00,161.37,161.77,160.84,161.4,81259.144,2025-08-03 08:59:59.999,13108874.28998,31089,37059.672,5978794.12445
2025-08-03 09:00:00,161.39,161.51,160.68,161.17,38424.173,2025-08-03 09:59:59.999,6187765.77305,21905,23333.331,3757431.38884
2025-08-03 10:00:00,161.17,161.81,161.13,161.63,49590.106,2025-08-03 10:59:59.999,8011676.24816,20990,30642.249,4951010.20918
2025-08-03 11:00:00,161.64,162.9,161.4,161.47,116878.886,2025-08-03 11:59:59.999,18970096.88393,46990,63129.426,10245831.56933
2025-08-03 12:00:00,161.47,162.25,160.9,161.81,66291.099,2025-08-03 12:59:59.999,10704434.29113,40883,30213.653,4880490.51324
2025-08-03 13:00:00,161.81,162.35,160.64,161.34,64206.353,2025-08-03 13:59:59.999,10362731.05871,46348,25487.178,4114302.84398
2025-08-03 14:00:00,161.34,161.61,160.37,161.34,118740.905,2025-08-03 14:59:59.999,19104286.91677,64415,42775.739,6881182.74525
2025-08-03 15:00:00,161.34,162.29,160.78,162.11,127277.154,2025-08-03 15:59:59.999,20563683.64435,49406,58063.401,9380692.92905
2025-08-03 16:00:00,162.1,162.34,161.12,162.19,107521.562,2025-08-03 16:59:59.999,17386481.65279,37342,45244.563,7317235.92901
2025-08-03 17:00:00,162.19,162.75,161.74,162.16,113534.449,2025-08-03 17:59:59.999,18404904.83737,38932,58796.137,9530943.49283
2025-08-03 18:00:00,162.16,162.25,161.3,161.97,166818.088,2025-08-03 18:59:59.999,26984231.7958,43469,95409.196,15431971.29908
2025-08-03 19:00:00,161.97,162.67,161.39,161.65,147876.79,2025-08-03 19:59:59.999,23951732.86885,54368,77911.564,12616343.13658
2025-08-03 20:00:00,161.64,161.78,160.75,161.47,118137.104,2025-08-03 20:59:59.999,19035276.74655,47712,62617.1,10088533.04062
2025-08-03 21:00:00,161.47,162.2,161.25,162.04,99634.367,2025-08-03 21:59:59.999,16122222.53188,34774,51096.848,8266966.82224
2025-08-03 22:00:00,162.03,162.44,160.94,161.91,159888.409,2025-08-03 22:59:59.999,25820478.48878,54090,77775.778,12559305.58083
2025-08-03 23:00:00,161.92,163.14,161.64,161.97,152456.547,2025-08-03 23:59:59.999,24746517.566,60287,81605.149,13245387.95001
2025-08-04 00:00:00,161.98,164.65,161.42,164.56,151512.213,2025-08-04 00:59:59.999,24731472.24509,85489,84528.441,13801592.47117
2025-08-04 01:00:00,164.56,164.98,163.14,163.35,97544.644,2025-08-04 01:59:59.999,16008799.89994,77772,56528.767,9278657.48208
2025-08-04 02:00:00,163.34,164.34,162.62,164.33,55789.395,2025-08-04 02:59:59.999,9113475.7745,50731,29273.614,4783924.14723
2025-08-04 03:00:00,164.33,164.39,162.84,162.98,102057.936,2025-08-04 03:59:59.999,16685242.43149,32289,72655.964,11878672.64163
2025-08-04 04:00:00,162.98,163.41,162.2,162.32,70382.65,2025-08-04 04:59:59.999,11458531.1853,40096,31177.171,5077544.25984
2025-08-04 05:00:00,162.32,162.42,161.49,162.24,70597.47,2025-08-04 05:59:59.999,11438895.04665,44778,34432.669,5580478.5802
2025-08-04 06:00:00,162.23,162.44,161.26,162.23,68541.681,2025-08-04 06:59:59.999,11086398.28444,58255,29727.06,4810178.39378
2025-08-04 07:00:00,162.23,163.3,162.06,163.03,74136.921,2025-08-04 07:59:59.999,12059770.94194,46992,33654.783,5474664.91784
2025-08-04 08:00:00,163.04,164.06,162.64,163.77,117525.213,2025-08-04 08:59:59.999,19210826.27414,77947,56674.19,9264788.09127
2025-08-04 09:00:00,163.77,164.08,162.43,162.47,85060.23,2025-08-04 09:59:59.999,13892276.8872,70900,36724.428,6000379.95402
2025-08-04 10:00:00,162.47,163.0,162.12,162.38,100129.901,2025-08-04 10:59:59.999,16272640.11824,62567,51715.098,8405333.44438
2025-08-04 11:00:00,162.38,162.58,161.64,162.38,72772.577,2025-08-04 11:59:59.999,11798816.78322,53831,29442.485,4773911.12284
2025-08-04 12:00:00,162.39,163.7,162.14,163.69,101723.541,2025-08-04 12:59:59.999,16578100.9589,63936,40647.561,6623546.71525
2025-08-04 13:00:00,163.7,165.79,163.21,165.47,193752.012,2025-08-04 13:59:59.999,31851746.47853,141383,102383.512,16845963.43744
2025-08-04 14:00:00,165.47,166.91,164.5,165.03,275254.258,2025-08-04 14:59:59.999,45750129.99692,183617,132564.462,22034903.8962
2025-08-04 15:00:00,165.03,166.01,164.53,165.49,106764.854,2025-08-04 15:59:59.999,17656292.42605,92082,51585.205,8530841.37727
2025-08-04 16:00:00,165.49,168.17,165.48,168.02,158859.491,2025-08-04 16:59:59.999,26562796.92357,132571,95692.151,15997143.79026
2025-08-04 17:00:00,168.02,169.8,167.63,167.83,225977.749,2025-08-04 17:59:59.999,38135115.37123,137632,129933.29,21931315.74902
2025-08-04 18:00:00,167.82,168.15,166.43,166.67,62494.281,2025-08-04 18:59:59.999,10449570.22186,67265,25081.352,4194878.26936
2025-08-04 19:00:00,166.66,166.66,165.0,165.65,92910.808,2025-08-04 19:59:59.999,15399091.07364,79082,36241.218,6008902.12688
2025-08-04 20:00:00,165.64,168.44,165.3,167.29,138413.064,2025-08-04 20:59:59.999,23120298.99166,99339,84488.461,14112464.20536
2025-08-04 21:00:00,167.28,168.78,167.27,168.54,90532.368,2025-08-04 21:59:59.999,15213774.63313,65686,54775.687,9206688.32621
2025-08-04 22:00:00,168.54,169.54,168.23,169.47,99295.578,2025-08-04 22:59:59.999,16765316.64126,81424,63536.09,10729881.80038
2025-08-04 23:00:00,169.47,169.78,168.96,169.55,76925.323,2025-08-04 23:59:59.999,13027064.79868,60221,36261.817,6142334.2399
2025-08-05 00:00:00,169.55,169.76,168.59,169.31,82214.747,2025-08-05 00:59:59.999,13902743.33407,68131,38410.122,6494872.88839
2025-08-05 01:00:00,169.31,169.97,168.15,168.21,70824.086,2025-08-05 01:59:59.999,11973446.20439,65016,31513.545,5331137.76239
2025-08-05 02:00:00,168.22,169.48,167.95,169.42,60355.659,2025-08-05 02:59:59.999,10174298.68738,49505,33898.612,5715452.03959
2025-08-05 03:00:00,169.42,169.44,167.57,167.92,67324.879,2025-08-05 03:59:59.999,11319806.88757,46486,30864.848,5190272.38978
2025-08-05 04:00:00,167.92,168.51,167.23,167.48,53783.38,2025-08-05 04:59:59.999,9020520.47306,39100,27259.407,4573487.48497
2025-08-05 05:00:00,167.48,168.6,167.42,168.42,58015.301,2025-08-05 05:59:59.999,9746167.59901,37389,42950.773,7215852.89796
2025-08-05 06:00:00,168.42,169.28,167.31,167.71,64403.219,2025-08-05 06:59:59.999,10853931.01296,45081,34686.883,5848068.33245
2025-08-05 07:00:00,167.71,168.52,165.78,166.22,144397.434,2025-08-05 07:59:59.999,24077310.95995,81585,65080.735,10850890.32113
2025-08-05 08:00:00,166.21,167.25,165.66,166.84,72724.394,2025-08-05 08:59:59.999,12107991.17777,60548,40169.268,6689776.04654
2025-08-05 09:00:00,166.83,169.4,166.77,168.88,93974.184,2025-08-05 09:59:59.999,15800043.81255,55454,58746.211,9874666.64288
2025-08-05 10:00:00,168.89,171.73,168.43,171.03,146021.969,2025-08-05 10:59:59.999,24859549.09327,97367,82293.708,14013129.88647
2025-08-05 11:00:00,171.04,171.65,170.56,170.89,89180.665,2025-08-05 11:59:59.999,15249888.4715,68018,51195.599,8755540.13319
2025-08-05 12:00:00,170.89,171.04,166.77,167.23,187653.275,2025-08-05 12:59:59.999,31608650.29139,172309,82376.052,13882635.19823
2025-08-05 13:00:00,167.23,168.14,166.63,167.76,184125.095,2025-08-05 13:59:59.999,30820396.27592,163129,87799.736,14697707.36195
2025-08-05 14:00:00,167.76,167.8,163.61,164.3,343847.03,2025-08-05 14:59:59.999,56680992.41483,257915,140323.761,23115492.5034
2025-08-05 15:00:00,164.29,165.33,162.9,163.78,192355.206,2025-08-05 15:59:59.999,31563223.60904,161617,83535.935,13708178.99336
2025-08-05 16:00:00,163.77,164.73,162.74,163.83,167910.678,2025-08-05 16:59:59.999,27507045.08349,115535,72375.563,11856547.91636
2025-08-05 17:00:00,163.83,164.93,163.36,164.81,100989.57,2025-08-05 17:59:59.999,16570106.54807,89990,46843.235,7688891.38408
2025-08-05 18:00:00,164.8,164.94,163.0,164.02,99084.727,2025-08-05 18:59:59.999,16253427.6356,112890,31301.402,5135196.25225
2025-08-05 19:00:00,164.02,164.53,162.28,162.76,64811.187,2025-08-05 19:59:59.999,10588413.05836,81081,28835.809,4712421.07842
2025-08-05 20:00:00,162.76,163.7,162.37,162.61,48970.354,2025-08-05 20:59:59.999,7983830.49318,58492,27463.108,4477884.3514
2025-08-05 21:00:00,162.62,163.46,161.6,162.38,49155.96,2025-08-05 21:59:59.999,7994559.93456,50739,21045.841,3423339.78565
2025-08-05 22:00:00,162.37,163.88,161.3,163.87,64389.815,2025-08-05 22:59:59.999,10473223.66777,79519,32866.674,5348886.98668
2025-08-05 23:00:00,163.88,164.54,163.62,164.09,48445.195,2025-08-05 23:59:59.999,7953475.18119,53883,22924.37,3764145.47038
2025-08-06 00:00:00,164.09,164.17,162.55,162.75,43163.896,2025-08-06 00:59:59.999,7057842.77139,65348,16247.276,2657295.67006
2025-08-06 01:00:00,162.74,163.1,161.72,162.86,76846.534,2025-08-06 01:59:59.999,12480634.75106,77396,31646.998,5139399.24314
2025-08-06 02:00:00,162.85,163.3,161.89,162.68,29810.556,2025-08-06 02:59:59.999,4852556.5443,55305,15948.572,2596358.28898
2025-08-06 03:00:00,162.68,162.78,161.13,161.86,54824.373,2025-08-06 03:59:59.999,8873539.23202,57135,17603.734,2850518.61017
2025-08-06 04:00:00,161.86,162.56,161.25,162.44,41127.848,2025-08-06 04:59:59.999,6663819.62399,46128,20408.639,3307161.04253
2025-08-06 05:00:00,162.43,164.79,162.13,164.26,80618.825,2025-08-06 05:59:59.999,13207339.73608,83201,48217.514,7896587.246
2025-08-06 06:00:00,164.26,164.3,163.4,163.91,39135.78,2025-08-06 06:59:59.999,6413948.17988,39715,19984.581,3275565.24749
2025-08-06 07:00:00,163.91,164.63,163.62,164.25,55141.803,2025-08-06 07:59:59.999,9055194.53629,47899,26398.047,4335386.33987
2025-08-06 08:00:00,164.26,164.51,162.72,163.31,110996.881,2025-08-06 08:59:59.999,18152710.47713,68791,41286.148,6750311.52885
2025-08-06 09:00:00,163.3,164.51,162.93,163.97,51789.523,2025-08-06 09:59:59.999,8484891.56098,61825,28844.166,4724092.93625
2025-08-06 10:00:00,163.98,164.17,162.91,163.64,45388.472,2025-08-06 10:59:59.999,7421376.01486,42555,24676.797,4034414.11986
2025-08-06 11:00:00,163.65,164.64,163.25,164.2,43880.215,2025-08-06 11:59:59.999,7196384.74457,43297,19043.199,3122904.02708
2025-08-06 12:00:00,164.2,164.7,162.65,163.29,66651.944,2025-08-06 12:59:59.999,10919521.63981,64317,23550.993,3857219.94348
2025-08-06 13:00:00,163.3,164.74,163.11,164.29,118473.808,2025-08-06 13:59:59.999,19442562.65022,107680,62097.771,10192865.98212
2025-08-06 14:00:00,164.29,168.03,163.99,167.9,229018.348,2025-08-06 14:59:59.999,38017718.63702,186444,138070.328,22933256.14189
2025-08-06 15:00:00,167.9,169.42,167.18,169.04,188836.518,2025-08-06 15:59:59.999,31752467.168,155516,105432.419,17736100.71619
2025-08-06 16:00:00,169.05,169.5,167.3,167.74,134701.749,2025-08-06 16:59:59.999,22684012.2248,106778,63042.335,10619635.70316
2025-08-06 17:00:00,167.74,169.14,167.18,169.13,71216.863,2025-08-06 17:59:59.999,11976517.48489,64432,39955.201,6721624.06135
2025-08-06 18:00:00,169.13,169.93,168.39,168.53,91193.689,2025-08-06 18:59:59.999,15425414.34944,75343,39922.658,6755102.83119
2025-08-06 19:00:00,168.54,169.1,167.97,168.82,63496.229,2025-08-06 19:59:59.999,10701215.20875,53585,38523.748,6493688.43273
2025-08-06 20:00:00,168.82,168.85,167.77,168.01,37725.966,2025-08-06 20:59:59.999,6345885.41282,33791,13174.918,2216145.83523
2025-08-06 21:00:00,168.01,168.6,167.32,168.05,45074.396,2025-08-06 21:59:59.999,7572011.80834,33809,18441.756,3098279.74045
2025-08-06 22:00:00,168.06,168.52,167.84,168.4,40030.181,2025-08-06 22:59:59.999,6734961.48444,37712,22607.495,3803160.75988
2025-08-06 23:00:00,168.39,168.43,167.9,168.09,38347.032,2025-08-06 23:59:59.999,6447076.81682,24607,17772.548,2987989.26527
2025-08-07 00:00:00,168.1,168.43,167.5,167.89,42120.103,2025-08-07 00:59:59.999,7073984.82298,32872,19773.611,3321444.64125
2025-08-07 01:00:00,167.9,169.0,167.7,167.87,63347.932,2025-08-07 01:59:59.999,10667891.24492,52933,33738.193,5682903.4664
2025-08-07 02:00:00,167.88,168.03,166.77,167.07,62002.104,2025-08-07 02:59:59.999,10381788.88788,53054,24258.412,4062524.39753
2025-08-07 03:00:00,167.07,167.45,166.7,166.89,32383.859,2025-08-07 03:59:59.999,5409448.35906,29709,15694.294,2622201.37352
2025-08-07 04:00:00,166.9,167.59,166.76,167.14,54513.73,2025-08-07 04:59:59.999,9113596.06166,29975,31991.687,5348436.1921
2025-08-07 05:00:00,167.14,168.78,166.9,168.76,67272.7,2025-08-07 05:59:59.999,11282713.31824,41492,48618.796,8152754.26969
2025-08-07 06:00:00,168.75,169.78,168.59,169.2,142910.245,2025-08-07 06:59:59.999,24187068.86434,71677,97124.277,16438550.96123
2025-08-07 07:00:00,169.2,170.45,169.17,169.99,101757.927,2025-08-07 07:59:59.999,17292602.95288,58792,65687.373,11162961.72735
2025-08-07 08:00:00,169.99,170.54,169.25,169.38,53396.157,2025-08-07 08:59:59.999,9070993.83894,50523,24465.41,4157076.65223
2025-08-07 09:00:00,169.39,169.74,169.06,169.64,62798.597,2025-08-07 09:59:59.999,10638595.19901,46935,29411.758,4983016.67563
2025-08-07 10:00:00,169.64,173.33,169.41,173.11,384304.067,2025-08-07 10:59:59.999,66077162.88463,184739,227677.54,39134380.54998
2025-08-07 11:00:00,173.12,173.49,172.55,172.82,186048.277,2025-08-07 11:59:59.999,32193407.74879,100517,98868.276,17108545.08078
2025-08-07 12:00:00,172.83,173.18,171.53,172.44,239496.463,2025-08-07 12:59:59.999,41268302.40848,101179,94214.473,16236938.65462
2025-08-07 13:00:00,172.44,172.63,171.3,171.71,190193.126,2025-08-07 13:59:59.999,32729635.12419,105022,94769.264,16308259.7466
2025-08-07 14:00:00,171.71,171.78,169.93,170.29,195035.421,2025-08-07 14:59:59.999,33279394.99653,117092,90637.196,15464413.84094
2025-08-07 15:00:00,170.3,170.83,169.7,170.49,103344.875,2025-08-07 15:59:59.999,17605556.63468,74321,51272.165,8736045.09868
2025-08-07 16:00:00,170.48,170.6,167.0,168.21,195488.878,2025-08-07 16:59:59.999,33013670.23084,115783,77650.508,13131722.74876
2025-08-07 17:00:00,168.22,169.56,167.97,169.43,118983.774,2025-08-07 17:59:59.999,20088079.37201,99244,63170.889,10664814.51345
2025-08-07 18:00:00,169.43,169.97,168.77,169.83,81531.6,2025-08-07 18:59:59.999,13805010.09553,56646,35963.849,6090248.42496
2025-08-07 19:00:00,169.82,171.94,169.8,171.75,90401.494,2025-08-07 19:59:59.999,15451891.70214,76416,53149.185,9085972.75788
2025-08-07 20:00:00,171.76,173.18,171.52,172.93,165662.361,2025-08-07 20:59:59.999,28588575.41687,87811,103936.14,17938393.64566
2025-08-07 21:00:00,172.94,174.29,172.52,173.56,134633.652,2025-08-07 21:59:59.999,23367840.25631,73425,73218.064,12708146.41505
2025-08-07 22:00:00,173.56,175.16,173.56,175.09,156328.311,2025-08-07 22:59:59.999,27254689.66104,112668,94096.07,16409202.1876
2025-08-07 23:00:00,175.1,175.51,174.39,175.36,90707.342,2025-08-07 23:59:59.999,15871027.6557,56128,45384.424,7942183.17702
2025-08-08 00:00:00,175.37,175.55,173.56,174.28,285971.901,2025-08-08 00:59:59.999,49905519.86187,215918,125673.924,21940699.01143
2025-08-08 01:00:00,174.28,174.84,173.43,174.54,229160.382,2025-08-08 01:59:59.999,39899798.41686,184427,113276.179,19724684.20114
2025-08-08 02:00:00,174.53,175.28,173.85,174.84,111560.099,2025-08-08 02:59:59.999,19472752.49667,73839,72349.892,12627385.48497
2025-08-08 03:00:00,174.84,175.92,174.49,174.71,107748.238,2025-08-08 03:59:59.999,18887951.95409,76620,53762.166,9423033.55547
2025-08-08 04:00:00,174.71,175.2,173.89,174.38,98808.746,2025-08-08 04:59:59.999,17249425.80614,50388,57373.536,10018135.08504
2025-08-08 05:00:00,174.39,174.8,174.07,174.21,71768.975,2025-08-08 05:59:59.999,12520281.86918,42597,37915.066,6614506.462
2025-08-08 06:00:00,174.2,175.12,173.88,175.07,47720.465,2025-08-08 06:59:59.999,8326921.08184,45180,26370.129,4603367.47569
2025-08-08 07:00:00,175.08,177.87,174.33,177.14,229541.676,2025-08-08 07:59:59.999,40528429.97951,105824,148734.485,26259969.21346
2025-08-08 08:00:00,177.13,177.86,174.88,175.37,221907.145,2025-08-08 08:59:59.999,39115276.85478,108038,100715.763,17773581.925
2025-08-08 09:00:00,175.38,176.13,175.01,176.06,73177.332,2025-08-08 09:59:59.999,12844547.6769,57691,39776.264,6983209.06105
2025-08-08 10:00:00,176.06,177.0,175.73,176.65,97484.632,2025-08-08 10:59:59.999,17194816.92097,63742,51149.871,9025196.29266
2025-08-08 11:00:00,176.65,177.95,176.57,177.65,123436.572,2025-08-08 11:59:59.999,21896869.12395,57050,76481.1,13568535.02048
2025-08-08 12:00:00,177.65,177.67,176.11,176.45,136248.014,2025-08-08 12:59:59.999,24089803.31777,69070,77913.727,13776843.83379
2025-08-08 13:00:00,176.45,178.8,175.47,178.63,251938.117,2025-08-08 13:59:59.999,44630741.1163,158828,154443.57,27379209.3999
2025-08-08 14:00:00,178.64,179.14,175.43,176.51,323953.21,2025-08-08 14:59:59.999,57372288.63739,220343,155613.125,27577884.26816
2025-08-08 15:00:00,176.51,176.7,174.21,175.23,213655.986,2025-08-08 15:59:59.999,37441428.9877,156606,89866.015,15750291.88308
2025-08-08 16:00:00,175.23,176.33,175.01,175.9,163119.182,2025-08-08 16:59:59.999,28646747.51801,95738,69027.52,12126686.28769
2025-08-08 17:00:00,175.89,179.36,175.55,179.34,205835.192,2025-08-08 17:59:59.999,36560503.20317,109328,107186.284,19045720.24689
2025-08-08 18:00:00,179.35,179.66,177.21,177.6,275884.101,2025-08-08 18:59:59.999,49304914.38911,155620,141609.034,25319155.78335
2025-08-08 19:00:00,177.59,178.47,177.4,178.47,166152.661,2025-08-08 19:59:59.999,29570335.49701,90764,81348.72,14476879.17236
2025-08-08 20:00:00,178.46,178.76,177.24,178.25,70076.448,2025-08-08 20:59:59.999,12463914.31461,58200,35522.1,6318323.64457
2025-08-08 21:00:00,178.24,178.6,177.41,177.61,53024.121,2025-08-08 21:59:59.999,9434502.51846,40527,28864.36,5136105.24316
2025-08-08 22:00:00,177.61,178.07,177.07,177.63,77857.406,2025-08-08 22:59:59.999,13832572.48314,49926,35593.495,6323855.81961
2025-08-08 23:00:00,177.63,177.91,176.62,176.78,42760.054,2025-08-08 23:59:59.999,7574519.60434,34751,16735.131,2964881.679
2025-08-09 00:00:00,176.79,177.22,176.64,176.94,65341.697,2025-08-09 00:59:59.999,11561450.4816,35563,27012.381,4779691.09416
2025-08-09 01:00:00,176.94,179.02,176.67,178.67,98455.121,2025-08-09 01:59:59.999,17508615.06199,57393,61586.288,10952542.72262
2025-08-09 02:00:00,178.68,178.71,177.56,177.58,83765.293,2025-08-09 02:59:59.999,14920736.18133,46752,36526.475,6507586.86786
2025-08-09 03:00:00,177.58,177.75,177.03,177.26,64366.253,2025-08-09 03:59:59.999,11413770.00552,39273,35862.798,6359443.27188
2025-08-09 04:00:00,177.26,178.82,176.94,178.67,127054.29,2025-08-09 04:59:59.999,22593505.13424,61310,65684.778,11685615.5844
2025-08-09 05:00:00,178.66,182.15,178.26,180.85,439624.908,2025-08-09 05:59:59.999,79481177.72109,203253,254481.998,46000846.19905
2025-08-09 06:00:00,180.85,180.93,179.26,179.59,208875.43,2025-08-09 06:59:59.999,37596188.47394,90021,88751.414,15974164.32889
2025-08-09 07:00:00,179.58,180.73,179.44,180.62,77839.149,2025-08-09 07:59:59.999,14034906.59866,43391,42581.912,7677251.83158
2025-08-09 08:00:00,180.62,181.68,180.39,181.38,119060.294,2025-08-09 08:59:59.999,21555880.27548,60231,63581.738,11513071.37499
2025-08-09 09:00:00,181.39,182.72,181.08,182.27,131046.496,2025-08-09 09:59:59.999,23844359.17383,83388,79303.708,14430031.94672
2025-08-09 10:00:00,182.28,183.35,181.8,181.89,191618.523,2025-08-09 10:59:59.999,34995058.85508,101193,95767.192,17496642.96876
2025-08-09 11:00:00,181.89,182.01,180.65,180.79,134317.051,2025-08-09 11:59:59.999,24355789.92261,80693,57825.403,10487458.24084
2025-08-09 12:00:00,180.78,182.18,180.33,182.17,121008.098,2025-08-09 12:59:59.999,21943532.937,70338,63425.58,11505069.12796
2025-08-09 13:00:00,182.17,182.49,179.77,179.79,194643.076,2025-08-09 13:59:59.999,35179140.39593,93632,62407.117,11296871.80684
2025-08-09 14:00:00,179.78,181.2,178.92,181.15,161521.389,2025-08-09 14:59:59.999,29113502.90376,88820,76490.349,13795727.03876
2025-08-09 15:00:00,181.15,181.67,179.74,180.09,130551.717,2025-08-09 15:59:59.999,23574604.00009,97907,59553.998,10758805.50413
2025-08-09 16:00:00,180.1,180.82,179.46,179.64,92630.301,2025-08-09 16:59:59.999,16689896.83634,82108,41742.233,7521825.97521
2025-08-09 17:00:00,179.64,181.98,179.62,181.61,115450.217,2025-08-09 17:59:59.999,20885173.59135,69882,62600.196,11329152.60192
2025-08-09 18:00:00,181.61,182.24,181.26,181.91,115782.842,2025-08-09 18:59:59.999,21043307.32693,72392,53308.522,9690557.89531
2025-08-09 19:00:00,181.91,182.7,181.45,182.14,76450.998,2025-08-09 19:59:59.999,13921939.8149,52976,39069.718,7118040.02102
2025-08-09 20:00:00,182.13,183.45,181.47,183.06,142419.782,2025-08-09 20:59:59.999,26009751.18062,80015,75370.99,13767703.72806
2025-08-09 21:00:00,183.06,183.33,180.67,181.24,118758.097,2025-08-09 21:59:59.999,21613598.16821,70815,52599.882,9580377.04163
2025-08-09 22:00:00,181.24,182.45,179.93,180.15,173481.011,2025-08-09 22:59:59.999,31402192.79178,94957,68540.718,12418265.67111
2025-08-09 23:00:00,180.15,180.46,179.72,179.95,141442.354,2025-08-09 23:59:59.999,25475624.11132,51210,60552.026,10905859.49886
2025-08-10 00:00:00,179.96,182.82,179.81,182.46,150770.126,2025-08-10 00:59:59.999,27371131.57714,77772,82900.406,15044935.78364
2025-08-10 01:00:00,182.45,184.65,181.63,184.5,325233.504,2025-08-10 01:59:59.999,59688116.81995,153854,182423.771,33492240.97914
2025-08-10 02:00:00,184.51,185.07,182.93,183.28,299413.865,2025-08-10 02:59:59.999,55172993.02889,137204,151466.591,27918274.42621
2025-08-10 03:00:00,183.28,185.99,183.26,184.98,329829.849,2025-08-10 03:59:59.999,61066462.14557,186317,187496.231,34720834.38272
2025-08-10 04:00:00,184.98,186.18,184.35,185.04,182803.05,2025-08-10 04:59:59.999,33893077.97037,90955,92801.809,17204999.55874
2025-08-10 05:00:00,185.03,185.17,181.69,182.04,260924.558,2025-08-10 05:59:59.999,47753588.62768,109381,93447.073,17089066.35477
2025-08-10 06:00:00,182.04,182.4,180.36,181.1,186975.861,2025-08-10 06:59:59.999,33863772.66695,92169,84150.191,15240906.49669
2025-08-10 07:00:00,181.11,181.55,177.66,178.94,282776.987,2025-08-10 07:59:59.999,50757528.18732,134314,113116.363,20315916.09401
2025-08-10 08:00:00,178.94,180.79,177.51,180.42,198042.958,2025-08-10 08:59:59.999,35473932.79136,112339,100139.797,17941204.46766
2025-08-10 09:00:00,180.42,181.05,180.07,180.46,113084.023,2025-08-10 09:59:59.999,20425364.92006,60519,59259.706,10704008.48723
2025-08-10 10:00:00,180.46,180.62,178.8,179.47,150704.023,2025-08-10 10:59:59.999,27094672.36468,86088,48069.82,8644793.3207
2025-08-10 11:00:00,179.48,180.7,178.71,179.97,193414.383,2025-08-10 11:59:59.999,34789667.37574,84672,89108.61,16026467.58179
2025-08-10 12:00:00,179.98,180.34,179.13,179.54,114960.83,2025-08-10 12:59:59.999,20652916.92263,69382,55083.051,9893934.60376
2025-08-10 13:00:00,179.53,180.3,178.84,178.85,110047.067,2025-08-10 13:59:59.999,19779723.57037,73543,42333.005,7608787.42309
2025-08-10 14:00:00,178.84,182.38,178.52,181.52,191785.263,2025-08-10 14:59:59.999,34691122.37616,106979,97312.817,17608066.52825
2025-08-10 15:00:00,181.52,182.4,181.11,181.54,105130.263,2025-08-10 15:59:59.999,19104850.17694,89745,48593.291,8830393.64568
2025-08-10 16:00:00,181.54,182.27,181.21,182.26,106177.84,2025-08-10 16:59:59.999,19311346.00831,65522,53974.84,9816487.90939
2025-08-10 17:00:00,182.26,182.46,181.36,181.68,63702.033,2025-08-10 17:59:59.999,11588658.95597,55069,33180.309,6035641.45025
2025-08-10 18:00:00,181.68,182.94,181.64,182.72,75892.181,2025-08-10 18:59:59.999,13839686.26197,46933,40531.085,7392263.71915
2025-08-10 19:00:00,182.71,183.3,182.34,182.8,84499.231,2025-08-10 19:59:59.999,15448678.90023,39172,46117.436,8432298.84128
2025-08-10 20:00:00,182.8,183.4,181.27,182.73,194168.32,2025-08-10 20:59:59.999,35413067.61735,94203,93757.001,17104899.38266
2025-08-10 21:00:00,182.74,183.94,181.41,183.49,214058.188,2025-08-10 21:59:59.999,39200915.53655,108339,118816.451,21765761.35277
2025-08-10 22:00:00,183.5,183.69,182.61,183.13,154710.543,2025-08-10 22:59:59.999,28335903.50886,69191,84679.45,15508963.21657
2025-08-10 23:00:00,183.14,183.56,182.08,182.66,108182.341,2025-08-10 23:59:59.999,19770600.85194,69754,56504.145,10326490.53403
2025-08-11 00:00:00,182.67,183.19,181.5,181.5,122297.713,2025-08-11 00:59:59.999,22303042.28949,96740,62517.81,11403561.10248
2025-08-11 01:00:00,181.5,183.88,181.27,183.71,116172.274,2025-08-11 01:59:59.999,21253072.10103,90294,59153.115,10823743.58736
2025-08-11 02:00:00,183.7,185.8,183.6,185.25,309709.447,2025-08-11 02:59:59.999,57268618.51863,181909,157335.15,29090000.54181
2025-08-11 03:00:00,185.26,185.56,183.89,185.14,206334.838,2025-08-11 03:59:59.999,38141847.3326,120627,90507.168,16735034.9188
2025-08-11 04:00:00,185.13,186.45,185.13,185.86,197158.025,2025-08-11 04:59:59.999,36663357.83861,85097,108828.431,20236660.91806
2025-08-11 05:00:00,185.86,186.8,184.88,185.32,233397.822,2025-08-11 05:59:59.999,43360459.13177,81250,83874.169,15590017.27637
2025-08-11 06:00:00,185.33,185.59,184.41,184.81,101366.626,2025-08-11 06:59:59.999,18752202.50545,59423,41930.034,7755707.61672
2025-08-11 07:00:00,184.8,184.92,182.79,182.97,148613.981,2025-08-11 07:59:59.999,27325073.95893,84668,62187.487,11433254.84172
2025-08-11 08:00:00,182.97,184.67,182.13,184.25,134479.343,2025-08-11 08:59:59.999,24658332.50492,82712,72295.02,13260922.87315
2025-08-11 09:00:00,184.26,184.33,182.83,183.14,74990.705,2025-08-11 09:59:59.999,13763553.59035,61180,35316.076,6481345.87975
2025-08-11 10:00:00,183.15,183.2,181.61,181.9,124059.417,2025-08-11 10:59:59.999,22626534.52409,97432,52299.208,9541671.84898
2025-08-11 11:00:00,181.91,182.14,178.35,179.08,280727.636,2025-08-11 11:59:59.999,50513572.47098,165150,120889.423,21741596.4577
2025-08-11 12:00:00,179.07,179.59,177.83,178.79,194802.26,2025-08-11 12:59:59.999,34813633.63055,152611,75632.828,13520446.32559
2025-08-11 13:00:00,178.8,180.08,177.23,179.61,257855.214,2025-08-11 13:59:59.999,46081098.23068,174551,143974.928,25743980.59293
2025-08-11 14:00:00,179.62,180.52,178.39,178.78,187241.14,2025-08-11 14:59:59.999,33592947.59107,133632,112040.929,20100842.41267
2025-08-11 15:00:00,178.78,180.19,177.65,180.19,150958.216,2025-08-11 15:59:59.999,26975354.09118,110184,75395.605,13479510.95827
2025-08-11 16:00:00,180.19,181.77,178.34,179.03,177615.791,2025-08-11 16:59:59.999,32007317.41628,144738,94706.755,17077402.63833
2025-08-11 17:00:00,179.02,179.54,178.03,178.19,128286.986,2025-08-11 17:59:59.999,22918667.33195,97292,60612.858,10836504.65241
2025-08-11 18:00:00,178.19,178.35,176.59,178.24,185578.047,2025-08-11 18:59:59.999,32935787.38028,103859,86525.126,15361280.63864
2025-08-11 19:00:00,178.23,178.31,175.54,176.62,118616.254,2025-08-11 19:59:59.999,20964990.62426,90269,48348.466,8554906.7612
2025-08-11 20:00:00,176.62,176.88,175.7,176.17,127513.756,2025-08-11 20:59:59.999,22477372.25446,84555,52084.242,9181732.56284
2025-08-11 21:00:00,176.17,176.5,173.91,175.06,175107.326,2025-08-11 21:59:59.999,30645946.13962,98647,69621.981,12197187.51266
2025-08-11 22:00:00,175.05,175.16,173.43,174.69,141140.723,2025-08-11 22:59:59.999,24585714.68064,99934,59592.828,10383261.68429
2025-08-11 23:00:00,174.69,175.12,174.5,174.84,66719.991,2025-08-11 23:59:59.999,11668544.41976,44068,33201.678,5806591.27918
2025-08-12 00:00:00,174.83,175.95,174.64,175.7,106206.422,2025-08-12 00:59:59.999,18623841.03286,63419,64768.188,11357820.96517
2025-08-12 01:00:00,175.69,176.42,174.97,176.11,66042.266,2025-08-12 01:59:59.999,11609057.99099,39959,40923.357,7194978.21279
2025-08-12 02:00:00,176.12,176.74,175.55,176.19,72578.792,2025-08-12 02:59:59.999,12785806.18576,40133,41497.368,7310315.65605
2025-08-12 03:00:00,176.19,176.28,175.41,175.53,48842.676,2025-08-12 03:59:59.999,8586468.71059,45456,18805.656,3305414.10228
2025-08-12 04:00:00,175.53,176.64,175.28,176.28,78797.927,2025-08-12 04:59:59.999,13883005.13093,47231,39333.133,6929396.13845
2025-08-12 05:00:00,176.27,176.27,174.0,174.83,125894.062,2025-08-12 05:59:59.999,22013502.30405,73822,56125.256,9817849.69128
2025-08-12 06:00:00,174.82,175.37,173.6,174.61,86647.475,2025-08-12 06:59:59.999,15139719.43251,61535,34528.067,6035522.62291
2025-08-12 07:00:00,174.6,176.08,174.6,175.9,89731.058,2025-08-12 07:59:59.999,15763144.75308,42205,41737.431,7331433.40232
2025-08-12 08:00:00,175.9,176.51,175.32,175.75,71005.617,2025-08-12 08:59:59.999,12486849.27699,53223,40958.626,7203021.7897
2025-08-12 09:00:00,175.75,175.82,174.4,174.55,182803.087,2025-08-12 09:59:59.999,32005610.85436,68268,113589.408,19889006.64352
2025-08-12 10:00:00,174.55,175.1,173.89,174.78,77996.92,2025-08-12 10:59:59.999,13607755.24099,60953,40555.938,7077209.19972
2025-08-12 11:00:00,174.79,175.36,173.72,175.23,69651.969,2025-08-12 11:59:59.999,12172522.72299,47667,29917.582,5227764.02604
2025-08-12 12:00:00,175.23,178.72,174.73,177.96,354249.918,2025-08-12 12:59:59.999,62860857.27637,197830,195360.177,34670388.49028
2025-08-12 13:00:00,177.97,178.57,175.92,176.56,402747.975,2025-08-12 13:59:59.999,71458054.57609,217557,180644.238,32063359.47161
2025-08-12 14:00:00,176.56,179.77,176.25,179.6,189032.602,2025-08-12 14:59:59.999,33720760.14224,135550,109214.553,19486702.57721
2025-08-12 15:00:00,179.59,182.1,179.27,181.7,388107.114,2025-08-12 15:59:59.999,70160536.39643,159244,216533.583,39135920.96548
2025-08-12 16:00:00,181.7,185.42,180.77,184.85,550645.199,2025-08-12 16:59:59.999,101183984.33845,243332,306700.131,56351966.6494
2025-08-12 17:00:00,184.86,186.68,184.78,185.9,428771.122,2025-08-12 17:59:59.999,79638858.81395,181921,259282.804,48153647.79522
2025-08-12 18:00:00,185.9,189.17,185.9,188.18,421081.481,2025-08-12 18:59:59.999,79138111.90899,189526,218576.461,41069198.51412
2025-08-12 19:00:00,188.17,191.14,188.13,190.64,236592.288,2025-08-12 19:59:59.999,44856645.31751,120829,124627.828,23634412.75839
2025-08-12 20:00:00,190.65,191.69,189.59,191.54,255466.736,2025-08-12 20:59:59.999,48697668.03807,141032,122517.882,23355031.15363
2025-08-12 21:00:00,191.54,193.76,190.52,192.49,340817.298,2025-08-12 21:59:59.999,65544617.73952,170865,171990.772,33097179.08573
2025-08-12 22:00:00,192.5,193.31,190.95,191.66,270375.356,2025-08-12 22:59:59.999,51907763.99635,136712,120364.509,23115133.94235
2025-08-12 23:00:00,191.66,192.96,191.21,191.78,160262.797,2025-08-12 23:59:59.999,30774242.36645,95816,73972.047,14207167.06311
2025-08-13 00:00:00,191.77,194.77,191.48,193.95,229873.558,2025-08-13 00:59:59.999,44467118.61376,138507,128535.24,24868442.8246
2025-08-13 01:00:00,193.95,195.0,191.86,194.25,368350.012,2025-08-13 01:59:59.999,71265679.38949,191740,175859.583,34051203.31845
2025-08-13 02:00:00,194.25,198.65,193.34,198.58,517138.119,2025-08-13 02:59:59.999,101407179.53726,233296,307233.586,60257326.20714
2025-08-13 03:00:00,198.57,199.54,196.79,197.73,597728.311,2025-08-13 03:59:59.999,118530355.99163,245187,292331.98,57978534.52088
2025-08-13 04:00:00,197.74,200.1,197.28,198.74,338665.626,2025-08-13 04:59:59.999,67347003.5223,172357,188779.318,37566957.68294
2025-08-13 05:00:00,198.73,198.78,195.99,196.53,271000.678,2025-08-13 05:59:59.999,53461708.79328,122987,86623.206,17098173.99262
2025-08-13 06:00:00,196.53,196.76,195.18,195.79,208821.261,2025-08-13 06:59:59.999,40949084.03936,111549,75943.772,14897065.95707
2025-08-13 07:00:00,195.8,198.83,195.77,198.74,211038.803,2025-08-13 07:59:59.999,41580644.39582,116049,125274.999,24688273.83076
2025-08-13 08:00:00,198.74,198.98,197.61,198.96,171950.592,2025-08-13 08:59:59.999,34095643.7906,114482,82123.784,16288481.49311
2025-08-13 09:00:00,198.96,202.71,198.93,202.17,507475.995,2025-08-13 09:59:59.999,101892638.13618,230177,273744.642,54957230.84468
2025-08-13 10:00:00,202.18,202.18,200.8,201.51,226390.802,2025-08-13 10:59:59.999,45605090.69106,131799,103833.018,20918561.20373
2025-08-13 11:00:00,201.51,201.95,200.25,201.0,184387.23,2025-08-13 11:59:59.999,37101437.12272,103887,86816.811,17470511.68221
2025-08-13 12:00:00,201.0,202.54,200.6,201.14,276859.029,2025-08-13 12:59:59.999,55825068.82219,140331,133940.015,27019060.09085
2025-08-13 13:00:00,201.14,204.96,200.52,202.51,603548.988,2025-08-13 13:59:59.999,122331432.57447,322396,300940.409,61024131.37772
2025-08-13 14:00:00,202.5,202.87,195.98,196.21,618981.118,2025-08-13 14:59:59.999,122976481.26317,343655,245767.804,48841935.31994
2025-08-13 15:00:00,196.21,198.61,194.15,197.44,436325.757,2025-08-13 15:59:59.999,85739391.19671,244589,222239.113,43703788.12166
2025-08-13 16:00:00,197.43,199.93,197.01,198.0,296076.771,2025-08-13 16:59:59.999,58787181.24844,186758,149860.516,29767743.98528
2025-08-13 17:00:00,197.99,200.12,197.95,199.04,190201.324,2025-08-13 17:59:59.999,37865579.03283,113548,99566.793,19823693.74981
2025-08-13 18:00:00,199.05,200.7,197.84,199.42,172138.156,2025-08-13 18:59:59.999,34302376.94562,138381,78252.269,15601748.38414
2025-08-13 19:00:00,199.43,202.2,198.89,202.08,184670.114,2025-08-13 19:59:59.999,37021772.33509,125276,109251.74,21910574.53493
2025-08-13 20:00:00,202.09,202.24,199.83,200.32,136890.884,2025-08-13 20:59:59.999,27454467.37265,100281,59067.435,11849165.98856
2025-08-13 21:00:00,200.33,201.47,200.11,201.0,111928.336,2025-08-13 21:59:59.999,22487521.00526,80470,58978.828,11850162.29076
2025-08-13 22:00:00,201.0,202.83,200.14,200.55,137785.216,2025-08-13 22:59:59.999,27756544.73703,122741,69279.898,13958891.74903
2025-08-13 23:00:00,200.54,203.33,200.4,201.51,150499.599,2025-08-13 23:59:59.999,30395436.74295,113483,79515.685,16058225.46656
2025-08-14 00:00:00,201.51,203.97,200.72,201.5,300340.413,2025-08-14 00:59:59.999,60754669.81296,201652,162290.407,32839661.81544
2025-08-14 01:00:00,201.5,204.69,200.59,202.6,326417.431,2025-08-14 01:59:59.999,66237114.73975,184690,189263.3,38425768.31905
2025-08-14 02:00:00,202.59,208.0,201.75,207.09,537014.955,2025-08-14 02:59:59.999,110203710.59443,254455,323201.673,66374655.47282
2025-08-14 03:00:00,207.09,209.04,206.02,207.94,407336.035,2025-08-14 03:59:59.999,84633904.09333,294284,234663.438,48774364.55711
2025-08-14 04:00:00,207.94,209.86,207.3,208.18,312044.914,2025-08-14 04:59:59.999,65122933.82899,221938,166944.489,34841509.54011
2025-08-14 05:00:00,208.19,209.74,206.3,206.57,356508.044,2025-08-14 05:59:59.999,74164132.71003,256481,171554.417,35710556.61789
2025-08-14 06:00:00,206.57,208.0,204.02,207.57,358776.224,2025-08-14 06:59:59.999,73828993.16186,272358,171082.163,35228623.20936
2025-08-14 07:00:00,207.57,208.0,204.61,205.66,231076.001,2025-08-14 07:59:59.999,47591472.74933,176528,84636.379,17439186.67345
2025-08-14 08:00:00,205.67,205.85,202.47,203.37,338762.272,2025-08-14 08:59:59.999,69049136.16587,232698,141119.995,28764180.06109
2025-08-14 09:00:00,203.38,205.61,202.59,205.4,180689.519,2025-08-14 09:59:59.999,36932207.06534,146625,98483.43,20137414.84576
2025-08-14 10:00:00,205.4,205.7,201.77,202.71,281640.542,2025-08-14 10:59:59.999,57266498.10041,202858,118316.678,24072030.32792
2025-08-14 11:00:00,202.71,203.94,201.86,203.62,238668.495,2025-08-14 11:59:59.999,48402061.73922,181378,116196.969,23564000.42633
2025-08-14 12:00:00,203.61,205.46,190.0,194.41,1531007.022,2025-08-14 12:59:59.999,301926337.27104,677559,613732.207,121287302.27902
2025-08-14 13:00:00,194.41,196.85,186.68,194.85,1132677.852,2025-08-14 13:59:59.999,218302559.27249,678091,551282.958,106383927.732
2025-08-14 14:00:00,194.86,198.95,193.48,196.54,474328.202,2025-08-14 14:59:59.999,93245729.49022,353239,224641.95,44166990.71186
2025-08-14 15:00:00,196.54,196.8,194.51,194.85,354246.159,2025-08-14 15:59:59.999,69317126.45062,290878,152473.468,29847679.65844
2025-08-14 16:00:00,194.86,195.05,190.25,193.33,430851.256,2025-08-14 16:59:59.999,82961088.56169,283959,178774.615,34423393.30769
2025-08-14 17:00:00,193.32,195.51,191.53,193.8,220431.988,2025-08-14 17:59:59.999,42660802.96545,198957,102177.57,19790557.42158
2025-08-14 18:00:00,193.79,194.6,191.37,193.55,149722.956,2025-08-14 18:59:59.999,28923978.79765,148448,64496.076,12467892.52086
2025-08-14 19:00:00,193.55,195.11,192.81,192.91,106911.367,2025-08-14 19:59:59.999,20761112.04439,99989,53974.085,10482886.65775
2025-08-14 20:00:00,192.91,193.24,191.61,192.22,144658.796,2025-08-14 20:59:59.999,27807307.03507,126185,79044.907,15195133.90561
2025-08-14 21:00:00,192.22,192.22,187.32,190.27,289734.069,2025-08-14 21:59:59.999,54909602.56447,181838,116756.606,22132445.12549
2025-08-14 22:00:00,190.26,192.0,189.31,191.83,160242.585,2025-08-14 22:59:59.999,30534679.45071,115791,85022.526,16201994.51319
2025-08-14 23:00:00,191.83,193.14,191.68,192.47,101520.217,2025-08-14 23:59:59.999,19542760.19232,71491,55188.034,10624528.62509
2025-08-15 00:00:00,192.46,193.94,191.94,192.71,119529.888,2025-08-15 00:59:59.999,23061766.6102,108714,55058.958,10628375.94561
2025-08-15 01:00:00,192.7,194.3,192.08,193.67,164885.838,2025-08-15 01:59:59.999,31902315.51414,114011,81299.61,15730669.76264
2025-08-15 02:00:00,193.66,194.38,193.08,193.36,95993.667,2025-08-15 02:59:59.999,18597364.02629,82144,48592.396,9415829.95132
2025-08-15 03:00:00,193.37,195.6,192.78,195.15,137294.432,2025-08-15 03:59:59.999,26709366.87635,80955,82395.822,16042709.09626
2025-08-15 04:00:00,195.14,195.82,194.55,194.97,139346.97,2025-08-15 04:59:59.999,27207458.42436,85901,83616.815,16327930.80777
2025-08-15 05:00:00,194.97,196.5,194.44,196.5,151762.799,2025-08-15 05:59:59.999,29650922.82624,80436,104308.387,20384505.25066
2025-08-15 06:00:00,196.5,198.07,196.28,197.41,222146.846,2025-08-15 06:59:59.999,43842059.59602,132809,152278.653,30053967.64845
2025-08-15 07:00:00,197.4,197.85,196.22,196.95,90701.26,2025-08-15 07:59:59.999,17865444.58123,84664,34133.585,6723635.8409
2025-08-15 08:00:00,196.95,197.59,196.38,196.58,86788.784,2025-08-15 08:59:59.999,17093766.04919,77389,45217.31,8909068.11797
2025-08-15 09:00:00,196.58,197.17,193.63,194.2,184040.836,2025-08-15 09:59:59.999,35949699.99467,99474,81926.899,16029286.39845
2025-08-15 10:00:00,194.21,196.01,194.16,194.69,96957.035,2025-08-15 10:59:59.999,18928572.55356,94990,37182.514,7258916.86349
2025-08-15 11:00:00,194.69,195.36,193.74,194.32,71990.141,2025-08-15 11:59:59.999,14006065.34313,72607,28097.045,5466977.62851
2025-08-15 12:00:00,194.32,196.19,192.3,193.44,273102.665,2025-08-15 12:59:59.999,52982343.36118,209158,138829.446,26932274.3174
2025-08-15 13:00:00,193.43,193.86,190.18,190.49,259228.136,2025-08-15 13:59:59.999,49769849.77822,234219,107656.989,20681471.58848
2025-08-15 14:00:00,190.49,191.92,187.15,187.56,331264.732,2025-08-15 14:59:59.999,62724075.3963,259368,142369.316,26986472.05869
2025-08-15 15:00:00,187.55,188.11,184.36,185.55,544314.999,2025-08-15 15:59:59.999,101284788.19544,343183,246355.163,45848506.7672
2025-08-15 16:00:00,185.55,185.99,183.42,185.55,306670.081,2025-08-15 16:59:59.999,56622571.29988,217520,169696.905,31350050.00131
2025-08-15 17:00:00,185.55,186.9,183.96,185.85,263770.893,2025-08-15 17:59:59.999,48967117.17437,162798,123398.303,22909427.92802
2025-08-15 18:00:00,185.84,186.28,183.3,184.17,149645.197,2025-08-15 18:59:59.999,27656898.01848,116395,68302.175,12631830.31313
2025-08-15 19:00:00,184.17,185.91,183.4,183.89,135631.901,2025-08-15 19:59:59.999,25007244.74758,118548,77766.868,14338068.25214
2025-08-15 20:00:00,183.88,185.0,183.37,184.79,112817.494,2025-08-15 20:59:59.999,20791497.67244,83679,68354.837,12599727.44972
2025-08-15 21:00:00,184.79,185.66,183.92,185.63,113489.65,2025-08-15 21:59:59.999,20989091.23241,57306,65833.403,12177438.10884
2025-08-15 22:00:00,185.63,187.9,185.2,187.72,146307.619,2025-08-15 22:59:59.999,27276227.70561,60848,95852.38,17869389.55709
2025-08-15 23:00:00,187.72,188.26,184.14,185.72,162605.533,2025-08-15 23:59:59.999,30219198.06212,139940,77956.578,14490934.53889
2025-08-16 00:00:00,185.71,187.8,185.34,187.47,107488.877,2025-08-16 00:59:59.999,20069546.32147,79303,61980.445,11576763.12048
