Open_time,Open,High,Low,Close,Volume,Close_time,Quote_asset_volume,Number_of_trades,Taker_buy_base_asset_volume,Taker_buy_quote_asset_volume
2025-01-01 00:00:00,4.1226,4.1995,4.119,4.1959,1024160.8,2025-01-01 00:59:59.999,4261096.20563,20193,434787.3,1808178.16524
2025-01-01 01:00:00,4.196,4.1961,4.1441,4.1574,712685.9,2025-01-01 01:59:59.999,2968297.03411,14585,322005.5,1340984.17358
2025-01-01 02:00:00,4.1573,4.1961,4.1572,4.1895,631167.7,2025-01-01 02:59:59.999,2638834.69362,12315,303261.2,1267853.07945
2025-01-01 03:00:00,4.1895,4.2158,4.1811,4.2131,600115.2,2025-01-01 03:59:59.999,2520715.2628,11752,267320.9,1122459.33028
2025-01-01 04:00:00,4.213,4.2212,4.159,4.1649,918893.5,2025-01-01 04:59:59.999,3845966.75112,17365,422342.6,1766950.92312
2025-01-01 05:00:00,4.1649,4.1986,4.1609,4.1733,616494.0,2025-01-01 05:59:59.999,2578814.21565,12356,327192.2,1368502.2855
2025-01-01 06:00:00,4.1736,4.1858,4.1571,4.1835,476877.2,2025-01-01 06:59:59.999,1988431.52371,9807,240397.3,1002333.97323
2025-01-01 07:00:00,4.1834,4.1834,4.1376,4.1415,855059.1,2025-01-01 07:59:59.999,3553048.12616,11299,463013.4,1923710.37505
2025-01-01 08:00:00,4.1415,4.1517,4.0942,4.0994,1709481.7,2025-01-01 08:59:59.999,7046469.77898,25190,803608.8,3313765.59129
2025-01-01 09:00:00,4.0994,4.1093,4.046,4.0793,2668863.9,2025-01-01 09:59:59.999,10862506.55955,35982,1012473.5,4121821.69249
2025-01-01 10:00:00,4.0793,4.1243,4.0793,4.1095,1210531.9,2025-01-01 10:59:59.999,4964070.47898,20083,589339.7,2416775.1735
2025-01-01 11:00:00,4.1098,4.1574,4.1037,4.1381,1069512.7,2025-01-01 11:59:59.999,4426118.00679,18097,468428.5,1937868.68544
2025-01-01 12:00:00,4.1382,4.1768,4.1382,4.1701,949127.6,2025-01-01 12:59:59.999,3949199.53184,18407,427829.5,1780057.52953
2025-01-01 13:00:00,4.17,4.191,4.1447,4.1628,1196758.8,2025-01-01 13:59:59.999,4982244.7357,19015,663982.1,2763551.43562
2025-01-01 14:00:00,4.1628,4.1899,4.1447,4.1752,1165005.7,2025-01-01 14:59:59.999,4860357.33721,25214,586433.8,2446083.34579
2025-01-01 15:00:00,4.1753,4.2065,4.1722,4.1957,1135186.4,2025-01-01 15:59:59.999,4757758.25803,18886,553056.3,2317823.76859
2025-01-01 16:00:00,4.1956,4.2085,4.1691,4.1794,1212361.7,2025-01-01 16:59:59.999,5075786.50929,22823,560921.6,2348139.12372
2025-01-01 17:00:00,4.18,4.2,4.148,4.1914,1518905.3,2025-01-01 17:59:59.999,6342753.93569,19978,820696.4,3426659.38271
2025-01-01 18:00:00,4.1913,4.2677,4.17,4.256,1949955.4,2025-01-01 18:59:59.999,8244606.97914,27766,1028569.6,4351029.4545
2025-01-01 19:00:00,4.2559,4.2861,4.2286,4.2731,1675722.3,2025-01-01 19:59:59.999,7133260.24701,27966,862640.4,3672837.91458
2025-01-01 20:00:00,4.2732,4.3166,4.2591,4.3165,1510077.2,2025-01-01 20:59:59.999,6475454.92785,23096,749460.9,3214086.55143
2025-01-01 21:00:00,4.3166,4.3187,4.2725,4.2812,1024495.8,2025-01-01 21:59:59.999,4397402.41787,19892,465823.0,1999327.53558
2025-01-01 22:00:00,4.281,4.2873,4.2572,4.2727,796275.0,2025-01-01 22:59:59.999,3398187.24969,11498,404140.0,1724577.42737
2025-01-01 23:00:00,4.2726,4.2886,4.26,4.2847,690439.1,2025-01-01 23:59:59.999,2953025.46194,13686,395103.4,1689814.6013
2025-01-02 00:00:00,4.2848,4.341,4.263,4.3219,2251572.4,2025-01-02 00:59:59.999,9700144.70719,39123,1142756.2,4923792.59666
2025-01-02 01:00:00,4.3219,4.345,4.2695,4.2708,1412853.6,2025-01-02 01:59:59.999,6080363.35995,25433,604458.0,2602188.39413
2025-01-02 02:00:00,4.2709,4.3004,4.256,4.2991,1133238.4,2025-01-02 02:59:59.999,4846361.67971,17950,585788.7,2505287.87524
2025-01-02 03:00:00,4.299,4.3023,4.2667,4.2671,480944.9,2025-01-02 03:59:59.999,2057984.93654,11240,207748.9,888985.88926
2025-01-02 04:00:00,4.2671,4.338,4.2671,4.3162,1610169.1,2025-01-02 04:59:59.999,6931710.46982,22177,772919.3,3323937.89491
2025-01-02 05:00:00,4.3162,4.3334,4.2941,4.329,923283.2,2025-01-02 05:59:59.999,3985772.66661,15510,452535.3,1953394.71747
2025-01-02 06:00:00,4.3291,4.344,4.2981,4.3266,928640.5,2025-01-02 06:59:59.999,4011765.44646,16879,455901.5,1969160.31622
2025-01-02 07:00:00,4.3267,4.3957,4.3217,4.3766,2065729.1,2025-01-02 07:59:59.999,9017468.69262,31357,1100314.9,4800766.8446
2025-01-02 08:00:00,4.3764,4.3844,4.3337,4.3669,1977247.4,2025-01-02 08:59:59.999,8612845.79869,24808,853111.4,3714847.02157
2025-01-02 09:00:00,4.3668,4.4303,4.3578,4.4153,1886902.0,2025-01-02 09:59:59.999,8277900.36323,28086,944007.9,4142036.82462
2025-01-02 10:00:00,4.4153,4.4497,4.4043,4.4315,1522645.3,2025-01-02 10:59:59.999,6743116.8307,26778,786307.8,3481866.92209
2025-01-02 11:00:00,4.4316,4.4659,4.4316,4.4372,1515503.3,2025-01-02 11:59:59.999,6739761.89603,23636,766104.4,3406764.28428
2025-01-02 12:00:00,4.4373,4.4478,4.4074,4.417,1121153.0,2025-01-02 12:59:59.999,4960090.36133,18897,501165.1,2217932.24983
2025-01-02 13:00:00,4.417,4.4339,4.3816,4.382,1270111.3,2025-01-02 13:59:59.999,5597989.79563,22063,543720.6,2396963.07504
2025-01-02 14:00:00,4.382,4.414,4.3491,4.4056,3092789.9,2025-01-02 14:59:59.999,13544893.96373,49094,1427084.8,6251136.11432
2025-01-02 15:00:00,4.4051,4.4561,4.378,4.3875,2340491.8,2025-01-02 15:59:59.999,10334747.28393,41999,1119575.1,4942771.45557
2025-01-02 16:00:00,4.3876,4.4134,4.37,4.381,1393357.5,2025-01-02 16:59:59.999,6116503.79597,27840,722473.8,3170663.71012
2025-01-02 17:00:00,4.3811,4.4086,4.3152,4.3397,1910526.3,2025-01-02 17:59:59.999,8317073.04697,31999,895409.3,3898343.97374
2025-01-02 18:00:00,4.3396,4.3594,4.3242,4.352,727435.2,2025-01-02 18:59:59.999,3160191.81953,14434,346349.5,1504852.5254
2025-01-02 19:00:00,4.352,4.3702,4.3429,4.3438,693995.9,2025-01-02 19:59:59.999,3022421.91834,11863,369622.0,1609403.27539
2025-01-02 20:00:00,4.3438,4.381,4.3438,4.3615,637958.0,2025-01-02 20:59:59.999,2785419.27877,13577,319130.8,1392739.07618
2025-01-02 21:00:00,4.3611,4.3938,4.3558,4.3595,685319.3,2025-01-02 21:59:59.999,2996737.76134,13539,385168.9,1683886.23584
2025-01-02 22:00:00,4.3595,4.3595,4.3233,4.3525,973521.1,2025-01-02 22:59:59.999,4226679.82945,13789,552084.2,2396580.8289
2025-01-02 23:00:00,4.3525,4.3635,4.3404,4.3526,478931.0,2025-01-02 23:59:59.999,2085216.69807,11999,244817.9,1065820.20252
2025-01-03 00:00:00,4.3527,4.3707,4.3304,4.3322,674176.8,2025-01-03 00:59:59.999,2933528.62507,13799,334369.0,1454539.41778
2025-01-03 01:00:00,4.3315,4.34,4.3058,4.3269,966190.7,2025-01-03 01:59:59.999,4174380.33285,17255,414363.6,1790227.37687
2025-01-03 02:00:00,4.327,4.3606,4.3135,4.3268,1173439.4,2025-01-03 02:59:59.999,5096108.73933,16919,526729.3,2287001.47288
2025-01-03 03:00:00,4.3268,4.3791,4.3252,4.3757,665409.6,2025-01-03 03:59:59.999,2895313.83113,13281,330222.4,1436754.28992
2025-01-03 04:00:00,4.3756,4.3993,4.3412,4.3675,1364469.8,2025-01-03 04:59:59.999,5966185.76385,23658,702959.1,3073273.15989
2025-01-03 05:00:00,4.3676,4.3725,4.3388,4.3635,465922.5,2025-01-03 05:59:59.999,2028792.25518,11302,216711.8,943718.43466
2025-01-03 06:00:00,4.3636,4.3795,4.3177,4.3212,1165720.7,2025-01-03 06:59:59.999,5066557.4068,15039,533482.2,2317219.18339
2025-01-03 07:00:00,4.3211,4.3296,4.2436,4.3003,3015035.8,2025-01-03 07:59:59.999,12948850.88134,27854,1145594.1,4917231.37135
2025-01-03 08:00:00,4.3004,4.3241,4.2853,4.2874,1137343.6,2025-01-03 08:59:59.999,4890460.49766,15595,579054.7,2489812.18241
2025-01-03 09:00:00,4.2874,4.3457,4.2873,4.3257,1301387.4,2025-01-03 09:59:59.999,5625064.77652,22028,612795.5,2647540.88826
2025-01-03 10:00:00,4.3257,4.3435,4.311,4.3208,790337.5,2025-01-03 10:59:59.999,3417760.02161,15464,344777.4,1490840.76387
2025-01-03 11:00:00,4.3209,4.369,4.3204,4.3616,1582176.1,2025-01-03 11:59:59.999,6875935.47973,22406,697068.9,3029519.84311
2025-01-03 12:00:00,4.3616,4.416,4.345,4.3837,2315492.3,2025-01-03 12:59:59.999,10149496.16338,30674,1198076.0,5251475.42799
2025-01-03 13:00:00,4.3837,4.4288,4.3776,4.3934,1732708.8,2025-01-03 13:59:59.999,7638414.16577,30296,822274.6,3623984.25605
2025-01-03 14:00:00,4.3935,4.5189,4.3933,4.511,3679387.3,2025-01-03 14:59:59.999,16422461.36658,57592,1962534.1,8755443.29399
2025-01-03 15:00:00,4.5107,4.694,4.488,4.6844,5871212.1,2025-01-03 15:59:59.999,27043840.80801,93840,2823255.7,12995296.25307
2025-01-03 16:00:00,4.6845,4.7271,4.6519,4.6846,4592984.1,2025-01-03 16:59:59.999,21540595.25694,73411,2235501.2,10484893.15921
2025-01-03 17:00:00,4.6849,4.7138,4.6661,4.7073,2422739.9,2025-01-03 17:59:59.999,11355662.92429,39641,1213454.6,5686564.22004
2025-01-03 18:00:00,4.7073,4.7537,4.6799,4.7418,2310447.3,2025-01-03 18:59:59.999,10914539.93093,36126,1088806.4,5145257.46965
2025-01-03 19:00:00,4.7417,4.8585,4.7356,4.8451,5019528.5,2025-01-03 19:59:59.999,24077316.93371,65039,3071830.1,14735093.96524
2025-01-03 20:00:00,4.8451,4.8926,4.7932,4.8201,5795228.4,2025-01-03 20:59:59.999,28070961.68854,73395,2997909.5,14530037.41443
2025-01-03 21:00:00,4.8201,4.8719,4.7967,4.8593,3198208.6,2025-01-03 21:59:59.999,15461894.8541,44207,1551503.5,7499358.68189
2025-01-03 22:00:00,4.8594,4.92,4.8501,4.8896,3434704.4,2025-01-03 22:59:59.999,16798379.63311,42358,2109382.8,10320295.40553
2025-01-03 23:00:00,4.8897,4.9888,4.8873,4.9843,6030252.0,2025-01-03 23:59:59.999,29812050.74292,75975,3660592.2,18102067.19857
2025-01-04 00:00:00,4.9842,4.99,4.8521,4.8871,5436431.4,2025-01-04 00:59:59.999,26692522.66526,65052,2580029.5,12682514.56493
2025-01-04 01:00:00,4.8871,4.8942,4.8532,4.8579,2131260.5,2025-01-04 01:59:59.999,10379567.93851,31762,1057816.7,5151380.39418
2025-01-04 02:00:00,4.858,4.924,4.8406,4.9,2669058.7,2025-01-04 02:59:59.999,13020994.4941,34346,1422170.5,6940831.62484
2025-01-04 03:00:00,4.9001,4.9331,4.895,4.9025,1714954.6,2025-01-04 03:59:59.999,8423994.80493,22448,883734.1,4340921.59394
2025-01-04 04:00:00,4.9026,4.912,4.8736,4.9068,1396996.0,2025-01-04 04:59:59.999,6834480.08792,21630,666981.1,3262715.20277
2025-01-04 05:00:00,4.9067,4.9352,4.8965,4.9089,978968.2,2025-01-04 05:59:59.999,4812415.45271,18031,504413.8,2479619.23406
2025-01-04 06:00:00,4.9089,4.94,4.8984,4.9232,1157321.0,2025-01-04 06:59:59.999,5696317.86685,19672,614200.8,3022531.25262
2025-01-04 07:00:00,4.9232,5.0765,4.9217,5.0401,6150597.9,2025-01-04 07:59:59.999,30826689.49342,72645,3633733.0,18201942.49219
2025-01-04 08:00:00,5.04,5.111,5.0173,5.0182,6169780.9,2025-01-04 08:59:59.999,31250389.77003,83644,3331914.8,16877722.6895
2025-01-04 09:00:00,5.0182,5.0937,5.0088,5.052,4182048.0,2025-01-04 09:59:59.999,21178217.45801,60234,2078818.4,10523439.914
2025-01-04 10:00:00,5.0519,5.2174,5.031,5.1962,7262791.5,2025-01-04 10:59:59.999,37362882.35108,100589,4182442.2,21512230.50775
2025-01-04 11:00:00,5.1961,5.22,5.1111,5.1712,4578241.5,2025-01-04 11:59:59.999,23623395.55421,65327,2209861.8,11402845.80399
2025-01-04 12:00:00,5.1712,5.2368,5.1346,5.1883,5225441.9,2025-01-04 12:59:59.999,27066230.33283,69879,2459539.1,12741936.37322
2025-01-04 13:00:00,5.1883,5.2574,5.1787,5.2197,4545642.1,2025-01-04 13:59:59.999,23709201.0585,55183,2229900.6,11630028.96098
2025-01-04 14:00:00,5.2197,5.3076,5.2132,5.255,8224539.6,2025-01-04 14:59:59.999,43371959.58788,88108,4163203.2,21950629.34174
2025-01-04 15:00:00,5.255,5.286,5.1292,5.1758,7503598.1,2025-01-04 15:59:59.999,39024320.42204,90634,3542490.9,18438371.28311
2025-01-04 16:00:00,5.1758,5.206,5.1019,5.142,4946129.6,2025-01-04 16:59:59.999,25445266.5031,60311,2249121.2,11572894.8547
2025-01-04 17:00:00,5.142,5.1695,5.1151,5.1427,3900819.5,2025-01-04 17:59:59.999,20025633.26864,39011,1676955.0,8611324.11708
2025-01-04 18:00:00,5.1428,5.2621,5.1428,5.1666,5446722.8,2025-01-04 18:59:59.999,28307567.52208,59298,2384528.7,12400828.49747
2025-01-04 19:00:00,5.1665,5.2199,5.1406,5.2144,4374767.5,2025-01-04 19:59:59.999,22598578.83087,49361,1477296.2,7639640.62181
2025-01-04 20:00:00,5.2144,5.2597,5.1912,5.2389,2401742.1,2025-01-04 20:59:59.999,12557424.59427,32926,1232970.3,6451215.05131
2025-01-04 21:00:00,5.2389,5.3017,5.2305,5.2803,3153169.5,2025-01-04 21:59:59.999,16634678.94613,48690,1720280.4,9074914.73985
2025-01-04 22:00:00,5.2801,5.3598,5.2649,5.3442,2253803.7,2025-01-04 22:59:59.999,11974613.02639,43940,1177904.9,6259511.79052
2025-01-04 23:00:00,5.3441,5.3452,5.2749,5.2902,2027908.6,2025-01-04 23:59:59.999,10749262.01034,32473,1030691.5,5463737.26549
2025-01-05 00:00:00,5.2902,5.3256,5.2448,5.2651,2660948.1,2025-01-05 00:59:59.999,14048278.77956,40840,1220372.2,6444182.80454
2025-01-05 01:00:00,5.2651,5.2671,5.2121,5.2555,2150133.9,2025-01-05 01:59:59.999,11259636.67854,29890,1020423.8,5341999.17126
2025-01-05 02:00:00,5.2554,5.2704,5.1869,5.2141,5374535.3,2025-01-05 02:59:59.999,28027848.48023,44844,2978250.2,15523894.2526
2025-01-05 03:00:00,5.214,5.2489,5.1989,5.2197,2236362.3,2025-01-05 03:59:59.999,11678970.34155,27067,1177716.6,6148596.34337
2025-01-05 04:00:00,5.2197,5.28,5.2084,5.2247,2789361.9,2025-01-05 04:59:59.999,14638797.64223,32176,1445863.5,7586591.28945
2025-01-05 05:00:00,5.2247,5.2465,5.2031,5.2105,1566601.0,2025-01-05 05:59:59.999,8178567.0055,20680,783184.5,4087995.52711
2025-01-05 06:00:00,5.2105,5.2213,5.1563,5.1956,1801019.4,2025-01-05 06:59:59.999,9335593.6851,23175,857709.8,4446450.51929
2025-01-05 07:00:00,5.1957,5.2116,5.1623,5.1678,1155911.6,2025-01-05 07:59:59.999,5994364.20659,18940,470052.1,2439556.99489
2025-01-05 08:00:00,5.1677,5.1776,5.1183,5.1583,2241985.6,2025-01-05 08:59:59.999,11530475.94551,32808,1059948.5,5449864.17117
2025-01-05 09:00:00,5.1583,5.179,5.144,5.15,1563557.9,2025-01-05 09:59:59.999,8064273.89185,25030,748883.5,3861485.87832
2025-01-05 10:00:00,5.1499,5.2134,5.1333,5.1942,2506622.8,2025-01-05 10:59:59.999,12980811.09636,36579,1400057.7,7250661.49655
2025-01-05 11:00:00,5.1941,5.2035,5.17,5.1951,955680.3,2025-01-05 11:59:59.999,4960128.60928,18161,452935.3,2350852.68757
2025-01-05 12:00:00,5.1951,5.2091,5.1559,5.1654,1954030.1,2025-01-05 12:59:59.999,10120507.33602,27027,932359.0,4829615.81812
2025-01-05 13:00:00,5.1654,5.2,5.1586,5.1864,1845661.9,2025-01-05 13:59:59.999,9567294.47027,24032,920654.7,4771349.16431
2025-01-05 14:00:00,5.1864,5.2413,5.143,5.2359,3337219.8,2025-01-05 14:59:59.999,17353111.57693,49313,1709168.7,8890216.43009
2025-01-05 15:00:00,5.2358,5.2491,5.19,5.2261,1851147.6,2025-01-05 15:59:59.999,9658169.01233,29097,1073125.4,5599354.47323
2025-01-05 16:00:00,5.226,5.2495,5.2026,5.209,1635040.4,2025-01-05 16:59:59.999,8547091.00939,24810,1072241.6,5605907.48927
2025-01-05 17:00:00,5.2089,5.2332,5.1926,5.2061,918987.7,2025-01-05 17:59:59.999,4791455.57406,18577,459528.5,2395938.64035
2025-01-05 18:00:00,5.2061,5.2092,5.1687,5.1954,1103683.0,2025-01-05 18:59:59.999,5727234.77789,22231,453043.5,2350476.93735
2025-01-05 19:00:00,5.1954,5.23,5.1923,5.2258,1093061.8,2025-01-05 19:59:59.999,5696928.15093,17887,481787.8,2509887.48555
2025-01-05 20:00:00,5.2258,5.2438,5.1976,5.2336,1510449.5,2025-01-05 20:59:59.999,7891850.36788,21734,697928.9,3646209.40259
2025-01-05 21:00:00,5.2336,5.2378,5.189,5.2343,1474422.3,2025-01-05 21:59:59.999,7686089.98809,19966,671285.2,3498910.68448
2025-01-05 22:00:00,5.2342,5.2661,5.2123,5.2615,1048843.1,2025-01-05 22:59:59.999,5489861.24305,15143,508680.6,2662259.26294
2025-01-05 23:00:00,5.2614,5.2958,5.2344,5.2443,2183017.1,2025-01-05 23:59:59.999,11495644.00387,35152,1074164.6,5655627.49589
2025-01-06 00:00:00,5.2444,5.2738,5.175,5.1796,2198171.7,2025-01-06 00:59:59.999,11463282.9919,42922,1067262.7,5564679.01874
2025-01-06 01:00:00,5.1794,5.2097,5.1308,5.1985,1738131.1,2025-01-06 01:59:59.999,8986639.68938,39016,817008.5,4223703.70548
2025-01-06 02:00:00,5.1985,5.3232,5.1955,5.2526,4083192.4,2025-01-06 02:59:59.999,21518203.11515,67849,2078540.2,10957840.84408
2025-01-06 03:00:00,5.2526,5.2692,5.2119,5.2329,2250320.9,2025-01-06 03:59:59.999,11798329.57839,32262,1092739.2,5726447.61217
2025-01-06 04:00:00,5.2329,5.2495,5.205,5.2215,1690909.2,2025-01-06 04:59:59.999,8830910.96738,25732,872591.9,4557600.44495
2025-01-06 05:00:00,5.2214,5.2229,5.1701,5.1961,1334676.6,2025-01-06 05:59:59.999,6940762.41645,28962,673475.1,3502653.87025
2025-01-06 06:00:00,5.196,5.225,5.1738,5.1811,1381880.4,2025-01-06 06:59:59.999,7187760.63709,28071,703582.5,3659129.2529
2025-01-06 07:00:00,5.1811,5.1979,5.1521,5.1753,1754209.8,2025-01-06 07:59:59.999,9087652.0854,35390,889984.4,4610595.49527
2025-01-06 08:00:00,5.1753,5.1823,5.144,5.1625,1432007.1,2025-01-06 08:59:59.999,7392587.20578,32291,658345.9,3398963.73549
2025-01-06 09:00:00,5.1626,5.1686,5.1249,5.1508,1419970.6,2025-01-06 09:59:59.999,7305008.37846,25600,757749.2,3898108.45929
2025-01-06 10:00:00,5.1508,5.1716,5.1301,5.164,943521.4,2025-01-06 10:59:59.999,4857527.11382,22391,397792.2,2048029.53454
2025-01-06 11:00:00,5.164,5.2051,5.1573,5.1911,1333198.6,2025-01-06 11:59:59.999,6911028.20226,28756,685541.3,3553905.90713
2025-01-06 12:00:00,5.191,5.2135,5.1697,5.1971,1025112.4,2025-01-06 12:59:59.999,5322474.87159,20838,491983.3,2554729.24863
2025-01-06 13:00:00,5.1972,5.2204,5.167,5.2169,1114437.9,2025-01-06 13:59:59.999,5792787.22083,25202,572781.2,2978286.87
2025-01-06 14:00:00,5.2169,5.3127,5.1621,5.2738,3720073.6,2025-01-06 14:59:59.999,19500916.16951,60508,2164384.2,11350700.45359
2025-01-06 15:00:00,5.2738,5.3128,5.2506,5.2656,3521430.4,2025-01-06 15:59:59.999,18595775.35573,72854,1899178.9,10029159.95222
2025-01-06 16:00:00,5.2654,5.3687,5.2419,5.2653,4913683.4,2025-01-06 16:59:59.999,26073292.65086,73639,2655553.7,14093152.68876
2025-01-06 17:00:00,5.2653,5.2797,5.2102,5.2232,1937830.2,2025-01-06 17:59:59.999,10162295.04349,39008,1103864.2,5788909.37607
2025-01-06 18:00:00,5.2231,5.2381,5.1785,5.18,1445976.8,2025-01-06 18:59:59.999,7536477.94883,23662,790839.0,4121412.70894
2025-01-06 19:00:00,5.18,5.2163,5.18,5.2031,1097773.8,2025-01-06 19:59:59.999,5710553.83797,19142,623355.9,3242813.01769
2025-01-06 20:00:00,5.203,5.2291,5.1642,5.1662,1265704.3,2025-01-06 20:59:59.999,6579814.33496,22833,680645.4,3540111.62088
2025-01-06 21:00:00,5.1663,5.1683,5.0711,5.0957,3529623.9,2025-01-06 21:59:59.999,18072447.49571,53680,1709025.7,8751980.59729
2025-01-06 22:00:00,5.0958,5.1129,5.0555,5.0676,1864858.9,2025-01-06 22:59:59.999,9473271.57879,29529,927170.9,4711983.94671
2025-01-06 23:00:00,5.0677,5.0967,4.9779,5.09,3485196.9,2025-01-06 23:59:59.999,17583135.62176,39566,1649845.9,8333552.54075
2025-01-07 00:00:00,5.09,5.1103,5.0684,5.0746,2269094.0,2025-01-07 00:59:59.999,11557896.51997,30613,789599.2,4020280.89781
2025-01-07 01:00:00,5.0745,5.0912,5.0543,5.0881,936704.6,2025-01-07 01:59:59.999,4753614.21706,19578,502216.2,2548783.31754
2025-01-07 02:00:00,5.0881,5.0912,5.06,5.065,576626.4,2025-01-07 02:59:59.999,2924997.82841,14899,255942.8,1298141.13692
2025-01-07 03:00:00,5.0651,5.0926,5.0579,5.0756,691851.3,2025-01-07 03:59:59.999,3514552.02164,14267,357538.9,1816287.12229
2025-01-07 04:00:00,5.0754,5.08,5.0508,5.0596,787805.6,2025-01-07 04:59:59.999,3991895.73708,13435,385510.3,1953361.72077
2025-01-07 05:00:00,5.0597,5.0779,5.0461,5.0772,938900.1,2025-01-07 05:59:59.999,4753553.66782,15179,432682.7,2190492.19626
2025-01-07 06:00:00,5.0772,5.092,5.0634,5.0764,2165886.5,2025-01-07 06:59:59.999,10991345.01628,17189,940998.9,4776176.47515
2025-01-07 07:00:00,5.0763,5.087,5.0583,5.0656,643191.6,2025-01-07 07:59:59.999,3260093.25336,11709,233266.9,1182386.78763
2025-01-07 08:00:00,5.0656,5.1299,5.0457,5.125,2590540.0,2025-01-07 08:59:59.999,13170023.7373,30657,1303562.0,6632085.97769
2025-01-07 09:00:00,5.125,5.1342,5.0886,5.1255,1552234.8,2025-01-07 09:59:59.999,7932229.79941,28379,852963.3,4358317.81477
2025-01-07 10:00:00,5.1255,5.1492,5.1051,5.1372,1197995.7,2025-01-07 10:59:59.999,6141028.62119,24497,601832.9,3085000.32088
2025-01-07 11:00:00,5.1372,5.1717,5.0795,5.1342,2341023.2,2025-01-07 11:59:59.999,12005139.22712,40481,1114429.1,5714548.07928
2025-01-07 12:00:00,5.1343,5.1517,5.0689,5.0994,1821630.5,2025-01-07 12:59:59.999,9297327.4321,31809,974503.3,4972969.43585
2025-01-07 13:00:00,5.0995,5.1138,5.0703,5.0754,1007330.7,2025-01-07 13:59:59.999,5130440.24924,21408,498920.2,2541092.96789
2025-01-07 14:00:00,5.0755,5.0899,4.973,4.9935,2824816.1,2025-01-07 14:59:59.999,14237828.27105,55790,1181124.3,5955421.48371
2025-01-07 15:00:00,4.9933,5.012,4.8,4.8929,13925261.0,2025-01-07 15:59:59.999,68210676.28767,278453,6733312.1,33002724.6913
2025-01-07 16:00:00,4.893,4.9764,4.8504,4.9079,4523222.4,2025-01-07 16:59:59.999,22174876.21547,102693,2430805.3,11923654.92696
2025-01-07 17:00:00,4.908,4.927,4.8042,4.832,4018689.6,2025-01-07 17:59:59.999,19499408.73326,85648,1960314.0,9512368.51229
2025-01-07 18:00:00,4.8319,4.8756,4.8,4.8343,2771308.8,2025-01-07 18:59:59.999,13398708.52373,62252,1356928.2,6564010.49537
2025-01-07 19:00:00,4.8343,4.8893,4.8,4.8876,2669073.6,2025-01-07 19:59:59.999,12918524.83223,63007,1373545.3,6651079.18583
2025-01-07 20:00:00,4.8877,4.9558,4.8652,4.9241,4168869.9,2025-01-07 20:59:59.999,20524524.48851,105652,2140090.2,10538423.82259
2025-01-07 21:00:00,4.924,4.9313,4.81,4.81,2842599.7,2025-01-07 21:59:59.999,13841672.53009,53649,1641816.2,7999168.95121
2025-01-07 22:00:00,4.81,4.8492,4.7972,4.8358,1905961.0,2025-01-07 22:59:59.999,9195685.80171,39121,1037288.7,5004525.25678
2025-01-07 23:00:00,4.8358,4.8358,4.75,4.7852,2280407.5,2025-01-07 23:59:59.999,10919327.82306,52208,1135906.7,5439828.93164
2025-01-08 00:00:00,4.7852,4.8701,4.7841,4.8407,2273161.5,2025-01-08 00:59:59.999,10981675.99757,49585,1235747.9,5971783.72715
2025-01-08 01:00:00,4.8407,4.8407,4.75,4.7796,3433537.0,2025-01-08 01:59:59.999,16471300.74668,47962,1746953.4,8381161.33831
2025-01-08 02:00:00,4.7795,4.8863,4.7342,4.7579,4907848.1,2025-01-08 02:59:59.999,23600510.74772,77486,2479068.8,11922627.07884
2025-01-08 03:00:00,4.7579,4.7818,4.66,4.6985,5659830.1,2025-01-08 03:59:59.999,26675147.1862,76452,2648686.6,12487570.17589
2025-01-08 04:00:00,4.6985,4.7419,4.6764,4.688,2334732.1,2025-01-08 04:59:59.999,10980934.21325,47585,1313886.2,6180863.97374
2025-01-08 05:00:00,4.6881,4.733,4.6646,4.6646,1874086.3,2025-01-08 05:59:59.999,8807669.60221,43724,1016727.0,4779030.73102
2025-01-08 06:00:00,4.6646,4.6976,4.5312,4.5503,8455545.0,2025-01-08 06:59:59.999,38840731.51745,102816,4281241.7,19664287.46512
2025-01-08 07:00:00,4.5503,4.616,4.5393,4.5822,3586972.0,2025-01-08 07:59:59.999,16432465.89339,55297,1895358.5,8685142.74443
2025-01-08 08:00:00,4.5821,4.6647,4.5749,4.6101,3396402.7,2025-01-08 08:59:59.999,15718222.25566,49221,1908822.4,8835822.81517
2025-01-08 09:00:00,4.61,4.6408,4.5556,4.5584,2143439.4,2025-01-08 09:59:59.999,9860862.48901,30496,1168566.9,5378834.96849
2025-01-08 10:00:00,4.5584,4.6138,4.5572,4.5932,2005862.9,2025-01-08 10:59:59.999,9197335.98464,26009,1054788.0,4837158.4078
2025-01-08 11:00:00,4.5932,4.5988,4.5064,4.5474,3017867.3,2025-01-08 11:59:59.999,13723839.49256,42308,1569622.1,7135905.21738
2025-01-08 12:00:00,4.5472,4.5835,4.514,4.5275,2248528.4,2025-01-08 12:59:59.999,10236644.7535,36862,1176455.4,5356413.95667
2025-01-08 13:00:00,4.5275,4.5968,4.5275,4.5417,2758619.9,2025-01-08 13:59:59.999,12606342.11752,46149,1321316.7,6039343.30316
2025-01-08 14:00:00,4.5417,4.6685,4.5241,4.6284,5012667.7,2025-01-08 14:59:59.999,23114496.85765,76305,2490732.6,11490909.28722
2025-01-08 15:00:00,4.6282,4.6835,4.5678,4.6143,4217335.9,2025-01-08 15:59:59.999,19481447.02297,67401,2205202.2,10188543.21407
2025-01-08 16:00:00,4.6143,4.615,4.4993,4.5009,2486334.5,2025-01-08 16:59:59.999,11334578.39207,49447,1163731.6,5309537.05587
2025-01-08 17:00:00,4.5009,4.612,4.3853,4.5971,10805034.3,2025-01-08 17:59:59.999,48418946.44135,190245,5078935.4,22764927.0695
2025-01-08 18:00:00,4.5972,4.7355,4.5876,4.6588,6070009.9,2025-01-08 18:59:59.999,28318547.21472,134007,3149865.8,14694921.57129
2025-01-08 19:00:00,4.6589,4.7234,4.6407,4.6446,3268318.8,2025-01-08 19:59:59.999,15300935.32221,82506,1842255.8,8623719.81954
2025-01-08 20:00:00,4.6447,4.6719,4.6132,4.634,1571902.8,2025-01-08 20:59:59.999,7296232.41443,44425,779367.1,3617502.20196
2025-01-08 21:00:00,4.6339,4.7205,4.58,4.6852,3214514.5,2025-01-08 21:59:59.999,14907086.88732,64088,1567449.0,7272853.90316
2025-01-08 22:00:00,4.6851,4.9069,4.685,4.9045,6294348.9,2025-01-08 22:59:59.999,30237769.41295,82268,3221535.3,15473374.89712
2025-01-08 23:00:00,4.9045,4.9159,4.83,4.8961,2978746.0,2025-01-08 23:59:59.999,14527631.1335,43930,1452469.0,7084983.6593
2025-01-09 00:00:00,4.896,4.896,4.7926,4.8551,2250064.9,2025-01-09 00:59:59.999,10901018.27091,44594,982918.5,4765082.08335
2025-01-09 01:00:00,4.8551,4.883,4.8305,4.8391,2273116.6,2025-01-09 01:59:59.999,11043739.25209,40138,1246520.2,6056566.20396
2025-01-09 02:00:00,4.8391,4.8595,4.767,4.8288,3297481.9,2025-01-09 02:59:59.999,15887515.56034,64434,1452895.0,6998934.64694
2025-01-09 03:00:00,4.8289,4.8341,4.7676,4.7736,2579343.1,2025-01-09 03:59:59.999,12366207.03695,39844,929777.9,4455844.71458
2025-01-09 04:00:00,4.7737,4.8074,4.7501,4.7988,1768368.9,2025-01-09 04:59:59.999,8450305.34689,35645,790945.7,3778975.9846
2025-01-09 05:00:00,4.7987,4.8299,4.7804,4.7823,1177440.8,2025-01-09 05:59:59.999,5656615.4945,25237,613334.0,2946415.86911
2025-01-09 06:00:00,4.7824,4.8039,4.675,4.6825,3395853.3,2025-01-09 06:59:59.999,16082840.79899,57861,1260884.0,5977365.20697
2025-01-09 07:00:00,4.6825,4.718,4.6256,4.6356,4320030.3,2025-01-09 07:59:59.999,20151752.32428,81486,1714591.9,8000159.65351
2025-01-09 08:00:00,4.6356,4.676,4.5985,4.6336,5156769.6,2025-01-09 08:59:59.999,23882439.76504,94731,2235198.2,10355721.15516
2025-01-09 09:00:00,4.6336,4.6674,4.6268,4.6366,1630572.4,2025-01-09 09:59:59.999,7575226.42356,31334,805857.3,3743256.64666
2025-01-09 10:00:00,4.6367,4.6435,4.5504,4.599,3407224.5,2025-01-09 10:59:59.999,15628207.36366,46071,1497273.9,6870671.59704
2025-01-09 11:00:00,4.5989,4.6376,4.5772,4.6125,1752225.0,2025-01-09 11:59:59.999,8071331.65087,35299,974486.8,4488992.42881
2025-01-09 12:00:00,4.6124,4.637,4.5844,4.6011,1502225.4,2025-01-09 12:59:59.999,6925342.0043,33579,778069.7,3587399.13574
2025-01-09 13:00:00,4.6011,4.611,4.4954,4.5205,5013581.4,2025-01-09 13:59:59.999,22754289.28898,88384,2389465.7,10842220.5124
2025-01-09 14:00:00,4.5204,4.6387,4.5068,4.6112,6118766.8,2025-01-09 14:59:59.999,27994480.98376,114124,3105507.1,14213249.55346
2025-01-09 15:00:00,4.6112,4.8085,4.5971,4.7669,9580735.7,2025-01-09 15:59:59.999,45059893.64448,147222,4605495.6,21634429.15663
2025-01-09 16:00:00,4.767,4.8874,4.7586,4.8639,6505808.6,2025-01-09 16:59:59.999,31329710.65241,126514,3486042.6,16781818.67573
2025-01-09 17:00:00,4.8638,4.8646,4.6409,4.7356,4405233.9,2025-01-09 17:59:59.999,20999094.51863,85969,1878456.8,8956461.38364
2025-01-09 18:00:00,4.7357,4.799,4.7284,4.7551,2905781.9,2025-01-09 18:59:59.999,13842673.09057,75062,1488075.2,7088274.00754
2025-01-09 19:00:00,4.7553,4.7842,4.6522,4.6746,3651154.5,2025-01-09 19:59:59.999,17190815.01339,74058,1814537.2,8541264.92393
2025-01-09 20:00:00,4.6746,4.7257,4.6154,4.6875,4229724.8,2025-01-09 20:59:59.999,19748790.77634,96893,2146673.1,10023148.12898
2025-01-09 21:00:00,4.6876,4.7244,4.6641,4.697,2052833.6,2025-01-09 21:59:59.999,9636873.959,53260,1003221.9,4709461.99019
2025-01-09 22:00:00,4.697,4.7838,4.6697,4.7519,2758022.0,2025-01-09 22:59:59.999,13040053.90391,51195,1551336.2,7336560.71873
2025-01-09 23:00:00,4.7518,4.7696,4.7269,4.7506,1545518.9,2025-01-09 23:59:59.999,7334967.61178,37321,836352.3,3968808.84958
2025-01-10 00:00:00,4.7506,4.7978,4.7338,4.7709,2953429.2,2025-01-10 00:59:59.999,14087619.10188,59294,1467344.4,6998290.78531
2025-01-10 01:00:00,4.771,4.8216,4.7427,4.8184,1873913.1,2025-01-10 01:59:59.999,8962538.28836,49979,1021471.7,4885898.73977
2025-01-10 02:00:00,4.8185,4.8781,4.7899,4.8147,3936891.8,2025-01-10 02:59:59.999,19013871.81117,71034,1795071.4,8668226.49566
2025-01-10 03:00:00,4.8148,4.8781,4.8093,4.8537,2438035.9,2025-01-10 03:59:59.999,11823141.57319,51114,1414741.6,6860513.81161
2025-01-10 04:00:00,4.8538,4.8735,4.8282,4.868,1756785.6,2025-01-10 04:59:59.999,8522377.75255,37792,1024733.4,4971097.55112
2025-01-10 05:00:00,4.8681,4.9471,4.841,4.8996,2964120.7,2025-01-10 05:59:59.999,14482732.20892,54305,1663232.3,8123330.49493
2025-01-10 06:00:00,4.8991,5.133,4.8975,5.0895,8142770.4,2025-01-10 06:59:59.999,40898502.38186,114889,3912839.5,19605613.2174
2025-01-10 07:00:00,5.0896,5.141,5.0358,5.1057,5906301.4,2025-01-10 07:59:59.999,30023362.19881,112448,2913154.7,14808735.72391
2025-01-10 08:00:00,5.1057,5.1432,5.0853,5.0993,3796387.8,2025-01-10 08:59:59.999,19430208.36682,87286,1862850.9,9535286.16967
2025-01-10 09:00:00,5.0993,5.1337,5.0695,5.0826,4259484.7,2025-01-10 09:59:59.999,21730287.55396,75042,2014396.6,10275581.46474
2025-01-10 10:00:00,5.0826,5.1129,5.04,5.0959,4368695.9,2025-01-10 10:59:59.999,22181689.57433,71323,1940233.1,9851712.03916
2025-01-10 11:00:00,5.0959,5.1194,5.0469,5.0787,3834629.3,2025-01-10 11:59:59.999,19490987.47245,69302,1812250.7,9212436.28324
2025-01-10 12:00:00,5.0785,5.0847,4.9707,5.0141,4930754.4,2025-01-10 12:59:59.999,24708628.59868,88359,2273904.3,11392508.80283
2025-01-10 13:00:00,5.0141,5.0141,4.8209,4.8953,11360777.2,2025-01-10 13:59:59.999,55741529.63232,191329,5701697.7,27979003.61973
2025-01-10 14:00:00,4.8947,5.0286,4.8835,4.9672,6582585.8,2025-01-10 14:59:59.999,32710680.60851,156997,3463330.8,17221147.84381
2025-01-10 15:00:00,4.9671,5.0199,4.8546,4.979,6509316.6,2025-01-10 15:59:59.999,32119024.67539,150775,3315372.3,16358010.98645
2025-01-10 16:00:00,4.979,5.0131,4.9109,4.9276,4894366.3,2025-01-10 16:59:59.999,24288773.98336,105560,2519183.1,12502730.48442
2025-01-10 17:00:00,4.9277,5.2183,4.914,5.1912,7353526.4,2025-01-10 17:59:59.999,37343541.74721,139849,4177063.8,21199993.09433
2025-01-10 18:00:00,5.1912,5.248,5.1074,5.1671,7320844.2,2025-01-10 18:59:59.999,37929675.18745,151720,3670539.6,19020024.6918
2025-01-10 19:00:00,5.1671,5.2519,5.1436,5.2062,7592710.7,2025-01-10 19:59:59.999,39548822.04021,98864,3919354.6,20412104.87598
2025-01-10 20:00:00,5.2061,5.2155,5.1306,5.1803,2902772.4,2025-01-10 20:59:59.999,15037252.91058,58972,1642236.7,8509277.51802
2025-01-10 21:00:00,5.1799,5.2053,5.1624,5.1779,1765314.0,2025-01-10 21:59:59.999,9162261.70745,36462,1066414.0,5534465.0614
2025-01-10 22:00:00,5.178,5.2347,5.1616,5.1861,1847427.0,2025-01-10 22:59:59.999,9599172.44346,36096,1044246.6,5425751.3868
2025-01-10 23:00:00,5.1862,5.2001,5.108,5.1229,2056199.8,2025-01-10 23:59:59.999,10605524.86908,42048,1125432.9,5807366.28865
2025-01-11 00:00:00,5.1229,5.1369,5.0704,5.1173,3225012.0,2025-01-11 00:59:59.999,16453792.52604,69532,1648423.2,8409439.20717
2025-01-11 01:00:00,5.1174,5.1429,5.0712,5.0982,2612986.8,2025-01-11 01:59:59.999,13347320.77585,59251,1353987.6,6916687.22584
2025-01-11 02:00:00,5.0983,5.1094,5.05,5.076,1645414.8,2025-01-11 02:59:59.999,8358542.64853,35299,904601.7,4595632.86767
2025-01-11 03:00:00,5.0759,5.0932,5.0487,5.0759,1814912.4,2025-01-11 03:59:59.999,9204706.99289,41251,964018.0,4889717.04958
2025-01-11 04:00:00,5.0759,5.0912,5.0227,5.0556,1771983.4,2025-01-11 04:59:59.999,8949475.36609,31946,944680.3,4771377.42921
2025-01-11 05:00:00,5.0553,5.0553,5.0122,5.0206,1319191.1,2025-01-11 05:59:59.999,6634860.20733,22648,711780.9,3580492.20039
2025-01-11 06:00:00,5.0205,5.0492,5.0147,5.0218,957012.2,2025-01-11 06:59:59.999,4813412.17616,22274,606589.9,3050882.42662
2025-01-11 07:00:00,5.0219,5.0434,4.9693,4.9961,1704081.7,2025-01-11 07:59:59.999,8516684.62651,31995,809536.6,4047845.00583
2025-01-11 08:00:00,4.996,5.0118,4.9643,4.968,1132666.4,2025-01-11 08:59:59.999,5646695.57671,25415,504538.6,2515635.12438
2025-01-11 09:00:00,4.9681,4.9916,4.9681,4.9903,911338.6,2025-01-11 09:59:59.999,4537923.47756,24342,434322.2,2162412.9584
2025-01-11 10:00:00,4.9903,5.0443,4.9903,5.0184,2111549.5,2025-01-11 10:59:59.999,10591812.63444,38361,1131831.1,5677832.19845
2025-01-11 11:00:00,5.0185,5.0407,4.9946,5.0043,1476831.7,2025-01-11 11:59:59.999,7410684.36605,37389,774114.7,3884808.28154
2025-01-11 12:00:00,5.0041,5.034,4.9984,5.0335,921707.7,2025-01-11 12:59:59.999,4622933.5111,23369,479054.7,2402970.64036
2025-01-11 13:00:00,5.0336,5.0441,5.0001,5.0094,1175101.1,2025-01-11 13:59:59.999,5900747.47427,30444,535969.6,2691782.83823
2025-01-11 14:00:00,5.0095,5.016,4.9693,4.9971,1379998.4,2025-01-11 14:59:59.999,6889220.09359,29422,639725.7,3193947.11895
2025-01-11 15:00:00,4.9973,5.0096,4.9436,4.9469,2918182.0,2025-01-11 15:59:59.999,14521051.27138,37070,1249567.1,6215866.16048
2025-01-11 16:00:00,4.9473,5.0086,4.9473,4.9936,1223657.8,2025-01-11 16:59:59.999,6094395.57246,33538,669797.1,3335110.11303
2025-01-11 17:00:00,4.9935,4.9941,4.9308,4.9419,1508900.8,2025-01-11 17:59:59.999,7480139.72926,34269,747350.8,3704468.50514
2025-01-11 18:00:00,4.9419,4.9534,4.9039,4.9325,1330241.2,2025-01-11 18:59:59.999,6554887.02692,28707,652049.7,3213077.56818
2025-01-11 19:00:00,4.9326,4.9446,4.9057,4.9187,845127.7,2025-01-11 19:59:59.999,4160426.87435,22795,357901.7,1762150.00731
2025-01-11 20:00:00,4.9188,5.0541,4.9119,5.0438,2801069.4,2025-01-11 20:59:59.999,13972005.49859,51727,1617551.7,8067494.99187
2025-01-11 21:00:00,5.0437,5.0714,5.0109,5.0188,2289887.3,2025-01-11 21:59:59.999,11537016.74362,51581,1014393.5,5110478.17396
2025-01-11 22:00:00,5.0189,5.0398,4.9793,4.9925,1512498.0,2025-01-11 22:59:59.999,7573678.73281,27111,767972.2,3845868.44887
2025-01-11 23:00:00,4.9924,5.0061,4.9629,4.97,892833.7,2025-01-11 23:59:59.999,4451443.04661,26753,430638.1,2146654.41106
2025-01-12 00:00:00,4.9699,4.9823,4.9322,4.9356,1187472.0,2025-01-12 00:59:59.999,5882614.2541,37668,602890.5,2986503.70916
2025-01-12 01:00:00,4.9357,4.9485,4.9075,4.9326,1075223.4,2025-01-12 01:59:59.999,5297638.18959,29932,513419.3,2529428.71723
2025-01-12 02:00:00,4.9326,4.9385,4.889,4.9155,1271965.1,2025-01-12 02:59:59.999,6246400.92022,23892,580282.7,2849868.08279
2025-01-12 03:00:00,4.9154,4.9235,4.8697,4.8915,1149478.7,2025-01-12 03:59:59.999,5617249.53854,25056,481722.0,2354567.50653
2025-01-12 04:00:00,4.8914,4.9146,4.866,4.8969,1056407.7,2025-01-12 04:59:59.999,5165216.544,20316,457917.9,2238672.91168
2025-01-12 05:00:00,4.897,4.9088,4.8697,4.872,683899.6,2025-01-12 05:59:59.999,3339788.08847,16493,321986.3,1572516.10364
2025-01-12 06:00:00,4.872,4.8824,4.8384,4.8399,1389025.5,2025-01-12 06:59:59.999,6756258.40748,22520,526033.4,2558815.41346
2025-01-12 07:00:00,4.8399,4.8499,4.8131,4.8448,1499872.8,2025-01-12 07:59:59.999,7247022.45578,27745,777236.6,3755665.99178
2025-01-12 08:00:00,4.8449,4.8707,4.8151,4.8236,1217962.1,2025-01-12 08:59:59.999,5899178.25735,27502,579022.1,2805334.53434
2025-01-12 09:00:00,4.8237,4.8328,4.7797,4.8025,2209243.8,2025-01-12 09:59:59.999,10617830.85616,39514,1047001.4,5031626.88884
2025-01-12 10:00:00,4.8026,4.8263,4.786,4.8165,1152858.8,2025-01-12 10:59:59.999,5540022.84101,27071,557635.2,2680591.98371
2025-01-12 11:00:00,4.8164,4.85,4.8101,4.8105,1348517.2,2025-01-12 11:59:59.999,6511362.18002,26659,785871.1,3795012.2646
2025-01-12 12:00:00,4.8106,4.8361,4.7951,4.7966,1163667.0,2025-01-12 12:59:59.999,5599639.77149,26898,621065.3,2988719.11984
2025-01-12 13:00:00,4.7967,4.8366,4.7899,4.8178,1245603.0,2025-01-12 13:59:59.999,5998234.36952,28499,618329.1,2977410.18538
2025-01-12 14:00:00,4.8178,4.8479,4.7883,4.7938,1575732.1,2025-01-12 14:59:59.999,7591730.55023,33587,837371.5,4034567.61469
2025-01-12 15:00:00,4.7938,4.8726,4.7938,4.8438,2151416.4,2025-01-12 15:59:59.999,10413323.84148,40514,1112926.1,5387793.51873
2025-01-12 16:00:00,4.8438,4.8546,4.7916,4.8177,2951218.6,2025-01-12 16:59:59.999,14188808.52223,39556,1786523.9,8587431.51707
2025-01-12 17:00:00,4.8176,4.8332,4.7934,4.813,1280330.8,2025-01-12 17:59:59.999,6161085.86642,24340,599951.9,2886317.45049
2025-01-12 18:00:00,4.8129,4.8313,4.7582,4.7705,2506145.0,2025-01-12 18:59:59.999,11993306.03007,32785,1233788.6,5901639.69069
2025-01-12 19:00:00,4.7704,4.7857,4.7526,4.7642,1211377.8,2025-01-12 19:59:59.999,5772704.71081,23398,532866.0,2539313.86541
2025-01-12 20:00:00,4.7643,4.781,4.7467,4.7639,964327.1,2025-01-12 20:59:59.999,4591335.25568,24266,476906.9,2270649.72999
2025-01-12 21:00:00,4.7639,4.7704,4.7249,4.7393,1441206.2,2025-01-12 21:59:59.999,6829351.67784,29575,619349.4,2935067.37954
2025-01-12 22:00:00,4.7392,4.7459,4.6884,4.7064,2257442.2,2025-01-12 22:59:59.999,10628608.67769,37442,1106975.2,5213093.71637
2025-01-12 23:00:00,4.7065,4.743,4.7024,4.7328,1506407.4,2025-01-12 23:59:59.999,7114792.35383,31429,727827.6,3437157.86756
2025-01-13 00:00:00,4.7328,4.8606,4.7162,4.7818,4243724.0,2025-01-13 00:59:59.999,20364641.88198,79770,2091007.8,10031653.02294
2025-01-13 01:00:00,4.7818,4.7958,4.66,4.6779,3667198.5,2025-01-13 01:59:59.999,17328718.62736,85454,1933857.4,9139865.27989
2025-01-13 02:00:00,4.6779,4.7087,4.6353,4.6922,4204353.7,2025-01-13 02:59:59.999,19602913.8271,67491,2108973.3,9833197.03434
2025-01-13 03:00:00,4.6922,4.7124,4.5942,4.6211,6654126.5,2025-01-13 03:59:59.999,30874853.65332,76379,3342468.3,15495588.25715
2025-01-13 04:00:00,4.6211,4.6566,4.6005,4.6241,1682989.4,2025-01-13 04:59:59.999,7789013.67138,38936,919813.0,4256454.0817
2025-01-13 05:00:00,4.624,4.6273,4.5388,4.5463,3483463.0,2025-01-13 05:59:59.999,15942956.43283,54448,1694902.3,7762092.23928
2025-01-13 06:00:00,4.5464,4.567,4.4319,4.4787,5541618.2,2025-01-13 06:59:59.999,24982173.23941,85075,2385604.3,10758115.88101
2025-01-13 07:00:00,4.4788,4.5484,4.446,4.5225,4518241.4,2025-01-13 07:59:59.999,20343017.39592,68412,2338245.5,10527886.75961
2025-01-13 08:00:00,4.5225,4.5265,4.4448,4.4553,3920789.4,2025-01-13 08:59:59.999,17554996.42293,63864,1915795.0,8580096.37313
2025-01-13 09:00:00,4.4554,4.4773,4.4061,4.457,5898987.0,2025-01-13 09:59:59.999,26197262.99953,94690,3007106.7,13348235.13108
2025-01-13 10:00:00,4.4571,4.4604,4.3836,4.4334,4759260.5,2025-01-13 10:59:59.999,21030317.52832,105254,2205219.3,9744922.74797
2025-01-13 11:00:00,4.4334,4.4374,4.3058,4.3129,6984213.5,2025-01-13 11:59:59.999,30524793.25876,117977,2992506.7,13088885.40148
2025-01-13 12:00:00,4.3128,4.399,4.2836,4.3483,6904196.9,2025-01-13 12:59:59.999,30024829.17959,131726,3538276.3,15394359.59601
2025-01-13 13:00:00,4.3483,4.4456,4.3235,4.3702,5890323.0,2025-01-13 13:59:59.999,25890858.73691,104562,3395431.9,14928949.47237
2025-01-13 14:00:00,4.3703,4.5305,4.253,4.4697,14027627.2,2025-01-13 14:59:59.999,61969814.15218,230741,7324038.0,32400141.15029
2025-01-13 15:00:00,4.4699,4.5872,4.451,4.5193,12199913.7,2025-01-13 15:59:59.999,55431126.41972,190878,6970013.6,31685520.7257
2025-01-13 16:00:00,4.5192,4.5708,4.4567,4.4609,5350238.6,2025-01-13 16:59:59.999,24233021.17426,120355,2516856.1,11398890.2773
2025-01-13 17:00:00,4.4608,4.5208,4.4542,4.4797,3590499.9,2025-01-13 17:59:59.999,16084362.58497,105729,1677694.2,7517477.14572
2025-01-13 18:00:00,4.4797,4.5289,4.4311,4.4731,3524354.5,2025-01-13 18:59:59.999,15754113.31653,104150,1725883.1,7713654.74751
2025-01-13 19:00:00,4.4731,4.5358,4.4671,4.5018,3364651.7,2025-01-13 19:59:59.999,15155587.67729,79581,1783631.7,8030433.76775
2025-01-13 20:00:00,4.5017,4.6338,4.4694,4.629,3100917.7,2025-01-13 20:59:59.999,14161753.43611,73925,1679568.7,7674646.71487
2025-01-13 21:00:00,4.6292,4.6531,4.5765,4.6283,4195102.8,2025-01-13 21:59:59.999,19361749.95756,94097,2104124.8,9714415.77718
2025-01-13 22:00:00,4.6284,4.7739,4.627,4.7488,5543071.2,2025-01-13 22:59:59.999,26174772.40844,83483,2664404.2,12575672.45694
2025-01-13 23:00:00,4.749,4.7653,4.7077,4.7487,2681788.9,2025-01-13 23:59:59.999,12692676.66465,50985,1326846.1,6280821.9684
2025-01-14 00:00:00,4.7488,4.7579,4.6219,4.637,3383257.5,2025-01-14 00:59:59.999,15799301.9655,68556,1515948.6,7079210.19452
2025-01-14 01:00:00,4.6367,4.7247,4.6367,4.6634,2812040.2,2025-01-14 01:59:59.999,13180396.45603,58257,1547598.6,7256716.16639
2025-01-14 02:00:00,4.6634,4.7314,4.6451,4.6777,2578108.2,2025-01-14 02:59:59.999,12104001.68643,59249,1382766.5,6492885.89468
2025-01-14 03:00:00,4.6777,4.699,4.6375,4.6381,1310670.1,2025-01-14 03:59:59.999,6125269.75493,37457,606431.0,2833945.36236
2025-01-14 04:00:00,4.6381,4.704,4.6342,4.6875,1801616.5,2025-01-14 04:59:59.999,8403880.04695,33676,909192.3,4239671.07771
2025-01-14 05:00:00,4.6874,4.726,4.5728,4.5833,2606050.3,2025-01-14 05:59:59.999,12081096.29246,48710,1095949.6,5082464.5425
2025-01-14 06:00:00,4.5833,4.606,4.5737,4.5973,1831395.5,2025-01-14 06:59:59.999,8402661.9925,38621,786624.2,3609415.1908
2025-01-14 07:00:00,4.5973,4.605,4.5411,4.5537,1789283.2,2025-01-14 07:59:59.999,8182748.20059,36278,886271.0,4053030.97354
2025-01-14 08:00:00,4.5537,4.6221,4.546,4.6096,2563881.5,2025-01-14 08:59:59.999,11766817.35673,50744,1293766.5,5936482.2954
2025-01-14 09:00:00,4.6097,4.764,4.5946,4.7239,5234159.8,2025-01-14 09:59:59.999,24598237.66842,112550,2753700.7,12937162.45335
2025-01-14 10:00:00,4.724,4.7273,4.6354,4.6539,2907340.4,2025-01-14 10:59:59.999,13577027.41862,62344,1498879.2,6998484.73789
2025-01-14 11:00:00,4.6539,4.654,4.5764,4.5846,2786128.5,2025-01-14 11:59:59.999,12829408.31804,46228,1368293.3,6299225.88258
2025-01-14 12:00:00,4.5846,4.5945,4.546,4.5538,2622013.7,2025-01-14 12:59:59.999,11984411.48595,47498,1345230.8,6150002.74252
2025-01-14 13:00:00,4.5539,4.6738,4.5492,4.6357,5743328.5,2025-01-14 13:59:59.999,26519835.45275,106512,3007560.3,13886289.91503
2025-01-14 14:00:00,4.6358,4.7176,4.6062,4.6403,4865499.8,2025-01-14 14:59:59.999,22653456.44844,105125,2293594.3,10680645.02326
2025-01-14 15:00:00,4.6403,4.6919,4.6243,4.625,2842574.2,2025-01-14 15:59:59.999,13227761.59903,67937,1417798.3,6597735.17673
2025-01-14 16:00:00,4.6249,4.6249,4.5576,4.5854,3065852.6,2025-01-14 16:59:59.999,14055864.49233,73302,1614529.1,7403453.6499
2025-01-14 17:00:00,4.5853,4.6195,4.5625,4.5801,2305689.2,2025-01-14 17:59:59.999,10577539.56851,48740,1174485.1,5387952.76347
2025-01-14 18:00:00,4.58,4.6247,4.555,4.5959,2056486.0,2025-01-14 18:59:59.999,9435615.90057,46791,1023567.5,4695404.31566
2025-01-14 19:00:00,4.596,4.6127,4.5697,4.61,2240584.3,2025-01-14 19:59:59.999,10289198.53696,44014,1136620.2,5218758.41259
2025-01-14 20:00:00,4.61,4.6128,4.558,4.5774,2096665.8,2025-01-14 20:59:59.999,9605761.18519,46592,904391.8,4142411.03953
2025-01-14 21:00:00,4.5776,4.591,4.5654,4.5823,1506274.6,2025-01-14 21:59:59.999,6892216.50027,28725,779342.8,3566013.65156
2025-01-14 22:00:00,4.5824,4.65,4.5824,4.6295,2109254.2,2025-01-14 22:59:59.999,9729729.31167,27766,1139276.8,5255277.17633
2025-01-14 23:00:00,4.6295,4.6333,4.5782,4.5855,1722766.2,2025-01-14 23:59:59.999,7924434.41193,41251,733652.6,3374347.42652
2025-01-15 00:00:00,4.5855,4.6232,4.5303,4.5502,3171062.0,2025-01-15 00:59:59.999,14506171.56552,70680,1547060.7,7076387.90034
2025-01-15 01:00:00,4.5501,4.5664,4.5036,4.5395,3760354.7,2025-01-15 01:59:59.999,17064745.81125,72406,1685499.0,7646468.39044
2025-01-15 02:00:00,4.5395,4.5694,4.507,4.507,3118191.4,2025-01-15 02:59:59.999,14119635.68733,61707,1381404.9,6257705.32879
2025-01-15 03:00:00,4.507,4.5577,4.4881,4.5556,2492084.1,2025-01-15 03:59:59.999,11260322.42651,41884,1108163.1,5008119.81149
2025-01-15 04:00:00,4.5557,4.6165,4.5557,4.5819,2391823.4,2025-01-15 04:59:59.999,10967425.5001,50609,1243796.3,5702484.3689
2025-01-15 05:00:00,4.582,4.5859,4.5443,4.548,2311489.5,2025-01-15 05:59:59.999,10535808.34048,34659,1393061.6,6348238.8308
2025-01-15 06:00:00,4.5479,4.5581,4.504,4.5453,1915550.8,2025-01-15 06:59:59.999,8676817.04134,34851,871320.8,3947150.29579
2025-01-15 07:00:00,4.5452,4.6041,4.5447,4.5738,2233929.1,2025-01-15 07:59:59.999,10223793.18156,43177,1048482.2,4799615.24811
2025-01-15 08:00:00,4.5738,4.6111,4.5591,4.56,1927019.5,2025-01-15 08:59:59.999,8835999.8582,42760,894578.0,4100342.13325
2025-01-15 09:00:00,4.56,4.5667,4.4525,4.4652,3778873.0,2025-01-15 09:59:59.999,17019788.0549,60125,1905281.5,8579193.02934
2025-01-15 10:00:00,4.4652,4.5169,4.4649,4.4848,1884539.7,2025-01-15 10:59:59.999,8466194.79425,36381,959492.6,4310482.64753
2025-01-15 11:00:00,4.4847,4.4894,4.4326,4.4772,2445315.5,2025-01-15 11:59:59.999,10898383.61722,50201,1253321.2,5586481.37642
2025-01-15 12:00:00,4.4772,4.4925,4.4464,4.474,1656753.0,2025-01-15 12:59:59.999,7396857.61429,40593,851422.5,3801312.9579
2025-01-15 13:00:00,4.4741,4.8063,4.4728,4.7863,14194002.2,2025-01-15 13:59:59.999,66514951.73525,226610,7212117.9,33787186.05028
2025-01-15 14:00:00,4.7862,4.848,4.7311,4.8006,11854986.3,2025-01-15 14:59:59.999,56723938.89792,207845,5671362.0,27139396.85053
2025-01-15 15:00:00,4.8006,4.8559,4.7589,4.7604,6901476.4,2025-01-15 15:59:59.999,33238021.54321,140229,3448984.8,16608939.79134
2025-01-15 16:00:00,4.7605,4.8022,4.7349,4.7537,4885530.1,2025-01-15 16:59:59.999,23311371.71416,89797,2214831.3,10568663.03574
2025-01-15 17:00:00,4.7536,4.763,4.6576,4.6577,4420463.6,2025-01-15 17:59:59.999,20855953.97375,70497,2015049.3,9507762.56193
2025-01-15 18:00:00,4.6577,4.731,4.6577,4.7286,2195837.7,2025-01-15 18:59:59.999,10303400.79091,42895,1180101.4,5538072.09494
2025-01-15 19:00:00,4.7285,4.7375,4.6934,4.729,1829215.9,2025-01-15 19:59:59.999,8627602.46508,43517,854823.6,4031861.78217
2025-01-15 20:00:00,4.729,4.7853,4.7125,4.7249,3767737.0,2025-01-15 20:59:59.999,17870075.4425,58594,1812091.1,8592396.73378
2025-01-15 21:00:00,4.7243,4.8145,4.7228,4.7959,2263254.9,2025-01-15 21:59:59.999,10796673.64402,44667,1172083.9,5590363.54135
2025-01-15 22:00:00,4.7959,4.89,4.7778,4.8692,3624682.6,2025-01-15 22:59:59.999,17510063.65336,47965,1716143.4,8289015.73778
2025-01-15 23:00:00,4.8691,4.8919,4.8315,4.8359,2452357.2,2025-01-15 23:59:59.999,11918246.3735,54114,1178893.1,5729580.24656
2025-01-16 00:00:00,4.836,4.8413,4.6891,4.7134,4911124.8,2025-01-16 00:59:59.999,23313880.43424,88106,2509904.1,11915395.30748
2025-01-16 01:00:00,4.7135,4.7535,4.7105,4.7302,1764741.9,2025-01-16 01:59:59.999,8352830.09137,36992,966818.7,4576144.72892
2025-01-16 02:00:00,4.7302,4.7346,4.7062,4.7147,1468246.2,2025-01-16 02:59:59.999,6926509.1136,31745,833581.2,3932279.30149
2025-01-16 03:00:00,4.7147,4.7381,4.6656,4.6828,1908272.1,2025-01-16 03:59:59.999,8969501.16754,39274,1006914.6,4733877.35874
2025-01-16 04:00:00,4.6828,4.7024,4.6673,4.6895,1514917.9,2025-01-16 04:59:59.999,7096521.61138,25947,738293.7,3458188.93014
2025-01-16 05:00:00,4.6895,4.69,4.6332,4.6466,1955540.3,2025-01-16 05:59:59.999,9107177.12936,29745,979070.8,4558736.92305
2025-01-16 06:00:00,4.6465,4.6895,4.6377,4.678,1262384.9,2025-01-16 06:59:59.999,5896183.23547,23583,652025.9,3045523.2351
2025-01-16 07:00:00,4.6781,4.6845,4.6511,4.6703,1273525.4,2025-01-16 07:59:59.999,5943872.2857,20903,613436.2,2862623.06884
2025-01-16 08:00:00,4.6704,4.6784,4.5873,4.6055,2217787.0,2025-01-16 08:59:59.999,10256600.96136,47986,1129874.3,5225080.11454
2025-01-16 09:00:00,4.6055,4.6255,4.5802,4.6184,2062570.5,2025-01-16 09:59:59.999,9491047.04768,40474,1132255.9,5209192.16041
2025-01-16 10:00:00,4.6184,4.6281,4.5985,4.621,1446405.3,2025-01-16 10:59:59.999,6673075.14721,23595,713491.1,3292825.36796
2025-01-16 11:00:00,4.621,4.6746,4.592,4.6736,4017258.6,2025-01-16 11:59:59.999,18593794.74139,60387,2058490.7,9532509.73492
2025-01-16 12:00:00,4.6736,4.7836,4.6649,4.7399,5611793.8,2025-01-16 12:59:59.999,26592081.97313,112171,2382287.7,11284284.38575
2025-01-16 13:00:00,4.7399,4.7426,4.655,4.6911,5601130.0,2025-01-16 13:59:59.999,26302597.95376,117986,2480139.6,11651268.77043
2025-01-16 14:00:00,4.6911,4.757,4.5954,4.6449,6867480.6,2025-01-16 14:59:59.999,32079000.86849,144256,3538704.5,16531960.04397
2025-01-16 15:00:00,4.645,4.712,4.624,4.7116,3370927.9,2025-01-16 15:59:59.999,15754214.8496,99220,1551296.0,7248752.90322
2025-01-16 16:00:00,4.7115,4.7788,4.7094,4.7372,4303569.1,2025-01-16 16:59:59.999,20430961.87286,75507,2451812.7,11640127.51599
2025-01-16 17:00:00,4.7371,4.952,4.7217,4.919,7298875.3,2025-01-16 17:59:59.999,35468568.4799,126206,3723181.2,18096871.12788
2025-01-16 18:00:00,4.9191,4.9798,4.8886,4.9042,5375212.3,2025-01-16 18:59:59.999,26553741.16707,112821,2275252.1,11243826.90428
2025-01-16 19:00:00,4.9043,5.0074,4.9004,5.0051,3218194.5,2025-01-16 19:59:59.999,15984823.16902,62921,1811490.7,8997994.72164
2025-01-16 20:00:00,5.0051,5.0574,4.918,4.9235,5307725.2,2025-01-16 20:59:59.999,26520270.42664,96891,2624016.6,13107234.29398
2025-01-16 21:00:00,4.9236,4.9332,4.8585,4.8804,2526306.2,2025-01-16 21:59:59.999,12364397.07971,62557,1217278.1,5957183.4812
2025-01-16 22:00:00,4.8804,4.8864,4.7585,4.7625,3233060.4,2025-01-16 22:59:59.999,15571406.02301,58210,1639810.3,7893183.48395
2025-01-16 23:00:00,4.7626,4.7947,4.7215,4.749,2646822.1,2025-01-16 23:59:59.999,12580021.6266,54057,1343315.6,6384355.6864
2025-01-17 00:00:00,4.749,4.7805,4.7121,4.7324,2020697.9,2025-01-17 00:59:59.999,9590783.0992,42889,1094550.3,5194857.88304
2025-01-17 01:00:00,4.7324,4.849,4.7324,4.8364,3603889.8,2025-01-17 01:59:59.999,17279075.79407,64770,1894684.4,9084546.68272
2025-01-17 02:00:00,4.8365,4.9383,4.8093,4.8347,4806011.0,2025-01-17 02:59:59.999,23455353.12305,88290,2522086.0,12308804.05697
2025-01-17 03:00:00,4.8347,4.8596,4.794,4.807,2193859.5,2025-01-17 03:59:59.999,10576153.40139,44638,1058123.7,5101809.89726
2025-01-17 04:00:00,4.8071,4.8592,4.7937,4.858,1687114.0,2025-01-17 04:59:59.999,8133289.07589,35833,941912.7,4540533.42842
2025-01-17 05:00:00,4.8578,4.8642,4.7958,4.8112,1952915.0,2025-01-17 05:59:59.999,9431643.48286,36826,989524.0,4778092.12277
2025-01-17 06:00:00,4.8112,4.8509,4.809,4.8275,1430326.7,2025-01-17 06:59:59.999,6907932.72009,30553,801772.3,3872584.19482
2025-01-17 07:00:00,4.8275,4.8442,4.7343,4.7815,3122141.1,2025-01-17 07:59:59.999,14994753.8959,43488,1231938.4,5920870.45633
2025-01-17 08:00:00,4.7815,4.8353,4.7608,4.8198,3339516.8,2025-01-17 08:59:59.999,16010866.83377,66962,1671856.3,8015176.29564
2025-01-17 09:00:00,4.8198,4.8373,4.7789,4.8003,2181896.1,2025-01-17 09:59:59.999,10479248.18787,50951,1115550.9,5356538.0858
2025-01-17 10:00:00,4.8003,4.9157,4.7993,4.8939,4216028.2,2025-01-17 10:59:59.999,20439751.70137,70732,2203855.0,10684964.98382
2025-01-17 11:00:00,4.894,4.9687,4.8758,4.9037,4214689.2,2025-01-17 11:59:59.999,20781246.23263,73987,2231529.0,10998328.64969
2025-01-17 12:00:00,4.9037,4.9451,4.8977,4.9052,2760839.9,2025-01-17 12:59:59.999,13584983.01455,58995,1414847.8,6961708.43604
2025-01-17 13:00:00,4.9053,4.9505,4.8235,4.8324,3230944.6,2025-01-17 13:59:59.999,15776332.73453,73530,1535401.1,7501148.48063
2025-01-17 14:00:00,4.8325,4.9572,4.8309,4.9257,4944378.5,2025-01-17 14:59:59.999,24214715.05999,124517,2526467.1,12371225.70694
2025-01-17 15:00:00,4.9256,4.9578,4.8495,4.8821,4172661.6,2025-01-17 15:59:59.999,20455916.45891,106718,2135124.9,10465767.20516
2025-01-17 16:00:00,4.8822,4.9405,4.8533,4.9204,2528682.9,2025-01-17 16:59:59.999,12406984.53807,66954,1191238.0,5845089.74879
2025-01-17 17:00:00,4.9203,4.9267,4.7829,4.7848,3882874.7,2025-01-17 17:59:59.999,18803710.65548,81137,1815673.7,8792827.66809
2025-01-17 18:00:00,4.7847,4.8214,4.7756,4.7795,2333423.2,2025-01-17 18:59:59.999,11202968.68485,47906,1193499.4,5729455.34648
2025-01-17 19:00:00,4.7795,4.8477,4.7786,4.8072,1931435.3,2025-01-17 19:59:59.999,9310705.90585,41353,848440.8,4089138.39115
2025-01-17 20:00:00,4.8073,4.9566,4.7985,4.9305,4011536.9,2025-01-17 20:59:59.999,19561810.32203,82044,1746357.6,8515219.94051
2025-01-17 21:00:00,4.9305,4.9528,4.8523,4.895,3881706.0,2025-01-17 21:59:59.999,19044299.48661,73462,1914329.7,9388594.30119
2025-01-17 22:00:00,4.8949,4.9083,4.8642,4.876,1365697.0,2025-01-17 22:59:59.999,6674632.76583,33057,663480.5,3241328.72183
2025-01-17 23:00:00,4.8759,4.8783,4.8346,4.8382,1589095.2,2025-01-17 23:59:59.999,7714775.36916,42645,784841.0,3810818.38221
2025-01-18 00:00:00,4.8381,4.947,4.8381,4.9183,2746345.2,2025-01-18 00:59:59.999,13461886.13805,67129,1335642.8,6545802.27278
2025-01-18 01:00:00,4.9183,4.9396,4.864,4.9072,2423376.1,2025-01-18 01:59:59.999,11870047.1862,57720,1194590.5,5849448.92706
2025-01-18 02:00:00,4.9073,4.9324,4.8724,4.8855,1402134.5,2025-01-18 02:59:59.999,6876507.21555,49721,747570.6,3665573.6202
2025-01-18 03:00:00,4.8855,4.9216,4.752,4.7919,4272032.2,2025-01-18 03:59:59.999,20606925.32559,115306,2117988.7,10218077.24691
2025-01-18 04:00:00,4.7918,4.8237,4.7445,4.7584,2699745.6,2025-01-18 04:59:59.999,12899920.47853,79255,1264337.7,6039995.69664
2025-01-18 05:00:00,4.7585,4.782,4.6197,4.6314,6137551.5,2025-01-18 05:59:59.999,28762377.93234,131038,2957148.2,13861902.87666
2025-01-18 06:00:00,4.6313,4.7517,4.6291,4.7125,3799212.6,2025-01-18 06:59:59.999,17889567.18828,95589,1913158.6,9004627.60088
2025-01-18 07:00:00,4.7124,4.7277,4.6701,4.6898,1912380.0,2025-01-18 07:59:59.999,8992727.65723,55615,973967.6,4580117.73444
2025-01-18 08:00:00,4.6899,4.708,4.6462,4.6965,2807094.3,2025-01-18 08:59:59.999,13138325.77705,65691,1348781.9,6313366.28464
2025-01-18 09:00:00,4.6965,4.7105,4.6426,4.6763,1496729.8,2025-01-18 09:59:59.999,6994236.9676,36245,792912.0,3704821.83949
2025-01-18 10:00:00,4.6763,4.6861,4.6107,4.6542,2873787.1,2025-01-18 10:59:59.999,13347403.86311,69641,1381467.2,6415656.72335
2025-01-18 11:00:00,4.6542,4.7074,4.6353,4.6852,2878604.1,2025-01-18 11:59:59.999,13424784.74245,58048,1163960.4,5434756.43311
2025-01-18 12:00:00,4.6853,4.6999,4.6528,4.6697,1932158.1,2025-01-18 12:59:59.999,9037459.27185,48167,990589.2,4633012.96685
2025-01-18 13:00:00,4.6698,4.7414,4.65,4.7382,1894398.2,2025-01-18 13:59:59.999,8911067.38924,45595,962076.2,4525091.02729
2025-01-18 14:00:00,4.7382,4.7512,4.677,4.6867,3484005.6,2025-01-18 14:59:59.999,16398808.45096,52060,1375611.7,6475206.65163
2025-01-18 15:00:00,4.6867,4.8569,4.6686,4.7999,6022167.4,2025-01-18 15:59:59.999,28862823.95734,119381,3224292.9,15451523.91363
2025-01-18 16:00:00,4.7997,4.85,4.7518,4.815,5960033.0,2025-01-18 16:59:59.999,28656422.91898,166634,3074107.2,14780264.70249
2025-01-18 17:00:00,4.8151,4.9164,4.8139,4.8998,5018162.9,2025-01-18 17:59:59.999,24521220.72389,117997,2773990.0,13556012.6691
2025-01-18 18:00:00,4.8997,5.0055,4.8985,4.9295,6202780.5,2025-01-18 18:59:59.999,30709241.93367,118412,3556149.0,17609786.47162
2025-01-18 19:00:00,4.9295,5.07,4.9122,5.0614,5733566.3,2025-01-18 19:59:59.999,28719412.369,113794,2915193.9,14609580.82701
2025-01-18 20:00:00,5.0614,5.1396,4.9716,4.9833,8363353.9,2025-01-18 20:59:59.999,42396205.00869,152163,4462537.9,22648426.81655
2025-01-18 21:00:00,4.9833,5.0574,4.9814,5.0334,3058482.9,2025-01-18 21:59:59.999,15381682.24514,71233,1427767.0,7179162.02439
2025-01-18 22:00:00,5.0333,5.0541,5.0013,5.0033,1761451.8,2025-01-18 22:59:59.999,8864648.36769,39610,722712.2,3636744.11081
2025-01-18 23:00:00,5.0033,5.06,4.9981,5.004,2621733.7,2025-01-18 23:59:59.999,13180612.27832,72803,1233973.8,6204019.59895
2025-01-19 00:00:00,5.004,5.0267,4.9101,4.9214,4203925.5,2025-01-19 00:59:59.999,20806047.93129,120392,1895663.0,9380525.49248
2025-01-19 01:00:00,4.9215,4.9635,4.9181,4.9494,1911891.3,2025-01-19 01:59:59.999,9441451.36505,75528,1056364.5,5216417.14841
2025-01-19 02:00:00,4.9495,4.9853,4.9194,4.9237,2112777.3,2025-01-19 02:59:59.999,10469873.94514,59668,916354.1,4540966.67118
2025-01-19 03:00:00,4.9236,4.9383,4.8511,4.867,2736551.1,2025-01-19 03:59:59.999,13361969.7515,72196,1314554.5,6417591.93538
2025-01-19 04:00:00,4.8669,4.8904,4.8335,4.8543,3311401.5,2025-01-19 04:59:59.999,16097046.87692,107927,1714516.3,8333481.93727
2025-01-19 05:00:00,4.8542,4.8597,4.7764,4.8307,4350467.4,2025-01-19 05:59:59.999,20931643.23504,100739,2295471.8,11043603.1957
2025-01-19 06:00:00,4.8307,4.8839,4.8202,4.8714,3494669.5,2025-01-19 06:59:59.999,16969106.39725,73709,2051954.9,9965054.60349
2025-01-19 07:00:00,4.8714,4.9432,4.8604,4.9027,3985322.3,2025-01-19 07:59:59.999,19516907.93941,90019,2148767.9,10522342.88995
2025-01-19 08:00:00,4.9026,4.9206,4.8109,4.8216,6318579.4,2025-01-19 08:59:59.999,30669570.40489,171463,3250937.7,15785239.45264
2025-01-19 09:00:00,4.8215,4.9019,4.6972,4.8746,11374045.7,2025-01-19 09:59:59.999,54314652.61108,285288,5563106.2,26582570.65519
2025-01-19 10:00:00,4.8747,4.8957,4.8086,4.8337,4293165.6,2025-01-19 10:59:59.999,20830651.8063,138950,2109266.6,10232681.9661
2025-01-19 11:00:00,4.8337,4.8402,4.6774,4.7087,7572172.3,2025-01-19 11:59:59.999,35921217.92875,185674,3743480.4,17742304.53731
2025-01-19 12:00:00,4.7088,4.7841,4.705,4.7821,4521158.6,2025-01-19 12:59:59.999,21422289.08818,139086,2318593.3,10985554.68951
2025-01-19 13:00:00,4.782,4.894,4.7734,4.8937,5634026.6,2025-01-19 13:59:59.999,27311025.18906,130410,2856083.3,13844227.94437
2025-01-19 14:00:00,4.8927,4.9089,4.8062,4.8999,9368035.9,2025-01-19 14:59:59.999,45581983.14095,193732,4400545.0,21420044.15605
2025-01-19 15:00:00,4.8999,4.9549,4.869,4.879,6030708.8,2025-01-19 15:59:59.999,29611804.29743,126902,3004789.6,14751021.72204
2025-01-19 16:00:00,4.879,4.9272,4.8652,4.8986,2565481.5,2025-01-19 16:59:59.999,12549124.45808,43301,1338159.0,6543165.10621
2025-01-19 17:00:00,4.8986,4.9591,4.8831,4.9533,2251243.5,2025-01-19 17:59:59.999,11071355.83333,71610,999852.5,4917039.63625
2025-01-19 18:00:00,4.9532,4.984,4.9027,4.958,2839778.9,2025-01-19 18:59:59.999,14044324.92603,69003,1284887.4,6357908.34033
2025-01-19 19:00:00,4.9579,5.0275,4.9551,5.0053,3788837.5,2025-01-19 19:59:59.999,18945043.66969,101841,1925670.2,9631073.08556
2025-01-19 20:00:00,5.0053,5.0067,4.9075,4.9158,2903600.6,2025-01-19 20:59:59.999,14392574.00062,78034,1311939.5,6503785.33228
2025-01-19 21:00:00,4.916,4.9238,4.6922,4.6981,11023332.3,2025-01-19 21:59:59.999,52709455.03937,304252,5487379.0,26246344.67188
2025-01-19 22:00:00,4.6981,4.7676,4.5,4.6417,10678266.8,2025-01-19 22:59:59.999,49726955.16553,261577,5260569.2,24511992.23684
2025-01-19 23:00:00,4.6417,4.6418,4.3903,4.5071,17556515.3,2025-01-19 23:59:59.999,78901390.51473,449926,8378152.7,37667694.18733
2025-01-20 00:00:00,4.5067,4.5422,4.3353,4.3605,19205162.5,2025-01-20 00:59:59.999,85314639.30775,482644,9473359.7,42081902.74964
2025-01-20 01:00:00,4.3606,4.462,4.3565,4.4072,8495292.9,2025-01-20 01:59:59.999,37430139.57181,339771,4165245.8,18348538.36416
2025-01-20 02:00:00,4.4073,4.511,4.3926,4.4221,7189794.6,2025-01-20 02:59:59.999,32094864.10521,164763,3725485.5,16627102.58396
2025-01-20 03:00:00,4.4221,4.5087,4.4068,4.5017,4983132.5,2025-01-20 03:59:59.999,22281981.71069,131656,2352547.7,10522331.72908
2025-01-20 04:00:00,4.5016,4.56,4.4518,4.5099,3275611.4,2025-01-20 04:59:59.999,14751023.82155,86774,1861130.7,8385463.15607
2025-01-20 05:00:00,4.5098,4.5856,4.4883,4.5244,4475435.7,2025-01-20 05:59:59.999,20300727.5979,118484,2133588.1,9685005.06522
2025-01-20 06:00:00,4.5245,4.7788,4.5175,4.7124,7639637.2,2025-01-20 06:59:59.999,35572319.72123,196598,3518183.5,16376959.51728
2025-01-20 07:00:00,4.7123,4.847,4.6791,4.7468,10722057.6,2025-01-20 07:59:59.999,51166545.64433,354912,5068217.3,24184480.4973
2025-01-20 08:00:00,4.7468,4.8018,4.7277,4.7954,2933075.0,2025-01-20 08:59:59.999,14006173.47708,94744,1323748.3,6320114.90643
2025-01-20 09:00:00,4.7954,4.8242,4.7284,4.7852,3757300.7,2025-01-20 09:59:59.999,17971133.18476,114449,1945956.4,9310665.92157
2025-01-20 10:00:00,4.7853,4.838,4.7371,4.7585,3129995.4,2025-01-20 10:59:59.999,15000130.8647,86974,1291873.8,6193506.18131
2025-01-20 11:00:00,4.7584,4.7749,4.6994,4.7529,2548808.2,2025-01-20 11:59:59.999,12053457.36907,90115,1278856.7,6048483.49685
2025-01-20 12:00:00,4.7529,4.7596,4.55,4.5866,10768944.5,2025-01-20 12:59:59.999,49570746.70196,227759,6116127.3,28132940.6658
2025-01-20 13:00:00,4.5867,4.6491,4.5653,4.6467,4400433.3,2025-01-20 13:59:59.999,20288589.00352,152518,2254237.2,10391334.18834
2025-01-20 14:00:00,4.6466,4.662,4.6002,4.6468,2352130.7,2025-01-20 14:59:59.999,10888700.21145,83992,1188146.3,5499031.16957
2025-01-20 15:00:00,4.6466,4.6535,4.5538,4.5699,4407975.6,2025-01-20 15:59:59.999,20293423.01024,151061,2129924.1,9804348.61184
2025-01-20 16:00:00,4.5699,4.6438,4.4973,4.6361,6153926.2,2025-01-20 16:59:59.999,28170574.63485,178029,2772175.1,12697670.62059
2025-01-20 17:00:00,4.6358,4.6423,4.29,4.401,18553927.6,2025-01-20 17:59:59.999,82460391.89191,461640,9357896.0,41612517.04251
2025-01-20 18:00:00,4.4011,4.4886,4.3396,4.4798,6691402.9,2025-01-20 18:59:59.999,29739300.26437,206398,3187125.0,14165389.43394
2025-01-20 19:00:00,4.4799,4.4825,4.3896,4.4116,4206922.2,2025-01-20 19:59:59.999,18626713.12753,130222,2001848.4,8863644.48795
2025-01-20 20:00:00,4.4116,4.4578,4.3935,4.4238,3261661.2,2025-01-20 20:59:59.999,14460158.086,106887,1564449.7,6935052.08751
2025-01-20 21:00:00,4.4238,4.46,4.3682,4.3733,2051647.7,2025-01-20 21:59:59.999,9061491.10556,74243,968039.9,4275684.11265
2025-01-20 22:00:00,4.3733,4.4768,4.322,4.4663,3040033.6,2025-01-20 22:59:59.999,13323535.49339,87422,1572378.6,6893435.03581
2025-01-20 23:00:00,4.4664,4.47,4.3864,4.4181,3098491.3,2025-01-20 23:59:59.999,13704955.13575,115588,1320489.3,5840977.08454
2025-01-21 00:00:00,4.4181,4.4283,4.3023,4.3168,3729261.8,2025-01-21 00:59:59.999,16324088.61395,166445,1728400.3,7567226.06881
2025-01-21 01:00:00,4.3168,4.3634,4.2167,4.311,7444280.7,2025-01-21 01:59:59.999,31933973.20367,234170,3559045.0,15267145.23236
2025-01-21 02:00:00,4.311,4.3844,4.2639,4.3793,4901450.1,2025-01-21 02:59:59.999,21149837.1623,177987,2533693.3,10932072.8434
2025-01-21 03:00:00,4.3792,4.3813,4.3164,4.3268,2420855.1,2025-01-21 03:59:59.999,10524613.24932,102050,1046980.4,4550759.17813
2025-01-21 04:00:00,4.3269,4.3682,4.2792,4.3672,3264945.9,2025-01-21 04:59:59.999,14102805.90544,112426,1547159.6,6683122.08908
2025-01-21 05:00:00,4.3671,4.3719,4.2716,4.289,1831712.9,2025-01-21 05:59:59.999,7911830.74352,70959,864593.6,3734699.66258
2025-01-21 06:00:00,4.2891,4.3404,4.2587,4.3089,2729494.0,2025-01-21 06:59:59.999,11736602.3902,81113,1200362.2,5162439.14028
2025-01-21 07:00:00,4.309,4.3454,4.2861,4.3037,2237710.4,2025-01-21 07:59:59.999,9661291.54978,60026,1150941.8,4967798.29077
2025-01-21 08:00:00,4.3036,4.3384,4.2704,4.3173,2184319.7,2025-01-21 08:59:59.999,9406033.80423,72095,1155220.3,4973947.76759
2025-01-21 09:00:00,4.3172,4.3567,4.3077,4.3566,1982126.4,2025-01-21 09:59:59.999,8590686.22005,77039,945735.0,4098220.06005
2025-01-21 10:00:00,4.3567,4.4568,4.3411,4.4468,2801672.4,2025-01-21 10:59:59.999,12338720.10207,91156,1419138.1,6249982.4362
2025-01-21 11:00:00,4.4467,4.4872,4.4208,4.4334,3176237.1,2025-01-21 11:59:59.999,14135629.9145,135950,1552688.3,6910008.9181
2025-01-21 12:00:00,4.4335,4.4734,4.4175,4.4599,2274307.0,2025-01-21 12:59:59.999,10109000.19029,75281,1181282.7,5249653.49018
2025-01-21 13:00:00,4.4598,4.5051,4.4441,4.4703,2955360.1,2025-01-21 13:59:59.999,13221783.99862,91134,1536937.4,6878066.28246
2025-01-21 14:00:00,4.4704,4.502,4.4166,4.4318,3124734.7,2025-01-21 14:59:59.999,13931430.95565,120026,1465166.2,6531895.10444
2025-01-21 15:00:00,4.4317,4.4563,4.3866,4.4417,2410355.5,2025-01-21 15:59:59.999,10671485.723,98979,1145516.3,5071059.65541
2025-01-21 16:00:00,4.4416,4.5399,4.432,4.5032,3717910.7,2025-01-21 16:59:59.999,16724362.51803,122911,1773046.0,7976182.98269
2025-01-21 17:00:00,4.5033,4.6662,4.4981,4.6637,3280675.3,2025-01-21 17:59:59.999,15015620.67053,81644,1589117.1,7275034.81631
2025-01-21 18:00:00,4.6639,4.7989,4.6464,4.7496,5997747.5,2025-01-21 18:59:59.999,28407059.873,167865,2762923.4,13084350.58349
2025-01-21 19:00:00,4.7495,4.7799,4.6802,4.7571,3563324.5,2025-01-21 19:59:59.999,16850018.78423,104710,1646987.2,7790406.00755
2025-01-21 20:00:00,4.7571,4.7773,4.7137,4.7666,2422387.7,2025-01-21 20:59:59.999,11502691.96422,77855,1159038.2,5503553.76316
2025-01-21 21:00:00,4.7667,4.7684,4.6984,4.7116,2569721.8,2025-01-21 21:59:59.999,12137351.11181,77562,1139379.4,5381273.39474
2025-01-21 22:00:00,4.712,4.74,4.6435,4.7037,2393204.0,2025-01-21 22:59:59.999,11251832.41016,64754,1200066.2,5645946.41507
2025-01-21 23:00:00,4.7038,4.7116,4.632,4.6581,2714834.6,2025-01-21 23:59:59.999,12677125.16224,104978,1356693.6,6336218.4152
2025-01-22 00:00:00,4.658,4.6675,4.5915,4.6386,2481392.4,2025-01-22 00:59:59.999,11464609.06075,97930,1299588.2,6003720.56542
2025-01-22 01:00:00,4.6387,4.6417,4.5635,4.577,1650862.6,2025-01-22 01:59:59.999,7581824.0115,51830,746904.4,3431274.46133
2025-01-22 02:00:00,4.5769,4.6454,4.5653,4.6413,1152171.6,2025-01-22 02:59:59.999,5313445.92846,42420,546112.8,2517121.20098
2025-01-22 03:00:00,4.6413,4.7055,4.6382,4.6646,1827267.3,2025-01-22 03:59:59.999,8532052.13118,58243,868051.0,4052638.37334
2025-01-22 04:00:00,4.6645,4.6965,4.6464,4.6816,1486022.1,2025-01-22 04:59:59.999,6946364.97621,50416,706574.9,3304245.53738
2025-01-22 05:00:00,4.6815,4.7044,4.6607,4.6808,692906.5,2025-01-22 05:59:59.999,3244435.60818,28018,394899.9,1849103.77674
2025-01-22 06:00:00,4.6808,4.6866,4.6051,4.6222,1105793.2,2025-01-22 06:59:59.999,5127497.20449,44096,594571.9,2755418.33267
2025-01-22 07:00:00,4.6223,4.6281,4.5623,4.5657,1882182.2,2025-01-22 07:59:59.999,8640693.62712,54604,781986.9,3588533.95609
2025-01-22 08:00:00,4.5658,4.5859,4.5308,4.5822,1947021.1,2025-01-22 08:59:59.999,8874959.81585,72259,992899.7,4527887.45888
2025-01-22 09:00:00,4.5821,4.5823,4.5463,4.5549,1522122.9,2025-01-22 09:59:59.999,6945485.18385,43042,676550.8,3087789.53298
2025-01-22 10:00:00,4.5549,4.5796,4.5412,4.5701,859105.8,2025-01-22 10:59:59.999,3916005.32073,30765,411141.0,1873645.23451
2025-01-22 11:00:00,4.57,4.5953,4.5611,4.5797,1000808.3,2025-01-22 11:59:59.999,4581801.00263,33731,523397.6,2396225.71899
2025-01-22 12:00:00,4.5798,4.6091,4.5562,4.5694,1325341.3,2025-01-22 12:59:59.999,6070789.98854,40817,660866.3,3027203.88622
2025-01-22 13:00:00,4.5694,4.5839,4.5223,4.5377,1660365.5,2025-01-22 13:59:59.999,7555276.4983,52941,689592.6,3138211.73028
2025-01-22 14:00:00,4.5374,4.6193,4.5189,4.5495,2136691.5,2025-01-22 14:59:59.999,9761841.76552,76211,1094153.5,4996900.35405
2025-01-22 15:00:00,4.5496,4.6053,4.5363,4.5857,1872738.2,2025-01-22 15:59:59.999,8549283.34443,68710,862265.6,3937093.88602
2025-01-22 16:00:00,4.5858,4.6409,4.5662,4.6048,2284548.4,2025-01-22 16:59:59.999,10528796.49453,81526,1180102.7,5439512.40969
2025-01-22 17:00:00,4.6047,4.6338,4.5937,4.6134,1051658.1,2025-01-22 17:59:59.999,4852041.40331,39498,506610.0,2337445.07717
2025-01-22 18:00:00,4.6134,4.6237,4.527,4.5382,1159807.8,2025-01-22 18:59:59.999,5303038.69416,46855,589175.6,2695191.14148
2025-01-22 19:00:00,4.5382,4.5928,4.536,4.5578,1322058.5,2025-01-22 19:59:59.999,6036292.54441,52028,613763.7,2801343.75128
2025-01-22 20:00:00,4.5579,4.6039,4.5438,4.5502,1071481.6,2025-01-22 20:59:59.999,4905256.1386,38686,539661.6,2470155.07656
2025-01-22 21:00:00,4.5503,4.5575,4.5052,4.5107,1305442.9,2025-01-22 21:59:59.999,5905929.36513,35850,520403.3,2354907.57769
2025-01-22 22:00:00,4.5106,4.525,4.457,4.4617,1435554.2,2025-01-22 22:59:59.999,6447319.02825,35102,558003.3,2505208.82979
2025-01-22 23:00:00,4.4606,4.4906,4.452,4.4711,1069741.6,2025-01-22 23:59:59.999,4780651.26253,47055,583779.2,2608570.41199
2025-01-23 00:00:00,4.471,4.4778,4.4322,4.4347,1973549.9,2025-01-23 00:59:59.999,8784033.2417,47295,718676.8,3199879.79231
2025-01-23 01:00:00,4.4347,4.4583,4.3692,4.3759,2158709.6,2025-01-23 01:59:59.999,9531141.91444,55282,1084605.1,4788184.36963
2025-01-23 02:00:00,4.3759,4.3902,4.3058,4.3808,2822697.0,2025-01-23 02:59:59.999,12271746.42251,89350,1324913.9,5763192.32526
2025-01-23 03:00:00,4.3808,4.4161,4.3647,4.3893,1246216.0,2025-01-23 03:59:59.999,5473412.06374,35610,542717.3,2384770.17791
2025-01-23 04:00:00,4.3894,4.3998,4.35,4.3746,1214046.0,2025-01-23 04:59:59.999,5312232.34019,39199,640342.9,2800677.64767
2025-01-23 05:00:00,4.3745,4.4318,4.3741,4.4315,1024492.5,2025-01-23 05:59:59.999,4518896.20833,34717,582657.0,2570732.91794
2025-01-23 06:00:00,4.4314,4.4387,4.3822,4.3905,983487.3,2025-01-23 06:59:59.999,4335463.95232,30370,428029.9,1886065.13272
2025-01-23 07:00:00,4.3905,4.4025,4.3632,4.3998,1468215.8,2025-01-23 07:59:59.999,6430366.26853,37826,842244.7,3689589.42913
2025-01-23 08:00:00,4.3997,4.41,4.3457,4.3465,1093838.6,2025-01-23 08:59:59.999,4788959.99988,34940,537002.2,2351802.75673
2025-01-23 09:00:00,4.3464,4.3788,4.3212,4.3268,1229493.3,2025-01-23 09:59:59.999,5348145.75431,44780,570999.0,2484110.68987
2025-01-23 10:00:00,4.3268,4.3551,4.2815,4.3039,1717382.0,2025-01-23 10:59:59.999,7416027.18298,53171,749368.0,3238457.76308
2025-01-23 11:00:00,4.3039,4.3445,4.2966,4.3396,1338887.9,2025-01-23 11:59:59.999,5787276.45235,33377,674501.6,2914346.28819
2025-01-23 12:00:00,4.3397,4.3478,4.2828,4.2915,1561187.7,2025-01-23 12:59:59.999,6731687.02824,45717,644278.1,2778707.38926
2025-01-23 13:00:00,4.2915,4.3775,4.2599,4.3635,2056817.9,2025-01-23 13:59:59.999,8861936.05288,57269,918288.3,3961358.48498
2025-01-23 14:00:00,4.3634,4.476,4.3286,4.4281,4542391.7,2025-01-23 14:59:59.999,20067933.21056,140650,2277013.9,10052432.56833
2025-01-23 15:00:00,4.4282,4.443,4.342,4.392,5783212.2,2025-01-23 15:59:59.999,25374300.35712,186574,2863556.8,12560619.59766
2025-01-23 16:00:00,4.3919,4.4518,4.371,4.3764,3278242.7,2025-01-23 16:59:59.999,14470849.36191,110964,1657278.9,7316954.69219
2025-01-23 17:00:00,4.3769,4.3999,4.335,4.3974,1475389.8,2025-01-23 17:59:59.999,6436984.55796,56921,717894.8,3131537.85139
2025-01-23 18:00:00,4.3975,4.4083,4.3132,4.3176,1225422.6,2025-01-23 18:59:59.999,5331615.48286,39638,644022.5,2801963.92624
2025-01-23 19:00:00,4.3176,4.3203,4.2465,4.2635,1864938.1,2025-01-23 19:59:59.999,7985599.30147,59790,907202.5,3885767.59683
2025-01-23 20:00:00,4.2634,4.4236,4.2493,4.3091,6312970.1,2025-01-23 20:59:59.999,27392628.84585,218740,3043990.3,13207897.73346
2025-01-23 21:00:00,4.309,4.3222,4.156,4.1909,5663352.7,2025-01-23 21:59:59.999,23843801.42613,148621,2790521.9,11748237.95547
2025-01-23 22:00:00,4.1908,4.3403,4.1798,4.3355,2721095.0,2025-01-23 22:59:59.999,11608962.11081,65468,1542720.7,6582958.42111
2025-01-23 23:00:00,4.3356,4.376,4.3004,4.3023,2092815.9,2025-01-23 23:59:59.999,9071451.56802,54277,1005975.1,4359643.60903
2025-01-24 00:00:00,4.3023,4.3248,4.2069,4.2156,2301503.0,2025-01-24 00:59:59.999,9808214.70892,53316,1150778.7,4905062.28181
2025-01-24 01:00:00,4.2155,4.256,4.18,4.1844,1850049.9,2025-01-24 01:59:59.999,7799300.62796,47242,961326.2,4054388.47399
2025-01-24 02:00:00,4.1844,4.2127,4.1633,4.1802,1848569.1,2025-01-24 02:59:59.999,7735659.50195,53425,914248.5,3825966.45232
2025-01-24 03:00:00,4.1804,4.2653,4.1804,4.2411,3048369.0,2025-01-24 03:59:59.999,12907749.25564,73340,1591687.5,6739607.68197
2025-01-24 04:00:00,4.2409,4.397,4.2194,4.3823,2984456.8,2025-01-24 04:59:59.999,12896690.41171,75549,1484047.5,6410056.37023
2025-01-24 05:00:00,4.3821,4.4265,4.3672,4.4194,2735870.1,2025-01-24 05:59:59.999,12033526.64519,66618,1337743.7,5883720.56947
2025-01-24 06:00:00,4.4194,4.4304,4.369,4.4071,2002049.7,2025-01-24 06:59:59.999,8803279.62718,51524,1028010.4,4520565.16808
2025-01-24 07:00:00,4.4071,4.4204,4.3551,4.3788,2000768.1,2025-01-24 07:59:59.999,8761395.09323,36309,918194.6,4017846.52554
2025-01-24 08:00:00,4.3789,4.4284,4.374,4.4123,1908652.7,2025-01-24 08:59:59.999,8400701.26296,40273,826469.4,3637531.80409
2025-01-24 09:00:00,4.4121,4.4326,4.3943,4.411,1453910.1,2025-01-24 09:59:59.999,6414049.83376,35558,744465.9,3284405.60442
2025-01-24 10:00:00,4.4109,4.4625,4.3768,4.4547,2114332.6,2025-01-24 10:59:59.999,9351275.01553,50028,1073866.4,4750550.32769
2025-01-24 11:00:00,4.4547,4.4841,4.4368,4.442,1544248.8,2025-01-24 11:59:59.999,6888716.20034,43406,721662.7,3219972.49537
2025-01-24 12:00:00,4.4421,4.4595,4.4051,4.4394,1162129.3,2025-01-24 12:59:59.999,5144687.82603,35311,604461.8,2676337.42213
2025-01-24 13:00:00,4.4395,4.4574,4.4043,4.4239,1007249.4,2025-01-24 13:59:59.999,4459164.556,31234,490612.5,2172054.46388
2025-01-24 14:00:00,4.424,4.4551,4.3722,4.427,2141698.1,2025-01-24 14:59:59.999,9467513.03455,61897,1106050.7,4890648.83646
2025-01-24 15:00:00,4.427,4.4628,4.3806,4.4136,3412182.5,2025-01-24 15:59:59.999,15135170.4497,64225,1464601.5,6493878.0958
2025-01-24 16:00:00,4.4135,4.4575,4.3975,4.4114,1488755.2,2025-01-24 16:59:59.999,6589106.92188,39718,799285.3,3537288.82764
2025-01-24 17:00:00,4.4117,4.4433,4.4002,4.4228,1094092.6,2025-01-24 17:59:59.999,4843313.78783,34423,489643.9,2166962.79679
2025-01-24 18:00:00,4.4228,4.4595,4.4093,4.417,1336048.8,2025-01-24 18:59:59.999,5924393.40022,39742,626133.1,2776595.77498
2025-01-24 19:00:00,4.4169,4.4297,4.387,4.3937,958076.8,2025-01-24 19:59:59.999,4220164.67933,28110,477959.4,2105389.93547
2025-01-24 20:00:00,4.3939,4.4064,4.254,4.255,3386290.1,2025-01-24 20:59:59.999,14597580.5579,72955,1741805.5,7504815.60987
2025-01-24 21:00:00,4.255,4.2702,4.19,4.1965,4702270.4,2025-01-24 21:59:59.999,19882366.2502,100994,2402694.5,10158332.52615
2025-01-24 22:00:00,4.1965,4.2245,4.1612,4.1941,2224212.4,2025-01-24 22:59:59.999,9319321.03639,46523,1153933.9,4835264.27129
2025-01-24 23:00:00,4.1941,4.2083,4.1726,4.2016,1301832.3,2025-01-24 23:59:59.999,5451736.80014,37956,693482.6,2904301.9747
2025-01-25 00:00:00,4.2017,4.2017,4.0985,4.1302,3755599.9,2025-01-25 00:59:59.999,15569912.06765,78808,1650476.1,6841148.57872
2025-01-25 01:00:00,4.1301,4.1865,4.1295,4.1728,2494791.8,2025-01-25 01:59:59.999,10407820.91005,49657,1335144.6,5570538.76969
2025-01-25 02:00:00,4.1728,4.2499,4.1612,4.2291,2211955.2,2025-01-25 02:59:59.999,9322908.07164,38265,1379364.0,5813673.49127
2025-01-25 03:00:00,4.2291,4.2598,4.2137,4.2396,1387369.0,2025-01-25 03:59:59.999,5877117.74599,30364,747043.0,3164734.68824
2025-01-25 04:00:00,4.2396,4.2396,4.1655,4.1943,2021122.7,2025-01-25 04:59:59.999,8491863.39852,38228,802180.0,3370765.49428
2025-01-25 05:00:00,4.1941,4.2099,4.1701,4.1876,935414.4,2025-01-25 05:59:59.999,3917729.80101,27408,492002.7,2060678.93147
2025-01-25 06:00:00,4.1876,4.1975,4.1623,4.1662,989011.5,2025-01-25 06:59:59.999,4128621.5053,25968,501376.5,2092731.56441
2025-01-25 07:00:00,4.1663,4.1772,4.1316,4.133,1547679.2,2025-01-25 07:59:59.999,6422352.02625,45825,721100.0,2991916.34793
2025-01-25 08:00:00,4.133,4.1743,4.1303,4.1478,1339509.3,2025-01-25 08:59:59.999,5569056.29873,34452,776057.6,3226367.74051
2025-01-25 09:00:00,4.1477,4.1588,4.116,4.1335,2059353.8,2025-01-25 09:59:59.999,8516799.51012,50744,765556.9,3166690.30648
2025-01-25 10:00:00,4.1334,4.1571,4.1084,4.152,1837080.9,2025-01-25 10:59:59.999,7577006.87409,36838,1022566.2,4216685.76404
2025-01-25 11:00:00,4.152,4.1981,4.1446,4.1856,1385566.7,2025-01-25 11:59:59.999,5770860.70003,31019,849625.6,3538842.94061
2025-01-25 12:00:00,4.1856,4.1879,4.1516,4.1744,1748190.8,2025-01-25 12:59:59.999,7283162.84264,30141,1071117.3,4462272.32498
2025-01-25 13:00:00,4.1745,4.1979,4.158,4.1684,917168.8,2025-01-25 13:59:59.999,3834942.96531,29558,513503.8,2147867.34629
2025-01-25 14:00:00,4.1685,4.1706,4.1354,4.1561,889892.7,2025-01-25 14:59:59.999,3692376.04434,28543,450941.4,1870776.80916
2025-01-25 15:00:00,4.1562,4.2026,4.1507,4.1854,1469376.2,2025-01-25 15:59:59.999,6143925.22098,43334,761862.9,3185690.42474
2025-01-25 16:00:00,4.1855,4.1957,4.1405,4.1644,1004731.8,2025-01-25 16:59:59.999,4184668.76821,29328,496182.3,2066897.47981
2025-01-25 17:00:00,4.1645,4.1687,4.1335,4.1622,863486.7,2025-01-25 17:59:59.999,3583051.78359,22257,453478.3,1881501.63449
2025-01-25 18:00:00,4.1621,4.1743,4.1422,4.1644,796455.1,2025-01-25 18:59:59.999,3313660.91685,26920,418554.1,1741096.75879
2025-01-25 19:00:00,4.1645,4.173,4.1449,4.1548,654801.5,2025-01-25 19:59:59.999,2724933.00369,20756,387579.3,1612846.57166
2025-01-25 20:00:00,4.1546,4.1884,4.1493,4.1509,846425.1,2025-01-25 20:59:59.999,3529562.37587,22176,372120.4,1551898.16684
2025-01-25 21:00:00,4.151,4.175,4.1176,4.1631,1404409.4,2025-01-25 21:59:59.999,5816025.47471,30845,611941.3,2535174.41521
2025-01-25 22:00:00,4.1631,4.195,4.1553,4.1665,832803.0,2025-01-25 22:59:59.999,3478986.19728,21755,468229.9,1956333.12705
2025-01-25 23:00:00,4.1664,4.1723,4.1249,4.13,580943.5,2025-01-25 23:59:59.999,2410446.13591,20481,317781.3,1318004.09076
2025-01-26 00:00:00,4.13,4.1818,4.1244,4.1797,749796.8,2025-01-26 00:59:59.999,3118974.40189,23674,352302.6,1464728.2611
2025-01-26 01:00:00,4.1797,4.1858,4.1375,4.1471,890160.7,2025-01-26 01:59:59.999,3702105.28461,23665,478401.6,1990018.90203
2025-01-26 02:00:00,4.1462,4.1545,4.1328,4.1531,507142.9,2025-01-26 02:59:59.999,2101509.37756,13347,228152.4,945353.22571
2025-01-26 03:00:00,4.1531,4.1954,4.1519,4.1823,1210343.5,2025-01-26 03:59:59.999,5047027.19365,25546,445787.0,1859430.04791
2025-01-26 04:00:00,4.1824,4.2226,4.175,4.2084,1005737.7,2025-01-26 04:59:59.999,4231094.34709,25415,454074.0,1910125.37712
2025-01-26 05:00:00,4.2084,4.2097,4.1752,4.1802,836007.0,2025-01-26 05:59:59.999,3502659.15825,20961,388295.1,1626883.11731
2025-01-26 06:00:00,4.1799,4.1872,4.1658,4.1818,750844.2,2025-01-26 06:59:59.999,3134894.28141,17659,412535.8,1722229.65716
2025-01-26 07:00:00,4.1819,4.1992,4.1571,4.1702,855249.8,2025-01-26 07:59:59.999,3569629.80362,20246,335787.2,1402220.73758
2025-01-26 08:00:00,4.1701,4.1786,4.14,4.1495,973901.7,2025-01-26 08:59:59.999,4045847.74922,23688,469344.0,1950000.52785
2025-01-26 09:00:00,4.1495,4.1654,4.13,4.1361,855379.6,2025-01-26 09:59:59.999,3544083.75446,19165,449456.8,1862581.87462
2025-01-26 10:00:00,4.136,4.1535,4.1234,4.1534,643116.6,2025-01-26 10:59:59.999,2659464.0438,20112,339653.7,1404532.90054
2025-01-26 11:00:00,4.1534,4.1657,4.1358,4.1573,1942527.2,2025-01-26 11:59:59.999,8068849.6447,22655,806882.0,3352180.05493
2025-01-26 12:00:00,4.1573,4.1767,4.1351,4.1518,1307036.4,2025-01-26 12:59:59.999,5425046.83252,27753,625556.1,2596381.34017
2025-01-26 13:00:00,4.1518,4.16,4.1337,4.144,1028437.6,2025-01-26 13:59:59.999,4262327.06745,24499,521869.6,2162755.69527
2025-01-26 14:00:00,4.144,4.1452,4.1217,4.1336,1133335.8,2025-01-26 14:59:59.999,4682163.33107,23954,629857.6,2601966.73575
2025-01-26 15:00:00,4.1337,4.1486,4.1219,4.1242,826190.2,2025-01-26 15:59:59.999,3413693.95017,22940,396962.5,1640175.42868
2025-01-26 16:00:00,4.1242,4.1255,4.0911,4.1195,1527607.0,2025-01-26 16:59:59.999,6277646.26355,31789,597111.6,2454002.44277
2025-01-26 17:00:00,4.1195,4.1481,4.1125,4.1425,735220.2,2025-01-26 17:59:59.999,3036370.37801,21515,392313.1,1620150.77828
2025-01-26 18:00:00,4.1424,4.1612,4.1277,4.1477,796586.2,2025-01-26 18:59:59.999,3303343.79662,20636,402573.4,1669700.57637
2025-01-26 19:00:00,4.1477,4.1536,4.114,4.1162,794802.7,2025-01-26 19:59:59.999,3278729.57269,14869,475966.2,1962720.68879
2025-01-26 20:00:00,4.1162,4.1237,4.07,4.0793,1926490.7,2025-01-26 20:59:59.999,7901200.59597,28274,997624.8,4095083.16382
2025-01-26 21:00:00,4.0794,4.0828,3.9831,3.9918,5034338.0,2025-01-26 21:59:59.999,20310200.1594,75575,2145251.0,8656403.4703
2025-01-26 22:00:00,3.9918,4.0523,3.9757,4.0095,2552393.7,2025-01-26 22:59:59.999,10238091.2009,48180,1322138.0,5306461.19724
2025-01-26 23:00:00,4.0094,4.0133,3.8618,3.87,5905161.9,2025-01-26 23:59:59.999,23149507.62103,138788,2761284.2,10819048.91643
2025-01-27 00:00:00,3.8701,3.9108,3.8074,3.8166,7808765.1,2025-01-27 00:59:59.999,30064778.52566,188709,3719387.6,14322435.69726
2025-01-27 01:00:00,3.8167,3.845,3.75,3.7513,5957924.7,2025-01-27 01:59:59.999,22606028.41089,142565,2975840.8,11297448.63305
2025-01-27 02:00:00,3.7512,3.7548,3.6804,3.7252,8167532.1,2025-01-27 02:59:59.999,30370879.32708,178119,3828577.4,14236399.06637
2025-01-27 03:00:00,3.7251,3.7994,3.7182,3.7985,3978595.8,2025-01-27 03:59:59.999,14977540.56971,74232,2155169.2,8113215.79344
2025-01-27 04:00:00,3.7985,3.8013,3.6956,3.7075,6619223.0,2025-01-27 04:59:59.999,24694804.95436,103057,3425343.0,12775522.64581
2025-01-27 05:00:00,3.7076,3.717,3.6364,3.6965,8652264.3,2025-01-27 05:59:59.999,31779199.06502,146831,3852090.9,14137142.72275
2025-01-27 06:00:00,3.6965,3.7207,3.6,3.6195,6896785.4,2025-01-27 06:59:59.999,25188786.97271,160664,3453540.6,12617550.24797
2025-01-27 07:00:00,3.6195,3.6455,3.4952,3.5885,15588485.1,2025-01-27 07:59:59.999,55635905.57803,291661,7586823.9,27097912.76805
2025-01-27 08:00:00,3.5884,3.5899,3.4954,3.5351,7357727.0,2025-01-27 08:59:59.999,26034922.56448,156840,4002753.3,14169406.68825
2025-01-27 09:00:00,3.5352,3.6326,3.5052,3.6153,5290204.1,2025-01-27 09:59:59.999,18884773.21664,116050,2794511.2,9972929.91611
2025-01-27 10:00:00,3.6153,3.6193,3.5269,3.5366,4353954.9,2025-01-27 10:59:59.999,15596523.61328,127730,1948020.2,6977809.92615
2025-01-27 11:00:00,3.5367,3.6446,3.5309,3.5794,4038459.3,2025-01-27 11:59:59.999,14505219.56038,98044,2018142.7,7255564.19596
2025-01-27 12:00:00,3.5791,3.7226,3.565,3.7043,4987812.5,2025-01-27 12:59:59.999,18158985.59899,123562,2745702.1,10002418.79148
2025-01-27 13:00:00,3.7043,3.7837,3.6852,3.7078,8350542.6,2025-01-27 13:59:59.999,31225161.47034,206692,4486777.1,16776539.29297
2025-01-27 14:00:00,3.7078,3.8601,3.6747,3.8301,8528164.4,2025-01-27 14:59:59.999,32208012.45146,215314,4366437.1,16497971.46732
2025-01-27 15:00:00,3.83,3.878,3.7829,3.823,6462733.2,2025-01-27 15:59:59.999,24758273.21368,167647,3073677.2,11774763.86148
2025-01-27 16:00:00,3.8229,3.833,3.7329,3.7753,4484589.0,2025-01-27 16:59:59.999,16946266.96346,116599,2081713.9,7868433.42913
2025-01-27 17:00:00,3.7752,3.8085,3.7076,3.7291,4286031.9,2025-01-27 17:59:59.999,16115989.83763,109899,1968029.2,7401583.83616
2025-01-27 18:00:00,3.7292,3.7632,3.6722,3.6957,2745631.4,2025-01-27 18:59:59.999,10199127.88475,71091,1287894.3,4785204.06962
2025-01-27 19:00:00,3.6957,3.7882,3.6956,3.7776,2365910.7,2025-01-27 19:59:59.999,8878423.90723,59476,1201284.1,4507646.45406
2025-01-27 20:00:00,3.7783,3.998,3.7766,3.9568,5161844.2,2025-01-27 20:59:59.999,20146431.78927,125492,2881105.2,11244631.1351
2025-01-27 21:00:00,3.9567,4.0167,3.911,3.9421,4535053.1,2025-01-27 21:59:59.999,18006519.8202,109278,2040049.9,8103790.46627
2025-01-27 22:00:00,3.9422,3.9964,3.9373,3.9783,1957725.3,2025-01-27 22:59:59.999,7765509.20037,43882,1036775.1,4112877.48291
2025-01-27 23:00:00,3.9784,3.9918,3.9395,3.9636,1913227.2,2025-01-27 23:59:59.999,7578301.48694,55463,781071.6,3094164.47059
2025-01-28 00:00:00,3.9637,4.0138,3.8877,3.8977,3367462.0,2025-01-28 00:59:59.999,13309956.575,72173,1533858.6,6061410.47814
2025-01-28 01:00:00,3.8978,3.9095,3.8619,3.8777,2068168.6,2025-01-28 01:59:59.999,8036332.69557,39018,950101.0,3691328.58115
2025-01-28 02:00:00,3.8776,3.9527,3.8759,3.944,1908793.2,2025-01-28 02:59:59.999,7489049.37457,40951,799442.3,3135045.88558
2025-01-28 03:00:00,3.9439,3.9604,3.9014,3.9284,2154783.7,2025-01-28 03:59:59.999,8465769.36322,45752,900660.3,3538835.5309
2025-01-28 04:00:00,3.9283,3.9844,3.9271,3.9477,2158703.3,2025-01-28 04:59:59.999,8533412.66788,42219,1178023.9,4656543.48232
2025-01-28 05:00:00,3.9476,4.0095,3.9438,3.9728,2068073.3,2025-01-28 05:59:59.999,8237663.18296,49649,865063.4,3446362.58403
2025-01-28 06:00:00,3.9729,3.9837,3.9177,3.9251,1632858.7,2025-01-28 06:59:59.999,6439358.22452,38931,724748.3,2857071.88428
2025-01-28 07:00:00,3.925,3.9533,3.9062,3.9134,1314689.8,2025-01-28 07:59:59.999,5162542.30023,35129,598444.3,2349509.99184
2025-01-28 08:00:00,3.9134,3.9193,3.8787,3.9084,1645051.6,2025-01-28 08:59:59.999,6412478.68456,35033,755325.7,2943732.99301
2025-01-28 09:00:00,3.9082,3.9127,3.8234,3.8876,2369016.1,2025-01-28 09:59:59.999,9166864.23216,38346,1070546.9,4145092.87218
2025-01-28 10:00:00,3.8876,3.9046,3.8586,3.8623,2023329.7,2025-01-28 10:59:59.999,7860909.85777,36203,1152007.1,4477092.19361
2025-01-28 11:00:00,3.8624,3.8875,3.8178,3.8491,1863291.6,2025-01-28 11:59:59.999,7163907.64455,37238,839930.4,3230350.84334
2025-01-28 12:00:00,3.8491,3.8744,3.7945,3.8027,2030957.9,2025-01-28 12:59:59.999,7773936.76826,44002,942140.9,3606043.30139
2025-01-28 13:00:00,3.8026,3.8575,3.7999,3.8122,1528043.3,2025-01-28 13:59:59.999,5849374.19972,38742,815609.3,3122554.15934
2025-01-28 14:00:00,3.8122,3.8276,3.7581,3.7805,3872751.6,2025-01-28 14:59:59.999,14675617.72373,76389,1980425.1,7504024.14057
2025-01-28 15:00:00,3.7806,3.8679,3.7804,3.8274,3849976.2,2025-01-28 15:59:59.999,14760995.47053,78005,1943505.4,7453663.21897
2025-01-28 16:00:00,3.8275,3.8293,3.7309,3.756,2522151.9,2025-01-28 16:59:59.999,9522061.38076,48923,1290056.2,4871744.66977
2025-01-28 17:00:00,3.756,3.8146,3.7431,3.7681,2163198.4,2025-01-28 17:59:59.999,8163295.57686,44463,1023276.9,3861484.94064
2025-01-28 18:00:00,3.7681,3.7852,3.7077,3.7188,1754166.1,2025-01-28 18:59:59.999,6568152.23717,35781,827225.4,3098471.02579
2025-01-28 19:00:00,3.7186,3.7308,3.694,3.7202,1780609.1,2025-01-28 19:59:59.999,6604959.18537,39961,880317.0,3266080.70065
2025-01-28 20:00:00,3.7203,3.7423,3.6552,3.6688,1867083.5,2025-01-28 20:59:59.999,6897964.63561,43195,961534.7,3552191.44498
2025-01-28 21:00:00,3.6686,3.7205,3.6278,3.6305,2523454.8,2025-01-28 21:59:59.999,9285370.76059,57366,1294106.6,4763614.96358
2025-01-28 22:00:00,3.6306,3.6874,3.6174,3.6538,2329720.6,2025-01-28 22:59:59.999,8495401.36871,54809,1143494.4,4168724.75083
2025-01-28 23:00:00,3.6537,3.6672,3.6087,3.6528,1516261.3,2025-01-28 23:59:59.999,5517460.51897,45801,712007.4,2591503.6167
2025-01-29 00:00:00,3.6535,3.6786,3.6294,3.6527,2177721.9,2025-01-29 00:59:59.999,7959325.05939,51914,1119593.9,4091934.57937
2025-01-29 01:00:00,3.6528,3.7385,3.6528,3.7096,3126067.0,2025-01-29 01:59:59.999,11591936.52452,62987,1574331.7,5837008.6072
2025-01-29 02:00:00,3.7095,3.7693,3.6828,3.6951,2869307.4,2025-01-29 02:59:59.999,10662132.2895,54235,1267911.1,4710860.54183
2025-01-29 03:00:00,3.6951,3.733,3.6877,3.7045,1240980.6,2025-01-29 03:59:59.999,4603393.2324,25663,616369.2,2286655.04261
2025-01-29 04:00:00,3.7045,3.7476,3.6958,3.7254,847092.1,2025-01-29 04:59:59.999,3154310.8304,19969,428073.3,1594062.12251
2025-01-29 05:00:00,3.7253,3.7509,3.7133,3.7399,773116.9,2025-01-29 05:59:59.999,2886449.55452,19323,393276.5,1467860.7559
2025-01-29 06:00:00,3.74,3.7872,3.7367,3.774,1274527.0,2025-01-29 06:59:59.999,4796598.99657,26596,680458.9,2562227.55967
2025-01-29 07:00:00,3.7741,3.7789,3.7447,3.7747,812498.7,2025-01-29 07:59:59.999,3055240.75749,16523,318794.0,1199115.09242
2025-01-29 08:00:00,3.7747,3.7964,3.7371,3.7466,1835532.7,2025-01-29 08:59:59.999,6915305.64991,36210,881607.1,3322677.58552
2025-01-29 09:00:00,3.7466,3.7512,3.6945,3.705,1288083.1,2025-01-29 09:59:59.999,4788144.14795,29627,535726.2,1991301.76512
2025-01-29 10:00:00,3.705,3.7499,3.6877,3.7403,1194325.9,2025-01-29 10:59:59.999,4443087.46073,23295,582621.8,2167303.93816
2025-01-29 11:00:00,3.7404,3.7474,3.7157,3.7267,915395.9,2025-01-29 11:59:59.999,3416939.69607,21475,401905.9,1500238.80261
2025-01-29 12:00:00,3.7267,3.7387,3.6752,3.6825,1463172.3,2025-01-29 12:59:59.999,5418723.41697,28608,727444.9,2694497.04855
2025-01-29 13:00:00,3.6827,3.6871,3.6207,3.6322,2804168.5,2025-01-29 13:59:59.999,10231613.64774,62441,1140256.9,4159749.99314
2025-01-29 14:00:00,3.6322,3.6592,3.6011,3.6308,2091693.7,2025-01-29 14:59:59.999,7592435.88929,43775,1043337.9,3787433.08952
2025-01-29 15:00:00,3.6309,3.6791,3.6271,3.6628,1640972.2,2025-01-29 15:59:59.999,5999293.9831,37352,864669.4,3160441.69314
2025-01-29 16:00:00,3.6628,3.6983,3.6411,3.6729,1646203.6,2025-01-29 16:59:59.999,6045579.53204,34108,885902.3,3253874.74716
2025-01-29 17:00:00,3.673,3.74,3.6706,3.7119,2429843.3,2025-01-29 17:59:59.999,9015368.86761,45593,1323807.1,4910601.91327
2025-01-29 18:00:00,3.712,3.7965,3.678,3.7879,2116542.2,2025-01-29 18:59:59.999,7876672.08419,43623,1022501.1,3807830.28598
2025-01-29 19:00:00,3.7881,3.8624,3.6179,3.7849,12630420.3,2025-01-29 19:59:59.999,47369902.62226,293572,6458583.2,24224187.99294
2025-01-29 20:00:00,3.7843,3.8927,3.7304,3.8366,8300208.5,2025-01-29 20:59:59.999,31648616.90964,217751,4173576.0,15916790.41832
2025-01-29 21:00:00,3.8366,3.8888,3.7944,3.8188,3168616.7,2025-01-29 21:59:59.999,12177720.36612,79083,1564707.0,6013500.92241
2025-01-29 22:00:00,3.8188,3.8277,3.7632,3.7632,1679332.0,2025-01-29 22:59:59.999,6377263.17703,36423,882778.6,3352444.75109
2025-01-29 23:00:00,3.7631,3.7841,3.6859,3.6984,2138349.2,2025-01-29 23:59:59.999,7990110.31365,51509,1046991.3,3911420.73999
2025-01-30 00:00:00,3.6985,3.7518,3.6661,3.7476,2203510.1,2025-01-30 00:59:59.999,8147881.84078,57995,1119258.7,4138694.37655
2025-01-30 01:00:00,3.7476,3.8559,3.7328,3.7875,2610111.8,2025-01-30 01:59:59.999,9930731.05908,63541,1326075.4,5043605.32613
2025-01-30 02:00:00,3.7876,3.87,3.7615,3.8675,2786162.4,2025-01-30 02:59:59.999,10634663.8604,52028,1418449.7,5409713.22595
2025-01-30 03:00:00,3.8675,4.0218,3.8224,4.0136,5531926.7,2025-01-30 03:59:59.999,21660560.97742,91140,2750730.3,10787079.67181
2025-01-30 04:00:00,4.0135,4.0363,3.9444,4.0254,4643185.2,2025-01-30 04:59:59.999,18537175.42231,90219,2119095.5,8461647.70923
2025-01-30 05:00:00,4.0255,4.0435,3.971,4.0007,2145708.8,2025-01-30 05:59:59.999,8596220.77107,48408,984367.6,3943414.14728
2025-01-30 06:00:00,4.0011,4.0583,3.9933,3.9998,2119852.6,2025-01-30 06:59:59.999,8521264.2185,47250,973642.0,3913884.50169
2025-01-30 07:00:00,3.9998,4.1152,3.9688,4.1,6269494.1,2025-01-30 07:59:59.999,25369134.60896,78138,2386416.7,9638706.7363
2025-01-30 08:00:00,4.1,4.1451,4.0374,4.1423,5314741.3,2025-01-30 08:59:59.999,21751851.82986,100264,2317883.8,9488609.08
2025-01-30 09:00:00,4.1423,4.1961,4.1203,4.1848,5296601.3,2025-01-30 09:59:59.999,22029418.36522,112459,2420962.0,10070932.28333
2025-01-30 10:00:00,4.1848,4.19,4.1156,4.1406,3726790.9,2025-01-30 10:59:59.999,15469488.81261,75915,1574310.6,6529414.51963
2025-01-30 11:00:00,4.1407,4.1997,4.0976,4.1879,4364416.6,2025-01-30 11:59:59.999,18121293.80333,72513,2073620.1,8601663.24404
2025-01-30 12:00:00,4.1879,4.1912,4.1187,4.1297,2923386.6,2025-01-30 12:59:59.999,12120446.80184,62271,1294571.4,5367242.73152
2025-01-30 13:00:00,4.1298,4.1749,4.1184,4.1433,2495614.7,2025-01-30 13:59:59.999,10350708.3358,63247,1180132.7,4894089.85426
2025-01-30 14:00:00,4.1431,4.1644,4.0988,4.1418,3700320.5,2025-01-30 14:59:59.999,15274551.63979,71047,1807836.2,7465896.89332
2025-01-30 15:00:00,4.1418,4.2129,4.1255,4.1376,5171444.0,2025-01-30 15:59:59.999,21560713.85615,98306,2711356.1,11307393.37055
2025-01-30 16:00:00,4.1377,4.1676,4.113,4.155,1770667.8,2025-01-30 16:59:59.999,7332591.78006,40392,869461.3,3601237.35024
2025-01-30 17:00:00,4.1552,4.18,4.1258,4.1375,1435922.9,2025-01-30 17:59:59.999,5962777.96722,40362,753739.9,3130593.30591
2025-01-30 18:00:00,4.1376,4.1437,4.0828,4.138,1352431.4,2025-01-30 18:59:59.999,5568177.7042,33040,649920.5,2676190.73109
2025-01-30 19:00:00,4.1379,4.1569,4.1074,4.1523,1087639.6,2025-01-30 19:59:59.999,4493680.45439,29817,516769.1,2135247.39584
2025-01-30 20:00:00,4.1524,4.1578,4.1178,4.1352,1751394.7,2025-01-30 20:59:59.999,7251062.8774,42054,809096.0,3349978.02882
2025-01-30 21:00:00,4.1352,4.1539,4.101,4.1408,1778959.7,2025-01-30 21:59:59.999,7349457.98779,35254,834855.3,3451255.45548
2025-01-30 22:00:00,4.1407,4.2148,4.1207,4.1642,2019687.5,2025-01-30 22:59:59.999,8432617.72417,36132,1151305.3,4810484.53407
2025-01-30 23:00:00,4.1642,4.1941,4.1177,4.118,1430004.4,2025-01-30 23:59:59.999,5927336.02446,31832,661933.1,2743927.36128
2025-01-31 00:00:00,4.1181,4.2351,4.0916,4.1586,5240812.4,2025-01-31 00:59:59.999,21812112.51036,93478,3058380.8,12738688.27138
2025-01-31 01:00:00,4.1586,4.188,4.1305,4.1445,1412696.7,2025-01-31 01:59:59.999,5868180.53087,31216,637762.9,2649882.50735
2025-01-31 02:00:00,4.1449,4.1726,4.122,4.1488,1506698.9,2025-01-31 02:59:59.999,6249690.27981,26991,687154.1,2848717.83626
2025-01-31 03:00:00,4.1488,4.1496,4.0869,4.1198,1906603.3,2025-01-31 03:59:59.999,7848594.26091,46916,867847.2,3572974.19303
2025-01-31 04:00:00,4.1188,4.1292,4.066,4.0721,1559482.4,2025-01-31 04:59:59.999,6396641.45192,32500,792226.8,3249671.47712
2025-01-31 05:00:00,4.0722,4.1782,4.0637,4.1748,1610906.8,2025-01-31 05:59:59.999,6650938.87939,35194,833425.4,3440431.03305
2025-01-31 06:00:00,4.1747,4.2526,4.1617,4.2262,4554082.0,2025-01-31 06:59:59.999,19173998.47892,85388,2356926.2,9919472.60001
2025-01-31 07:00:00,4.2262,4.2472,4.1466,4.1642,2552859.1,2025-01-31 07:59:59.999,10715009.16295,59751,1302211.6,5467207.13633
2025-01-31 08:00:00,4.1643,4.186,4.1309,4.1322,1836597.9,2025-01-31 08:59:59.999,7632259.98902,43078,897962.3,3731439.38403
2025-01-31 09:00:00,4.1323,4.1692,4.1152,4.1519,1490089.4,2025-01-31 09:59:59.999,6169481.01366,32706,782250.8,3239776.03266
2025-01-31 10:00:00,4.1515,4.1821,4.1372,4.1743,1005846.0,2025-01-31 10:59:59.999,4186095.45799,26755,500253.7,2082067.31036
2025-01-31 11:00:00,4.1742,4.2469,4.1707,4.2228,2721072.2,2025-01-31 11:59:59.999,11468132.34268,54763,1334217.6,5623464.81755
2025-01-31 12:00:00,4.2227,4.2449,4.2022,4.205,1460180.1,2025-01-31 12:59:59.999,6160692.96682,33529,750888.7,3168204.90984
2025-01-31 13:00:00,4.205,4.2473,4.205,4.2262,1908726.1,2025-01-31 13:59:59.999,8067507.791,42871,908755.7,3840787.40856
2025-01-31 14:00:00,4.2262,4.2328,4.15,4.1657,2373974.6,2025-01-31 14:59:59.999,9925607.23602,51158,1067521.8,4464929.36041
2025-01-31 15:00:00,4.1657,4.2268,4.149,4.1972,10129752.6,2025-01-31 15:59:59.999,42370814.65725,122394,6268362.5,26199915.7752
2025-01-31 16:00:00,4.1972,4.2114,4.1584,4.1731,2349893.7,2025-01-31 16:59:59.999,9830056.434,53385,1104933.7,4622110.96159
2025-01-31 17:00:00,4.1732,4.1766,4.125,4.1281,1270236.8,2025-01-31 17:59:59.999,5268103.62343,29033,572645.4,2374876.78735
2025-01-31 18:00:00,4.1281,4.1423,4.0248,4.0469,4255510.9,2025-01-31 18:59:59.999,17329180.59286,85624,1836660.6,7469909.30779
2025-01-31 19:00:00,4.0473,4.0849,4.0424,4.0497,3055467.9,2025-01-31 19:59:59.999,12413021.78228,52850,1594060.9,6476093.60306
2025-01-31 20:00:00,4.0497,4.1075,4.0105,4.1003,4488165.6,2025-01-31 20:59:59.999,18218362.66867,74803,2216218.9,8996806.25055
2025-01-31 21:00:00,4.1004,4.1009,4.051,4.0892,1307135.6,2025-01-31 21:59:59.999,5330329.26093,29193,706656.3,2882138.786
2025-01-31 22:00:00,4.0893,4.1414,4.0711,4.1169,1190103.4,2025-01-31 22:59:59.999,4887067.44991,27082,598986.6,2459095.9328
2025-01-31 23:00:00,4.1168,4.1168,4.0685,4.0891,891736.5,2025-01-31 23:59:59.999,3645446.93735,25171,389975.7,1594209.93969
2025-02-01 00:00:00,4.0883,4.0986,4.04,4.0963,2642512.0,2025-02-01 00:59:59.999,10754421.9216,43414,689580.7,2809386.63132
2025-02-01 01:00:00,4.0962,4.1195,4.0691,4.0708,1348255.4,2025-02-01 01:59:59.999,5521212.6559,25385,611375.3,2504451.96912
2025-02-01 02:00:00,4.0707,4.0988,4.0642,4.0801,710131.5,2025-02-01 02:59:59.999,2898262.78552,18668,358562.2,1463190.31773
2025-02-01 03:00:00,4.0801,4.0899,4.0284,4.044,1359947.0,2025-02-01 03:59:59.999,5503471.1844,27540,712739.7,2883772.12568
2025-02-01 04:00:00,4.0442,4.0696,4.0219,4.0435,1040235.9,2025-02-01 04:59:59.999,4208827.78718,23054,586807.6,2374531.46016
2025-02-01 05:00:00,4.0435,4.0734,4.0388,4.0673,465515.5,2025-02-01 05:59:59.999,1889654.57802,13128,253854.9,1030294.31726
2025-02-01 06:00:00,4.0673,4.074,4.0356,4.0611,571979.4,2025-02-01 06:59:59.999,2320544.79659,16714,303317.6,1230588.03583
2025-02-01 07:00:00,4.061,4.0739,4.0276,4.0378,763403.1,2025-02-01 07:59:59.999,3092298.02697,19571,367625.3,1489226.10204
2025-02-01 08:00:00,4.0377,4.0649,3.9811,4.0083,2123035.5,2025-02-01 08:59:59.999,8510189.48696,51244,954914.0,3831052.3306
2025-02-01 09:00:00,4.0082,4.012,3.9459,3.9567,1923208.3,2025-02-01 09:59:59.999,7646434.69181,54671,895213.2,3558591.13168
2025-02-01 10:00:00,3.9568,4.0028,3.9554,3.959,1455959.5,2025-02-01 10:59:59.999,5790240.84564,40127,801826.9,3188186.84276
2025-02-01 11:00:00,3.9589,3.9886,3.9471,3.9788,1478330.1,2025-02-01 11:59:59.999,5866705.27659,30080,737788.4,2927694.50054
2025-02-01 12:00:00,3.9788,3.9868,3.9506,3.9625,1449876.0,2025-02-01 12:59:59.999,5751466.39459,31796,833177.1,3304151.60225
2025-02-01 13:00:00,3.9625,3.9742,3.9049,3.9141,1602938.0,2025-02-01 13:59:59.999,6313999.22945,36775,829153.9,3267815.68192
2025-02-01 14:00:00,3.9141,3.9412,3.9026,3.9044,1709623.2,2025-02-01 14:59:59.999,6706124.75771,39324,905471.2,3551159.91576
2025-02-01 15:00:00,3.9046,3.9175,3.8777,3.8912,2023195.0,2025-02-01 15:59:59.999,7885795.72146,41416,906629.2,3533844.16578
2025-02-01 16:00:00,3.8912,3.9232,3.8694,3.8742,1549118.9,2025-02-01 16:59:59.999,6038881.88513,31836,855972.4,3335607.19809
2025-02-01 17:00:00,3.874,3.9493,3.874,3.9365,1510151.1,2025-02-01 17:59:59.999,5922248.08964,31869,791194.9,3102841.81215
2025-02-01 18:00:00,3.9366,3.9631,3.8756,3.8817,1639783.9,2025-02-01 18:59:59.999,6424794.83791,36899,860129.0,3370673.18608
2025-02-01 19:00:00,3.8818,3.8854,3.8201,3.8486,2516593.0,2025-02-01 19:59:59.999,9694015.59167,54144,1284883.6,4951579.18932
2025-02-01 20:00:00,3.8486,3.8717,3.7988,3.862,2897759.8,2025-02-01 20:59:59.999,11075295.54332,67354,1389272.8,5308295.58794
2025-02-01 21:00:00,3.862,3.888,3.8163,3.8186,1655583.7,2025-02-01 21:59:59.999,6377260.62866,36148,875546.7,3372601.25171
2025-02-01 22:00:00,3.8186,3.8432,3.7637,3.7771,2350182.0,2025-02-01 22:59:59.999,8916583.50769,44227,1117875.0,4242325.77191
2025-02-01 23:00:00,3.7772,3.7842,3.721,3.7347,2819891.6,2025-02-01 23:59:59.999,10584072.87325,78743,1345146.7,5046667.68167
2025-02-02 00:00:00,3.7347,3.8292,3.7277,3.8125,2481920.2,2025-02-02 00:59:59.999,9385046.02743,63640,1356509.3,5129204.18021
2025-02-02 01:00:00,3.8126,3.8588,3.8059,3.8226,1639924.9,2025-02-02 01:59:59.999,6288109.79431,41554,947099.5,3630677.88078
2025-02-02 02:00:00,3.8227,3.8248,3.7368,3.7374,1723634.5,2025-02-02 02:59:59.999,6508791.73899,44248,793445.5,2995158.90141
2025-02-02 03:00:00,3.7372,3.7606,3.6614,3.6748,4372315.9,2025-02-02 03:59:59.999,16158814.31334,105810,2129380.0,7869424.73972
2025-02-02 04:00:00,3.6747,3.7313,3.6643,3.6694,4746132.3,2025-02-02 04:59:59.999,17524595.07953,111236,2144565.2,7915254.5872
2025-02-02 05:00:00,3.6696,3.7365,3.6636,3.7245,2727156.8,2025-02-02 05:59:59.999,10116802.38524,47054,1493992.3,5540882.49606
2025-02-02 06:00:00,3.7246,3.7618,3.7168,3.7398,1677669.8,2025-02-02 06:59:59.999,6278268.82093,39666,913898.5,3419764.21422
2025-02-02 07:00:00,3.7399,3.7528,3.6988,3.7141,1303673.6,2025-02-02 07:59:59.999,4853491.39818,30370,652768.5,2430341.40149
2025-02-02 08:00:00,3.714,3.7876,3.6954,3.7702,1926681.0,2025-02-02 08:59:59.999,7193500.8768,42700,828756.5,3097461.76993
2025-02-02 09:00:00,3.7703,3.7725,3.7382,3.7446,1054641.6,2025-02-02 09:59:59.999,3956162.33384,31008,470962.7,1766737.83795
2025-02-02 10:00:00,3.7446,3.7446,3.688,3.7004,1544185.0,2025-02-02 10:59:59.999,5731911.68138,38383,691552.9,2567221.86244
2025-02-02 11:00:00,3.7004,3.717,3.6212,3.6289,3046104.3,2025-02-02 11:59:59.999,11148347.31537,70230,1423440.5,5209952.2045
2025-02-02 12:00:00,3.6288,3.6666,3.5535,3.5688,3449525.9,2025-02-02 12:59:59.999,12460576.50349,74834,1563779.5,5649308.17027
2025-02-02 13:00:00,3.5688,3.668,3.5675,3.6661,3776137.2,2025-02-02 13:59:59.999,13720277.7982,67902,1701778.4,6180628.34625
2025-02-02 14:00:00,3.6662,3.6848,3.6248,3.625,2357502.9,2025-02-02 14:59:59.999,8617907.39013,59460,1190122.5,4350071.34873
2025-02-02 15:00:00,3.6247,3.6255,3.5576,3.5899,2605405.3,2025-02-02 15:59:59.999,9354795.84136,56686,1314113.6,4718350.66876
2025-02-02 16:00:00,3.59,3.5931,3.4353,3.4573,6757621.6,2025-02-02 16:59:59.999,23664237.36267,146187,2995607.3,10491922.51178
2025-02-02 17:00:00,3.4573,3.4767,3.3,3.3463,13241104.9,2025-02-02 17:59:59.999,44700422.43665,288914,6281157.8,21208549.22498
2025-02-02 18:00:00,3.3464,3.3919,3.246,3.2643,9846475.2,2025-02-02 18:59:59.999,32729211.98234,261800,5042714.1,16768415.32733
2025-02-02 19:00:00,3.2645,3.4341,3.2248,3.405,12216144.0,2025-02-02 19:59:59.999,40622625.48018,296566,6133837.3,20413818.94132
2025-02-02 20:00:00,3.405,3.4383,3.3238,3.3439,3974083.4,2025-02-02 20:59:59.999,13469976.56815,105775,2039543.7,6912660.63706
2025-02-02 21:00:00,3.3441,3.3573,3.2822,3.3005,3730642.7,2025-02-02 21:59:59.999,12365773.87191,102714,1870965.1,6200827.23382
2025-02-02 22:00:00,3.3006,3.3541,3.0758,3.2799,6569729.6,2025-02-02 22:59:59.999,21188272.18931,143109,2882136.2,9320837.62295
2025-02-02 23:00:00,3.2799,3.3203,3.1573,3.3072,10627276.6,2025-02-02 23:59:59.999,34333535.80719,314677,5290475.8,17091970.23972
2025-02-03 00:00:00,3.3073,3.309,3.0219,3.1926,19306338.2,2025-02-03 00:59:59.999,60811929.71942,374754,9638496.5,30361697.10193
2025-02-03 01:00:00,3.1931,3.2054,2.5083,2.7319,27299268.6,2025-02-03 01:59:59.999,80795318.14678,432069,11667577.9,34745032.09011
2025-02-03 02:00:00,2.7319,2.8584,2.39,2.7681,41438802.9,2025-02-03 02:59:59.999,112637589.48236,704508,18373128.1,50142742.87125
2025-02-03 03:00:00,2.768,2.9919,2.7575,2.8616,19298996.1,2025-02-03 03:59:59.999,55480170.16791,467655,9535231.3,27418681.31661
2025-02-03 04:00:00,2.8617,2.9183,2.7594,2.7977,13850704.2,2025-02-03 04:59:59.999,39193842.40748,294579,6705234.2,18955498.93131
2025-02-03 05:00:00,2.7978,3.17,2.797,3.0634,19990823.2,2025-02-03 05:59:59.999,59235498.15909,322272,9542072.3,28256113.12238
2025-02-03 06:00:00,3.063,3.0774,2.9978,3.0527,8831884.4,2025-02-03 06:59:59.999,26816527.94089,176515,4162811.4,12641258.35658
2025-02-03 07:00:00,3.0527,3.2159,3.0465,3.1867,11391401.6,2025-02-03 07:59:59.999,35781591.88308,224462,5931349.3,18653474.24347
2025-02-03 08:00:00,3.1869,3.1881,3.0501,3.0936,8164541.7,2025-02-03 08:59:59.999,25393911.48937,174702,4021653.4,12514738.46687
2025-02-03 09:00:00,3.0939,3.1692,3.0835,3.0923,7322160.7,2025-02-03 09:59:59.999,22812693.82845,174198,3709857.5,11557268.34734
2025-02-03 10:00:00,3.0927,3.2091,3.062,3.1964,6958016.2,2025-02-03 10:59:59.999,21785104.5821,156156,3287709.4,10297875.13879
2025-02-03 11:00:00,3.1963,3.214,3.1301,3.1502,4251707.0,2025-02-03 11:59:59.999,13486089.30927,102405,2115727.7,6710613.93837
2025-02-03 12:00:00,3.1503,3.2258,3.1073,3.1108,4838932.8,2025-02-03 12:59:59.999,15348462.54674,132047,2139785.2,6792226.70317
2025-02-03 13:00:00,3.1107,3.1469,3.0631,3.0977,5551935.9,2025-02-03 13:59:59.999,17207275.80812,123578,2540809.9,7874639.87479
2025-02-03 14:00:00,3.0982,3.3138,2.9649,3.2696,31768015.7,2025-02-03 14:59:59.999,100040642.6705,447096,15773824.9,49607178.63678
2025-02-03 15:00:00,3.2695,3.6788,3.2386,3.5868,35556252.4,2025-02-03 15:59:59.999,124020096.84567,622668,15911739.7,55464389.33026
2025-02-03 16:00:00,3.5867,3.6331,3.509,3.5671,11963206.2,2025-02-03 16:59:59.999,42694802.19244,342984,5587630.6,19940703.85284
2025-02-03 17:00:00,3.5672,3.5804,3.4983,3.549,7733225.0,2025-02-03 17:59:59.999,27356257.74001,201223,3490659.7,12350677.50077
2025-02-03 18:00:00,3.549,3.6021,3.4987,3.5919,6031188.0,2025-02-03 18:59:59.999,21408102.39704,173554,3037831.6,10782366.36949
2025-02-03 19:00:00,3.5919,3.6637,3.5765,3.6024,6790154.0,2025-02-03 19:59:59.999,24570668.00658,186134,3255239.3,11779265.06637
2025-02-03 20:00:00,3.6024,3.6041,3.5081,3.5464,5233807.4,2025-02-03 20:59:59.999,18592856.60091,148153,2432243.8,8639355.78251
2025-02-03 21:00:00,3.5467,3.7095,3.5455,3.6863,7392474.1,2025-02-03 21:59:59.999,26822899.67195,179386,3494109.2,12679133.26209
2025-02-03 22:00:00,3.6866,3.8325,3.6823,3.7243,7064314.2,2025-02-03 22:59:59.999,26463673.68341,174172,3520797.8,13189361.31985
2025-02-03 23:00:00,3.7243,3.7368,3.6335,3.6504,3328162.6,2025-02-03 23:59:59.999,12233894.77715,84781,1513020.0,5562805.09769
2025-02-04 00:00:00,3.6504,3.6686,3.5851,3.5861,4425055.1,2025-02-04 00:59:59.999,16024893.59318,101347,1948202.5,7053799.64295
2025-02-04 01:00:00,3.5861,3.6425,3.5843,3.6176,2904527.6,2025-02-04 01:59:59.999,10494322.97209,70295,1411827.8,5101009.38106
2025-02-04 02:00:00,3.6178,3.6221,3.5568,3.5602,2198866.9,2025-02-04 02:59:59.999,7901430.40331,43111,1012037.2,3636370.18633
2025-02-04 03:00:00,3.5603,3.5837,3.5248,3.5801,2739715.0,2025-02-04 03:59:59.999,9740157.90916,52421,1221703.9,4343012.5481
2025-02-04 04:00:00,3.5801,3.5937,3.5113,3.521,3325104.0,2025-02-04 04:59:59.999,11811485.85555,68837,1558678.4,5539348.20472
2025-02-04 05:00:00,3.521,3.5265,3.3479,3.397,12333755.5,2025-02-04 05:59:59.999,41964689.36379,309297,5751965.2,19563741.92522
2025-02-04 06:00:00,3.397,3.432,3.3605,3.3928,5068366.9,2025-02-04 06:59:59.999,17199967.12713,91269,2455151.8,8333941.26263
2025-02-04 07:00:00,3.3928,3.3953,3.2772,3.2904,5653324.8,2025-02-04 07:59:59.999,18815428.09538,96975,2616409.4,8704731.88986
2025-02-04 08:00:00,3.2904,3.3422,3.2744,3.3137,4740334.6,2025-02-04 08:59:59.999,15668458.07721,93069,2552765.8,8437899.17926
2025-02-04 09:00:00,3.3137,3.3923,3.3107,3.3388,6713696.6,2025-02-04 09:59:59.999,22536693.15779,86842,3263227.2,10954470.60077
2025-02-04 10:00:00,3.3387,3.4228,3.3361,3.3935,4000993.2,2025-02-04 10:59:59.999,13552871.73162,67910,2171521.2,7355157.29892
2025-02-04 11:00:00,3.3934,3.4889,3.389,3.4208,4222466.5,2025-02-04 11:59:59.999,14550415.28411,84362,2202058.1,7588811.25116
2025-02-04 12:00:00,3.4209,3.5155,3.418,3.4786,3829795.5,2025-02-04 12:59:59.999,13260303.39278,77327,2133153.5,7384152.04981
2025-02-04 13:00:00,3.4786,3.6737,3.4691,3.5898,10691716.6,2025-02-04 13:59:59.999,38429491.40268,170951,5396908.4,19382341.31085
2025-02-04 14:00:00,3.5897,3.7475,3.5538,3.6945,10517676.5,2025-02-04 14:59:59.999,38607489.61745,253189,4977230.1,18259806.26771
2025-02-04 15:00:00,3.6945,3.7709,3.657,3.6735,13904804.2,2025-02-04 15:59:59.999,51537073.10511,316565,6738778.7,24978847.41663
2025-02-04 16:00:00,3.6736,3.7315,3.6355,3.6662,6812849.7,2025-02-04 16:59:59.999,25113499.28431,143243,3205635.0,11816371.13685
2025-02-04 17:00:00,3.6662,3.7327,3.6527,3.701,3715659.3,2025-02-04 17:59:59.999,13720480.77953,84702,1839146.4,6794991.17068
2025-02-04 18:00:00,3.701,3.8095,3.6935,3.8068,4931345.8,2025-02-04 18:59:59.999,18497998.38408,97733,2656523.3,9966462.43157
2025-02-04 19:00:00,3.8071,3.8999,3.6252,3.6255,11599098.3,2025-02-04 19:59:59.999,43904505.6039,243845,5386786.2,20413335.62625
2025-02-04 20:00:00,3.6255,3.6768,3.5901,3.5931,14208028.5,2025-02-04 20:59:59.999,51542537.6045,326933,7046862.7,25567402.93475
2025-02-04 21:00:00,3.5924,3.5945,3.4608,3.4854,11829936.0,2025-02-04 21:59:59.999,41535634.68852,255853,5345907.2,18772344.253
2025-02-04 22:00:00,3.4855,3.6236,3.4776,3.5846,6450811.6,2025-02-04 22:59:59.999,22759856.3273,121206,3313326.2,11690107.99047
2025-02-04 23:00:00,3.584,3.6272,3.5599,3.594,3784114.3,2025-02-04 23:59:59.999,13607350.72104,80845,2075541.0,7465673.63004
2025-02-05 00:00:00,3.5951,3.6535,3.5375,3.6416,4790480.8,2025-02-05 00:59:59.999,17239940.33677,94794,2593945.7,9337883.29482
2025-02-05 01:00:00,3.6415,3.7202,3.6196,3.6265,4795339.0,2025-02-05 01:59:59.999,17605433.92203,106491,2681665.0,9848768.37915
2025-02-05 02:00:00,3.6265,3.7065,3.6167,3.657,4036972.1,2025-02-05 02:59:59.999,14735075.69418,95409,2120528.1,7740024.04958
2025-02-05 03:00:00,3.6569,3.6922,3.6401,3.6432,2281107.2,2025-02-05 03:59:59.999,8350879.18904,53525,1188574.7,4351388.47083
2025-02-05 04:00:00,3.6432,3.6609,3.6102,3.6354,1776390.4,2025-02-05 04:59:59.999,6456803.82864,41983,911867.9,3313886.57143
2025-02-05 05:00:00,3.6354,3.6553,3.5704,3.6275,4073714.2,2025-02-05 05:59:59.999,14694429.06409,66362,2096535.9,7561977.28544
2025-02-05 06:00:00,3.6274,3.6274,3.568,3.5832,2958158.8,2025-02-05 06:59:59.999,10620220.85669,60998,1477731.0,5304626.57221
2025-02-05 07:00:00,3.5832,3.5959,3.5514,3.5796,1848644.3,2025-02-05 07:59:59.999,6601460.17746,44191,956305.2,3415071.49593
2025-02-05 08:00:00,3.5796,3.6074,3.5645,3.5818,1666146.9,2025-02-05 08:59:59.999,5972761.54194,50295,815623.1,2923656.27089
2025-02-05 09:00:00,3.5817,3.6343,3.5318,3.5433,2759368.4,2025-02-05 09:59:59.999,9877060.97654,63116,1372080.6,4911292.66176
2025-02-05 10:00:00,3.5432,3.6069,3.5359,3.5909,1845994.8,2025-02-05 10:59:59.999,6600281.37623,55737,973131.2,3479921.98163
2025-02-05 11:00:00,3.5908,3.6464,3.5869,3.6324,2328049.5,2025-02-05 11:59:59.999,8421813.19705,60034,1266655.7,4582968.8889
2025-02-05 12:00:00,3.6326,3.648,3.5653,3.5727,2506840.8,2025-02-05 12:59:59.999,9053334.26819,62771,1232678.0,4452097.73211
2025-02-05 13:00:00,3.5728,3.6127,3.5592,3.5968,1998479.9,2025-02-05 13:59:59.999,7169460.29953,61375,1047522.1,3759078.67132
2025-02-05 14:00:00,3.5969,3.6401,3.532,3.5461,4986681.7,2025-02-05 14:59:59.999,17935935.77907,104982,2675551.3,9628561.85352
2025-02-05 15:00:00,3.5459,3.5751,3.5021,3.526,4434248.9,2025-02-05 15:59:59.999,15676957.69066,130586,2281069.1,8066021.72976
2025-02-05 16:00:00,3.5259,3.5352,3.3698,3.4269,13970388.2,2025-02-05 16:59:59.999,47906436.00296,219484,8229330.9,28197051.09217
2025-02-05 17:00:00,3.4289,3.4462,3.3388,3.3527,5285940.9,2025-02-05 17:59:59.999,17883505.74937,124414,2649922.6,8967289.16721
2025-02-05 18:00:00,3.3528,3.388,3.33,3.3499,3590618.1,2025-02-05 18:59:59.999,12046393.8435,100097,1678156.7,5631881.36712
2025-02-05 19:00:00,3.3499,3.4167,3.3306,3.4022,2819662.3,2025-02-05 19:59:59.999,9523682.12013,70753,1503520.9,5078852.37607
2025-02-05 20:00:00,3.4022,3.419,3.3101,3.3631,4531050.6,2025-02-05 20:59:59.999,15255077.67297,90944,2413626.7,8122423.18797
2025-02-05 21:00:00,3.363,3.4031,3.3525,3.3641,2713336.3,2025-02-05 21:59:59.999,9156226.06849,62709,1572139.8,5305511.15255
2025-02-05 22:00:00,3.3641,3.3829,3.3033,3.3117,2473788.1,2025-02-05 22:59:59.999,8269680.73319,50838,1043861.2,3489687.79517
2025-02-05 23:00:00,3.3117,3.3575,3.3029,3.3302,2140718.0,2025-02-05 23:59:59.999,7125992.48508,59502,1039508.9,3459911.33396
2025-02-06 00:00:00,3.3303,3.3737,3.2944,3.3005,3025427.6,2025-02-06 00:59:59.999,10099956.71885,75142,1448593.0,4841527.6523
2025-02-06 01:00:00,3.3005,3.3675,3.2844,3.3321,3831542.3,2025-02-06 01:59:59.999,12734789.55885,85715,1774430.6,5899252.88692
2025-02-06 02:00:00,3.332,3.3929,3.3244,3.3653,2943798.6,2025-02-06 02:59:59.999,9915039.17194,72536,1472196.5,4960328.83266
2025-02-06 03:00:00,3.3653,3.3812,3.3302,3.368,1900760.0,2025-02-06 03:59:59.999,6384903.19873,46121,826894.6,2777249.99944
2025-02-06 04:00:00,3.368,3.3994,3.3563,3.3811,1823689.6,2025-02-06 04:59:59.999,6164829.78131,39060,921214.8,3114347.39807
2025-02-06 05:00:00,3.3812,3.4279,3.3751,3.4042,3181164.2,2025-02-06 05:59:59.999,10797146.18234,50225,1696293.7,5756450.44242
2025-02-06 06:00:00,3.4041,3.5123,3.3828,3.484,3664621.8,2025-02-06 06:59:59.999,12687099.09889,74788,1788443.6,6189946.35985
2025-02-06 07:00:00,3.484,3.484,3.4175,3.4347,2304948.9,2025-02-06 07:59:59.999,7940111.39447,46770,1153305.7,3971585.15176
2025-02-06 08:00:00,3.4346,3.4645,3.4011,3.4068,2725262.9,2025-02-06 08:59:59.999,9351455.45336,57277,1194865.5,4100408.47393
2025-02-06 09:00:00,3.4069,3.47,3.3885,3.4625,3093792.5,2025-02-06 09:59:59.999,10636045.29442,64260,1634402.9,5620608.25193
2025-02-06 10:00:00,3.4624,3.5054,3.4384,3.4645,3795029.9,2025-02-06 10:59:59.999,13187575.33488,70530,1886108.3,6551379.2927
2025-02-06 11:00:00,3.4643,3.4708,3.3986,3.4449,2418203.8,2025-02-06 11:59:59.999,8291996.43267,59811,1046238.9,3589762.12952
2025-02-06 12:00:00,3.445,3.4679,3.3636,3.3856,3089295.8,2025-02-06 12:59:59.999,10532499.82731,74231,1431443.1,4881743.12506
2025-02-06 13:00:00,3.3859,3.4482,3.3547,3.4296,4075198.8,2025-02-06 13:59:59.999,13872784.43444,97521,2031949.1,6917493.63542
2025-02-06 14:00:00,3.4309,3.4413,3.3423,3.3551,5407780.4,2025-02-06 14:59:59.999,18299331.3688,146796,2719061.5,9201462.46761
2025-02-06 15:00:00,3.3554,3.3698,3.2004,3.2323,11414322.3,2025-02-06 15:59:59.999,37268459.18863,247333,5736952.2,18720902.7836
2025-02-06 16:00:00,3.2322,3.257,3.139,3.1545,12627853.0,2025-02-06 16:59:59.999,40145590.92414,215380,5993631.4,19053257.25079
2025-02-06 17:00:00,3.1545,3.2418,3.1307,3.1782,5456106.3,2025-02-06 17:59:59.999,17399186.48047,103538,3022813.1,9639989.16262
2025-02-06 18:00:00,3.1782,3.1826,3.1225,3.1358,4875703.3,2025-02-06 18:59:59.999,15372712.99723,97222,2306925.4,7275991.96154
2025-02-06 19:00:00,3.1358,3.1922,3.1045,3.1269,4465328.4,2025-02-06 19:59:59.999,14021743.49014,89109,2311223.5,7257182.18398
2025-02-06 20:00:00,3.1269,3.2133,3.1209,3.2015,3265047.0,2025-02-06 20:59:59.999,10349376.8419,75450,1650895.8,5231546.76778
2025-02-06 21:00:00,3.2018,3.2036,3.1242,3.1684,2771222.7,2025-02-06 21:59:59.999,8768338.29803,67966,1443113.8,4566540.51369
2025-02-06 22:00:00,3.1684,3.1728,3.1163,3.1657,2762571.9,2025-02-06 22:59:59.999,8696757.45539,44443,1443114.5,4542987.36108
2025-02-06 23:00:00,3.1658,3.1737,3.1063,3.1358,2210573.8,2025-02-06 23:59:59.999,6942316.05619,55662,1158081.7,3638658.12854
2025-02-07 00:00:00,3.1358,3.202,3.132,3.1424,3196698.1,2025-02-07 00:59:59.999,10115447.88698,75262,1714566.0,5426988.83018
2025-02-07 01:00:00,3.1423,3.279,3.1421,3.2439,3613803.3,2025-02-07 01:59:59.999,11592760.82236,73904,1999015.4,6413743.71508
2025-02-07 02:00:00,3.2439,3.2703,3.2153,3.237,2736663.1,2025-02-07 02:59:59.999,8877235.17686,65575,1583955.9,5137738.86631
2025-02-07 03:00:00,3.237,3.2473,3.1782,3.1975,1889689.6,2025-02-07 03:59:59.999,6068189.92611,43918,961053.4,3087640.79006
2025-02-07 04:00:00,3.1976,3.2232,3.1864,3.189,1530140.8,2025-02-07 04:59:59.999,4902229.43933,39983,789868.1,2529890.96863
2025-02-07 05:00:00,3.189,3.1935,3.1385,3.1487,1913893.1,2025-02-07 05:59:59.999,6054120.38783,43561,947320.1,2995503.55685
2025-02-07 06:00:00,3.1488,3.155,3.0805,3.1216,3981369.8,2025-02-07 06:59:59.999,12395548.71905,79576,1787468.8,5567103.66469
2025-02-07 07:00:00,3.1219,3.214,3.1204,3.162,4083670.5,2025-02-07 07:59:59.999,12948910.75444,90813,2186819.2,6936900.07236
2025-02-07 08:00:00,3.162,3.2111,3.1367,3.1752,3151294.2,2025-02-07 08:59:59.999,9979874.46408,70009,1639600.1,5194775.9613
2025-02-07 09:00:00,3.1756,3.2299,3.1688,3.2257,3385315.2,2025-02-07 09:59:59.999,10827784.93258,74816,1831540.9,5856412.30718
2025-02-07 10:00:00,3.2257,3.2544,3.2127,3.2201,3117108.8,2025-02-07 10:59:59.999,10078524.45802,78050,1579826.6,5107243.92949
2025-02-07 11:00:00,3.22,3.2619,3.2136,3.2301,2221021.2,2025-02-07 11:59:59.999,7177684.06368,49765,1150506.5,3718069.78078
2025-02-07 12:00:00,3.23,3.2781,3.1936,3.2388,3581605.6,2025-02-07 12:59:59.999,11577170.26238,73089,1860353.4,6013221.41533
2025-02-07 13:00:00,3.2389,3.3433,3.1923,3.3309,8737654.7,2025-02-07 13:59:59.999,28575822.85042,190109,4325671.8,14138082.94919
2025-02-07 14:00:00,3.3309,3.3875,3.2975,3.3481,8951099.6,2025-02-07 14:59:59.999,29921991.71677,202785,4512818.0,15085195.16765
2025-02-07 15:00:00,3.3481,3.3485,3.2027,3.243,10429498.8,2025-02-07 15:59:59.999,33951546.44892,234546,5141607.5,16737424.69684
2025-02-07 16:00:00,3.2431,3.248,3.1785,3.1811,4961294.8,2025-02-07 16:59:59.999,15920354.87419,114641,2494826.0,8006635.2581
2025-02-07 17:00:00,3.1812,3.1869,3.1,3.1186,5247788.4,2025-02-07 17:59:59.999,16445645.6282,137002,2497470.4,7824545.14992
2025-02-07 18:00:00,3.1186,3.1838,3.1131,3.1767,2744451.3,2025-02-07 18:59:59.999,8669875.3108,66847,1329756.6,4202321.10317
2025-02-07 19:00:00,3.1768,3.1812,3.0884,3.0992,3383166.0,2025-02-07 19:59:59.999,10582604.67537,58451,1217925.8,3814214.84976
2025-02-07 20:00:00,3.0991,3.1037,2.9503,2.9576,10762116.6,2025-02-07 20:59:59.999,32382501.69405,191622,5512659.0,16597368.50517
2025-02-07 21:00:00,2.9573,2.9968,2.9215,2.938,4326154.5,2025-02-07 21:59:59.999,12791071.05245,94614,2187679.5,6468427.62125
2025-02-07 22:00:00,2.9381,2.9485,2.9042,2.9431,3898866.5,2025-02-07 22:59:59.999,11383750.36738,74653,2005120.0,5856096.57683
2025-02-07 23:00:00,2.9431,3.0139,2.926,3.0139,3415519.1,2025-02-07 23:59:59.999,10143798.15229,79180,1893823.0,5622787.88855
2025-02-08 00:00:00,3.014,3.0698,2.9889,3.0299,3378400.7,2025-02-08 00:59:59.999,10241204.2934,86285,1758818.6,5328694.39042
2025-02-08 01:00:00,3.0303,3.0399,2.9589,2.9634,2302558.4,2025-02-08 01:59:59.999,6910887.54352,59477,1105177.2,3319240.99611
2025-02-08 02:00:00,2.9634,2.9844,2.9437,2.9832,2354453.2,2025-02-08 02:59:59.999,6975285.27295,57039,1080540.7,3201531.16314
2025-02-08 03:00:00,2.9831,3.005,2.9455,2.9497,2161055.3,2025-02-08 03:59:59.999,6432139.20389,50701,885448.3,2637828.34327
2025-02-08 04:00:00,2.9496,2.9682,2.9338,2.9358,2168928.1,2025-02-08 04:59:59.999,6395809.6333,47959,935559.8,2760006.45376
2025-02-08 05:00:00,2.9361,2.9439,2.8934,2.9345,3587201.5,2025-02-08 05:59:59.999,10467471.61473,56065,1661907.7,4849129.8015
2025-02-08 06:00:00,2.9346,2.955,2.9021,2.9208,2447448.7,2025-02-08 06:59:59.999,7175209.15496,47701,1189606.7,3487132.33521
2025-02-08 07:00:00,2.9208,3.0068,2.8832,2.9707,4023923.6,2025-02-08 07:59:59.999,11855803.70933,69369,1967089.3,5803233.92132
2025-02-08 08:00:00,2.9707,2.9926,2.9333,2.9379,2003691.5,2025-02-08 08:59:59.999,5922633.89318,49346,1003965.2,2967920.20406
2025-02-08 09:00:00,2.9376,2.9934,2.9373,2.9661,2439421.5,2025-02-08 09:59:59.999,7239812.8203,42315,1373827.3,4078354.93838
2025-02-08 10:00:00,2.9661,2.9864,2.9559,2.9759,1934171.7,2025-02-08 10:59:59.999,5748864.09848,42160,1126855.8,3350052.66165
2025-02-08 11:00:00,2.9759,2.9831,2.9423,2.9722,1454615.7,2025-02-08 11:59:59.999,4306078.835,36726,701843.7,2077257.08806
2025-02-08 12:00:00,2.9719,2.9831,2.936,2.9575,2043585.5,2025-02-08 12:59:59.999,6049456.91639,44254,1027909.8,3044139.61613
2025-02-08 13:00:00,2.9575,3.0208,2.955,2.984,3728439.2,2025-02-08 13:59:59.999,11142189.59113,78353,1915148.2,5724337.09403
2025-02-08 14:00:00,2.9839,2.998,2.9474,2.9918,3147474.0,2025-02-08 14:59:59.999,9362722.82169,62676,1483592.3,4415900.23578
2025-02-08 15:00:00,2.9916,3.0187,2.9377,2.958,4886078.5,2025-02-08 15:59:59.999,14499184.59155,71351,2927048.8,8677324.63908
2025-02-08 16:00:00,2.9581,2.9859,2.9273,2.9784,2203522.9,2025-02-08 16:59:59.999,6516397.50886,50752,1045527.2,3091604.5394
2025-02-08 17:00:00,2.9783,3.032,2.9776,3.018,3239548.5,2025-02-08 17:59:59.999,9731184.38828,71343,1708353.0,5130825.98731
2025-02-08 18:00:00,3.0181,3.0514,3.0074,3.0321,2243475.9,2025-02-08 18:59:59.999,6792662.55635,58458,1183199.4,3582445.90832
2025-02-08 19:00:00,3.0321,3.0844,3.0219,3.0404,2535791.5,2025-02-08 19:59:59.999,7733058.20771,56078,1292025.6,3940903.70181
2025-02-08 20:00:00,3.0403,3.049,3.0171,3.026,1181325.7,2025-02-08 20:59:59.999,3578782.20359,28076,544490.9,1649335.5981
2025-02-08 21:00:00,3.0258,3.048,3.0183,3.0328,1469145.1,2025-02-08 21:59:59.999,4454104.1544,27211,854921.0,2591582.96026
2025-02-08 22:00:00,3.0329,3.0538,3.002,3.0149,1697823.0,2025-02-08 22:59:59.999,5143869.87344,28275,933346.2,2827374.77202
2025-02-08 23:00:00,3.0148,3.0893,3.0128,3.0624,1819204.2,2025-02-08 23:59:59.999,5578204.43597,33992,844797.8,2591308.3939
2025-02-09 00:00:00,3.0627,3.0801,3.0484,3.0597,2141339.5,2025-02-09 00:59:59.999,6558575.13593,41582,1094714.8,3352435.2723
2025-02-09 01:00:00,3.0601,3.133,3.045,3.0979,2434317.5,2025-02-09 01:59:59.999,7518559.59808,56881,1247253.8,3851394.12122
2025-02-09 02:00:00,3.0976,3.1193,3.0549,3.0565,3094741.2,2025-02-09 02:59:59.999,9557817.47936,60439,1423418.2,4396704.39272
2025-02-09 03:00:00,3.0565,3.1831,3.0448,3.1744,3802158.3,2025-02-09 03:59:59.999,11903868.78728,82255,1948981.3,6102942.84728
2025-02-09 04:00:00,3.1744,3.1744,3.1171,3.1262,2343826.2,2025-02-09 04:59:59.999,7352453.51381,52921,1164159.7,3650264.15032
2025-02-09 05:00:00,3.1265,3.1347,3.1055,3.1108,1597095.8,2025-02-09 05:59:59.999,4982950.31397,38417,700293.8,2184892.92502
2025-02-09 06:00:00,3.1108,3.1125,3.0637,3.0934,2425731.7,2025-02-09 06:59:59.999,7489444.44095,49786,1172017.5,3619056.3812
2025-02-09 07:00:00,3.0934,3.1075,3.0812,3.1043,1936288.5,2025-02-09 07:59:59.999,5992459.02883,35227,852940.4,2639844.52195
2025-02-09 08:00:00,3.1044,3.1536,3.1003,3.1382,2600552.7,2025-02-09 08:59:59.999,8126447.57035,49374,1326127.9,4143087.73481
2025-02-09 09:00:00,3.1382,3.1415,3.0916,3.1057,1960017.6,2025-02-09 09:59:59.999,6096302.13239,41352,1017905.6,3165906.3841
2025-02-09 10:00:00,3.1057,3.1251,3.0902,3.1035,1399755.7,2025-02-09 10:59:59.999,4345544.19451,30179,626455.9,1945293.75014
2025-02-09 11:00:00,3.1033,3.1178,3.0602,3.0617,1818625.1,2025-02-09 11:59:59.999,5620213.43314,39103,891186.2,2755043.64041
2025-02-09 12:00:00,3.0617,3.0908,3.056,3.0789,1246771.9,2025-02-09 12:59:59.999,3828225.60639,35433,610179.4,1873415.23646
2025-02-09 13:00:00,3.0789,3.0852,2.993,2.9987,3348931.6,2025-02-09 13:59:59.999,10154762.5066,68792,1457173.7,4417778.71363
2025-02-09 14:00:00,2.9987,3.0463,2.9918,3.0249,3039745.4,2025-02-09 14:59:59.999,9193320.07106,58380,1318103.3,3986787.61063
2025-02-09 15:00:00,3.0249,3.0767,3.0237,3.0639,2290822.6,2025-02-09 15:59:59.999,7004761.60051,47504,1103290.9,3373503.50869
2025-02-09 16:00:00,3.0638,3.1048,3.0506,3.095,1867188.3,2025-02-09 16:59:59.999,5749201.41905,38316,1042920.1,3213050.97379
2025-02-09 17:00:00,3.0949,3.1017,3.0316,3.0416,1913748.3,2025-02-09 17:59:59.999,5863255.67384,42102,891272.2,2732680.77252
2025-02-09 18:00:00,3.0412,3.0657,3.0292,3.0508,1113701.8,2025-02-09 18:59:59.999,3390887.94044,28592,529408.3,1612029.64908
2025-02-09 19:00:00,3.0508,3.0577,2.9986,3.0142,1905477.7,2025-02-09 19:59:59.999,5760174.38199,38477,1072306.3,3241554.24348
2025-02-09 20:00:00,3.0142,3.0969,3.0124,3.0809,2366411.4,2025-02-09 20:59:59.999,7261129.03072,44623,1098539.9,3371993.40743
2025-02-09 21:00:00,3.0808,3.0889,2.8679,2.9087,10354887.4,2025-02-09 21:59:59.999,30499110.21978,167193,4360256.0,12837869.62558
2025-02-09 22:00:00,2.9086,3.0093,2.8732,2.9638,4999766.7,2025-02-09 22:59:59.999,14648475.8361,110839,2544287.7,7455257.52645
2025-02-09 23:00:00,2.9637,3.0099,2.95,2.9952,2791523.5,2025-02-09 23:59:59.999,8320443.09265,70289,1393875.7,4154850.26983
2025-02-10 00:00:00,2.9951,3.1047,2.9925,3.0807,4912225.9,2025-02-10 00:59:59.999,15075832.89979,110988,2549957.9,7826045.2095
2025-02-10 01:00:00,3.0806,3.0872,2.9139,2.9409,5765614.3,2025-02-10 01:59:59.999,17254586.1888,124563,2785515.9,8329126.33972
2025-02-10 02:00:00,2.9408,3.0066,2.9006,2.961,4181169.7,2025-02-10 02:59:59.999,12309428.32292,94793,2197958.0,6469302.85944
2025-02-10 03:00:00,2.9613,3.135,2.9493,3.0887,6403547.0,2025-02-10 03:59:59.999,19674157.66423,141379,3229895.7,9919207.70434
2025-02-10 04:00:00,3.0888,3.1316,3.0648,3.0776,3550603.0,2025-02-10 04:59:59.999,11019550.39125,99414,1893686.0,5877133.73645
2025-02-10 05:00:00,3.0774,3.1789,3.0637,3.1345,4563323.6,2025-02-10 05:59:59.999,14259560.23781,86706,2417710.5,7558865.25731
2025-02-10 06:00:00,3.1345,3.1428,3.072,3.095,3367642.2,2025-02-10 06:59:59.999,10449526.69529,73026,1590013.3,4934758.18148
2025-02-10 07:00:00,3.095,3.1241,3.0882,3.1166,2231756.2,2025-02-10 07:59:59.999,6940527.63981,44297,1089891.9,3389717.95049
2025-02-10 08:00:00,3.1166,3.23,3.1087,3.2057,6488337.0,2025-02-10 08:59:59.999,20698115.9083,109964,3557851.9,11349186.51132
2025-02-10 09:00:00,3.2058,3.234,3.1785,3.2002,4409614.9,2025-02-10 09:59:59.999,14124494.67936,92927,2068855.0,6631545.90831
2025-02-10 10:00:00,3.2002,3.2801,3.1824,3.2292,4161828.8,2025-02-10 10:59:59.999,13404633.87213,71045,2372096.5,7644160.67847
2025-02-10 11:00:00,3.2292,3.26,3.2035,3.222,3967347.8,2025-02-10 11:59:59.999,12846923.58362,91516,1886264.5,6106988.44864
2025-02-10 12:00:00,3.2219,3.2478,3.1674,3.1739,3871011.2,2025-02-10 12:59:59.999,12407704.35513,78798,1778894.2,5699713.59823
2025-02-10 13:00:00,3.1739,3.3072,3.1739,3.2774,4638047.0,2025-02-10 13:59:59.999,14985254.22581,95497,2381586.4,7696550.69671
2025-02-10 14:00:00,3.2771,3.3004,3.233,3.2607,9221884.3,2025-02-10 14:59:59.999,30153664.3628,169419,3612591.4,11808478.22125
2025-02-10 15:00:00,3.2605,3.2926,3.2051,3.2414,4127048.0,2025-02-10 15:59:59.999,13406130.15984,96989,1839448.2,5979195.39899
2025-02-10 16:00:00,3.2419,3.285,3.209,3.2533,3170819.4,2025-02-10 16:59:59.999,10289253.68998,71044,1616810.4,5246403.244
2025-02-10 17:00:00,3.2536,3.2865,3.2286,3.2648,2490095.3,2025-02-10 17:59:59.999,8099687.37646,63447,1205194.7,3920599.88656
2025-02-10 18:00:00,3.2643,3.287,3.2452,3.2773,1768859.8,2025-02-10 18:59:59.999,5781991.90107,58447,814994.1,2663363.6693
2025-02-10 19:00:00,3.2772,3.2889,3.2327,3.2446,1388030.6,2025-02-10 19:59:59.999,4528952.24797,38455,659803.6,2152522.32539
2025-02-10 20:00:00,3.2446,3.2673,3.2279,3.2505,1438209.0,2025-02-10 20:59:59.999,4669460.87249,34876,632767.5,2055022.77768
2025-02-10 21:00:00,3.2505,3.2515,3.21,3.2179,1033381.9,2025-02-10 21:59:59.999,3336224.14789,30276,462848.2,1494322.48928
2025-02-10 22:00:00,3.2179,3.2507,3.1876,3.2045,1086268.0,2025-02-10 22:59:59.999,3494011.99592,28490,502101.9,1614853.97995
2025-02-10 23:00:00,3.2045,3.2204,3.19,3.2159,892867.3,2025-02-10 23:59:59.999,2862397.36891,32493,452357.6,1450229.26636
2025-02-11 00:00:00,3.2158,3.3408,3.2012,3.2942,4069265.2,2025-02-11 00:59:59.999,13348545.48476,94687,2354141.1,7727451.68969
2025-02-11 01:00:00,3.2941,3.4336,3.2935,3.3582,6219540.0,2025-02-11 01:59:59.999,20962670.6417,134613,3224207.5,10864378.78855
2025-02-11 02:00:00,3.3578,3.377,3.2951,3.3245,3588829.6,2025-02-11 02:59:59.999,11939538.91211,99187,1781614.1,5927678.0935
2025-02-11 03:00:00,3.3244,3.3345,3.3009,3.3289,1417358.5,2025-02-11 03:59:59.999,4702692.83318,40747,794432.0,2636312.60257
2025-02-11 04:00:00,3.329,3.415,3.3278,3.4012,3067324.4,2025-02-11 04:59:59.999,10346117.92675,71340,1476847.8,4980645.75154
2025-02-11 05:00:00,3.4012,3.4992,3.3855,3.4822,4126211.7,2025-02-11 05:59:59.999,14189079.30051,91783,2230081.8,7671367.77351
2025-02-11 06:00:00,3.4823,3.5479,3.46,3.5376,4957128.6,2025-02-11 06:59:59.999,17352146.14301,102142,2315547.0,8109940.37196
2025-02-11 07:00:00,3.5377,3.55,3.4802,3.488,4106933.9,2025-02-11 07:59:59.999,14435416.69663,89465,2018402.6,7098830.97587
2025-02-11 08:00:00,3.488,3.5854,3.4767,3.5467,5512399.1,2025-02-11 08:59:59.999,19492186.86281,115703,2935562.2,10382300.27207
2025-02-11 09:00:00,3.5467,3.5748,3.5163,3.5381,3184504.4,2025-02-11 09:59:59.999,11298586.252,89229,1438020.2,5102736.44981
2025-02-11 10:00:00,3.538,3.5684,3.5155,3.5455,3066036.1,2025-02-11 10:59:59.999,10856541.13526,84100,1325710.4,4695085.4412
2025-02-11 11:00:00,3.5455,3.5512,3.5074,3.519,2240513.4,2025-02-11 11:59:59.999,7906596.25355,51393,1093625.3,3859138.35074
2025-02-11 12:00:00,3.519,3.5231,3.4348,3.479,4895295.1,2025-02-11 12:59:59.999,16978605.59909,92579,2221303.5,7702195.61764
2025-02-11 13:00:00,3.4788,3.4955,3.3718,3.3906,5680225.4,2025-02-11 13:59:59.999,19491695.77493,127331,2655533.9,9111039.798
2025-02-11 14:00:00,3.3906,3.5455,3.3738,3.5106,7191859.9,2025-02-11 14:59:59.999,24857881.32203,164050,3713381.1,12848420.56442
2025-02-11 15:00:00,3.5107,3.5557,3.4476,3.4683,5723366.4,2025-02-11 15:59:59.999,19966765.75571,148180,2856138.3,9963883.46052
2025-02-11 16:00:00,3.4683,3.4813,3.4065,3.4398,4422488.6,2025-02-11 16:59:59.999,15227293.33385,89142,2152922.3,7415857.06669
2025-02-11 17:00:00,3.4402,3.4426,3.3458,3.3745,4382460.1,2025-02-11 17:59:59.999,14904308.6631,96213,2118466.4,7209390.37315
2025-02-11 18:00:00,3.3744,3.3848,3.3295,3.3452,3590350.1,2025-02-11 18:59:59.999,12029668.93706,89917,1719335.7,5762201.01165
2025-02-11 19:00:00,3.3453,3.3482,3.2379,3.2804,5688951.4,2025-02-11 19:59:59.999,18650874.99143,110232,2526940.8,8287287.94227
2025-02-11 20:00:00,3.2803,3.3257,3.2665,3.2788,3559436.3,2025-02-11 20:59:59.999,11735424.14972,75348,1942276.7,6404824.75693
2025-02-11 21:00:00,3.2787,3.3656,3.2772,3.3543,3867245.5,2025-02-11 21:59:59.999,12873181.14007,80039,2329208.5,7752506.60981
2025-02-11 22:00:00,3.3543,3.3896,3.29,3.3023,2273453.7,2025-02-11 22:59:59.999,7611649.76979,48866,1179171.5,3949062.96835
2025-02-11 23:00:00,3.3024,3.343,3.301,3.3279,2158783.9,2025-02-11 23:59:59.999,7174867.53846,51706,1058446.1,3517966.15053
2025-02-12 00:00:00,3.3278,3.3563,3.2768,3.3272,2723090.1,2025-02-12 00:59:59.999,9037018.46769,60533,1265536.7,4200472.46996
2025-02-12 01:00:00,3.3272,3.3479,3.2962,3.3365,2060692.7,2025-02-12 01:59:59.999,6848737.44777,44078,1104457.8,3672539.82973
2025-02-12 02:00:00,3.3365,3.3386,3.2679,3.2842,2206890.8,2025-02-12 02:59:59.999,7285006.69184,42250,1078746.4,3560393.24822
2025-02-12 03:00:00,3.2842,3.2929,3.2416,3.2525,3392997.5,2025-02-12 03:59:59.999,11088667.21007,64304,1574048.1,5145043.0024
2025-02-12 04:00:00,3.2526,3.2706,3.21,3.2419,3238720.2,2025-02-12 04:59:59.999,10484114.94775,69663,1547582.7,5010856.70972
2025-02-12 05:00:00,3.2419,3.2956,3.2309,3.2763,1728889.0,2025-02-12 05:59:59.999,5659797.70016,38779,834924.2,2732934.5871
2025-02-12 06:00:00,3.2765,3.282,3.229,3.239,1892197.3,2025-02-12 06:59:59.999,6153012.05803,37007,888875.6,2890851.79886
2025-02-12 07:00:00,3.2389,3.2982,3.2314,3.2649,2038968.6,2025-02-12 07:59:59.999,6661400.94928,48861,1088481.7,3556080.9516
2025-02-12 08:00:00,3.2649,3.3035,3.2643,3.2867,2163406.7,2025-02-12 08:59:59.999,7113767.13189,48726,1147050.9,3772723.61625
2025-02-12 09:00:00,3.2868,3.295,3.2534,3.2886,1474493.0,2025-02-12 09:59:59.999,4823586.38729,32130,778062.6,2545244.74118
2025-02-12 10:00:00,3.2885,3.3009,3.2434,3.2635,1350346.6,2025-02-12 10:59:59.999,4411835.07559,28509,695586.4,2272831.15743
2025-02-12 11:00:00,3.2633,3.3215,3.2632,3.2904,1957785.6,2025-02-12 11:59:59.999,6449264.72754,41066,868925.4,2862792.80494
2025-02-12 12:00:00,3.2905,3.3262,3.2712,3.2727,1555950.1,2025-02-12 12:59:59.999,5128085.24435,36148,755513.8,2491432.68085
2025-02-12 13:00:00,3.2728,3.3424,3.08,3.1608,22983313.0,2025-02-12 13:59:59.999,73070129.33887,256453,11518479.0,36577868.28758
2025-02-12 14:00:00,3.1609,3.2217,3.09,3.2037,11475869.1,2025-02-12 14:59:59.999,36284009.83206,198857,6054331.5,19146450.60841
2025-02-12 15:00:00,3.2035,3.2376,3.1401,3.2155,7321579.9,2025-02-12 15:59:59.999,23422676.66116,156254,3619373.7,11584963.70401
2025-02-12 16:00:00,3.2156,3.3204,3.1658,3.3061,6992541.2,2025-02-12 16:59:59.999,22582938.65934,121332,3388575.2,10952282.90347
2025-02-12 17:00:00,3.3061,3.456,3.2962,3.3808,12086989.5,2025-02-12 17:59:59.999,40765601.83336,203458,5891801.2,19871233.98708
2025-02-12 18:00:00,3.3812,3.3961,3.3338,3.3799,3657666.0,2025-02-12 18:59:59.999,12296939.25957,75223,1515983.5,5095854.99273
2025-02-12 19:00:00,3.3799,3.4521,3.35,3.4412,4502884.2,2025-02-12 19:59:59.999,15351765.88606,77815,2055241.5,7003455.54871
2025-02-12 20:00:00,3.4413,3.5211,3.4209,3.4813,6496740.4,2025-02-12 20:59:59.999,22636804.69541,119678,3450231.9,12023501.49573
2025-02-12 21:00:00,3.4817,3.5424,3.458,3.4963,5570741.7,2025-02-12 21:59:59.999,19511378.26153,80427,2589796.5,9072173.33899
2025-02-12 22:00:00,3.4964,3.6699,3.4964,3.6106,7006026.2,2025-02-12 22:59:59.999,25250461.02398,113401,3981008.5,14343294.27622
2025-02-12 23:00:00,3.6105,3.6282,3.5628,3.5821,3416905.3,2025-02-12 23:59:59.999,12262551.95524,80699,1522867.4,5465322.68376
2025-02-13 00:00:00,3.5822,3.5907,3.5469,3.5753,3065442.4,2025-02-13 00:59:59.999,10941775.00123,61195,1307581.2,4668641.83207
2025-02-13 01:00:00,3.5752,3.6566,3.5639,3.6402,3137146.7,2025-02-13 01:59:59.999,11334055.04238,70651,1621982.4,5861031.35184
2025-02-13 02:00:00,3.6402,3.6414,3.5882,3.6112,2364127.5,2025-02-13 02:59:59.999,8523870.6139,56988,1071404.8,3863988.79815
2025-02-13 03:00:00,3.6111,3.6348,3.6109,3.6268,1712686.5,2025-02-13 03:59:59.999,6205306.04194,46588,777066.0,2815680.66516
2025-02-13 04:00:00,3.6269,3.6348,3.5367,3.552,3577927.8,2025-02-13 04:59:59.999,12822880.92738,70320,1318920.0,4727205.09756
2025-02-13 05:00:00,3.552,3.5975,3.5252,3.5873,3024280.5,2025-02-13 05:59:59.999,10776493.87138,62132,1494934.9,5330286.79486
2025-02-13 06:00:00,3.5873,3.5973,3.4944,3.544,5118398.0,2025-02-13 06:59:59.999,18165340.07725,100317,2528979.7,8977449.50541
2025-02-13 07:00:00,3.5439,3.5779,3.5243,3.5372,2043033.8,2025-02-13 07:59:59.999,7260528.70693,63031,936377.5,3328147.52339
2025-02-13 08:00:00,3.5373,3.5473,3.4783,3.4922,3218390.8,2025-02-13 08:59:59.999,11299910.19722,72097,1689586.1,5932080.51949
2025-02-13 09:00:00,3.4921,3.5504,3.4765,3.5388,3063604.7,2025-02-13 09:59:59.999,10798942.81062,61255,1795326.1,6328581.27185
2025-02-13 10:00:00,3.5388,3.544,3.5123,3.5203,1465428.6,2025-02-13 10:59:59.999,5173082.04539,39354,674057.5,2380062.90068
2025-02-13 11:00:00,3.5203,3.5315,3.4768,3.5095,2114602.2,2025-02-13 11:59:59.999,7409693.85302,52282,991047.0,3472532.28252
2025-02-13 12:00:00,3.5096,3.5264,3.4598,3.4772,2288495.8,2025-02-13 12:59:59.999,7989907.15438,62633,1024980.7,3578559.31577
2025-02-13 13:00:00,3.4773,3.5174,3.4524,3.4729,5022027.0,2025-02-13 13:59:59.999,17487354.41801,116198,2475106.2,8618407.07826
2025-02-13 14:00:00,3.4729,3.4737,3.4093,3.4389,4458800.8,2025-02-13 14:59:59.999,15340029.51167,104568,2253013.9,7752847.56514
2025-02-13 15:00:00,3.4388,3.5389,3.42,3.5147,5220716.9,2025-02-13 15:59:59.999,18206233.26574,115800,2719657.4,9487209.56388
2025-02-13 16:00:00,3.5146,3.5415,3.4619,3.4717,4645079.9,2025-02-13 16:59:59.999,16286209.93452,125652,2073559.4,7270679.53667
2025-02-13 17:00:00,3.4718,3.5087,3.455,3.4626,2471892.5,2025-02-13 17:59:59.999,8605692.8357,62596,1189194.3,4140713.4468
2025-02-13 18:00:00,3.4627,3.4923,3.4389,3.4923,2051934.9,2025-02-13 18:59:59.999,7116305.32802,55400,1075703.7,3731063.43644
2025-02-13 19:00:00,3.4923,3.537,3.4589,3.4695,2688166.5,2025-02-13 19:59:59.999,9424125.58957,58175,1382699.1,4849796.31723
2025-02-13 20:00:00,3.4695,3.5029,3.4677,3.4839,1309489.0,2025-02-13 20:59:59.999,4565303.83814,35111,671657.3,2342047.23042
2025-02-13 21:00:00,3.4838,3.5291,3.4791,3.5046,2094336.6,2025-02-13 21:59:59.999,7345210.00968,46950,1082569.8,3796377.2841
2025-02-13 22:00:00,3.5045,3.5278,3.4684,3.4735,1554470.0,2025-02-13 22:59:59.999,5441974.37315,29677,627088.7,2195782.45489
2025-02-13 23:00:00,3.4736,3.4916,3.4541,3.4676,1250526.1,2025-02-13 23:59:59.999,4340867.50755,38541,573325.7,1989898.60474
2025-02-14 00:00:00,3.4677,3.4971,3.4432,3.4825,1564945.9,2025-02-14 00:59:59.999,5427288.19898,37853,745973.2,2587379.99127
2025-02-14 01:00:00,3.4823,3.498,3.4267,3.45,1503825.2,2025-02-14 01:59:59.999,5203002.01906,39635,650386.7,2249458.21435
2025-02-14 02:00:00,3.4497,3.4995,3.4357,3.4666,1376100.5,2025-02-14 02:59:59.999,4781788.77971,35889,695179.6,2415708.00967
2025-02-14 03:00:00,3.4666,3.5475,3.465,3.538,2123140.8,2025-02-14 03:59:59.999,7455653.34718,44888,1105919.6,3881645.89445
2025-02-14 04:00:00,3.5381,3.5484,3.489,3.4944,1481080.8,2025-02-14 04:59:59.999,5207851.50161,33369,767656.7,2701089.19135
2025-02-14 05:00:00,3.4942,3.5067,3.4619,3.4795,1187402.5,2025-02-14 05:59:59.999,4133049.88595,26174,549060.2,1911193.39517
2025-02-14 06:00:00,3.4795,3.4871,3.4584,3.4856,1013118.1,2025-02-14 06:59:59.999,3519018.74908,26101,548312.8,1905089.79797
2025-02-14 07:00:00,3.4856,3.5136,3.4776,3.4933,1218596.8,2025-02-14 07:59:59.999,4266311.32101,33865,594600.6,2081645.10691
2025-02-14 08:00:00,3.4933,3.5378,3.4799,3.5228,2334782.4,2025-02-14 08:59:59.999,8195437.56174,45163,1125036.7,3948166.47344
2025-02-14 09:00:00,3.5229,3.6382,3.5193,3.6311,4913481.7,2025-02-14 09:59:59.999,17603055.70775,82793,2428907.3,8707910.63122
2025-02-14 10:00:00,3.6309,3.6574,3.5865,3.5907,3769599.2,2025-02-14 10:59:59.999,13665832.57789,71981,1651249.6,5988450.16275
2025-02-14 11:00:00,3.591,3.6062,3.5469,3.5766,2485190.6,2025-02-14 11:59:59.999,8880455.81441,54801,1042931.0,3729169.96513
2025-02-14 12:00:00,3.5765,3.577,3.5204,3.5411,1822724.3,2025-02-14 12:59:59.999,6458519.6088,47024,854927.0,3029658.28402
2025-02-14 13:00:00,3.541,3.6052,3.5294,3.588,2776520.3,2025-02-14 13:59:59.999,9911470.39377,56883,1382504.8,4933584.42722
2025-02-14 14:00:00,3.5881,3.6969,3.5815,3.6854,4393564.9,2025-02-14 14:59:59.999,15990405.19608,94615,2331726.3,8488728.05217
2025-02-14 15:00:00,3.6856,3.6928,3.5737,3.6409,5471270.2,2025-02-14 15:59:59.999,19821324.47946,120483,2561871.7,9279061.34335
2025-02-14 16:00:00,3.6409,3.6521,3.5772,3.6379,2926357.2,2025-02-14 16:59:59.999,10566666.48712,75038,1351805.9,4883587.83424
2025-02-14 17:00:00,3.6378,3.7386,3.6138,3.6995,5157232.0,2025-02-14 17:59:59.999,18980481.72165,106312,2751376.8,10130597.26739
2025-02-14 18:00:00,3.6994,3.726,3.658,3.6661,3531148.5,2025-02-14 18:59:59.999,13048601.99073,83535,1690688.7,6245415.7608
2025-02-14 19:00:00,3.6662,3.6814,3.601,3.6201,2541511.9,2025-02-14 19:59:59.999,9253728.71954,59880,1080012.3,3932962.70497
2025-02-14 20:00:00,3.6201,3.6227,3.5383,3.5512,2684593.3,2025-02-14 20:59:59.999,9630070.31083,56586,1335157.4,4794091.63048
2025-02-14 21:00:00,3.5513,3.5951,3.5253,3.5907,2797113.5,2025-02-14 21:59:59.999,9942944.44752,63377,1389143.5,4938589.8692
2025-02-14 22:00:00,3.5904,3.5955,3.5064,3.5292,2135071.8,2025-02-14 22:59:59.999,7576553.70441,45277,992873.4,3520762.81195
2025-02-14 23:00:00,3.5293,3.5647,3.5121,3.5531,1102756.9,2025-02-14 23:59:59.999,3909516.56684,35330,579941.7,2056043.39135
2025-02-15 00:00:00,3.5532,3.5557,3.5129,3.5348,1407003.2,2025-02-15 00:59:59.999,4967779.8073,35878,703563.8,2483671.78454
2025-02-15 01:00:00,3.5347,3.58,3.5333,3.5773,1136625.6,2025-02-15 01:59:59.999,4040859.4838,33346,557270.0,1981162.49595
2025-02-15 02:00:00,3.5771,3.5965,3.5571,3.591,1454452.7,2025-02-15 02:59:59.999,5205208.77905,37117,780274.6,2792309.82842
2025-02-15 03:00:00,3.591,3.5995,3.5577,3.5645,799638.6,2025-02-15 03:59:59.999,2861403.42566,19906,419002.6,1499296.27809
2025-02-15 04:00:00,3.5644,3.5662,3.4906,3.5,2791260.3,2025-02-15 04:59:59.999,9829498.49254,45901,1137391.5,4004335.00149
2025-02-15 05:00:00,3.5,3.5155,3.4801,3.4951,2111525.8,2025-02-15 05:59:59.999,7384371.34456,34303,1252041.0,4379332.3989
2025-02-15 06:00:00,3.4951,3.4957,3.4224,3.4496,3291168.9,2025-02-15 06:59:59.999,11380713.59563,42112,1715886.6,5928848.28371
2025-02-15 07:00:00,3.4496,3.488,3.449,3.4698,1540288.8,2025-02-15 07:59:59.999,5336600.98464,36902,817985.7,2833931.888
2025-02-15 08:00:00,3.4697,3.4958,3.4646,3.4694,947460.4,2025-02-15 08:59:59.999,3297019.31021,25429,427904.9,1489534.58874
2025-02-15 09:00:00,3.4695,3.4816,3.4484,3.4549,925723.3,2025-02-15 09:59:59.999,3205032.57851,25112,385665.4,1335105.79083
2025-02-15 10:00:00,3.4549,3.4825,3.4467,3.4766,1245688.4,2025-02-15 10:59:59.999,4315670.60657,25069,603263.2,2089633.53302
2025-02-15 11:00:00,3.4766,3.4797,3.4422,3.4623,1074803.7,2025-02-15 11:59:59.999,3715904.07671,24590,455766.4,1575881.29117
2025-02-15 12:00:00,3.4623,3.4918,3.4576,3.4734,1010987.0,2025-02-15 12:59:59.999,3510026.01168,25871,497032.1,1725641.97725
2025-02-15 13:00:00,3.4734,3.486,3.4501,3.453,902026.9,2025-02-15 13:59:59.999,3126755.16831,26550,468148.9,1622916.22824
2025-02-15 14:00:00,3.453,3.4541,3.3851,3.4313,2991652.3,2025-02-15 14:59:59.999,10234461.66181,62806,1242559.3,4251889.77771
2025-02-15 15:00:00,3.4314,3.4454,3.4116,3.4275,1122168.8,2025-02-15 15:59:59.999,3847788.1803,30593,554478.9,1901562.00113
2025-02-15 16:00:00,3.4274,3.4417,3.4056,3.4117,1257859.0,2025-02-15 16:59:59.999,4302005.32674,30991,576775.2,1973096.68776
2025-02-15 17:00:00,3.4117,3.4203,3.3835,3.4105,1959584.6,2025-02-15 17:59:59.999,6661830.83591,40691,922442.0,3135952.48491
2025-02-15 18:00:00,3.4107,3.4322,3.4031,3.4154,1304786.4,2025-02-15 18:59:59.999,4463502.41196,22625,573472.6,1962765.54355
2025-02-15 19:00:00,3.4155,3.4211,3.3953,3.3973,502083.8,2025-02-15 19:59:59.999,1710957.99581,15350,255202.7,869795.05665
2025-02-15 20:00:00,3.3974,3.4086,3.3736,3.393,1135715.1,2025-02-15 20:59:59.999,3848465.96197,21930,448122.9,1518881.77378
2025-02-15 21:00:00,3.3926,3.4192,3.3894,3.4132,583391.7,2025-02-15 21:59:59.999,1985805.39016,13440,379872.1,1292949.72548
2025-02-15 22:00:00,3.4129,3.434,3.3909,3.4208,672918.4,2025-02-15 22:59:59.999,2298215.82729,17486,330232.3,1128038.82005
2025-02-15 23:00:00,3.4208,3.4291,3.4106,3.4178,585402.2,2025-02-15 23:59:59.999,2002389.63737,15108,246706.1,843615.72657
2025-02-16 00:00:00,3.4177,3.4638,3.4007,3.403,1741927.1,2025-02-16 00:59:59.999,5973222.37595,30886,773391.3,2652142.7747
2025-02-16 01:00:00,3.4031,3.406,3.3762,3.4025,1094606.1,2025-02-16 01:59:59.999,3712349.37197,25476,475354.0,1612034.54531
2025-02-16 02:00:00,3.4024,3.4063,3.3652,3.3812,1098850.7,2025-02-16 02:59:59.999,3714650.82578,29008,492669.9,1666438.07947
2025-02-16 03:00:00,3.3812,3.3946,3.3655,3.3939,810454.2,2025-02-16 03:59:59.999,2737395.47288,17955,343185.9,1159233.82167
2025-02-16 04:00:00,3.394,3.4092,3.3888,3.4031,659060.2,2025-02-16 04:59:59.999,2240701.45664,19331,388290.8,1320137.20137
2025-02-16 05:00:00,3.403,3.4061,3.3762,3.3964,2631354.1,2025-02-16 05:59:59.999,8908557.69053,25777,1547562.5,5238152.86732
2025-02-16 06:00:00,3.3964,3.4178,3.3772,3.3793,1796055.8,2025-02-16 06:59:59.999,6098542.22772,24263,1044928.9,3548336.92406
2025-02-16 07:00:00,3.3792,3.4001,3.3443,3.3638,2950213.3,2025-02-16 07:59:59.999,9941342.71478,28454,1712842.6,5770392.49571
2025-02-16 08:00:00,3.3637,3.3814,3.3556,3.3619,846945.7,2025-02-16 08:59:59.999,2851496.90471,20650,394684.2,1329214.9628
2025-02-16 09:00:00,3.3618,3.3887,3.3432,3.3852,833436.1,2025-02-16 09:59:59.999,2803107.57523,22259,410503.7,1380889.21103
2025-02-16 10:00:00,3.3854,3.3912,3.371,3.373,696805.0,2025-02-16 10:59:59.999,2355389.6642,20850,372523.5,1259040.56573
2025-02-16 11:00:00,3.3731,3.4049,3.3658,3.3997,1205882.3,2025-02-16 11:59:59.999,4084871.78995,22711,698943.9,2368721.0733
2025-02-16 12:00:00,3.3997,3.4063,3.3688,3.3743,831430.3,2025-02-16 12:59:59.999,2818147.71162,21805,372361.5,1262373.35159
2025-02-16 13:00:00,3.3741,3.3741,3.3263,3.3285,1384255.7,2025-02-16 13:59:59.999,4632782.14517,27100,631660.5,2113906.43542
2025-02-16 14:00:00,3.3284,3.3515,3.3059,3.3435,1777567.5,2025-02-16 14:59:59.999,5911696.97503,42551,836033.4,2780603.53464
2025-02-16 15:00:00,3.3435,3.354,3.328,3.3302,1852160.8,2025-02-16 15:59:59.999,6191483.29259,26299,1125006.8,3762031.73767
2025-02-16 16:00:00,3.3302,3.3444,3.3139,3.3251,605893.4,2025-02-16 16:59:59.999,2017069.23793,20474,293501.7,977066.27023
2025-02-16 17:00:00,3.3251,3.3385,3.2934,3.3001,1415401.1,2025-02-16 17:59:59.999,4682434.28427,30170,549609.7,1819200.8216
2025-02-16 18:00:00,3.3001,3.3015,3.2482,3.2925,2390717.4,2025-02-16 18:59:59.999,7829212.61151,45570,1121334.8,3671448.40673
2025-02-16 19:00:00,3.2925,3.2934,3.2686,3.287,727782.0,2025-02-16 19:59:59.999,2388913.56809,20598,375271.9,1231676.66155
2025-02-16 20:00:00,3.2869,3.3102,3.2711,3.2724,1091643.8,2025-02-16 20:59:59.999,3594941.5344,20782,643245.2,2119648.70652
2025-02-16 21:00:00,3.2723,3.314,3.2625,3.3009,1167506.0,2025-02-16 21:59:59.999,3838275.22485,28808,633141.4,2080097.16372
2025-02-16 22:00:00,3.3009,3.3121,3.2801,3.3047,999782.8,2025-02-16 22:59:59.999,3296439.54048,19832,453303.3,1494773.74961
2025-02-16 23:00:00,3.3048,3.306,3.2589,3.2688,3011010.6,2025-02-16 23:59:59.999,9871458.42007,47391,1622578.9,5317848.17497
2025-02-17 00:00:00,3.2689,3.2923,3.2636,3.2895,1205416.7,2025-02-17 00:59:59.999,3954504.14625,26013,542332.8,1778967.93547
2025-02-17 01:00:00,3.2896,3.3197,3.2738,3.3098,1039994.0,2025-02-17 01:59:59.999,3428337.6819,21062,567762.0,1871976.52002
2025-02-17 02:00:00,3.3094,3.3369,3.2849,3.2888,1355977.0,2025-02-17 02:59:59.999,4496915.07753,26870,752052.3,2494555.77845
2025-02-17 03:00:00,3.2887,3.2974,3.2557,3.2914,1208187.8,2025-02-17 03:59:59.999,3955731.15595,27137,564361.5,1847770.84433
2025-02-17 04:00:00,3.2914,3.293,3.2386,3.2387,2338218.8,2025-02-17 04:59:59.999,7621535.69748,35904,877180.5,2858961.49701
2025-02-17 05:00:00,3.2388,3.267,3.1913,3.2641,6686467.8,2025-02-17 05:59:59.999,21566901.58186,84154,3497955.0,11289832.61301
2025-02-17 06:00:00,3.2641,3.2875,3.2588,3.2768,1519227.9,2025-02-17 06:59:59.999,4977658.5735,37870,739670.2,2423522.42263
2025-02-17 07:00:00,3.2768,3.2917,3.2246,3.2413,1744584.6,2025-02-17 07:59:59.999,5671300.07022,36511,804782.1,2618160.05186
2025-02-17 08:00:00,3.2413,3.2884,3.2291,3.2794,1975124.5,2025-02-17 08:59:59.999,6442182.91461,39779,1040769.0,3395616.09214
2025-02-17 09:00:00,3.2792,3.3079,3.2711,3.2926,1406108.3,2025-02-17 09:59:59.999,4627192.38166,31869,804101.7,2645953.20131
2025-02-17 10:00:00,3.2927,3.33,3.2782,3.2855,2525034.4,2025-02-17 10:59:59.999,8350556.83842,43349,1360039.7,4501395.85011
2025-02-17 11:00:00,3.2854,3.3003,3.2729,3.2884,826208.5,2025-02-17 11:59:59.999,2714464.49244,25503,424478.2,1394516.5374
2025-02-17 12:00:00,3.2885,3.3196,3.2863,3.3092,1880770.6,2025-02-17 12:59:59.999,6213929.56846,36100,1082655.3,3577731.43606
2025-02-17 13:00:00,3.3092,3.3101,3.2836,3.3025,933078.9,2025-02-17 13:59:59.999,3075734.96813,22544,456263.6,1503891.55291
2025-02-17 14:00:00,3.3026,3.3573,3.2983,3.3363,3357938.4,2025-02-17 14:59:59.999,11196916.34544,58681,1599428.3,5332171.87566
2025-02-17 15:00:00,3.3363,3.3475,3.2135,3.2223,3756544.8,2025-02-17 15:59:59.999,12310087.10073,79903,1788274.7,5860559.88122
2025-02-17 16:00:00,3.2222,3.2517,3.1734,3.1924,4530387.8,2025-02-17 16:59:59.999,14506885.99133,92922,2008855.7,6434697.8802
2025-02-17 17:00:00,3.1923,3.227,3.1832,3.1852,2146588.7,2025-02-17 17:59:59.999,6875633.13171,52220,968063.5,3100970.86692
2025-02-17 18:00:00,3.1853,3.2067,3.1514,3.1609,2620954.3,2025-02-17 18:59:59.999,8317924.47242,55657,1162340.6,3687584.64587
2025-02-17 19:00:00,3.1609,3.1946,3.1437,3.185,1634448.7,2025-02-17 19:59:59.999,5180577.29729,38157,744444.5,2361635.05723
2025-02-17 20:00:00,3.1851,3.2346,3.18,3.2127,1122846.6,2025-02-17 20:59:59.999,3607136.89526,26479,597922.3,1921136.39112
2025-02-17 21:00:00,3.2126,3.269,3.2118,3.2667,1008646.9,2025-02-17 21:59:59.999,3265979.16836,21912,609336.0,1972596.89519
2025-02-17 22:00:00,3.2667,3.2769,3.225,3.2291,1241299.9,2025-02-17 22:59:59.999,4041459.97205,22907,599864.3,1955168.72363
2025-02-17 23:00:00,3.2291,3.2431,3.2054,3.2183,908946.7,2025-02-17 23:59:59.999,2930776.76684,21894,420818.9,1357044.88001
2025-02-18 00:00:00,3.2183,3.2352,3.185,3.1912,1381075.5,2025-02-18 00:59:59.999,4422382.42553,29380,617763.0,1978386.83587
2025-02-18 01:00:00,3.1914,3.2323,3.1775,3.2275,1277554.8,2025-02-18 01:59:59.999,4099660.21382,26144,599395.0,1924341.36505
2025-02-18 02:00:00,3.2275,3.2342,3.1927,3.1994,936895.5,2025-02-18 02:59:59.999,3006567.16461,22170,430035.2,1379898.9798
2025-02-18 03:00:00,3.1995,3.2081,3.1735,3.1805,998260.9,2025-02-18 03:59:59.999,3184076.22403,23538,535947.7,1710287.29554
2025-02-18 04:00:00,3.1806,3.1912,3.145,3.1567,1466458.0,2025-02-18 04:59:59.999,4644022.76206,26367,690557.9,2188361.21147
2025-02-18 05:00:00,3.1568,3.1632,3.1075,3.1196,2168100.8,2025-02-18 05:59:59.999,6776683.26581,44890,1051016.8,3285029.90235
2025-02-18 06:00:00,3.1196,3.1227,3.075,3.0935,4458459.6,2025-02-18 06:59:59.999,13807164.12515,87264,1957469.7,6063659.27329
2025-02-18 07:00:00,3.0935,3.115,3.076,3.0822,3209152.2,2025-02-18 07:59:59.999,9931192.94408,51851,1433120.8,4433623.33053
2025-02-18 08:00:00,3.0822,3.091,3.0247,3.0306,3163043.0,2025-02-18 08:59:59.999,9669615.17899,64286,1358771.2,4154657.52087
2025-02-18 09:00:00,3.0306,3.0978,3.0088,3.0974,4780874.5,2025-02-18 09:59:59.999,14639092.53311,76513,2368215.4,7262078.89892
2025-02-18 10:00:00,3.0974,3.1098,3.0653,3.0701,2093072.8,2025-02-18 10:59:59.999,6460771.60093,40656,933978.9,2885191.38657
2025-02-18 11:00:00,3.0703,3.0789,3.0556,3.0644,1244990.7,2025-02-18 11:59:59.999,3819351.22404,23805,613204.2,1881902.24618
2025-02-18 12:00:00,3.0644,3.143,3.0591,3.1334,3616670.6,2025-02-18 12:59:59.999,11232486.60069,51395,1867419.8,5798409.02408
2025-02-18 13:00:00,3.1333,3.161,3.1143,3.1399,3441612.2,2025-02-18 13:59:59.999,10798669.55426,57762,1825640.0,5727564.60656
2025-02-18 14:00:00,3.1397,3.1785,3.0738,3.1056,4586385.2,2025-02-18 14:59:59.999,14330921.82751,83564,2273569.0,7108033.37266
2025-02-18 15:00:00,3.1056,3.1144,3.0218,3.0453,4636656.7,2025-02-18 15:59:59.999,14240188.1146,96472,2011624.7,6178967.39443
2025-02-18 16:00:00,3.0455,3.0643,2.9512,2.952,8651430.8,2025-02-18 16:59:59.999,25914761.1621,138461,3628197.6,10860759.4218
2025-02-18 17:00:00,2.952,2.9822,2.9205,2.9794,5545997.4,2025-02-18 17:59:59.999,16366811.3213,107924,2543027.4,7505657.86482
2025-02-18 18:00:00,2.9793,3.0397,2.969,3.0236,3434876.0,2025-02-18 18:59:59.999,10329564.54969,69838,1728947.1,5200245.73924
2025-02-18 19:00:00,3.0237,3.0271,2.9821,2.9927,2782904.6,2025-02-18 19:59:59.999,8352035.03305,52126,1453162.8,4360445.44235
2025-02-18 20:00:00,2.9927,3.0167,2.96,2.9761,2068348.8,2025-02-18 20:59:59.999,6176659.0823,41821,1019259.0,3045547.96851
2025-02-18 21:00:00,2.9761,3.049,2.972,3.0102,4015503.2,2025-02-18 21:59:59.999,12133953.45639,72962,2185757.7,6605784.16839
2025-02-18 22:00:00,3.0101,3.0696,3.0036,3.0583,2123720.5,2025-02-18 22:59:59.999,6450798.12884,34710,1121697.7,3406644.56261
2025-02-18 23:00:00,3.0583,3.0785,3.0434,3.0652,1805960.9,2025-02-18 23:59:59.999,5535691.72614,34548,849687.5,2603653.28721
2025-02-19 00:00:00,3.0653,3.0896,3.0409,3.0437,1765352.2,2025-02-19 00:59:59.999,5421789.76193,40758,949103.0,2914824.64782
2025-02-19 01:00:00,3.0438,3.0469,3.0124,3.0452,2073504.1,2025-02-19 01:59:59.999,6282365.60162,37217,913647.6,2768261.74562
2025-02-19 02:00:00,3.0453,3.1,3.04,3.0878,2409994.4,2025-02-19 02:59:59.999,7395741.46876,41889,1150471.3,3530561.88132
2025-02-19 03:00:00,3.0878,3.0882,3.0541,3.0815,1565382.5,2025-02-19 03:59:59.999,4806403.74752,30992,701603.9,2154209.9249
2025-02-19 04:00:00,3.0816,3.0826,3.0119,3.012,1783573.4,2025-02-19 04:59:59.999,5432527.48001,34733,874055.0,2661797.46777
2025-02-19 05:00:00,3.0119,3.0627,3.0059,3.0513,1662142.3,2025-02-19 05:59:59.999,5046244.43845,33379,792818.7,2406904.83998
2025-02-19 06:00:00,3.0513,3.1203,3.0461,3.1129,2178456.5,2025-02-19 06:59:59.999,6709470.86341,36960,1246162.3,3838159.20007
2025-02-19 07:00:00,3.113,3.1606,3.0999,3.1385,4706128.6,2025-02-19 07:59:59.999,14741475.94387,62336,2450947.6,7675843.5399
2025-02-19 08:00:00,3.1384,3.1619,3.1225,3.1251,2556306.2,2025-02-19 08:59:59.999,8036244.24098,47797,1220455.0,3837706.11914
2025-02-19 09:00:00,3.1251,3.1664,3.1207,3.1549,5353950.2,2025-02-19 09:59:59.999,16839348.7805,74834,1653040.9,5197839.34079
2025-02-19 10:00:00,3.155,3.1874,3.151,3.1756,3557814.7,2025-02-19 10:59:59.999,11272930.78287,54654,1781406.8,5646740.87227
2025-02-19 11:00:00,3.1756,3.2057,3.1715,3.1996,3190764.0,2025-02-19 11:59:59.999,10173891.77689,42231,1749128.8,5579331.90147
2025-02-19 12:00:00,3.1995,3.2098,3.1404,3.142,4316347.2,2025-02-19 12:59:59.999,13715336.1242,45773,1908532.8,6059005.53925
2025-02-19 13:00:00,3.142,3.2012,3.142,3.194,2533829.1,2025-02-19 13:59:59.999,8035721.80683,37406,1516804.9,4806822.91981
2025-02-19 14:00:00,3.1941,3.237,3.1463,3.1509,5599959.4,2025-02-19 14:59:59.999,17859191.09665,85103,2713990.0,8660443.49847
2025-02-19 15:00:00,3.151,3.2054,3.135,3.1792,3651253.8,2025-02-19 15:59:59.999,11596482.42277,72010,1721542.1,5465896.58326
2025-02-19 16:00:00,3.1793,3.2528,3.1729,3.2402,3747279.4,2025-02-19 16:59:59.999,12078431.20734,72105,1851283.8,5965944.79491
2025-02-19 17:00:00,3.2397,3.2601,3.1911,3.193,3649193.7,2025-02-19 17:59:59.999,11749224.34594,51599,1999574.7,6437795.14011
2025-02-19 18:00:00,3.1931,3.2016,3.1599,3.167,2338109.4,2025-02-19 18:59:59.999,7440456.51525,38678,1047321.5,3334739.90122
2025-02-19 19:00:00,3.1671,3.1953,3.1461,3.175,3073502.8,2025-02-19 19:59:59.999,9739115.30928,46533,1724592.0,5464365.77232
2025-02-19 20:00:00,3.175,3.1973,3.1571,3.16,2250889.9,2025-02-19 20:59:59.999,7154350.12221,34962,1103091.8,3506262.60307
2025-02-19 21:00:00,3.1599,3.1775,3.1437,3.1512,2028092.1,2025-02-19 21:59:59.999,6404164.70789,29709,1132201.8,3574116.99606
2025-02-19 22:00:00,3.1512,3.2109,3.1512,3.2035,1388476.5,2025-02-19 22:59:59.999,4407672.65475,25492,689647.1,2190009.92099
2025-02-19 23:00:00,3.2036,3.2447,3.2024,3.2182,1963050.5,2025-02-19 23:59:59.999,6331611.3873,42330,1073506.5,3463510.95998
2025-02-20 00:00:00,3.2182,3.2628,3.1986,3.2466,1912378.6,2025-02-20 00:59:59.999,6161544.14289,41399,1052689.5,3392617.32354
2025-02-20 01:00:00,3.2466,3.2544,3.1891,3.2046,1699300.9,2025-02-20 01:59:59.999,5474288.24531,34599,949208.4,3057628.92095
2025-02-20 02:00:00,3.2045,3.2743,3.2002,3.2596,1848883.3,2025-02-20 02:59:59.999,5984196.22359,31563,952226.3,3082144.46778
2025-02-20 03:00:00,3.2596,3.298,3.2548,3.2942,2324561.2,2025-02-20 03:59:59.999,7617123.36887,39153,1309449.1,4289217.83165
2025-02-20 04:00:00,3.2942,3.3468,3.2865,3.3318,2875530.8,2025-02-20 04:59:59.999,9548520.57764,46510,1493853.0,4960129.4575
2025-02-20 05:00:00,3.332,3.3519,3.3174,3.322,2497099.0,2025-02-20 05:59:59.999,8332316.59341,38836,1186794.6,3960768.98865
2025-02-20 06:00:00,3.322,3.3241,3.2791,3.2908,2840424.5,2025-02-20 06:59:59.999,9358579.00363,42550,1323501.4,4360371.58543
2025-02-20 07:00:00,3.2909,3.3117,3.2679,3.2762,1806082.2,2025-02-20 07:59:59.999,5933522.64513,29949,817346.9,2687411.43733
2025-02-20 08:00:00,3.2761,3.3131,3.2606,3.3072,2045216.4,2025-02-20 08:59:59.999,6719109.62047,34677,1102965.8,3625677.82554
2025-02-20 09:00:00,3.3073,3.3221,3.2886,3.2915,2388553.1,2025-02-20 09:59:59.999,7906702.53253,36675,1346982.7,4459581.64603
2025-02-20 10:00:00,3.2916,3.3222,3.2831,3.3173,1363682.3,2025-02-20 10:59:59.999,4502628.44845,29226,645861.3,2132853.2786
2025-02-20 11:00:00,3.3174,3.3295,3.2977,3.3031,1365892.4,2025-02-20 11:59:59.999,4520122.46063,26318,708715.8,2345466.55855
2025-02-20 12:00:00,3.3031,3.3377,3.2971,3.2989,1843813.6,2025-02-20 12:59:59.999,6115392.76445,35559,1025879.7,3402477.35531
2025-02-20 13:00:00,3.2989,3.3101,3.2728,3.3025,1455420.9,2025-02-20 13:59:59.999,4790281.31577,34139,723561.3,2381814.11888
2025-02-20 14:00:00,3.3025,3.365,3.2627,3.2709,4890587.4,2025-02-20 14:59:59.999,16218472.5461,90268,2207331.1,7327952.61852
2025-02-20 15:00:00,3.2709,3.3122,3.2564,3.2842,2441158.4,2025-02-20 15:59:59.999,8023725.54479,70225,1097871.6,3608557.9431
2025-02-20 16:00:00,3.2844,3.36,3.279,3.3404,2733399.3,2025-02-20 16:59:59.999,9115627.06704,59030,1453248.5,4845800.67125
2025-02-20 17:00:00,3.3403,3.4511,3.337,3.4423,4106102.6,2025-02-20 17:59:59.999,14014149.74114,77424,2204530.8,7523729.92111
2025-02-20 18:00:00,3.4423,3.465,3.4042,3.4202,3115910.3,2025-02-20 18:59:59.999,10684967.65356,57692,1436830.3,4928003.80605
2025-02-20 19:00:00,3.4205,3.4665,3.413,3.4309,2406676.7,2025-02-20 19:59:59.999,8273981.10124,42145,1114307.9,3830244.6656
2025-02-20 20:00:00,3.4309,3.4689,3.4269,3.4648,1456374.6,2025-02-20 20:59:59.999,5029668.74048,38331,732645.9,2529987.11472
2025-02-20 21:00:00,3.4649,3.4801,3.4192,3.4224,3032041.5,2025-02-20 21:59:59.999,10455055.70174,50046,1277542.3,4406822.56794
2025-02-20 22:00:00,3.4225,3.4306,3.3931,3.4069,1872925.8,2025-02-20 22:59:59.999,6385672.29208,33426,867502.3,2958460.7611
2025-02-20 23:00:00,3.4069,3.4585,3.4038,3.4508,1953896.1,2025-02-20 23:59:59.999,6719184.0948,37828,1077309.9,3703279.9858
2025-02-21 00:00:00,3.4507,3.486,3.4381,3.4765,2473911.7,2025-02-21 00:59:59.999,8561737.96997,50476,1307816.2,4526462.28482
2025-02-21 01:00:00,3.4765,3.4836,3.4278,3.4488,1754702.2,2025-02-21 01:59:59.999,6051598.25378,39049,838044.3,2890575.2918
2025-02-21 02:00:00,3.4487,3.4671,3.43,3.4316,1091619.4,2025-02-21 02:59:59.999,3761318.37662,25713,528707.8,1821631.63509
2025-02-21 03:00:00,3.4316,3.4956,3.4287,3.4657,1935453.8,2025-02-21 03:59:59.999,6705239.21603,37223,1039707.4,3601914.22027
2025-02-21 04:00:00,3.4656,3.5515,3.4616,3.545,5464361.4,2025-02-21 04:59:59.999,19218892.10943,64543,3059756.8,10760990.15368
2025-02-21 05:00:00,3.545,3.5588,3.519,3.5274,2062340.9,2025-02-21 05:59:59.999,7302172.66034,41616,1156539.4,4094175.06818
2025-02-21 06:00:00,3.5274,3.5284,3.4908,3.5026,2186137.6,2025-02-21 06:59:59.999,7661761.99747,39097,1081888.8,3790854.90209
2025-02-21 07:00:00,3.5027,3.5362,3.488,3.4934,1932813.9,2025-02-21 07:59:59.999,6789908.52375,35145,989925.6,3478252.22894
2025-02-21 08:00:00,3.4938,3.5104,3.4541,3.4751,1971805.9,2025-02-21 08:59:59.999,6857441.03903,34779,1086273.4,3777234.63427
2025-02-21 09:00:00,3.4751,3.5498,3.475,3.4861,3607592.9,2025-02-21 09:59:59.999,12668815.52024,65405,1958467.6,6880951.79145
2025-02-21 10:00:00,3.4861,3.531,3.4744,3.5253,1676513.2,2025-02-21 10:59:59.999,5878158.95991,33854,946175.9,3319074.16064
2025-02-21 11:00:00,3.5252,3.5344,3.4964,3.5004,2744239.9,2025-02-21 11:59:59.999,9639361.99267,43520,1299329.1,4565212.59495
2025-02-21 12:00:00,3.5001,3.5239,3.4848,3.5229,1808294.6,2025-02-21 12:59:59.999,6338632.5891,34395,1023140.4,3585988.16278
2025-02-21 13:00:00,3.5229,3.5699,3.508,3.5488,2807053.5,2025-02-21 13:59:59.999,9948021.59904,63683,1487250.1,5271290.83959
2025-02-21 14:00:00,3.5487,3.5512,3.4423,3.489,4183654.6,2025-02-21 14:59:59.999,14588113.93455,78300,2011864.5,7016431.2663
2025-02-21 15:00:00,3.4891,3.5242,3.3578,3.422,10227740.4,2025-02-21 15:59:59.999,35036015.81779,219026,4851212.5,16619324.31031
2025-02-21 16:00:00,3.422,3.4807,3.4036,3.4469,5135424.9,2025-02-21 16:59:59.999,17667802.1205,114794,2477192.2,8521753.95117
2025-02-21 17:00:00,3.4468,3.4681,3.3495,3.3603,5072201.8,2025-02-21 17:59:59.999,17219714.61637,102136,2442010.2,8294689.38744
2025-02-21 18:00:00,3.3602,3.3726,3.3367,3.3465,3474706.9,2025-02-21 18:59:59.999,11655559.66437,79738,1826150.1,6127292.35264
2025-02-21 19:00:00,3.3466,3.3564,3.2213,3.2543,7515648.5,2025-02-21 19:59:59.999,24589022.19738,119707,3219092.8,10532585.2624
2025-02-21 20:00:00,3.2543,3.2938,3.2463,3.2602,3904667.2,2025-02-21 20:59:59.999,12775313.30397,72106,2096215.2,6860318.70339
2025-02-21 21:00:00,3.2602,3.2888,3.2288,3.257,2459837.0,2025-02-21 21:59:59.999,8009610.71195,54465,1296317.1,4221038.4557
2025-02-21 22:00:00,3.2569,3.2916,3.2368,3.2761,3429789.4,2025-02-21 22:59:59.999,11194026.96797,43840,1788548.8,5836851.84091
2025-02-21 23:00:00,3.2758,3.2954,3.2548,3.2695,1294069.4,2025-02-21 23:59:59.999,4240035.36438,30451,685469.3,2245356.36463
2025-02-22 00:00:00,3.2696,3.317,3.2516,3.3157,1745278.8,2025-02-22 00:59:59.999,5724140.64046,37314,901873.4,2958351.26172
2025-02-22 01:00:00,3.3156,3.3676,3.3111,3.3604,2222740.4,2025-02-22 01:59:59.999,7432265.55936,42747,1218832.1,4073176.0571
2025-02-22 02:00:00,3.3605,3.3607,3.2954,3.3229,1353211.4,2025-02-22 02:59:59.999,4495268.00544,30145,607921.6,2019665.28576
2025-02-22 03:00:00,3.323,3.3474,3.3076,3.3236,1172458.6,2025-02-22 03:59:59.999,3899801.43674,31295,547730.0,1822387.89698
2025-02-22 04:00:00,3.3235,3.3591,3.3138,3.3486,1147900.4,2025-02-22 04:59:59.999,3837681.9142,26476,648505.4,2168111.84868
2025-02-22 05:00:00,3.3484,3.3902,3.3453,3.3775,1596318.6,2025-02-22 05:59:59.999,5379600.15042,30775,873436.9,2943302.9551
2025-02-22 06:00:00,3.3776,3.3837,3.338,3.338,995531.6,2025-02-22 06:59:59.999,3340803.92406,23444,454236.0,1524013.44121
2025-02-22 07:00:00,3.338,3.3642,3.3228,3.3251,1017753.9,2025-02-22 07:59:59.999,3403858.7214,27406,487990.6,1632614.3846
2025-02-22 08:00:00,3.3252,3.3487,3.3204,3.3327,914566.1,2025-02-22 08:59:59.999,3047911.97193,23848,457396.2,1524291.6079
2025-02-22 09:00:00,3.3327,3.3707,3.332,3.3341,1385703.3,2025-02-22 09:59:59.999,4644471.44159,28200,656613.8,2200113.81334
2025-02-22 10:00:00,3.3342,3.3666,3.3272,3.3427,1207214.7,2025-02-22 10:59:59.999,4041298.62196,25721,611534.2,2047457.41516
2025-02-22 11:00:00,3.3427,3.3649,3.3399,3.3543,550027.2,2025-02-22 11:59:59.999,1845652.68996,16591,264344.8,886984.7547
2025-02-22 12:00:00,3.3544,3.3936,3.3436,3.3896,1106343.1,2025-02-22 12:59:59.999,3727008.70059,23577,605228.5,2039659.67013
2025-02-22 13:00:00,3.3896,3.4325,3.3705,3.3733,2760012.9,2025-02-22 13:59:59.999,9386384.91479,51506,1265902.1,4306058.58745
2025-02-22 14:00:00,3.3733,3.4075,3.3714,3.3984,1274955.5,2025-02-22 14:59:59.999,4318194.47388,29072,735817.8,2491870.34351
2025-02-22 15:00:00,3.3984,3.446,3.3979,3.4276,1921333.5,2025-02-22 15:59:59.999,6579289.80543,42907,1019332.9,3489395.98486
2025-02-22 16:00:00,3.4275,3.4493,3.4086,3.412,1463213.2,2025-02-22 16:59:59.999,5023656.26546,33726,751390.5,2580040.15935
2025-02-22 17:00:00,3.412,3.4268,3.3993,3.4164,1468034.4,2025-02-22 17:59:59.999,5006688.28714,33449,704433.1,2402684.4763
2025-02-22 18:00:00,3.4163,3.4551,3.3997,3.4264,4316244.4,2025-02-22 18:59:59.999,14793368.58233,47349,1885625.6,6463800.06424
2025-02-22 19:00:00,3.4264,3.4284,3.4037,3.4083,1235006.4,2025-02-22 19:59:59.999,4216343.51568,25041,615309.9,2100531.39201
2025-02-22 20:00:00,3.4084,3.42,3.3865,3.4077,1648266.8,2025-02-22 20:59:59.999,5610099.63066,22973,810517.2,2759009.21328
2025-02-22 21:00:00,3.4076,3.4127,3.3954,3.4099,445218.1,2025-02-22 21:59:59.999,1515210.44068,11785,201022.9,684099.15426
2025-02-22 22:00:00,3.4098,3.4244,3.3969,3.397,378802.4,2025-02-22 22:59:59.999,1292162.6856,10484,176727.7,602940.29137
2025-02-22 23:00:00,3.3971,3.4304,3.3935,3.4216,747507.3,2025-02-22 23:59:59.999,2552507.54054,18042,371084.8,1267151.62157
2025-02-23 00:00:00,3.4216,3.4866,3.4091,3.48,1994986.2,2025-02-23 00:59:59.999,6869690.33161,39456,1035278.9,3566662.91276
2025-02-23 01:00:00,3.48,3.48,3.4258,3.4322,1970711.0,2025-02-23 01:59:59.999,6800558.61778,36124,955624.6,3298125.94662
2025-02-23 02:00:00,3.4322,3.4536,3.4122,3.4148,951576.1,2025-02-23 02:59:59.999,3267293.96891,20297,429761.7,1475924.71774
2025-02-23 03:00:00,3.415,3.4316,3.3929,3.3999,1133192.7,2025-02-23 03:59:59.999,3862437.90368,24814,605117.6,2062861.12991
2025-02-23 04:00:00,3.3999,3.412,3.3841,3.3972,1143811.8,2025-02-23 04:59:59.999,3882963.65859,20172,666130.2,2261003.24502
2025-02-23 05:00:00,3.3971,3.4005,3.3577,3.3606,1556780.1,2025-02-23 05:59:59.999,5257299.8044,27185,557155.9,1881573.30496
2025-02-23 06:00:00,3.3607,3.3936,3.3518,3.3912,857890.8,2025-02-23 06:59:59.999,2895571.62785,18267,492551.5,1662608.02135
2025-02-23 07:00:00,3.3909,3.4792,3.3764,3.4279,3171565.0,2025-02-23 07:59:59.999,10892185.99059,46769,1559223.9,5352314.21598
2025-02-23 08:00:00,3.4279,3.4298,3.402,3.4132,1308995.3,2025-02-23 08:59:59.999,4471928.0254,25664,632118.4,2159767.5189
2025-02-23 09:00:00,3.4132,3.4208,3.3747,3.3788,1101005.2,2025-02-23 09:59:59.999,3735598.42816,21110,538012.2,1825467.24466
2025-02-23 10:00:00,3.3788,3.3854,3.3586,3.3721,802151.6,2025-02-23 10:59:59.999,2703945.13187,16230,384963.2,1297922.23758
2025-02-23 11:00:00,3.372,3.3813,3.3284,3.3291,1304500.0,2025-02-23 11:59:59.999,4373941.69185,26717,607689.6,2038456.56384
2025-02-23 12:00:00,3.3291,3.3437,3.3121,3.3255,1490499.0,2025-02-23 12:59:59.999,4957887.41667,39942,683891.8,2275308.35516
2025-02-23 13:00:00,3.3256,3.373,3.3243,3.3693,1911862.8,2025-02-23 13:59:59.999,6417007.20605,38338,1128937.1,3789897.62255
2025-02-23 14:00:00,3.3693,3.3771,3.3253,3.3321,1172507.2,2025-02-23 14:59:59.999,3923146.57537,29493,473657.3,1584852.77056
2025-02-23 15:00:00,3.3322,3.3492,3.2852,3.2893,1850108.7,2025-02-23 15:59:59.999,6123986.32046,33190,800432.0,2649667.49466
2025-02-23 16:00:00,3.2894,3.3212,3.2878,3.2971,1270704.1,2025-02-23 16:59:59.999,4199707.38411,24992,678277.7,2242074.37628
2025-02-23 17:00:00,3.2972,3.3347,3.2955,3.3253,953396.2,2025-02-23 17:59:59.999,3161231.29139,22594,516484.0,1712981.46705
2025-02-23 18:00:00,3.3252,3.3396,3.3159,3.3168,1105212.9,2025-02-23 18:59:59.999,3676567.90071,18376,617827.8,2055240.23773
2025-02-23 19:00:00,3.3167,3.3386,3.3152,3.3356,923095.6,2025-02-23 19:59:59.999,3070047.12928,19094,648878.5,2157835.58528
2025-02-23 20:00:00,3.3357,3.3357,3.3053,3.3308,701260.0,2025-02-23 20:59:59.999,2328019.73829,16065,373562.2,1240147.36724
2025-02-23 21:00:00,3.3308,3.3373,3.3222,3.3364,400006.0,2025-02-23 21:59:59.999,1331843.99156,12395,176251.5,586833.3099
2025-02-23 22:00:00,3.3365,3.3486,3.3053,3.3335,641545.1,2025-02-23 22:59:59.999,2132818.87751,13977,340385.2,1131766.01249
2025-02-23 23:00:00,3.3336,3.3844,3.3336,3.3782,1912044.8,2025-02-23 23:59:59.999,6432251.51286,47707,992829.5,3339907.75308
2025-02-24 00:00:00,3.3782,3.4496,3.3723,3.4266,3738330.6,2025-02-24 00:59:59.999,12793072.13865,68452,1807978.1,6187880.3268
2025-02-24 01:00:00,3.4267,3.443,3.3749,3.3874,4923645.8,2025-02-24 01:59:59.999,16779847.98905,81042,2933867.1,9992520.4683
2025-02-24 02:00:00,3.3874,3.4112,3.3312,3.3373,2030863.9,2025-02-24 02:59:59.999,6845602.34555,46733,987837.2,3330703.78001
2025-02-24 03:00:00,3.3372,3.3372,3.266,3.2976,3408009.7,2025-02-24 03:59:59.999,11253689.68758,71242,1742136.7,5753729.88616
2025-02-24 04:00:00,3.2976,3.2997,3.2271,3.2567,3623584.3,2025-02-24 04:59:59.999,11820153.81746,76546,1742518.9,5684180.75077
2025-02-24 05:00:00,3.2566,3.3674,3.2486,3.3673,3289709.7,2025-02-24 05:59:59.999,10918476.5077,65773,1669759.4,5540883.29174
2025-02-24 06:00:00,3.3674,3.371,3.3243,3.3539,2538876.6,2025-02-24 06:59:59.999,8494244.41728,49767,1263411.9,4225548.66242
2025-02-24 07:00:00,3.3538,3.3772,3.3092,3.3235,2444605.3,2025-02-24 07:59:59.999,8150407.81327,46057,1331554.1,4438822.72907
2025-02-24 08:00:00,3.3234,3.3267,3.2401,3.2515,3762109.8,2025-02-24 08:59:59.999,12305788.05846,71518,2037495.1,6665189.35866
2025-02-24 09:00:00,3.2516,3.3194,3.2456,3.2568,2469132.2,2025-02-24 09:59:59.999,8099533.17913,54224,1329105.2,4359841.16426
2025-02-24 10:00:00,3.2568,3.2736,3.1878,3.2274,3694021.7,2025-02-24 10:59:59.999,11909891.19489,75367,1833666.8,5912912.2785
2025-02-24 11:00:00,3.2274,3.2333,3.1909,3.2141,2207389.9,2025-02-24 11:59:59.999,7090626.22865,54236,1053337.6,3382847.14728
2025-02-24 12:00:00,3.214,3.2206,3.1829,3.1983,3145011.1,2025-02-24 12:59:59.999,10060636.7705,54726,1576436.6,5043666.74161
2025-02-24 13:00:00,3.1983,3.2469,3.1715,3.18,3068502.3,2025-02-24 13:59:59.999,9839648.37617,66907,1546581.4,4961286.75328
2025-02-24 14:00:00,3.18,3.2021,3.0284,3.0393,12291878.5,2025-02-24 14:59:59.999,38084325.88616,182731,5987622.3,18561961.36974
2025-02-24 15:00:00,3.0393,3.0811,2.9735,3.0468,14424216.1,2025-02-24 15:59:59.999,43596152.72843,239341,6837402.5,20674401.59029
2025-02-24 16:00:00,3.0469,3.0735,3.0065,3.0303,7049962.3,2025-02-24 16:59:59.999,21421156.21698,106259,3302718.9,10040359.91994
2025-02-24 17:00:00,3.0304,3.0652,3.0146,3.0413,3287501.5,2025-02-24 17:59:59.999,10006724.8781,65437,1761389.7,5362489.6195
2025-02-24 18:00:00,3.0413,3.0451,3.0,3.0148,3446432.9,2025-02-24 18:59:59.999,10419306.82723,56806,1406421.2,4255946.74438
2025-02-24 19:00:00,3.0148,3.0272,2.9573,2.9894,3906295.0,2025-02-24 19:59:59.999,11695804.87499,79120,1953780.9,5852116.96166
2025-02-24 20:00:00,2.9895,3.0413,2.9818,3.0004,2804086.7,2025-02-24 20:59:59.999,8464544.12404,60263,1430659.1,4318124.5401
2025-02-24 21:00:00,3.0003,3.0294,2.9751,2.9756,2731618.3,2025-02-24 21:59:59.999,8190759.49684,53655,1252965.0,3756990.41095
2025-02-24 22:00:00,2.9755,2.9771,2.8,2.8494,12823174.6,2025-02-24 22:59:59.999,37501586.1467,198531,5618381.7,16447873.48141
2025-02-24 23:00:00,2.8494,2.907,2.8131,2.8304,7800238.5,2025-02-24 23:59:59.999,22277843.96116,137891,3329230.7,9511452.72015
2025-02-25 00:00:00,2.8304,2.933,2.7494,2.9009,12521421.3,2025-02-25 00:59:59.999,35774407.22644,257207,6401283.9,18317878.67132
2025-02-25 01:00:00,2.901,2.9197,2.8219,2.8553,8716984.4,2025-02-25 01:59:59.999,25034418.8243,164340,4631896.7,13305745.70128
2025-02-25 02:00:00,2.8553,2.9122,2.798,2.8788,6803405.1,2025-02-25 02:59:59.999,19368186.18022,134270,3469473.8,9874647.73622
2025-02-25 03:00:00,2.8788,2.8884,2.8229,2.8266,3733221.3,2025-02-25 03:59:59.999,10650947.58833,78835,1962305.5,5598021.59384
2025-02-25 04:00:00,2.8267,2.8505,2.767,2.7927,5980018.1,2025-02-25 04:59:59.999,16770883.16303,141367,2859929.2,8021967.35485
2025-02-25 05:00:00,2.7924,2.8635,2.779,2.8504,3832306.5,2025-02-25 05:59:59.999,10856122.39497,103347,1957998.5,5546782.59311
2025-02-25 06:00:00,2.8503,2.8585,2.7846,2.7857,4746973.9,2025-02-25 06:59:59.999,13372831.27736,109553,2289956.7,6452079.53435
2025-02-25 07:00:00,2.7858,2.799,2.6386,2.7624,32424461.2,2025-02-25 07:59:59.999,88236272.75037,537018,16249673.5,44195048.98519
2025-02-25 08:00:00,2.7624,2.8214,2.7442,2.7844,7023566.8,2025-02-25 08:59:59.999,19573550.94466,149310,3478561.2,9690383.56112
2025-02-25 09:00:00,2.7845,2.7877,2.6731,2.6771,13897155.4,2025-02-25 09:59:59.999,37673398.93091,186599,7472112.0,20241632.53194
2025-02-25 10:00:00,2.6771,2.7518,2.6338,2.7189,13736242.1,2025-02-25 10:59:59.999,36918729.8335,296958,7073625.4,19014906.03193
2025-02-25 11:00:00,2.7189,2.8006,2.6571,2.7869,8649776.7,2025-02-25 11:59:59.999,23540727.39579,158431,4199108.1,11432004.33349
2025-02-25 12:00:00,2.7869,2.8415,2.7561,2.8409,7624226.3,2025-02-25 12:59:59.999,21310394.33497,130220,3792238.5,10604841.09119
2025-02-25 13:00:00,2.841,2.8605,2.7941,2.8067,6021307.5,2025-02-25 13:59:59.999,16988552.03095,114812,3011290.4,8498491.06693
2025-02-25 14:00:00,2.8066,2.8389,2.7143,2.7302,8964177.9,2025-02-25 14:59:59.999,24754164.98174,174470,4087087.7,11295511.23525
2025-02-25 15:00:00,2.7301,2.8475,2.7111,2.805,11124208.6,2025-02-25 15:59:59.999,30692289.29764,249677,5448832.1,15038730.51881
2025-02-25 16:00:00,2.8051,2.8451,2.7531,2.8065,7635454.7,2025-02-25 16:59:59.999,21317054.28321,166513,3776833.4,10542024.39049
2025-02-25 17:00:00,2.8065,2.9006,2.7774,2.8222,6493146.1,2025-02-25 17:59:59.999,18427572.83547,134541,3422317.7,9719324.87758
2025-02-25 18:00:00,2.8223,2.8527,2.7816,2.8062,3736248.2,2025-02-25 18:59:59.999,10505135.4362,79564,1883379.7,5296481.58802
2025-02-25 19:00:00,2.8061,2.8893,2.781,2.8879,3519354.8,2025-02-25 19:59:59.999,9954735.61957,70760,1878665.3,5316710.6538
2025-02-25 20:00:00,2.8878,2.988,2.8547,2.9373,8470740.3,2025-02-25 20:59:59.999,24773925.93927,156551,4301751.0,12590276.38136
2025-02-25 21:00:00,2.9372,2.9649,2.9052,2.9587,3338898.3,2025-02-25 21:59:59.999,9792151.46686,65437,1682759.6,4936175.2383
2025-02-25 22:00:00,2.9588,3.0158,2.9272,2.967,4515478.0,2025-02-25 22:59:59.999,13430754.35451,70143,2395931.8,7128658.28563
2025-02-25 23:00:00,2.9671,3.0049,2.9523,2.9577,4228049.8,2025-02-25 23:59:59.999,12592617.96119,80524,1979906.0,5896369.94389
2025-02-26 00:00:00,2.9577,2.9608,2.8827,2.8989,4422411.9,2025-02-26 00:59:59.999,12900269.56822,84474,2061516.1,6015911.55876
2025-02-26 01:00:00,2.899,2.9889,2.899,2.9784,3225216.6,2025-02-26 01:59:59.999,9490959.46225,65900,1624994.9,4780828.62959
2025-02-26 02:00:00,2.9783,3.0409,2.9507,3.0345,4066654.8,2025-02-26 02:59:59.999,12155710.83147,77636,1962378.9,5868214.355
2025-02-26 03:00:00,3.0344,3.0736,3.033,3.054,4720126.7,2025-02-26 03:59:59.999,14415101.56097,86175,2159154.7,6592671.97957
2025-02-26 04:00:00,3.054,3.096,3.0352,3.0409,3156295.3,2025-02-26 04:59:59.999,9686643.76169,61519,1448842.4,4448414.79873
2025-02-26 05:00:00,3.041,3.0516,2.9885,2.9923,3489101.1,2025-02-26 05:59:59.999,10543804.80617,67678,1685857.3,5096993.27606
2025-02-26 06:00:00,2.9923,3.0383,2.9907,3.0376,1930210.3,2025-02-26 06:59:59.999,5810248.3856,39853,998155.7,3005697.81568
2025-02-26 07:00:00,3.0378,3.0448,2.9778,2.9986,2362206.7,2025-02-26 07:59:59.999,7102753.85161,47584,1089876.3,3275551.6276
2025-02-26 08:00:00,2.9987,3.0084,2.9531,2.9839,2561368.0,2025-02-26 08:59:59.999,7620136.95149,53852,1273154.7,3788003.10644
2025-02-26 09:00:00,2.9839,3.0396,2.978,3.0295,2746850.7,2025-02-26 09:59:59.999,8265123.01199,49890,1480763.0,4455341.22718
2025-02-26 10:00:00,3.0294,3.0342,2.9908,3.0239,1916282.4,2025-02-26 10:59:59.999,5774809.78675,41520,836540.7,2520874.61713
2025-02-26 11:00:00,3.0238,3.0294,2.9502,2.9637,2816174.4,2025-02-26 11:59:59.999,8389297.29795,57849,1273118.3,3792239.61809
2025-02-26 12:00:00,2.9637,2.9746,2.9064,2.9329,4467914.3,2025-02-26 12:59:59.999,13153027.32462,95894,1932872.0,5691343.26147
2025-02-26 13:00:00,2.9328,2.9596,2.9253,2.9385,2990984.2,2025-02-26 13:59:59.999,8803483.48545,64981,1396370.6,4111088.53847
2025-02-26 14:00:00,2.9386,3.0004,2.8756,2.9956,9639714.3,2025-02-26 14:59:59.999,28209918.9573,175995,4669888.9,13678088.59715
2025-02-26 15:00:00,2.9956,3.0538,2.9948,3.0034,5936661.3,2025-02-26 15:59:59.999,17937606.31734,112254,2746272.2,8298741.96145
2025-02-26 16:00:00,3.0036,3.0225,2.9475,2.9735,4987372.0,2025-02-26 16:59:59.999,14878495.43371,98598,2393617.0,7140175.56159
2025-02-26 17:00:00,2.9736,2.9841,2.8392,2.8625,5317669.5,2025-02-26 17:59:59.999,15431202.43342,108801,2397191.3,6959507.04619
2025-02-26 18:00:00,2.8626,2.8845,2.7487,2.7776,15000916.2,2025-02-26 18:59:59.999,42395629.58226,276438,6707197.1,18953024.23402
2025-02-26 19:00:00,2.7776,2.8336,2.7694,2.7938,5939677.1,2025-02-26 19:59:59.999,16640567.44206,117926,3028190.3,8485528.42409
2025-02-26 20:00:00,2.7939,2.8973,2.7434,2.8797,8217406.7,2025-02-26 20:59:59.999,23108675.25238,167870,4275251.3,12026497.05754
2025-02-26 21:00:00,2.8795,2.9168,2.8316,2.8914,5720155.8,2025-02-26 21:59:59.999,16458135.98562,125019,2748611.6,7904678.52795
2025-02-26 22:00:00,2.8914,2.9633,2.8887,2.9161,4853443.0,2025-02-26 22:59:59.999,14219010.638,81667,2673660.4,7834823.72243
2025-02-26 23:00:00,2.916,2.9413,2.8632,2.8831,2902317.5,2025-02-26 23:59:59.999,8389061.16357,60003,1319763.6,3815465.26714
2025-02-27 00:00:00,2.8832,2.9055,2.845,2.8687,3837798.4,2025-02-27 00:59:59.999,11032737.59467,84366,2134161.4,6136750.95922
2025-02-27 01:00:00,2.8687,2.9247,2.8382,2.8815,3544082.7,2025-02-27 01:59:59.999,10237559.24127,71012,1811274.5,5230839.16102
2025-02-27 02:00:00,2.8815,2.9174,2.851,2.8627,3144615.9,2025-02-27 02:59:59.999,9070621.67823,64409,1539903.6,4440625.70665
2025-02-27 03:00:00,2.8627,2.9175,2.8538,2.9044,1884164.9,2025-02-27 03:59:59.999,5435773.60806,42177,1016315.1,2930464.45947
2025-02-27 04:00:00,2.9043,2.9294,2.876,2.9062,2832640.5,2025-02-27 04:59:59.999,8223588.43585,47365,1283689.3,3725987.13348
2025-02-27 05:00:00,2.9061,2.9443,2.9034,2.9405,2716496.2,2025-02-27 05:59:59.999,7961008.05747,47282,1516047.6,4442570.64894
2025-02-27 06:00:00,2.9403,2.9803,2.9235,2.9497,2734084.8,2025-02-27 06:59:59.999,8068775.30417,44973,1481771.4,4373307.33342
2025-02-27 07:00:00,2.9498,2.9625,2.9368,2.9386,1735582.2,2025-02-27 07:59:59.999,5116256.88957,31370,849485.0,2504380.63556
2025-02-27 08:00:00,2.9388,2.9464,2.8993,2.912,3390460.0,2025-02-27 08:59:59.999,9900817.55391,43653,1525210.2,4453778.97605
2025-02-27 09:00:00,2.9119,2.9289,2.8888,2.9146,2114160.0,2025-02-27 09:59:59.999,6156684.59186,44988,908552.7,2646340.97023
2025-02-27 10:00:00,2.9146,2.9585,2.9051,2.9541,2203446.7,2025-02-27 10:59:59.999,6471414.34695,38469,1180411.2,3466379.46238
2025-02-27 11:00:00,2.954,2.9565,2.8984,2.9119,2552263.7,2025-02-27 11:59:59.999,7470572.85489,37034,1254578.5,3671824.02932
2025-02-27 12:00:00,2.9119,2.9294,2.8828,2.9076,1938143.6,2025-02-27 12:59:59.999,5634352.02536,33718,860317.7,2500522.18897
2025-02-27 13:00:00,2.9075,2.9372,2.8811,2.8908,3355140.5,2025-02-27 13:59:59.999,9753543.57787,102546,1607034.7,4673492.67012
2025-02-27 14:00:00,2.8907,2.9029,2.8264,2.8307,5705028.0,2025-02-27 14:59:59.999,16357939.21382,129619,2632788.8,7556857.86995
2025-02-27 15:00:00,2.8306,2.8795,2.81,2.8561,4626584.1,2025-02-27 15:59:59.999,13173040.70916,110082,2487518.4,7084668.59131
2025-02-27 16:00:00,2.856,2.8697,2.8031,2.8081,3508546.9,2025-02-27 16:59:59.999,9939148.05027,80171,1632628.5,4627253.89143
2025-02-27 17:00:00,2.8082,2.8425,2.8045,2.8343,1541272.1,2025-02-27 17:59:59.999,4349739.66919,35447,779078.6,2198473.09709
2025-02-27 18:00:00,2.8344,2.8535,2.8256,2.8281,1009842.8,2025-02-27 18:59:59.999,2866964.33704,29799,532739.9,1512469.66903
2025-02-27 19:00:00,2.8281,2.8295,2.7786,2.7994,2264186.2,2025-02-27 19:59:59.999,6339392.78901,51185,1132078.1,3172218.87117
2025-02-27 20:00:00,2.7995,2.8021,2.7588,2.7837,3557635.0,2025-02-27 20:59:59.999,9873215.05671,77853,1825817.3,5068541.4489
2025-02-27 21:00:00,2.7835,2.8194,2.7601,2.8165,2508536.9,2025-02-27 21:59:59.999,7017133.09491,51812,1368902.0,3828889.01535
2025-02-27 22:00:00,2.8171,2.8175,2.7734,2.8103,1452735.1,2025-02-27 22:59:59.999,4059589.94584,30769,622775.6,1740843.78436
2025-02-27 23:00:00,2.8102,2.8118,2.7797,2.7888,1219159.2,2025-02-27 23:59:59.999,3402269.49285,26437,555478.6,1550673.08454
2025-02-28 00:00:00,2.7889,2.8045,2.749,2.7571,2205723.1,2025-02-28 00:59:59.999,6116041.45182,44605,1098080.0,3047498.19436
2025-02-28 01:00:00,2.7571,2.7677,2.6474,2.6514,11049452.4,2025-02-28 01:59:59.999,29696410.47876,209438,5645928.9,15160109.61202
2025-02-28 02:00:00,2.6515,2.6845,2.58,2.6036,12230619.3,2025-02-28 02:59:59.999,31995847.27558,241508,5665151.4,14826668.69407
2025-02-28 03:00:00,2.6035,2.6395,2.5458,2.5571,6240470.7,2025-02-28 03:59:59.999,16202961.92675,106493,2790423.2,7259126.48205
2025-02-28 04:00:00,2.5573,2.5904,2.5232,2.5634,7002041.4,2025-02-28 04:59:59.999,17869948.54275,128821,3402694.1,8686685.35939
2025-02-28 05:00:00,2.5633,2.5769,2.5284,2.5599,4026963.7,2025-02-28 05:59:59.999,10288189.73806,89841,1912454.2,4885944.80079
2025-02-28 06:00:00,2.5599,2.5722,2.5165,2.546,5245663.1,2025-02-28 06:59:59.999,13330525.22037,96578,2395658.5,6091605.60296
2025-02-28 07:00:00,2.546,2.5989,2.5442,2.5746,3857162.1,2025-02-28 07:59:59.999,9926223.43746,72217,1863150.0,4794267.92576
2025-02-28 08:00:00,2.5748,2.6222,2.5422,2.62,4703591.5,2025-02-28 08:59:59.999,12150587.68966,94633,2414140.0,6241389.50715
2025-02-28 09:00:00,2.62,2.6625,2.6043,2.6436,4808971.4,2025-02-28 09:59:59.999,12678609.56735,75831,2569360.2,6775453.34868
2025-02-28 10:00:00,2.6435,2.649,2.6057,2.6136,2124982.0,2025-02-28 10:59:59.999,5573322.89023,36287,954371.5,2503108.15724
2025-02-28 11:00:00,2.6135,2.6584,2.6004,2.6258,2705740.1,2025-02-28 11:59:59.999,7123347.68884,47801,1473104.2,3881548.06242
2025-02-28 12:00:00,2.6256,2.6431,2.6035,2.6415,2210279.4,2025-02-28 12:59:59.999,5799398.22498,44351,1052948.1,2762914.55742
2025-02-28 13:00:00,2.6417,2.7414,2.6357,2.7132,8185639.0,2025-02-28 13:59:59.999,22080474.75757,144971,4369884.4,11789698.86791
2025-02-28 14:00:00,2.7132,2.7642,2.6993,2.7425,7134253.4,2025-02-28 14:59:59.999,19492966.91771,132978,3857590.8,10541521.98926
2025-02-28 15:00:00,2.7421,2.8393,2.7384,2.7992,6026589.7,2025-02-28 15:59:59.999,16845740.54458,103873,3041720.9,8505828.67812
2025-02-28 16:00:00,2.7992,2.8168,2.7593,2.7881,3770148.5,2025-02-28 16:59:59.999,10499928.203,63784,1757330.2,4896762.56385
2025-02-28 17:00:00,2.7882,2.8049,2.779,2.7905,2815702.5,2025-02-28 17:59:59.999,7863317.56049,43850,1519056.5,4241866.43735
2025-02-28 18:00:00,2.7904,2.8423,2.7719,2.8197,4813219.4,2025-02-28 18:59:59.999,13501025.75021,74563,2402335.1,6740739.35665
2025-02-28 19:00:00,2.8195,2.8395,2.8105,2.8302,2114413.7,2025-02-28 19:59:59.999,5975702.26696,43636,1084277.6,3064778.92141
2025-02-28 20:00:00,2.8302,2.834,2.7868,2.8219,2382554.3,2025-02-28 20:59:59.999,6696288.82728,44741,1082606.0,3043318.08943
2025-02-28 21:00:00,2.8219,2.8571,2.815,2.8449,1845598.5,2025-02-28 21:59:59.999,5231223.50899,31763,812219.1,2303406.10595
2025-02-28 22:00:00,2.8449,2.8577,2.8081,2.8168,1538983.1,2025-02-28 22:59:59.999,4364059.15416,28147,864814.6,2453337.28493
2025-02-28 23:00:00,2.8168,2.8368,2.8062,2.83,1146815.3,2025-02-28 23:59:59.999,3239472.30737,22259,509378.5,1437981.31488
2025-03-01 00:00:00,2.8301,2.8389,2.7922,2.7952,1668072.9,2025-03-01 00:59:59.999,4690859.94639,28794,852464.9,2397136.10999
2025-03-01 01:00:00,2.7952,2.8697,2.7923,2.8609,1824219.0,2025-03-01 01:59:59.999,5164396.23527,32964,826779.9,2340000.53024
2025-03-01 02:00:00,2.8609,2.8966,2.8326,2.8794,3412616.4,2025-03-01 02:59:59.999,9803520.73657,58514,1963099.1,5639798.88618
2025-03-01 03:00:00,2.8795,2.8994,2.8607,2.8634,2472423.2,2025-03-01 03:59:59.999,7117881.87806,38161,1415321.3,4075875.78809
2025-03-01 04:00:00,2.863,2.925,2.8605,2.9049,3316874.7,2025-03-01 04:59:59.999,9622373.23058,51261,1815573.6,5268176.38952
2025-03-01 05:00:00,2.9048,2.905,2.8665,2.8687,1682110.8,2025-03-01 05:59:59.999,4856748.77856,32741,752750.1,2173709.77264
2025-03-01 06:00:00,2.8688,2.87,2.8365,2.8515,1966252.2,2025-03-01 06:59:59.999,5604916.26679,37185,995728.5,2838086.9684
2025-03-01 07:00:00,2.8515,2.8515,2.8247,2.8278,1734785.1,2025-03-01 07:59:59.999,4919397.45033,33070,810991.6,2299644.94755
2025-03-01 08:00:00,2.8278,2.85,2.8278,2.8414,914801.6,2025-03-01 08:59:59.999,2599275.90996,19468,463180.0,1316065.07448
2025-03-01 09:00:00,2.8415,2.8739,2.8271,2.8463,1330136.0,2025-03-01 09:59:59.999,3790272.01113,25997,645278.2,1839082.63044
2025-03-01 10:00:00,2.8463,2.8493,2.8122,2.822,1426237.5,2025-03-01 10:59:59.999,4033140.47668,27983,603438.8,1706080.4023
2025-03-01 11:00:00,2.8222,2.8393,2.8023,2.8393,1856263.5,2025-03-01 11:59:59.999,5234916.28207,39298,893851.3,2522350.19205
2025-03-01 12:00:00,2.8394,2.8733,2.8349,2.8431,2139695.8,2025-03-01 12:59:59.999,6099373.93836,44725,1099707.5,3133928.90553
2025-03-01 13:00:00,2.8431,2.8478,2.7816,2.7881,2771691.1,2025-03-01 13:59:59.999,7783099.38536,56146,1162337.3,3262974.58182
2025-03-01 14:00:00,2.7881,2.8173,2.7848,2.7996,1257196.8,2025-03-01 14:59:59.999,3522945.68914,27858,663071.9,1857712.9759
2025-03-01 15:00:00,2.7997,2.8184,2.7932,2.8104,1402416.1,2025-03-01 15:59:59.999,3932659.46177,24123,778155.1,2181244.22752
2025-03-01 16:00:00,2.8104,2.8249,2.7914,2.8216,2190264.6,2025-03-01 16:59:59.999,6145713.57609,38545,1088449.0,3052896.21654
2025-03-01 17:00:00,2.8217,2.8219,2.7968,2.8027,1522862.4,2025-03-01 17:59:59.999,4276765.6638,29174,776530.3,2179368.20174
2025-03-01 18:00:00,2.8026,2.8269,2.8005,2.8187,1551231.9,2025-03-01 18:59:59.999,4358865.11956,25534,694543.9,1950528.86773
2025-03-01 19:00:00,2.8188,2.8482,2.8136,2.833,1345829.8,2025-03-01 19:59:59.999,3814492.00932,21943,714494.5,2025105.10174
2025-03-01 20:00:00,2.833,2.8371,2.8074,2.8179,1116671.8,2025-03-01 20:59:59.999,3147491.71923,21953,402010.1,1133824.9521
2025-03-01 21:00:00,2.8178,2.8767,2.8102,2.8689,1299628.5,2025-03-01 21:59:59.999,3693576.14264,23394,681022.0,1936863.40135
2025-03-01 22:00:00,2.869,2.8876,2.8259,2.8393,1465530.2,2025-03-01 22:59:59.999,4189423.41437,29547,673445.1,1925714.22004
2025-03-01 23:00:00,2.8392,2.8448,2.7871,2.8194,3637785.8,2025-03-01 23:59:59.999,10203439.96435,36386,2324819.1,6515345.11539
2025-03-02 00:00:00,2.8195,2.8382,2.791,2.8193,1896894.3,2025-03-02 00:59:59.999,5341940.3619,42758,920879.5,2594128.1185
2025-03-02 01:00:00,2.8195,2.8514,2.8143,2.83,1168220.2,2025-03-02 01:59:59.999,3309667.45921,26477,599646.0,1698621.87714
2025-03-02 02:00:00,2.8302,2.8448,2.8164,2.8265,1761299.2,2025-03-02 02:59:59.999,4977597.31733,29775,792348.3,2239347.88704
2025-03-02 03:00:00,2.8268,2.8676,2.8268,2.848,1584511.5,2025-03-02 03:59:59.999,4510924.51506,28509,639191.7,1819994.19651
2025-03-02 04:00:00,2.8481,2.8648,2.8416,2.8548,925772.7,2025-03-02 04:59:59.999,2639951.11632,18527,430201.8,1226628.91422
2025-03-02 05:00:00,2.8547,2.8846,2.8481,2.8659,982268.4,2025-03-02 05:59:59.999,2817487.84126,18434,445226.0,1277263.1076
2025-03-02 06:00:00,2.866,2.8975,2.8425,2.8748,1669914.1,2025-03-02 06:59:59.999,4801977.10534,31804,895918.4,2576265.3431
2025-03-02 07:00:00,2.875,2.8803,2.8608,2.8672,744757.8,2025-03-02 07:59:59.999,2136563.81431,17766,361166.1,1036058.52528
2025-03-02 08:00:00,2.8672,2.8682,2.8354,2.8427,1426656.4,2025-03-02 08:59:59.999,4065642.14194,24691,603609.1,1719716.57679
2025-03-02 09:00:00,2.8427,2.8949,2.8354,2.8743,1508793.8,2025-03-02 09:59:59.999,4329357.78854,27866,752568.4,2159141.3528
2025-03-02 10:00:00,2.8743,2.8961,2.8683,2.8793,1796627.7,2025-03-02 10:59:59.999,5175299.37797,26737,919832.5,2649471.94863
2025-03-02 11:00:00,2.8793,2.8865,2.8656,2.8776,634589.5,2025-03-02 11:59:59.999,1825540.73695,15961,324746.6,934352.94264
2025-03-02 12:00:00,2.8776,2.8787,2.8506,2.8662,892418.6,2025-03-02 12:59:59.999,2553781.87575,17654,393522.9,1126028.4785
2025-03-02 13:00:00,2.8661,2.8662,2.8323,2.8447,1505454.5,2025-03-02 13:59:59.999,4282772.26096,24306,832589.4,2367467.35263
2025-03-02 14:00:00,2.8446,2.8501,2.7952,2.8004,1903636.0,2025-03-02 14:59:59.999,5366858.15836,35915,753190.8,2122031.75543
2025-03-02 15:00:00,2.8005,3.0151,2.7923,2.9419,18468406.3,2025-03-02 15:59:59.999,54335854.18654,335243,9110770.3,26812114.39837
2025-03-02 16:00:00,2.9416,3.2205,2.9416,3.1554,26275163.7,2025-03-02 16:59:59.999,81527361.80651,474007,14041471.2,43526733.75807
2025-03-02 17:00:00,3.1554,3.25,3.082,3.1758,14396128.0,2025-03-02 17:59:59.999,45623957.11092,261876,6916721.0,21922929.57299
2025-03-02 18:00:00,3.1759,3.1938,3.0993,3.1307,8170957.8,2025-03-02 18:59:59.999,25692480.9286,111589,4019893.0,12635054.28232
2025-03-02 19:00:00,3.1307,3.1969,3.1307,3.1927,2826217.1,2025-03-02 19:59:59.999,8947032.19203,45431,1537957.3,4866500.57109
2025-03-02 20:00:00,3.1926,3.2254,3.1761,3.211,3130870.2,2025-03-02 20:59:59.999,10031432.04048,49895,1557009.2,4990026.5779
2025-03-02 21:00:00,3.211,3.2513,3.1938,3.2494,2924951.2,2025-03-02 21:59:59.999,9435589.84701,51648,1557682.7,5024597.09572
2025-03-02 22:00:00,3.2493,3.2494,3.2107,3.239,1919021.0,2025-03-02 22:59:59.999,6196527.78406,43850,988888.1,3191902.80354
2025-03-02 23:00:00,3.2389,3.2512,3.1916,3.1935,2847377.0,2025-03-02 23:59:59.999,9165177.92934,69145,1410132.5,4539781.3913
2025-03-03 00:00:00,3.1935,3.2073,3.154,3.1601,5160720.6,2025-03-03 00:59:59.999,16395201.53777,99901,2055713.5,6530773.99728
2025-03-03 01:00:00,3.1601,3.1763,3.1138,3.1226,2913681.9,2025-03-03 01:59:59.999,9142986.52788,67147,1364447.7,4281620.11057
2025-03-03 02:00:00,3.1225,3.1266,3.0566,3.1079,3343120.9,2025-03-03 02:59:59.999,10333737.04565,61452,1636140.2,5057480.31754
2025-03-03 03:00:00,3.1078,3.1184,3.0727,3.0984,1759185.4,2025-03-03 03:59:59.999,5440035.51137,41816,825481.1,2552689.21918
2025-03-03 04:00:00,3.0985,3.1121,3.093,3.1049,1141229.1,2025-03-03 04:59:59.999,3540542.87988,29381,511513.1,1586834.61525
2025-03-03 05:00:00,3.1048,3.1064,3.085,3.0972,1105017.5,2025-03-03 05:59:59.999,3420739.12153,25859,508692.0,1574702.56817
2025-03-03 06:00:00,3.0972,3.0972,2.9391,2.9713,4553363.5,2025-03-03 06:59:59.999,13698447.56063,85308,2041945.0,6139762.41088
2025-03-03 07:00:00,2.9712,2.9845,2.9394,2.976,2822927.2,2025-03-03 07:59:59.999,8358991.90326,79256,1422131.0,4212311.6732
2025-03-03 08:00:00,2.976,2.9906,2.9038,2.9201,3100598.1,2025-03-03 08:59:59.999,9136417.91751,74671,1448803.4,4268895.23102
2025-03-03 09:00:00,2.9201,2.9454,2.8971,2.9286,2933596.9,2025-03-03 09:59:59.999,8575326.90757,79227,1545466.3,4517518.64181
2025-03-03 10:00:00,2.9285,2.9609,2.9252,2.9516,1940204.4,2025-03-03 10:59:59.999,5718109.38647,50583,974383.0,2871250.89171
2025-03-03 11:00:00,2.9514,2.9596,2.9293,2.9464,1191221.1,2025-03-03 11:59:59.999,3506873.095,28457,586433.0,1726269.41698
2025-03-03 12:00:00,2.9464,2.9767,2.9404,2.9713,2179321.9,2025-03-03 12:59:59.999,6453491.27589,45556,1173477.2,3474968.60883
2025-03-03 13:00:00,2.9714,3.014,2.9639,2.9928,2636741.2,2025-03-03 13:59:59.999,7876404.67111,54303,1379867.4,4121593.5373
2025-03-03 14:00:00,2.9928,2.9983,2.8567,2.8629,9152642.5,2025-03-03 14:59:59.999,26805001.72272,199176,4309808.6,12628737.01231
2025-03-03 15:00:00,2.8629,2.9348,2.8594,2.875,7056858.4,2025-03-03 15:59:59.999,20465771.63196,137927,3453357.1,10019343.84774
2025-03-03 16:00:00,2.8751,2.893,2.8535,2.8661,2910753.8,2025-03-03 16:59:59.999,8364342.15788,44692,1420853.0,4083655.97509
2025-03-03 17:00:00,2.866,2.8917,2.8425,2.8552,2189190.8,2025-03-03 17:59:59.999,6266028.8462,36310,1052012.3,3010267.27998
2025-03-03 18:00:00,2.8553,2.859,2.7193,2.7356,9751777.4,2025-03-03 18:59:59.999,27041274.73001,155337,4015804.3,11119481.11062
2025-03-03 19:00:00,2.7355,2.7573,2.625,2.6422,10197084.7,2025-03-03 19:59:59.999,27404995.36406,172052,4806132.5,12919149.2121
2025-03-03 20:00:00,2.6422,2.6848,2.6197,2.6657,5406775.9,2025-03-03 20:59:59.999,14375018.82236,103461,2731840.0,7263282.94317
2025-03-03 21:00:00,2.6658,2.6759,2.5831,2.5919,3948575.7,2025-03-03 21:59:59.999,10398285.69895,46919,2031293.0,5363399.88795
2025-03-03 22:00:00,2.592,2.6649,2.5906,2.6566,2663530.5,2025-03-03 22:59:59.999,7008894.98551,29310,1478837.2,3890253.11682
2025-03-03 23:00:00,2.6565,2.6565,2.613,2.6179,2293233.7,2025-03-03 23:59:59.999,6039753.12323,33593,1133221.6,2984128.23812
2025-03-04 00:00:00,2.6181,2.6534,2.6006,2.6024,2816244.1,2025-03-04 00:59:59.999,7396069.83156,57659,1400158.8,3678346.19646
2025-03-04 01:00:00,2.6024,2.6046,2.462,2.5154,16856885.1,2025-03-04 01:59:59.999,42692949.01027,181335,8025325.7,20364461.63898
2025-03-04 02:00:00,2.5155,2.5262,2.4246,2.4934,12112050.9,2025-03-04 02:59:59.999,29912575.93738,157346,5873738.4,14510548.72254
2025-03-04 03:00:00,2.4937,2.5285,2.4788,2.5005,2948760.0,2025-03-04 03:59:59.999,7374067.22012,49699,1521705.4,3806261.43507
2025-03-04 04:00:00,2.5006,2.5067,2.4406,2.4468,5013693.3,2025-03-04 04:59:59.999,12417786.56902,58952,2649263.2,6567862.32002
2025-03-04 05:00:00,2.4469,2.5102,2.4351,2.4889,5082355.9,2025-03-04 05:59:59.999,12601202.72738,91769,2534648.8,6284254.02681
2025-03-04 06:00:00,2.4888,2.5047,2.46,2.4671,2705601.3,2025-03-04 06:59:59.999,6713808.41298,48188,1294808.6,3212168.98605
2025-03-04 07:00:00,2.4672,2.4749,2.4193,2.4268,3338082.4,2025-03-04 07:59:59.999,8175184.75537,45406,1345284.0,3298938.57066
2025-03-04 08:00:00,2.4268,2.4672,2.4183,2.4497,3448901.6,2025-03-04 08:59:59.999,8418282.85267,56886,1690319.5,4126885.24111
2025-03-04 09:00:00,2.4496,2.4561,2.4013,2.4218,3538808.3,2025-03-04 09:59:59.999,8589765.87125,55277,1839974.8,4468324.66909
2025-03-04 10:00:00,2.4219,2.4419,2.4035,2.4352,2152312.1,2025-03-04 10:59:59.999,5218476.22536,38055,1193418.0,2892815.36429
2025-03-04 11:00:00,2.4352,2.4563,2.4093,2.4176,3072664.1,2025-03-04 11:59:59.999,7469582.28119,42086,1705144.4,4143615.3141
2025-03-04 12:00:00,2.4176,2.4411,2.3846,2.4075,4219880.7,2025-03-04 12:59:59.999,10171843.02881,47815,1792680.3,4323536.3459
2025-03-04 13:00:00,2.4075,2.4098,2.3164,2.3394,7332660.4,2025-03-04 13:59:59.999,17227283.62294,100156,3274614.1,7693557.63579
2025-03-04 14:00:00,2.3395,2.4786,2.3126,2.3585,17521914.8,2025-03-04 14:59:59.999,42092823.31399,256853,8569615.2,20602834.23735
2025-03-04 15:00:00,2.3586,2.3959,2.2877,2.3913,12645049.3,2025-03-04 15:59:59.999,29549390.10141,206347,6275072.5,14668097.84992
2025-03-04 16:00:00,2.3913,2.4005,2.2559,2.3575,10896817.3,2025-03-04 16:59:59.999,25201259.59688,132475,5290976.2,12228646.44433
2025-03-04 17:00:00,2.3575,2.4467,2.3526,2.4173,7413256.5,2025-03-04 17:59:59.999,17846374.10439,110426,3698461.4,8904521.78998
2025-03-04 18:00:00,2.4174,2.532,2.4064,2.5143,5132933.7,2025-03-04 18:59:59.999,12644925.34596,69426,2828389.1,6966127.21542
2025-03-04 19:00:00,2.514,2.5576,2.4966,2.5551,6416193.8,2025-03-04 19:59:59.999,16169455.30113,90667,3253975.4,8199574.65915
2025-03-04 20:00:00,2.5551,2.5668,2.4792,2.4869,3914391.6,2025-03-04 20:59:59.999,9874296.81299,60977,1689080.1,4266449.02414
2025-03-04 21:00:00,2.487,2.5858,2.4825,2.5287,4398058.5,2025-03-04 21:59:59.999,11162521.74753,69745,2295229.7,5829921.39136
2025-03-04 22:00:00,2.5288,2.5596,2.5178,2.5326,1932704.5,2025-03-04 22:59:59.999,4913762.1985,23129,864393.8,2197790.1226
2025-03-04 23:00:00,2.5326,2.5525,2.52,2.5262,1456129.1,2025-03-04 23:59:59.999,3688552.05115,24441,754543.7,1911016.88198
2025-03-05 00:00:00,2.5261,2.5355,2.4543,2.4702,5727360.3,2025-03-05 00:59:59.999,14267380.35438,58934,2468331.3,6142889.58452
2025-03-05 01:00:00,2.4702,2.5047,2.4483,2.5046,2428470.2,2025-03-05 01:59:59.999,6021818.81571,35898,1291419.1,3203442.59913
2025-03-05 02:00:00,2.5047,2.5429,2.4832,2.5054,3077633.8,2025-03-05 02:59:59.999,7731951.30123,41393,1617968.9,4066611.22628
2025-03-05 03:00:00,2.5053,2.5207,2.4585,2.4603,2377622.8,2025-03-05 03:59:59.999,5932185.25144,34276,1140187.4,2845311.97251
2025-03-05 04:00:00,2.4603,2.4839,2.453,2.4757,1312237.8,2025-03-05 04:59:59.999,3238655.16446,21081,611140.3,1508496.29505
2025-03-05 05:00:00,2.4758,2.4805,2.4595,2.4676,880070.7,2025-03-05 05:59:59.999,2173026.62315,14676,421124.8,1039612.94664
2025-03-05 06:00:00,2.4676,2.4896,2.4424,2.4798,1874807.8,2025-03-05 06:59:59.999,4619354.86157,23339,845496.3,2082626.87411
2025-03-05 07:00:00,2.4799,2.4876,2.4592,2.4772,1107818.8,2025-03-05 07:59:59.999,2738426.16562,19496,560658.9,1385958.85603
2025-03-05 08:00:00,2.4772,2.5413,2.474,2.5201,2543913.4,2025-03-05 08:59:59.999,6393501.66368,30585,1310109.3,3292365.36961
2025-03-05 09:00:00,2.5202,2.583,2.516,2.5621,4081657.6,2025-03-05 09:59:59.999,10450571.63294,44000,2096717.6,5365656.39678
2025-03-05 10:00:00,2.5621,2.6449,2.5584,2.5947,6899193.1,2025-03-05 10:59:59.999,18012226.23316,69488,3430652.4,8952090.93688
2025-03-05 11:00:00,2.5948,2.5957,2.5104,2.5185,4364127.9,2025-03-05 11:59:59.999,11095662.12811,45093,2065176.4,5245209.87499
2025-03-05 12:00:00,2.5186,2.5546,2.502,2.5269,3026881.6,2025-03-05 12:59:59.999,7657893.10335,41395,1503012.9,3803869.41783
2025-03-05 13:00:00,2.5268,2.5478,2.4933,2.516,3238950.2,2025-03-05 13:59:59.999,8167268.8579,47353,1488933.1,3754258.03569
2025-03-05 14:00:00,2.516,2.5202,2.4575,2.4725,4769356.3,2025-03-05 14:59:59.999,11863475.50782,61314,2309531.2,5745981.66777
2025-03-05 15:00:00,2.4725,2.5197,2.4702,2.4851,4370510.5,2025-03-05 15:59:59.999,10898827.23717,62006,2280542.9,5687067.03984
2025-03-05 16:00:00,2.485,2.5017,2.4468,2.4843,3112448.4,2025-03-05 16:59:59.999,7704821.94533,27993,1683368.9,4168628.84194
2025-03-05 17:00:00,2.4842,2.5467,2.4831,2.5385,3211206.3,2025-03-05 17:59:59.999,8102793.56119,40632,1652285.8,4169150.78428
2025-03-05 18:00:00,2.5385,2.5713,2.5153,2.5707,2154319.8,2025-03-05 18:59:59.999,5463138.96075,24642,1115806.7,2830182.46886
2025-03-05 19:00:00,2.5706,2.6384,2.5683,2.6249,4480771.0,2025-03-05 19:59:59.999,11680622.36945,47746,2014928.7,5251938.05888
2025-03-05 20:00:00,2.6249,2.6909,2.6249,2.6675,3411523.9,2025-03-05 20:59:59.999,9061526.07659,38305,1675999.5,4452159.78794
2025-03-05 21:00:00,2.6676,2.6732,2.6332,2.6538,2149165.5,2025-03-05 21:59:59.999,5698664.87509,28075,911854.4,2419407.98136
2025-03-05 22:00:00,2.6537,2.6728,2.6417,2.6549,1402778.1,2025-03-05 22:59:59.999,3725110.07141,18731,731075.8,1941633.77433
2025-03-05 23:00:00,2.655,2.67,2.6295,2.6332,1564444.7,2025-03-05 23:59:59.999,4143082.76615,23537,774062.8,2051089.8769
2025-03-06 00:00:00,2.6331,2.6414,2.5901,2.5923,2423308.1,2025-03-06 00:59:59.999,6333081.07166,29823,1055912.6,2758109.93466
2025-03-06 01:00:00,2.5922,2.7041,2.5879,2.6452,3654376.4,2025-03-06 01:59:59.999,9662615.91555,44239,1944644.2,5142714.72193
2025-03-06 02:00:00,2.6451,2.6696,2.6331,2.6578,2449831.0,2025-03-06 02:59:59.999,6496239.55366,28916,1092574.5,2897526.43213
2025-03-06 03:00:00,2.6577,2.6675,2.638,2.662,1254389.8,2025-03-06 03:59:59.999,3327308.84131,13833,602575.4,1598851.32795
2025-03-06 04:00:00,2.662,2.69,2.649,2.6733,1612571.5,2025-03-06 04:59:59.999,4310528.02932,19534,797431.2,2131528.51082
2025-03-06 05:00:00,2.6734,2.7221,2.6567,2.7162,2839273.8,2025-03-06 05:59:59.999,7645990.75299,30761,1468501.1,3955196.56214
2025-03-06 06:00:00,2.7163,2.7271,2.685,2.7138,2197717.6,2025-03-06 06:59:59.999,5946411.51072,22389,992816.7,2686357.95427
2025-03-06 07:00:00,2.7138,2.7196,2.6567,2.6626,2089369.0,2025-03-06 07:59:59.999,5613277.573,16981,770299.3,2066281.96363
2025-03-06 08:00:00,2.6627,2.7076,2.6561,2.6874,2033991.6,2025-03-06 08:59:59.999,5465695.24547,18247,998449.4,2682434.51173
2025-03-06 09:00:00,2.6872,2.6881,2.6572,2.6652,2149322.5,2025-03-06 09:59:59.999,5740195.20407,16109,965243.9,2577305.42346
2025-03-06 10:00:00,2.6649,2.7,2.6551,2.6798,2050960.8,2025-03-06 10:59:59.999,5492075.15195,16886,988962.1,2647953.19603
2025-03-06 11:00:00,2.6797,2.7152,2.6622,2.7017,2382080.8,2025-03-06 11:59:59.999,6417420.12771,21014,862575.3,2321365.0645
2025-03-06 12:00:00,2.7018,2.7141,2.6521,2.6696,3409086.4,2025-03-06 12:59:59.999,9163413.25873,32285,1203720.3,3231449.6139
2025-03-06 13:00:00,2.6691,2.6963,2.6354,2.6355,2969071.9,2025-03-06 13:59:59.999,7905185.24569,34669,1438470.8,3829367.68743
2025-03-06 14:00:00,2.6355,2.9626,2.6281,2.8291,40381300.4,2025-03-06 14:59:59.999,114933444.40713,582842,20413013.1,58130745.83093
2025-03-06 15:00:00,2.8292,3.0,2.8277,2.9199,15635362.4,2025-03-06 15:59:59.999,45697603.99831,285427,8147458.1,23835627.53368
2025-03-06 16:00:00,2.92,2.9961,2.8345,2.8453,14858773.2,2025-03-06 16:59:59.999,43385106.78232,246560,7285460.5,21260660.83923
2025-03-06 17:00:00,2.8452,2.8788,2.7905,2.8162,8371218.4,2025-03-06 17:59:59.999,23719584.03549,131182,3958880.0,11217211.57748
2025-03-06 18:00:00,2.8161,2.8376,2.7935,2.8086,3584149.2,2025-03-06 18:59:59.999,10085396.9542,51467,1672623.9,4706855.75832
2025-03-06 19:00:00,2.8085,2.8392,2.7674,2.7948,4711300.4,2025-03-06 19:59:59.999,13170497.7211,56334,2440508.3,6824981.85556
2025-03-06 20:00:00,2.7949,2.8243,2.7857,2.8086,2056754.5,2025-03-06 20:59:59.999,5773955.04986,35620,987237.7,2771948.75143
2025-03-06 21:00:00,2.8087,2.8553,2.7852,2.814,2666933.2,2025-03-06 21:59:59.999,7509467.19962,33410,1492687.6,4202457.43676
2025-03-06 22:00:00,2.814,2.8504,2.7469,2.7684,4920340.9,2025-03-06 22:59:59.999,13767946.04839,58927,2526369.4,7070832.3072
2025-03-06 23:00:00,2.7685,2.7838,2.7312,2.7361,2428698.5,2025-03-06 23:59:59.999,6682707.62866,32416,1296372.9,3568202.8121
2025-03-07 00:00:00,2.7361,2.7947,2.5613,2.5781,18207358.3,2025-03-07 00:59:59.999,48373075.22107,232176,8466406.0,22529734.04371
2025-03-07 01:00:00,2.5782,2.7104,2.5626,2.6998,10215283.7,2025-03-07 01:59:59.999,27017787.90858,116422,5080634.9,13438627.51203
2025-03-07 02:00:00,2.6998,2.7708,2.6718,2.6941,9439386.9,2025-03-07 02:59:59.999,25703284.55132,94841,4727132.2,12867274.1518
2025-03-07 03:00:00,2.694,2.7099,2.6721,2.6807,2711883.0,2025-03-07 03:59:59.999,7290223.2596,36290,1173592.2,3155807.89842
2025-03-07 04:00:00,2.6807,2.728,2.671,2.6891,1751366.0,2025-03-07 04:59:59.999,4733380.91672,27155,963580.4,2605148.01789
2025-03-07 05:00:00,2.6892,2.8909,2.6855,2.8307,10175692.1,2025-03-07 05:59:59.999,28269229.86609,77581,4502038.9,12496862.04549
2025-03-07 06:00:00,2.8307,2.8381,2.7638,2.7937,3113700.1,2025-03-07 06:59:59.999,8702268.83438,33075,1217126.8,3402721.45934
2025-03-07 07:00:00,2.7936,2.8243,2.7779,2.7952,2269623.2,2025-03-07 07:59:59.999,6355975.07335,36534,1100773.4,3082948.59273
2025-03-07 08:00:00,2.7952,2.8078,2.775,2.7998,1868000.5,2025-03-07 08:59:59.999,5215615.25165,24606,981706.4,2741434.76777
2025-03-07 09:00:00,2.7996,2.8499,2.7975,2.842,3670946.3,2025-03-07 09:59:59.999,10369907.78443,34596,1822508.1,5150050.67023
2025-03-07 10:00:00,2.8425,2.866,2.8157,2.8259,2336948.4,2025-03-07 10:59:59.999,6644371.98813,33079,1190563.2,3385708.12121
2025-03-07 11:00:00,2.8258,2.8566,2.8094,2.8238,2463813.8,2025-03-07 11:59:59.999,6974751.32699,25594,1321129.2,3743722.11152
2025-03-07 12:00:00,2.8239,2.8328,2.7148,2.7529,8635470.2,2025-03-07 12:59:59.999,23740799.49536,54775,4971379.9,13630825.60467
2025-03-07 13:00:00,2.7529,2.8378,2.747,2.7755,9573906.8,2025-03-07 13:59:59.999,26792940.33584,94388,4411331.3,12324514.28252
2025-03-07 14:00:00,2.7756,2.8526,2.7478,2.8132,4753114.5,2025-03-07 14:59:59.999,13333595.2148,56037,2358891.7,6618609.31217
2025-03-07 15:00:00,2.8137,2.8318,2.7277,2.7634,4978940.1,2025-03-07 15:59:59.999,13823153.41812,54471,2139462.7,5939234.29022
2025-03-07 16:00:00,2.7632,2.7793,2.646,2.6806,10439008.2,2025-03-07 16:59:59.999,28036206.27619,76972,5819630.5,15614406.63907
2025-03-07 17:00:00,2.6814,2.7259,2.6618,2.6888,3403698.8,2025-03-07 17:59:59.999,9152858.39945,36440,1891047.4,5086137.59786
2025-03-07 18:00:00,2.689,2.7626,2.6802,2.7568,3479283.4,2025-03-07 18:59:59.999,9465467.37302,31616,2100769.8,5712942.95329
2025-03-07 19:00:00,2.7569,2.7709,2.6916,2.7109,2350770.6,2025-03-07 19:59:59.999,6414874.91033,27305,1026783.7,2802232.26107
2025-03-07 20:00:00,2.711,2.7509,2.6716,2.6973,4247145.0,2025-03-07 20:59:59.999,11491542.94697,38679,2187578.7,5920610.48807
2025-03-07 21:00:00,2.6974,2.703,2.6092,2.6344,6793011.2,2025-03-07 21:59:59.999,17962397.40683,60842,3556199.8,9401771.22156
2025-03-07 22:00:00,2.6346,2.643,2.5904,2.6165,2904518.8,2025-03-07 22:59:59.999,7589516.94664,30941,1367886.0,3575805.03327
2025-03-07 23:00:00,2.6165,2.6165,2.5678,2.5826,1950909.9,2025-03-07 23:59:59.999,5044550.9317,23221,952716.5,2463638.99101
2025-03-08 00:00:00,2.5827,2.629,2.5659,2.6227,2434900.3,2025-03-08 00:59:59.999,6340175.94232,23161,1587622.6,4136223.28088
2025-03-08 01:00:00,2.6229,2.6299,2.5537,2.5886,3717372.0,2025-03-08 01:59:59.999,9627999.08709,25450,1451331.9,3760777.8372
2025-03-08 02:00:00,2.5887,2.6028,2.58,2.5951,1154982.1,2025-03-08 02:59:59.999,2996104.19216,11660,570946.3,1481208.36365
2025-03-08 03:00:00,2.5951,2.6022,2.5627,2.598,907896.9,2025-03-08 03:59:59.999,2347105.9723,9973,420006.2,1086520.18863
2025-03-08 04:00:00,2.5979,2.6221,2.5825,2.6174,1049225.9,2025-03-08 04:59:59.999,2737999.84268,11216,628823.8,1641361.55728
2025-03-08 05:00:00,2.6178,2.6182,2.5794,2.591,979268.0,2025-03-08 05:59:59.999,2539049.1309,9147,395965.2,1026689.8304
2025-03-08 06:00:00,2.591,2.6026,2.5843,2.6008,629112.0,2025-03-08 06:59:59.999,1632522.58203,8159,312026.8,809665.33975
2025-03-08 07:00:00,2.6005,2.6167,2.5825,2.5885,716394.9,2025-03-08 07:59:59.999,1862211.23538,7547,300830.3,782156.76031
2025-03-08 08:00:00,2.5883,2.5978,2.5617,2.5702,1156426.7,2025-03-08 08:59:59.999,2976315.26395,10224,558941.2,1438325.36793
2025-03-08 09:00:00,2.5702,2.5928,2.5446,2.5629,1106545.7,2025-03-08 09:59:59.999,2845622.60972,11015,523454.6,1347159.11457
2025-03-08 10:00:00,2.5626,2.5828,2.5626,2.5669,870423.3,2025-03-08 10:59:59.999,2240339.21284,9390,480577.3,1236593.8639
2025-03-08 11:00:00,2.5669,2.5671,2.5326,2.5537,1412375.3,2025-03-08 11:59:59.999,3600759.90624,14185,606686.9,1547419.03166
2025-03-08 12:00:00,2.5538,2.5876,2.5301,2.5732,1504719.6,2025-03-08 12:59:59.999,3858804.82652,14169,737751.3,1893089.9307
2025-03-08 13:00:00,2.5733,2.5804,2.554,2.5589,832139.6,2025-03-08 13:59:59.999,2136923.03333,10554,397069.0,1019738.14946
2025-03-08 14:00:00,2.559,2.5684,2.5209,2.528,2157754.5,2025-03-08 14:59:59.999,5477948.64121,13823,1060838.8,2692628.44993
2025-03-08 15:00:00,2.5279,2.54,2.5105,2.5242,1055799.4,2025-03-08 15:59:59.999,2667951.28553,11961,533849.0,1349373.00121
2025-03-08 16:00:00,2.5243,2.5322,2.4867,2.5069,1956661.6,2025-03-08 16:59:59.999,4897352.74429,17859,875110.7,2191551.52801
2025-03-08 17:00:00,2.5068,2.5361,2.4859,2.5285,1791651.5,2025-03-08 17:59:59.999,4494021.08276,17376,806207.5,2024157.93701
2025-03-08 18:00:00,2.5289,2.5411,2.5159,2.5312,646215.6,2025-03-08 18:59:59.999,1633434.05226,8494,322191.1,814716.66463
2025-03-08 19:00:00,2.5311,2.5476,2.515,2.5376,1276045.9,2025-03-08 19:59:59.999,3235472.93476,11093,589430.7,1494246.15936
2025-03-08 20:00:00,2.5376,2.5431,2.5289,2.5335,640502.6,2025-03-08 20:59:59.999,1624582.84918,6376,340022.2,862592.77435
2025-03-08 21:00:00,2.5334,2.5444,2.5162,2.5169,764968.2,2025-03-08 21:59:59.999,1934030.84285,7115,291535.3,737630.17959
2025-03-08 22:00:00,2.517,2.5186,2.4674,2.4876,1918385.4,2025-03-08 22:59:59.999,4781190.55813,16217,876520.0,2183332.4261
2025-03-08 23:00:00,2.4876,2.4972,2.4744,2.4834,924607.1,2025-03-08 23:59:59.999,2297163.12876,12443,348182.5,865488.94738
2025-03-09 00:00:00,2.4833,2.5106,2.4698,2.5032,998343.1,2025-03-09 00:59:59.999,2489441.10994,10490,459542.0,1146165.51704
2025-03-09 01:00:00,2.5034,2.5171,2.4843,2.4886,793944.8,2025-03-09 01:59:59.999,1986739.07816,8639,327993.8,820706.78678
2025-03-09 02:00:00,2.4886,2.4929,2.4588,2.4629,931079.8,2025-03-09 02:59:59.999,2303216.26307,10258,394161.4,975088.15332
2025-03-09 03:00:00,2.4627,2.4856,2.448,2.4803,1584428.8,2025-03-09 03:59:59.999,3899087.85731,13222,692198.1,1703533.59476
2025-03-09 04:00:00,2.4803,2.4833,2.4667,2.4778,588179.4,2025-03-09 04:59:59.999,1455617.23844,7703,311913.2,771746.99816
2025-03-09 05:00:00,2.4778,2.5053,2.4709,2.4968,822601.0,2025-03-09 05:59:59.999,2050321.65901,9098,405727.0,1011179.11921
2025-03-09 06:00:00,2.4969,2.5059,2.4745,2.4961,907607.5,2025-03-09 06:59:59.999,2260788.57316,10469,414851.1,1033327.3256
2025-03-09 07:00:00,2.4961,2.5251,2.4904,2.5153,798038.2,2025-03-09 07:59:59.999,2005741.8341,9345,417819.3,1050135.31377
2025-03-09 08:00:00,2.5155,2.5155,2.4886,2.4916,663811.3,2025-03-09 08:59:59.999,1659866.43851,7489,261022.3,652649.98224
2025-03-09 09:00:00,2.4917,2.4997,2.4508,2.4549,1735008.4,2025-03-09 09:59:59.999,4288066.78569,14815,731735.8,1810182.49506
2025-03-09 10:00:00,2.4547,2.4595,2.4013,2.4226,3173369.1,2025-03-09 10:59:59.999,7705158.85237,27818,1352253.9,3281953.1577
2025-03-09 11:00:00,2.4229,2.4361,2.4155,2.4328,1569777.5,2025-03-09 11:59:59.999,3808862.24449,14659,785693.5,1906843.3111
2025-03-09 12:00:00,2.4328,2.4359,2.4051,2.422,2079209.7,2025-03-09 12:59:59.999,5030290.25421,17179,780228.1,1888494.1826
2025-03-09 13:00:00,2.422,2.432,2.366,2.3697,3108845.9,2025-03-09 13:59:59.999,7447364.82613,30535,1350027.0,3233595.35087
2025-03-09 14:00:00,2.3694,2.4061,2.3627,2.3861,4106978.0,2025-03-09 14:59:59.999,9795090.36282,38164,1849810.4,4413671.00249
2025-03-09 15:00:00,2.3861,2.3954,2.337,2.3437,3506913.8,2025-03-09 15:59:59.999,8278108.45522,34251,1479425.5,3496949.65329
2025-03-09 16:00:00,2.3436,2.3606,2.3025,2.3078,3848145.1,2025-03-09 16:59:59.999,8954259.03375,40058,1781317.4,4146352.24862
2025-03-09 17:00:00,2.3081,2.3205,2.2635,2.2714,3302542.9,2025-03-09 17:59:59.999,7586535.65164,31572,1281160.3,2944325.98228
2025-03-09 18:00:00,2.2712,2.3159,2.251,2.2885,4180554.8,2025-03-09 18:59:59.999,9536955.63035,41879,2053089.1,4687165.75998
2025-03-09 19:00:00,2.2886,2.3471,2.2886,2.3406,2731401.0,2025-03-09 19:59:59.999,6330302.26937,23132,1458161.5,3382180.31004
2025-03-09 20:00:00,2.3407,2.3799,2.3368,2.3574,2123908.6,2025-03-09 20:59:59.999,5011305.1018,19945,1058595.7,2498036.90871
2025-03-09 21:00:00,2.3575,2.3634,2.3065,2.3144,1904745.4,2025-03-09 21:59:59.999,4439046.44373,13996,709091.3,1652209.2931
2025-03-09 22:00:00,2.3144,2.3199,2.279,2.2901,2895378.3,2025-03-09 22:59:59.999,6654747.98767,25733,1157762.3,2661125.60817
2025-03-09 23:00:00,2.2901,2.316,2.2755,2.2898,3853390.5,2025-03-09 23:59:59.999,8839449.54727,30008,1770792.2,4060035.58094
2025-03-10 00:00:00,2.2899,2.3565,2.2651,2.3414,5081750.6,2025-03-10 00:59:59.999,11756413.21682,44656,2516509.3,5823796.42334
2025-03-10 01:00:00,2.3414,2.3693,2.3254,2.3513,2401489.6,2025-03-10 01:59:59.999,5640292.96248,24058,1334060.1,3133564.87533
2025-03-10 02:00:00,2.3515,2.3892,2.3287,2.3303,2908494.8,2025-03-10 02:59:59.999,6862152.77482,25640,1556656.5,3677126.47026
2025-03-10 03:00:00,2.3304,2.3427,2.3161,2.331,1470737.1,2025-03-10 03:59:59.999,3423319.05582,14575,736154.1,1714218.77674
2025-03-10 04:00:00,2.331,2.3735,2.329,2.372,1600970.7,2025-03-10 04:59:59.999,3781110.6128,13022,942971.8,2226858.12625
2025-03-10 05:00:00,2.3725,2.3812,2.3481,2.3579,1419270.7,2025-03-10 05:59:59.999,3352930.63321,11329,672299.8,1588858.98978
2025-03-10 06:00:00,2.3579,2.3774,2.3544,2.3663,1095794.9,2025-03-10 06:59:59.999,2590576.66272,8722,590353.8,1395278.91053
2025-03-10 07:00:00,2.3663,2.3856,2.3556,2.3685,1263798.2,2025-03-10 07:59:59.999,2992094.66659,9477,677703.1,1604736.04426
2025-03-10 08:00:00,2.3685,2.3699,2.3025,2.3103,2696186.0,2025-03-10 08:59:59.999,6271861.47804,21218,1043862.0,2431023.90609
2025-03-10 09:00:00,2.3102,2.4494,2.3082,2.3726,6597673.9,2025-03-10 09:59:59.999,15783043.59856,49810,3122665.1,7473116.58356
2025-03-10 10:00:00,2.3729,2.3829,2.3308,2.351,2220757.1,2025-03-10 10:59:59.999,5227585.36838,17663,1034567.1,2434754.10268
2025-03-10 11:00:00,2.351,2.4152,2.3381,2.4064,2679859.9,2025-03-10 11:59:59.999,6365465.82973,19625,1272131.1,3023557.99238
2025-03-10 12:00:00,2.4065,2.4206,2.3648,2.3778,2932649.3,2025-03-10 12:59:59.999,7004715.18337,22295,1552368.8,3706642.06046
2025-03-10 13:00:00,2.3775,2.3844,2.3118,2.3167,2988453.3,2025-03-10 13:59:59.999,7008621.22489,26484,1554759.6,3647477.52722
2025-03-10 14:00:00,2.3162,2.3164,2.2072,2.2291,10821394.4,2025-03-10 14:59:59.999,24327606.99751,75894,5005236.0,11255463.30806
2025-03-10 15:00:00,2.2296,2.2829,2.2169,2.2497,5728185.4,2025-03-10 15:59:59.999,12911578.28251,38485,2983300.6,6725978.53473
2025-03-10 16:00:00,2.2496,2.2587,2.1712,2.1854,7281485.4,2025-03-10 16:59:59.999,16039020.95041,46553,3045590.8,6708566.42551
2025-03-10 17:00:00,2.1855,2.1886,2.1,2.1064,9567673.9,2025-03-10 17:59:59.999,20481145.70885,70031,3967793.5,8496457.82631
2025-03-10 18:00:00,2.1063,2.1446,2.0679,2.0712,7871227.9,2025-03-10 18:59:59.999,16577651.77279,51030,3543216.1,7477180.31901
2025-03-10 19:00:00,2.0711,2.1469,2.0577,2.1417,6057287.6,2025-03-10 19:59:59.999,12787052.07985,52671,3000946.9,6338246.07352
2025-03-10 20:00:00,2.1421,2.1487,2.0902,2.1147,4895420.4,2025-03-10 20:59:59.999,10361130.12434,30229,2406766.1,5094734.12759
2025-03-10 21:00:00,2.115,2.1413,2.1012,2.1185,2013234.2,2025-03-10 21:59:59.999,4276047.68068,16743,962360.1,2043096.87742
2025-03-10 22:00:00,2.1187,2.1309,2.0881,2.1,2336963.5,2025-03-10 22:59:59.999,4914598.9467,21107,1054912.0,2219596.22164
2025-03-10 23:00:00,2.1002,2.1215,2.0855,2.0888,2371590.4,2025-03-10 23:59:59.999,4994963.42372,17375,950886.0,2002020.80947
2025-03-11 00:00:00,2.089,2.1256,1.9626,2.0399,11734569.5,2025-03-11 00:59:59.999,23716794.93783,89188,4707192.2,9527271.37472
2025-03-11 01:00:00,2.0399,2.0828,1.9864,2.0819,9500771.4,2025-03-11 01:59:59.999,19285508.56981,75140,4978988.4,10102419.77764
2025-03-11 02:00:00,2.0815,2.1276,2.0729,2.109,4271049.9,2025-03-11 02:59:59.999,8990880.75444,30054,2151860.3,4530301.96595
2025-03-11 03:00:00,2.1091,2.1356,2.1056,2.1252,3368706.6,2025-03-11 03:59:59.999,7145966.74599,21355,1616471.1,3428197.51902
2025-03-11 04:00:00,2.1247,2.1771,2.1185,2.1555,5290982.6,2025-03-11 04:59:59.999,11360862.29501,27664,3334582.8,7163997.20959
2025-03-11 05:00:00,2.1556,2.2011,2.1518,2.1914,3350394.5,2025-03-11 05:59:59.999,7316906.7643,26322,1637488.5,3576178.00691
2025-03-11 06:00:00,2.1914,2.214,2.1637,2.1666,3687947.5,2025-03-11 06:59:59.999,8094219.86666,26844,1670441.4,3665310.85161
2025-03-11 07:00:00,2.1666,2.1959,2.1644,2.1708,1879889.0,2025-03-11 07:59:59.999,4088602.39223,15318,873750.9,1901173.39797
2025-03-11 08:00:00,2.1707,2.2022,2.1657,2.18,1945914.7,2025-03-11 08:59:59.999,4252407.4313,15701,902259.3,1971389.87541
2025-03-11 09:00:00,2.1799,2.2099,2.1713,2.1753,7035375.7,2025-03-11 09:59:59.999,15443331.00283,36316,3137554.7,6885216.88722
2025-03-11 10:00:00,2.1753,2.1995,2.1672,2.1944,1222782.2,2025-03-11 10:59:59.999,2673819.42963,10871,609335.9,1332641.61882
2025-03-11 11:00:00,2.1942,2.2168,2.1729,2.1965,1787551.9,2025-03-11 11:59:59.999,3915025.76895,13137,804880.5,1763597.6996
2025-03-11 12:00:00,2.1965,2.2,2.1504,2.1511,2628936.1,2025-03-11 12:59:59.999,5718209.03684,19340,1124588.0,2447550.32643
2025-03-11 13:00:00,2.1511,2.2185,2.1257,2.1575,10219926.2,2025-03-11 13:59:59.999,22122770.8784,70302,4859594.7,10516775.66513
2025-03-11 14:00:00,2.1578,2.1823,2.0762,2.0994,7712732.7,2025-03-11 14:59:59.999,16394670.6834,69389,3708835.7,7884840.47147
2025-03-11 15:00:00,2.0992,2.2,2.0955,2.1885,4986896.0,2025-03-11 15:59:59.999,10773487.91476,40191,2714250.0,5864459.43968
2025-03-11 16:00:00,2.1875,2.2238,2.1636,2.1907,4143030.0,2025-03-11 16:59:59.999,9097723.07453,28009,2284841.0,5016193.72675
2025-03-11 17:00:00,2.1907,2.2052,2.1522,2.165,2824642.6,2025-03-11 17:59:59.999,6155633.95356,22030,1440593.1,3141405.2048
2025-03-11 18:00:00,2.1648,2.287,2.1639,2.2845,7722490.2,2025-03-11 18:59:59.999,17339877.29766,52750,4361136.5,9789698.91861
2025-03-11 19:00:00,2.2845,2.3063,2.2675,2.2813,3913060.6,2025-03-11 19:59:59.999,8947960.36251,32693,2046504.0,4681366.74695
2025-03-11 20:00:00,2.2812,2.2885,2.2604,2.2671,2357598.3,2025-03-11 20:59:59.999,5358165.76693,15466,1188982.6,2702477.26398
2025-03-11 21:00:00,2.2671,2.2983,2.2475,2.2568,1687465.6,2025-03-11 21:59:59.999,3842391.50558,10694,908617.9,2069734.34856
2025-03-11 22:00:00,2.2568,2.2808,2.2554,2.2739,806505.8,2025-03-11 22:59:59.999,1830276.54313,8960,420592.4,954422.34018
2025-03-11 23:00:00,2.2738,2.2758,2.2237,2.2288,1858715.9,2025-03-11 23:59:59.999,4167306.43153,13356,1051617.8,2358129.01149
2025-03-12 00:00:00,2.2297,2.2561,2.2201,2.2365,2307388.8,2025-03-12 00:59:59.999,5156129.41063,15054,1164719.3,2603304.11197
2025-03-12 01:00:00,2.2366,2.2958,2.2309,2.2761,2953708.4,2025-03-12 01:59:59.999,6688642.92261,18611,1397693.5,3166378.96535
2025-03-12 02:00:00,2.2766,2.2805,2.2215,2.2286,2627693.6,2025-03-12 02:59:59.999,5902197.8087,16736,1108768.1,2491631.9728
2025-03-12 03:00:00,2.229,2.2427,2.2001,2.203,2245511.1,2025-03-12 03:59:59.999,4991030.96503,15837,1209700.9,2690000.99042
2025-03-12 04:00:00,2.203,2.2038,2.1744,2.1949,2001896.7,2025-03-12 04:59:59.999,4383274.18186,15952,906272.5,1984644.99861
2025-03-12 05:00:00,2.195,2.2359,2.192,2.2285,1337027.1,2025-03-12 05:59:59.999,2962341.36256,9734,691548.4,1532250.31949
2025-03-12 06:00:00,2.2289,2.2322,2.1944,2.2055,1790414.5,2025-03-12 06:59:59.999,3956221.83211,12108,719282.3,1589940.92698
2025-03-12 07:00:00,2.2054,2.2565,2.2025,2.2527,2777494.4,2025-03-12 07:59:59.999,6192968.30127,18770,1524753.3,3399401.53894
2025-03-12 08:00:00,2.2529,2.2912,2.2356,2.2738,4029689.0,2025-03-12 08:59:59.999,9122677.08645,26048,2067003.5,4679766.61272
2025-03-12 09:00:00,2.2739,2.2951,2.2323,2.2482,2841178.0,2025-03-12 09:59:59.999,6409319.91818,21373,1381073.5,3115923.00011
2025-03-12 10:00:00,2.2485,2.2528,2.2121,2.2349,1711023.0,2025-03-12 10:59:59.999,3813380.86204,12023,806628.8,1797367.88319
2025-03-12 11:00:00,2.2354,2.286,2.2354,2.2811,2041747.5,2025-03-12 11:59:59.999,4632690.24941,13350,1124918.2,2552508.26935
2025-03-12 12:00:00,2.281,2.3762,2.2708,2.3584,9239039.4,2025-03-12 12:59:59.999,21606238.69965,63455,5213741.0,12196028.2637
2025-03-12 13:00:00,2.3584,2.3672,2.2466,2.2575,6170898.5,2025-03-12 13:59:59.999,14194151.17609,41001,2854727.8,6568712.86717
2025-03-12 14:00:00,2.2576,2.2682,2.2039,2.2046,4604568.9,2025-03-12 14:59:59.999,10301486.43451,34134,2231018.0,4995693.49972
2025-03-12 15:00:00,2.2047,2.239,2.1716,2.2316,4387332.5,2025-03-12 15:59:59.999,9675207.21032,28927,2282924.4,5034934.02911
2025-03-12 16:00:00,2.2308,2.2703,2.223,2.243,2677297.5,2025-03-12 16:59:59.999,6021916.40352,19730,1272855.8,2863843.30125
2025-03-12 17:00:00,2.243,2.2679,2.218,2.2204,2095554.7,2025-03-12 17:59:59.999,4707591.41654,15398,1027217.1,2309354.67934
2025-03-12 18:00:00,2.2206,2.244,2.2166,2.2206,1756117.2,2025-03-12 18:59:59.999,3919057.78076,11138,800461.0,1785983.36391
2025-03-12 19:00:00,2.2203,2.2358,2.2088,2.2214,1308822.2,2025-03-12 19:59:59.999,2909270.11389,10613,711199.7,1581924.59624
2025-03-12 20:00:00,2.2213,2.2343,2.2112,2.2312,1274405.5,2025-03-12 20:59:59.999,2832403.08164,8680,564588.2,1254942.6593
2025-03-12 21:00:00,2.2313,2.2587,2.217,2.2271,1285475.0,2025-03-12 21:59:59.999,2878363.32345,9010,663383.8,1484111.78465
2025-03-12 22:00:00,2.2266,2.2708,2.2234,2.2674,1655381.7,2025-03-12 22:59:59.999,3723483.48368,11343,866467.1,1951929.04957
2025-03-12 23:00:00,2.2675,2.2896,2.2597,2.2854,1421607.4,2025-03-12 23:59:59.999,3233660.28197,10011,755331.2,1718069.34407
2025-03-13 00:00:00,2.2846,2.2953,2.2593,2.2601,1532182.2,2025-03-13 00:59:59.999,3488775.76206,12305,660172.9,1503955.6344
2025-03-13 01:00:00,2.2603,2.2962,2.2527,2.2833,1437131.4,2025-03-13 01:59:59.999,3270475.72334,11539,763189.0,1735963.7845
2025-03-13 02:00:00,2.2833,2.3124,2.2762,2.2795,1534561.2,2025-03-13 02:59:59.999,3523436.71791,12770,840270.5,1929145.28115
2025-03-13 03:00:00,2.2798,2.3084,2.2737,2.2788,1378017.4,2025-03-13 03:59:59.999,3156328.56244,11285,673676.6,1543106.7469
2025-03-13 04:00:00,2.2787,2.2886,2.2379,2.2499,1600043.0,2025-03-13 04:59:59.999,3615805.2667,12941,726668.4,1642254.79602
2025-03-13 05:00:00,2.2499,2.2781,2.2414,2.2455,1221147.7,2025-03-13 05:59:59.999,2759232.42611,10677,568797.5,1285718.49999
2025-03-13 06:00:00,2.2456,2.253,2.2231,2.2436,1238168.5,2025-03-13 06:59:59.999,2770050.43528,9996,737837.7,1650594.63228
2025-03-13 07:00:00,2.2438,2.2593,2.2315,2.2321,1277364.4,2025-03-13 07:59:59.999,2864910.10962,9370,639043.8,1433702.75601
2025-03-13 08:00:00,2.2321,2.2479,2.2094,2.2456,2103921.7,2025-03-13 08:59:59.999,4694132.99483,12739,1171286.3,2614130.67903
2025-03-13 09:00:00,2.2455,2.3174,2.2454,2.3114,2686502.2,2025-03-13 09:59:59.999,6135626.04323,18955,1518307.2,3466970.19613
2025-03-13 10:00:00,2.3113,2.3161,2.2904,2.3036,1988253.3,2025-03-13 10:59:59.999,4577788.41628,15849,888351.4,2045825.50629
2025-03-13 11:00:00,2.3035,2.3088,2.2777,2.3069,1997163.8,2025-03-13 11:59:59.999,4577808.6003,12817,884366.0,2027187.76795
2025-03-13 12:00:00,2.3064,2.343,2.26,2.269,5024692.7,2025-03-13 12:59:59.999,11556670.27047,36287,2697488.5,6207469.29915
2025-03-13 13:00:00,2.2685,2.3025,2.2186,2.2235,4171255.7,2025-03-13 13:59:59.999,9454202.7835,31288,2200424.3,4992761.1141
2025-03-13 14:00:00,2.223,2.26,2.2101,2.2408,3315739.0,2025-03-13 14:59:59.999,7415780.71042,23020,1707543.0,3817249.83474
2025-03-13 15:00:00,2.2409,2.2493,2.2078,2.214,2655967.9,2025-03-13 15:59:59.999,5901160.3616,19643,1332881.6,2961733.28003
2025-03-13 16:00:00,2.214,2.2216,2.1568,2.1667,3738679.4,2025-03-13 16:59:59.999,8173894.10404,22543,1695895.2,3707106.21965
2025-03-13 17:00:00,2.1667,2.1755,2.1205,2.125,3548672.0,2025-03-13 17:59:59.999,7619926.66313,22885,1712862.5,3677634.56655
2025-03-13 18:00:00,2.1248,2.1691,2.1244,2.1471,2280124.3,2025-03-13 18:59:59.999,4900840.02379,15098,1193844.2,2565638.27579
2025-03-13 19:00:00,2.1467,2.1578,2.1179,2.1339,1857504.6,2025-03-13 19:59:59.999,3967803.20435,11854,761492.5,1627055.83999
2025-03-13 20:00:00,2.1344,2.1493,2.1143,2.1229,1354000.9,2025-03-13 20:59:59.999,2889159.91221,9152,660099.9,1408028.97068
2025-03-13 21:00:00,2.1232,2.1371,2.1177,2.1371,973274.5,2025-03-13 21:59:59.999,2070736.08494,7345,568347.2,1209545.46817
2025-03-13 22:00:00,2.1371,2.2018,2.1344,2.2013,3269993.4,2025-03-13 22:59:59.999,7067818.60303,17026,1691795.3,3653172.26913
2025-03-13 23:00:00,2.2014,2.2031,2.1576,2.1635,1276448.7,2025-03-13 23:59:59.999,2778390.5917,10130,624032.5,1357822.02903
2025-03-14 00:00:00,2.1635,2.2032,2.1592,2.1892,1696608.8,2025-03-14 00:59:59.999,3703014.4347,12756,805642.5,1757788.76671
2025-03-14 01:00:00,2.1893,2.2052,2.1727,2.185,1476426.0,2025-03-14 01:59:59.999,3232713.00941,9508,747775.6,1638692.13047
2025-03-14 02:00:00,2.1849,2.1982,2.1761,2.1908,1606165.9,2025-03-14 02:59:59.999,3508744.7845,8823,716192.3,1564960.22065
2025-03-14 03:00:00,2.1908,2.1912,2.1628,2.1723,2231120.3,2025-03-14 03:59:59.999,4843714.41258,9756,1044066.1,2266062.15733
2025-03-14 04:00:00,2.1718,2.181,2.1622,2.17,653283.1,2025-03-14 04:59:59.999,1418895.80385,6216,402337.9,873938.60517
2025-03-14 05:00:00,2.1701,2.1848,2.1626,2.1839,805423.7,2025-03-14 05:59:59.999,1751531.28102,6582,472607.2,1028397.80937
2025-03-14 06:00:00,2.1838,2.1891,2.1645,2.1743,952469.2,2025-03-14 06:59:59.999,2068804.56316,7054,429922.9,934049.81252
2025-03-14 07:00:00,2.1742,2.1986,2.1632,2.1811,1335833.9,2025-03-14 07:59:59.999,2913001.10216,8064,708798.9,1543983.47065
2025-03-14 08:00:00,2.1815,2.2237,2.178,2.2108,2033851.0,2025-03-14 08:59:59.999,4475791.42211,13036,1259843.7,2772212.75794
2025-03-14 09:00:00,2.211,2.2355,2.2028,2.2115,1787602.0,2025-03-14 09:59:59.999,3960720.27706,11099,728671.9,1615101.82593
2025-03-14 10:00:00,2.2116,2.2481,2.2025,2.2287,1674272.1,2025-03-14 10:59:59.999,3727510.41768,11905,847258.8,1886887.83116
2025-03-14 11:00:00,2.2287,2.2442,2.2257,2.2347,744895.1,2025-03-14 11:59:59.999,1664312.5803,7000,376700.6,841669.22527
2025-03-14 12:00:00,2.2344,2.2506,2.2221,2.2407,1098647.0,2025-03-14 12:59:59.999,2456077.10315,9021,448777.8,1003522.31622
2025-03-14 13:00:00,2.2409,2.267,2.2299,2.2607,2868579.1,2025-03-14 13:59:59.999,6446805.32034,19435,1669337.4,3753148.92166
2025-03-14 14:00:00,2.2608,2.2799,2.2308,2.2728,4302528.2,2025-03-14 14:59:59.999,9698083.53469,34138,2087641.1,4705443.80338
2025-03-14 15:00:00,2.2729,2.3862,2.2716,2.3473,13728484.6,2025-03-14 15:59:59.999,32194516.68206,67532,5418866.3,12689559.49994
2025-03-14 16:00:00,2.3473,2.3636,2.3045,2.3625,3835955.3,2025-03-14 16:59:59.999,8953950.35667,24865,1980982.6,4625176.69008
2025-03-14 17:00:00,2.362,2.3752,2.3323,2.3508,1620188.4,2025-03-14 17:59:59.999,3810414.37294,15886,742150.8,1745041.65089
2025-03-14 18:00:00,2.3506,2.3659,2.3395,2.3583,1565767.6,2025-03-14 18:59:59.999,3683628.63159,13666,721613.3,1698193.87097
2025-03-14 19:00:00,2.3581,2.3789,2.3406,2.355,1538177.8,2025-03-14 19:59:59.999,3632875.27386,11216,865026.0,2044963.97499
2025-03-14 20:00:00,2.3551,2.3551,2.3168,2.3357,1646931.7,2025-03-14 20:59:59.999,3836198.48889,14965,838076.3,1951301.34929
2025-03-14 21:00:00,2.3358,2.3379,2.3149,2.3373,1287981.5,2025-03-14 21:59:59.999,2996192.45828,9307,556305.8,1294424.78313
2025-03-14 22:00:00,2.3373,2.3599,2.3331,2.3598,924659.9,2025-03-14 22:59:59.999,2169791.9603,8761,476999.1,1119467.65176
2025-03-14 23:00:00,2.3599,2.3599,2.3183,2.3254,947234.8,2025-03-14 23:59:59.999,2213130.34328,8670,400610.6,935873.65659
2025-03-15 00:00:00,2.3249,2.3441,2.3159,2.3362,1214439.4,2025-03-15 00:59:59.999,2829711.38262,9830,633811.2,1476234.20309
2025-03-15 01:00:00,2.3363,2.346,2.3213,2.3349,1407534.7,2025-03-15 01:59:59.999,3283084.27532,9703,629553.3,1466553.01565
2025-03-15 02:00:00,2.3347,2.3644,2.3257,2.3587,1331026.8,2025-03-15 02:59:59.999,3124272.01534,9814,781236.4,1834540.06336
2025-03-15 03:00:00,2.359,2.3828,2.3546,2.3795,1862441.3,2025-03-15 03:59:59.999,4413544.45329,13101,1093305.2,2590887.38635
2025-03-15 04:00:00,2.379,2.4108,2.3621,2.4034,2342188.1,2025-03-15 04:59:59.999,5592498.05682,15619,1274746.9,3044725.10249
2025-03-15 05:00:00,2.4031,2.4269,2.3882,2.3888,2299228.0,2025-03-15 05:59:59.999,5529940.07804,15068,1224538.3,2946532.54191
2025-03-15 06:00:00,2.3891,2.3898,2.3631,2.3685,1329071.2,2025-03-15 06:59:59.999,3159170.66081,10219,602607.8,1432637.38671
2025-03-15 07:00:00,2.3685,2.3685,2.3381,2.3429,2780706.6,2025-03-15 07:59:59.999,6531941.94185,16288,1464348.1,3439933.68249
2025-03-15 08:00:00,2.3429,2.3536,2.3304,2.3459,1344073.7,2025-03-15 08:59:59.999,3147557.04766,10522,693527.1,1625083.61875
2025-03-15 09:00:00,2.3461,2.3574,2.334,2.3554,869103.5,2025-03-15 09:59:59.999,2037719.81987,7226,482075.5,1130417.79352
2025-03-15 10:00:00,2.3551,2.3579,2.3237,2.3258,1170875.0,2025-03-15 10:59:59.999,2733097.36652,9288,538798.9,1256820.32871
2025-03-15 11:00:00,2.3259,2.3287,2.3,2.3257,2245997.6,2025-03-15 11:59:59.999,5198476.65474,14304,1186236.8,2746418.85197
2025-03-15 12:00:00,2.3258,2.3408,2.3165,2.3264,1187589.1,2025-03-15 12:59:59.999,2766782.83201,9555,590206.5,1375528.84881
2025-03-15 13:00:00,2.3264,2.365,2.3258,2.3634,1941475.1,2025-03-15 13:59:59.999,4561975.08976,12758,941707.9,2213914.47928
2025-03-15 14:00:00,2.3633,2.3717,2.3439,2.3448,2315636.8,2025-03-15 14:59:59.999,5463885.49893,17575,1231128.8,2905583.84086
2025-03-15 15:00:00,2.3449,2.3743,2.3438,2.3693,1889162.5,2025-03-15 15:59:59.999,4453205.77424,11396,965124.7,2274800.10365
2025-03-15 16:00:00,2.3694,2.3787,2.3503,2.3607,1386064.3,2025-03-15 16:59:59.999,3279341.37396,9983,745494.5,1764460.29703
2025-03-15 17:00:00,2.3606,2.3793,2.3573,2.3618,1015190.2,2025-03-15 17:59:59.999,2404687.49126,7731,543732.2,1288362.01055
2025-03-15 18:00:00,2.3617,2.3704,2.3396,2.3431,1475058.5,2025-03-15 18:59:59.999,3469599.85566,8975,576129.8,1355109.95585
2025-03-15 19:00:00,2.3431,2.3587,2.3328,2.3577,787177.9,2025-03-15 19:59:59.999,1845764.68986,6289,459688.5,1078191.72173
2025-03-15 20:00:00,2.3578,2.3757,2.3578,2.3738,1087102.1,2025-03-15 20:59:59.999,2575362.75207,7405,566317.7,1341639.41282
2025-03-15 21:00:00,2.3737,2.3823,2.3636,2.3698,810151.0,2025-03-15 21:59:59.999,1922221.10444,6065,401996.0,953686.99334
2025-03-15 22:00:00,2.37,2.3726,2.3531,2.358,637700.5,2025-03-15 22:59:59.999,1506327.21844,5572,345047.5,814893.90642
2025-03-15 23:00:00,2.3579,2.3619,2.3475,2.3523,831599.9,2025-03-15 23:59:59.999,1956938.9955,5953,313334.7,737499.50308
2025-03-16 00:00:00,2.3523,2.3677,2.3419,2.3532,1002732.3,2025-03-16 00:59:59.999,2358460.04937,8544,577073.4,1357044.28223
2025-03-16 01:00:00,2.3532,2.3608,2.3236,2.3269,922810.2,2025-03-16 01:59:59.999,2156586.19088,7670,393288.1,919214.91853
2025-03-16 02:00:00,2.3266,2.332,2.313,2.3203,1005031.3,2025-03-16 02:59:59.999,2334318.47125,8744,479910.2,1114938.72364
2025-03-16 03:00:00,2.3204,2.3448,2.3175,2.3424,740429.0,2025-03-16 03:59:59.999,1725808.13852,6988,425536.4,991729.69431
2025-03-16 04:00:00,2.3423,2.3469,2.3285,2.34,653715.5,2025-03-16 04:59:59.999,1528174.48814,6073,320118.3,748351.07828
2025-03-16 05:00:00,2.34,2.3552,2.3364,2.3533,690589.6,2025-03-16 05:59:59.999,1620866.92677,5871,340102.0,798039.90641
2025-03-16 06:00:00,2.3533,2.3533,2.3306,2.3313,481970.5,2025-03-16 06:59:59.999,1128808.56267,4510,202552.1,474354.18259
2025-03-16 07:00:00,2.3311,2.342,2.3116,2.3379,1214230.3,2025-03-16 07:59:59.999,2824721.16093,9136,696036.1,1619493.54193
2025-03-16 08:00:00,2.3381,2.3418,2.3185,2.3378,689693.0,2025-03-16 08:59:59.999,1607710.43497,6103,301200.3,702121.69121
2025-03-16 09:00:00,2.3379,2.3392,2.3024,2.309,1124229.0,2025-03-16 09:59:59.999,2599739.16928,9885,550659.1,1273276.74332
2025-03-16 10:00:00,2.3087,2.3161,2.2877,2.2908,1453667.6,2025-03-16 10:59:59.999,3341565.93916,10324,760265.6,1747726.4843
2025-03-16 11:00:00,2.2907,2.2924,2.2261,2.2279,4410420.1,2025-03-16 11:59:59.999,9954539.79315,29284,1905217.1,4299616.74154
2025-03-16 12:00:00,2.2278,2.2543,2.2274,2.2385,3075527.3,2025-03-16 12:59:59.999,6899771.80896,16019,1362715.5,3055413.47379
2025-03-16 13:00:00,2.2382,2.2626,2.2124,2.217,2756845.5,2025-03-16 13:59:59.999,6158739.18601,15670,1534829.4,3428441.53211
2025-03-16 14:00:00,2.2169,2.2423,2.2088,2.2418,2290242.8,2025-03-16 14:59:59.999,5096385.18311,12520,1085318.3,2415852.74503
2025-03-16 15:00:00,2.2416,2.2478,2.2233,2.2392,1065945.1,2025-03-16 15:59:59.999,2381595.70639,8832,520404.6,1162770.25415
2025-03-16 16:00:00,2.2392,2.3003,2.2364,2.2621,4172277.4,2025-03-16 16:59:59.999,9506666.42892,32406,2105014.8,4795940.11778
2025-03-16 17:00:00,2.2619,2.282,2.2489,2.268,1397638.4,2025-03-16 17:59:59.999,3168870.57672,10758,727167.2,1649217.95889
2025-03-16 18:00:00,2.268,2.2784,2.2536,2.2619,818553.7,2025-03-16 18:59:59.999,1855436.30127,7119,358977.8,813634.05379
2025-03-16 19:00:00,2.2613,2.2636,2.2188,2.2356,2267280.1,2025-03-16 19:59:59.999,5073876.0837,15306,1178500.1,2636203.78852
2025-03-16 20:00:00,2.2359,2.256,2.2326,2.2455,665623.6,2025-03-16 20:59:59.999,1492919.08781,6142,327622.6,734783.52783
2025-03-16 21:00:00,2.2453,2.2456,2.2222,2.2288,668359.2,2025-03-16 21:59:59.999,1492487.79912,5311,290498.4,649010.16768
2025-03-16 22:00:00,2.2285,2.2369,2.2082,2.2153,1800645.0,2025-03-16 22:59:59.999,4005029.16059,11408,751121.2,1671036.12824
2025-03-16 23:00:00,2.2153,2.2354,2.2051,2.2314,1516420.7,2025-03-16 23:59:59.999,3366157.07857,10391,758954.7,1685539.5006
2025-03-17 00:00:00,2.2314,2.2851,2.2288,2.281,1638722.6,2025-03-17 00:59:59.999,3699941.73083,12177,790753.6,1785347.89775
2025-03-17 01:00:00,2.2813,2.3075,2.2787,2.2939,1806525.0,2025-03-17 01:59:59.999,4139631.63036,11955,997009.0,2284979.08788
2025-03-17 02:00:00,2.2938,2.2966,2.2803,2.2899,803333.7,2025-03-17 02:59:59.999,1838072.98716,6527,375826.0,859956.50601
2025-03-17 03:00:00,2.29,2.3068,2.2859,2.303,868912.8,2025-03-17 03:59:59.999,1997595.41103,6009,383533.1,881684.35556
2025-03-17 04:00:00,2.303,2.3158,2.2745,2.2846,3229577.6,2025-03-17 04:59:59.999,7391936.67262,14482,1539891.9,3522707.58323
2025-03-17 05:00:00,2.2846,2.2857,2.2663,2.267,1029130.4,2025-03-17 05:59:59.999,2343009.10989,8451,470255.2,1070866.27038
2025-03-17 06:00:00,2.2671,2.2779,2.2432,2.2709,1488139.9,2025-03-17 06:59:59.999,3364875.43334,9116,783107.2,1770422.55506
2025-03-17 07:00:00,2.271,2.2999,2.2684,2.2968,1112046.6,2025-03-17 07:59:59.999,2543217.4949,9832,665007.7,1521454.35084
2025-03-17 08:00:00,2.2969,2.3108,2.2797,2.3079,1227657.4,2025-03-17 08:59:59.999,2824796.52168,8778,688043.6,1583484.28473
2025-03-17 09:00:00,2.3077,2.3209,2.294,2.2989,1321120.0,2025-03-17 09:59:59.999,3045977.11365,10240,658160.9,1517608.56945
2025-03-17 10:00:00,2.2989,2.2995,2.2801,2.2826,1366836.7,2025-03-17 10:59:59.999,3125897.56028,8817,590113.4,1349860.19441
2025-03-17 11:00:00,2.2826,2.3033,2.2731,2.291,1775153.2,2025-03-17 11:59:59.999,4062921.1876,11278,975628.4,2233839.19336
2025-03-17 12:00:00,2.291,2.3181,2.2622,2.2634,4001927.2,2025-03-17 12:59:59.999,9142425.5905,27133,2001837.6,4572898.65204
2025-03-17 13:00:00,2.2632,2.3177,2.2527,2.2837,6058973.2,2025-03-17 13:59:59.999,13844617.2191,27458,3222547.5,7366175.06091
2025-03-17 14:00:00,2.2832,2.2942,2.2645,2.2733,3107989.9,2025-03-17 14:59:59.999,7087414.07168,19494,1490549.6,3398208.95712
2025-03-17 15:00:00,2.2737,2.3484,2.2642,2.3291,7031203.2,2025-03-17 15:59:59.999,16263045.61399,33558,3412814.5,7887469.94335
2025-03-17 16:00:00,2.3291,2.3613,2.2869,2.2966,4990449.2,2025-03-17 16:59:59.999,11620360.94436,30787,2525690.2,5881918.77336
2025-03-17 17:00:00,2.2966,2.3504,2.2903,2.3321,2402399.9,2025-03-17 17:59:59.999,5596355.63225,17350,1264845.4,2946376.84029
2025-03-17 18:00:00,2.3322,2.3778,2.3241,2.3774,2840721.3,2025-03-17 18:59:59.999,6684207.48422,19576,1560178.7,3672382.24965
2025-03-17 19:00:00,2.3773,2.3797,2.3576,2.3641,2660984.2,2025-03-17 19:59:59.999,6303008.95928,17260,1535721.7,3637413.64527
2025-03-17 20:00:00,2.3641,2.3707,2.3343,2.3398,1899579.7,2025-03-17 20:59:59.999,4471516.57443,13971,956742.1,2252909.15456
2025-03-17 21:00:00,2.3399,2.3683,2.3313,2.359,1332959.0,2025-03-17 21:59:59.999,3130239.22881,10203,849808.3,1996012.53221
2025-03-17 22:00:00,2.3589,2.3815,2.3553,2.3754,2689524.8,2025-03-17 22:59:59.999,6373384.24589,16593,1674248.8,3967303.40743
2025-03-17 23:00:00,2.3754,2.3811,2.3531,2.379,1795775.9,2025-03-17 23:59:59.999,4254583.01078,12212,1004021.2,2378421.47862
2025-03-18 00:00:00,2.379,2.3884,2.3578,2.3735,2048047.3,2025-03-18 00:59:59.999,4857442.37926,14958,1110716.1,2634189.38902
2025-03-18 01:00:00,2.3738,2.3817,2.3156,2.3293,3360986.0,2025-03-18 01:59:59.999,7879112.78767,21234,1770810.1,4151646.46572
2025-03-18 02:00:00,2.3293,2.3775,2.3241,2.3586,2453367.7,2025-03-18 02:59:59.999,5783544.30174,17944,1328790.0,3131098.92416
2025-03-18 03:00:00,2.3586,2.3658,2.3348,2.3439,2773116.4,2025-03-18 03:59:59.999,6521609.14442,18805,1507821.0,3546556.91313
2025-03-18 04:00:00,2.3439,2.3483,2.307,2.3236,3056831.7,2025-03-18 04:59:59.999,7103332.6781,17518,1494265.3,3474273.1539
2025-03-18 05:00:00,2.3236,2.3389,2.303,2.3323,2604064.8,2025-03-18 05:59:59.999,6044898.87934,16221,1355413.0,3145273.0177
2025-03-18 06:00:00,2.3324,2.3332,2.274,2.2884,2454917.6,2025-03-18 06:59:59.999,5647126.70455,17212,1309276.5,3013393.28425
2025-03-18 07:00:00,2.2883,2.3133,2.2797,2.2845,2165731.5,2025-03-18 07:59:59.999,4972915.78434,14872,1240782.6,2848978.46927
2025-03-18 08:00:00,2.2845,2.3288,2.2715,2.3262,2698224.5,2025-03-18 08:59:59.999,6216445.11628,15621,1502640.1,3460169.46942
2025-03-18 09:00:00,2.3262,2.3376,2.2997,2.3013,1751490.8,2025-03-18 09:59:59.999,4063335.69944,11999,731657.5,1697802.92385
2025-03-18 10:00:00,2.3012,2.3162,2.2756,2.2837,2435235.0,2025-03-18 10:59:59.999,5574830.63565,12914,1189813.5,2725666.73983
2025-03-18 11:00:00,2.2838,2.2881,2.2561,2.2651,1443573.3,2025-03-18 11:59:59.999,3279266.43863,10380,720696.3,1636998.0391
2025-03-18 12:00:00,2.265,2.273,2.2502,2.2555,1521305.0,2025-03-18 12:59:59.999,3436508.00277,10741,692503.3,1564617.56083
2025-03-18 13:00:00,2.2555,2.2678,2.2206,2.2303,4253844.1,2025-03-18 13:59:59.999,9538050.68445,24546,1929619.2,4328310.88366
2025-03-18 14:00:00,2.2301,2.2755,2.225,2.2693,3866287.0,2025-03-18 14:59:59.999,8695262.42141,20482,1931973.2,4343040.9332
2025-03-18 15:00:00,2.2692,2.2699,2.2292,2.2376,1568098.1,2025-03-18 15:59:59.999,3528652.80729,11770,756963.9,1704561.80348
2025-03-18 16:00:00,2.2377,2.2725,2.236,2.2617,2113653.7,2025-03-18 16:59:59.999,4766033.84352,12344,927554.1,2091894.66622
2025-03-18 17:00:00,2.2621,2.2682,2.238,2.2466,1612480.1,2025-03-18 17:59:59.999,3626007.07852,11650,815827.7,1834136.59874
2025-03-18 18:00:00,2.2468,2.2551,2.2293,2.2523,1301472.8,2025-03-18 18:59:59.999,2918861.12405,8924,609689.4,1367944.57884
2025-03-18 19:00:00,2.2523,2.277,2.2505,2.2697,1391716.2,2025-03-18 19:59:59.999,3149656.04642,9182,728482.1,1649056.07984
2025-03-18 20:00:00,2.2696,2.2785,2.252,2.2706,1577843.4,2025-03-18 20:59:59.999,3572052.82899,7649,946123.2,2142183.22233
2025-03-18 21:00:00,2.2701,2.2773,2.257,2.2639,848594.9,2025-03-18 21:59:59.999,1923388.00553,5148,390148.7,883863.42873
2025-03-18 22:00:00,2.2637,2.2852,2.2598,2.2776,1551530.9,2025-03-18 22:59:59.999,3522904.33067,8165,633798.1,1438968.51268
2025-03-18 23:00:00,2.2778,2.2974,2.2778,2.2847,1637756.3,2025-03-18 23:59:59.999,3748611.7518,8427,840599.7,1924283.49149
2025-03-19 00:00:00,2.2848,2.3246,2.2802,2.3152,2336037.1,2025-03-19 00:59:59.999,5387636.74666,13548,1264281.4,2915685.84557
2025-03-19 01:00:00,2.3152,2.3185,2.2809,2.2818,1246083.8,2025-03-19 01:59:59.999,2861273.32039,8571,552200.5,1267754.36202
2025-03-19 02:00:00,2.2819,2.3059,2.2771,2.3058,785663.6,2025-03-19 02:59:59.999,1800513.07542,6602,400841.8,918939.33343
2025-03-19 03:00:00,2.3057,2.33,2.3005,2.3279,1169767.8,2025-03-19 03:59:59.999,2708230.67385,8327,523823.7,1212480.06301
2025-03-19 04:00:00,2.3278,2.3377,2.3118,2.3244,2685787.1,2025-03-19 04:59:59.999,6243579.2531,11339,1554725.4,3615647.64419
2025-03-19 05:00:00,2.3241,2.332,2.3122,2.321,7025658.5,2025-03-19 05:59:59.999,16316811.35407,26762,3670337.6,8523321.89093
2025-03-19 06:00:00,2.3209,2.3275,2.3083,2.3112,4284677.6,2025-03-19 06:59:59.999,9935135.61963,16461,2525185.7,5855074.69378
2025-03-19 07:00:00,2.3113,2.3254,2.3047,2.3073,967313.0,2025-03-19 07:59:59.999,2236611.92777,7634,448645.7,1037359.83295
2025-03-19 08:00:00,2.3074,2.326,2.3069,2.3188,933823.7,2025-03-19 08:59:59.999,2166773.70185,6327,527010.1,1223173.43211
2025-03-19 09:00:00,2.3187,2.3278,2.3096,2.3178,611427.4,2025-03-19 09:59:59.999,1417446.89051,5962,252032.8,584396.22303
2025-03-19 10:00:00,2.3177,2.354,2.3161,2.3335,1647104.2,2025-03-19 10:59:59.999,3850652.73835,12852,893732.8,2089075.85743
2025-03-19 11:00:00,2.3333,2.3766,2.326,2.3583,2816648.2,2025-03-19 11:59:59.999,6638890.11822,18550,1507843.3,3551784.32915
2025-03-19 12:00:00,2.358,2.364,2.3355,2.3505,1630348.1,2025-03-19 12:59:59.999,3825746.25289,11750,894431.2,2099182.4087
2025-03-19 13:00:00,2.3505,2.3983,2.3434,2.3846,6408077.3,2025-03-19 13:59:59.999,15212470.4065,45354,3447108.6,8182133.13556
2025-03-19 14:00:00,2.3845,2.4414,2.3845,2.4005,5864688.0,2025-03-19 14:59:59.999,14147021.79369,36356,3202215.5,7724645.19383
2025-03-19 15:00:00,2.4004,2.4301,2.3967,2.42,2774397.3,2025-03-19 15:59:59.999,6695753.50385,18563,1415855.2,3417580.02847
2025-03-19 16:00:00,2.4199,2.4249,2.3856,2.3997,1636424.0,2025-03-19 16:59:59.999,3928838.10548,13333,732574.6,1759119.66758
2025-03-19 17:00:00,2.3998,2.4033,2.3564,2.3786,2709177.5,2025-03-19 17:59:59.999,6427971.41523,18463,1324886.4,3144168.13717
2025-03-19 18:00:00,2.3785,2.4439,2.3432,2.4336,5638981.5,2025-03-19 18:59:59.999,13459779.38751,41446,2848548.2,6803146.51511
2025-03-19 19:00:00,2.4339,2.4767,2.4111,2.4263,4799281.7,2025-03-19 19:59:59.999,11718258.16254,35432,2424671.0,5922168.38482
2025-03-19 20:00:00,2.4265,2.4385,2.3871,2.3989,1162859.7,2025-03-19 20:59:59.999,2806716.57457,10235,658295.9,1588975.226
2025-03-19 21:00:00,2.3988,2.4138,2.3898,2.4098,814454.4,2025-03-19 21:59:59.999,1956613.3297,7672,479158.0,1151159.1915
2025-03-19 22:00:00,2.4099,2.4717,2.4099,2.47,3490437.3,2025-03-19 22:59:59.999,8520537.98397,20330,2263754.4,5523332.19805
2025-03-19 23:00:00,2.4699,2.4867,2.4503,2.4745,2465323.0,2025-03-19 23:59:59.999,6099258.30586,17496,1448902.8,3584670.73349
2025-03-20 00:00:00,2.4744,2.4991,2.4292,2.4305,3070568.1,2025-03-20 00:59:59.999,7592962.00935,22115,1639009.3,4054709.70942
2025-03-20 01:00:00,2.4308,2.44,2.404,2.4065,2112540.8,2025-03-20 01:59:59.999,5111806.95658,14824,832429.5,2014543.51996
2025-03-20 02:00:00,2.4063,2.4216,2.3977,2.4208,1207941.9,2025-03-20 02:59:59.999,2910029.80423,12877,764340.9,1841354.58721
2025-03-20 03:00:00,2.4208,2.4294,2.4102,2.4162,803913.4,2025-03-20 03:59:59.999,1945255.60009,6245,368879.7,892652.26308
2025-03-20 04:00:00,2.4161,2.4194,2.4038,2.4065,914310.7,2025-03-20 04:59:59.999,2203686.07411,7302,409326.6,986642.74417
2025-03-20 05:00:00,2.4066,2.4239,2.3968,2.4206,793544.0,2025-03-20 05:59:59.999,1911056.65306,6937,439222.3,1057966.56528
2025-03-20 06:00:00,2.4206,2.4416,2.4151,2.4394,1023817.6,2025-03-20 06:59:59.999,2485989.3447,8552,543470.8,1320124.86877
2025-03-20 07:00:00,2.4392,2.4392,2.418,2.4254,874937.1,2025-03-20 07:59:59.999,2123702.96047,6974,522476.9,1268344.83556
2025-03-20 08:00:00,2.4252,2.5014,2.4201,2.4771,4173402.2,2025-03-20 08:59:59.999,10319102.79765,25644,2428495.2,6008663.90317
2025-03-20 09:00:00,2.4769,2.4859,2.4634,2.4741,1330460.7,2025-03-20 09:59:59.999,3292602.95756,10370,638122.3,1579502.42982
2025-03-20 10:00:00,2.4742,2.4824,2.4168,2.43,2818425.8,2025-03-20 10:59:59.999,6876545.10469,24676,1261219.8,3075470.58151
2025-03-20 11:00:00,2.4301,2.4649,2.43,2.4386,1285962.7,2025-03-20 11:59:59.999,3150484.89177,12304,663429.3,1625087.16453
2025-03-20 12:00:00,2.4385,2.4459,2.4246,2.4432,1020923.6,2025-03-20 12:59:59.999,2484445.19361,9667,503552.5,1225623.09157
2025-03-20 13:00:00,2.443,2.4756,2.432,2.4599,2612490.9,2025-03-20 13:59:59.999,6401924.03669,18460,1384838.8,3392724.63322
2025-03-20 14:00:00,2.4595,2.49,2.4545,2.4792,3859921.2,2025-03-20 14:59:59.999,9550726.49039,25985,2265080.4,5606113.34365
2025-03-20 15:00:00,2.4792,2.4825,2.3936,2.3947,5514623.4,2025-03-20 15:59:59.999,13371425.47054,37800,3049435.7,7392591.28703
2025-03-20 16:00:00,2.3946,2.4141,2.3499,2.3595,3540392.6,2025-03-20 16:59:59.999,8404354.43855,26618,1565870.9,3716162.72191
2025-03-20 17:00:00,2.3594,2.397,2.3548,2.388,2013247.4,2025-03-20 17:59:59.999,4789722.01811,15833,1063299.4,2529576.72523
2025-03-20 18:00:00,2.3879,2.4169,2.3826,2.3962,1284444.2,2025-03-20 18:59:59.999,3084548.07642,11303,683083.6,1640166.83593
2025-03-20 19:00:00,2.3962,2.402,2.3779,2.3812,1019402.6,2025-03-20 19:59:59.999,2433869.84339,7966,479023.0,1143529.49462
2025-03-20 20:00:00,2.3813,2.3885,2.3758,2.3813,590589.3,2025-03-20 20:59:59.999,1407340.56065,4998,314683.3,749882.28032
2025-03-20 21:00:00,2.3814,2.3868,2.3652,2.3683,756538.9,2025-03-20 21:59:59.999,1795597.31509,10278,394811.2,936974.78669
2025-03-20 22:00:00,2.3681,2.378,2.3561,2.3603,896739.1,2025-03-20 22:59:59.999,2119647.11216,7858,439447.8,1038827.01848
2025-03-20 23:00:00,2.3604,2.3614,2.3431,2.3571,1101197.9,2025-03-20 23:59:59.999,2590462.43616,8925,528330.2,1243024.43374
2025-03-21 00:00:00,2.3567,2.3694,2.3503,2.3545,1132074.6,2025-03-21 00:59:59.999,2674413.07875,8201,611700.5,1444940.65889
2025-03-21 01:00:00,2.3544,2.3677,2.3407,2.3608,1698369.2,2025-03-21 01:59:59.999,3998654.10176,11283,871486.1,2051384.34326
2025-03-21 02:00:00,2.3612,2.3689,2.3498,2.3547,1176126.7,2025-03-21 02:59:59.999,2774954.78026,6603,650874.8,1535083.51218
2025-03-21 03:00:00,2.3547,2.3551,2.3121,2.3133,1701136.3,2025-03-21 03:59:59.999,3956588.01002,11346,624080.6,1451873.22974
2025-03-21 04:00:00,2.3133,2.3363,2.3132,2.3288,1998915.4,2025-03-21 04:59:59.999,4652288.81691,9824,835260.9,1942511.81234
2025-03-21 05:00:00,2.3289,2.3306,2.3033,2.3124,1162433.5,2025-03-21 05:59:59.999,2686874.89901,7385,443828.4,1026350.21883
2025-03-21 06:00:00,2.3124,2.3124,2.2938,2.3035,1193141.4,2025-03-21 06:59:59.999,2746556.45726,8988,519713.9,1196504.18817
2025-03-21 07:00:00,2.3033,2.3056,2.2806,2.2958,1631608.1,2025-03-21 07:59:59.999,3744126.2124,11058,642499.8,1474425.85164
2025-03-21 08:00:00,2.2957,2.3055,2.2718,2.2815,1674928.3,2025-03-21 08:59:59.999,3829312.65357,11384,855478.1,1956150.35335
2025-03-21 09:00:00,2.2814,2.3009,2.2717,2.2899,1232361.2,2025-03-21 09:59:59.999,2821717.9575,8751,666529.6,1526164.57172
2025-03-21 10:00:00,2.2899,2.2956,2.256,2.26,5993418.8,2025-03-21 10:59:59.999,13588394.11684,21232,3680184.7,8341521.63191
2025-03-21 11:00:00,2.2604,2.2612,2.2419,2.2567,2960380.9,2025-03-21 11:59:59.999,6661315.42227,16862,1620722.2,3646687.73171
2025-03-21 12:00:00,2.2568,2.2748,2.2459,2.25,2467854.4,2025-03-21 12:59:59.999,5578055.94734,16159,1360745.7,3075839.38906
2025-03-21 13:00:00,2.25,2.2743,2.2419,2.2685,2740071.5,2025-03-21 13:59:59.999,6181248.91651,15741,1531328.0,3453285.97869
2025-03-21 14:00:00,2.2687,2.2762,2.2484,2.2695,2356470.1,2025-03-21 14:59:59.999,5333729.35949,14193,1144167.3,2590029.88184
2025-03-21 15:00:00,2.2696,2.2729,2.247,2.2508,1975618.5,2025-03-21 15:59:59.999,4458497.73673,10947,977744.1,2206489.82587
2025-03-21 16:00:00,2.2509,2.273,2.2458,2.2708,1766751.7,2025-03-21 16:59:59.999,3989467.63944,11154,922286.0,2082935.77826
2025-03-21 17:00:00,2.2709,2.2829,2.264,2.2776,1007236.1,2025-03-21 17:59:59.999,2290885.79068,7092,410041.2,932638.37226
2025-03-21 18:00:00,2.2777,2.2941,2.2642,2.2719,3017757.7,2025-03-21 18:59:59.999,6884857.30933,16577,1398540.8,3188400.63715
2025-03-21 19:00:00,2.2721,2.2816,2.2662,2.2735,667407.7,2025-03-21 19:59:59.999,1517253.02599,5604,299519.6,680826.04927
2025-03-21 20:00:00,2.2736,2.2925,2.2711,2.2905,813643.9,2025-03-21 20:59:59.999,1856708.61174,5885,514949.3,1175600.4038
2025-03-21 21:00:00,2.2904,2.3005,2.2755,2.2813,1439045.6,2025-03-21 21:59:59.999,3294608.96171,8472,649764.7,1489024.49649
2025-03-21 22:00:00,2.2813,2.2838,2.2325,2.2447,2433698.6,2025-03-21 22:59:59.999,5477681.8576,14977,1193556.9,2687066.71548
2025-03-21 23:00:00,2.2445,2.2567,2.233,2.2527,1000939.5,2025-03-21 23:59:59.999,2246562.10325,7468,524057.2,1176649.90456
2025-03-22 00:00:00,2.2525,2.2607,2.2429,2.2595,1089752.3,2025-03-22 00:59:59.999,2454458.07526,8426,473046.2,1065501.81838
2025-03-22 01:00:00,2.2594,2.2704,2.2369,2.2373,1357285.2,2025-03-22 01:59:59.999,3060108.32631,9493,755274.7,1703369.22526
2025-03-22 02:00:00,2.2373,2.2533,2.2331,2.2465,620851.9,2025-03-22 02:59:59.999,1393217.11003,5493,347519.5,779638.71227
2025-03-22 03:00:00,2.2464,2.2611,2.2397,2.2528,575762.9,2025-03-22 03:59:59.999,1295933.85108,5918,302773.9,681545.96508
2025-03-22 04:00:00,2.2527,2.2626,2.2467,2.2617,585357.6,2025-03-22 04:59:59.999,1321226.8188,5020,260743.7,588485.98801
2025-03-22 05:00:00,2.2619,2.2679,2.2553,2.2644,644837.3,2025-03-22 05:59:59.999,1458803.13458,5157,271517.2,614226.03985
2025-03-22 06:00:00,2.2643,2.2732,2.2576,2.2624,783659.0,2025-03-22 06:59:59.999,1775966.64919,6046,404610.0,917162.50065
2025-03-22 07:00:00,2.2622,2.2732,2.2566,2.2592,790644.0,2025-03-22 07:59:59.999,1791040.27353,6524,423751.3,960390.19583
2025-03-22 08:00:00,2.2592,2.2667,2.2548,2.2629,699113.9,2025-03-22 08:59:59.999,1579908.13607,5609,344788.6,779222.10242
2025-03-22 09:00:00,2.2629,2.3089,2.2629,2.2792,2727277.6,2025-03-22 09:59:59.999,6232301.62671,13848,1731259.3,3957940.051
2025-03-22 10:00:00,2.2793,2.3072,2.2716,2.2961,1432487.7,2025-03-22 10:59:59.999,3277256.7002,9366,715590.9,1637832.26501
2025-03-22 11:00:00,2.2962,2.2995,2.2769,2.2825,980763.3,2025-03-22 11:59:59.999,2241590.86625,6679,486331.4,1111702.81382
2025-03-22 12:00:00,2.2826,2.2913,2.2759,2.2856,477451.2,2025-03-22 12:59:59.999,1089932.42709,5026,227242.3,518848.87641
2025-03-22 13:00:00,2.2856,2.2969,2.2776,2.289,1030588.3,2025-03-22 13:59:59.999,2358988.25184,6347,630340.3,1442977.64225
2025-03-22 14:00:00,2.289,2.2898,2.261,2.2641,924967.2,2025-03-22 14:59:59.999,2099620.44106,6559,466826.4,1059815.80571
2025-03-22 15:00:00,2.264,2.2985,2.2625,2.2957,1589232.6,2025-03-22 15:59:59.999,3629377.87326,10358,734075.8,1675823.08127
2025-03-22 16:00:00,2.2957,2.3019,2.2871,2.2916,833208.1,2025-03-22 16:59:59.999,1912255.54662,7930,350674.8,805026.49499
2025-03-22 17:00:00,2.2917,2.296,2.2851,2.2902,593983.0,2025-03-22 17:59:59.999,1360170.26766,5205,289374.2,662764.22145
2025-03-22 18:00:00,2.2901,2.3029,2.2899,2.2977,578989.2,2025-03-22 18:59:59.999,1329927.28211,4435,273906.6,629236.68784
2025-03-22 19:00:00,2.2978,2.2996,2.2851,2.2913,657103.9,2025-03-22 19:59:59.999,1505574.35029,5289,313508.3,718133.85996
2025-03-22 20:00:00,2.2912,2.298,2.2764,2.2776,1231422.3,2025-03-22 20:59:59.999,2818807.43407,8326,528061.7,1208795.9915
2025-03-22 21:00:00,2.2777,2.2823,2.2683,2.2728,876378.9,2025-03-22 21:59:59.999,1992482.32441,7532,485895.4,1104525.82091
2025-03-22 22:00:00,2.2726,2.2829,2.2642,2.2651,423049.2,2025-03-22 22:59:59.999,962089.91124,4275,191872.8,436356.36348
2025-03-22 23:00:00,2.265,2.2653,2.2496,2.2638,1252772.3,2025-03-22 23:59:59.999,2827913.99537,8045,520288.4,1174427.85518
2025-03-23 00:00:00,2.2638,2.2782,2.2586,2.262,1211542.9,2025-03-23 00:59:59.999,2746240.84238,8545,432986.1,981375.08835
2025-03-23 01:00:00,2.2618,2.2711,2.2548,2.2684,565448.9,2025-03-23 01:59:59.999,1280056.90155,5320,306829.4,694969.83936
2025-03-23 02:00:00,2.2683,2.2722,2.2573,2.2604,2046805.2,2025-03-23 02:59:59.999,4638698.3263,7478,1171545.3,2657005.82596
2025-03-23 03:00:00,2.2604,2.2777,2.2556,2.2777,1310664.3,2025-03-23 03:59:59.999,2970083.85596,6855,942355.8,2135318.26411
2025-03-23 04:00:00,2.2778,2.2798,2.2542,2.2577,636508.8,2025-03-23 04:59:59.999,1441113.40726,5188,301862.3,683357.17451
2025-03-23 05:00:00,2.2576,2.2609,2.2421,2.2558,993304.8,2025-03-23 05:59:59.999,2235052.64171,7468,397226.4,894005.24442
2025-03-23 06:00:00,2.2559,2.2607,2.2458,2.259,680551.0,2025-03-23 06:59:59.999,1533847.35896,5109,364614.7,821928.22921
2025-03-23 07:00:00,2.2589,2.2751,2.2555,2.2651,810092.7,2025-03-23 07:59:59.999,1833909.11653,5441,384857.6,871350.47119
2025-03-23 08:00:00,2.265,2.2698,2.2606,2.2623,967014.3,2025-03-23 08:59:59.999,2191206.64802,6636,475279.7,1076931.76157
2025-03-23 09:00:00,2.2624,2.271,2.256,2.2672,1146225.0,2025-03-23 09:59:59.999,2594074.23546,8362,665658.5,1506402.27575
2025-03-23 10:00:00,2.2675,2.2873,2.2647,2.2796,1080361.7,2025-03-23 10:59:59.999,2459489.94612,7389,541535.6,1233319.37268
2025-03-23 11:00:00,2.2795,2.3006,2.2736,2.2796,1953065.0,2025-03-23 11:59:59.999,4473421.00381,12427,1009083.6,2312025.11388
2025-03-23 12:00:00,2.2797,2.2849,2.2612,2.2686,841018.1,2025-03-23 12:59:59.999,1910449.98163,7809,399645.0,907920.48823
2025-03-23 13:00:00,2.2685,2.2869,2.2572,2.2862,1306741.1,2025-03-23 13:59:59.999,2969769.69468,8820,707762.7,1609373.81501
2025-03-23 14:00:00,2.2861,2.2931,2.2632,2.2639,1563578.1,2025-03-23 14:59:59.999,3558232.26637,9889,845475.9,1924946.98706
2025-03-23 15:00:00,2.264,2.2786,2.264,2.2776,668220.1,2025-03-23 15:59:59.999,1518541.74766,6592,353435.2,803100.71954
2025-03-23 16:00:00,2.2777,2.2818,2.2577,2.2591,1130895.6,2025-03-23 16:59:59.999,2564205.10151,10017,582308.4,1320073.0017
2025-03-23 17:00:00,2.2592,2.2704,2.2415,2.2542,1656468.1,2025-03-23 17:59:59.999,3732081.48596,10926,834605.2,1880724.81416
2025-03-23 18:00:00,2.2538,2.2594,2.2402,2.2542,726225.4,2025-03-23 18:59:59.999,1632740.21003,5716,368853.8,829069.86593
2025-03-23 19:00:00,2.2541,2.2631,2.2483,2.2572,422692.8,2025-03-23 19:59:59.999,953848.84387,3756,188106.4,424416.6966
2025-03-23 20:00:00,2.2572,2.2645,2.2434,2.2439,572265.4,2025-03-23 20:59:59.999,1289599.44003,4945,232273.4,523472.71751
2025-03-23 21:00:00,2.2438,2.2593,2.2358,2.2574,884531.7,2025-03-23 21:59:59.999,1985632.28263,5920,483521.5,1085646.95588
2025-03-23 22:00:00,2.2574,2.2756,2.2554,2.2674,1005896.0,2025-03-23 22:59:59.999,2280355.98048,6566,576122.4,1305926.68649
2025-03-23 23:00:00,2.2674,2.2937,2.2674,2.2925,1464113.9,2025-03-23 23:59:59.999,3338118.1922,8578,890366.5,2030332.18011
2025-03-24 00:00:00,2.2926,2.3188,2.2791,2.2894,3770993.3,2025-03-24 00:59:59.999,8667817.52252,18459,1401246.7,3222506.96286
2025-03-24 01:00:00,2.2894,2.2915,2.2604,2.264,1444332.0,2025-03-24 01:59:59.999,3285648.86316,11974,773885.0,1760338.81326
2025-03-24 02:00:00,2.2638,2.2848,2.2606,2.2821,683286.8,2025-03-24 02:59:59.999,1553800.22307,5583,347552.3,790131.49268
2025-03-24 03:00:00,2.282,2.3303,2.2819,2.3295,3068792.2,2025-03-24 03:59:59.999,7108553.53614,20627,1441253.8,3338223.16904
2025-03-24 04:00:00,2.3295,2.3752,2.3223,2.3726,4550769.5,2025-03-24 04:59:59.999,10689315.32238,23382,1940667.3,4558996.64997
2025-03-24 05:00:00,2.3726,2.3847,2.355,2.3581,3571728.9,2025-03-24 05:59:59.999,8451006.70653,21031,1689747.4,3997667.46762
2025-03-24 06:00:00,2.3582,2.3906,2.3582,2.3777,2851434.4,2025-03-24 06:59:59.999,6775976.28187,21887,1610904.1,3829226.33603
2025-03-24 07:00:00,2.3776,2.3861,2.3564,2.3653,3080909.8,2025-03-24 07:59:59.999,7296113.62553,19354,1575031.6,3730291.08868
2025-03-24 08:00:00,2.3652,2.3974,2.365,2.3889,1683312.0,2025-03-24 08:59:59.999,4012263.37601,11565,971225.4,2314462.32907
2025-03-24 09:00:00,2.3888,2.3957,2.3806,2.3884,1231003.0,2025-03-24 09:59:59.999,2937816.97716,8890,548214.9,1308438.88646
2025-03-24 10:00:00,2.3884,2.4188,2.387,2.4173,1946004.9,2025-03-24 10:59:59.999,4679000.07476,12988,1073327.6,2580320.92317
2025-03-24 11:00:00,2.4173,2.4205,2.3956,2.408,1987312.3,2025-03-24 11:59:59.999,4786667.48662,12885,964657.5,2323733.27323
2025-03-24 12:00:00,2.408,2.4102,2.3836,2.3872,1959171.2,2025-03-24 12:59:59.999,4694677.81874,14135,863076.4,2068686.33788
2025-03-24 13:00:00,2.3871,2.43,2.3743,2.4214,4021334.9,2025-03-24 13:59:59.999,9665598.3641,24115,2314900.5,5569638.91627
2025-03-24 14:00:00,2.4215,2.4508,2.4013,2.4041,3917914.7,2025-03-24 14:59:59.999,9508388.82674,28931,1986142.3,4823227.96231
2025-03-24 15:00:00,2.4041,2.4301,2.3917,2.4292,2110375.7,2025-03-24 15:59:59.999,5092981.40433,16951,1134845.5,2739484.91358
2025-03-24 16:00:00,2.4292,2.4387,2.4161,2.431,2037163.6,2025-03-24 16:59:59.999,4945231.75328,15209,911560.5,2212857.49073
2025-03-24 17:00:00,2.4306,2.4427,2.4243,2.4366,1643689.3,2025-03-24 17:59:59.999,4001587.84955,11241,845567.9,2059018.83761
2025-03-24 18:00:00,2.4367,2.4451,2.4223,2.4379,1602565.6,2025-03-24 18:59:59.999,3901518.07109,11464,839715.8,2044851.42054
2025-03-24 19:00:00,2.4381,2.4444,2.4288,2.4367,1606282.7,2025-03-24 19:59:59.999,3914560.28115,9887,837295.4,2041486.29037
2025-03-24 20:00:00,2.4365,2.4472,2.4139,2.4168,1357849.9,2025-03-24 20:59:59.999,3301703.84693,10158,641433.0,1560576.86325
2025-03-24 21:00:00,2.4168,2.425,2.4016,2.407,1702277.1,2025-03-24 21:59:59.999,4105958.23017,11117,840404.9,2027309.51212
2025-03-24 22:00:00,2.407,2.4145,2.3785,2.3851,1837643.4,2025-03-24 22:59:59.999,4398121.56341,12599,767948.5,1838534.32717
2025-03-24 23:00:00,2.3852,2.3981,2.3651,2.3975,2223251.8,2025-03-24 23:59:59.999,5289257.88846,12062,1298987.2,3090781.93384
2025-03-25 00:00:00,2.3975,2.4355,2.3867,2.4188,4525639.0,2025-03-25 00:59:59.999,10945110.77831,18716,1975582.1,4772855.80576
2025-03-25 01:00:00,2.4191,2.4214,2.3825,2.39,1314358.2,2025-03-25 01:59:59.999,3153351.35088,11318,574754.3,1378957.78042
2025-03-25 02:00:00,2.3899,2.3964,2.3783,2.3814,1052140.2,2025-03-25 02:59:59.999,2511512.05865,8242,571636.4,1365039.04288
2025-03-25 03:00:00,2.3813,2.388,2.3358,2.3429,3058931.9,2025-03-25 03:59:59.999,7210583.86769,19904,1009891.6,2379954.27665
2025-03-25 04:00:00,2.3429,2.3549,2.3344,2.3486,1014372.3,2025-03-25 04:59:59.999,2378691.78651,8406,535176.0,1255032.40879
2025-03-25 05:00:00,2.3485,2.3695,2.3449,2.3564,1515138.9,2025-03-25 05:59:59.999,3572513.76725,10620,805878.9,1900038.03471
2025-03-25 06:00:00,2.3565,2.369,2.3544,2.3615,1372372.6,2025-03-25 06:59:59.999,3240820.48558,9317,642368.0,1517061.03879
2025-03-25 07:00:00,2.3612,2.3716,2.3401,2.3418,1732273.9,2025-03-25 07:59:59.999,4080008.11338,10081,775199.4,1826185.18203
2025-03-25 08:00:00,2.3422,2.3678,2.3411,2.3651,1136968.5,2025-03-25 08:59:59.999,2681609.63236,7602,630678.1,1487482.17148
2025-03-25 09:00:00,2.3651,2.4174,2.3609,2.4046,3905379.9,2025-03-25 09:59:59.999,9342288.07269,17289,2236724.0,5347107.41064
2025-03-25 10:00:00,2.4046,2.4285,2.3941,2.4122,1917625.3,2025-03-25 10:59:59.999,4622536.67321,11807,1008744.4,2431376.39942
2025-03-25 11:00:00,2.4124,2.4234,2.402,2.4137,1699607.0,2025-03-25 11:59:59.999,4101833.28595,10701,817488.4,1972634.86378
2025-03-25 12:00:00,2.4136,2.4223,2.3999,2.4165,1907898.5,2025-03-25 12:59:59.999,4595525.93314,11626,843825.7,2032411.10798
2025-03-25 13:00:00,2.4163,2.4472,2.4035,2.4217,4233035.7,2025-03-25 13:59:59.999,10281013.69809,23135,2130875.0,5176559.8821
2025-03-25 14:00:00,2.4219,2.4608,2.4059,2.4596,3597083.7,2025-03-25 14:59:59.999,8748405.41648,19348,1774457.9,4318633.74674
2025-03-25 15:00:00,2.4597,2.4843,2.4523,2.4626,5398264.9,2025-03-25 15:59:59.999,13335048.6421,25846,2369707.3,5852892.80183
2025-03-25 16:00:00,2.4623,2.4794,2.4414,2.4568,3662390.3,2025-03-25 16:59:59.999,9016014.57268,18195,1619926.4,3987412.79085
2025-03-25 17:00:00,2.4571,2.4726,2.4474,2.4681,2226010.5,2025-03-25 17:59:59.999,5476921.83186,11773,940391.0,2314255.557
2025-03-25 18:00:00,2.468,2.4757,2.4457,2.4476,1202134.6,2025-03-25 18:59:59.999,2955991.68265,9438,633644.6,1558519.58157
2025-03-25 19:00:00,2.4478,2.4678,2.4478,2.4644,618353.6,2025-03-25 19:59:59.999,1519934.74454,5836,317821.6,781195.18134
2025-03-25 20:00:00,2.4642,2.4838,2.4509,2.4546,1517138.1,2025-03-25 20:59:59.999,3748523.19513,10125,764178.1,1888415.82712
2025-03-25 21:00:00,2.4545,2.4707,2.4437,2.4467,657168.9,2025-03-25 21:59:59.999,1614862.70197,5557,356994.9,877209.22442
2025-03-25 22:00:00,2.4467,2.4549,2.4305,2.4521,1001625.1,2025-03-25 22:59:59.999,2446509.19357,7699,440650.2,1076454.14787
2025-03-25 23:00:00,2.452,2.4603,2.4376,2.4574,659176.6,2025-03-25 23:59:59.999,1614196.68062,5255,316727.6,775502.66405
2025-03-26 00:00:00,2.4575,2.4968,2.4459,2.4801,2790982.8,2025-03-26 00:59:59.999,6912967.64618,14153,1599847.6,3963545.00465
2025-03-26 01:00:00,2.48,2.4938,2.4766,2.4835,1616980.5,2025-03-26 01:59:59.999,4020507.08644,8626,631293.8,1569257.01418
2025-03-26 02:00:00,2.4833,2.4867,2.4483,2.4528,1686467.9,2025-03-26 02:59:59.999,4164791.00179,10189,698175.6,1724053.55718
2025-03-26 03:00:00,2.4528,2.4652,2.4391,2.4487,1114101.5,2025-03-26 03:59:59.999,2730805.84056,7050,464504.7,1139290.14835
2025-03-26 04:00:00,2.4484,2.4971,2.4448,2.4946,1751442.1,2025-03-26 04:59:59.999,4336069.45072,11184,807697.6,1997864.3516
2025-03-26 05:00:00,2.4947,2.5164,2.4746,2.5079,1760396.1,2025-03-26 05:59:59.999,4394201.54105,13278,985096.7,2459282.35334
2025-03-26 06:00:00,2.5079,2.5318,2.4973,2.5262,1411423.8,2025-03-26 06:59:59.999,3548354.9205,10262,812800.6,2044190.42633
2025-03-26 07:00:00,2.5262,2.5567,2.516,2.5541,3192400.7,2025-03-26 07:59:59.999,8114280.95239,16893,1697468.8,4314388.43967
2025-03-26 08:00:00,2.554,2.5683,2.5417,2.5467,2653674.0,2025-03-26 08:59:59.999,6776217.85767,15122,1187838.3,3033926.92639
2025-03-26 09:00:00,2.5468,2.5653,2.5412,2.5525,1364955.5,2025-03-26 09:59:59.999,3486383.53832,9599,707487.2,1807333.288
2025-03-26 10:00:00,2.5524,2.6247,2.5515,2.6107,3876750.9,2025-03-26 10:59:59.999,10059723.51069,23282,2188156.8,5674045.20361
2025-03-26 11:00:00,2.6107,2.6365,2.5992,2.617,4415399.2,2025-03-26 11:59:59.999,11551305.51445,22094,2297882.7,6010327.51338
2025-03-26 12:00:00,2.6171,2.63,2.5817,2.6162,4988223.1,2025-03-26 12:59:59.999,12980022.83684,25361,2766318.1,7195908.88825
2025-03-26 13:00:00,2.6161,2.6525,2.5701,2.5776,6670627.8,2025-03-26 13:59:59.999,17452399.21821,41055,3310342.6,8665231.60034
2025-03-26 14:00:00,2.5773,2.613,2.5477,2.5826,7731030.7,2025-03-26 14:59:59.999,19901038.05347,41014,3573389.7,9202368.17779
2025-03-26 15:00:00,2.5824,2.5986,2.5524,2.5629,3424667.6,2025-03-26 15:59:59.999,8821717.60991,21730,1788577.1,4607915.06821
2025-03-26 16:00:00,2.5624,2.6132,2.5507,2.5937,3678075.8,2025-03-26 16:59:59.999,9512648.81936,21232,2095649.4,5420589.39995
2025-03-26 17:00:00,2.5937,2.5988,2.5581,2.5707,2667357.7,2025-03-26 17:59:59.999,6862534.55454,16963,1481813.7,3812010.08284
2025-03-26 18:00:00,2.5707,2.5886,2.5323,2.5344,2617948.6,2025-03-26 18:59:59.999,6710348.57888,15142,1140310.8,2922926.86881
2025-03-26 19:00:00,2.5345,2.5865,2.5157,2.5808,3275660.4,2025-03-26 19:59:59.999,8341387.11813,21696,1437030.8,3662756.454
2025-03-26 20:00:00,2.5807,2.6442,2.5718,2.6109,4126452.5,2025-03-26 20:59:59.999,10768836.1719,25888,2374674.0,6195843.45478
2025-03-26 21:00:00,2.6107,2.6527,2.5736,2.6349,4779844.3,2025-03-26 21:59:59.999,12504462.62582,33535,2532725.5,6626012.94843
2025-03-26 22:00:00,2.6348,2.6414,2.5927,2.6366,3260453.6,2025-03-26 22:59:59.999,8543299.48769,27077,1982785.5,5195595.7669
2025-03-26 23:00:00,2.6367,2.6383,2.6017,2.6198,2800201.3,2025-03-26 23:59:59.999,7326650.35701,21174,1472647.3,3852447.96768
2025-03-27 00:00:00,2.6196,2.6696,2.6069,2.6607,3141515.9,2025-03-27 00:59:59.999,8291103.03762,31338,1722961.0,4546219.86836
2025-03-27 01:00:00,2.6607,2.6982,2.6468,2.6638,4110379.0,2025-03-27 01:59:59.999,10986092.13324,36884,1941274.6,5186255.17831
2025-03-27 02:00:00,2.6643,2.6898,2.6583,2.6615,2137334.6,2025-03-27 02:59:59.999,5712659.58271,19833,1179818.0,3152694.36056
2025-03-27 03:00:00,2.6613,2.6677,2.64,2.6677,2023253.1,2025-03-27 03:59:59.999,5370733.86934,15014,1016511.9,2698286.05006
2025-03-27 04:00:00,2.6678,2.6919,2.6503,2.6821,1876876.9,2025-03-27 04:59:59.999,5013569.41281,15171,603559.6,1612000.51683
2025-03-27 05:00:00,2.6821,2.6949,2.6616,2.6635,1484270.6,2025-03-27 05:59:59.999,3974552.37811,12721,679249.9,1819911.06925
2025-03-27 06:00:00,2.6634,2.7077,2.6577,2.7013,1496525.9,2025-03-27 06:59:59.999,4014983.15987,13153,812205.8,2179794.22133
2025-03-27 07:00:00,2.7013,2.77,2.6842,2.7474,5256552.9,2025-03-27 07:59:59.999,14366916.63246,43820,2720885.1,7438368.86482
2025-03-27 08:00:00,2.7472,2.825,2.73,2.78,9767804.6,2025-03-27 08:59:59.999,27195593.54231,61510,4422277.0,12299647.73359
2025-03-27 09:00:00,2.7801,2.7898,2.7457,2.7784,4481227.2,2025-03-27 09:59:59.999,12401119.19219,32281,2141616.3,5926151.0321
2025-03-27 10:00:00,2.7784,2.788,2.7303,2.7363,3872299.8,2025-03-27 10:59:59.999,10659442.75826,30406,1882366.2,5179890.95556
2025-03-27 11:00:00,2.7363,2.754,2.7091,2.724,6131484.9,2025-03-27 11:59:59.999,16714277.79453,34800,3289747.2,8966834.7316
2025-03-27 12:00:00,2.724,2.7424,2.7013,2.7141,5122760.8,2025-03-27 12:59:59.999,13922700.23021,31449,2761792.2,7504678.69127
2025-03-27 13:00:00,2.714,2.7297,2.662,2.7272,7951704.1,2025-03-27 13:59:59.999,21396083.26321,64889,3983765.2,10713383.82929
2025-03-27 14:00:00,2.7271,2.763,2.7041,2.7566,4959291.0,2025-03-27 14:59:59.999,13567253.97769,36591,2609521.3,7139460.94345
2025-03-27 15:00:00,2.7567,2.758,2.7034,2.7377,6999137.5,2025-03-27 15:59:59.999,19144263.2148,33674,2556980.3,6987823.04467
2025-03-27 16:00:00,2.7377,2.7693,2.722,2.7473,6191506.8,2025-03-27 16:59:59.999,17037417.0741,32532,2433298.7,6692025.64132
2025-03-27 17:00:00,2.7474,2.7996,2.7433,2.7653,4015390.0,2025-03-27 17:59:59.999,11131230.91763,30281,2100180.1,5824064.97858
2025-03-27 18:00:00,2.7653,2.8025,2.7589,2.7817,2150712.0,2025-03-27 18:59:59.999,5986339.84106,14615,1158008.5,3223690.73196
2025-03-27 19:00:00,2.7816,2.7844,2.7541,2.7665,1714645.4,2025-03-27 19:59:59.999,4746477.48286,12771,936216.8,2591525.5884
2025-03-27 20:00:00,2.7668,2.801,2.76,2.7857,2307876.8,2025-03-27 20:59:59.999,6412660.25898,11862,1153260.0,3208255.41611
2025-03-27 21:00:00,2.7856,2.8199,2.7697,2.8114,1945934.8,2025-03-27 21:59:59.999,5437634.45579,17926,1037923.6,2899883.29239
2025-03-27 22:00:00,2.8109,2.8309,2.8,2.8098,2521463.8,2025-03-27 22:59:59.999,7095228.3437,15541,1300217.5,3657903.30389
2025-03-27 23:00:00,2.81,2.8114,2.7788,2.7811,1800395.0,2025-03-27 23:59:59.999,5028265.53914,11212,881950.7,2463858.68694
2025-03-28 00:00:00,2.7808,2.799,2.7555,2.7923,3306369.7,2025-03-28 00:59:59.999,9163190.09276,18464,1434016.9,3978280.73302
2025-03-28 01:00:00,2.7923,2.7924,2.7579,2.7607,1575639.0,2025-03-28 01:59:59.999,4372780.0343,12031,865450.4,2401512.46679
2025-03-28 02:00:00,2.7608,2.7737,2.7507,2.7679,1065058.6,2025-03-28 02:59:59.999,2942666.25041,9832,516976.4,1428521.58787
2025-03-28 03:00:00,2.7679,2.7689,2.7336,2.7536,1705382.9,2025-03-28 03:59:59.999,4688172.96351,13657,746165.0,2051733.32052
2025-03-28 04:00:00,2.7538,2.766,2.6858,2.71,4605531.1,2025-03-28 04:59:59.999,12502532.18343,31627,2282861.0,6196046.91391
2025-03-28 05:00:00,2.71,2.71,2.6514,2.6526,3370843.3,2025-03-28 05:59:59.999,9033823.82392,23724,1559849.8,4182770.57168
2025-03-28 06:00:00,2.6523,2.6952,2.629,2.6365,6766988.0,2025-03-28 06:59:59.999,17987413.57546,41636,3443186.3,9154735.53989
2025-03-28 07:00:00,2.6365,2.647,2.5769,2.584,4468857.2,2025-03-28 07:59:59.999,11655506.27502,32169,1585071.7,4135280.17281
2025-03-28 08:00:00,2.5839,2.614,2.5679,2.6031,3767720.0,2025-03-28 08:59:59.999,9771269.93518,24803,1797936.5,4666312.65103
2025-03-28 09:00:00,2.603,2.6052,2.5547,2.5638,4383467.2,2025-03-28 09:59:59.999,11278396.83079,28282,1924182.9,4953882.37199
2025-03-28 10:00:00,2.5638,2.5734,2.5334,2.5381,3505412.7,2025-03-28 10:59:59.999,8958263.97131,19440,1218124.4,3113206.09284
2025-03-28 11:00:00,2.5382,2.5712,2.5179,2.5537,5592749.1,2025-03-28 11:59:59.999,14191303.17568,30239,3085301.1,7827115.57915
2025-03-28 12:00:00,2.5538,2.5691,2.5161,2.5213,5831907.5,2025-03-28 12:59:59.999,14789136.37591,30897,3071003.0,7786226.10557
2025-03-28 13:00:00,2.5214,2.5575,2.5193,2.5412,3449616.4,2025-03-28 13:59:59.999,8771083.07439,24199,1937945.8,4926603.04675
2025-03-28 14:00:00,2.5414,2.5456,2.5228,2.5398,4358739.9,2025-03-28 14:59:59.999,11036890.42438,24805,2003776.7,5075189.0046
2025-03-28 15:00:00,2.5399,2.5679,2.5347,2.5517,3891420.7,2025-03-28 15:59:59.999,9935637.06841,18189,2053604.2,5245913.42338
2025-03-28 16:00:00,2.5519,2.5732,2.5171,2.531,2557906.0,2025-03-28 16:59:59.999,6497594.9642,14523,1287951.7,3273596.0277
2025-03-28 17:00:00,2.5304,2.5312,2.5025,2.5244,2413055.7,2025-03-28 17:59:59.999,6070146.26683,14738,1126292.6,2833686.83723
2025-03-28 18:00:00,2.5244,2.5428,2.514,2.525,1903284.1,2025-03-28 18:59:59.999,4809735.28482,9487,953298.3,2409684.28178
2025-03-28 19:00:00,2.5246,2.5274,2.483,2.4954,1854775.2,2025-03-28 19:59:59.999,4634801.91259,10586,713759.9,1784598.56376
2025-03-28 20:00:00,2.4955,2.5244,2.4825,2.4863,2253408.3,2025-03-28 20:59:59.999,5648640.77501,14080,1104068.0,2765833.46256
2025-03-28 21:00:00,2.4863,2.5,2.4698,2.4915,2123591.0,2025-03-28 21:59:59.999,5272895.31888,11156,1069502.1,2655437.81934
2025-03-28 22:00:00,2.4913,2.5276,2.4911,2.5199,2067578.6,2025-03-28 22:59:59.999,5188653.55106,14817,1010333.3,2535848.90592
2025-03-28 23:00:00,2.5198,2.5199,2.4871,2.5058,1437746.5,2025-03-28 23:59:59.999,3594677.53614,10290,755081.2,1887774.40582
2025-03-29 00:00:00,2.5058,2.5287,2.4996,2.5128,1949601.2,2025-03-29 00:59:59.999,4909149.98271,12097,1024300.5,2580041.48669
2025-03-29 01:00:00,2.513,2.5225,2.4827,2.4968,2579871.5,2025-03-29 01:59:59.999,6450650.75566,13712,868049.6,2172603.23519
2025-03-29 02:00:00,2.4967,2.5064,2.4555,2.4713,2337155.8,2025-03-29 02:59:59.999,5791001.89449,16140,1048407.3,2597406.79008
2025-03-29 03:00:00,2.4714,2.5299,2.4702,2.5267,2790716.5,2025-03-29 03:59:59.999,6975770.74181,19177,1437066.1,3592524.24616
2025-03-29 04:00:00,2.5266,2.5458,2.5171,2.5255,1775992.7,2025-03-29 04:59:59.999,4489641.35384,11414,918917.3,2322387.34905
2025-03-29 05:00:00,2.5254,2.5283,2.4908,2.4962,1232491.3,2025-03-29 05:59:59.999,3084522.74248,9247,558074.9,1397434.33755
2025-03-29 06:00:00,2.4963,2.4987,2.4627,2.4747,2029872.7,2025-03-29 06:59:59.999,5032865.84091,14020,1210791.9,3001976.22744
2025-03-29 07:00:00,2.4749,2.4786,2.4317,2.4361,2496010.2,2025-03-29 07:59:59.999,6115481.10797,17501,1223390.5,2996914.18626
2025-03-29 08:00:00,2.4362,2.4632,2.4315,2.4476,1101017.6,2025-03-29 08:59:59.999,2695216.22339,10910,525659.7,1286711.50681
2025-03-29 09:00:00,2.4471,2.4492,2.3818,2.399,3877099.0,2025-03-29 09:59:59.999,9333535.75753,25248,1571196.4,3781797.02363
2025-03-29 10:00:00,2.3993,2.4013,2.3577,2.3662,2762947.2,2025-03-29 10:59:59.999,6566750.11942,17782,1028306.4,2446670.86244
2025-03-29 11:00:00,2.3659,2.3741,2.2796,2.3076,8626778.0,2025-03-29 11:59:59.999,19958925.49781,42446,4402694.8,10172870.01685
2025-03-29 12:00:00,2.3076,2.32,2.2918,2.296,3871985.0,2025-03-29 12:59:59.999,8931705.88558,27850,2220271.8,5124524.49878
2025-03-29 13:00:00,2.296,2.3453,2.2933,2.3453,4290027.6,2025-03-29 13:59:59.999,9941472.48238,33196,2311440.8,5357053.98061
2025-03-29 14:00:00,2.3453,2.3453,2.287,2.2989,2628032.6,2025-03-29 14:59:59.999,6072319.58736,18334,1302431.2,3009643.45088
2025-03-29 15:00:00,2.2991,2.321,2.2904,2.2947,1675727.8,2025-03-29 15:59:59.999,3864526.04464,12418,773793.3,1785261.18784
2025-03-29 16:00:00,2.2948,2.3337,2.2924,2.3078,3671604.3,2025-03-29 16:59:59.999,8499301.22067,26056,2187933.1,5065273.58655
2025-03-29 17:00:00,2.3078,2.3107,2.2492,2.283,4967195.5,2025-03-29 17:59:59.999,11312337.5289,34437,2324725.0,5293668.34561
2025-03-29 18:00:00,2.2828,2.2967,2.271,2.2724,1300875.5,2025-03-29 18:59:59.999,2970364.92337,12438,674763.8,1540625.91443
2025-03-29 19:00:00,2.2727,2.2907,2.2628,2.289,1271037.6,2025-03-29 19:59:59.999,2892695.19668,9796,706704.2,1609282.77247
2025-03-29 20:00:00,2.2892,2.29,2.2596,2.2659,1349755.3,2025-03-29 20:59:59.999,3068715.42236,9937,699227.5,1589699.00861
2025-03-29 21:00:00,2.266,2.3031,2.2651,2.2955,868799.5,2025-03-29 21:59:59.999,1987006.03065,8693,433130.6,990962.01309
2025-03-29 22:00:00,2.2955,2.3015,2.275,2.2927,886969.4,2025-03-29 22:59:59.999,2028702.78742,8080,482381.8,1102945.5288
2025-03-29 23:00:00,2.2928,2.3179,2.286,2.3114,1101724.6,2025-03-29 23:59:59.999,2542099.7544,9205,521005.4,1201869.46542
2025-03-30 00:00:00,2.3114,2.3119,2.2804,2.2961,1594718.5,2025-03-30 00:59:59.999,3663845.31699,12063,789511.9,1813911.41444
2025-03-30 01:00:00,2.296,2.3254,2.2925,2.3037,1482109.8,2025-03-30 01:59:59.999,3423602.87203,13044,720052.4,1663001.28153
2025-03-30 02:00:00,2.3039,2.3771,2.2988,2.369,2873180.9,2025-03-30 02:59:59.999,6739410.29645,21214,1553919.3,3645293.85339
2025-03-30 03:00:00,2.3692,2.4355,2.366,2.3789,4753695.8,2025-03-30 03:59:59.999,11434013.21596,32409,2124500.8,5106393.54835
2025-03-30 04:00:00,2.3781,2.4406,2.3781,2.416,2434208.7,2025-03-30 04:59:59.999,5884559.86289,16910,1247070.5,3014381.4353
2025-03-30 05:00:00,2.4154,2.4556,2.4101,2.418,2778035.5,2025-03-30 05:59:59.999,6757392.48129,17178,1446050.3,3519309.78524
2025-03-30 06:00:00,2.418,2.4214,2.3778,2.4102,2045863.3,2025-03-30 06:59:59.999,4907334.61875,15728,1084395.9,2600839.2128
2025-03-30 07:00:00,2.4102,2.4164,2.3865,2.4004,983721.2,2025-03-30 07:59:59.999,2359892.95123,8307,472743.5,1134226.76974
2025-03-30 08:00:00,2.4002,2.4431,2.3997,2.4408,1357102.5,2025-03-30 08:59:59.999,3284241.82328,9836,757831.5,1833725.80344
2025-03-30 09:00:00,2.4408,2.4444,2.3885,2.3993,1970560.3,2025-03-30 09:59:59.999,4754209.70963,14354,692075.1,1671265.18193
2025-03-30 10:00:00,2.3993,2.4111,2.3701,2.3787,2186044.5,2025-03-30 10:59:59.999,5217889.46612,14585,901212.7,2151811.68369
2025-03-30 11:00:00,2.3785,2.3959,2.3577,2.3695,1407193.2,2025-03-30 11:59:59.999,3342266.35692,12305,671172.7,1594032.56978
2025-03-30 12:00:00,2.3696,2.3823,2.3578,2.3652,944390.4,2025-03-30 12:59:59.999,2237402.8671,8255,407420.0,965340.65749
2025-03-30 13:00:00,2.3652,2.3738,2.322,2.325,2786480.2,2025-03-30 13:59:59.999,6540281.34553,20088,1164078.3,2733183.85429
2025-03-30 14:00:00,2.3249,2.3565,2.3085,2.348,2330602.9,2025-03-30 14:59:59.999,5439392.68476,18032,1227138.1,2864853.16739
2025-03-30 15:00:00,2.3479,2.3761,2.3405,2.3691,1522808.1,2025-03-30 15:59:59.999,3595228.68162,11398,776321.6,1833115.96975
2025-03-30 16:00:00,2.3691,2.3774,2.3222,2.3336,2104517.7,2025-03-30 16:59:59.999,4937219.86067,16061,1082482.8,2539725.23564
2025-03-30 17:00:00,2.3336,2.3517,2.3144,2.3381,1572051.0,2025-03-30 17:59:59.999,3669005.44217,10143,825457.5,1928520.6352
2025-03-30 18:00:00,2.3384,2.3786,2.3382,2.3763,1773067.9,2025-03-30 18:59:59.999,4181912.90908,12856,1071090.2,2526204.20119
2025-03-30 19:00:00,2.3765,2.388,2.3579,2.361,1636393.9,2025-03-30 19:59:59.999,3881230.3794,13823,764726.8,1813870.14912
2025-03-30 20:00:00,2.3611,2.3627,2.3371,2.3467,1309514.6,2025-03-30 20:59:59.999,3076763.65819,10962,686126.1,1611876.99354
2025-03-30 21:00:00,2.3468,2.3674,2.3251,2.3329,891027.8,2025-03-30 21:59:59.999,2090097.65079,7927,482457.6,1131932.10616
2025-03-30 22:00:00,2.3328,2.3862,2.3107,2.3635,2653313.0,2025-03-30 22:59:59.999,6226850.54127,22958,1334505.2,3128960.10834
2025-03-30 23:00:00,2.3636,2.3668,2.315,2.3515,2413452.4,2025-03-30 23:59:59.999,5640035.64366,22522,1252747.0,2925860.53391
2025-03-31 00:00:00,2.3518,2.3567,2.272,2.2937,3457585.5,2025-03-31 00:59:59.999,7969455.44683,25947,1546320.1,3567779.94508
2025-03-31 01:00:00,2.2937,2.3387,2.2884,2.3269,2218077.4,2025-03-31 01:59:59.999,5142317.17685,19281,924294.5,2143345.93037
2025-03-31 02:00:00,2.3269,2.3466,2.3009,2.3293,1669539.8,2025-03-31 02:59:59.999,3877682.72117,15200,741177.4,1721831.59444
2025-03-31 03:00:00,2.3288,2.3441,2.2738,2.2777,2193157.8,2025-03-31 03:59:59.999,5045221.30919,19351,1069047.6,2459164.36035
2025-03-31 04:00:00,2.2784,2.294,2.2529,2.2906,2590873.1,2025-03-31 04:59:59.999,5896934.95026,17558,1275478.7,2900797.93843
2025-03-31 05:00:00,2.2908,2.3203,2.2821,2.2881,1770964.5,2025-03-31 05:59:59.999,4074690.33605,15240,737424.7,1696665.46518
2025-03-31 06:00:00,2.2885,2.2944,2.2659,2.2761,1789415.8,2025-03-31 06:59:59.999,4078687.66301,14399,894701.8,2039540.76016
2025-03-31 07:00:00,2.2763,2.2961,2.2348,2.2569,2946309.9,2025-03-31 07:59:59.999,6658931.24098,26930,1311445.5,2964876.70193
2025-03-31 08:00:00,2.2567,2.2828,2.247,2.2497,2337388.2,2025-03-31 08:59:59.999,5292183.92617,16823,1112838.3,2518588.56413
2025-03-31 09:00:00,2.2499,2.263,2.2118,2.2248,3276762.6,2025-03-31 09:59:59.999,7322705.36822,25967,1557010.6,3481338.06676
2025-03-31 10:00:00,2.2248,2.2596,2.2,2.2408,3735391.1,2025-03-31 10:59:59.999,8294321.43947,26533,1722059.7,3825647.9991
2025-03-31 11:00:00,2.2408,2.243,2.1924,2.2091,3442505.9,2025-03-31 11:59:59.999,7619724.6674,23774,1526065.8,3378012.77991
2025-03-31 12:00:00,2.2082,2.2904,2.1972,2.265,3997429.0,2025-03-31 12:59:59.999,8963213.73025,28441,2114622.8,4740776.45207
2025-03-31 13:00:00,2.265,2.2676,2.1815,2.2271,4625013.3,2025-03-31 13:59:59.999,10287078.83563,33794,2165940.9,4816524.96131
2025-03-31 14:00:00,2.2272,2.298,2.2268,2.2884,4900504.1,2025-03-31 14:59:59.999,11130244.77403,34334,2663399.1,6049382.60141
2025-03-31 15:00:00,2.2883,2.3128,2.2817,2.2856,3023908.6,2025-03-31 15:59:59.999,6949086.11892,26691,1636870.5,3762217.34966
2025-03-31 16:00:00,2.2857,2.3058,2.2827,2.2895,1681238.6,2025-03-31 16:59:59.999,3855936.07915,14081,932091.4,2138300.73603
2025-03-31 17:00:00,2.2895,2.3088,2.2611,2.2697,1602158.1,2025-03-31 17:59:59.999,3655430.53965,17449,765531.9,1746890.23464
2025-03-31 18:00:00,2.2697,2.3078,2.2697,2.2871,1488865.3,2025-03-31 18:59:59.999,3410549.20331,13436,687486.8,1574939.06212
2025-03-31 19:00:00,2.2868,2.2949,2.2636,2.2737,1183988.4,2025-03-31 19:59:59.999,2698812.22824,10632,506688.9,1154788.13319
2025-03-31 20:00:00,2.2737,2.2885,2.2547,2.2576,947145.7,2025-03-31 20:59:59.999,2153037.0567,7914,427324.5,971913.22203
2025-03-31 21:00:00,2.2575,2.273,2.2522,2.2579,761179.4,2025-03-31 21:59:59.999,1722456.23213,6460,415039.8,939508.88125
2025-03-31 22:00:00,2.2577,2.2719,2.2519,2.2698,1598486.3,2025-03-31 22:59:59.999,3620479.94413,10593,1003426.2,2272645.1719
2025-03-31 23:00:00,2.2699,2.2851,2.2601,2.2674,1849233.5,2025-03-31 23:59:59.999,4202585.83068,11718,788395.6,1791122.63711
2025-04-01 00:00:00,2.2674,2.2908,2.2623,2.2692,1463942.1,2025-04-01 00:59:59.999,3331458.62936,11598,723253.0,1645835.79418
2025-04-01 01:00:00,2.269,2.2763,2.2522,2.2672,855923.6,2025-04-01 01:59:59.999,1938660.51331,8160,424681.5,961892.99532
2025-04-01 02:00:00,2.267,2.3388,2.266,2.3386,1983652.1,2025-04-01 02:59:59.999,4571539.40747,15315,1307531.4,3013600.44318
2025-04-01 03:00:00,2.3385,2.3755,2.3325,2.3461,4192584.5,2025-04-01 03:59:59.999,9883248.66599,29014,2406648.1,5677026.50511
2025-04-01 04:00:00,2.346,2.356,2.3345,2.344,1237410.0,2025-04-01 04:59:59.999,2903729.73799,11322,504466.5,1184095.65425
2025-04-01 05:00:00,2.3444,2.3683,2.3233,2.3258,1520139.9,2025-04-01 05:59:59.999,3569115.40791,12469,660708.7,1551894.94088
2025-04-01 06:00:00,2.3258,2.3367,2.2978,2.3273,2872110.4,2025-04-01 06:59:59.999,6655232.81809,21258,1210431.5,2805461.4201
2025-04-01 07:00:00,2.3274,2.3327,2.306,2.3197,1386048.7,2025-04-01 07:59:59.999,3215969.0041,12945,766947.8,1779522.59574
2025-04-01 08:00:00,2.3198,2.3991,2.3188,2.3929,3203772.0,2025-04-01 08:59:59.999,7595069.59123,32669,1770593.2,4196706.6434
2025-04-01 09:00:00,2.3928,2.4375,2.3926,2.433,3962655.3,2025-04-01 09:59:59.999,9574097.82483,25343,2057082.0,4969138.73254
2025-04-01 10:00:00,2.433,2.44,2.3959,2.4049,3216677.1,2025-04-01 10:59:59.999,7784230.9245,27801,1440300.3,3486011.96561
2025-04-01 11:00:00,2.405,2.4081,2.3708,2.3807,2309923.6,2025-04-01 11:59:59.999,5518133.87795,20354,1130033.3,2698879.07219
2025-04-01 12:00:00,2.3807,2.4,2.3613,2.3733,1951578.0,2025-04-01 12:59:59.999,4651991.12016,15775,930574.8,2218795.59977
2025-04-01 13:00:00,2.3734,2.4488,2.3715,2.4313,3974845.3,2025-04-01 13:59:59.999,9593581.92689,29285,1911149.8,4614712.43213
2025-04-01 14:00:00,2.4312,2.4393,2.3622,2.4325,6041627.9,2025-04-01 14:59:59.999,14512564.92019,56318,2699502.8,6487199.26761
2025-04-01 15:00:00,2.4321,2.5279,2.4298,2.4918,8060614.6,2025-04-01 15:59:59.999,20036105.7067,64988,3977504.8,9885971.95864
2025-04-01 16:00:00,2.4919,2.5037,2.4641,2.4686,3554376.9,2025-04-01 16:59:59.999,8830677.73066,25873,1278952.8,3177306.86667
2025-04-01 17:00:00,2.4689,2.4764,2.4476,2.4574,2545846.8,2025-04-01 17:59:59.999,6267173.75497,20222,1116608.2,2749714.41468
2025-04-01 18:00:00,2.4578,2.4592,2.4181,2.4305,1976932.1,2025-04-01 18:59:59.999,4813469.80559,18224,869585.5,2116079.29166
2025-04-01 19:00:00,2.4307,2.4381,2.4073,2.4237,1147610.6,2025-04-01 19:59:59.999,2776263.95959,12146,564904.4,1366864.14021
2025-04-01 20:00:00,2.4235,2.4333,2.4031,2.4268,1368900.4,2025-04-01 20:59:59.999,3307981.45476,14802,742383.2,1793930.92786
2025-04-01 21:00:00,2.4273,2.4474,2.4177,2.4314,1231154.9,2025-04-01 21:59:59.999,2997738.17392,10787,680778.6,1656985.51775
2025-04-01 22:00:00,2.4315,2.4444,2.4202,2.4212,864864.5,2025-04-01 22:59:59.999,2104844.68819,8912,437258.7,1064244.62458
2025-04-01 23:00:00,2.4215,2.4242,2.3946,2.4075,2061558.3,2025-04-01 23:59:59.999,4959971.80743,15920,1038228.6,2498427.80727
2025-04-02 00:00:00,2.4076,2.4087,2.3776,2.3808,1777789.6,2025-04-02 00:59:59.999,4257799.35542,14631,944151.5,2261264.63482
2025-04-02 01:00:00,2.3808,2.3908,2.3649,2.3824,1326890.9,2025-04-02 01:59:59.999,3155268.96433,12907,741917.1,1763976.64477
2025-04-02 02:00:00,2.3829,2.3848,2.3523,2.3657,1671464.0,2025-04-02 02:59:59.999,3949538.49869,14392,856000.9,2022376.83668
2025-04-02 03:00:00,2.3656,2.3854,2.3537,2.3538,983366.1,2025-04-02 03:59:59.999,2330486.87808,9245,457908.7,1085236.62202
2025-04-02 04:00:00,2.3537,2.3721,2.3461,2.356,819703.1,2025-04-02 04:59:59.999,1931135.4603,7638,477885.9,1125826.92004
2025-04-02 05:00:00,2.3562,2.3564,2.3128,2.3188,1783505.8,2025-04-02 05:59:59.999,4153339.88169,12485,903495.9,2102023.12684
2025-04-02 06:00:00,2.3185,2.3447,2.3122,2.3237,1486295.7,2025-04-02 06:59:59.999,3460762.96823,10139,684883.0,1595829.32557
2025-04-02 07:00:00,2.3238,2.3616,2.3156,2.3587,2639750.6,2025-04-02 07:59:59.999,6177644.46248,16683,1278532.8,2990983.88801
2025-04-02 08:00:00,2.3587,2.394,2.3474,2.3935,3077780.8,2025-04-02 08:59:59.999,7290588.18627,20448,1667306.5,3949073.794
2025-04-02 09:00:00,2.3933,2.4582,2.3887,2.4553,4207806.1,2025-04-02 09:59:59.999,10226404.2282,37709,2103396.8,5110400.10299
2025-04-02 10:00:00,2.4552,2.4997,2.4456,2.4567,4968464.2,2025-04-02 10:59:59.999,12254467.77637,43444,2216261.9,5466408.50772
2025-04-02 11:00:00,2.457,2.4722,2.4371,2.443,2299020.6,2025-04-02 11:59:59.999,5641591.61206,18471,874267.5,2147324.23634
2025-04-02 12:00:00,2.4432,2.4605,2.4322,2.4603,2991483.1,2025-04-02 12:59:59.999,7314647.08832,22721,1886783.5,4613458.72069
2025-04-02 13:00:00,2.4606,2.4976,2.4145,2.4544,5159919.9,2025-04-02 13:59:59.999,12684246.32597,44634,2614462.8,6427951.70491
2025-04-02 14:00:00,2.454,2.4802,2.4259,2.4617,3532889.2,2025-04-02 14:59:59.999,8658591.04048,34212,1459757.7,3580104.28046
2025-04-02 15:00:00,2.4619,2.5203,2.4568,2.4769,7989593.2,2025-04-02 15:59:59.999,19919323.19251,66935,3923979.2,9784784.64866
2025-04-02 16:00:00,2.4773,2.502,2.4604,2.4684,2369198.5,2025-04-02 16:59:59.999,5875396.99455,17807,1087611.7,2698831.88868
2025-04-02 17:00:00,2.4681,2.4779,2.4289,2.4446,2528611.3,2025-04-02 17:59:59.999,6202832.7802,18250,900904.7,2209611.01762
2025-04-02 18:00:00,2.4442,2.4585,2.4259,2.4497,1845273.2,2025-04-02 18:59:59.999,4498407.34599,14302,1214344.2,2958213.05537
2025-04-02 19:00:00,2.4498,2.484,2.4419,2.4811,2021845.9,2025-04-02 19:59:59.999,4968432.51638,13076,1210147.7,2973610.02281
2025-04-02 20:00:00,2.4813,2.55,2.4082,2.4389,14595738.3,2025-04-02 20:59:59.999,36136999.12583,118789,7563601.9,18736707.92445
2025-04-02 21:00:00,2.4382,2.4404,2.3463,2.3742,4834103.6,2025-04-02 21:59:59.999,11511821.02272,30493,2184339.4,5198297.37274
2025-04-02 22:00:00,2.3741,2.3741,2.2562,2.2632,6622456.0,2025-04-02 22:59:59.999,15183155.27706,39000,2903096.2,6649463.5515
2025-04-02 23:00:00,2.2631,2.3234,2.2524,2.3081,4827930.0,2025-04-02 23:59:59.999,11040273.19824,28460,2755215.2,6312972.79257
2025-04-03 00:00:00,2.3079,2.3827,2.2859,2.3816,10038837.7,2025-04-03 00:59:59.999,23555799.0225,47446,4235822.0,9924369.87271
2025-04-03 01:00:00,2.3817,2.415,2.3652,2.4047,8093443.2,2025-04-03 01:59:59.999,19286819.22621,41869,5173611.4,12319156.53041
2025-04-03 02:00:00,2.4047,2.4385,2.3922,2.4349,4033367.5,2025-04-03 02:59:59.999,9732326.73662,28363,2213915.8,5342026.57142
2025-04-03 03:00:00,2.4352,2.4391,2.3959,2.4081,1848769.2,2025-04-03 03:59:59.999,4457481.89241,15291,894516.3,2158043.33687
2025-04-03 04:00:00,2.4081,2.4256,2.3972,2.4156,1471232.5,2025-04-03 04:59:59.999,3547774.943,16131,695605.7,1678337.73538
2025-04-03 05:00:00,2.416,2.4203,2.3545,2.357,1932845.7,2025-04-03 05:59:59.999,4610959.99583,16568,827545.4,1973116.79267
2025-04-03 06:00:00,2.357,2.3677,2.3157,2.3186,3429133.5,2025-04-03 06:59:59.999,8041903.831,35046,1863501.0,4372256.21613
2025-04-03 07:00:00,2.3187,2.3341,2.2829,2.318,4639282.7,2025-04-03 07:59:59.999,10688283.48097,35762,2744316.0,6321918.26713
2025-04-03 08:00:00,2.3173,2.3518,2.3051,2.3103,3694065.1,2025-04-03 08:59:59.999,8584757.18842,24516,2008563.4,4666898.68647
2025-04-03 09:00:00,2.3106,2.3195,2.2922,2.2945,1933366.6,2025-04-03 09:59:59.999,4455431.56987,19660,1047102.8,2413182.44585
2025-04-03 10:00:00,2.2944,2.3004,2.2439,2.2441,3797704.1,2025-04-03 10:59:59.999,8624239.54034,28281,1629271.6,3703550.51965
2025-04-03 11:00:00,2.244,2.2571,2.2296,2.2393,2746522.8,2025-04-03 11:59:59.999,6156409.86064,22438,1287356.4,2886088.5743
2025-04-03 12:00:00,2.2393,2.2569,2.1821,2.1979,5069025.1,2025-04-03 12:59:59.999,11230778.34159,38254,2167516.4,4803598.1932
2025-04-03 13:00:00,2.1978,2.2868,2.1937,2.27,7874474.6,2025-04-03 13:59:59.999,17747173.56909,46804,3230251.7,7257697.31429
2025-04-03 14:00:00,2.2701,2.2701,2.2154,2.2368,4629826.6,2025-04-03 14:59:59.999,10387932.51421,29669,2014170.4,4518956.25247
2025-04-03 15:00:00,2.2362,2.27,2.2211,2.2599,8491942.4,2025-04-03 15:59:59.999,19034981.7902,29387,5201303.5,11648221.67041
2025-04-03 16:00:00,2.2599,2.2716,2.2169,2.2225,4036254.3,2025-04-03 16:59:59.999,9043022.30986,24528,1812190.0,4062239.71042
2025-04-03 17:00:00,2.2225,2.2374,2.2164,2.2221,2963432.8,2025-04-03 17:59:59.999,6598210.16084,17715,1353156.4,3012461.41644
2025-04-03 18:00:00,2.222,2.2565,2.2053,2.236,3227848.3,2025-04-03 18:59:59.999,7190917.4677,17028,1506995.6,3359072.38422
2025-04-03 19:00:00,2.2359,2.2466,2.2159,2.2198,2495152.3,2025-04-03 19:59:59.999,5555143.60653,14276,1052530.8,2344085.19558
2025-04-03 20:00:00,2.2199,2.2384,2.2026,2.2258,3382727.1,2025-04-03 20:59:59.999,7495743.41695,17054,1243467.8,2757185.88455
2025-04-03 21:00:00,2.2258,2.2612,2.2142,2.2512,2813621.0,2025-04-03 21:59:59.999,6284518.44739,22188,1214077.6,2714151.82239
2025-04-03 22:00:00,2.2512,2.259,2.2306,2.2505,2613263.4,2025-04-03 22:59:59.999,5865157.10833,20116,1162661.1,2609580.79714
2025-04-03 23:00:00,2.2505,2.2655,2.2232,2.2632,3192823.3,2025-04-03 23:59:59.999,7168244.82849,18054,1313387.6,2950013.17043
2025-04-04 00:00:00,2.2635,2.2706,2.2215,2.2249,3772466.1,2025-04-04 00:59:59.999,8490935.77158,22503,1586132.3,3571120.4867
2025-04-04 01:00:00,2.225,2.2515,2.1866,2.192,4119009.0,2025-04-04 01:59:59.999,9137770.00737,24038,1628896.4,3618082.84503
2025-04-04 02:00:00,2.192,2.2248,2.19,2.204,3428289.0,2025-04-04 02:59:59.999,7561474.96532,23139,1685456.2,3717751.37597
2025-04-04 03:00:00,2.2041,2.2062,2.1488,2.1803,5398268.9,2025-04-04 03:59:59.999,11744320.59786,29899,2285527.8,4970370.02078
2025-04-04 04:00:00,2.1805,2.1888,2.1625,2.1718,1962839.1,2025-04-04 04:59:59.999,4268217.38011,13944,979056.7,2128790.37372
2025-04-04 05:00:00,2.1717,2.2081,2.1528,2.2067,2330843.7,2025-04-04 05:59:59.999,5096228.08663,17588,1254547.4,2742418.10327
2025-04-04 06:00:00,2.2066,2.2272,2.2022,2.2048,4259987.0,2025-04-04 06:59:59.999,9434849.54805,20695,2205915.6,4888341.95797
2025-04-04 07:00:00,2.2047,2.27,2.2029,2.2617,5315438.0,2025-04-04 07:59:59.999,11904482.72674,30507,2513714.2,5631290.96618
2025-04-04 08:00:00,2.2618,2.325,2.2473,2.2716,5802948.5,2025-04-04 08:59:59.999,13218588.94871,33600,3151505.3,7191474.29993
2025-04-04 09:00:00,2.2717,2.2767,2.2513,2.2673,4132033.1,2025-04-04 09:59:59.999,9343361.8518,17094,2388555.8,5396918.46192
2025-04-04 10:00:00,2.2674,2.2749,2.1733,2.1803,10585510.8,2025-04-04 10:59:59.999,23390885.98742,54265,3840207.9,8488591.17298
2025-04-04 11:00:00,2.1801,2.187,2.1285,2.1824,7386072.8,2025-04-04 11:59:59.999,15928642.95011,50686,3533672.5,7621432.17372
2025-04-04 12:00:00,2.1825,2.2328,2.1572,2.2091,5329294.8,2025-04-04 12:59:59.999,11652436.24218,36704,2615646.8,5720936.67123
2025-04-04 13:00:00,2.2092,2.2455,2.1751,2.2356,5843253.8,2025-04-04 13:59:59.999,12887727.44242,39976,2686496.3,5927228.11106
2025-04-04 14:00:00,2.2354,2.2487,2.1884,2.2175,4793048.2,2025-04-04 14:59:59.999,10640210.14169,31308,2345529.3,5208389.86383
2025-04-04 15:00:00,2.2173,2.279,2.2152,2.2287,5663574.5,2025-04-04 15:59:59.999,12719476.49232,45186,3018090.2,6778733.18243
2025-04-04 16:00:00,2.2295,2.2562,2.2194,2.244,2464416.9,2025-04-04 16:59:59.999,5512011.93724,19308,1224093.5,2737791.23195
2025-04-04 17:00:00,2.2438,2.3027,2.2314,2.2948,4202033.0,2025-04-04 17:59:59.999,9545256.0102,26672,2039313.2,4632806.70611
2025-04-04 18:00:00,2.295,2.2994,2.2684,2.271,2087716.8,2025-04-04 18:59:59.999,4757416.27856,12966,954916.7,2176015.92848
2025-04-04 19:00:00,2.2709,2.2882,2.2614,2.2794,2405617.2,2025-04-04 19:59:59.999,5467159.68543,13657,1039896.6,2364026.16742
2025-04-04 20:00:00,2.2792,2.2992,2.2602,2.2944,1960521.4,2025-04-04 20:59:59.999,4476603.68575,12880,867548.9,1981632.20907
2025-04-04 21:00:00,2.2944,2.3014,2.2743,2.2819,1661998.4,2025-04-04 21:59:59.999,3801047.30514,9659,816333.2,1866690.86811
2025-04-04 22:00:00,2.282,2.2898,2.269,2.2705,922649.9,2025-04-04 22:59:59.999,2101809.52826,5464,431377.6,982945.26019
2025-04-04 23:00:00,2.2705,2.2717,2.2459,2.2577,1634388.4,2025-04-04 23:59:59.999,3688692.60071,10849,749841.1,1692114.92172
2025-04-05 00:00:00,2.2577,2.2596,2.2306,2.2535,1193039.2,2025-04-05 00:59:59.999,2675782.96869,8854,606174.8,1360019.28366
2025-04-05 01:00:00,2.2535,2.2776,2.2512,2.2566,1177290.2,2025-04-05 01:59:59.999,2664079.67283,8064,690349.9,1561355.55511
2025-04-05 02:00:00,2.2567,2.2641,2.2432,2.2493,865686.0,2025-04-05 02:59:59.999,1949823.34019,6740,367574.1,828200.43432
2025-04-05 03:00:00,2.2493,2.2498,2.2342,2.2354,753217.8,2025-04-05 03:59:59.999,1687630.18233,5200,283564.8,635354.37037
2025-04-05 04:00:00,2.2354,2.2461,2.2316,2.2333,611279.9,2025-04-05 04:59:59.999,1368675.03782,5021,298817.8,668867.67812
2025-04-05 05:00:00,2.2334,2.2473,2.227,2.2296,870350.4,2025-04-05 05:59:59.999,1944563.66835,6534,540144.8,1206282.00302
2025-04-05 06:00:00,2.2294,2.2391,2.2173,2.2286,559930.4,2025-04-05 06:59:59.999,1247242.05073,5395,275535.6,614015.57509
2025-04-05 07:00:00,2.2287,2.2418,2.2216,2.2381,663286.1,2025-04-05 07:59:59.999,1481140.99958,5536,326244.2,728735.35288
2025-04-05 08:00:00,2.2383,2.2472,2.2308,2.2437,492954.5,2025-04-05 08:59:59.999,1104177.62556,5002,266200.8,596193.40261
2025-04-05 09:00:00,2.2438,2.2632,2.2438,2.262,1096253.0,2025-04-05 09:59:59.999,2472952.98333,7607,514805.8,1161254.94193
2025-04-05 10:00:00,2.2622,2.2673,2.2431,2.2492,789540.6,2025-04-05 10:59:59.999,1780085.89122,7281,459821.4,1036822.73277
2025-04-05 11:00:00,2.2492,2.2565,2.2376,2.252,888779.7,2025-04-05 11:59:59.999,1995926.73695,8101,547593.0,1229631.79085
2025-04-05 12:00:00,2.252,2.2639,2.2233,2.2438,1644716.0,2025-04-05 12:59:59.999,3689483.34441,14846,862000.0,1933203.87131
2025-04-05 13:00:00,2.2438,2.2467,2.1892,2.1945,5202743.6,2025-04-05 13:59:59.999,11478433.27623,29562,3199360.8,7051195.55328
2025-04-05 14:00:00,2.1944,2.2165,2.1918,2.2002,2607620.4,2025-04-05 14:59:59.999,5748378.31011,16172,1472671.4,3246464.62123
2025-04-05 15:00:00,2.2002,2.2002,2.1815,2.1956,1230839.9,2025-04-05 15:59:59.999,2696875.64113,9337,540786.0,1184595.11442
2025-04-05 16:00:00,2.1954,2.2127,2.1943,2.2047,1272697.1,2025-04-05 16:59:59.999,2805317.67532,8738,690570.5,1522586.03131
2025-04-05 17:00:00,2.2047,2.2227,2.1995,2.2148,1244911.1,2025-04-05 17:59:59.999,2752616.12061,7761,544620.3,1204184.50569
2025-04-05 18:00:00,2.2148,2.2237,2.2078,2.2162,517288.5,2025-04-05 18:59:59.999,1146871.29343,5198,235095.9,521214.14516
2025-04-05 19:00:00,2.2162,2.2227,2.1946,2.1996,506282.7,2025-04-05 19:59:59.999,1117002.53317,4923,229904.5,507066.02193
2025-04-05 20:00:00,2.1995,2.2098,2.1894,2.2055,593355.4,2025-04-05 20:59:59.999,1306058.86931,5971,302328.9,665598.64185
2025-04-05 21:00:00,2.2055,2.215,2.1924,2.1926,655164.2,2025-04-05 21:59:59.999,1442867.3819,6818,331755.2,730513.87553
2025-04-05 22:00:00,2.1926,2.2023,2.1908,2.199,347776.4,2025-04-05 22:59:59.999,763387.81014,4127,139307.3,305833.28381
2025-04-05 23:00:00,2.1988,2.2237,2.196,2.2163,1339302.8,2025-04-05 23:59:59.999,2960747.15642,11433,556884.8,1231260.03669
2025-04-06 00:00:00,2.2164,2.2183,2.1996,2.2049,738245.2,2025-04-06 00:59:59.999,1630501.46072,8082,383127.6,846364.22945
2025-04-06 01:00:00,2.205,2.2244,2.2011,2.203,807209.6,2025-04-06 01:59:59.999,1786155.79019,7197,412021.6,911287.69752
2025-04-06 02:00:00,2.203,2.2048,2.1873,2.1879,686275.5,2025-04-06 02:59:59.999,1506540.69082,6371,407920.7,895519.79532
2025-04-06 03:00:00,2.1879,2.1976,2.1822,2.1924,730714.8,2025-04-06 03:59:59.999,1598476.89068,7144,388013.5,848938.98374
2025-04-06 04:00:00,2.1924,2.1926,2.1664,2.1773,1442253.1,2025-04-06 04:59:59.999,3140818.11243,11841,616682.1,1343119.96527
2025-04-06 05:00:00,2.1773,2.1918,2.1726,2.1898,661372.6,2025-04-06 05:59:59.999,1442833.5359,6120,379516.8,828005.55274
2025-04-06 06:00:00,2.19,2.1909,2.1527,2.1545,832668.7,2025-04-06 06:59:59.999,1807763.08268,7982,407006.1,884179.09536
2025-04-06 07:00:00,2.1546,2.1673,2.1522,2.1561,1384322.3,2025-04-06 07:59:59.999,2990229.38525,12552,558204.6,1205769.5202
2025-04-06 08:00:00,2.1561,2.1708,2.1452,2.1688,1586975.8,2025-04-06 08:59:59.999,3422135.57371,13312,785575.6,1694659.04246
2025-04-06 09:00:00,2.169,2.178,2.1611,2.1651,575220.3,2025-04-06 09:59:59.999,1247891.51627,7048,328677.4,713114.51938
2025-04-06 10:00:00,2.1652,2.1665,2.1435,2.1524,970159.7,2025-04-06 10:59:59.999,2087761.39426,8872,382468.5,823730.09316
2025-04-06 11:00:00,2.1521,2.1546,2.1384,2.1505,1274370.6,2025-04-06 11:59:59.999,2735170.01412,13121,757109.2,1625413.51764
2025-04-06 12:00:00,2.1502,2.1543,2.1255,2.1352,1648991.6,2025-04-06 12:59:59.999,3525733.55369,14132,765379.0,1636768.44594
2025-04-06 13:00:00,2.1351,2.141,2.084,2.0902,4607188.9,2025-04-06 13:59:59.999,9725899.1509,32779,2301683.3,4861456.32207
2025-04-06 14:00:00,2.0902,2.1139,2.0819,2.1101,2833763.7,2025-04-06 14:59:59.999,5937484.4642,18331,1515071.4,3175220.91784
2025-04-06 15:00:00,2.1101,2.1182,2.0843,2.0863,1091323.5,2025-04-06 15:59:59.999,2290885.99624,9153,536104.8,1126015.46417
2025-04-06 16:00:00,2.0857,2.0911,2.0536,2.0573,2676381.6,2025-04-06 16:59:59.999,5536578.62056,22038,1177602.2,2437805.58148
2025-04-06 17:00:00,2.0569,2.0663,2.0164,2.0256,4940679.3,2025-04-06 17:59:59.999,10060431.99188,41146,2195939.9,4472981.32848
2025-04-06 18:00:00,2.0255,2.0275,1.935,1.9605,12520011.4,2025-04-06 18:59:59.999,24828874.23952,66118,4768416.9,9449779.19682
2025-04-06 19:00:00,1.9608,1.976,1.9383,1.9478,4509109.4,2025-04-06 19:59:59.999,8835798.8556,25903,2677396.5,5250384.48239
2025-04-06 20:00:00,1.9475,1.9573,1.8866,1.8973,6333552.2,2025-04-06 20:59:59.999,12139315.91645,37416,2706306.8,5193560.16916
2025-04-06 21:00:00,1.8976,1.9446,1.8942,1.9166,3935426.7,2025-04-06 21:59:59.999,7574102.21487,19951,2166547.5,4171645.97596
2025-04-06 22:00:00,1.9166,1.9466,1.9002,1.9127,6281777.1,2025-04-06 22:59:59.999,12112671.40849,33912,2531753.0,4876867.93787
2025-04-06 23:00:00,1.9124,1.9367,1.8829,1.9215,5059356.6,2025-04-06 23:59:59.999,9654873.41698,25318,2369221.8,4526863.79914
2025-04-07 00:00:00,1.9215,1.9262,1.8773,1.9033,3932203.1,2025-04-07 00:59:59.999,7470336.17002,22189,2041077.3,3878315.45931
2025-04-07 01:00:00,1.9033,1.9627,1.9025,1.9404,4533295.3,2025-04-07 01:59:59.999,8771853.5288,25868,2498380.6,4832964.0824
2025-04-07 02:00:00,1.9402,1.944,1.8896,1.894,2702824.9,2025-04-07 02:59:59.999,5176804.85269,15293,1086139.1,2081150.56921
2025-04-07 03:00:00,1.8941,1.9005,1.8203,1.8548,4643307.2,2025-04-07 03:59:59.999,8611763.37034,28982,1870436.7,3469571.31977
2025-04-07 04:00:00,1.8549,1.8863,1.8424,1.8663,6058200.0,2025-04-07 04:59:59.999,11255587.18413,37049,2501675.7,4650065.24158
2025-04-07 05:00:00,1.8665,1.8875,1.8509,1.8634,3064228.3,2025-04-07 05:59:59.999,5722369.22262,19495,1312608.3,2455356.81908
2025-04-07 06:00:00,1.8631,1.8806,1.7174,1.7473,13673480.8,2025-04-07 06:59:59.999,24323295.28099,80877,5758408.9,10245426.47223
2025-04-07 07:00:00,1.7473,1.7978,1.7377,1.7434,8096704.6,2025-04-07 07:59:59.999,14282475.12009,54365,3830822.5,6769571.17387
2025-04-07 08:00:00,1.7429,1.839,1.7382,1.8189,9269617.8,2025-04-07 08:59:59.999,16646468.45597,41560,5270547.2,9476276.94663
2025-04-07 09:00:00,1.8188,1.8376,1.7804,1.8111,4099675.1,2025-04-07 09:59:59.999,7419028.37836,22013,2132074.4,3860466.6437
2025-04-07 10:00:00,1.8118,1.8696,1.8068,1.8257,5502555.9,2025-04-07 10:59:59.999,10143838.92442,25095,3190180.0,5882058.02133
2025-04-07 11:00:00,1.8258,1.849,1.8041,1.8202,2725847.2,2025-04-07 11:59:59.999,4979514.43905,14376,1404362.7,2567061.60684
2025-04-07 12:00:00,1.8204,1.8811,1.8059,1.87,6528139.9,2025-04-07 12:59:59.999,12070109.85402,28616,3293522.0,6088402.12038
2025-04-07 13:00:00,1.8696,1.985,1.8209,1.9577,14817068.1,2025-04-07 13:59:59.999,28235925.60233,62806,7657159.6,14630421.08146
2025-04-07 14:00:00,1.9571,2.1,1.9337,2.0254,36240183.4,2025-04-07 14:59:59.999,72787488.88445,146595,16584835.7,33305614.44502
2025-04-07 15:00:00,2.0258,2.0619,1.95,1.9902,10226986.6,2025-04-07 15:59:59.999,20344555.37976,47362,5071863.0,10093018.81471
2025-04-07 16:00:00,1.99,2.0178,1.9651,1.9748,5306379.0,2025-04-07 16:59:59.999,10596355.99807,27865,2858001.7,5708923.23044
2025-04-07 17:00:00,1.9746,2.0499,1.9746,2.0381,6752722.7,2025-04-07 17:59:59.999,13652384.18719,32503,3659484.9,7397546.68798
2025-04-07 18:00:00,2.0386,2.0444,1.9974,1.9996,3949059.9,2025-04-07 18:59:59.999,7978236.66679,20222,1753800.5,3544304.26287
2025-04-07 19:00:00,2.0,2.0278,1.9936,2.0097,2458257.6,2025-04-07 19:59:59.999,4945895.89774,14611,1322335.8,2661159.8255
2025-04-07 20:00:00,2.0099,2.0886,2.009,2.0612,4917005.4,2025-04-07 20:59:59.999,10128349.86341,22584,2389119.6,4922062.96688
2025-04-07 21:00:00,2.0611,2.064,2.0175,2.0407,2410070.5,2025-04-07 21:59:59.999,4923118.83748,13155,1165755.0,2381022.70691
2025-04-07 22:00:00,2.041,2.0772,2.0361,2.0435,1764129.6,2025-04-07 22:59:59.999,3635827.90894,11597,866722.6,1786463.39852
2025-04-07 23:00:00,2.0433,2.0452,2.0001,2.0191,2037315.2,2025-04-07 23:59:59.999,4120153.26134,12303,914408.1,1850317.14694
2025-04-08 00:00:00,2.0192,2.0354,2.0052,2.0079,1648623.3,2025-04-08 00:59:59.999,3329273.56004,11193,874297.5,1766381.47315
2025-04-08 01:00:00,2.0078,2.0882,1.998,2.0758,3402146.4,2025-04-08 01:59:59.999,6981409.45284,19240,1707353.0,3505001.99689
2025-04-08 02:00:00,2.0758,2.1031,2.0719,2.072,3472093.9,2025-04-08 02:59:59.999,7251572.21172,16938,1727631.8,3607984.14716
2025-04-08 03:00:00,2.0719,2.0864,2.0562,2.0653,2829013.4,2025-04-08 03:59:59.999,5862593.23049,13540,1180673.5,2447934.27697
2025-04-08 04:00:00,2.0652,2.0937,2.0576,2.0921,1890689.2,2025-04-08 04:59:59.999,3928041.19304,11247,1079250.1,2242141.25655
2025-04-08 05:00:00,2.0921,2.0964,2.0567,2.0613,3777311.0,2025-04-08 05:59:59.999,7812820.3795,13328,2944648.7,6089351.13056
2025-04-08 06:00:00,2.061,2.061,2.0115,2.0224,3161652.9,2025-04-08 06:59:59.999,6418275.28301,18688,1323519.2,2686983.25347
2025-04-08 07:00:00,2.0223,2.0339,2.0069,2.0276,2364035.8,2025-04-08 07:59:59.999,4777081.25679,13370,1262521.4,2554214.08514
2025-04-08 08:00:00,2.0275,2.0318,2.0053,2.0214,2227410.1,2025-04-08 08:59:59.999,4497328.83143,12805,1195232.6,2414662.50212
2025-04-08 09:00:00,2.0206,2.0389,2.0141,2.0275,1443207.7,2025-04-08 09:59:59.999,2926190.30368,10630,733118.7,1487267.30261
2025-04-08 10:00:00,2.0276,2.0516,2.0245,2.0392,1620711.7,2025-04-08 10:59:59.999,3309815.07562,11005,940335.2,1921235.6134
2025-04-08 11:00:00,2.0392,2.0908,2.0317,2.0855,2682421.8,2025-04-08 11:59:59.999,5540590.21376,19102,1425778.5,2946462.9341
2025-04-08 12:00:00,2.0857,2.0929,2.036,2.0509,3356654.1,2025-04-08 12:59:59.999,6924601.84496,21119,1591419.9,3282429.61429
2025-04-08 13:00:00,2.0506,2.0903,2.0449,2.0619,5525853.8,2025-04-08 13:59:59.999,11406826.31811,33663,2707708.4,5588024.656
2025-04-08 14:00:00,2.0618,2.0942,2.0109,2.0109,5587172.5,2025-04-08 14:59:59.999,11476367.75058,33755,2547484.4,5232988.82093
2025-04-08 15:00:00,2.0112,2.028,2.0011,2.01,3480906.3,2025-04-08 15:59:59.999,7008532.20213,21756,1711595.2,3447505.96722
2025-04-08 16:00:00,2.0098,2.016,1.9682,1.9787,5506084.1,2025-04-08 16:59:59.999,10942198.74525,37809,2349355.7,4669665.06446
2025-04-08 17:00:00,1.9788,1.9813,1.9248,1.963,8659553.1,2025-04-08 17:59:59.999,16900114.8279,74185,3322079.3,6485837.70138
2025-04-08 18:00:00,1.9631,1.9854,1.9529,1.9642,4294776.9,2025-04-08 18:59:59.999,8454197.82327,35977,2234926.2,4398615.15359
2025-04-08 19:00:00,1.9643,2.0077,1.964,1.9799,10788234.6,2025-04-08 19:59:59.999,21467004.71171,70618,4512388.2,8962981.67806
2025-04-08 20:00:00,1.98,1.9981,1.9712,1.977,1555926.9,2025-04-08 20:59:59.999,3086094.77756,20587,747658.1,1482947.60054
2025-04-08 21:00:00,1.9771,1.9858,1.9519,1.9781,1209877.4,2025-04-08 21:59:59.999,2379858.65807,11997,599797.6,1180343.52518
2025-04-08 22:00:00,1.9781,1.9781,1.9378,1.95,1981509.7,2025-04-08 22:59:59.999,3871004.62126,23535,945158.4,1846930.1851
2025-04-08 23:00:00,1.9499,1.9518,1.9239,1.9306,1997407.8,2025-04-08 23:59:59.999,3868707.65758,21243,974279.2,1887022.88065
2025-04-09 00:00:00,1.9306,1.9562,1.9109,1.9226,4689741.3,2025-04-09 00:59:59.999,9047937.74157,37054,2617871.5,5047405.51229
2025-04-09 01:00:00,1.9226,1.9361,1.8627,1.9296,8227167.3,2025-04-09 01:59:59.999,15593312.4288,66920,3767369.7,7150296.06292
2025-04-09 02:00:00,1.9297,1.962,1.9022,1.9052,4190391.7,2025-04-09 02:59:59.999,8115867.74716,36282,1723134.3,3336586.12091
2025-04-09 03:00:00,1.9053,1.9134,1.8755,1.8883,3343028.5,2025-04-09 03:59:59.999,6332818.89021,24775,1799383.0,3408364.67709
2025-04-09 04:00:00,1.888,1.9512,1.8835,1.9322,5434362.7,2025-04-09 04:59:59.999,10459575.71452,43987,3447323.4,6638566.54945
2025-04-09 05:00:00,1.9321,1.9557,1.9253,1.9306,2017448.1,2025-04-09 05:59:59.999,3910017.4353,21871,1033911.3,2003406.92164
2025-04-09 06:00:00,1.9307,1.9626,1.9291,1.9517,3499231.2,2025-04-09 06:59:59.999,6814085.02275,26381,1651377.9,3215337.40576
2025-04-09 07:00:00,1.9517,1.998,1.9511,1.9741,5575950.2,2025-04-09 07:59:59.999,11032545.09373,38908,3141000.7,6215384.79038
2025-04-09 08:00:00,1.9742,1.9914,1.9579,1.9658,3688304.4,2025-04-09 08:59:59.999,7266378.97614,23622,1977136.5,3894684.89739
2025-04-09 09:00:00,1.9659,1.974,1.9541,1.9605,1140457.5,2025-04-09 09:59:59.999,2241524.21245,13455,539140.6,1059773.05682
2025-04-09 10:00:00,1.9605,1.9955,1.949,1.987,2180616.1,2025-04-09 10:59:59.999,4297203.73931,18867,1226514.2,2419002.99518
2025-04-09 11:00:00,1.9869,2.0277,1.8824,1.9185,16645428.3,2025-04-09 11:59:59.999,32301536.53498,101912,9320558.6,18073757.88409
2025-04-09 12:00:00,1.9184,1.9289,1.8834,1.9142,4257230.0,2025-04-09 12:59:59.999,8120832.22838,38931,2245112.7,4279955.25411
2025-04-09 13:00:00,1.9141,1.9674,1.9008,1.9436,6338218.9,2025-04-09 13:59:59.999,12255701.49853,60681,3187668.5,6164942.80385
2025-04-09 14:00:00,1.9437,1.9772,1.9244,1.9259,5640450.8,2025-04-09 14:59:59.999,11006674.77157,49272,2473407.4,4834787.12215
2025-04-09 15:00:00,1.9258,1.9905,1.9251,1.9526,5655663.2,2025-04-09 15:59:59.999,11067528.36889,46379,3034893.9,5933341.53051
2025-04-09 16:00:00,1.9526,1.989,1.9462,1.9834,3171159.0,2025-04-09 16:59:59.999,6244510.22962,29748,1743290.1,3434391.18856
2025-04-09 17:00:00,1.9833,2.2565,1.9601,2.2474,34081019.8,2025-04-09 17:59:59.999,72098166.79935,219478,16037595.6,33922280.35467
2025-04-09 18:00:00,2.2471,2.2728,2.2084,2.2133,20077963.6,2025-04-09 18:59:59.999,45076899.66209,100199,11864946.6,26638997.23329
2025-04-09 19:00:00,2.2132,2.266,2.2115,2.2554,6359076.6,2025-04-09 19:59:59.999,14255131.60227,35928,3560950.6,7983898.93362
2025-04-09 20:00:00,2.2555,2.272,2.2278,2.2669,4534811.8,2025-04-09 20:59:59.999,10200284.67719,27396,2493581.4,5610981.89996
2025-04-09 21:00:00,2.2669,2.2887,2.2514,2.27,3628806.2,2025-04-09 21:59:59.999,8230583.76769,24489,2033181.4,4611751.09955
2025-04-09 22:00:00,2.2699,2.2792,2.2406,2.2436,3101212.2,2025-04-09 22:59:59.999,6992722.33666,22156,1616137.4,3646041.90544
2025-04-09 23:00:00,2.2435,2.2513,2.2195,2.2217,2727700.0,2025-04-09 23:59:59.999,6088296.89936,18354,1339674.2,2990607.25797
2025-04-10 00:00:00,2.2216,2.2304,2.1738,2.1976,3576424.9,2025-04-10 00:59:59.999,7881587.29102,23333,1782451.1,3929866.49718
2025-04-10 01:00:00,2.1978,2.2078,2.1763,2.182,3019613.4,2025-04-10 01:59:59.999,6616810.2517,16278,1182903.3,2593776.26354
2025-04-10 02:00:00,2.1819,2.205,2.1723,2.1858,2862859.9,2025-04-10 02:59:59.999,6267995.53443,16731,1684393.2,3688796.72267
2025-04-10 03:00:00,2.1858,2.1874,2.1303,2.157,3176686.8,2025-04-10 03:59:59.999,6836612.95503,20946,1494994.4,3219991.61858
2025-04-10 04:00:00,2.1568,2.1584,2.1071,2.135,9398041.1,2025-04-10 04:59:59.999,19958322.81497,35401,6545143.7,13882872.50166
2025-04-10 05:00:00,2.135,2.1585,2.1296,2.1361,3616455.4,2025-04-10 05:59:59.999,7760846.90093,17115,2009289.3,4311102.35376
2025-04-10 06:00:00,2.1362,2.1739,2.1331,2.1644,3674200.7,2025-04-10 06:59:59.999,7908207.76287,20341,1883428.4,4055468.23227
2025-04-10 07:00:00,2.1645,2.1741,2.1316,2.1439,2234498.6,2025-04-10 07:59:59.999,4817095.44746,17127,1095249.3,2361542.96185
2025-04-10 08:00:00,2.1439,2.1541,2.1258,2.135,1773209.2,2025-04-10 08:59:59.999,3792901.74804,13580,691926.4,1479508.80593
2025-04-10 09:00:00,2.135,2.1506,2.125,2.1479,1463451.3,2025-04-10 09:59:59.999,3133733.78412,11484,762083.5,1632257.28684
2025-04-10 10:00:00,2.1478,2.1523,2.1266,2.1355,2034555.8,2025-04-10 10:59:59.999,4346319.97725,15266,909835.3,1944237.5061
2025-04-10 11:00:00,2.1356,2.1496,2.117,2.146,1760088.5,2025-04-10 11:59:59.999,3755139.56433,14685,759453.3,1621438.39913
2025-04-10 12:00:00,2.146,2.1976,2.1322,2.165,8789211.1,2025-04-10 12:59:59.999,19085337.42123,48045,4513497.8,9803882.79994
2025-04-10 13:00:00,2.165,2.1879,2.1366,2.1539,6160027.9,2025-04-10 13:59:59.999,13313380.85236,34877,3322029.0,7177427.60475
2025-04-10 14:00:00,2.1539,2.1844,2.1412,2.1496,3262576.7,2025-04-10 14:59:59.999,7066176.2864,22564,1665364.6,3607872.77953
2025-04-10 15:00:00,2.1495,2.1557,2.0511,2.0635,9096926.5,2025-04-10 15:59:59.999,19066313.21541,52879,4421674.8,9263757.35123
2025-04-10 16:00:00,2.0634,2.0937,2.055,2.0836,4493831.0,2025-04-10 16:59:59.999,9317609.46898,36996,2431102.4,5043345.30167
2025-04-10 17:00:00,2.0835,2.097,2.0568,2.0718,3638084.5,2025-04-10 17:59:59.999,7547080.55067,23169,1888240.0,3918525.56049
2025-04-10 18:00:00,2.0719,2.0884,2.0671,2.078,2257534.4,2025-04-10 18:59:59.999,4690063.37121,14350,1047486.7,2175944.00636
2025-04-10 19:00:00,2.0776,2.1009,2.0751,2.0835,2718226.2,2025-04-10 19:59:59.999,5669832.55541,13082,1548803.6,3230080.9121
2025-04-10 20:00:00,2.0834,2.1317,2.0828,2.1171,2787740.9,2025-04-10 20:59:59.999,5883234.93385,12646,1540014.5,3249460.58539
2025-04-10 21:00:00,2.1169,2.1214,2.0883,2.0987,1324985.2,2025-04-10 21:59:59.999,2787652.91946,7958,677173.3,1424398.44486
2025-04-10 22:00:00,2.0988,2.1093,2.0861,2.1024,1056325.5,2025-04-10 22:59:59.999,2218767.1467,7981,514749.1,1081280.82422
2025-04-10 23:00:00,2.1023,2.1221,2.0927,2.1127,1418238.9,2025-04-10 23:59:59.999,2986542.33586,9190,613333.1,1291550.76359
2025-04-11 00:00:00,2.1126,2.1257,2.0966,2.1008,1741640.0,2025-04-11 00:59:59.999,3677876.5384,13599,826545.6,1745261.57303
2025-04-11 01:00:00,2.1009,2.1456,2.1004,2.1435,2274178.5,2025-04-11 01:59:59.999,4825764.26775,13754,1160021.5,2463360.13905
2025-04-11 02:00:00,2.1436,2.1672,2.1315,2.15,2561276.8,2025-04-11 02:59:59.999,5511999.60193,13557,1255891.7,2700188.92332
2025-04-11 03:00:00,2.1497,2.1742,2.1496,2.1714,2241980.4,2025-04-11 03:59:59.999,4848034.35387,10959,1286748.4,2782119.7897
2025-04-11 04:00:00,2.1712,2.1842,2.163,2.1709,1619733.6,2025-04-11 04:59:59.999,3519902.7783,9631,822976.7,1788887.21149
2025-04-11 05:00:00,2.1712,2.18,2.1578,2.177,1369709.3,2025-04-11 05:59:59.999,2966675.12609,7565,711183.6,1540574.42099
2025-04-11 06:00:00,2.1769,2.2082,2.1769,2.1991,2708962.8,2025-04-11 06:59:59.999,5948380.46534,14373,1457832.8,3201401.06407
2025-04-11 07:00:00,2.1992,2.2049,2.1748,2.1845,1966443.7,2025-04-11 07:59:59.999,4305318.29467,10541,955224.4,2091662.85456
2025-04-11 08:00:00,2.1845,2.2028,2.1684,2.183,3633945.9,2025-04-11 08:59:59.999,7934812.58571,20046,1839466.9,4016485.01204
2025-04-11 09:00:00,2.183,2.2042,2.1716,2.1967,2814504.0,2025-04-11 09:59:59.999,6169434.7865,15992,1524828.3,3344064.12901
2025-04-11 10:00:00,2.1968,2.2223,2.1867,2.1932,4312775.8,2025-04-11 10:59:59.999,9500218.43493,23093,2288469.6,5041311.08146
2025-04-11 11:00:00,2.1931,2.1947,2.168,2.1796,3858825.4,2025-04-11 11:59:59.999,8406457.78581,19101,1890224.4,4118476.30884
2025-04-11 12:00:00,2.1797,2.2323,2.1648,2.1743,8724831.4,2025-04-11 12:59:59.999,19115957.81096,44474,4725021.8,10355014.47271
2025-04-11 13:00:00,2.1743,2.2176,2.1665,2.1936,6762405.4,2025-04-11 13:59:59.999,14805174.39785,35482,3561380.9,7801273.70964
2025-04-11 14:00:00,2.1935,2.1988,2.1559,2.1749,7622693.7,2025-04-11 14:59:59.999,16597582.68297,36337,3898303.1,8492224.3138
2025-04-11 15:00:00,2.1748,2.202,2.1658,2.1876,4162194.3,2025-04-11 15:59:59.999,9089097.59379,22435,2280812.3,4982283.68387
2025-04-11 16:00:00,2.1877,2.2028,2.1738,2.1874,3770571.1,2025-04-11 16:59:59.999,8261826.60513,18675,2120298.9,4647369.29131
2025-04-11 17:00:00,2.1876,2.2185,2.1834,2.213,4092342.3,2025-04-11 17:59:59.999,9001748.26964,20043,2353583.1,5178301.01976
2025-04-11 18:00:00,2.2131,2.2499,2.2073,2.2273,3490402.0,2025-04-11 18:59:59.999,7797870.14435,26251,1933244.0,4319699.90139
2025-04-11 19:00:00,2.2276,2.2392,2.214,2.2242,1309277.1,2025-04-11 19:59:59.999,2913194.89756,13989,704480.3,1568135.51984
2025-04-11 20:00:00,2.2241,2.2346,2.2132,2.2289,2140336.7,2025-04-11 20:59:59.999,4764905.93078,10261,1148692.7,2557783.98391
2025-04-11 21:00:00,2.2287,2.2457,2.2075,2.214,1937492.6,2025-04-11 21:59:59.999,4318354.49361,11000,1013418.1,2260374.77321
2025-04-11 22:00:00,2.214,2.2198,2.1973,2.1996,2137394.5,2025-04-11 22:59:59.999,4719323.18387,10894,905656.5,2000988.04465
2025-04-11 23:00:00,2.1995,2.1998,2.1753,2.1882,2312674.2,2025-04-11 23:59:59.999,5054374.25492,11705,1270367.8,2775647.62019
2025-04-12 00:00:00,2.188,2.1908,2.176,2.1826,2637395.5,2025-04-12 00:59:59.999,5758848.83231,14154,1430246.2,3123198.95561
2025-04-12 01:00:00,2.1824,2.1871,2.1727,2.1812,1380372.7,2025-04-12 01:59:59.999,3008446.43481,8288,673355.1,1467735.24449
2025-04-12 02:00:00,2.1808,2.1853,2.1629,2.163,1093453.4,2025-04-12 02:59:59.999,2377037.6202,7840,533009.8,1158870.10286
2025-04-12 03:00:00,2.1629,2.1827,2.1575,2.167,1718124.8,2025-04-12 03:59:59.999,3723141.95499,8661,925248.7,2006301.2535
2025-04-12 04:00:00,2.167,2.1935,2.1576,2.1932,3207327.7,2025-04-12 04:59:59.999,6982489.27566,14571,1788549.5,3895410.58671
2025-04-12 05:00:00,2.1934,2.1995,2.1789,2.1825,1674531.6,2025-04-12 05:59:59.999,3667653.0726,8980,763083.0,1671896.58378
2025-04-12 06:00:00,2.1827,2.1986,2.1822,2.1883,1484394.5,2025-04-12 06:59:59.999,3251249.7839,8435,816814.8,1788972.71668
2025-04-12 07:00:00,2.1884,2.2097,2.1846,2.2016,3047411.0,2025-04-12 07:59:59.999,6694204.26902,13673,1762344.3,3870603.11659
2025-04-12 08:00:00,2.2016,2.239,2.2003,2.2213,4484659.7,2025-04-12 08:59:59.999,9972797.25288,18223,2458091.0,5465795.55032
2025-04-12 09:00:00,2.2213,2.2308,2.208,2.2193,2430420.5,2025-04-12 09:59:59.999,5392074.40852,11009,1365591.5,3029792.47262
2025-04-12 10:00:00,2.2191,2.2202,2.188,2.1928,2879140.6,2025-04-12 10:59:59.999,6339510.96063,11871,1548571.2,3410246.02058
2025-04-12 11:00:00,2.1929,2.2127,2.1929,2.2023,1954395.8,2025-04-12 11:59:59.999,4307426.70277,9518,991338.0,2184593.66382
2025-04-12 12:00:00,2.2025,2.2085,2.1871,2.2016,2831938.3,2025-04-12 12:59:59.999,6220931.09178,14262,1224844.4,2690698.89934
2025-04-12 13:00:00,2.2017,2.28,2.1989,2.2609,15062606.2,2025-04-12 13:59:59.999,33771995.94951,52187,7220542.3,16191717.01129
2025-04-12 14:00:00,2.2609,2.3668,2.2556,2.3119,10826344.6,2025-04-12 14:59:59.999,25009697.82995,53926,6480463.6,14962988.01225
2025-04-12 15:00:00,2.3118,2.345,2.2891,2.3178,6422336.3,2025-04-12 15:59:59.999,14913737.06193,33126,3436272.8,7977620.42973
2025-04-12 16:00:00,2.3178,2.3329,2.2812,2.2956,4041071.5,2025-04-12 16:59:59.999,9315325.20138,22247,2158245.2,4976795.4488
2025-04-12 17:00:00,2.2954,2.3018,2.2716,2.2892,3116875.2,2025-04-12 17:59:59.999,7128209.51199,16701,1646744.4,3768131.93535
2025-04-12 18:00:00,2.2891,2.3299,2.2886,2.3298,2339794.3,2025-04-12 18:59:59.999,5416056.40009,12929,1293992.6,2993560.58623
2025-04-12 19:00:00,2.3298,2.3574,2.3217,2.3394,3334237.3,2025-04-12 19:59:59.999,7800191.715,19008,1582660.5,3702786.00949
2025-04-12 20:00:00,2.3394,2.382,2.3386,2.3678,4293995.2,2025-04-12 20:59:59.999,10156219.16057,23150,2212821.7,5233064.00272
2025-04-12 21:00:00,2.3677,2.3758,2.3454,2.3661,2554910.8,2025-04-12 21:59:59.999,6032832.43001,15164,1295563.4,3059161.07194
2025-04-12 22:00:00,2.3664,2.3979,2.3514,2.3552,2918437.1,2025-04-12 22:59:59.999,6933281.36837,19840,1456555.2,3462402.3717
2025-04-12 23:00:00,2.3554,2.3612,2.3385,2.3463,2085757.5,2025-04-12 23:59:59.999,4899286.74735,13539,971569.5,2281991.67288
2025-04-13 00:00:00,2.3465,2.3567,2.3244,2.346,3513622.6,2025-04-13 00:59:59.999,8229348.26224,20218,1744405.4,4086933.25874
2025-04-13 01:00:00,2.3462,2.3536,2.32,2.3254,3967508.1,2025-04-13 01:59:59.999,9273807.62391,22318,2328878.9,5444879.01237
2025-04-13 02:00:00,2.3256,2.3564,2.3147,2.3487,5741717.2,2025-04-13 02:59:59.999,13397812.10025,27630,3078885.4,7184249.00811
2025-04-13 03:00:00,2.3486,2.4175,2.3473,2.4114,5493275.3,2025-04-13 03:59:59.999,13079630.76739,31154,3133764.5,7460290.96733
2025-04-13 04:00:00,2.4111,2.4114,2.3476,2.3585,4106489.5,2025-04-13 04:59:59.999,9756554.30712,23699,1947970.1,4628575.63609
2025-04-13 05:00:00,2.3585,2.368,2.335,2.35,3436150.2,2025-04-13 05:59:59.999,8082930.69194,18206,1614448.8,3797437.53838
2025-04-13 06:00:00,2.35,2.3629,2.3404,2.3457,2041879.2,2025-04-13 06:59:59.999,4799497.87137,12210,934420.0,2197199.95298
2025-04-13 07:00:00,2.3457,2.3543,2.3171,2.3241,2227430.1,2025-04-13 07:59:59.999,5199414.03714,13748,1063230.6,2481831.31832
2025-04-13 08:00:00,2.3242,2.3453,2.3037,2.3433,3064340.2,2025-04-13 08:59:59.999,7118009.64907,18194,1501089.2,3487989.09515
2025-04-13 09:00:00,2.3434,2.3668,2.3331,2.3628,2723876.5,2025-04-13 09:59:59.999,6395945.92524,15091,1364905.3,3205349.62369
2025-04-13 10:00:00,2.3629,2.3698,2.3369,2.3532,3080196.5,2025-04-13 10:59:59.999,7241106.30586,16318,1635399.1,3844981.31772
2025-04-13 11:00:00,2.353,2.3556,2.3124,2.3288,1912546.5,2025-04-13 11:59:59.999,4451478.60716,12146,874386.0,2035356.81924
2025-04-13 12:00:00,2.329,2.3456,2.3228,2.3316,2019116.8,2025-04-13 12:59:59.999,4711971.76474,12451,1015609.8,2370143.58455
2025-04-13 13:00:00,2.3318,2.3379,2.2734,2.2829,3885960.4,2025-04-13 13:59:59.999,8949128.05804,18478,1892595.5,4358517.16705
2025-04-13 14:00:00,2.2829,2.2974,2.2717,2.2793,6210603.2,2025-04-13 14:59:59.999,14171055.8105,21916,3090228.5,7050625.50436
2025-04-13 15:00:00,2.2792,2.2792,2.2443,2.2633,7698521.1,2025-04-13 15:59:59.999,17380916.85951,29358,4493059.4,10138848.50602
2025-04-13 16:00:00,2.2632,2.2886,2.2624,2.2766,3499925.1,2025-04-13 16:59:59.999,7959753.4134,16403,1698164.4,3861223.87342
2025-04-13 17:00:00,2.2766,2.3295,2.2718,2.3179,3819887.5,2025-04-13 17:59:59.999,8807436.88332,21845,2106163.6,4859430.81417
2025-04-13 18:00:00,2.3181,2.3301,2.2978,2.3025,4013834.4,2025-04-13 18:59:59.999,9270813.00009,19161,2208994.8,5102468.70317
2025-04-13 19:00:00,2.3026,2.3035,2.2098,2.2352,6372112.2,2025-04-13 19:59:59.999,14293364.39259,36481,2713749.7,6085753.67769
2025-04-13 20:00:00,2.2355,2.2567,2.2076,2.2254,4942601.5,2025-04-13 20:59:59.999,11025498.4459,25853,2302948.9,5138441.26829
2025-04-13 21:00:00,2.2255,2.238,2.2032,2.2227,3980387.5,2025-04-13 21:59:59.999,8824610.1544,16884,1935647.9,4291857.57498
2025-04-13 22:00:00,2.2228,2.2342,2.2036,2.2112,2286131.5,2025-04-13 22:59:59.999,5063319.35471,14331,1123621.4,2488435.21903
2025-04-13 23:00:00,2.2113,2.241,2.2065,2.2335,2283105.2,2025-04-13 23:59:59.999,5079890.57576,14369,1112041.7,2474401.49896
2025-04-14 00:00:00,2.2335,2.2939,2.2259,2.2489,4032810.7,2025-04-14 00:59:59.999,9129063.64818,25955,2191777.4,4962969.40068
2025-04-14 01:00:00,2.2489,2.265,2.2369,2.2439,2468160.8,2025-04-14 01:59:59.999,5557966.63542,16508,1240117.8,2793067.89771
2025-04-14 02:00:00,2.244,2.3211,2.2365,2.2784,4205090.1,2025-04-14 02:59:59.999,9608415.6573,26012,2137622.2,4880759.82722
2025-04-14 03:00:00,2.2782,2.2797,2.2427,2.2535,3498233.3,2025-04-14 03:59:59.999,7916509.404,17090,2016536.3,4565433.92687
2025-04-14 04:00:00,2.2536,2.2925,2.2467,2.2844,3197616.3,2025-04-14 04:59:59.999,7258848.96555,15857,1636796.5,3716375.30489
2025-04-14 05:00:00,2.2845,2.2895,2.2612,2.2755,2145107.7,2025-04-14 05:59:59.999,4882471.47924,12127,1050228.9,2390419.16093
2025-04-14 06:00:00,2.2753,2.2756,2.2493,2.2568,1721337.0,2025-04-14 06:59:59.999,3892683.23975,11235,860392.0,1945876.28842
2025-04-14 07:00:00,2.2567,2.2583,2.227,2.2552,3113039.1,2025-04-14 07:59:59.999,6991378.5503,18676,1626354.8,3652066.56225
2025-04-14 08:00:00,2.2554,2.2939,2.2533,2.2824,3217591.6,2025-04-14 08:59:59.999,7318802.79483,17717,1785210.6,4062607.91086
2025-04-14 09:00:00,2.2827,2.3007,2.2802,2.2892,2118363.3,2025-04-14 09:59:59.999,4855305.3273,18366,1085203.6,2487059.90298
2025-04-14 10:00:00,2.2892,2.3319,2.2831,2.3225,3266386.1,2025-04-14 10:59:59.999,7558889.62913,24525,1561879.7,3614489.49154
2025-04-14 11:00:00,2.3226,2.328,2.3049,2.3248,2301300.3,2025-04-14 11:59:59.999,5333559.08656,20651,1021056.0,2365693.04802
2025-04-14 12:00:00,2.3248,2.3448,2.3175,2.3383,3298518.6,2025-04-14 12:59:59.999,7689856.5569,24575,1387048.4,3233220.70861
2025-04-14 13:00:00,2.3383,2.351,2.2654,2.2855,6039514.0,2025-04-14 13:59:59.999,13939889.22529,37490,2498869.2,5767647.54371
2025-04-14 14:00:00,2.2856,2.344,2.2793,2.3085,4898813.6,2025-04-14 14:59:59.999,11322461.98423,30677,2523577.4,5830923.91096
2025-04-14 15:00:00,2.3084,2.3122,2.2066,2.2116,11965096.4,2025-04-14 15:59:59.999,26977915.47553,54179,4387796.6,9890397.17544
2025-04-14 16:00:00,2.2117,2.2336,2.193,2.2112,6012223.0,2025-04-14 16:59:59.999,13319489.14298,28628,2580569.9,5717456.74138
2025-04-14 17:00:00,2.2113,2.2278,2.1996,2.2257,3333820.5,2025-04-14 17:59:59.999,7384661.50095,19559,1701601.4,3770049.1731
2025-04-14 18:00:00,2.2258,2.2439,2.2074,2.2199,2924268.7,2025-04-14 18:59:59.999,6514400.23236,16286,1524562.9,3396708.09896
2025-04-14 19:00:00,2.2192,2.2284,2.2068,2.2127,1498595.5,2025-04-14 19:59:59.999,3322605.64674,10935,686890.1,1522861.18426
2025-04-14 20:00:00,2.2128,2.2143,2.1853,2.2072,2056388.8,2025-04-14 20:59:59.999,4521468.25058,13408,896980.0,1972182.32545
2025-04-14 21:00:00,2.2072,2.2074,2.1724,2.1916,1540144.9,2025-04-14 21:59:59.999,3370260.74758,10249,625165.7,1367873.40432
2025-04-14 22:00:00,2.1916,2.1977,2.1807,2.191,938217.8,2025-04-14 22:59:59.999,2053488.02089,8939,448852.4,982528.13134
2025-04-14 23:00:00,2.191,2.1989,2.1806,2.1925,1077938.0,2025-04-14 23:59:59.999,2360533.48647,8513,487181.3,1067192.65254
2025-04-15 00:00:00,2.1925,2.1989,2.1687,2.1911,1886695.6,2025-04-15 00:59:59.999,4122348.56864,13907,903783.1,1975988.57985
2025-04-15 01:00:00,2.191,2.2035,2.1698,2.1985,2098600.6,2025-04-15 01:59:59.999,4588131.52822,14967,964428.2,2108342.82749
2025-04-15 02:00:00,2.1986,2.1999,2.1654,2.1851,1991812.8,2025-04-15 02:59:59.999,4343088.62291,13180,914926.2,1994563.1453
2025-04-15 03:00:00,2.1852,2.2037,2.1792,2.2005,1803985.7,2025-04-15 03:59:59.999,3957077.46117,11517,894465.0,1962027.39409
2025-04-15 04:00:00,2.2004,2.23,2.1782,2.2049,3609199.0,2025-04-15 04:59:59.999,7936069.58738,16782,2019238.8,4443136.83052
2025-04-15 05:00:00,2.2049,2.2136,2.1919,2.192,1863741.5,2025-04-15 05:59:59.999,4107459.91989,11852,835593.5,1841881.95589
2025-04-15 06:00:00,2.1919,2.1959,2.1809,2.1857,1261995.3,2025-04-15 06:59:59.999,2760789.09508,9074,639193.2,1398065.46323
2025-04-15 07:00:00,2.1857,2.2161,2.185,2.2033,1452130.9,2025-04-15 07:59:59.999,3197356.99323,9390,738900.1,1627342.70601
2025-04-15 08:00:00,2.2031,2.2173,2.1967,2.2031,1365749.9,2025-04-15 08:59:59.999,3011473.46432,7753,786822.9,1735455.02502
2025-04-15 09:00:00,2.2029,2.2332,2.1981,2.2314,3124567.0,2025-04-15 09:59:59.999,6927282.93291,15451,1353242.0,3002053.77195
2025-04-15 10:00:00,2.2315,2.2387,2.1859,2.2011,2615374.0,2025-04-15 10:59:59.999,5772688.42249,14266,1275849.2,2816944.02059
2025-04-15 11:00:00,2.2012,2.2024,2.1747,2.1988,2071111.3,2025-04-15 11:59:59.999,4529917.22732,13833,1029674.9,2251961.85856
2025-04-15 12:00:00,2.1987,2.2108,2.1781,2.1948,2177705.9,2025-04-15 12:59:59.999,4776700.39214,15655,1102888.3,2418925.45546
2025-04-15 13:00:00,2.195,2.2374,2.185,2.2159,4447099.5,2025-04-15 13:59:59.999,9828646.51721,29665,2427400.4,5364947.76059
2025-04-15 14:00:00,2.216,2.25,2.1298,2.1616,18098484.8,2025-04-15 14:59:59.999,39306467.81535,117101,9526498.8,20693231.69972
2025-04-15 15:00:00,2.1619,2.1917,2.143,2.161,3467399.9,2025-04-15 15:59:59.999,7514097.65227,24911,1575693.6,3414665.78927
2025-04-15 16:00:00,2.1611,2.1684,2.1478,2.1527,1323358.5,2025-04-15 16:59:59.999,2857384.2044,13420,641787.6,1385670.5327
2025-04-15 17:00:00,2.1527,2.1553,2.1223,2.1265,1546333.9,2025-04-15 17:59:59.999,3306143.20342,14591,795158.0,1699842.01637
2025-04-15 18:00:00,2.1264,2.1325,2.0967,2.1145,3519359.2,2025-04-15 18:59:59.999,7439252.62838,23709,1448146.1,3062596.34001
2025-04-15 19:00:00,2.1145,2.1256,2.1083,2.123,1718259.3,2025-04-15 19:59:59.999,3640101.96432,12807,1047432.6,2219142.55747
2025-04-15 20:00:00,2.123,2.1405,2.1047,2.1186,1317766.1,2025-04-15 20:59:59.999,2799611.11848,11082,668381.0,1419901.5927
2025-04-15 21:00:00,2.1187,2.1286,2.1093,2.1206,923631.7,2025-04-15 21:59:59.999,1958262.83159,8229,442028.0,936788.484
2025-04-15 22:00:00,2.1206,2.1206,2.0966,2.1035,972857.8,2025-04-15 22:59:59.999,2049445.01457,10140,523544.5,1102871.14442
2025-04-15 23:00:00,2.1034,2.1046,2.0836,2.0889,2095140.4,2025-04-15 23:59:59.999,4387166.0143,16576,976318.6,2044588.97963
2025-04-16 00:00:00,2.0887,2.0979,2.0694,2.0794,2002028.9,2025-04-16 00:59:59.999,4171644.31703,19222,929317.7,1937489.59987
2025-04-16 01:00:00,2.0793,2.1143,2.0752,2.1035,1382019.7,2025-04-16 01:59:59.999,2899651.00674,14580,862069.8,1808231.63117
2025-04-16 02:00:00,2.1036,2.1098,2.0928,2.1021,1446038.1,2025-04-16 02:59:59.999,3040715.93912,11807,829790.1,1745182.3493
2025-04-16 03:00:00,2.1021,2.109,2.0946,2.0966,1066144.4,2025-04-16 03:59:59.999,2240712.95309,8927,574300.7,1207307.43127
2025-04-16 04:00:00,2.0964,2.1053,2.078,2.0918,1244260.9,2025-04-16 04:59:59.999,2600243.0126,10355,571206.8,1193544.09604
2025-04-16 05:00:00,2.0918,2.107,2.0725,2.0841,2003352.8,2025-04-16 05:59:59.999,4178299.07912,14331,1035637.7,2159081.8772
2025-04-16 06:00:00,2.084,2.1091,2.0783,2.1043,1701513.1,2025-04-16 06:59:59.999,3565525.05161,10405,1121006.7,2349529.80501
2025-04-16 07:00:00,2.1044,2.1111,2.0801,2.0849,1005984.3,2025-04-16 07:59:59.999,2104942.80527,8582,443344.5,927862.06822
2025-04-16 08:00:00,2.0849,2.1066,2.0547,2.0941,3856699.6,2025-04-16 08:59:59.999,8024516.07667,26616,1738523.9,3621480.32824
2025-04-16 09:00:00,2.0942,2.1047,2.0705,2.0708,1251415.3,2025-04-16 09:59:59.999,2615821.66605,12551,615249.9,1285561.32846
2025-04-16 10:00:00,2.0708,2.0902,2.0676,2.0856,1313720.7,2025-04-16 10:59:59.999,2727718.75703,13005,615550.6,1279061.22183
2025-04-16 11:00:00,2.0857,2.098,2.0703,2.0906,1597124.3,2025-04-16 11:59:59.999,3332718.62007,14395,816648.3,1703753.81673
2025-04-16 12:00:00,2.0906,2.1021,2.0642,2.0649,1852777.2,2025-04-16 12:59:59.999,3861030.59538,15078,952729.8,1985947.89942
2025-04-16 13:00:00,2.065,2.088,2.0591,2.0729,2796481.4,2025-04-16 13:59:59.999,5788145.595,20586,1530713.6,3167992.38363
2025-04-16 14:00:00,2.0728,2.1235,2.0721,2.1082,3006836.0,2025-04-16 14:59:59.999,6324694.69765,23290,1409610.2,2965571.22507
2025-04-16 15:00:00,2.1083,2.1356,2.0952,2.0987,4750998.6,2025-04-16 15:59:59.999,10062825.77949,26363,2750530.8,5824074.77178
2025-04-16 16:00:00,2.0987,2.1058,2.0624,2.0885,2306701.7,2025-04-16 16:59:59.999,4801535.01584,19293,1280415.4,2666015.46092
2025-04-16 17:00:00,2.0885,2.1264,2.0212,2.0292,6534653.2,2025-04-16 17:59:59.999,13530722.46594,45942,3159443.0,6548754.11527
2025-04-16 18:00:00,2.03,2.0943,2.0291,2.0808,6522603.4,2025-04-16 18:59:59.999,13468886.92774,40643,3412612.6,7044715.76784
2025-04-16 19:00:00,2.0808,2.1146,2.0635,2.1047,2926498.4,2025-04-16 19:59:59.999,6110346.39959,25704,1271605.1,2654595.56047
2025-04-16 20:00:00,2.1042,2.1232,2.055,2.063,3238216.7,2025-04-16 20:59:59.999,6787507.18061,24120,1524697.1,3196737.78183
2025-04-16 21:00:00,2.0629,2.0829,2.0586,2.0778,2329996.1,2025-04-16 21:59:59.999,4825493.57475,16384,1158212.7,2398688.75232
2025-04-16 22:00:00,2.0779,2.0803,2.0654,2.0729,798685.1,2025-04-16 22:59:59.999,1655818.58056,9750,356354.1,738753.57869
2025-04-16 23:00:00,2.0729,2.075,2.0476,2.0555,1202544.6,2025-04-16 23:59:59.999,2475694.41926,9889,626771.1,1290088.50108
2025-04-17 00:00:00,2.0556,2.062,2.0437,2.0571,1018759.2,2025-04-17 00:59:59.999,2091681.34331,12018,542512.9,1113918.5737
2025-04-17 01:00:00,2.0571,2.0785,2.0515,2.0675,1482561.2,2025-04-17 01:59:59.999,3064161.50617,11717,706704.9,1460679.2428
2025-04-17 02:00:00,2.0675,2.0677,2.0464,2.0582,777185.1,2025-04-17 02:59:59.999,1596841.04467,9280,409639.2,841812.16332
2025-04-17 03:00:00,2.0582,2.0745,2.0553,2.0705,1591915.5,2025-04-17 03:59:59.999,3288446.6681,11984,898405.3,1855991.47131
2025-04-17 04:00:00,2.0704,2.0827,2.0634,2.0772,1017058.9,2025-04-17 04:59:59.999,2106828.8434,9393,454829.0,942086.4347
2025-04-17 05:00:00,2.0773,2.1067,2.0772,2.0978,1497885.2,2025-04-17 05:59:59.999,3135640.55227,12268,724067.9,1515649.00933
2025-04-17 06:00:00,2.0978,2.1167,2.0933,2.1072,1775579.6,2025-04-17 06:59:59.999,3740892.168,12179,859201.1,1810243.24133
2025-04-17 07:00:00,2.1074,2.1159,2.0967,2.1053,1454896.1,2025-04-17 07:59:59.999,3060551.71282,10183,633044.2,1332000.32008
2025-04-17 08:00:00,2.1054,2.1119,2.0905,2.0929,1604096.4,2025-04-17 08:59:59.999,3372736.52856,9212,712039.3,1496793.83631
2025-04-17 09:00:00,2.093,2.1032,2.0849,2.0993,1205740.6,2025-04-17 09:59:59.999,2524424.66492,8498,621136.4,1301061.08507
2025-04-17 10:00:00,2.0995,2.1035,2.0847,2.0956,928074.1,2025-04-17 10:59:59.999,1942641.67207,8973,423057.3,885406.72189
2025-04-17 11:00:00,2.0956,2.1121,2.0916,2.1032,951884.0,2025-04-17 11:59:59.999,2002497.94469,8462,393749.9,828055.79509
2025-04-17 12:00:00,2.1033,2.1192,2.1031,2.1092,1366530.7,2025-04-17 12:59:59.999,2885513.48948,11101,640373.5,1352260.04817
2025-04-17 13:00:00,2.1091,2.1091,2.0902,2.0963,1055728.9,2025-04-17 13:59:59.999,2216510.18983,11514,466135.6,978862.67172
2025-04-17 14:00:00,2.0963,2.0998,2.055,2.0729,2857289.1,2025-04-17 14:59:59.999,5929065.18483,19692,1275257.5,2645182.93193
2025-04-17 15:00:00,2.0731,2.1137,2.0731,2.1045,2898067.3,2025-04-17 15:59:59.999,6078735.54892,19872,1461412.9,3065725.62034
2025-04-17 16:00:00,2.1045,2.1562,2.0966,2.1436,3841679.1,2025-04-17 16:59:59.999,8179774.99186,26557,1992506.3,4243663.56155
2025-04-17 17:00:00,2.1437,2.1592,2.1372,2.1517,1921497.5,2025-04-17 17:59:59.999,4130760.21775,15605,873845.6,1879106.47011
2025-04-17 18:00:00,2.1518,2.1705,2.1373,2.1375,2311079.4,2025-04-17 18:59:59.999,4980469.87252,15715,1048588.5,2260812.95099
2025-04-17 19:00:00,2.1377,2.1482,2.1064,2.1231,3028236.0,2025-04-17 19:59:59.999,6423028.12218,17269,1521080.8,3226013.69698
2025-04-17 20:00:00,2.1229,2.1446,2.1229,2.1356,2179585.4,2025-04-17 20:59:59.999,4651964.98364,12197,1262575.9,2694828.52557
2025-04-17 21:00:00,2.1357,2.1428,2.1285,2.1385,689752.9,2025-04-17 21:59:59.999,1472646.94336,7015,291067.4,621548.79603
2025-04-17 22:00:00,2.1385,2.1412,2.1095,2.1098,1394694.1,2025-04-17 22:59:59.999,2960454.66304,9444,531059.9,1127218.9165
2025-04-17 23:00:00,2.11,2.13,2.11,2.123,1208571.0,2025-04-17 23:59:59.999,2563577.09784,7894,727031.5,1541821.45674
2025-04-18 00:00:00,2.1231,2.1289,2.1015,2.1085,1126933.4,2025-04-18 00:59:59.999,2383441.61633,9997,519514.4,1098032.28352
2025-04-18 01:00:00,2.1084,2.1291,2.1019,2.1185,790665.3,2025-04-18 01:59:59.999,1675664.58232,9255,359880.1,762866.64936
2025-04-18 02:00:00,2.1185,2.1379,2.1109,2.1314,728824.3,2025-04-18 02:59:59.999,1548692.40998,8624,318858.9,677616.44131
2025-04-18 03:00:00,2.1314,2.1324,2.1094,2.122,644301.2,2025-04-18 03:59:59.999,1365233.31983,6830,322604.9,683569.09799
2025-04-18 04:00:00,2.122,2.1272,2.1095,2.119,743167.0,2025-04-18 04:59:59.999,1574399.0108,6548,323380.2,684833.50766
2025-04-18 05:00:00,2.1189,2.1196,2.1004,2.1125,867664.5,2025-04-18 05:59:59.999,1828996.98113,7417,468868.6,988474.07806
2025-04-18 06:00:00,2.1124,2.1144,2.0963,2.1143,1246490.3,2025-04-18 06:59:59.999,2622483.41933,8669,777651.3,1636049.56629
2025-04-18 07:00:00,2.1143,2.122,2.0984,2.1214,972476.1,2025-04-18 07:59:59.999,2053612.34929,9908,496014.1,1047515.91881
2025-04-18 08:00:00,2.1215,2.1431,2.1172,2.1267,1472112.2,2025-04-18 08:59:59.999,3137023.93434,11189,637774.9,1358953.32544
2025-04-18 09:00:00,2.1267,2.1355,2.1184,2.1233,854823.2,2025-04-18 09:59:59.999,1815569.51717,7849,336495.7,714843.37644
2025-04-18 10:00:00,2.1234,2.1298,2.1098,2.115,797481.2,2025-04-18 10:59:59.999,1690377.05904,7339,455401.1,965329.75437
2025-04-18 11:00:00,2.115,2.129,2.1088,2.1284,498950.7,2025-04-18 11:59:59.999,1057348.58807,5972,230427.5,488362.80484
2025-04-18 12:00:00,2.1284,2.1405,2.1213,2.1316,1036436.2,2025-04-18 12:59:59.999,2210125.56039,7637,504869.9,1076516.72535
2025-04-18 13:00:00,2.1318,2.1368,2.1198,2.1305,3397346.6,2025-04-18 13:59:59.999,7231600.27294,17483,1570185.0,3343389.34899
2025-04-18 14:00:00,2.1303,2.1378,2.1148,2.12,762467.7,2025-04-18 14:59:59.999,1620057.33073,7668,363386.3,772020.76345
2025-04-18 15:00:00,2.1199,2.1224,2.0951,2.1084,1808018.6,2025-04-18 15:59:59.999,3805513.91588,11324,816656.1,1719922.667
2025-04-18 16:00:00,2.1084,2.1227,2.1041,2.1159,947828.5,2025-04-18 16:59:59.999,2003229.83365,7682,402369.1,850304.27245
2025-04-18 17:00:00,2.1159,2.1419,2.1099,2.1388,1613593.8,2025-04-18 17:59:59.999,3437232.49996,10599,755959.0,1611824.81056
2025-04-18 18:00:00,2.139,2.1468,2.1316,2.1431,924435.3,2025-04-18 18:59:59.999,1977492.24467,9511,390161.6,834689.54363
2025-04-18 19:00:00,2.143,2.1542,2.1365,2.1462,1253493.7,2025-04-18 19:59:59.999,2690489.36863,10064,571954.1,1227658.20226
2025-04-18 20:00:00,2.146,2.1473,2.1331,2.1366,753469.8,2025-04-18 20:59:59.999,1611494.82734,6799,267504.9,572206.18931
2025-04-18 21:00:00,2.1366,2.1484,2.132,2.1401,464035.9,2025-04-18 21:59:59.999,992440.99518,4852,237268.0,507398.59661
2025-04-18 22:00:00,2.1401,2.1422,2.1229,2.1238,512693.7,2025-04-18 22:59:59.999,1092877.6812,5356,248793.0,530187.56473
2025-04-18 23:00:00,2.1237,2.1237,2.1073,2.1202,1143025.2,2025-04-18 23:59:59.999,2417371.21476,7513,645989.4,1366019.54898
2025-04-19 00:00:00,2.1203,2.1245,2.1111,2.1169,429072.3,2025-04-19 00:59:59.999,909036.92379,4969,226267.8,479383.76284
2025-04-19 01:00:00,2.117,2.1356,2.1155,2.1248,788705.7,2025-04-19 01:59:59.999,1676762.38627,6011,353709.1,752367.78872
2025-04-19 02:00:00,2.1248,2.1431,2.1211,2.1409,1075762.7,2025-04-19 02:59:59.999,2296580.88837,8313,560098.3,1195604.54803
2025-04-19 03:00:00,2.141,2.151,2.1349,2.1411,2339514.1,2025-04-19 03:59:59.999,5010153.12811,10831,1488836.5,3187842.11473
2025-04-19 04:00:00,2.1411,2.1625,2.141,2.1459,1472727.8,2025-04-19 04:59:59.999,3166465.49098,10278,846577.0,1820011.73569
2025-04-19 05:00:00,2.1459,2.1488,2.1361,2.1401,469432.7,2025-04-19 05:59:59.999,1005451.3772,4848,211019.5,451928.02918
2025-04-19 06:00:00,2.1403,2.1445,2.1303,2.1394,1467728.4,2025-04-19 06:59:59.999,3135304.00453,7609,995299.8,2125953.70924
2025-04-19 07:00:00,2.1393,2.158,2.1386,2.1527,1064282.5,2025-04-19 07:59:59.999,2288183.75824,7266,472519.4,1016114.05137
2025-04-19 08:00:00,2.1526,2.1561,2.1434,2.1489,822729.1,2025-04-19 08:59:59.999,1767815.08034,6251,297867.8,640116.66004
2025-04-19 09:00:00,2.1488,2.1596,2.1396,2.1415,937506.4,2025-04-19 09:59:59.999,2014313.06092,7693,406845.1,873816.44807
2025-04-19 10:00:00,2.1414,2.1425,2.1324,2.1381,845748.5,2025-04-19 10:59:59.999,1808192.50017,6596,336780.3,720050.39323
2025-04-19 11:00:00,2.1381,2.1454,2.137,2.1402,628191.3,2025-04-19 11:59:59.999,1345158.12315,5014,306524.7,656634.26374
2025-04-19 12:00:00,2.1402,2.1457,2.1364,2.1402,358425.6,2025-04-19 12:59:59.999,767575.07053,4241,184230.6,394523.31298
2025-04-19 13:00:00,2.1402,2.1525,2.1354,2.1511,657120.3,2025-04-19 13:59:59.999,1410570.44394,5827,382053.2,820165.33683
2025-04-19 14:00:00,2.1511,2.1538,2.1431,2.1474,742360.6,2025-04-19 14:59:59.999,1594678.63101,5947,440873.9,947343.98893
2025-04-19 15:00:00,2.1472,2.1569,2.1358,2.1398,906694.7,2025-04-19 15:59:59.999,1945984.9659,9154,446530.5,958424.43203
2025-04-19 16:00:00,2.1398,2.1478,2.1221,2.1233,1182707.2,2025-04-19 16:59:59.999,2522393.8462,10994,626673.7,1336174.00349
2025-04-19 17:00:00,2.1234,2.1575,2.122,2.1575,1611167.8,2025-04-19 17:59:59.999,3451769.43826,10846,921083.2,1973355.69527
2025-04-19 18:00:00,2.1575,2.1789,2.1522,2.1537,1836832.4,2025-04-19 18:59:59.999,3976731.7418,13842,815040.3,1764457.83146
2025-04-19 19:00:00,2.1537,2.166,2.148,2.1592,831349.2,2025-04-19 19:59:59.999,1794177.21498,7436,362635.0,782622.52313
2025-04-19 20:00:00,2.159,2.1641,2.1512,2.1597,801916.3,2025-04-19 20:59:59.999,1731464.02653,6777,457457.7,987982.28266
2025-04-19 21:00:00,2.1596,2.1702,2.158,2.1681,639286.1,2025-04-19 21:59:59.999,1384018.00867,5417,339433.3,734841.40182
2025-04-19 22:00:00,2.168,2.1703,2.16,2.1678,722861.7,2025-04-19 22:59:59.999,1565690.85024,5625,363427.6,787413.5453
2025-04-19 23:00:00,2.1678,2.1699,2.1537,2.1549,756924.7,2025-04-19 23:59:59.999,1634293.20429,5717,404397.2,872989.03766
2025-04-20 00:00:00,2.155,2.1643,2.1464,2.1484,1065715.6,2025-04-20 00:59:59.999,2295382.08157,8807,569196.8,1226018.18634
2025-04-20 01:00:00,2.1482,2.1616,2.1469,2.1616,685185.0,2025-04-20 01:59:59.999,1477820.29986,6642,304913.2,657542.93078
2025-04-20 02:00:00,2.1616,2.1621,2.1482,2.1567,881786.5,2025-04-20 02:59:59.999,1899744.24817,6334,496760.3,1069534.10855
2025-04-20 03:00:00,2.1568,2.1604,2.15,2.1563,581684.0,2025-04-20 03:59:59.999,1253409.31691,5247,323359.7,696753.77182
2025-04-20 04:00:00,2.1563,2.1722,2.1523,2.1635,873600.7,2025-04-20 04:59:59.999,1890589.03386,7305,351748.1,761110.57745
2025-04-20 05:00:00,2.1634,2.1694,2.1524,2.1528,637158.1,2025-04-20 05:59:59.999,1377126.50935,6061,321072.3,694027.80333
2025-04-20 06:00:00,2.1528,2.1598,2.1371,2.1384,1183695.2,2025-04-20 06:59:59.999,2542221.29099,9599,643860.7,1383254.64199
2025-04-20 07:00:00,2.1382,2.14,2.123,2.138,1554430.4,2025-04-20 07:59:59.999,3314304.914,11659,759626.9,1619581.59385
2025-04-20 08:00:00,2.1381,2.142,2.1164,2.1233,1203891.9,2025-04-20 08:59:59.999,2562285.2388,8457,512031.2,1090365.19902
2025-04-20 09:00:00,2.1233,2.1265,2.1116,2.1221,1079007.5,2025-04-20 09:59:59.999,2287272.04967,8177,555003.6,1176698.80375
2025-04-20 10:00:00,2.122,2.1294,2.0881,2.0992,2731157.3,2025-04-20 10:59:59.999,5764539.75841,13487,1062410.8,2242045.8147
2025-04-20 11:00:00,2.0988,2.105,2.0828,2.0962,2359329.6,2025-04-20 11:59:59.999,4940953.16271,12211,890041.1,1865548.39723
2025-04-20 12:00:00,2.0962,2.1148,2.0951,2.1008,3025677.5,2025-04-20 12:59:59.999,6365217.01879,12357,1639957.8,3448983.6923
2025-04-20 13:00:00,2.1009,2.1072,2.0894,2.1028,685405.6,2025-04-20 13:59:59.999,1438813.38709,6362,391067.5,821273.01927
2025-04-20 14:00:00,2.1027,2.1172,2.0997,2.1121,785068.5,2025-04-20 14:59:59.999,1656470.94391,7028,388969.3,820684.09035
2025-04-20 15:00:00,2.112,2.1155,2.085,2.088,1777821.7,2025-04-20 15:59:59.999,3732101.59544,9640,876713.2,1841124.33455
2025-04-20 16:00:00,2.088,2.1096,2.0821,2.1083,902913.7,2025-04-20 16:59:59.999,1895660.3556,8796,485751.4,1020112.66326
2025-04-20 17:00:00,2.1083,2.1097,2.0976,2.1059,915532.3,2025-04-20 17:59:59.999,1926368.95323,6712,485500.8,1021107.651
2025-04-20 18:00:00,2.1058,2.1066,2.0868,2.0939,1031126.4,2025-04-20 18:59:59.999,2159247.34056,8563,474100.4,992262.0663
2025-04-20 19:00:00,2.094,2.1089,2.0891,2.1073,1072670.3,2025-04-20 19:59:59.999,2248769.3789,7769,407276.9,854178.58993
2025-04-20 20:00:00,2.1073,2.1381,2.1038,2.1169,2250315.0,2025-04-20 20:59:59.999,4780574.9441,15188,1169229.7,2483801.01336
2025-04-20 21:00:00,2.1168,2.1197,2.1056,2.1142,630269.1,2025-04-20 21:59:59.999,1330683.46503,5714,286058.7,604183.09432
2025-04-20 22:00:00,2.1142,2.1146,2.092,2.0999,842388.5,2025-04-20 22:59:59.999,1768633.40555,6702,347472.8,729639.33312
2025-04-20 23:00:00,2.0999,2.1163,2.0999,2.1135,536138.6,2025-04-20 23:59:59.999,1130153.70677,5267,260455.5,549172.71145
2025-04-21 00:00:00,2.1135,2.1853,2.1096,2.1682,4596656.7,2025-04-21 00:59:59.999,9906237.95927,37360,2293052.5,4940597.47611
2025-04-21 01:00:00,2.1682,2.2085,2.1682,2.2037,3718448.0,2025-04-21 01:59:59.999,8133547.16881,24292,2089129.1,4569446.49478
2025-04-21 02:00:00,2.2038,2.216,2.1869,2.1939,5122953.6,2025-04-21 02:59:59.999,11275356.69647,28716,2533904.1,5577980.61757
2025-04-21 03:00:00,2.1939,2.2137,2.1936,2.1972,3397279.0,2025-04-21 03:59:59.999,7487927.76415,16365,1597055.0,3519248.32414
2025-04-21 04:00:00,2.1972,2.2279,2.1965,2.2172,2362521.2,2025-04-21 04:59:59.999,5230488.42283,15631,1274438.8,2821866.11117
2025-04-21 05:00:00,2.217,2.2392,2.2133,2.239,2417281.1,2025-04-21 05:59:59.999,5379098.16151,15875,1298412.5,2890006.07214
2025-04-21 06:00:00,2.2391,2.2598,2.2343,2.2565,2824133.0,2025-04-21 06:59:59.999,6344792.85158,19975,1375348.1,3089722.52375
2025-04-21 07:00:00,2.2564,2.2697,2.2444,2.2471,1983333.6,2025-04-21 07:59:59.999,4477538.62245,15901,988634.4,2232738.70833
2025-04-21 08:00:00,2.2471,2.2679,2.244,2.2668,1662669.4,2025-04-21 08:59:59.999,3747716.23452,12410,980366.1,2210248.32896
2025-04-21 09:00:00,2.2668,2.2852,2.2604,2.2701,2862053.4,2025-04-21 09:59:59.999,6505346.71006,19922,1480147.5,3365757.58141
2025-04-21 10:00:00,2.2704,2.2802,2.2555,2.2767,2029795.9,2025-04-21 10:59:59.999,4604049.93069,13905,970141.5,2201566.74037
2025-04-21 11:00:00,2.2767,2.278,2.2331,2.2416,3701236.3,2025-04-21 11:59:59.999,8325542.25318,21170,1690010.4,3803035.07196
2025-04-21 12:00:00,2.2416,2.2679,2.2401,2.2459,2897580.6,2025-04-21 12:59:59.999,6531535.16224,17349,1116467.7,2519137.41322
2025-04-21 13:00:00,2.2458,2.252,2.2208,2.221,2804785.8,2025-04-21 13:59:59.999,6274457.50388,22989,1378579.6,3084054.94709
2025-04-21 14:00:00,2.2208,2.269,2.2186,2.2535,5822070.0,2025-04-21 14:59:59.999,13065173.85733,32561,3548380.9,7961380.38315
2025-04-21 15:00:00,2.2532,2.2559,2.2324,2.2421,1825711.0,2025-04-21 15:59:59.999,4098504.9512,18749,972013.7,2181865.21335
2025-04-21 16:00:00,2.2422,2.2476,2.1765,2.1798,3496112.4,2025-04-21 16:59:59.999,7724379.53249,26922,1503031.0,3322637.75244
2025-04-21 17:00:00,2.1799,2.18,2.1365,2.1703,6241339.8,2025-04-21 17:59:59.999,13498402.35815,43284,2902692.6,6278211.10332
2025-04-21 18:00:00,2.1702,2.1807,2.1623,2.1655,1582462.9,2025-04-21 18:59:59.999,3437676.06741,15991,781445.6,1697787.9391
2025-04-21 19:00:00,2.1654,2.2068,2.1619,2.1982,2590121.6,2025-04-21 19:59:59.999,5677186.96318,17080,1294933.5,2837851.87105
2025-04-21 20:00:00,2.1983,2.2077,2.1897,2.2077,843390.5,2025-04-21 20:59:59.999,1853519.45161,8418,407052.3,894652.03376
2025-04-21 21:00:00,2.2077,2.2135,2.191,2.2053,700981.3,2025-04-21 21:59:59.999,1543351.4259,7086,329085.8,724652.12132
2025-04-21 22:00:00,2.2052,2.2056,2.1907,2.1937,669971.0,2025-04-21 22:59:59.999,1471437.15253,7399,329419.6,723461.07164
2025-04-21 23:00:00,2.1937,2.202,2.1781,2.1964,1393787.1,2025-04-21 23:59:59.999,3046732.55354,9864,605720.5,1323942.74374
2025-04-22 00:00:00,2.1965,2.2026,2.1679,2.2011,2028485.3,2025-04-22 00:59:59.999,4435847.62078,18208,1009974.9,2208947.72561
2025-04-22 01:00:00,2.2009,2.263,2.1957,2.2601,3917552.1,2025-04-22 01:59:59.999,8778048.08282,32270,2157361.3,4833496.75291
2025-04-22 02:00:00,2.2599,2.269,2.2274,2.2407,1880161.8,2025-04-22 02:59:59.999,4224953.09333,19648,893155.5,2006714.86999
2025-04-22 03:00:00,2.2408,2.2439,2.2224,2.2304,1077031.7,2025-04-22 03:59:59.999,2401863.15294,12358,597926.8,1333450.77961
2025-04-22 04:00:00,2.2303,2.2491,2.2185,2.2447,1319168.4,2025-04-22 04:59:59.999,2945974.76378,11463,740420.6,1654342.08642
2025-04-22 05:00:00,2.2447,2.2578,2.2274,2.2546,2942452.1,2025-04-22 05:59:59.999,6598899.61063,22908,1685050.5,3779659.98673
2025-04-22 06:00:00,2.2546,2.257,2.2264,2.2484,1695303.2,2025-04-22 06:59:59.999,3801487.14863,14397,817004.9,1831769.82838
2025-04-22 07:00:00,2.2485,2.2907,2.2373,2.2843,4049907.2,2025-04-22 07:59:59.999,9172051.61472,24419,2279136.0,5159930.67347
2025-04-22 08:00:00,2.2843,2.329,2.284,2.3072,5102551.6,2025-04-22 08:59:59.999,11778759.21277,29242,2665574.7,6152830.06857
2025-04-22 09:00:00,2.3072,2.3186,2.2981,2.3129,2431811.1,2025-04-22 09:59:59.999,5613535.91776,15753,1456752.9,3363126.66525
2025-04-22 10:00:00,2.313,2.3175,2.2975,2.3068,1429013.4,2025-04-22 10:59:59.999,3295483.43424,12965,826752.3,1906134.50276
2025-04-22 11:00:00,2.3067,2.3353,2.3064,2.3281,2347330.3,2025-04-22 11:59:59.999,5443383.77399,15404,1201532.3,2788328.12542
2025-04-22 12:00:00,2.3281,2.39,2.3214,2.3789,4570042.2,2025-04-22 12:59:59.999,10776093.26093,36781,2461628.6,5806722.63754
2025-04-22 13:00:00,2.3789,2.3893,2.3471,2.3681,5505114.8,2025-04-22 13:59:59.999,13053433.7505,40309,2621457.6,6217339.54218
2025-04-22 14:00:00,2.3689,2.4283,2.3555,2.4106,7162926.3,2025-04-22 14:59:59.999,17156621.9172,44487,4077061.3,9764822.58015
2025-04-22 15:00:00,2.4105,2.4423,2.3786,2.3951,7042647.6,2025-04-22 15:59:59.999,16978267.48629,49164,3163016.3,7627643.71533
2025-04-22 16:00:00,2.3952,2.4121,2.3877,2.3959,7013427.8,2025-04-22 16:59:59.999,16840829.00593,28279,2154709.2,5175060.27634
2025-04-22 17:00:00,2.3959,2.4173,2.3865,2.4134,2186725.3,2025-04-22 17:59:59.999,5253529.3503,18923,1246303.9,2994857.8249
2025-04-22 18:00:00,2.4133,2.4585,2.413,2.4404,4305296.2,2025-04-22 18:59:59.999,10489462.51609,24862,1985323.8,4839136.93473
2025-04-22 19:00:00,2.4404,2.4657,2.4373,2.4634,2892857.5,2025-04-22 19:59:59.999,7090102.32362,18599,1367172.2,3351253.34857
2025-04-22 20:00:00,2.4635,2.4663,2.4455,2.4522,1679768.5,2025-04-22 20:59:59.999,4121526.26185,14664,664320.1,1630125.20813
2025-04-22 21:00:00,2.4523,2.6886,2.452,2.631,9417240.9,2025-04-22 21:59:59.999,23991564.64271,70082,5671320.0,14452551.55631
2025-04-22 22:00:00,2.631,2.6889,2.6105,2.6757,8588452.0,2025-04-22 22:59:59.999,22739135.15305,76339,4223471.7,11190706.00346
2025-04-22 23:00:00,2.6759,2.7488,2.6474,2.6674,9752918.9,2025-04-22 23:59:59.999,26274323.19724,77876,4927364.7,13278997.44059
2025-04-23 00:00:00,2.6672,2.7846,2.6672,2.6907,11907490.5,2025-04-23 00:59:59.999,32379490.07351,82199,5790154.7,15759652.0507
2025-04-23 01:00:00,2.6907,2.759,2.69,2.7178,6056889.7,2025-04-23 01:59:59.999,16518795.27666,44176,2939680.4,8017246.43159
2025-04-23 02:00:00,2.7178,2.8,2.7067,2.77,6393479.9,2025-04-23 02:59:59.999,17646027.77793,49555,3669127.0,10127581.65373
2025-04-23 03:00:00,2.77,2.826,2.7175,2.8035,6184541.1,2025-04-23 03:59:59.999,17119433.24959,50376,3448809.7,9552442.80703
2025-04-23 04:00:00,2.8037,2.9388,2.7872,2.9328,8466240.5,2025-04-23 04:59:59.999,24251137.81513,71537,4738900.0,13582665.70776
2025-04-23 05:00:00,2.9326,2.9326,2.8494,2.8864,6918317.6,2025-04-23 05:59:59.999,19952354.0298,56691,3302822.9,9528280.84127
2025-04-23 06:00:00,2.8865,2.968,2.87,2.9318,7670666.2,2025-04-23 06:59:59.999,22455455.31307,68250,3967588.8,11613224.3472
2025-04-23 07:00:00,2.9319,2.9506,2.8884,2.9484,4797798.6,2025-04-23 07:59:59.999,13990127.5049,48109,2424375.9,7073364.43581
2025-04-23 08:00:00,2.9487,2.9493,2.9026,2.9065,4516834.6,2025-04-23 08:59:59.999,13199916.69973,36358,2506610.9,7326673.74558
2025-04-23 09:00:00,2.9066,2.9571,2.9066,2.9104,3022712.1,2025-04-23 09:59:59.999,8868735.58726,27484,1533424.6,4499847.74309
2025-04-23 10:00:00,2.9105,2.9192,2.8594,2.8953,6405517.0,2025-04-23 10:59:59.999,18485018.00056,49971,2728016.9,7871455.77705
2025-04-23 11:00:00,2.8951,2.902,2.8543,2.8688,2937518.6,2025-04-23 11:59:59.999,8457541.14651,30589,1390515.7,4004089.96632
2025-04-23 12:00:00,2.8687,2.9259,2.8608,2.9151,3596112.2,2025-04-23 12:59:59.999,10440201.13858,33564,1800695.3,5230051.76928
2025-04-23 13:00:00,2.915,3.041,2.9069,2.9321,17507691.8,2025-04-23 13:59:59.999,51950816.11134,135226,9391009.7,27869971.40919
2025-04-23 14:00:00,2.9324,3.073,2.9285,2.9638,17490734.2,2025-04-23 14:59:59.999,52395986.95689,140965,8821431.5,26429016.27843
2025-04-23 15:00:00,2.9639,3.0011,2.8576,2.9943,16064333.6,2025-04-23 15:59:59.999,47066049.01244,121413,8123169.9,23810497.33936
2025-04-23 16:00:00,2.9944,3.0009,2.8984,2.9306,7924106.1,2025-04-23 16:59:59.999,23321920.77279,60385,4052791.8,11924819.38262
2025-04-23 17:00:00,2.9305,2.9852,2.9211,2.9682,5737639.1,2025-04-23 17:59:59.999,16975571.61022,44701,2463311.6,7292739.77069
2025-04-23 18:00:00,2.9681,3.0786,2.9644,3.0144,9857111.0,2025-04-23 18:59:59.999,29917250.75252,70368,5136328.7,15583519.15882
2025-04-23 19:00:00,3.0144,3.0222,2.9462,2.9694,5608935.9,2025-04-23 19:59:59.999,16690714.33305,53083,2693004.6,8015591.3406
2025-04-23 20:00:00,2.9693,3.0619,2.9653,2.9896,5708768.7,2025-04-23 20:59:59.999,17201273.60195,44575,3015557.6,9087272.06906
2025-04-23 21:00:00,2.9895,3.013,2.9366,2.949,2434070.4,2025-04-23 21:59:59.999,7221408.79357,25120,1234980.6,3664703.36924
2025-04-23 22:00:00,2.9491,2.9822,2.9439,2.9799,1522672.6,2025-04-23 22:59:59.999,4510645.11209,17517,876903.9,2598709.12043
2025-04-23 23:00:00,2.9798,2.9982,2.9483,2.9662,1721306.1,2025-04-23 23:59:59.999,5114194.69912,17602,672369.9,1998060.97238
2025-04-24 00:00:00,2.9656,2.9833,2.895,2.9147,3773513.9,2025-04-24 00:59:59.999,11039429.73446,37175,1785133.9,5229934.47034
2025-04-24 01:00:00,2.9147,3.0344,2.9124,3.0122,5792260.6,2025-04-24 01:59:59.999,17206034.74418,55810,3447696.5,10242371.9387
2025-04-24 02:00:00,3.0122,3.0595,2.9876,2.9909,5445932.0,2025-04-24 02:59:59.999,16479558.73641,51801,2829774.3,8573424.50002
2025-04-24 03:00:00,2.991,3.0306,2.9347,2.9379,4395164.4,2025-04-24 03:59:59.999,13108581.97276,47453,2146659.8,6401989.19906
2025-04-24 04:00:00,2.9378,3.0065,2.9371,2.9908,4030339.7,2025-04-24 04:59:59.999,11994055.75369,46818,2178828.2,6483794.31447
2025-04-24 05:00:00,2.9909,3.0541,2.9869,3.0342,4590791.4,2025-04-24 05:59:59.999,13878640.36721,37069,2711810.0,8202352.80611
2025-04-24 06:00:00,3.0341,3.0575,2.9981,3.0334,6096500.4,2025-04-24 06:59:59.999,18487784.92476,44365,3635222.2,11023620.42196
2025-04-24 07:00:00,3.0336,3.1296,3.0201,3.0341,9411047.6,2025-04-24 07:59:59.999,28870904.48582,81790,5275533.6,16186533.78882
2025-04-24 08:00:00,3.0341,3.0459,2.952,2.9764,8946635.2,2025-04-24 08:59:59.999,26702664.5506,70563,4222794.8,12597639.12834
2025-04-24 09:00:00,2.9765,3.0164,2.9663,2.9932,3810631.5,2025-04-24 09:59:59.999,11412559.11902,36202,1931105.8,5781754.6657
2025-04-24 10:00:00,2.9932,3.0149,2.9714,2.9773,2199379.2,2025-04-24 10:59:59.999,6583518.6273,25005,1072012.8,3209430.33561
2025-04-24 11:00:00,2.9774,3.0009,2.9481,2.9915,4404813.1,2025-04-24 11:59:59.999,13072865.186,31803,2660250.4,7893659.41108
2025-04-24 12:00:00,2.9915,3.0564,2.9771,3.0411,5939064.7,2025-04-24 12:59:59.999,17939586.15547,40366,3062438.3,9258173.4109
2025-04-24 13:00:00,3.0413,3.0701,3.0168,3.0432,6640144.4,2025-04-24 13:59:59.999,20177853.9594,44769,3488141.8,10598424.25584
2025-04-24 14:00:00,3.043,3.1913,3.0412,3.1912,14641242.5,2025-04-24 14:59:59.999,45689453.81375,116493,7725347.9,24113216.71914
2025-04-24 15:00:00,3.1913,3.3463,3.1608,3.2559,26094000.8,2025-04-24 15:59:59.999,85188650.11329,187606,15349901.4,50118509.88741
2025-04-24 16:00:00,3.2558,3.3486,3.2422,3.3385,9634930.1,2025-04-24 16:59:59.999,31687938.20944,85290,5682208.0,18690252.57765
2025-04-24 17:00:00,3.3384,3.3944,3.2301,3.2805,12606392.0,2025-04-24 17:59:59.999,41615777.16746,107422,6559983.7,21675547.71359
2025-04-24 18:00:00,3.2801,3.3592,3.2796,3.3155,5351097.1,2025-04-24 18:59:59.999,17807690.99957,49583,3171547.1,10557321.30191
2025-04-24 19:00:00,3.3155,3.3224,3.2627,3.2944,4579765.1,2025-04-24 19:59:59.999,15082706.10035,37559,2750421.3,9058194.56485
2025-04-24 20:00:00,3.2946,3.2984,3.22,3.2888,6032062.8,2025-04-24 20:59:59.999,19682767.01523,46204,3297932.8,10768350.19806
2025-04-24 21:00:00,3.2888,3.2942,3.2325,3.2817,3831127.2,2025-04-24 21:59:59.999,12517484.48183,26010,2083798.8,6807706.04035
2025-04-24 22:00:00,3.2817,3.3248,3.2682,3.3089,3257123.6,2025-04-24 22:59:59.999,10751864.42259,35097,1892781.0,6250722.92488
2025-04-24 23:00:00,3.3088,3.3556,3.2991,3.3437,4056776.3,2025-04-24 23:59:59.999,13505403.59372,35837,2286436.0,7613195.10345
2025-04-25 00:00:00,3.3438,3.3713,3.3072,3.347,5076838.1,2025-04-25 00:59:59.999,16927601.46128,45276,2857230.4,9528027.23589
2025-04-25 01:00:00,3.3469,3.4192,3.3301,3.3654,7431749.6,2025-04-25 01:59:59.999,25007803.48057,67822,4394360.2,14791896.83663
2025-04-25 02:00:00,3.3653,3.4116,3.2736,3.2837,8144920.0,2025-04-25 02:59:59.999,27255328.69301,88017,4133312.6,13844557.49316
2025-04-25 03:00:00,3.2844,3.3479,3.2754,3.3417,2851215.7,2025-04-25 03:59:59.999,9465552.74417,32098,1590448.7,5280947.48826
2025-04-25 04:00:00,3.3417,3.3887,3.3291,3.3538,3799108.1,2025-04-25 04:59:59.999,12786635.372,39887,1976761.9,6655738.37953
2025-04-25 05:00:00,3.3537,3.475,3.3532,3.451,8058090.5,2025-04-25 05:59:59.999,27607779.78375,69515,4700979.6,16104871.74218
2025-04-25 06:00:00,3.4511,3.6143,3.4401,3.5732,14379949.4,2025-04-25 06:59:59.999,50947594.01723,138778,7671502.9,27172292.57531
2025-04-25 07:00:00,3.5732,3.6118,3.5253,3.5728,7508252.9,2025-04-25 07:59:59.999,26760600.5003,72314,3809009.5,13575557.82997
2025-04-25 08:00:00,3.5728,3.7151,3.5584,3.6992,9749501.8,2025-04-25 08:59:59.999,35319893.38525,95143,5231180.3,18962909.38359
2025-04-25 09:00:00,3.6993,3.7397,3.6325,3.6978,8709485.2,2025-04-25 09:59:59.999,32120200.19998,94066,4295444.6,15846234.02994
2025-04-25 10:00:00,3.6982,3.7042,3.5768,3.6087,9508649.1,2025-04-25 10:59:59.999,34474162.73777,85281,4787763.9,17360153.37181
2025-04-25 11:00:00,3.6089,3.7236,3.6083,3.7081,7335647.6,2025-04-25 11:59:59.999,26937677.60062,64285,3924957.2,14421329.10398
2025-04-25 12:00:00,3.708,3.8121,3.6444,3.6633,17701500.2,2025-04-25 12:59:59.999,66200626.63303,145433,8505252.6,31762698.79507
2025-04-25 13:00:00,3.6632,3.713,3.6048,3.6525,8800773.5,2025-04-25 13:59:59.999,32223092.57399,85807,4509612.4,16512128.88848
2025-04-25 14:00:00,3.6522,3.7365,3.6402,3.7053,7008714.6,2025-04-25 14:59:59.999,25866324.50616,65136,3935686.2,14531458.27185
2025-04-25 15:00:00,3.7055,3.749,3.6265,3.6729,10011925.7,2025-04-25 15:59:59.999,36988337.03402,84562,4689997.7,17344864.0229
2025-04-25 16:00:00,3.673,3.72,3.6251,3.7042,6700419.9,2025-04-25 16:59:59.999,24598335.34593,52846,2623097.7,9645022.50141
2025-04-25 17:00:00,3.704,3.7153,3.5212,3.5611,9616090.6,2025-04-25 17:59:59.999,34531956.69291,86471,4663375.3,16735175.4422
2025-04-25 18:00:00,3.5611,3.653,3.5538,3.6015,5128480.9,2025-04-25 18:59:59.999,18487883.62927,55281,2650921.6,9555058.19834
2025-04-25 19:00:00,3.602,3.6166,3.5688,3.599,2346215.5,2025-04-25 19:59:59.999,8437365.2962,30269,1208633.3,4347892.7256
2025-04-25 20:00:00,3.599,3.606,3.5536,3.581,2459021.1,2025-04-25 20:59:59.999,8786799.30893,27091,1351468.5,4829486.32396
2025-04-25 21:00:00,3.5809,3.6056,3.4659,3.4782,3953386.7,2025-04-25 21:59:59.999,13938401.84632,44417,1611021.4,5691706.10557
2025-04-25 22:00:00,3.4782,3.5423,3.4782,3.5375,3004522.8,2025-04-25 22:59:59.999,10558711.17739,31274,1620767.4,5697161.62677
2025-04-25 23:00:00,3.5376,3.5588,3.4969,3.519,2950162.5,2025-04-25 23:59:59.999,10385814.38944,29114,1463581.1,5152058.08177
2025-04-26 00:00:00,3.519,3.6099,3.519,3.5726,4815181.1,2025-04-26 00:59:59.999,17215524.53723,51124,2916792.6,10431488.24445
2025-04-26 01:00:00,3.5725,3.6045,3.5572,3.5745,2960354.7,2025-04-26 01:59:59.999,10597686.556,30864,1516100.5,5427342.25004
2025-04-26 02:00:00,3.5744,3.6332,3.5594,3.6026,3848844.2,2025-04-26 02:59:59.999,13859496.78556,38067,1870915.0,6740908.12493
2025-04-26 03:00:00,3.6025,3.6462,3.6004,3.6299,2369601.8,2025-04-26 03:59:59.999,8581474.90228,27222,1220508.2,4419566.63777
2025-04-26 04:00:00,3.6299,3.6491,3.5686,3.5872,2940706.7,2025-04-26 04:59:59.999,10618579.14048,32971,1349007.0,4876090.68762
2025-04-26 05:00:00,3.5872,3.6318,3.5583,3.612,2840000.4,2025-04-26 05:59:59.999,10241528.03327,31557,1547456.4,5583735.95094
2025-04-26 06:00:00,3.612,3.6223,3.5807,3.6,2476984.3,2025-04-26 06:59:59.999,8909225.1333,24051,1080851.7,3889410.86246
2025-04-26 07:00:00,3.6,3.6126,3.5384,3.5474,2673360.1,2025-04-26 07:59:59.999,9553944.89588,28021,1246767.0,4461685.0885
2025-04-26 08:00:00,3.5474,3.5755,3.5,3.5151,4137696.4,2025-04-26 08:59:59.999,14614177.57575,36453,1656403.1,5854155.74295
2025-04-26 09:00:00,3.515,3.52,3.4671,3.4942,7117404.3,2025-04-26 09:59:59.999,24852709.86533,58810,2663455.3,9302365.23486
2025-04-26 10:00:00,3.4943,3.5358,3.4851,3.5026,2538419.6,2025-04-26 10:59:59.999,8926558.27401,31594,1295852.9,4558276.2251
2025-04-26 11:00:00,3.5027,3.5087,3.4102,3.4365,5283350.1,2025-04-26 11:59:59.999,18262524.57121,48402,2318588.4,8024234.28597
2025-04-26 12:00:00,3.4365,3.4657,3.4116,3.4237,3755937.9,2025-04-26 12:59:59.999,12915133.55482,37650,1788864.2,6153914.61581
2025-04-26 13:00:00,3.4237,3.4522,3.3614,3.4018,5599455.7,2025-04-26 13:59:59.999,19070873.7382,45849,2156464.2,7351059.63834
2025-04-26 14:00:00,3.4015,3.4437,3.3554,3.4107,5184884.0,2025-04-26 14:59:59.999,17614868.84098,47114,2544602.3,8654104.8551
2025-04-26 15:00:00,3.4107,3.4873,3.4104,3.4752,4721010.7,2025-04-26 15:59:59.999,16325560.21437,37265,2534953.4,8768171.59422
2025-04-26 16:00:00,3.475,3.4882,3.4411,3.4536,1778295.9,2025-04-26 16:59:59.999,6154827.49774,20495,838808.7,2903461.26435
2025-04-26 17:00:00,3.4535,3.4843,3.4489,3.4706,1595709.6,2025-04-26 17:59:59.999,5534091.21968,18052,828778.8,2875147.03054
2025-04-26 18:00:00,3.4706,3.4849,3.4538,3.4607,1472206.1,2025-04-26 18:59:59.999,5111093.23989,17776,818515.7,2843017.34493
2025-04-26 19:00:00,3.4606,3.4999,3.4584,3.4858,1290892.4,2025-04-26 19:59:59.999,4486843.2871,15631,716810.5,2490885.79423
2025-04-26 20:00:00,3.4856,3.5167,3.4763,3.4782,1925422.4,2025-04-26 20:59:59.999,6739171.64458,20574,1078140.8,3773951.52473
2025-04-26 21:00:00,3.4782,3.4996,3.4768,3.4831,1275304.4,2025-04-26 21:59:59.999,4446927.97708,12937,494522.3,1724464.67656
2025-04-26 22:00:00,3.4834,3.5436,3.4821,3.5219,3176595.1,2025-04-26 22:59:59.999,11188476.27991,27290,1938418.3,6829836.52937
2025-04-26 23:00:00,3.5218,3.5564,3.506,3.5197,1912238.3,2025-04-26 23:59:59.999,6753390.67422,21521,902759.4,3189337.8466
2025-04-27 00:00:00,3.5198,3.55,3.4914,3.5051,2115545.9,2025-04-27 00:59:59.999,7459966.83462,24367,902564.3,3183134.06278
2025-04-27 01:00:00,3.5052,3.5107,3.4235,3.4555,4123901.4,2025-04-27 01:59:59.999,14271478.31396,48574,1886584.4,6528370.45272
2025-04-27 02:00:00,3.4557,3.5408,3.45,3.5376,2807845.8,2025-04-27 02:59:59.999,9835735.46503,33764,1411650.4,4941905.61355
2025-04-27 03:00:00,3.5375,3.6401,3.5363,3.5667,7257839.8,2025-04-27 03:59:59.999,26080747.27596,66773,3963961.3,14240822.52541
2025-04-27 04:00:00,3.5667,3.6096,3.5333,3.5399,2603981.4,2025-04-27 04:59:59.999,9290816.10661,28254,1205734.5,4304538.42854
2025-04-27 05:00:00,3.5397,3.5699,3.5263,3.5546,2799675.3,2025-04-27 05:59:59.999,9934232.54445,25949,1389733.0,4930610.4959
2025-04-27 06:00:00,3.5547,3.6098,3.5521,3.6085,2347142.6,2025-04-27 06:59:59.999,8407431.90834,26102,1275913.2,4571219.20588
2025-04-27 07:00:00,3.6086,3.6429,3.59,3.617,3497795.5,2025-04-27 07:59:59.999,12647751.86998,28450,1758035.9,6356192.68649
2025-04-27 08:00:00,3.617,3.6551,3.5993,3.6221,3495691.3,2025-04-27 08:59:59.999,12702837.93976,29794,1901087.8,6909938.03256
2025-04-27 09:00:00,3.6221,3.6332,3.5938,3.6174,2152036.7,2025-04-27 09:59:59.999,7772621.09842,20740,1055577.6,3812771.65242
2025-04-27 10:00:00,3.6175,3.6239,3.5686,3.5833,1791101.5,2025-04-27 10:59:59.999,6424661.70028,19857,752207.1,2697995.74869
2025-04-27 11:00:00,3.5833,3.647,3.5823,3.6254,2811959.3,2025-04-27 11:59:59.999,10196527.43156,30938,1617821.8,5866915.03499
2025-04-27 12:00:00,3.6252,3.641,3.5786,3.5887,3516380.8,2025-04-27 12:59:59.999,12708827.37139,37015,1547298.3,5595379.51258
2025-04-27 13:00:00,3.5884,3.635,3.5664,3.6187,2816162.4,2025-04-27 13:59:59.999,10154024.24694,34446,1397211.4,5038135.30693
2025-04-27 14:00:00,3.6186,3.6186,3.5669,3.5686,2495276.2,2025-04-27 14:59:59.999,8940781.52502,25728,1368053.5,4901356.64867
2025-04-27 15:00:00,3.5686,3.5754,3.5341,3.542,2538639.2,2025-04-27 15:59:59.999,9009624.42083,26248,1443498.5,5120102.586
2025-04-27 16:00:00,3.5421,3.575,3.533,3.5462,1597787.2,2025-04-27 16:59:59.999,5681232.83508,22355,838056.9,2980034.07356
2025-04-27 17:00:00,3.5462,3.5951,3.5383,3.572,2080862.1,2025-04-27 17:59:59.999,7439260.29297,22307,921369.8,3293206.90413
2025-04-27 18:00:00,3.5718,3.6229,3.5512,3.6212,1666531.9,2025-04-27 18:59:59.999,5983134.50062,18811,836302.3,3002676.62621
2025-04-27 19:00:00,3.6212,3.6329,3.6072,3.611,1321456.8,2025-04-27 19:59:59.999,4783729.20793,17455,614566.6,2225722.52682
2025-04-27 20:00:00,3.611,3.6382,3.6061,3.6213,1172742.7,2025-04-27 20:59:59.999,4245568.2927,17063,525100.3,1900303.87244
2025-04-27 21:00:00,3.6212,3.6434,3.5934,3.5941,1880888.9,2025-04-27 21:59:59.999,6820607.52723,15074,954292.2,3461408.84354
2025-04-27 22:00:00,3.594,3.5995,3.5511,3.5866,2381005.1,2025-04-27 22:59:59.999,8510444.70574,24124,1359760.3,4858817.02241
2025-04-27 23:00:00,3.5865,3.5875,3.5462,3.5581,2557892.7,2025-04-27 23:59:59.999,9114473.64948,27664,855886.0,3049921.10529
2025-04-28 00:00:00,3.5579,3.5603,3.4495,3.4554,5096506.7,2025-04-28 00:59:59.999,17831956.6751,50680,2257282.7,7891486.84714
2025-04-28 01:00:00,3.4554,3.475,3.39,3.4246,5744484.7,2025-04-28 01:59:59.999,19713904.64244,55470,3072585.5,10540833.84062
2025-04-28 02:00:00,3.4247,3.5303,3.3972,3.5136,6885459.0,2025-04-28 02:59:59.999,23823989.27218,55765,3798212.0,13131430.01263
2025-04-28 03:00:00,3.5135,3.5704,3.4912,3.546,2916967.6,2025-04-28 03:59:59.999,10309736.4376,30296,1572454.3,5552800.96023
2025-04-28 04:00:00,3.5464,3.5999,3.5449,3.5516,2903087.9,2025-04-28 04:59:59.999,10352084.26842,27333,1482646.7,5287181.93067
2025-04-28 05:00:00,3.5515,3.6346,3.549,3.6257,3899378.3,2025-04-28 05:59:59.999,14046526.72849,32744,2169715.9,7822788.09312
2025-04-28 06:00:00,3.6254,3.6319,3.5952,3.627,4081175.2,2025-04-28 06:59:59.999,14748341.98022,32905,1692339.4,6116132.27696
2025-04-28 07:00:00,3.627,3.7253,3.627,3.7119,7830374.7,2025-04-28 07:59:59.999,28912120.80796,76818,4401322.6,16237042.92198
2025-04-28 08:00:00,3.712,3.7208,3.671,3.6885,3369512.2,2025-04-28 08:59:59.999,12442503.48226,39006,1734629.6,6404551.65966
2025-04-28 09:00:00,3.6884,3.799,3.6881,3.7416,7041611.2,2025-04-28 09:59:59.999,26399019.44971,73340,3224065.8,12093972.50785
2025-04-28 10:00:00,3.7415,3.815,3.6865,3.8074,8935805.6,2025-04-28 10:59:59.999,33570532.64548,95042,5022896.2,18890097.53835
2025-04-28 11:00:00,3.8076,3.875,3.7852,3.79,10715915.2,2025-04-28 11:59:59.999,41078757.31829,110691,6173301.6,23668768.38069
2025-04-28 12:00:00,3.79,3.8212,3.7347,3.769,6360945.5,2025-04-28 12:59:59.999,24008862.48941,85658,3389280.8,12800691.48932
2025-04-28 13:00:00,3.769,3.7766,3.6482,3.6563,8626931.9,2025-04-28 13:59:59.999,32098261.84069,82901,4346265.6,16183790.96873
2025-04-28 14:00:00,3.657,3.6961,3.5802,3.6015,11444375.9,2025-04-28 14:59:59.999,41775264.04052,112473,6650725.0,24284119.24393
2025-04-28 15:00:00,3.6014,3.628,3.5331,3.5833,6486835.6,2025-04-28 15:59:59.999,23176888.97558,67210,3321197.7,11871554.56253
2025-04-28 16:00:00,3.5832,3.5871,3.5263,3.5531,5805525.4,2025-04-28 16:59:59.999,20667523.63894,51148,3211268.2,11436599.72366
2025-04-28 17:00:00,3.5522,3.6143,3.5362,3.6084,3206962.3,2025-04-28 17:59:59.999,11463314.87575,36179,1635381.4,5849488.53863
2025-04-28 18:00:00,3.6084,3.6131,3.5163,3.5721,4286757.0,2025-04-28 18:59:59.999,15278344.56268,62769,1912231.7,6814232.07503
2025-04-28 19:00:00,3.572,3.6409,3.5686,3.6364,4045304.6,2025-04-28 19:59:59.999,14596357.78402,49401,2018475.7,7286296.71633
2025-04-28 20:00:00,3.6363,3.6381,3.558,3.5704,2042439.9,2025-04-28 20:59:59.999,7343996.33759,25933,875692.7,3147476.10825
2025-04-28 21:00:00,3.5706,3.5835,3.5523,3.5619,1241985.6,2025-04-28 21:59:59.999,4428653.59032,13969,583459.7,2080580.94366
2025-04-28 22:00:00,3.5619,3.5766,3.5203,3.5549,2056749.8,2025-04-28 22:59:59.999,7292528.19649,26736,917798.3,3255695.20285
2025-04-28 23:00:00,3.5548,3.5576,3.486,3.5265,6511537.0,2025-04-28 23:59:59.999,22870230.1002,53079,3650228.1,12819849.84924
2025-04-29 00:00:00,3.5269,3.5571,3.505,3.5513,3335364.7,2025-04-29 00:59:59.999,11788385.00673,33786,1925722.6,6807121.53306
2025-04-29 01:00:00,3.5513,3.5882,3.5308,3.5459,4367813.2,2025-04-29 01:59:59.999,15546228.28093,37711,2183277.6,7770157.57767
2025-04-29 02:00:00,3.5459,3.5712,3.5173,3.5514,2389229.9,2025-04-29 02:59:59.999,8461750.93799,25365,1105802.9,3917794.34396
2025-04-29 03:00:00,3.5513,3.5672,3.5331,3.5572,1298326.3,2025-04-29 03:59:59.999,4607844.11103,19575,723255.5,2566861.88135
2025-04-29 04:00:00,3.5573,3.5583,3.46,3.4857,3092202.0,2025-04-29 04:59:59.999,10815574.63282,36722,1158275.9,4051796.3621
2025-04-29 05:00:00,3.4858,3.5461,3.4808,3.5272,2195136.7,2025-04-29 05:59:59.999,7719280.7263,25280,1257634.2,4420477.7132
2025-04-29 06:00:00,3.527,3.5549,3.5203,3.542,1932344.8,2025-04-29 06:59:59.999,6837437.93387,25238,935952.3,3312605.15456
2025-04-29 07:00:00,3.5421,3.6347,3.5409,3.6185,4496826.0,2025-04-29 07:59:59.999,16122642.74172,39445,2059938.5,7390397.05058
2025-04-29 08:00:00,3.6185,3.6349,3.575,3.6159,4108665.1,2025-04-29 08:59:59.999,14805628.68075,34795,1936179.5,6972186.80625
2025-04-29 09:00:00,3.6161,3.6191,3.5571,3.5772,3406047.9,2025-04-29 09:59:59.999,12204828.78677,31625,1211239.6,4335560.12483
2025-04-29 10:00:00,3.577,3.5893,3.5271,3.5442,2559918.3,2025-04-29 10:59:59.999,9116762.73943,27775,1275835.2,4543780.105
2025-04-29 11:00:00,3.5442,3.5738,3.5308,3.5641,2362559.9,2025-04-29 11:59:59.999,8392509.98271,23884,1053415.3,3742400.50432
2025-04-29 12:00:00,3.5641,3.568,3.4915,3.5145,3547255.3,2025-04-29 12:59:59.999,12465404.31146,33127,1506544.5,5293863.4339
2025-04-29 13:00:00,3.5143,3.5479,3.496,3.53,2081739.7,2025-04-29 13:59:59.999,7332723.36048,25501,999140.4,3519777.68438
2025-04-29 14:00:00,3.5301,3.6,3.5217,3.5984,3267204.2,2025-04-29 14:59:59.999,11647732.26877,33011,1690506.8,6026784.54106
2025-04-29 15:00:00,3.598,3.606,3.5555,3.5772,2936099.6,2025-04-29 15:59:59.999,10521260.94985,26504,1420994.8,5091402.62486
2025-04-29 16:00:00,3.5771,3.6159,3.5431,3.5736,2727877.1,2025-04-29 16:59:59.999,9772283.02905,28448,1534799.7,5499474.88978
2025-04-29 17:00:00,3.5734,3.6172,3.4199,3.5862,9349268.3,2025-04-29 17:59:59.999,33205084.16268,107360,4615039.5,16410189.34938
2025-04-29 18:00:00,3.5863,3.6037,3.5668,3.586,1232398.5,2025-04-29 18:59:59.999,4421194.24634,15855,748253.2,2685239.20963
2025-04-29 19:00:00,3.586,3.5911,3.5533,3.5656,1268437.8,2025-04-29 19:59:59.999,4530915.01892,17539,509234.7,1819790.66497
2025-04-29 20:00:00,3.5657,3.5696,3.5293,3.5302,1462331.5,2025-04-29 20:59:59.999,5178452.90848,18726,592221.5,2097283.81812
2025-04-29 21:00:00,3.5302,3.5448,3.5086,3.5379,1892936.0,2025-04-29 21:59:59.999,6678135.98926,22946,1053032.9,3715693.85442
2025-04-29 22:00:00,3.5382,3.5382,3.4791,3.4855,2350852.6,2025-04-29 22:59:59.999,8235255.62646,33260,1029503.3,3607480.16845
2025-04-29 23:00:00,3.4853,3.55,3.4509,3.5319,2507781.4,2025-04-29 23:59:59.999,8755901.8244,32952,1238361.5,4326646.69129
2025-04-30 00:00:00,3.5318,3.6036,3.5261,3.5683,3435655.0,2025-04-30 00:59:59.999,12277941.78225,39560,1834891.7,6555422.9835
2025-04-30 01:00:00,3.5682,3.58,3.5062,3.5414,2001825.0,2025-04-30 01:59:59.999,7085757.04122,25318,938754.0,3321288.12868
2025-04-30 02:00:00,3.5415,3.5708,3.5269,3.5498,1254116.4,2025-04-30 02:59:59.999,4451329.10936,18502,563116.2,1998775.2403
2025-04-30 03:00:00,3.5497,3.5605,3.528,3.5605,1025478.8,2025-04-30 03:59:59.999,3632811.36967,14531,480134.6,1700982.68138
2025-04-30 04:00:00,3.5604,3.5734,3.5342,3.5625,941410.8,2025-04-30 04:59:59.999,3347953.05426,13250,499888.4,1777753.0484
2025-04-30 05:00:00,3.5626,3.5796,3.5522,3.5736,1690510.9,2025-04-30 05:59:59.999,6029861.14934,15221,1100067.6,3923828.83608
2025-04-30 06:00:00,3.5735,3.6011,3.5592,3.568,2163296.0,2025-04-30 06:59:59.999,7752820.09601,19589,1130169.2,4052311.30347
2025-04-30 07:00:00,3.5679,3.5836,3.5471,3.5579,1671963.1,2025-04-30 07:59:59.999,5960209.30339,17566,868562.7,3098888.83223
2025-04-30 08:00:00,3.5579,3.5701,3.5144,3.5394,1694187.1,2025-04-30 08:59:59.999,6008912.13175,18918,775982.7,2752479.29554
2025-04-30 09:00:00,3.5396,3.5581,3.52,3.5512,1727562.0,2025-04-30 09:59:59.999,6112291.99993,28560,973557.5,3445746.73852
2025-04-30 10:00:00,3.5513,3.5529,3.5222,3.5367,1319269.4,2025-04-30 10:59:59.999,4662779.94032,25841,550270.4,1944836.07755
2025-04-30 11:00:00,3.5367,3.5474,3.5228,3.5271,1133908.4,2025-04-30 11:59:59.999,4008811.89376,23876,496688.0,1756337.35164
2025-04-30 12:00:00,3.527,3.5289,3.4329,3.4604,4634446.7,2025-04-30 12:59:59.999,16101585.03582,62481,2041860.6,7097687.42826
2025-04-30 13:00:00,3.4602,3.4615,3.2721,3.3057,17298205.0,2025-04-30 13:59:59.999,57869646.98911,157657,8583166.4,28718929.78718
2025-04-30 14:00:00,3.306,3.4363,3.2983,3.378,9014530.8,2025-04-30 14:59:59.999,30411128.41823,94656,4795445.4,16166216.3672
2025-04-30 15:00:00,3.3781,3.4478,3.3778,3.4213,4017742.3,2025-04-30 15:59:59.999,13745314.35605,49608,1689418.3,5781524.05441
2025-04-30 16:00:00,3.4214,3.4341,3.3672,3.4004,2440868.5,2025-04-30 16:59:59.999,8296601.82967,40308,1177625.5,4003880.29035
2025-04-30 17:00:00,3.4004,3.4395,3.3768,3.4287,2154509.8,2025-04-30 17:59:59.999,7346444.65549,33847,1120858.0,3822118.70792
2025-04-30 18:00:00,3.4285,3.4676,3.4022,3.4049,2387044.0,2025-04-30 18:59:59.999,8204794.44403,41399,1092170.4,3756245.41274
2025-04-30 19:00:00,3.4048,3.4352,3.3855,3.4247,1614507.4,2025-04-30 19:59:59.999,5507658.38516,37104,809915.0,2764557.6148
2025-04-30 20:00:00,3.425,3.49,3.4206,3.453,3539522.9,2025-04-30 20:59:59.999,12260766.26804,52039,1607785.0,5570211.15336
2025-04-30 21:00:00,3.4529,3.487,3.4342,3.4633,1525498.3,2025-04-30 21:59:59.999,5279423.82009,26835,746954.7,2585557.62231
2025-04-30 22:00:00,3.4632,3.4999,3.4622,3.4983,1838295.0,2025-04-30 22:59:59.999,6412508.27757,32128,1065337.5,3716757.47979
2025-04-30 23:00:00,3.4982,3.5491,3.4832,3.5053,3253609.6,2025-04-30 23:59:59.999,11450582.32327,44641,1601650.9,5637005.9903
2025-05-01 00:00:00,3.5051,3.5356,3.5034,3.5182,1599738.3,2025-05-01 00:59:59.999,5630895.97774,30072,846721.5,2980374.25257
2025-05-01 01:00:00,3.5182,3.547,3.5037,3.5102,1880530.3,2025-05-01 01:59:59.999,6633351.37637,29742,865560.0,3053502.3369
2025-05-01 02:00:00,3.5104,3.5316,3.4586,3.4657,2856640.9,2025-05-01 02:59:59.999,9989333.96482,35552,1233070.3,4317748.50477
2025-05-01 03:00:00,3.4657,3.4869,3.4551,3.4708,1691083.8,2025-05-01 03:59:59.999,5868468.08792,30365,873947.2,3033453.39338
2025-05-01 04:00:00,3.4708,3.485,3.4567,3.4708,1259614.9,2025-05-01 04:59:59.999,4371096.50402,23705,607474.1,2108219.42981
2025-05-01 05:00:00,3.4709,3.5273,3.4651,3.5264,2759652.3,2025-05-01 05:59:59.999,9644950.61091,33657,1386092.7,4844139.48453
2025-05-01 06:00:00,3.5264,3.5297,3.4693,3.4857,1748871.6,2025-05-01 06:59:59.999,6120103.80573,31832,819512.9,2868589.67501
2025-05-01 07:00:00,3.4856,3.5081,3.4714,3.4932,1418812.9,2025-05-01 07:59:59.999,4962058.42214,30266,691161.5,2416781.82876
2025-05-01 08:00:00,3.4933,3.5238,3.4785,3.5205,1651292.6,2025-05-01 08:59:59.999,5776543.55961,28884,843235.3,2950557.15603
2025-05-01 09:00:00,3.5206,3.5699,3.5122,3.5577,3602957.6,2025-05-01 09:59:59.999,12780376.59373,42083,2085332.1,7398787.50454
2025-05-01 10:00:00,3.5578,3.7093,3.5567,3.6711,9976915.0,2025-05-01 10:59:59.999,36440526.1801,98089,5186616.2,18934793.06921
2025-05-01 11:00:00,3.671,3.6862,3.6333,3.6799,3885093.1,2025-05-01 11:59:59.999,14216365.62956,46060,2139269.2,7826651.03766
2025-05-01 12:00:00,3.68,3.7248,3.6724,3.7091,3932567.0,2025-05-01 12:59:59.999,14543149.69403,52652,1847732.8,6834962.90604
2025-05-01 13:00:00,3.709,3.7541,3.6471,3.662,5771577.8,2025-05-01 13:59:59.999,21361620.04578,80351,2772701.4,10277534.39059
2025-05-01 14:00:00,3.6619,3.7456,3.6604,3.7393,5314222.5,2025-05-01 14:59:59.999,19690756.78381,57770,2690590.1,9965899.15493
2025-05-01 15:00:00,3.7392,3.7666,3.7001,3.7056,7582069.7,2025-05-01 15:59:59.999,28299212.05271,71946,3264212.4,12184885.73522
2025-05-01 16:00:00,3.7059,3.7383,3.6936,3.697,2662605.6,2025-05-01 16:59:59.999,9897596.29388,36630,1184600.6,4403680.26328
2025-05-01 17:00:00,3.6968,3.7211,3.6629,3.6783,4036922.8,2025-05-01 17:59:59.999,14906906.01921,40257,1561237.4,5765746.75024
2025-05-01 18:00:00,3.6783,3.6869,3.6525,3.6727,8529403.6,2025-05-01 18:59:59.999,31285345.97935,54452,4727045.7,17328367.47384
2025-05-01 19:00:00,3.6729,3.6872,3.6579,3.6672,2553380.8,2025-05-01 19:59:59.999,9371665.33477,36204,1031085.5,3784816.00848
2025-05-01 20:00:00,3.6669,3.6996,3.6501,3.6629,2213289.6,2025-05-01 20:59:59.999,8127525.00762,35171,855227.8,3140854.17947
2025-05-01 21:00:00,3.6629,3.6735,3.6246,3.6263,2692500.2,2025-05-01 21:59:59.999,9821589.68083,29725,914800.5,3336023.2555
2025-05-01 22:00:00,3.6263,3.6357,3.6011,3.6074,3318218.0,2025-05-01 22:59:59.999,11997760.43819,38879,1663444.3,6015865.4089
2025-05-01 23:00:00,3.6072,3.6105,3.5184,3.5504,4903228.0,2025-05-01 23:59:59.999,17460196.03987,51992,2112463.8,7517821.78786
2025-05-02 00:00:00,3.5504,3.5682,3.5297,3.5646,9278272.8,2025-05-02 00:59:59.999,32906211.8355,73451,4723260.4,16743176.13584
2025-05-02 01:00:00,3.5645,3.5717,3.4927,3.5191,4979441.8,2025-05-02 01:59:59.999,17554427.52773,55066,2319167.4,8175661.68455
2025-05-02 02:00:00,3.5192,3.5375,3.5053,3.5173,2278983.8,2025-05-02 02:59:59.999,8024028.20397,33171,1157859.2,4076946.55633
2025-05-02 03:00:00,3.5175,3.5213,3.48,3.5039,3704952.7,2025-05-02 03:59:59.999,12976597.60702,42926,1790394.3,6272534.14445
2025-05-02 04:00:00,3.504,3.5149,3.4812,3.491,3275173.2,2025-05-02 04:59:59.999,11453829.36077,37544,1416672.4,4956582.27734
2025-05-02 05:00:00,3.491,3.492,3.4552,3.4688,3187208.0,2025-05-02 05:59:59.999,11062449.48782,33340,1290346.9,4479187.07963
2025-05-02 06:00:00,3.4687,3.4864,3.4463,3.4619,3549005.0,2025-05-02 06:59:59.999,12292532.64258,40143,1505471.2,5215792.86981
2025-05-02 07:00:00,3.4619,3.4697,3.416,3.4259,3557004.8,2025-05-02 07:59:59.999,12251094.28212,42946,1542846.5,5315352.26758
2025-05-02 08:00:00,3.426,3.483,3.4224,3.4691,3697336.8,2025-05-02 08:59:59.999,12803076.86689,35773,2029092.6,7022242.664
2025-05-02 09:00:00,3.469,3.4876,3.4522,3.4578,2710061.9,2025-05-02 09:59:59.999,9397196.94909,23953,1300419.1,4511642.34926
2025-05-02 10:00:00,3.4579,3.4762,3.4366,3.4448,2798581.9,2025-05-02 10:59:59.999,9679705.04475,24887,1192590.5,4125039.57026
2025-05-02 11:00:00,3.4449,3.4693,3.4319,3.4458,2628427.9,2025-05-02 11:59:59.999,9065963.38887,20306,1091325.8,3765687.24357
2025-05-02 12:00:00,3.4459,3.4821,3.4252,3.4816,4231551.4,2025-05-02 12:59:59.999,14620702.73168,39480,2006515.9,6933715.56446
2025-05-02 13:00:00,3.4817,3.4875,3.4377,3.4528,4556571.6,2025-05-02 13:59:59.999,15757974.65396,35315,2096319.0,7249689.03397
2025-05-02 14:00:00,3.4527,3.4935,3.446,3.4859,5174913.1,2025-05-02 14:59:59.999,17967791.67326,41539,2697438.3,9370363.28063
2025-05-02 15:00:00,3.4859,3.4992,3.4342,3.4478,4984585.1,2025-05-02 15:59:59.999,17262673.11011,30465,2438194.6,8449525.94894
2025-05-02 16:00:00,3.4478,3.4788,3.4476,3.4516,4120265.0,2025-05-02 16:59:59.999,14265552.15548,32087,1885718.4,6529780.83532
2025-05-02 17:00:00,3.4517,3.4713,3.4409,3.4685,3022216.7,2025-05-02 17:59:59.999,10440974.72827,23322,1373591.4,4744467.63355
2025-05-02 18:00:00,3.4685,3.473,3.444,3.4519,1812906.5,2025-05-02 18:59:59.999,6267678.61271,16068,732520.0,2532790.85659
2025-05-02 19:00:00,3.4517,3.4585,3.3891,3.4097,3555950.6,2025-05-02 19:59:59.999,12178819.55516,30540,1547700.9,5302738.95237
2025-05-02 20:00:00,3.4098,3.4658,3.4039,3.4632,1793901.8,2025-05-02 20:59:59.999,6158778.33591,20747,937773.2,3219101.81995
2025-05-02 21:00:00,3.4631,3.4686,3.4114,3.4277,1302846.6,2025-05-02 21:59:59.999,4488177.05408,16418,535492.5,1846537.13986
2025-05-02 22:00:00,3.4278,3.435,3.3993,3.4097,1321929.1,2025-05-02 22:59:59.999,4512251.65366,17726,512770.4,1750779.51203
2025-05-02 23:00:00,3.4097,3.4313,3.4002,3.4259,839919.9,2025-05-02 23:59:59.999,2868596.02675,12693,400047.9,1366853.86968
2025-05-03 00:00:00,3.4259,3.4276,3.3724,3.3838,2403276.4,2025-05-03 00:59:59.999,8164409.11447,24625,1069413.2,3633159.84534
2025-05-03 01:00:00,3.3838,3.3883,3.3505,3.368,2820668.6,2025-05-03 01:59:59.999,9486618.8935,27643,1180970.8,3971871.18445
2025-05-03 02:00:00,3.368,3.4478,3.3651,3.4419,2304211.0,2025-05-03 02:59:59.999,7850839.43867,28575,1277756.0,4352986.01799
2025-05-03 03:00:00,3.4419,3.4637,3.4304,3.4322,3916126.0,2025-05-03 03:59:59.999,13520758.89989,42811,1726984.4,5962152.98707
2025-05-03 04:00:00,3.4322,3.4603,3.4271,3.4505,2303690.1,2025-05-03 04:59:59.999,7949017.82036,26166,1045211.4,3605702.73315
2025-05-03 05:00:00,3.4505,3.4625,3.433,3.4345,1476006.8,2025-05-03 05:59:59.999,5086783.45299,17285,642173.5,2213341.16875
2025-05-03 06:00:00,3.4345,3.4407,3.4105,3.416,2666686.6,2025-05-03 06:59:59.999,9125271.43635,21602,1617379.7,5535647.50002
2025-05-03 07:00:00,3.4161,3.4192,3.3864,3.3933,2255598.8,2025-05-03 07:59:59.999,7674873.41565,28520,963523.9,3277870.16571
2025-05-03 08:00:00,3.3933,3.4077,3.3763,3.3974,1649345.6,2025-05-03 08:59:59.999,5589783.62016,18613,682518.6,2314201.43028
2025-05-03 09:00:00,3.3976,3.4131,3.3844,3.3999,1103500.0,2025-05-03 09:59:59.999,3749064.59309,14011,644254.3,2188681.09012
2025-05-03 10:00:00,3.3996,3.4026,3.3368,3.3462,3134457.2,2025-05-03 10:59:59.999,10555687.24878,24721,1525506.5,5136208.8144
2025-05-03 11:00:00,3.3463,3.3675,3.3289,3.3518,2314378.6,2025-05-03 11:59:59.999,7740285.48,24906,1286797.1,4300947.55752
2025-05-03 12:00:00,3.3518,3.3823,3.3275,3.3732,2388562.7,2025-05-03 12:59:59.999,8004523.03613,19920,1354289.9,4536490.91103
2025-05-03 13:00:00,3.3734,3.3757,3.3358,3.3519,1404040.2,2025-05-03 13:59:59.999,4705174.38849,14573,668104.6,2239007.86742
2025-05-03 14:00:00,3.3518,3.3526,3.319,3.3315,2556508.5,2025-05-03 14:59:59.999,8523361.16163,19640,1241800.5,4142306.38784
2025-05-03 15:00:00,3.3315,3.3488,3.312,3.3253,1899904.1,2025-05-03 15:59:59.999,6332371.97291,18527,849323.8,2833023.54459
2025-05-03 16:00:00,3.3254,3.3349,3.3044,3.3105,2304102.4,2025-05-03 16:59:59.999,7644063.44607,23337,1152332.9,3824838.11049
2025-05-03 17:00:00,3.3106,3.3115,3.265,3.3091,3478262.7,2025-05-03 17:59:59.999,11427909.32154,33873,1600696.8,5256995.06105
2025-05-03 18:00:00,3.3093,3.3378,3.282,3.291,2133315.6,2025-05-03 18:59:59.999,7056752.297,19319,1209139.8,4002362.61933
2025-05-03 19:00:00,3.2909,3.3217,3.2845,3.3211,1762833.7,2025-05-03 19:59:59.999,5833623.11836,15788,907870.0,3006354.43477
2025-05-03 20:00:00,3.321,3.3235,3.3044,3.315,649247.7,2025-05-03 20:59:59.999,2152335.27819,9691,311637.1,1033320.50915
2025-05-03 21:00:00,3.315,3.3427,3.2995,3.3222,1002060.4,2025-05-03 21:59:59.999,3329559.2437,11502,501753.7,1667063.60099
2025-05-03 22:00:00,3.3223,3.3625,3.3189,3.3491,1627287.7,2025-05-03 22:59:59.999,5439702.81658,18034,885204.6,2957826.86542
2025-05-03 23:00:00,3.3492,3.3543,3.3297,3.3351,967461.3,2025-05-03 23:59:59.999,3232121.96053,11783,382627.6,1278819.00015
2025-05-04 00:00:00,3.3353,3.36,3.2677,3.2763,4628628.8,2025-05-04 00:59:59.999,15304205.18871,36546,2155287.7,7132775.41159
2025-05-04 01:00:00,3.2763,3.3105,3.2268,3.2624,3893474.7,2025-05-04 01:59:59.999,12734621.31405,41010,1908322.5,6248535.43995
2025-05-04 02:00:00,3.2625,3.3166,3.2571,3.2806,2505331.5,2025-05-04 02:59:59.999,8249335.41877,30323,1171381.8,3857087.37662
2025-05-04 03:00:00,3.2805,3.2805,3.232,3.2419,2217212.8,2025-05-04 03:59:59.999,7208885.41513,24647,1080353.8,3510368.50733
2025-05-04 04:00:00,3.2418,3.2599,3.1708,3.1833,3440225.1,2025-05-04 04:59:59.999,11038406.08743,34511,1338410.2,4298342.13999
2025-05-04 05:00:00,3.1834,3.2119,3.1636,3.174,3252115.4,2025-05-04 05:59:59.999,10370829.27183,34125,1434074.1,4574854.67505
2025-05-04 06:00:00,3.1741,3.1992,3.1548,3.1986,3254383.6,2025-05-04 06:59:59.999,10336389.50777,28885,1380404.4,4384516.0525
2025-05-04 07:00:00,3.1985,3.2113,3.1764,3.2112,1809092.3,2025-05-04 07:59:59.999,5783936.35848,17449,1062717.2,3399496.11451
2025-05-04 08:00:00,3.2113,3.2453,3.2008,3.2188,2559365.5,2025-05-04 08:59:59.999,8256097.13883,28577,1532850.1,4945668.10454
2025-05-04 09:00:00,3.219,3.23,3.196,3.2248,1937554.0,2025-05-04 09:59:59.999,6223738.89927,24033,854002.4,2745011.65826
2025-05-04 10:00:00,3.225,3.2461,3.204,3.2224,2146178.7,2025-05-04 10:59:59.999,6921741.82108,20705,1179423.9,3805774.44788
2025-05-04 11:00:00,3.2222,3.2407,3.2179,3.2328,1119936.0,2025-05-04 11:59:59.999,3617887.54328,15055,676674.4,2185827.6969
2025-05-04 12:00:00,3.2327,3.2657,3.2304,3.2528,2460289.6,2025-05-04 12:59:59.999,8001069.6047,21524,1111711.3,3614994.05484
2025-05-04 13:00:00,3.2529,3.259,3.2067,3.2232,1801009.8,2025-05-04 13:59:59.999,5812794.78238,20656,774013.6,2499525.62797
2025-05-04 14:00:00,3.2232,3.2997,3.2228,3.2804,2916644.3,2025-05-04 14:59:59.999,9552600.12195,29322,1778365.7,5823415.85679
2025-05-04 15:00:00,3.2803,3.3071,3.2568,3.2763,1924883.7,2025-05-04 15:59:59.999,6319757.42321,23106,1060897.8,3483347.70567
2025-05-04 16:00:00,3.2763,3.2926,3.2504,3.2632,1299792.6,2025-05-04 16:59:59.999,4250006.63672,17830,681919.3,2230109.08121
2025-05-04 17:00:00,3.2631,3.295,3.2465,3.2797,1227898.2,2025-05-04 17:59:59.999,4014384.56979,18455,615532.9,2012844.51878
2025-05-04 18:00:00,3.2796,3.2946,3.2592,3.2606,917136.6,2025-05-04 18:59:59.999,3001459.7128,13414,488404.3,1598513.72731
2025-05-04 19:00:00,3.2607,3.2916,3.2537,3.276,802228.5,2025-05-04 19:59:59.999,2625387.73214,12222,393728.6,1288941.05247
2025-05-04 20:00:00,3.2759,3.3312,3.2734,3.3169,1731896.6,2025-05-04 20:59:59.999,5729853.47074,19739,1031724.5,3412290.81966
2025-05-04 21:00:00,3.3169,3.3267,3.3018,3.3106,924855.6,2025-05-04 21:59:59.999,3064945.50651,10838,431744.5,1430923.79464
2025-05-04 22:00:00,3.3104,3.3106,3.2395,3.27,2368499.4,2025-05-04 22:59:59.999,7740073.15693,27092,1079000.5,3527111.37301
2025-05-04 23:00:00,3.2699,3.2914,3.2403,3.2747,1879291.6,2025-05-04 23:59:59.999,6132480.40733,21070,918575.5,2996502.45005
2025-05-05 00:00:00,3.2748,3.2876,3.2391,3.2574,2891328.2,2025-05-05 00:59:59.999,9427787.11133,25830,1478358.2,4820161.25704
2025-05-05 01:00:00,3.2575,3.2591,3.2109,3.235,2474891.1,2025-05-05 01:59:59.999,8005293.48537,29459,1393231.4,4506813.23356
2025-05-05 02:00:00,3.2348,3.3481,3.2201,3.3147,6646906.5,2025-05-05 02:59:59.999,21944849.52062,51524,3288244.6,10837325.47424
2025-05-05 03:00:00,3.3147,3.3218,3.2786,3.2865,1818684.2,2025-05-05 03:59:59.999,5996277.25317,23650,953678.2,3145385.8473
2025-05-05 04:00:00,3.2865,3.3196,3.2648,3.3075,2587009.5,2025-05-05 04:59:59.999,8526363.59675,25963,1292924.8,4263381.55418
2025-05-05 05:00:00,3.3074,3.3907,3.2982,3.3907,6692432.2,2025-05-05 05:59:59.999,22393390.60837,49850,2629290.1,8787033.54214
2025-05-05 06:00:00,3.3907,3.4118,3.376,3.3861,5152197.8,2025-05-05 06:59:59.999,17480644.04922,44820,2203130.3,7475864.77061
2025-05-05 07:00:00,3.3862,3.4291,3.3663,3.4232,5107526.7,2025-05-05 07:59:59.999,17367917.99868,40008,2498552.7,8495188.38795
2025-05-05 08:00:00,3.4232,3.4634,3.4102,3.4448,4082745.7,2025-05-05 08:59:59.999,14033198.59098,36951,2205849.3,7582383.57803
2025-05-05 09:00:00,3.4448,3.4738,3.4234,3.436,3205420.9,2025-05-05 09:59:59.999,11059810.99158,29702,1792086.5,6184189.21767
2025-05-05 10:00:00,3.436,3.4463,3.375,3.4081,7133063.9,2025-05-05 10:59:59.999,24299385.30567,44427,3195023.4,10884013.36504
2025-05-05 11:00:00,3.4082,3.4942,3.4041,3.4302,7634588.4,2025-05-05 11:59:59.999,26368750.30174,59093,3541621.2,12235466.95733
2025-05-05 12:00:00,3.4302,3.4712,3.4086,3.4334,5253257.8,2025-05-05 12:59:59.999,18114293.59823,46410,2661891.9,9179698.675
2025-05-05 13:00:00,3.4331,3.4697,3.4081,3.4632,4776908.3,2025-05-05 13:59:59.999,16404391.39719,50397,2463277.9,8462747.13025
2025-05-05 14:00:00,3.4633,3.4844,3.4332,3.4457,4635974.7,2025-05-05 14:59:59.999,16016019.60017,49717,2201768.6,7607021.33661
2025-05-05 15:00:00,3.4456,3.4541,3.392,3.4142,2916615.9,2025-05-05 15:59:59.999,9984485.67888,36253,1287361.5,4407193.96802
2025-05-05 16:00:00,3.4142,3.4348,3.3874,3.4106,3400548.4,2025-05-05 16:59:59.999,11598385.26878,38274,1663417.3,5674420.84991
2025-05-05 17:00:00,3.4105,3.4515,3.4022,3.4338,1868860.9,2025-05-05 17:59:59.999,6409902.13061,26930,1020298.3,3499342.0992
2025-05-05 18:00:00,3.4339,3.4689,3.4178,3.4452,1796941.1,2025-05-05 18:59:59.999,6186752.55893,24644,944580.7,3251787.64636
2025-05-05 19:00:00,3.4452,3.4813,3.4408,3.453,3219394.7,2025-05-05 19:59:59.999,11149658.84864,26408,1695664.7,5874788.73227
2025-05-05 20:00:00,3.4529,3.4551,3.3856,3.4135,1896499.5,2025-05-05 20:59:59.999,6467051.93854,25966,924481.3,3152530.18317
2025-05-05 21:00:00,3.4136,3.4258,3.3912,3.4061,1375136.9,2025-05-05 21:59:59.999,4686214.58176,16014,600520.6,2046682.77341
2025-05-05 22:00:00,3.4057,3.4627,3.4009,3.4608,1973653.2,2025-05-05 22:59:59.999,6782370.53492,21882,1185280.8,4072675.71752
2025-05-05 23:00:00,3.4607,3.4716,3.4192,3.4234,2322436.9,2025-05-05 23:59:59.999,8013877.41024,20591,1029325.1,3552374.52168
2025-05-06 00:00:00,3.4231,3.4277,3.3572,3.3804,5621457.3,2025-05-06 00:59:59.999,19012513.26012,39313,2746687.2,9281064.39637
2025-05-06 01:00:00,3.3803,3.3981,3.3075,3.3114,5014037.5,2025-05-06 01:59:59.999,16790985.31122,39410,2576404.2,8629846.16402
2025-05-06 02:00:00,3.3114,3.3395,3.2824,3.3244,4302288.1,2025-05-06 02:59:59.999,14220822.50398,36872,2141118.0,7081392.9142
2025-05-06 03:00:00,3.3244,3.3457,3.3092,3.3315,2205830.6,2025-05-06 03:59:59.999,7343332.50236,21636,1313621.0,4372493.19195
2025-05-06 04:00:00,3.3316,3.3943,3.3271,3.3855,2078230.8,2025-05-06 04:59:59.999,7004148.33991,24190,1080133.7,3641311.39399
2025-05-06 05:00:00,3.3855,3.3943,3.3343,3.3486,2443078.0,2025-05-06 05:59:59.999,8201145.95594,25698,963075.7,3232231.54851
2025-05-06 06:00:00,3.3486,3.3809,3.3477,3.3808,1691630.9,2025-05-06 06:59:59.999,5691260.99979,19332,895910.8,3013458.40005
2025-05-06 07:00:00,3.3808,3.3938,3.3566,3.3706,1392807.3,2025-05-06 07:59:59.999,4700241.99304,18628,767196.2,2588500.93995
2025-05-06 08:00:00,3.3704,3.3704,3.265,3.3045,5128862.4,2025-05-06 08:59:59.999,16929919.59481,46535,2193891.8,7242679.02251
2025-05-06 09:00:00,3.3045,3.3054,3.268,3.2912,1892983.8,2025-05-06 09:59:59.999,6213706.44677,19262,928295.2,3047601.09
2025-05-06 10:00:00,3.2912,3.2912,3.23,3.2484,3461880.2,2025-05-06 10:59:59.999,11257865.22003,34535,1459610.0,4747294.55249
2025-05-06 11:00:00,3.2481,3.2706,3.1513,3.197,12562737.9,2025-05-06 11:59:59.999,40326311.35473,69019,8081236.0,25935706.10347
2025-05-06 12:00:00,3.197,3.2275,3.1734,3.2196,4337091.4,2025-05-06 12:59:59.999,13879772.53727,35348,2154962.4,6898427.07967
2025-05-06 13:00:00,3.2198,3.2322,3.1872,3.2138,2626902.7,2025-05-06 13:59:59.999,8424881.39506,33105,1275497.6,4091866.02552
2025-05-06 14:00:00,3.2138,3.2816,3.2135,3.2415,6120211.7,2025-05-06 14:59:59.999,19905141.24856,51396,3685043.1,11984524.27477
2025-05-06 15:00:00,3.2415,3.2687,3.2232,3.2299,2467203.5,2025-05-06 15:59:59.999,8014866.06307,27261,1298701.7,4220236.95161
2025-05-06 16:00:00,3.2299,3.2492,3.1891,3.1915,2804688.1,2025-05-06 16:59:59.999,9018280.31881,32940,1313878.8,4225699.84157
2025-05-06 17:00:00,3.1912,3.2392,3.1901,3.2027,2286654.2,2025-05-06 17:59:59.999,7343835.38906,27335,1417510.6,4552646.01026
2025-05-06 18:00:00,3.2026,3.2578,3.1965,3.2549,1901905.3,2025-05-06 18:59:59.999,6138645.62125,23111,1047176.3,3380381.13168
2025-05-06 19:00:00,3.2548,3.2727,3.231,3.235,1948112.8,2025-05-06 19:59:59.999,6333117.90028,22279,1101048.4,3579322.156
2025-05-06 20:00:00,3.2345,3.2442,3.152,3.1734,3444397.6,2025-05-06 20:59:59.999,10980289.59083,32590,1464133.9,4667351.36205
2025-05-06 21:00:00,3.1734,3.2007,3.12,3.1745,3319930.3,2025-05-06 21:59:59.999,10473150.31422,29374,1334887.6,4215539.68689
2025-05-06 22:00:00,3.1744,3.3617,3.1729,3.3555,7567538.6,2025-05-06 22:59:59.999,24850026.10522,82042,4218839.1,13857469.01269
2025-05-06 23:00:00,3.3554,3.3743,3.2937,3.3458,6481780.9,2025-05-06 23:59:59.999,21651831.18512,52321,3267308.0,10916710.42737
2025-05-07 00:00:00,3.3461,3.4205,3.3297,3.419,7871625.3,2025-05-07 00:59:59.999,26646328.09593,65300,4185285.7,14158728.1908
2025-05-07 01:00:00,3.4189,3.4467,3.4018,3.4226,4567130.1,2025-05-07 01:59:59.999,15632695.82695,40253,2060060.2,7055761.12506
2025-05-07 02:00:00,3.4225,3.4248,3.364,3.383,4131180.8,2025-05-07 02:59:59.999,14007529.35387,38861,1853282.9,6284121.49715
2025-05-07 03:00:00,3.3829,3.3974,3.3454,3.3887,3207215.0,2025-05-07 03:59:59.999,10823510.68783,29743,1648312.3,5563971.04298
2025-05-07 04:00:00,3.3888,3.4044,3.3686,3.3865,1950051.5,2025-05-07 04:59:59.999,6608030.47273,17715,940414.4,3187800.97952
2025-05-07 05:00:00,3.3864,3.4056,3.3616,3.3713,2288303.4,2025-05-07 05:59:59.999,7738047.13791,22152,1074929.8,3632694.24897
2025-05-07 06:00:00,3.3713,3.3904,3.3362,3.3625,2723962.7,2025-05-07 06:59:59.999,9159496.91799,29479,1147389.6,3856873.64276
2025-05-07 07:00:00,3.3624,3.4182,3.3591,3.4052,2588338.0,2025-05-07 07:59:59.999,8788179.36418,23973,1303943.3,4428304.36858
2025-05-07 08:00:00,3.4051,3.4234,3.3745,3.4137,2285451.6,2025-05-07 08:59:59.999,7771592.83514,19261,1139232.8,3876668.1839
2025-05-07 09:00:00,3.4137,3.428,3.3903,3.4135,1617126.1,2025-05-07 09:59:59.999,5516019.94552,16012,859504.0,2932669.74558
2025-05-07 10:00:00,3.4134,3.416,3.3653,3.383,2390936.3,2025-05-07 10:59:59.999,8097667.22239,19077,1097159.3,3714871.22604
2025-05-07 11:00:00,3.3831,3.4028,3.3686,3.3967,1176655.1,2025-05-07 11:59:59.999,3984329.21336,12600,618120.0,2093961.49067
2025-05-07 12:00:00,3.3967,3.3997,3.3664,3.3729,2443999.8,2025-05-07 12:59:59.999,8262402.72402,19050,893276.8,3020217.89232
2025-05-07 13:00:00,3.3728,3.3835,3.3341,3.3629,3438487.2,2025-05-07 13:59:59.999,11533722.20463,35499,1520283.6,5100963.91417
2025-05-07 14:00:00,3.3627,3.3814,3.3142,3.3285,2822769.8,2025-05-07 14:59:59.999,9442617.86026,29800,1420354.3,4754984.07755
2025-05-07 15:00:00,3.3285,3.3378,3.3069,3.3189,2626826.3,2025-05-07 15:59:59.999,8726016.50994,29926,1463157.9,4860742.086
2025-05-07 16:00:00,3.319,3.322,3.2524,3.2673,4307217.2,2025-05-07 16:59:59.999,14139662.88262,41770,2283193.4,7494557.97591
2025-05-07 17:00:00,3.2674,3.2799,3.2413,3.2642,2033619.5,2025-05-07 17:59:59.999,6635306.12557,25329,1085914.6,3543502.52738
2025-05-07 18:00:00,3.2644,3.3674,3.2333,3.2777,6862131.9,2025-05-07 18:59:59.999,22513520.59541,75605,3631605.1,11932676.90966
2025-05-07 19:00:00,3.2778,3.2846,3.2367,3.2624,2680967.7,2025-05-07 19:59:59.999,8731304.73942,33193,1398939.0,4557040.51662
2025-05-07 20:00:00,3.2624,3.2878,3.247,3.2871,1218180.1,2025-05-07 20:59:59.999,3976959.97605,16122,598574.8,1955419.25667
2025-05-07 21:00:00,3.287,3.3498,3.2757,3.3357,2834662.0,2025-05-07 21:59:59.999,9425543.10041,26710,1708607.3,5684844.37554
2025-05-07 22:00:00,3.3357,3.3685,3.3297,3.344,1803418.3,2025-05-07 22:59:59.999,6038156.65571,22285,991146.4,3318264.70064
2025-05-07 23:00:00,3.344,3.361,3.3255,3.3314,1542325.2,2025-05-07 23:59:59.999,5153199.33837,17416,772471.4,2581162.6031
2025-05-08 00:00:00,3.3308,3.3973,3.3157,3.3834,2933346.9,2025-05-08 00:59:59.999,9806610.78486,30010,1333924.8,4462027.84993
2025-05-08 01:00:00,3.3834,3.439,3.3662,3.4226,6175492.0,2025-05-08 01:59:59.999,21047335.92878,66060,3166441.4,10793590.88724
2025-05-08 02:00:00,3.4226,3.5688,3.4105,3.5337,9887745.6,2025-05-08 02:59:59.999,34702535.73129,94594,5570318.7,19533346.22835
2025-05-08 03:00:00,3.5337,3.6209,3.5194,3.6007,10343893.9,2025-05-08 03:59:59.999,37076694.68465,76157,4863994.5,17435632.12161
2025-05-08 04:00:00,3.6008,3.65,3.5836,3.5958,6720633.7,2025-05-08 04:59:59.999,24297014.86983,57477,3338362.5,12072203.29597
2025-05-08 05:00:00,3.5959,3.6204,3.5723,3.5787,7293369.7,2025-05-08 05:59:59.999,26201221.10452,46010,3720241.5,13363111.94527
2025-05-08 06:00:00,3.5787,3.6378,3.5759,3.6345,3226248.9,2025-05-08 06:59:59.999,11639903.97403,30101,1926249.1,6948441.51862
2025-05-08 07:00:00,3.6345,3.6738,3.622,3.6403,6719219.8,2025-05-08 07:59:59.999,24516381.48282,51045,3369585.2,12296291.25933
2025-05-08 08:00:00,3.6403,3.7134,3.6375,3.68,4081758.1,2025-05-08 08:59:59.999,14997308.20212,40178,2302453.6,8465473.27418
2025-05-08 09:00:00,3.6803,3.7276,3.6665,3.7179,5003853.7,2025-05-08 09:59:59.999,18544081.18841,38723,2353943.2,8724569.49448
2025-05-08 10:00:00,3.7179,3.808,3.7019,3.792,8917596.3,2025-05-08 10:59:59.999,33531281.6724,69383,3941730.2,14810886.20045
2025-05-08 11:00:00,3.792,3.7934,3.7323,3.762,5838127.1,2025-05-08 11:59:59.999,21969303.2327,46096,2325250.2,8738517.19082
2025-05-08 12:00:00,3.7619,3.8255,3.7551,3.789,4759721.1,2025-05-08 12:59:59.999,18053369.19192,46659,2610372.3,9903955.22299
2025-05-08 13:00:00,3.7891,3.8173,3.7723,3.7851,3641204.0,2025-05-08 13:59:59.999,13814008.16987,38553,1772222.0,6724317.30831
2025-05-08 14:00:00,3.785,3.8234,3.7556,3.7573,5859678.6,2025-05-08 14:59:59.999,22227915.10291,49265,2890716.7,10971578.92403
2025-05-08 15:00:00,3.7573,3.9338,3.7384,3.8932,21669586.1,2025-05-08 15:59:59.999,83627334.804,183973,10082902.6,38901697.38761
2025-05-08 16:00:00,3.8925,3.952,3.8687,3.9297,8199450.1,2025-05-08 16:59:59.999,32069499.71036,79543,4410777.6,17258051.40653
2025-05-08 17:00:00,3.9297,3.9686,3.8927,3.9129,6841478.2,2025-05-08 17:59:59.999,26888521.08051,58768,3016001.8,11861749.08111
2025-05-08 18:00:00,3.9129,3.9426,3.9009,3.9188,3239468.3,2025-05-08 18:59:59.999,12710867.39766,34945,1552883.0,6094775.66286
2025-05-08 19:00:00,3.9188,3.934,3.8924,3.9157,4883362.5,2025-05-08 19:59:59.999,19115044.3487,39169,2535027.4,9924315.14314
2025-05-08 20:00:00,3.9163,4.0023,3.8801,3.9895,12400093.3,2025-05-08 20:59:59.999,48871567.57776,95981,7735715.0,30471454.49306
2025-05-08 21:00:00,3.9893,4.1,3.9497,4.0008,8648971.9,2025-05-08 21:59:59.999,34817114.38333,86431,4747527.6,19118381.77728
2025-05-08 22:00:00,4.0008,4.019,3.957,3.9873,3612275.3,2025-05-08 22:59:59.999,14396689.19212,48780,1800796.5,7179092.29161
2025-05-08 23:00:00,3.9875,4.0428,3.9601,4.0335,2574082.0,2025-05-08 23:59:59.999,10305598.26459,25972,1418290.1,5678731.50797
2025-05-09 00:00:00,4.0332,4.048,3.9798,4.0245,3271030.9,2025-05-09 00:59:59.999,13123447.02798,34434,1745487.5,7004921.17586
2025-05-09 01:00:00,4.024,4.045,3.987,4.0373,5516751.9,2025-05-09 01:59:59.999,22150767.01255,58703,3392994.8,13629457.08273
2025-05-09 02:00:00,4.0371,4.0371,3.9507,3.9595,5012365.1,2025-05-09 02:59:59.999,19957270.86688,44948,2412089.8,9611066.72993
2025-05-09 03:00:00,3.9596,3.9768,3.8264,3.8306,10290390.3,2025-05-09 03:59:59.999,40226310.96859,83436,4305356.7,16833249.34406
2025-05-09 04:00:00,3.8306,3.8936,3.8141,3.8898,5938467.7,2025-05-09 04:59:59.999,22916503.00714,47756,2532474.2,9773217.56558
2025-05-09 05:00:00,3.8901,3.9215,3.8797,3.9017,3768701.9,2025-05-09 05:59:59.999,14680965.94566,32285,1582404.6,6166807.13007
2025-05-09 06:00:00,3.9018,4.001,3.9004,3.9991,6950990.2,2025-05-09 06:59:59.999,27574933.84167,53154,3040387.9,12053887.28765
2025-05-09 07:00:00,3.999,4.045,3.9616,3.9801,9102978.5,2025-05-09 07:59:59.999,36442765.84103,65383,4646536.9,18608333.29988
2025-05-09 08:00:00,3.9802,4.035,3.8703,3.9443,11531259.0,2025-05-09 08:59:59.999,45694643.56538,100257,5165306.4,20465434.16913
2025-05-09 09:00:00,3.9443,3.9829,3.891,3.9402,8729095.3,2025-05-09 09:59:59.999,34314695.50205,79962,4194241.0,16485239.3696
2025-05-09 10:00:00,3.9405,4.009,3.9236,3.9975,5176318.9,2025-05-09 10:59:59.999,20574755.53265,47682,2539384.3,10103720.7916
2025-05-09 11:00:00,3.9975,4.0771,3.9541,3.9784,9946290.7,2025-05-09 11:59:59.999,39908001.67227,89157,5540220.0,22238729.16304
2025-05-09 12:00:00,3.9783,3.989,3.9372,3.9632,3881520.4,2025-05-09 12:59:59.999,15394950.40705,42680,1727654.7,6851385.39408
2025-05-09 13:00:00,3.9632,4.0415,3.9616,4.0309,5048899.7,2025-05-09 13:59:59.999,20220503.02687,49797,3036545.5,12162816.25147
2025-05-09 14:00:00,4.0306,4.0306,3.895,3.931,8641072.5,2025-05-09 14:59:59.999,34092148.18214,81319,4493250.9,17710069.3347
2025-05-09 15:00:00,3.9312,3.9509,3.858,3.9174,6834617.7,2025-05-09 15:59:59.999,26723564.45649,67891,3245580.7,12697606.13227
2025-05-09 16:00:00,3.9175,3.9221,3.8511,3.8559,4099957.3,2025-05-09 16:59:59.999,15944381.92121,46922,1857565.8,7225973.57612
2025-05-09 17:00:00,3.856,3.9416,3.8511,3.9251,3611506.0,2025-05-09 17:59:59.999,14118871.71313,39632,1580580.7,6178372.82309
2025-05-09 18:00:00,3.925,3.9267,3.8876,3.8992,1843067.2,2025-05-09 18:59:59.999,7198285.86404,21659,846873.3,3307743.6769
2025-05-09 19:00:00,3.8993,3.92,3.8847,3.8981,2254119.6,2025-05-09 19:59:59.999,8801479.18638,20923,947850.4,3700376.2328
2025-05-09 20:00:00,3.8982,3.9149,3.8816,3.9081,1577048.2,2025-05-09 20:59:59.999,6147943.2725,19008,668685.5,2607034.63778
2025-05-09 21:00:00,3.9081,3.9206,3.8746,3.9129,1236769.8,2025-05-09 21:59:59.999,4825737.25693,14952,619213.7,2417621.42204
2025-05-09 22:00:00,3.913,3.9254,3.9007,3.9084,944648.8,2025-05-09 22:59:59.999,3697522.76708,14525,404244.0,1582165.71331
2025-05-09 23:00:00,3.9085,3.9561,3.9078,3.9504,3188434.6,2025-05-09 23:59:59.999,12553392.71665,23825,1120799.7,4410942.30701
2025-05-10 00:00:00,3.9503,3.9953,3.8867,3.8962,3629339.0,2025-05-10 00:59:59.999,14337639.72443,50033,1723417.9,6810053.70001
2025-05-10 01:00:00,3.8963,3.9797,3.895,3.9737,1805734.8,2025-05-10 01:59:59.999,7131841.71078,29669,801871.7,3164838.029
2025-05-10 02:00:00,3.9736,4.0272,3.959,3.9816,3542558.7,2025-05-10 02:59:59.999,14168117.66777,38042,2058738.7,8237404.75448
2025-05-10 03:00:00,3.9816,3.9843,3.9422,3.9584,1519555.6,2025-05-10 03:59:59.999,6019965.35279,25748,822930.1,3260219.01864
2025-05-10 04:00:00,3.9585,3.9615,3.9117,3.9375,1961639.4,2025-05-10 04:59:59.999,7713169.19956,26156,925029.0,3636552.53042
2025-05-10 05:00:00,3.9376,3.972,3.9247,3.9685,1117146.5,2025-05-10 05:59:59.999,4408729.21823,19064,536989.0,2119131.47996
2025-05-10 06:00:00,3.9684,3.9984,3.9463,3.98,3904790.3,2025-05-10 06:59:59.999,15506591.57733,39531,2141647.7,8505835.32938
2025-05-10 07:00:00,3.98,4.003,3.9588,3.9963,2573363.3,2025-05-10 07:59:59.999,10257480.81502,30921,1261366.4,5027126.4377
2025-05-10 08:00:00,3.9966,4.0161,3.9545,3.9749,3726889.1,2025-05-10 08:59:59.999,14860195.51121,37712,2238588.7,8925992.39437
2025-05-10 09:00:00,3.9751,3.9943,3.93,3.9755,2283581.4,2025-05-10 09:59:59.999,9048974.70795,31952,1124247.7,4456241.39607
2025-05-10 10:00:00,3.9757,3.992,3.918,3.9182,2425079.4,2025-05-10 10:59:59.999,9611972.07308,28303,1078814.3,4281763.8
2025-05-10 11:00:00,3.9182,3.9398,3.833,3.8587,8369070.1,2025-05-10 11:59:59.999,32391667.91247,63230,4927708.1,19050419.58931
2025-05-10 12:00:00,3.8589,3.9497,3.8589,3.9422,4358691.9,2025-05-10 12:59:59.999,17012679.2136,34984,2531788.0,9885000.09345
2025-05-10 13:00:00,3.9422,3.983,3.9403,3.9728,3223888.3,2025-05-10 13:59:59.999,12784835.23505,32838,1626966.8,6453017.12946
2025-05-10 14:00:00,3.973,3.9754,3.9324,3.9683,1804876.5,2025-05-10 14:59:59.999,7134127.87187,22595,779690.6,3082038.8218
2025-05-10 15:00:00,3.9684,3.9768,3.9353,3.9567,2726699.1,2025-05-10 15:59:59.999,10796007.5816,26344,1131753.8,4480170.07516
2025-05-10 16:00:00,3.9567,4.08,3.9556,3.9984,9704268.5,2025-05-10 16:59:59.999,39023488.98983,69939,4833080.9,19423228.16395
2025-05-10 17:00:00,3.9986,4.0872,3.984,3.9945,6093510.6,2025-05-10 17:59:59.999,24550598.5799,46847,2798902.6,11277509.67033
2025-05-10 18:00:00,3.9945,4.0136,3.962,3.9849,2791111.5,2025-05-10 18:59:59.999,11124131.90303,28205,1398409.6,5575504.94554
2025-05-10 19:00:00,3.9849,4.021,3.9687,3.9999,1960589.8,2025-05-10 19:59:59.999,7832661.70813,17765,1133584.3,4530379.30123
2025-05-10 20:00:00,4.0,4.0082,3.971,3.9935,1120811.6,2025-05-10 20:59:59.999,4477005.77177,12763,606871.3,2424642.38838
2025-05-10 21:00:00,3.9935,4.0682,3.99,4.0392,2385246.3,2025-05-10 21:59:59.999,9614648.5542,19717,1270919.7,5124452.47353
2025-05-10 22:00:00,4.0391,4.0461,4.0121,4.0321,2366277.3,2025-05-10 22:59:59.999,9525042.6104,21629,1308667.3,5268377.20472
2025-05-10 23:00:00,4.0322,4.158,4.028,4.1214,10372894.4,2025-05-10 23:59:59.999,42509744.37496,73282,5004828.3,20481448.53406
2025-05-11 00:00:00,4.1213,4.274,4.0855,4.1903,19571113.8,2025-05-11 00:59:59.999,82047753.70741,185815,11616490.5,48734396.29713
2025-05-11 01:00:00,4.1902,4.2199,4.0445,4.0666,11140507.1,2025-05-11 01:59:59.999,46025732.65183,81676,6738060.5,27827778.61412
2025-05-11 02:00:00,4.0665,4.0798,3.9714,4.0136,5952647.0,2025-05-11 02:59:59.999,24018197.15559,50935,3104763.5,12536080.44699
2025-05-11 03:00:00,4.0136,4.0526,3.9903,4.0152,5884997.4,2025-05-11 03:59:59.999,23624810.41855,29139,2010349.5,8084071.99585
2025-05-11 04:00:00,4.0152,4.0451,3.9956,4.0256,2463143.6,2025-05-11 04:59:59.999,9908651.84462,18214,1271316.9,5113519.74013
2025-05-11 05:00:00,4.0255,4.0306,3.9968,4.0022,2039005.0,2025-05-11 05:59:59.999,8184827.23499,18114,1001535.4,4020183.56948
2025-05-11 06:00:00,4.0021,4.0191,3.9653,3.9788,2720914.7,2025-05-11 06:59:59.999,10857641.15028,29582,1356539.6,5415459.40782
2025-05-11 07:00:00,3.9785,3.9814,3.9317,3.9594,3799395.7,2025-05-11 07:59:59.999,15026096.2278,45999,1784332.9,7056550.79709
2025-05-11 08:00:00,3.9594,3.9917,3.9364,3.9434,1868074.6,2025-05-11 08:59:59.999,7403635.45121,24770,875833.0,3472092.33009
2025-05-11 09:00:00,3.9435,3.9929,3.9435,3.9716,1801092.8,2025-05-11 09:59:59.999,7161297.28073,22180,1020725.9,4058251.70836
2025-05-11 10:00:00,3.9716,3.9816,3.952,3.9777,1402576.4,2025-05-11 10:59:59.999,5564077.39058,16845,624401.7,2477271.19672
2025-05-11 11:00:00,3.9777,4.0249,3.9679,4.0109,3793694.3,2025-05-11 11:59:59.999,15170482.89118,29471,1656054.2,6621078.90066
2025-05-11 12:00:00,4.0109,4.0194,3.9729,3.9905,1426462.6,2025-05-11 12:59:59.999,5699267.09904,21332,618645.5,2471395.10661
2025-05-11 13:00:00,3.9906,4.0127,3.8902,3.9038,3613060.2,2025-05-11 13:59:59.999,14272107.28789,48850,1461443.3,5775283.20085
2025-05-11 14:00:00,3.9038,3.9713,3.903,3.9598,2094635.1,2025-05-11 14:59:59.999,8258271.64898,33478,1006728.5,3969101.11976
2025-05-11 15:00:00,3.96,3.9818,3.9112,3.932,1986074.5,2025-05-11 15:59:59.999,7846853.91973,31994,890892.8,3518327.96926
2025-05-11 16:00:00,3.9319,3.9648,3.8931,3.9365,2850255.7,2025-05-11 16:59:59.999,11191739.28459,35640,1346152.7,5285679.01909
2025-05-11 17:00:00,3.9364,3.9766,3.9243,3.9729,1381653.5,2025-05-11 17:59:59.999,5462319.46629,20060,710059.9,2806951.26131
2025-05-11 18:00:00,3.9729,4.0287,3.9409,4.0165,2750146.2,2025-05-11 18:59:59.999,10967805.16495,26445,1663115.2,6637201.93945
2025-05-11 19:00:00,4.0168,4.0337,3.9984,4.0081,1376903.2,2025-05-11 19:59:59.999,5531351.31868,16024,687739.8,2763687.28941
2025-05-11 20:00:00,4.0081,4.0311,3.9843,4.0281,1083473.7,2025-05-11 20:59:59.999,4345058.07534,12593,609422.0,2444613.56912
2025-05-11 21:00:00,4.028,4.0385,3.9967,4.0323,1487539.5,2025-05-11 21:59:59.999,5977572.62287,12929,599772.3,2410278.55028
2025-05-11 22:00:00,4.0322,4.0515,3.9746,4.0032,1823309.6,2025-05-11 22:59:59.999,7311868.14769,23817,894719.2,3591476.16613
2025-05-11 23:00:00,4.0033,4.0233,3.9945,4.0175,1121755.4,2025-05-11 23:59:59.999,4496789.94179,12165,531595.2,2131032.26468
2025-05-12 00:00:00,4.0176,4.13,4.0158,4.1055,3433189.8,2025-05-12 00:59:59.999,13968869.30137,32012,1881951.1,7656428.10419
2025-05-12 01:00:00,4.1053,4.187,3.9713,4.0176,8488240.5,2025-05-12 01:59:59.999,34656199.30226,73985,4587055.7,18736995.25611
2025-05-12 02:00:00,4.0179,4.0504,3.9562,3.9884,4250414.4,2025-05-12 02:59:59.999,17038611.94165,35195,2101732.3,8429035.50945
2025-05-12 03:00:00,3.9882,4.0712,3.9684,4.0495,5148326.9,2025-05-12 03:59:59.999,20785556.9838,36684,3173094.3,12822315.67564
2025-05-12 04:00:00,4.0495,4.14,4.0352,4.1157,4569970.9,2025-05-12 04:59:59.999,18647223.90158,40489,2691944.3,10975402.08323
2025-05-12 05:00:00,4.1157,4.152,4.0598,4.1427,3804281.1,2025-05-12 05:59:59.999,15651414.02007,43001,1977931.1,8142782.63939
2025-05-12 06:00:00,4.1433,4.2,4.1268,4.1713,4747065.8,2025-05-12 06:59:59.999,19810659.37011,43987,2690914.2,11234054.17264
2025-05-12 07:00:00,4.1713,4.2989,4.1713,4.2173,13542392.4,2025-05-12 07:59:59.999,57302754.81666,108683,6331865.9,26766709.75168
2025-05-12 08:00:00,4.2171,4.2256,4.1298,4.2084,8400298.2,2025-05-12 08:59:59.999,35013381.00679,61170,4893526.8,20394789.44871
2025-05-12 09:00:00,4.2085,4.2314,4.1653,4.1678,2819499.4,2025-05-12 09:59:59.999,11848228.60408,28559,1293880.6,5439322.926
2025-05-12 10:00:00,4.1677,4.2,4.1256,4.187,3617175.3,2025-05-12 10:59:59.999,15046860.95631,35863,1744118.1,7255797.06808
2025-05-12 11:00:00,4.187,4.1999,4.0435,4.052,5239436.1,2025-05-12 11:59:59.999,21619365.36295,48606,2425154.3,10018815.94907
2025-05-12 12:00:00,4.0518,4.112,4.0402,4.0921,4642008.0,2025-05-12 12:59:59.999,18923052.3301,39790,2323503.2,9476140.56718
2025-05-12 13:00:00,4.0921,4.1284,4.0433,4.1079,5316067.6,2025-05-12 13:59:59.999,21762050.74835,51481,2478494.5,10143055.53968
2025-05-12 14:00:00,4.1075,4.1203,3.9456,3.9578,13845617.5,2025-05-12 14:59:59.999,55503083.27571,112054,7080640.7,28380545.2568
2025-05-12 15:00:00,3.958,3.9779,3.8932,3.9356,9199954.9,2025-05-12 15:59:59.999,36181256.91226,100162,4466461.0,17569900.18859
2025-05-12 16:00:00,3.9355,4.0098,3.9169,3.9874,3434918.4,2025-05-12 16:59:59.999,13636091.75492,43964,1856195.6,7370759.45449
2025-05-12 17:00:00,3.9875,4.0093,3.9177,3.9287,2983099.2,2025-05-12 17:59:59.999,11827045.59383,37253,1575484.5,6246188.86033
2025-05-12 18:00:00,3.9288,3.948,3.808,3.8757,11591109.5,2025-05-12 18:59:59.999,44779588.46756,109900,5840558.7,22554372.57999
2025-05-12 19:00:00,3.876,3.9341,3.8564,3.9245,3372841.8,2025-05-12 19:59:59.999,13164676.6036,46960,1732804.9,6762606.82418
2025-05-12 20:00:00,3.9244,3.9718,3.899,3.9536,2431600.7,2025-05-12 20:59:59.999,9574582.35018,30099,1281645.0,5047080.51458
2025-05-12 21:00:00,3.9537,3.9587,3.9186,3.9385,2370468.7,2025-05-12 21:59:59.999,9319560.8117,23368,868293.9,3414388.59879
2025-05-12 22:00:00,3.9386,3.9899,3.9241,3.9584,1795643.1,2025-05-12 22:59:59.999,7112875.75734,23622,1025929.4,4064005.64445
2025-05-12 23:00:00,3.9585,3.9914,3.9557,3.9632,1473639.2,2025-05-12 23:59:59.999,5853228.38026,16586,634975.2,2522518.08576
2025-05-13 00:00:00,3.9632,3.971,3.9034,3.9095,2928920.1,2025-05-13 00:59:59.999,11499521.28973,36140,1221142.1,4793053.59687
2025-05-13 01:00:00,3.9094,3.9285,3.8407,3.8757,2801649.4,2025-05-13 01:59:59.999,10869188.42444,41317,1253596.8,4865034.00425
2025-05-13 02:00:00,3.8759,3.9062,3.8154,3.8995,4521649.5,2025-05-13 02:59:59.999,17476077.56513,56510,2095440.0,8100167.14918
2025-05-13 03:00:00,3.8993,3.9073,3.815,3.8253,2503606.3,2025-05-13 03:59:59.999,9640020.99972,34141,1056062.2,4069403.9121
2025-05-13 04:00:00,3.8251,3.9251,3.8188,3.918,2319555.5,2025-05-13 04:59:59.999,9003415.42244,30138,1179463.2,4581134.68184
2025-05-13 05:00:00,3.9179,3.919,3.8838,3.9091,1347772.4,2025-05-13 05:59:59.999,5259790.38506,16998,461890.9,1802836.63162
2025-05-13 06:00:00,3.9092,3.9808,3.9091,3.9625,2610886.4,2025-05-13 06:59:59.999,10307048.79438,22618,1161322.1,4582535.95067
2025-05-13 07:00:00,3.9625,3.9865,3.9459,3.9579,1309722.1,2025-05-13 07:59:59.999,5195097.78334,18500,547295.5,2171615.6101
2025-05-13 08:00:00,3.9581,3.9754,3.9368,3.9425,1553660.2,2025-05-13 08:59:59.999,6143844.6208,19637,681861.7,2697143.24771
2025-05-13 09:00:00,3.9428,4.0182,3.9416,3.9995,2584479.5,2025-05-13 09:59:59.999,10314577.26706,24133,1480534.7,5908244.15422
2025-05-13 10:00:00,3.9998,4.0056,3.957,3.9768,2035582.9,2025-05-13 10:59:59.999,8095778.77519,22629,865020.7,3438701.96063
2025-05-13 11:00:00,3.9768,3.9998,3.9454,3.9596,1944263.9,2025-05-13 11:59:59.999,7726853.66915,23442,974896.1,3874446.62067
2025-05-13 12:00:00,3.9595,4.0096,3.9357,4.0019,3873773.8,2025-05-13 12:59:59.999,15418214.73845,43090,2040990.7,8124551.9536
2025-05-13 13:00:00,4.002,4.08,3.9821,4.0038,4998079.1,2025-05-13 13:59:59.999,20097488.11497,40195,2954710.8,11885477.4623
2025-05-13 14:00:00,4.0038,4.0111,3.9379,3.9557,3167018.5,2025-05-13 14:59:59.999,12582702.52454,35501,1577009.7,6264578.43842
2025-05-13 15:00:00,3.9558,4.014,3.9521,4.0042,2443391.9,2025-05-13 15:59:59.999,9751365.77258,25914,1386736.7,5533452.58777
2025-05-13 16:00:00,4.0044,4.0578,3.9928,4.0079,2811916.8,2025-05-13 16:59:59.999,11330569.47015,25564,1483213.6,5976388.82101
2025-05-13 17:00:00,4.008,4.035,3.99,4.0191,1937249.8,2025-05-13 17:59:59.999,7776850.34249,17753,1081316.1,4341393.28207
2025-05-13 18:00:00,4.0191,4.0293,3.9961,4.0147,1877979.5,2025-05-13 18:59:59.999,7541333.10121,15686,1046848.9,4204154.92653
2025-05-13 19:00:00,4.0146,4.1139,3.9992,4.0486,5436313.5,2025-05-13 19:59:59.999,22050955.10007,38713,2731421.6,11080658.23457
2025-05-13 20:00:00,4.0483,4.0837,4.0011,4.0727,2950188.0,2025-05-13 20:59:59.999,11948230.25039,25523,1511166.9,6123325.46704
2025-05-13 21:00:00,4.0727,4.0851,4.053,4.0825,1723544.5,2025-05-13 21:59:59.999,7013964.30634,13265,869481.7,3537831.5942
2025-05-13 22:00:00,4.0824,4.0939,4.0456,4.0492,2034632.3,2025-05-13 22:59:59.999,8280467.01225,16585,818700.0,3331262.69751
2025-05-13 23:00:00,4.0492,4.109,4.0295,4.0632,3215230.0,2025-05-13 23:59:59.999,13102279.88346,26310,1506985.7,6137973.02014
2025-05-14 00:00:00,4.0631,4.0834,4.0114,4.0212,1876596.8,2025-05-14 00:59:59.999,7590195.89279,23825,825656.8,3340181.38178
2025-05-14 01:00:00,4.0216,4.0512,3.9761,4.0007,2802962.8,2025-05-14 01:59:59.999,11262385.37053,35254,1235701.1,4967555.18007
2025-05-14 02:00:00,4.0009,4.0032,3.933,3.9701,7203793.0,2025-05-14 02:59:59.999,28571035.21617,59682,3712326.8,14733218.40803
2025-05-14 03:00:00,3.9701,3.9803,3.943,3.9796,1395309.1,2025-05-14 03:59:59.999,5524386.10194,22479,609186.2,2411919.34362
2025-05-14 04:00:00,3.9797,4.0213,3.9718,4.0091,1227736.6,2025-05-14 04:59:59.999,4907703.07807,20826,622630.8,2488461.51364
2025-05-14 05:00:00,4.0091,4.0393,3.9974,4.0334,1491068.3,2025-05-14 05:59:59.999,5985713.00618,17688,809665.7,3250899.43074
2025-05-14 06:00:00,4.0334,4.047,4.0035,4.0218,1283500.2,2025-05-14 06:59:59.999,5164169.17387,16495,626613.5,2521328.76002
2025-05-14 07:00:00,4.0219,4.0233,3.9654,3.9953,1614814.6,2025-05-14 07:59:59.999,6451632.63422,22836,796393.2,3182556.48542
2025-05-14 08:00:00,3.9956,4.019,3.8924,3.8999,4145489.7,2025-05-14 08:59:59.999,16376118.76233,55711,1879600.2,7427550.24894
2025-05-14 09:00:00,3.8999,3.9435,3.8871,3.942,3139432.3,2025-05-14 09:59:59.999,12285110.75154,39604,1445628.3,5659313.01198
2025-05-14 10:00:00,3.942,3.9545,3.9226,3.9267,1529539.1,2025-05-14 10:59:59.999,6028111.63322,20972,782946.6,3085764.19582
2025-05-14 11:00:00,3.9267,3.9612,3.9097,3.9518,1631106.2,2025-05-14 11:59:59.999,6426657.49665,19334,699764.1,2758583.36661
2025-05-14 12:00:00,3.952,3.9655,3.8967,3.9116,1805692.4,2025-05-14 12:59:59.999,7101114.86759,25164,895710.1,3525690.44769
2025-05-14 13:00:00,3.9116,3.9527,3.862,3.9142,3800994.9,2025-05-14 13:59:59.999,14833436.97534,61958,1724039.2,6728297.56748
2025-05-14 14:00:00,3.9144,3.9148,3.8523,3.893,2799043.7,2025-05-14 14:59:59.999,10870833.7752,43997,1294950.5,5029875.07214
2025-05-14 15:00:00,3.8931,3.9125,3.8718,3.9058,1697289.7,2025-05-14 15:59:59.999,6608898.59594,26779,862127.0,3356992.97918
2025-05-14 16:00:00,3.9058,3.9168,3.8664,3.8875,1815845.9,2025-05-14 16:59:59.999,7066620.25341,27927,864304.0,3364026.18688
2025-05-14 17:00:00,3.8875,3.9447,3.867,3.9296,2106779.0,2025-05-14 17:59:59.999,8221309.2534,29097,1035231.3,4041924.83986
2025-05-14 18:00:00,3.9294,3.9392,3.9066,3.9277,1017141.8,2025-05-14 18:59:59.999,3989066.89216,18142,512806.9,2011054.30512
2025-05-14 19:00:00,3.9277,3.9405,3.9171,3.9273,740113.4,2025-05-14 19:59:59.999,2906976.76155,12523,300847.9,1181718.36813
2025-05-14 20:00:00,3.9275,3.9485,3.9269,3.9345,745382.8,2025-05-14 20:59:59.999,2936130.55396,11676,370101.5,1457801.25938
2025-05-14 21:00:00,3.9345,3.949,3.9202,3.9476,603166.9,2025-05-14 21:59:59.999,2372754.34124,8637,291576.0,1147151.70755
2025-05-14 22:00:00,3.9476,3.955,3.895,3.9124,777353.0,2025-05-14 22:59:59.999,3051594.60078,11983,408169.9,1601458.65555
2025-05-14 23:00:00,3.9123,3.9269,3.8881,3.9152,693333.5,2025-05-14 23:59:59.999,2709186.41135,14092,350444.5,1369197.40723
2025-05-15 00:00:00,3.9154,3.96,3.9154,3.9389,1292363.1,2025-05-15 00:59:59.999,5094490.20719,20438,653363.3,2575313.60237
2025-05-15 01:00:00,3.9388,3.9419,3.8364,3.8528,2366566.5,2025-05-15 01:59:59.999,9166060.29663,30182,995632.4,3857660.69943
2025-05-15 02:00:00,3.8526,3.8904,3.8438,3.8812,1501134.4,2025-05-15 02:59:59.999,5815582.50534,19651,638412.8,2472696.50333
2025-05-15 03:00:00,3.8814,3.8897,3.8512,3.8578,1617454.6,2025-05-15 03:59:59.999,6260218.32982,15995,1045474.9,4044606.48356
2025-05-15 04:00:00,3.8578,3.8758,3.8404,3.8695,1533722.9,2025-05-15 04:59:59.999,5919452.48356,18794,833623.7,3217259.67662
2025-05-15 05:00:00,3.8695,3.8741,3.785,3.8017,3105764.5,2025-05-15 05:59:59.999,11865270.8313,28267,1206389.6,4606209.55763
2025-05-15 06:00:00,3.8018,3.825,3.7551,3.7865,2571519.7,2025-05-15 06:59:59.999,9748636.12899,33108,1189517.0,4511402.25914
2025-05-15 07:00:00,3.7864,3.7981,3.6833,3.7051,5423493.4,2025-05-15 07:59:59.999,20218667.75314,58242,2252507.9,8400129.52943
2025-05-15 08:00:00,3.7052,3.7889,3.7044,3.7792,3576815.8,2025-05-15 08:59:59.999,13430652.08553,37146,1798741.6,6753198.83509
2025-05-15 09:00:00,3.7792,3.7882,3.7056,3.7376,2913276.4,2025-05-15 09:59:59.999,10899756.0728,29486,1430051.8,5344474.96711
2025-05-15 10:00:00,3.7375,3.741,3.6765,3.7144,2539787.2,2025-05-15 10:59:59.999,9415729.55163,29024,1236746.3,4588972.51179
2025-05-15 11:00:00,3.7143,3.7388,3.7,3.7263,2420989.1,2025-05-15 11:59:59.999,9003210.25469,26513,1304008.0,4850100.98506
2025-05-15 12:00:00,3.7262,3.7786,3.7024,3.7449,2901029.4,2025-05-15 12:59:59.999,10857296.2623,44379,1582367.4,5921446.79295
2025-05-15 13:00:00,3.745,3.7799,3.6809,3.726,3801578.6,2025-05-15 13:59:59.999,14198211.15158,43095,1879036.6,7021810.85081
2025-05-15 14:00:00,3.726,3.7398,3.6358,3.7165,5435666.0,2025-05-15 14:59:59.999,20009306.63366,61012,2587261.2,9532532.56982
2025-05-15 15:00:00,3.7165,3.8048,3.6982,3.7896,3738940.0,2025-05-15 15:59:59.999,14046435.33368,41193,2072235.0,7783685.61291
2025-05-15 16:00:00,3.7898,3.8666,3.7736,3.865,2717309.0,2025-05-15 16:59:59.999,10359882.61598,30437,1467483.1,5597112.81072
2025-05-15 17:00:00,3.8651,3.9423,3.8513,3.9149,3646561.6,2025-05-15 17:59:59.999,14241398.49128,41650,1849665.2,7225424.1858
2025-05-15 18:00:00,3.9148,3.9513,3.8094,3.8195,4847867.8,2025-05-15 18:59:59.999,18809073.50438,60129,2232977.1,8673111.372
2025-05-15 19:00:00,3.8198,3.9,3.8164,3.8907,3846785.5,2025-05-15 19:59:59.999,14873917.74304,43781,2255573.5,8725552.50051
2025-05-15 20:00:00,3.8908,3.9244,3.847,3.8645,3261797.0,2025-05-15 20:59:59.999,12685477.64491,38115,1831407.0,7122386.91346
2025-05-15 21:00:00,3.8642,3.8706,3.7798,3.8475,2211666.4,2025-05-15 21:59:59.999,8460074.83514,24078,979852.6,3749783.03525
2025-05-15 22:00:00,3.8476,3.915,3.8339,3.8427,2587536.7,2025-05-15 22:59:59.999,10036161.69851,30754,1194951.1,4634797.51534
2025-05-15 23:00:00,3.8424,3.8522,3.7916,3.8486,1994972.4,2025-05-15 23:59:59.999,7624668.05775,29883,991251.1,3789477.43065
2025-05-16 00:00:00,3.8487,3.9125,3.8415,3.8655,1987254.4,2025-05-16 00:59:59.999,7700279.54085,29329,1001235.8,3881192.87101
2025-05-16 01:00:00,3.8655,3.9066,3.8175,3.9053,2124795.5,2025-05-16 01:59:59.999,8199313.17051,30596,1005751.9,3883074.93702
2025-05-16 02:00:00,3.9054,3.9513,3.8792,3.9272,3693979.6,2025-05-16 02:59:59.999,14495662.77436,42772,1953607.7,7665414.16035
2025-05-16 03:00:00,3.9273,3.9418,3.8987,3.9087,1420239.6,2025-05-16 03:59:59.999,5559162.31903,21811,746203.6,2921141.85716
2025-05-16 04:00:00,3.9087,3.9324,3.8613,3.8863,1429546.3,2025-05-16 04:59:59.999,5569851.64092,20090,670603.8,2612062.27854
2025-05-16 05:00:00,3.8864,3.9197,3.8751,3.8865,1165366.3,2025-05-16 05:59:59.999,4539741.70474,17425,504791.9,1966086.02237
2025-05-16 06:00:00,3.8864,3.9069,3.8656,3.8935,1058051.4,2025-05-16 06:59:59.999,4110803.38879,16048,534687.5,2076903.92406
2025-05-16 07:00:00,3.8936,3.9034,3.8672,3.8853,1345678.8,2025-05-16 07:59:59.999,5226672.96321,18836,691978.6,2687473.91249
2025-05-16 08:00:00,3.8854,3.904,3.8216,3.8499,2005997.9,2025-05-16 08:59:59.999,7735515.21946,26730,1013183.6,3908788.5551
2025-05-16 09:00:00,3.85,3.9004,3.8488,3.8989,1527656.4,2025-05-16 09:59:59.999,5921022.20934,19647,782898.1,3034335.05428
2025-05-16 10:00:00,3.8988,3.944,3.8817,3.938,1999157.7,2025-05-16 10:59:59.999,7830943.99766,20404,1147588.8,4496836.69242
2025-05-16 11:00:00,3.9381,3.9429,3.8968,3.9122,1684298.0,2025-05-16 11:59:59.999,6602753.1722,23047,805326.6,3156071.32696
2025-05-16 12:00:00,3.9123,3.9243,3.8811,3.8879,1443182.3,2025-05-16 12:59:59.999,5627662.47458,21608,701732.0,2735821.00852
2025-05-16 13:00:00,3.888,3.93,3.874,3.9271,2870782.2,2025-05-16 13:59:59.999,11219379.17125,30789,1219324.3,4762859.71906
2025-05-16 14:00:00,3.9273,3.9273,3.8483,3.8506,4550071.0,2025-05-16 14:59:59.999,17646000.35272,44136,2359783.8,9144169.6313
2025-05-16 15:00:00,3.8508,3.9,3.8506,3.8775,2501486.1,2025-05-16 15:59:59.999,9674855.60529,27548,1472972.6,5695614.87614
2025-05-16 16:00:00,3.8774,3.8991,3.8111,3.847,2267466.3,2025-05-16 16:59:59.999,8735682.94322,27225,1176707.8,4534605.81442
2025-05-16 17:00:00,3.8469,3.8632,3.8152,3.8269,1142914.4,2025-05-16 17:59:59.999,4385702.56428,15910,571088.9,2191402.31993
2025-05-16 18:00:00,3.8265,3.8553,3.821,3.8455,985735.8,2025-05-16 18:59:59.999,3786173.94274,14661,560051.1,2150329.60208
2025-05-16 19:00:00,3.8453,3.8933,3.8406,3.8729,945997.9,2025-05-16 19:59:59.999,3657392.32106,16935,433636.4,1676393.2835
2025-05-16 20:00:00,3.8728,3.882,3.8158,3.8504,1506026.2,2025-05-16 20:59:59.999,5785806.60946,17331,779035.2,2992855.13952
2025-05-16 21:00:00,3.8504,3.8771,3.8342,3.8425,830741.8,2025-05-16 21:59:59.999,3206110.04452,9955,362183.0,1397669.23457
2025-05-16 22:00:00,3.842,3.8456,3.7186,3.7665,3706097.3,2025-05-16 22:59:59.999,13975290.63627,37411,1524822.1,5755150.60871
2025-05-16 23:00:00,3.7665,3.8148,3.7643,3.7802,1848469.1,2025-05-16 23:59:59.999,7009276.80006,21573,918627.8,3483122.34179
2025-05-17 00:00:00,3.7802,3.8067,3.7379,3.7641,2003912.0,2025-05-17 00:59:59.999,7553448.05625,31674,1043955.3,3934035.29878
2025-05-17 01:00:00,3.764,3.764,3.6845,3.6944,3437167.9,2025-05-17 01:59:59.999,12765762.50011,45974,1498558.6,5567132.48106
2025-05-17 02:00:00,3.6943,3.7532,3.672,3.7298,2036935.4,2025-05-17 02:59:59.999,7556964.76349,28161,1042791.1,3868094.72558
2025-05-17 03:00:00,3.73,3.7983,3.694,3.7901,1450073.8,2025-05-17 03:59:59.999,5427106.85666,19440,702038.2,2626955.84902
2025-05-17 04:00:00,3.7904,3.8255,3.7743,3.8023,1499425.8,2025-05-17 04:59:59.999,5703115.92779,18878,724671.0,2755687.6444
2025-05-17 05:00:00,3.8022,3.8208,3.7717,3.7887,1018373.4,2025-05-17 05:59:59.999,3867167.76081,14697,509095.6,1933866.18197
2025-05-17 06:00:00,3.7888,3.8446,3.7888,3.8381,1442288.7,2025-05-17 06:59:59.999,5516668.8513,17860,770475.9,2947498.0654
2025-05-17 07:00:00,3.8381,3.8478,3.787,3.8038,1014112.7,2025-05-17 07:59:59.999,3872074.30614,14691,497375.6,1899111.77886
2025-05-17 08:00:00,3.8037,3.824,3.7765,3.7909,1278898.8,2025-05-17 08:59:59.999,4855878.09738,21026,604058.9,2293274.12576
2025-05-17 09:00:00,3.791,3.803,3.7715,3.7785,1512798.8,2025-05-17 09:59:59.999,5728381.62199,22556,663376.2,2511982.51716
2025-05-17 10:00:00,3.7785,3.8012,3.7614,3.7677,952887.6,2025-05-17 10:59:59.999,3600261.69499,17709,442674.4,1672491.28179
2025-05-17 11:00:00,3.7677,3.787,3.7469,3.7694,1050831.5,2025-05-17 11:59:59.999,3956800.59651,16200,488401.7,1839063.57476
2025-05-17 12:00:00,3.7694,3.7778,3.7588,3.7742,899923.5,2025-05-17 12:59:59.999,3392003.18686,17744,449118.0,1693142.22885
2025-05-17 13:00:00,3.7745,3.8011,3.7289,3.749,1855907.5,2025-05-17 13:59:59.999,6978422.00352,22299,945912.9,3557816.80811
2025-05-17 14:00:00,3.7489,3.8099,3.7472,3.7933,1759345.1,2025-05-17 14:59:59.999,6659614.4531,20632,837104.4,3169168.97633
2025-05-17 15:00:00,3.7933,3.8048,3.7754,3.782,999199.6,2025-05-17 15:59:59.999,3789633.00968,16220,529447.6,2008659.16146
2025-05-17 16:00:00,3.782,3.7941,3.7083,3.7565,2050661.4,2025-05-17 16:59:59.999,7685841.90373,29045,993698.1,3726031.5935
2025-05-17 17:00:00,3.7565,3.8026,3.7499,3.7692,3243390.4,2025-05-17 17:59:59.999,12269657.59422,26313,1173602.9,4434984.07584
2025-05-17 18:00:00,3.7692,3.8222,3.7486,3.751,2555458.6,2025-05-17 18:59:59.999,9699343.05649,32483,1177708.3,4467869.03795
2025-05-17 19:00:00,3.751,3.7828,3.7487,3.7736,811571.1,2025-05-17 19:59:59.999,3056242.89689,14432,500396.3,1884407.90389
2025-05-17 20:00:00,3.7734,3.85,3.7605,3.8484,1865047.8,2025-05-17 20:59:59.999,7105148.96481,24077,1006022.8,3834398.67261
2025-05-17 21:00:00,3.8485,3.863,3.8173,3.823,1933170.9,2025-05-17 21:59:59.999,7427493.59365,19584,904167.3,3473544.80684
2025-05-17 22:00:00,3.8227,3.8263,3.767,3.7942,1986084.6,2025-05-17 22:59:59.999,7527197.10792,21725,906397.1,3433984.37617
2025-05-17 23:00:00,3.7942,3.8156,3.7788,3.8018,1062439.8,2025-05-17 23:59:59.999,4039213.26609,13605,533917.6,2029739.353
2025-05-18 00:00:00,3.8016,3.8155,3.7691,3.7782,2314001.2,2025-05-18 00:59:59.999,8773146.22694,22633,871313.9,3302464.87614
2025-05-18 01:00:00,3.7783,3.7872,3.7536,3.7798,1233301.8,2025-05-18 01:59:59.999,4646944.08871,17601,679748.8,2561347.07785
2025-05-18 02:00:00,3.7795,3.7879,3.769,3.7727,509540.8,2025-05-18 02:59:59.999,1926035.76723,10581,230842.6,872606.4627
2025-05-18 03:00:00,3.7728,3.7857,3.7358,3.7487,1616745.9,2025-05-18 03:59:59.999,6070226.72651,23255,760220.5,2854211.24389
2025-05-18 04:00:00,3.7487,3.7811,3.747,3.777,677152.4,2025-05-18 04:59:59.999,2547470.87937,11806,327398.3,1231614.25437
2025-05-18 05:00:00,3.777,3.86,3.777,3.8505,2267066.3,2025-05-18 05:59:59.999,8657511.60774,21543,1384693.5,5284878.68453
2025-05-18 06:00:00,3.8506,3.8595,3.8085,3.8159,1387266.7,2025-05-18 06:59:59.999,5315289.52779,17145,644072.1,2467237.39233
2025-05-18 07:00:00,3.8159,3.865,3.8095,3.8498,1559377.5,2025-05-18 07:59:59.999,5988401.20913,15203,847304.0,3253443.91233
2025-05-18 08:00:00,3.8498,3.875,3.8264,3.8353,2607714.7,2025-05-18 08:59:59.999,10049306.66584,21740,1473852.9,5681233.44309
2025-05-18 09:00:00,3.8354,3.868,3.8328,3.8398,1896498.8,2025-05-18 09:59:59.999,7304015.19341,21835,964681.8,3714913.44354
2025-05-18 10:00:00,3.8397,3.8558,3.8247,3.8426,1201552.5,2025-05-18 10:59:59.999,4614766.88543,14490,538433.8,2067921.16736
2025-05-18 11:00:00,3.8425,3.8563,3.826,3.8272,614850.6,2025-05-18 11:59:59.999,2363129.05979,9240,290565.8,1116701.1852
2025-05-18 12:00:00,3.827,3.8409,3.805,3.8399,1217028.9,2025-05-18 12:59:59.999,4650883.15682,14879,627317.2,2397823.06564
2025-05-18 13:00:00,3.8398,3.9239,3.8317,3.9181,4349210.3,2025-05-18 13:59:59.999,16913586.26863,28095,1845473.3,7161397.19889
2025-05-18 14:00:00,3.9181,3.9947,3.8962,3.9762,8116990.6,2025-05-18 14:59:59.999,31942329.86224,51897,4297880.5,16914112.81138
2025-05-18 15:00:00,3.9763,4.0051,3.9524,3.9851,3971556.6,2025-05-18 15:59:59.999,15794023.50353,41837,2334561.1,9287244.31478
2025-05-18 16:00:00,3.9851,3.9979,3.942,3.9671,3331560.9,2025-05-18 16:59:59.999,13226334.73288,35985,1558707.1,6185992.82026
2025-05-18 17:00:00,3.9674,3.9685,3.8328,3.8387,5285820.3,2025-05-18 17:59:59.999,20668288.54096,55875,2724807.5,10663643.5086
2025-05-18 18:00:00,3.8387,3.8426,3.7492,3.7987,10007336.3,2025-05-18 18:59:59.999,37857075.73841,90038,5775552.2,21839609.99434
2025-05-18 19:00:00,3.7985,3.8165,3.719,3.7269,3825369.9,2025-05-18 19:59:59.999,14372502.73821,46291,1916359.4,7193313.69797
2025-05-18 20:00:00,3.7272,3.8067,3.6888,3.7983,5689033.1,2025-05-18 20:59:59.999,21231943.87614,57176,2900549.3,10826942.11884
2025-05-18 21:00:00,3.7983,3.8207,3.775,3.7884,1421458.3,2025-05-18 21:59:59.999,5403623.65448,19463,685233.6,2605196.3674
2025-05-18 22:00:00,3.7883,3.8591,3.7615,3.8517,2763270.4,2025-05-18 22:59:59.999,10535051.73429,36123,1497966.1,5714711.18095
2025-05-18 23:00:00,3.8517,3.9669,3.8256,3.9423,3553070.9,2025-05-18 23:59:59.999,13820621.84146,40018,1799641.7,7000188.08731
2025-05-19 00:00:00,3.9423,3.9725,3.8137,3.8211,5754038.9,2025-05-19 00:59:59.999,22373304.5833,66011,2636448.5,10242406.76988
2025-05-19 01:00:00,3.8211,3.8313,3.7749,3.8115,2548982.4,2025-05-19 01:59:59.999,9692313.89215,36170,1195554.0,4547407.03046
2025-05-19 02:00:00,3.8114,3.8198,3.77,3.7903,1915137.1,2025-05-19 02:59:59.999,7267164.69785,26013,914158.5,3468986.69031
2025-05-19 03:00:00,3.7901,3.7901,3.754,3.7626,2361193.7,2025-05-19 03:59:59.999,8902294.47112,27636,1060667.7,3998881.39062
2025-05-19 04:00:00,3.7623,3.7954,3.7171,3.7392,2794558.5,2025-05-19 04:59:59.999,10492568.82531,38860,1206500.1,4531278.25627
2025-05-19 05:00:00,3.7392,3.7506,3.7091,3.7308,2714685.6,2025-05-19 05:59:59.999,10116093.95071,34266,1373477.5,5117495.92216
2025-05-19 06:00:00,3.7308,3.7378,3.652,3.6557,4084244.3,2025-05-19 06:59:59.999,15077968.83281,43865,1760834.5,6498784.1537
2025-05-19 07:00:00,3.6557,3.7265,3.6532,3.7082,2409977.0,2025-05-19 07:59:59.999,8917155.67811,34109,1123938.2,4157828.43296
2025-05-19 08:00:00,3.7082,3.7278,3.6724,3.6868,2621418.6,2025-05-19 08:59:59.999,9683828.41889,32856,1348483.8,4982949.65239
2025-05-19 09:00:00,3.6868,3.7012,3.6654,3.6684,2214956.0,2025-05-19 09:59:59.999,8154700.56692,24198,1049658.0,3864139.50306
2025-05-19 10:00:00,3.6682,3.685,3.6475,3.6674,2755639.8,2025-05-19 10:59:59.999,10088846.10752,29106,1268928.4,4647591.03199
2025-05-19 11:00:00,3.6673,3.6796,3.6535,3.6572,2202231.0,2025-05-19 11:59:59.999,8072860.99564,21162,1083296.9,3970920.32526
2025-05-19 12:00:00,3.6571,3.6611,3.5842,3.5999,4261290.1,2025-05-19 12:59:59.999,15421258.28588,39065,1639675.6,5933492.20797
2025-05-19 13:00:00,3.6,3.715,3.5983,3.6961,5476398.8,2025-05-19 13:59:59.999,20067065.38797,54459,2845761.1,10419084.90968
2025-05-19 14:00:00,3.6961,3.7672,3.6746,3.7515,6149375.8,2025-05-19 14:59:59.999,22926785.74118,50298,2796292.7,10415141.12486
2025-05-19 15:00:00,3.7514,3.7789,3.7361,3.7557,4746922.2,2025-05-19 15:59:59.999,17855771.17046,43037,2107886.7,7929629.94849
2025-05-19 16:00:00,3.7558,3.8073,3.7216,3.8065,3081867.9,2025-05-19 16:59:59.999,11592470.68883,36957,1657758.4,6237312.94878
2025-05-19 17:00:00,3.8061,3.84,3.7759,3.7837,3880740.7,2025-05-19 17:59:59.999,14750863.98555,43831,1842309.5,7002271.72542
2025-05-19 18:00:00,3.7836,3.8049,3.74,3.7524,2348929.1,2025-05-19 18:59:59.999,8850855.66513,28150,1071032.8,4035786.03163
2025-05-19 19:00:00,3.7525,3.799,3.7442,3.7958,1710036.7,2025-05-19 19:59:59.999,6452097.04083,21328,1006584.5,3797681.70364
2025-05-19 20:00:00,3.7957,3.8327,3.7841,3.8219,2311188.0,2025-05-19 20:59:59.999,8818807.08744,22071,1064013.7,4057617.87378
2025-05-19 21:00:00,3.822,3.8307,3.7904,3.823,1189628.3,2025-05-19 21:59:59.999,4539940.32688,17404,544550.9,2078196.66394
2025-05-19 22:00:00,3.8229,3.8325,3.8067,3.826,824566.5,2025-05-19 22:59:59.999,3148126.396,13444,403827.0,1541927.75908
2025-05-19 23:00:00,3.8259,3.849,3.8136,3.8373,1074711.4,2025-05-19 23:59:59.999,4116622.85011,15092,574848.1,2202280.47422
2025-05-20 00:00:00,3.8375,3.89,3.8296,3.8358,3742041.6,2025-05-20 00:59:59.999,14449193.19338,43192,2076825.4,8018994.45364
2025-05-20 01:00:00,3.8357,3.9226,3.8272,3.9016,3068168.9,2025-05-20 01:59:59.999,11933224.32377,43808,1619626.5,6297431.08371
2025-05-20 02:00:00,3.9017,3.9362,3.8601,3.8732,10119679.6,2025-05-20 02:59:59.999,39629479.18642,54113,3291183.8,12872708.43645
2025-05-20 03:00:00,3.8732,3.879,3.8235,3.8472,2559013.6,2025-05-20 03:59:59.999,9858201.89527,25137,1280207.0,4933456.89165
2025-05-20 04:00:00,3.847,3.8955,3.8281,3.8931,1963748.0,2025-05-20 04:59:59.999,7575046.9579,20396,1098087.7,4234117.35371
2025-05-20 05:00:00,3.8932,3.8995,3.8646,3.867,1230445.0,2025-05-20 05:59:59.999,4779070.50077,15031,690233.8,2681330.53862
2025-05-20 06:00:00,3.8669,3.8844,3.8389,3.871,2759734.2,2025-05-20 06:59:59.999,10654510.46655,23136,1265522.2,4883171.38472
2025-05-20 07:00:00,3.8711,3.9049,3.85,3.8731,3254949.5,2025-05-20 07:59:59.999,12617525.55495,36213,1680708.4,6516178.56665
2025-05-20 08:00:00,3.873,3.8921,3.8378,3.8614,1626073.7,2025-05-20 08:59:59.999,6280964.29825,22831,778924.1,3008609.13876
2025-05-20 09:00:00,3.8613,3.875,3.8481,3.8597,964603.1,2025-05-20 09:59:59.999,3725244.56722,15009,472153.7,1823412.58297
2025-05-20 10:00:00,3.8597,3.8783,3.8308,3.8488,1482261.1,2025-05-20 10:59:59.999,5710508.08066,24947,678365.5,2612638.05451
2025-05-20 11:00:00,3.849,3.851,3.8213,3.8239,3087105.4,2025-05-20 11:59:59.999,11837171.9877,33636,1720429.6,6596535.01448
2025-05-20 12:00:00,3.8238,3.8238,3.7802,3.803,4653638.5,2025-05-20 12:59:59.999,17663533.28816,48700,2138948.9,8119169.8828
2025-05-20 13:00:00,3.8031,3.8333,3.793,3.7972,1975831.6,2025-05-20 13:59:59.999,7537843.49011,36231,996414.1,3802556.04201
2025-05-20 14:00:00,3.7971,3.8432,3.7867,3.8119,2319114.8,2025-05-20 14:59:59.999,8859668.77787,34058,1129363.0,4312865.53583
2025-05-20 15:00:00,3.8119,3.8831,3.8027,3.8659,3156770.7,2025-05-20 15:59:59.999,12162351.28017,43580,1777537.6,6850063.12511
2025-05-20 16:00:00,3.866,3.8765,3.8431,3.8493,1318481.2,2025-05-20 16:59:59.999,5089596.82745,21709,714796.8,2760474.74758
2025-05-20 17:00:00,3.8494,3.899,3.8494,3.8939,1719827.8,2025-05-20 17:59:59.999,6674485.60016,28787,1011394.9,3925031.56786
2025-05-20 18:00:00,3.894,3.9038,3.8168,3.8219,1978685.4,2025-05-20 18:59:59.999,7626402.55323,32879,873202.4,3368102.12764
2025-05-20 19:00:00,3.8218,3.9098,3.8134,3.8848,1767771.8,2025-05-20 19:59:59.999,6835973.01199,29981,894378.9,3459557.1632
2025-05-20 20:00:00,3.8848,3.9347,3.8583,3.9165,1773886.2,2025-05-20 20:59:59.999,6913198.7658,28796,940838.9,3667878.69018
2025-05-20 21:00:00,3.9165,3.941,3.876,3.8993,1930571.9,2025-05-20 21:59:59.999,7547726.94839,28596,965587.6,3776040.07183
2025-05-20 22:00:00,3.8992,3.9111,3.8673,3.8864,2912284.5,2025-05-20 22:59:59.999,11328136.12192,29582,2059440.1,8010466.23462
2025-05-20 23:00:00,3.8864,3.9032,3.8384,3.8542,6163340.7,2025-05-20 23:59:59.999,23910906.75366,41661,4074026.2,15818284.01815
2025-05-21 00:00:00,3.8543,3.8842,3.8371,3.8539,1729279.9,2025-05-21 00:59:59.999,6671702.85636,27938,729622.9,2815124.08349
2025-05-21 01:00:00,3.8539,3.87,3.8334,3.8368,903688.5,2025-05-21 01:59:59.999,3480085.47081,16926,435080.2,1675216.67649
2025-05-21 02:00:00,3.837,3.8417,3.7974,3.84,2074140.1,2025-05-21 02:59:59.999,7918920.43485,27826,940985.4,3592828.98233
2025-05-21 03:00:00,3.84,3.8722,3.8335,3.8614,1356755.5,2025-05-21 03:59:59.999,5227790.65484,19709,760032.7,2928404.94161
2025-05-21 04:00:00,3.8614,3.905,3.8522,3.8866,2471332.5,2025-05-21 04:59:59.999,9597152.85431,27534,1298623.9,5044269.50645
2025-05-21 05:00:00,3.8862,3.9163,3.8683,3.8909,4772725.9,2025-05-21 05:59:59.999,18568745.15619,39718,2927266.6,11386720.32415
2025-05-21 06:00:00,3.8908,3.9138,3.8677,3.903,2055102.7,2025-05-21 06:59:59.999,8008675.38901,24738,909590.0,3544487.85975
2025-05-21 07:00:00,3.903,3.9087,3.8225,3.8402,2884193.3,2025-05-21 07:59:59.999,11130367.65909,33694,1232450.2,4755233.25139
2025-05-21 08:00:00,3.84,3.8647,3.8185,3.8225,1345766.0,2025-05-21 08:59:59.999,5162160.18263,22966,642735.5,2465808.48969
2025-05-21 09:00:00,3.8224,3.8291,3.8,3.8224,1999447.8,2025-05-21 09:59:59.999,7629135.75079,22523,783013.3,2987529.62403
2025-05-21 10:00:00,3.8224,3.8456,3.8158,3.8409,1039044.3,2025-05-21 10:59:59.999,3981759.93202,16599,524612.5,2010726.9007
2025-05-21 11:00:00,3.8409,3.8889,3.8409,3.8724,1832950.4,2025-05-21 11:59:59.999,7097560.02311,22333,950773.6,3681689.68356
2025-05-21 12:00:00,3.8723,3.9222,3.8585,3.9095,2527418.9,2025-05-21 12:59:59.999,9849698.99849,26003,1605602.6,6259357.6184
2025-05-21 13:00:00,3.9095,3.9536,3.8963,3.9302,3727933.6,2025-05-21 13:59:59.999,14623871.67206,45434,1981650.3,7774293.969
2025-05-21 14:00:00,3.9303,3.9508,3.8908,3.9504,3341158.4,2025-05-21 14:59:59.999,13124711.99721,47289,1825147.4,7171689.20064
2025-05-21 15:00:00,3.9503,3.99,3.9207,3.9656,6552579.6,2025-05-21 15:59:59.999,25940633.12557,70474,3286930.1,13017822.3231
2025-05-21 16:00:00,3.9657,4.0685,3.9547,4.0118,8075206.1,2025-05-21 16:59:59.999,32479997.77759,60803,4718707.7,18975936.97593
2025-05-21 17:00:00,4.0118,4.035,3.8326,3.8622,15169528.4,2025-05-21 17:59:59.999,59127445.45315,159443,7762923.7,30220026.4016
2025-05-21 18:00:00,3.8623,3.9063,3.8476,3.8692,3188603.4,2025-05-21 18:59:59.999,12363861.56393,45064,1475941.7,5723917.76882
2025-05-21 19:00:00,3.8694,3.9182,3.8389,3.9113,2481494.5,2025-05-21 19:59:59.999,9622557.4128,35636,1382812.7,5363095.47104
2025-05-21 20:00:00,3.9113,3.919,3.8693,3.8835,1480707.8,2025-05-21 20:59:59.999,5764890.05119,25068,764329.6,2975736.33493
2025-05-21 21:00:00,3.8836,3.9014,3.863,3.8639,1073574.7,2025-05-21 21:59:59.999,4167389.99647,14003,515295.7,2000767.67876
2025-05-21 22:00:00,3.8639,3.9199,3.8601,3.9123,1664089.4,2025-05-21 22:59:59.999,6472583.06697,20007,1046533.3,4068928.66047
2025-05-21 23:00:00,3.9124,3.9831,3.8922,3.9286,3810269.2,2025-05-21 23:59:59.999,15017752.95645,49486,1952453.7,7695210.14947
2025-05-22 00:00:00,3.9289,3.9629,3.9192,3.9609,2806031.0,2025-05-22 00:59:59.999,11065421.8166,32733,1348041.0,5316689.58145
2025-05-22 01:00:00,3.9612,3.9783,3.9234,3.9416,2409935.5,2025-05-22 01:59:59.999,9529618.36998,30246,1028842.6,4067754.10954
2025-05-22 02:00:00,3.9416,4.0077,3.9338,3.992,4205549.2,2025-05-22 02:59:59.999,16727436.89495,32493,2048371.2,8145651.81118
2025-05-22 03:00:00,3.992,4.0743,3.9801,4.0509,5004608.8,2025-05-22 03:59:59.999,20171027.23338,39336,2389534.4,9638650.47717
2025-05-22 04:00:00,4.051,4.0788,4.0259,4.0621,4531151.4,2025-05-22 04:59:59.999,18357440.78827,33830,1882450.3,7625978.10056
2025-05-22 05:00:00,4.0621,4.0674,4.0266,4.0316,2208414.3,2025-05-22 05:59:59.999,8943341.35144,21039,1178658.8,4773512.61059
2025-05-22 06:00:00,4.0318,4.0497,4.0172,4.0243,2954093.4,2025-05-22 06:59:59.999,11919839.13083,24024,1541659.4,6219855.10907
2025-05-22 07:00:00,4.0246,4.1769,4.0201,4.1728,6193901.9,2025-05-22 07:59:59.999,25452541.50024,44189,3424832.2,14060104.24596
2025-05-22 08:00:00,4.173,4.2,4.133,4.1475,5867772.1,2025-05-22 08:59:59.999,24447866.83547,45299,2972555.5,12387826.52823
2025-05-22 09:00:00,4.1474,4.1861,4.1426,4.1595,3896544.3,2025-05-22 09:59:59.999,16234781.43603,29061,2098362.7,8743292.60301
2025-05-22 10:00:00,4.1595,4.2,4.0343,4.0655,5344298.6,2025-05-22 10:59:59.999,22096650.46937,46078,2536293.6,10490482.72577
2025-05-22 11:00:00,4.0655,4.091,3.9032,4.0374,24863188.2,2025-05-22 11:59:59.999,99426669.70868,203396,12842761.0,51350195.35621
2025-05-22 12:00:00,4.0369,4.0449,3.9157,3.9204,15636109.4,2025-05-22 12:59:59.999,62392784.06744,125812,7077226.2,28272290.14074
2025-05-22 13:00:00,3.9204,3.9226,3.6589,3.8227,35291947.9,2025-05-22 13:59:59.999,134482140.04287,339326,17255602.5,65758040.2571
2025-05-22 14:00:00,3.8227,3.9782,3.8,3.9203,19646198.0,2025-05-22 14:59:59.999,76413949.44759,160899,10071994.7,39185030.61277
2025-05-22 15:00:00,3.9203,3.981,3.9128,3.9298,11511294.4,2025-05-22 15:59:59.999,45436143.21629,90896,5687747.6,22450273.28379
2025-05-22 16:00:00,3.93,3.9393,3.8584,3.8684,6009900.2,2025-05-22 16:59:59.999,23436031.01796,63705,2538417.6,9902183.66106
2025-05-22 17:00:00,3.8685,3.9203,3.8501,3.912,4927821.1,2025-05-22 17:59:59.999,19150052.04424,50156,2128016.2,8271236.38844
2025-05-22 18:00:00,3.9124,3.9185,3.8854,3.8995,3051696.5,2025-05-22 18:59:59.999,11913337.75629,30776,1271129.4,4961087.74235
2025-05-22 19:00:00,3.8994,3.9025,3.8501,3.8644,2557964.0,2025-05-22 19:59:59.999,9904449.02105,33386,1265878.0,4902019.48126
2025-05-22 20:00:00,3.8645,3.8772,3.814,3.8244,2913549.5,2025-05-22 20:59:59.999,11194356.26299,35512,1350529.3,5190132.59929
2025-05-22 21:00:00,3.8244,3.8297,3.801,3.8215,2842714.6,2025-05-22 21:59:59.999,10842539.98388,26798,1294561.1,4940185.96757
2025-05-22 22:00:00,3.8217,3.8708,3.8185,3.8307,2701040.7,2025-05-22 22:59:59.999,10398529.12678,36053,1430671.8,5507603.97519
2025-05-22 23:00:00,3.8308,3.89,3.8303,3.8898,3124395.7,2025-05-22 23:59:59.999,12056571.75511,32923,1466646.9,5658562.88195
2025-05-23 00:00:00,3.8898,3.8934,3.835,3.8444,3911249.9,2025-05-23 00:59:59.999,15094477.16302,44346,1789720.6,6907463.91094
2025-05-23 01:00:00,3.8443,3.8868,3.81,3.8744,3916437.8,2025-05-23 01:59:59.999,15103566.40122,44391,1929020.8,7443052.61945
2025-05-23 02:00:00,3.8746,3.941,3.8607,3.8986,5792122.8,2025-05-23 02:59:59.999,22627188.29487,56477,2950256.9,11524572.12874
2025-05-23 03:00:00,3.8986,3.9599,3.8951,3.9339,3350187.0,2025-05-23 03:59:59.999,13143865.5586,36049,1826989.5,7169659.3569
2025-05-23 04:00:00,3.9339,3.952,3.8655,3.9093,4930775.8,2025-05-23 04:59:59.999,19254344.37452,49156,2297856.6,8980867.16799
2025-05-23 05:00:00,3.9092,3.914,3.8355,3.874,4119880.1,2025-05-23 05:59:59.999,15917977.51225,32114,2200419.9,8496409.61628
2025-05-23 06:00:00,3.874,3.8798,3.8075,3.8237,3045700.6,2025-05-23 06:59:59.999,11707373.47869,35768,1197716.7,4604793.14248
2025-05-23 07:00:00,3.8236,3.8571,3.8116,3.8212,2074704.0,2025-05-23 07:59:59.999,7953513.43275,23074,983153.4,3769694.2902
2025-05-23 08:00:00,3.8212,3.8678,3.8195,3.8553,1911712.3,2025-05-23 08:59:59.999,7349983.36161,24024,881251.3,3389670.93668
2025-05-23 09:00:00,3.8554,3.9059,3.8482,3.8956,2725520.0,2025-05-23 09:59:59.999,10582960.33904,26413,1455223.9,5650148.74289
2025-05-23 10:00:00,3.8953,3.8982,3.849,3.8681,1752936.0,2025-05-23 10:59:59.999,6781019.29233,23496,782260.5,3026825.42591
2025-05-23 11:00:00,3.868,3.871,3.6364,3.6673,21880255.6,2025-05-23 11:59:59.999,81449321.49755,159697,11959927.1,44433728.57739
2025-05-23 12:00:00,3.6677,3.6708,3.5293,3.6209,23561728.8,2025-05-23 12:59:59.999,84973311.73565,236740,11919764.6,43030428.2498
2025-05-23 13:00:00,3.6208,3.7098,3.5892,3.6992,9069701.3,2025-05-23 13:59:59.999,33138179.5234,104001,5097119.8,18636191.9861
2025-05-23 14:00:00,3.699,3.7216,3.6719,3.6918,4267570.0,2025-05-23 14:59:59.999,15780201.78392,48415,2300016.4,8504727.7922
2025-05-23 15:00:00,3.6915,3.706,3.6518,3.6588,3957770.2,2025-05-23 15:59:59.999,14565012.53494,51060,2020975.4,7438630.69694
2025-05-23 16:00:00,3.6587,3.6997,3.63,3.6823,5244671.6,2025-05-23 16:59:59.999,19219600.07989,48146,2369207.3,8682607.02261
2025-05-23 17:00:00,3.6823,3.7118,3.674,3.699,6650171.8,2025-05-23 17:59:59.999,24580862.08398,52750,2474195.2,9139496.54864
2025-05-23 18:00:00,3.6991,3.7247,3.672,3.684,3386980.2,2025-05-23 18:59:59.999,12528181.72209,48156,1399961.2,5179937.80886
2025-05-23 19:00:00,3.684,3.7531,3.6807,3.7145,3397609.0,2025-05-23 19:59:59.999,12660857.35275,48939,1523898.4,5678083.0779
2025-05-23 20:00:00,3.7144,3.7152,3.6611,3.67,1723771.8,2025-05-23 20:59:59.999,6354301.53283,28554,777750.2,2867521.05737
2025-05-23 21:00:00,3.6702,3.6839,3.638,3.6511,1419148.4,2025-05-23 21:59:59.999,5195961.60822,19510,650746.4,2382898.08186
2025-05-23 22:00:00,3.6512,3.6776,3.6239,3.6339,1189228.0,2025-05-23 22:59:59.999,4341661.23896,23534,615417.4,2248198.18217
2025-05-23 23:00:00,3.6339,3.6421,3.5386,3.5816,4983301.0,2025-05-23 23:59:59.999,17839782.48613,59986,1839161.3,6587956.21142
2025-05-24 00:00:00,3.5813,3.6593,3.5666,3.6134,2759568.6,2025-05-24 00:59:59.999,9976042.01621,42212,1449335.5,5239665.55187
2025-05-24 01:00:00,3.6134,3.6652,3.6114,3.6259,1919968.5,2025-05-24 01:59:59.999,6994605.87697,23566,856584.8,3117728.16439
2025-05-24 02:00:00,3.6259,3.6561,3.6131,3.6476,1019492.8,2025-05-24 02:59:59.999,3708056.66385,16767,556982.3,2025878.40713
2025-05-24 03:00:00,3.6475,3.6963,3.6412,3.6669,2165444.2,2025-05-24 03:59:59.999,7951537.58005,21918,1280778.3,4705594.783
2025-05-24 04:00:00,3.667,3.686,3.6555,3.6747,635626.4,2025-05-24 04:59:59.999,2333845.57645,12480,316703.9,1162891.81131
2025-05-24 05:00:00,3.6747,3.6865,3.6476,3.6849,1400084.1,2025-05-24 05:59:59.999,5131857.51349,17524,732820.2,2685120.78122
2025-05-24 06:00:00,3.685,3.6957,3.6417,3.6629,1241582.6,2025-05-24 06:59:59.999,4551033.08699,20549,626289.8,2295107.22098
2025-05-24 07:00:00,3.663,3.6824,3.6456,3.6555,948573.2,2025-05-24 07:59:59.999,3473667.20699,15412,465203.9,1703478.78155
2025-05-24 08:00:00,3.6553,3.6661,3.6232,3.6602,1896484.1,2025-05-24 08:59:59.999,6915002.71136,19649,970860.8,3540503.23702
2025-05-24 09:00:00,3.6603,3.6665,3.6264,3.6336,2561918.7,2025-05-24 09:59:59.999,9335269.21844,17024,1386455.9,5051904.05353
2025-05-24 10:00:00,3.6337,3.6741,3.6286,3.6594,1578385.1,2025-05-24 10:59:59.999,5769528.61335,19181,808783.5,2956213.39174
2025-05-24 11:00:00,3.6592,3.6716,3.6348,3.6406,1681819.6,2025-05-24 11:59:59.999,6142818.13392,21728,819277.4,2992593.66977
2025-05-24 12:00:00,3.6408,3.6671,3.6336,3.6647,891925.1,2025-05-24 12:59:59.999,3256926.60046,16052,455220.6,1662228.46954
2025-05-24 13:00:00,3.6647,3.6699,3.637,3.6406,794264.6,2025-05-24 13:59:59.999,2903896.02484,12360,484888.5,1773482.74706
2025-05-24 14:00:00,3.6404,3.6605,3.6314,3.6553,775882.8,2025-05-24 14:59:59.999,2829682.57069,12584,444572.4,1621554.74888
2025-05-24 15:00:00,3.6555,3.6624,3.6135,3.635,1149873.9,2025-05-24 15:59:59.999,4175618.62016,17169,439445.0,1596993.72072
2025-05-24 16:00:00,3.6351,3.6379,3.6086,3.6306,1157568.6,2025-05-24 16:59:59.999,4192079.87013,18015,631795.6,2288488.997
2025-05-24 17:00:00,3.6306,3.6508,3.6208,3.6292,574651.7,2025-05-24 17:59:59.999,2090012.65114,12444,329162.0,1197186.24422
2025-05-24 18:00:00,3.6291,3.6535,3.6244,3.6254,1008255.6,2025-05-24 18:59:59.999,3674559.4318,11137,465152.3,1695321.30077
2025-05-24 19:00:00,3.6253,3.6476,3.6185,3.632,565095.5,2025-05-24 19:59:59.999,2051255.92603,10787,286886.3,1041409.41577
2025-05-24 20:00:00,3.6321,3.6481,3.6246,3.6313,609465.9,2025-05-24 20:59:59.999,2216899.8377,9802,328415.6,1194645.70472
2025-05-24 21:00:00,3.6314,3.6332,3.5967,3.6249,898074.8,2025-05-24 21:59:59.999,3243146.67977,12090,417388.1,1507730.92679
2025-05-24 22:00:00,3.6251,3.629,3.5994,3.6036,1592308.5,2025-05-24 22:59:59.999,5755118.54383,19716,752257.8,2719050.30968
2025-05-24 23:00:00,3.6034,3.6285,3.5852,3.6258,1218594.4,2025-05-24 23:59:59.999,4393830.98924,22234,603289.6,2175986.73993
2025-05-25 00:00:00,3.6258,3.6664,3.5652,3.583,3292482.8,2025-05-25 00:59:59.999,11925272.3886,35868,1618824.3,5866960.05866
2025-05-25 01:00:00,3.5829,3.6136,3.5591,3.5953,2711324.4,2025-05-25 01:59:59.999,9729400.42367,32199,1189378.8,4266310.84972
2025-05-25 02:00:00,3.5954,3.612,3.5838,3.611,1393637.3,2025-05-25 02:59:59.999,5013261.22484,20657,629513.4,2264029.27836
2025-05-25 03:00:00,3.6111,3.6416,3.6102,3.6316,977672.6,2025-05-25 03:59:59.999,3548193.94726,15311,548702.7,1991500.62374
2025-05-25 04:00:00,3.6314,3.6447,3.6091,3.6425,1174019.9,2025-05-25 04:59:59.999,4262702.71811,12061,530976.7,1926780.41207
2025-05-25 05:00:00,3.6425,3.6447,3.6223,3.6436,1296229.7,2025-05-25 05:59:59.999,4715688.25792,10289,518690.8,1887011.22785
2025-05-25 06:00:00,3.6437,3.645,3.6246,3.6389,748816.0,2025-05-25 06:59:59.999,2720317.73481,9434,212792.9,773386.80337
2025-05-25 07:00:00,3.6389,3.639,3.5989,3.6078,1752399.1,2025-05-25 07:59:59.999,6333042.09067,20238,855083.7,3090364.78149
2025-05-25 08:00:00,3.6078,3.6098,3.4903,3.5151,7663473.6,2025-05-25 08:59:59.999,27033083.32746,52779,3864340.2,13613153.62036
2025-05-25 09:00:00,3.5151,3.521,3.4274,3.4851,5369501.6,2025-05-25 09:59:59.999,18651431.68511,54900,2501304.9,8697763.90845
2025-05-25 10:00:00,3.4851,3.5204,3.4805,3.4943,1789669.1,2025-05-25 10:59:59.999,6261442.39203,24668,895978.5,3135161.83596
2025-05-25 11:00:00,3.4943,3.5107,3.4856,3.5021,1183137.4,2025-05-25 11:59:59.999,4139462.56292,17193,637733.9,2231180.81294
2025-05-25 12:00:00,3.502,3.5498,3.4761,3.544,2117927.0,2025-05-25 12:59:59.999,7445529.23735,28508,1135105.3,3991141.5918
2025-05-25 13:00:00,3.5441,3.5539,3.51,3.5153,2491219.4,2025-05-25 13:59:59.999,8795127.33292,27797,1180014.3,4167541.26877
2025-05-25 14:00:00,3.5154,3.5332,3.492,3.5071,1301741.9,2025-05-25 14:59:59.999,4575554.57171,19684,649903.9,2283973.40077
2025-05-25 15:00:00,3.5073,3.5135,3.4323,3.4991,3352679.9,2025-05-25 15:59:59.999,11629950.3602,39314,1554957.0,5402051.74838
2025-05-25 16:00:00,3.4991,3.5087,3.4593,3.506,1383549.4,2025-05-25 16:59:59.999,4822718.30511,25404,655425.1,2285824.39483
2025-05-25 17:00:00,3.506,3.5176,3.4951,3.5144,779494.5,2025-05-25 17:59:59.999,2733432.19613,12897,456875.4,1601769.57154
2025-05-25 18:00:00,3.5145,3.5389,3.5046,3.5206,869314.5,2025-05-25 18:59:59.999,3063817.50561,13188,459696.8,1620500.6356
2025-05-25 19:00:00,3.5205,3.5494,3.5177,3.5331,641794.5,2025-05-25 19:59:59.999,2268196.52237,11485,314866.2,1112921.57132
2025-05-25 20:00:00,3.5331,3.5369,3.5152,3.526,756083.7,2025-05-25 20:59:59.999,2666954.03171,10776,436671.4,1540509.56402
2025-05-25 21:00:00,3.5261,3.5459,3.5094,3.5191,758918.5,2025-05-25 21:59:59.999,2679411.52368,9471,408032.3,1440005.08942
2025-05-25 22:00:00,3.5192,3.6162,3.5131,3.6116,3617171.8,2025-05-25 22:59:59.999,12914691.57465,43255,2299680.6,8212614.73356
2025-05-25 23:00:00,3.6116,3.6227,3.5722,3.6005,2580147.1,2025-05-25 23:59:59.999,9281448.57679,27708,1141188.6,4106413.04568
2025-05-26 00:00:00,3.6005,3.6318,3.5815,3.6305,2292393.4,2025-05-26 00:59:59.999,8266946.42373,22869,1049320.7,3785483.90435
2025-05-26 01:00:00,3.6304,3.6342,3.5951,3.6081,1254893.3,2025-05-26 01:59:59.999,4532892.93199,17902,612088.9,2211160.0406
2025-05-26 02:00:00,3.6082,3.6142,3.59,3.604,1567067.5,2025-05-26 02:59:59.999,5644975.17368,16583,716232.1,2581359.32121
2025-05-26 03:00:00,3.6039,3.63,3.5971,3.6138,1460610.9,2025-05-26 03:59:59.999,5277975.2797,15439,927990.7,3352794.05316
2025-05-26 04:00:00,3.614,3.6266,3.6088,3.6223,824669.2,2025-05-26 04:59:59.999,2982455.43506,10106,468197.6,1693327.84523
2025-05-26 05:00:00,3.6223,3.6425,3.616,3.6245,1667547.6,2025-05-26 05:59:59.999,6056148.47557,13278,710077.4,2579554.99027
2025-05-26 06:00:00,3.6245,3.6357,3.6088,3.634,1758249.8,2025-05-26 06:59:59.999,6365102.87947,16093,862959.0,3123062.51845
2025-05-26 07:00:00,3.634,3.6615,3.6208,3.6389,2035709.0,2025-05-26 07:59:59.999,7412971.27845,21046,1088104.6,3963361.14924
2025-05-26 08:00:00,3.6389,3.6602,3.6028,3.6128,2833814.5,2025-05-26 08:59:59.999,10315030.99704,20885,1224558.3,4452949.3748
2025-05-26 09:00:00,3.6128,3.6187,3.5875,3.5931,2321301.9,2025-05-26 09:59:59.999,8368817.41419,18907,1217755.4,4390119.83279
2025-05-26 10:00:00,3.593,3.603,3.5709,3.581,1642809.2,2025-05-26 10:59:59.999,5897808.50643,15140,759570.1,2727098.69115
2025-05-26 11:00:00,3.581,3.5874,3.5589,3.5699,1565973.8,2025-05-26 11:59:59.999,5591913.01938,16572,625494.9,2233678.83164
2025-05-26 12:00:00,3.5699,3.6014,3.564,3.5923,2195643.3,2025-05-26 12:59:59.999,7861920.87873,20141,960240.5,3438189.64195
2025-05-26 13:00:00,3.5923,3.6061,3.52,3.5347,5295408.0,2025-05-26 13:59:59.999,18767166.17396,31089,3227555.2,11430191.3545
2025-05-26 14:00:00,3.5347,3.5467,3.5132,3.5362,2153144.0,2025-05-26 14:59:59.999,7600846.13669,24615,1042529.8,3681472.862
2025-05-26 15:00:00,3.5363,3.5714,3.5222,3.5495,2409390.2,2025-05-26 15:59:59.999,8555889.17059,23445,1186470.4,4210658.20994
2025-05-26 16:00:00,3.5495,3.5671,3.4883,3.4991,2445035.5,2025-05-26 16:59:59.999,8594713.59746,32679,1098380.1,3860788.51215
2025-05-26 17:00:00,3.4991,3.5109,3.4541,3.4708,2121057.7,2025-05-26 17:59:59.999,7373751.05295,24417,963798.8,3350603.13312
2025-05-26 18:00:00,3.4708,3.4875,3.46,3.4641,944667.9,2025-05-26 18:59:59.999,3280647.72028,14356,462073.9,1604731.89801
2025-05-26 19:00:00,3.464,3.4815,3.454,3.4711,721139.4,2025-05-26 19:59:59.999,2501446.00555,11705,360601.0,1250887.20937
2025-05-26 20:00:00,3.471,3.4882,3.4587,3.4882,1442276.9,2025-05-26 20:59:59.999,5011470.83753,17401,800120.0,2780445.80744
2025-05-26 21:00:00,3.4881,3.5011,3.4773,3.4892,751707.9,2025-05-26 21:59:59.999,2622939.48741,10411,380855.5,1328890.30703
2025-05-26 22:00:00,3.4892,3.5093,3.4637,3.4639,1490147.4,2025-05-26 22:59:59.999,5194329.50473,17959,535170.9,1864135.86519
2025-05-26 23:00:00,3.4639,3.4913,3.4577,3.4899,852730.5,2025-05-26 23:59:59.999,2962192.44994,11466,495010.4,1719512.73279
2025-05-27 00:00:00,3.49,3.5154,3.47,3.4735,878067.7,2025-05-27 00:59:59.999,3064837.19657,12827,437425.8,1527203.40764
2025-05-27 01:00:00,3.4735,3.4735,3.4041,3.4421,3796613.8,2025-05-27 01:59:59.999,13029021.17829,37073,1196728.4,4107970.0062
2025-05-27 02:00:00,3.4421,3.4724,3.4384,3.4523,876527.3,2025-05-27 02:59:59.999,3030076.65615,12637,397221.0,1373009.86452
2025-05-27 03:00:00,3.4523,3.4904,3.4521,3.4621,2064975.0,2025-05-27 03:59:59.999,7176381.78425,19986,1021425.0,3550452.97097
2025-05-27 04:00:00,3.4624,3.4739,3.445,3.4501,757800.0,2025-05-27 04:59:59.999,2621468.98537,12472,363238.3,1256436.87048
2025-05-27 05:00:00,3.4503,3.4544,3.4126,3.448,1395206.1,2025-05-27 05:59:59.999,4784370.96795,17074,599471.2,2056292.36652
2025-05-27 06:00:00,3.448,3.4829,3.4331,3.4351,1609968.6,2025-05-27 06:59:59.999,5578212.65225,24315,789225.5,2735625.12109
2025-05-27 07:00:00,3.4351,3.4894,3.4351,3.4893,1296679.9,2025-05-27 07:59:59.999,4498280.7155,18502,649336.6,2252486.3363
2025-05-27 08:00:00,3.4894,3.5126,3.4894,3.511,2495865.9,2025-05-27 08:59:59.999,8740671.1554,26845,1296881.3,4541406.38555
2025-05-27 09:00:00,3.511,3.5621,3.4836,3.5614,5668463.9,2025-05-27 09:59:59.999,20008310.11605,37372,1851627.9,6521540.25269
2025-05-27 10:00:00,3.5614,3.5736,3.5271,3.566,3118630.9,2025-05-27 10:59:59.999,11057657.03215,30689,1299473.6,4607625.8855
2025-05-27 11:00:00,3.5658,3.5696,3.5386,3.5596,1465927.5,2025-05-27 11:59:59.999,5207165.23182,18158,690456.4,2452466.15189
2025-05-27 12:00:00,3.5596,3.6602,3.5494,3.646,5730699.3,2025-05-27 12:59:59.999,20746537.89501,51810,3232648.4,11705352.41239
2025-05-27 13:00:00,3.646,3.6595,3.6034,3.6189,6457683.1,2025-05-27 13:59:59.999,23476433.32119,50831,3109347.0,11313878.36188
2025-05-27 14:00:00,3.6189,3.659,3.5835,3.6487,6678701.3,2025-05-27 14:59:59.999,24215970.42935,51214,3206323.7,11654624.49595
2025-05-27 15:00:00,3.6487,3.6886,3.626,3.6859,3328383.0,2025-05-27 15:59:59.999,12200954.84341,35303,1927644.5,7066781.94998
2025-05-27 16:00:00,3.686,3.701,3.6628,3.6695,2002580.3,2025-05-27 16:59:59.999,7372524.56936,25345,1085745.3,3998346.73802
2025-05-27 17:00:00,3.6695,3.6875,3.6374,3.6822,1951805.1,2025-05-27 17:59:59.999,7149598.17903,24517,982531.0,3601597.58701
2025-05-27 18:00:00,3.6822,3.735,3.6712,3.6947,3218498.6,2025-05-27 18:59:59.999,11897847.87118,31715,1749572.6,6471679.00659
2025-05-27 19:00:00,3.6946,3.7111,3.6713,3.71,1543873.0,2025-05-27 19:59:59.999,5701847.87611,21189,694139.2,2563406.52505
2025-05-27 20:00:00,3.71,3.726,3.6978,3.7021,1339569.5,2025-05-27 20:59:59.999,4972538.00758,16344,633263.4,2351368.12432
2025-05-27 21:00:00,3.702,3.7068,3.6642,3.6714,1723697.8,2025-05-27 21:59:59.999,6352044.23413,16221,566052.4,2087638.85873
2025-05-27 22:00:00,3.6715,3.683,3.632,3.6664,3040188.3,2025-05-27 22:59:59.999,11115435.4525,26303,1172174.8,4288268.70372
2025-05-27 23:00:00,3.6661,3.6829,3.658,3.6722,779982.2,2025-05-27 23:59:59.999,2863178.09787,11630,411643.7,1511079.02172
2025-05-28 00:00:00,3.6722,3.6789,3.6477,3.6705,1414900.5,2025-05-28 00:59:59.999,5181239.79379,17607,708615.6,2595128.7105
2025-05-28 01:00:00,3.6705,3.6929,3.6529,3.6768,936406.7,2025-05-28 01:59:59.999,3437091.07075,14530,484193.7,1777464.85604
2025-05-28 02:00:00,3.6768,3.6847,3.6333,3.6792,1560527.6,2025-05-28 02:59:59.999,5711557.93008,19288,708454.1,2594985.10967
2025-05-28 03:00:00,3.6795,3.7262,3.6769,3.7219,1901247.1,2025-05-28 03:59:59.999,7040800.48671,20590,1137562.1,4212813.39572
2025-05-28 04:00:00,3.722,3.7224,3.6876,3.7027,1019651.6,2025-05-28 04:59:59.999,3777561.83092,13979,457118.5,1693120.65199
2025-05-28 05:00:00,3.7026,3.7325,3.6923,3.7204,1547484.1,2025-05-28 05:59:59.999,5751816.92485,16692,859824.1,3197064.42604
2025-05-28 06:00:00,3.7203,3.7203,3.6657,3.69,1667719.3,2025-05-28 06:59:59.999,6149712.84012,20107,746341.6,2751930.45914
2025-05-28 07:00:00,3.69,3.7264,3.6892,3.7149,1597039.1,2025-05-28 07:59:59.999,5929078.7474,16846,824196.7,3060190.98688
2025-05-28 08:00:00,3.715,3.7448,3.7084,3.7256,1473966.7,2025-05-28 08:59:59.999,5490587.79872,20069,853696.7,3179987.70737
2025-05-28 09:00:00,3.7257,3.7262,3.6911,3.7072,1548306.1,2025-05-28 09:59:59.999,5741861.79402,18112,782776.4,2903072.56172
2025-05-28 10:00:00,3.7072,3.7112,3.6687,3.706,1914892.0,2025-05-28 10:59:59.999,7063519.13407,21462,841441.8,3102847.73803
2025-05-28 11:00:00,3.706,3.7125,3.6821,3.6864,780482.1,2025-05-28 11:59:59.999,2882569.48645,11058,430765.1,1590857.59929
2025-05-28 12:00:00,3.6865,3.7112,3.673,3.7058,1407287.8,2025-05-28 12:59:59.999,5201114.19323,16795,819994.4,3031891.05531
2025-05-28 13:00:00,3.7059,3.7093,3.6547,3.6573,1833600.3,2025-05-28 13:59:59.999,6750560.63542,25706,814953.4,2999773.27131
2025-05-28 14:00:00,3.657,3.6654,3.4807,3.5767,8444318.2,2025-05-28 14:59:59.999,30411010.52692,55457,4367299.6,15747538.10597
2025-05-28 15:00:00,3.5768,3.5948,3.5342,3.5451,9504417.2,2025-05-28 15:59:59.999,33802388.47676,66387,6019861.1,21400812.86097
2025-05-28 16:00:00,3.5451,3.5798,3.545,3.5712,1228661.4,2025-05-28 16:59:59.999,4380687.20866,18414,547975.1,1953837.60568
2025-05-28 17:00:00,3.5712,3.6021,3.5542,3.5671,1849788.0,2025-05-28 17:59:59.999,6627750.71623,18782,872804.0,3128477.31799
2025-05-28 18:00:00,3.5672,3.5838,3.535,3.5402,1325205.4,2025-05-28 18:59:59.999,4718015.99319,15397,687413.3,2448661.17026
2025-05-28 19:00:00,3.54,3.5613,3.5145,3.5215,1331699.8,2025-05-28 19:59:59.999,4707926.43619,18411,578288.2,2045288.7522
2025-05-28 20:00:00,3.5215,3.5644,3.5168,3.5639,789029.4,2025-05-28 20:59:59.999,2794222.56321,14014,382339.0,1353590.48336
2025-05-28 21:00:00,3.5639,3.5852,3.5522,3.5724,708431.6,2025-05-28 21:59:59.999,2528967.2786,9554,337952.6,1205708.35331
2025-05-28 22:00:00,3.5723,3.5756,3.5548,3.57,506647.6,2025-05-28 22:59:59.999,1806046.35185,9457,243280.6,867324.02663
2025-05-28 23:00:00,3.57,3.612,3.5681,3.605,1311507.6,2025-05-28 23:59:59.999,4709545.4276,18492,650070.8,2334528.12375
2025-05-29 00:00:00,3.6052,3.646,3.5665,3.6449,1882262.8,2025-05-29 00:59:59.999,6778558.49691,25141,915718.6,3298625.63629
2025-05-29 01:00:00,3.6449,3.646,3.6055,3.6291,1342771.7,2025-05-29 01:59:59.999,4867830.73621,16489,622752.4,2257426.1039
2025-05-29 02:00:00,3.6289,3.6789,3.6096,3.6704,2503148.4,2025-05-29 02:59:59.999,9129938.69464,24523,1465812.2,5349392.51738
2025-05-29 03:00:00,3.6705,3.6755,3.6285,3.6434,1398192.6,2025-05-29 03:59:59.999,5104158.54098,20077,604883.2,2208451.76821
2025-05-29 04:00:00,3.6433,3.6499,3.5618,3.6015,2345772.7,2025-05-29 04:59:59.999,8447995.0076,26927,1186038.5,4270575.89218
2025-05-29 05:00:00,3.6016,3.634,3.5993,3.6142,953109.2,2025-05-29 05:59:59.999,3448385.70875,15056,490563.0,1775475.42726
2025-05-29 06:00:00,3.6141,3.657,3.6101,3.6566,900695.0,2025-05-29 06:59:59.999,3278839.54511,12840,514280.1,1872524.38871
2025-05-29 07:00:00,3.6566,3.6646,3.6313,3.6384,1071876.7,2025-05-29 07:59:59.999,3908593.95227,16616,452738.1,1650840.02552
2025-05-29 08:00:00,3.6382,3.6598,3.6208,3.6554,1129783.0,2025-05-29 08:59:59.999,4116160.43799,16819,667133.0,2430133.03631
2025-05-29 09:00:00,3.6553,3.6674,3.6383,3.6484,797090.3,2025-05-29 09:59:59.999,2911488.80087,12414,441468.9,1612708.82559
2025-05-29 10:00:00,3.6484,3.679,3.6434,3.6699,1158422.4,2025-05-29 10:59:59.999,4241543.17547,15588,654339.2,2395879.16515
2025-05-29 11:00:00,3.6698,3.7508,3.66,3.7115,8992255.0,2025-05-29 11:59:59.999,33361999.44483,55148,3932526.5,14581828.48754
2025-05-29 12:00:00,3.7116,3.7138,3.658,3.6754,3237796.9,2025-05-29 12:59:59.999,11951497.08129,29440,1573146.5,5804952.7718
2025-05-29 13:00:00,3.6754,3.6891,3.6198,3.6327,1630971.8,2025-05-29 13:59:59.999,5954563.36448,24344,698062.4,2548171.78303
2025-05-29 14:00:00,3.6326,3.6402,3.5015,3.594,11249970.1,2025-05-29 14:59:59.999,40105297.27038,74774,6729140.0,23971318.86592
2025-05-29 15:00:00,3.5942,3.6062,3.5511,3.5629,1700622.2,2025-05-29 15:59:59.999,6076962.58561,24032,802085.7,2865738.92884
2025-05-29 16:00:00,3.5629,3.5837,3.538,3.5503,1379540.9,2025-05-29 16:59:59.999,4913127.02845,22610,659862.9,2350835.37458
2025-05-29 17:00:00,3.5502,3.5989,3.5426,3.5844,1466674.7,2025-05-29 17:59:59.999,5238952.9408,23185,677656.4,2419889.32313
2025-05-29 18:00:00,3.5844,3.596,3.5439,3.5442,1090480.2,2025-05-29 18:59:59.999,3889616.00692,17903,479890.2,1711967.68115
2025-05-29 19:00:00,3.5442,3.5501,3.5116,3.5285,1529718.3,2025-05-29 19:59:59.999,5393731.96219,21205,620781.3,2189171.6889
2025-05-29 20:00:00,3.5286,3.5777,3.5286,3.5753,1321041.0,2025-05-29 20:59:59.999,4695205.81217,15137,605621.0,2151778.30346
2025-05-29 21:00:00,3.5754,3.5974,3.5722,3.593,834884.9,2025-05-29 21:59:59.999,2993668.95253,11019,381339.9,1367531.3712
2025-05-29 22:00:00,3.593,3.5939,3.5502,3.551,1264602.6,2025-05-29 22:59:59.999,4520675.22231,15890,641100.2,2291514.66477
2025-05-29 23:00:00,3.551,3.554,3.5147,3.5254,1035630.6,2025-05-29 23:59:59.999,3658190.9699,16341,522294.9,1845186.56891
2025-05-30 00:00:00,3.5255,3.5508,3.34,3.3858,6704949.3,2025-05-30 00:59:59.999,23064008.07913,68225,2649188.2,9114120.12129
2025-05-30 01:00:00,3.3859,3.4518,3.3735,3.4239,5488255.6,2025-05-30 01:59:59.999,18772732.67037,60233,2353311.6,8049359.93864
2025-05-30 02:00:00,3.4237,3.5188,3.4221,3.5171,4142392.0,2025-05-30 02:59:59.999,14424076.24696,40628,1755158.0,6108890.36293
2025-05-30 03:00:00,3.5174,3.5349,3.5042,3.5089,1915667.4,2025-05-30 03:59:59.999,6746207.82961,25055,751479.4,2645456.36549
2025-05-30 04:00:00,3.5089,3.5145,3.4747,3.5046,1951083.7,2025-05-30 04:59:59.999,6819415.68642,18988,1015918.9,3550089.95462
2025-05-30 05:00:00,3.5047,3.5192,3.4639,3.4778,3307057.7,2025-05-30 05:59:59.999,11569987.62585,22317,1539913.9,5378712.72636
2025-05-30 06:00:00,3.4781,3.4823,3.401,3.4294,2985018.9,2025-05-30 06:59:59.999,10261263.8126,28528,1182536.9,4065808.74771
2025-05-30 07:00:00,3.4294,3.4584,3.42,3.442,2488134.8,2025-05-30 07:59:59.999,8559857.43696,25575,1060071.3,3647595.18217
2025-05-30 08:00:00,3.442,3.476,3.4157,3.46,3194929.1,2025-05-30 08:59:59.999,11030264.94355,31379,1333326.0,4600728.74661
2025-05-30 09:00:00,3.46,3.474,3.3888,3.4432,4540476.4,2025-05-30 09:59:59.999,15519695.21971,34036,2233547.6,7624324.13914
2025-05-30 10:00:00,3.4431,3.495,3.4181,3.4903,3251065.8,2025-05-30 10:59:59.999,11238424.47079,26255,1643361.4,5680885.44772
2025-05-30 11:00:00,3.4903,3.5055,3.466,3.4851,2376593.4,2025-05-30 11:59:59.999,8296334.4124,20322,939953.8,3278535.76021
2025-05-30 12:00:00,3.4852,3.4999,3.442,3.4714,1525992.1,2025-05-30 12:59:59.999,5294740.72178,26415,697461.3,2419559.44052
2025-05-30 13:00:00,3.4714,3.4839,3.4226,3.4263,1864339.8,2025-05-30 13:59:59.999,6428697.9338,29650,952565.6,3284613.40082
2025-05-30 14:00:00,3.4263,3.511,3.4178,3.4489,2710794.4,2025-05-30 14:59:59.999,9354869.67867,34411,1284352.0,4435332.87349
2025-05-30 15:00:00,3.4488,3.4718,3.43,3.4355,878615.0,2025-05-30 15:59:59.999,3031492.34954,18504,427051.3,1473374.54086
2025-05-30 16:00:00,3.4356,3.4457,3.2402,3.3016,15611118.6,2025-05-30 16:59:59.999,51730292.16698,109906,7865718.3,26090202.89035
2025-05-30 17:00:00,3.3018,3.3287,3.2799,3.2948,2881774.1,2025-05-30 17:59:59.999,9524776.38042,31903,1456197.3,4812098.50469
2025-05-30 18:00:00,3.2948,3.3593,3.2838,3.3549,2861145.7,2025-05-30 18:59:59.999,9500073.57318,31498,1463185.4,4857587.14635
2025-05-30 19:00:00,3.3547,3.3711,3.3404,3.3514,1156314.3,2025-05-30 19:59:59.999,3880017.73792,20236,619138.0,2076933.95287
2025-05-30 20:00:00,3.3512,3.352,3.3196,3.3215,824767.6,2025-05-30 20:59:59.999,2750513.87873,12614,340195.8,1134942.15655
2025-05-30 21:00:00,3.3214,3.3492,3.3052,3.3116,1017360.2,2025-05-30 21:59:59.999,3384735.64834,11744,470759.8,1567037.60318
2025-05-30 22:00:00,3.3119,3.3191,3.2036,3.2046,2795888.5,2025-05-30 22:59:59.999,9101551.30708,38044,1163616.7,3786147.74146
2025-05-30 23:00:00,3.2049,3.2366,3.1702,3.1881,5018335.2,2025-05-30 23:59:59.999,16090310.49019,66110,2280166.6,7313654.02775
2025-05-31 00:00:00,3.1878,3.1999,3.1078,3.1387,5472883.0,2025-05-31 00:59:59.999,17258549.36937,76139,2487496.2,7844141.52294
2025-05-31 01:00:00,3.1388,3.1733,3.0802,3.1166,4788838.5,2025-05-31 01:59:59.999,14934455.38787,63668,2085208.2,6510063.7199
2025-05-31 02:00:00,3.1164,3.1568,3.0859,3.093,2144993.1,2025-05-31 02:59:59.999,6687802.53626,25656,1089376.0,3397616.14231
2025-05-31 03:00:00,3.0928,3.1167,3.053,3.1063,3310730.4,2025-05-31 03:59:59.999,10200742.19498,36154,1523201.8,4696465.5632
2025-05-31 04:00:00,3.1065,3.16,3.0757,3.157,2165248.2,2025-05-31 04:59:59.999,6763941.01586,29910,1157221.3,3615549.02281
2025-05-31 05:00:00,3.157,3.1675,3.128,3.1307,4131558.9,2025-05-31 05:59:59.999,13009087.66862,29305,2040987.8,6424323.97289
2025-05-31 06:00:00,3.1308,3.1855,3.1286,3.1729,1484089.3,2025-05-31 06:59:59.999,4700515.5508,17264,945449.7,2994913.44252
2025-05-31 07:00:00,3.1728,3.188,3.1556,3.177,1110765.2,2025-05-31 07:59:59.999,3524640.90706,14917,555850.7,1763511.28758
2025-05-31 08:00:00,3.177,3.1843,3.1442,3.1667,1356435.9,2025-05-31 08:59:59.999,4289742.53764,18866,681500.2,2155673.42515
2025-05-31 09:00:00,3.1665,3.1765,3.1354,3.1449,1328415.6,2025-05-31 09:59:59.999,4182253.10895,19307,602176.5,1895975.16763
2025-05-31 10:00:00,3.1449,3.1641,3.1162,3.1449,1653228.4,2025-05-31 10:59:59.999,5189810.17954,25769,774859.8,2433135.82169
2025-05-31 11:00:00,3.1446,3.1461,3.1205,3.1323,1027003.0,2025-05-31 11:59:59.999,3217618.71238,14251,572141.6,1792985.04559
2025-05-31 12:00:00,3.1323,3.1837,3.128,3.1826,1648068.6,2025-05-31 12:59:59.999,5208379.20789,22263,893941.0,2824260.26828
2025-05-31 13:00:00,3.1824,3.2141,3.1682,3.1822,2383697.8,2025-05-31 13:59:59.999,7612285.19344,31573,1245105.1,3976214.58731
2025-05-31 14:00:00,3.1823,3.2584,3.1783,3.2569,6252626.9,2025-05-31 14:59:59.999,20186917.21347,45212,2736381.7,8840440.00323
2025-05-31 15:00:00,3.257,3.3133,3.2418,3.2534,3356773.0,2025-05-31 15:59:59.999,10982811.30885,35908,1801799.2,5893378.19972
2025-05-31 16:00:00,3.2534,3.3083,3.2388,3.2789,2091757.0,2025-05-31 16:59:59.999,6860408.90401,28149,1166624.3,3826986.15778
2025-05-31 17:00:00,3.2787,3.2931,3.2231,3.2339,3821122.9,2025-05-31 17:59:59.999,12408873.35978,28389,2120249.1,6877660.01956
2025-05-31 18:00:00,3.2338,3.2732,3.2333,3.2526,2451482.7,2025-05-31 18:59:59.999,7969025.75586,18488,1467216.2,4767406.15891
2025-05-31 19:00:00,3.2529,3.2773,3.2521,3.2545,827362.2,2025-05-31 19:59:59.999,2700382.9336,13405,503123.5,1642133.19765
2025-05-31 20:00:00,3.2544,3.2868,3.2445,3.2745,783910.8,2025-05-31 20:59:59.999,2558511.11937,11741,431441.5,1409321.46824
2025-05-31 21:00:00,3.2745,3.29,3.2627,3.2782,1223303.8,2025-05-31 21:59:59.999,4011713.39836,12810,552124.4,1810528.23677
2025-05-31 22:00:00,3.2783,3.284,3.2549,3.2567,742010.4,2025-05-31 22:59:59.999,2424024.39264,11145,371473.9,1213155.30277
2025-05-31 23:00:00,3.2566,3.2842,3.2414,3.2457,903472.9,2025-05-31 23:59:59.999,2943599.1599,15107,387968.0,1264120.57656
2025-06-01 00:00:00,3.2457,3.2473,3.2171,3.2441,794090.7,2025-06-01 00:59:59.999,2566561.7229,16623,393609.2,1272108.40995
2025-06-01 01:00:00,3.2442,3.2641,3.2079,3.2212,938633.0,2025-06-01 01:59:59.999,3036433.41212,16794,434250.6,1404790.8186
2025-06-01 02:00:00,3.2209,3.2484,3.1909,3.2386,1458917.8,2025-06-01 02:59:59.999,4691612.00801,23076,663106.2,2133414.22105
2025-06-01 03:00:00,3.2387,3.2701,3.2189,3.2641,963097.3,2025-06-01 03:59:59.999,3129576.37568,15779,511832.0,1663082.21191
2025-06-01 04:00:00,3.264,3.2917,3.2521,3.2767,834038.0,2025-06-01 04:59:59.999,2732688.09834,15440,483687.8,1585018.12017
2025-06-01 05:00:00,3.2766,3.2925,3.2628,3.2756,1068224.8,2025-06-01 05:59:59.999,3502716.24774,14048,622355.0,2041405.63663
2025-06-01 06:00:00,3.2756,3.2841,3.2491,3.2521,786782.7,2025-06-01 06:59:59.999,2570775.25063,14852,348660.8,1139645.49561
2025-06-01 07:00:00,3.2521,3.2605,3.2379,3.2525,473389.2,2025-06-01 07:59:59.999,1538604.08248,13553,206253.8,670503.78233
2025-06-01 08:00:00,3.2524,3.2658,3.2418,3.2657,602352.5,2025-06-01 08:59:59.999,1960229.69403,15520,296461.8,964624.63612
2025-06-01 09:00:00,3.2657,3.2744,3.1857,3.2088,2348133.8,2025-06-01 09:59:59.999,7552594.7888,31616,1312677.8,4221158.71437
2025-06-01 10:00:00,3.2086,3.2367,3.2002,3.2334,1426657.8,2025-06-01 10:59:59.999,4589975.35342,23149,745670.0,2398810.94599
2025-06-01 11:00:00,3.2332,3.2666,3.2234,3.2559,1404445.7,2025-06-01 11:59:59.999,4564469.1799,19419,782542.7,2542544.11313
2025-06-01 12:00:00,3.2562,3.265,3.2243,3.2421,986148.6,2025-06-01 12:59:59.999,3198820.3369,18330,473696.5,1537062.08485
2025-06-01 13:00:00,3.242,3.29,3.2403,3.2734,1307539.2,2025-06-01 13:59:59.999,4280529.86731,18949,783900.3,2566799.86712
2025-06-01 14:00:00,3.2734,3.3189,3.2726,3.2906,2660064.2,2025-06-01 14:59:59.999,8784983.58641,28395,1534577.4,5069452.31506
2025-06-01 15:00:00,3.2905,3.302,3.275,3.2889,966246.8,2025-06-01 15:59:59.999,3175957.4144,17213,579871.6,1905247.03153
2025-06-01 16:00:00,3.2889,3.3264,3.2821,3.3024,2383962.7,2025-06-01 16:59:59.999,7891468.62249,26406,1055676.0,3494575.32805
2025-06-01 17:00:00,3.3023,3.3099,3.2896,3.2954,744160.1,2025-06-01 17:59:59.999,2454442.63605,11894,354259.6,1168233.98685
2025-06-01 18:00:00,3.2954,3.2971,3.2468,3.2768,1443683.1,2025-06-01 18:59:59.999,4715054.46805,19090,663492.5,2167123.83335
2025-06-01 19:00:00,3.277,3.2898,3.2665,3.289,647921.3,2025-06-01 19:59:59.999,2125515.54291,10274,314872.3,1033126.61689
2025-06-01 20:00:00,3.2891,3.2946,3.2703,3.2756,538316.6,2025-06-01 20:59:59.999,1766276.59118,9986,235328.8,772249.26983
2025-06-01 21:00:00,3.2755,3.3078,3.2721,3.3046,630460.1,2025-06-01 21:59:59.999,2075485.48976,8674,343190.4,1129458.90818
2025-06-01 22:00:00,3.3045,3.3355,3.3044,3.3244,1064557.9,2025-06-01 22:59:59.999,3536116.35163,15060,564042.1,1873792.13043
2025-06-01 23:00:00,3.3243,3.3649,3.3242,3.343,1706525.5,2025-06-01 23:59:59.999,5714414.50941,16685,963821.6,3228558.6571
2025-06-02 00:00:00,3.3431,3.35,3.3191,3.3264,1611574.4,2025-06-02 00:59:59.999,5373579.51611,19476,771456.3,2571386.84541
2025-06-02 01:00:00,3.3265,3.3466,3.3052,3.3059,945286.5,2025-06-02 01:59:59.999,3139968.95725,13203,507663.5,1685846.3385
2025-06-02 02:00:00,3.3058,3.3084,3.28,3.2835,1497411.8,2025-06-02 02:59:59.999,4934603.81552,16765,743768.1,2451368.18534
2025-06-02 03:00:00,3.2836,3.286,3.255,3.271,1293317.2,2025-06-02 03:59:59.999,4227715.30751,15204,591940.3,1935442.21465
2025-06-02 04:00:00,3.2709,3.3012,3.2661,3.2777,901749.7,2025-06-02 04:59:59.999,2959159.62468,10010,462676.6,1518327.80651
2025-06-02 05:00:00,3.2778,3.2944,3.2546,3.2795,800526.9,2025-06-02 05:59:59.999,2619616.92831,9701,408328.1,1336646.71785
2025-06-02 06:00:00,3.2795,3.3058,3.2604,3.2884,1145609.2,2025-06-02 06:59:59.999,3765823.48388,12075,621606.6,2043529.97688
2025-06-02 07:00:00,3.2885,3.3099,3.2856,3.2932,1079021.6,2025-06-02 07:59:59.999,3558336.99897,12750,523957.8,1728480.31933
2025-06-02 08:00:00,3.2933,3.3333,3.2813,3.2926,1642600.4,2025-06-02 08:59:59.999,5433731.82106,19988,868775.6,2874135.31882
2025-06-02 09:00:00,3.2927,3.3017,3.2628,3.2683,2233371.4,2025-06-02 09:59:59.999,7317831.75794,23077,1192740.9,3908253.12943
2025-06-02 10:00:00,3.2682,3.2899,3.2459,3.2645,1193869.4,2025-06-02 10:59:59.999,3901933.65484,17635,594240.1,1942096.95934
2025-06-02 11:00:00,3.2645,3.2728,3.2377,3.2585,1080864.3,2025-06-02 11:59:59.999,3517002.37548,16891,447471.4,1455814.7837
2025-06-02 12:00:00,3.2582,3.2792,3.2237,3.2763,1649606.1,2025-06-02 12:59:59.999,5364616.15903,21809,770449.0,2505313.70421
2025-06-02 13:00:00,3.2764,3.2928,3.2369,3.2407,1649250.0,2025-06-02 13:59:59.999,5380926.55608,24763,906184.6,2955293.3301
2025-06-02 14:00:00,3.2406,3.3013,3.2265,3.2789,2451917.0,2025-06-02 14:59:59.999,8016393.02687,34987,1214387.5,3970059.40877
2025-06-02 15:00:00,3.2788,3.3011,3.2561,3.2874,1147288.1,2025-06-02 15:59:59.999,3764180.85891,20229,603412.4,1980135.07743
2025-06-02 16:00:00,3.2874,3.2914,3.2496,3.2751,1328850.9,2025-06-02 16:59:59.999,4347132.29266,19389,624549.6,2043258.55261
2025-06-02 17:00:00,3.2751,3.301,3.2547,3.2965,1306587.5,2025-06-02 17:59:59.999,4294098.32106,18905,714512.4,2348936.42532
2025-06-02 18:00:00,3.2965,3.3258,3.2817,3.2869,1214100.6,2025-06-02 18:59:59.999,4013092.92401,21547,606133.4,2003643.83113
2025-06-02 19:00:00,3.2869,3.3016,3.2542,3.2782,1185069.4,2025-06-02 19:59:59.999,3883486.94455,17974,467861.2,1533748.43738
2025-06-02 20:00:00,3.2782,3.337,3.2782,3.3291,1732444.4,2025-06-02 20:59:59.999,5750009.03165,23066,948828.0,3149503.30662
2025-06-02 21:00:00,3.3292,3.364,3.3287,3.3398,1424578.8,2025-06-02 21:59:59.999,4767766.47206,17809,718083.3,2403680.11698
2025-06-02 22:00:00,3.3402,3.3701,3.3398,3.3436,1458036.9,2025-06-02 22:59:59.999,4895066.93485,23313,632912.1,2124870.75631
2025-06-02 23:00:00,3.3436,3.3568,3.3266,3.3309,1379316.0,2025-06-02 23:59:59.999,4611269.39806,20240,801337.4,2679142.38783
2025-06-03 00:00:00,3.3308,3.3613,3.32,3.3455,1780540.9,2025-06-03 00:59:59.999,5951009.67483,23081,1007950.5,3368190.64642
2025-06-03 01:00:00,3.3455,3.3911,3.34,3.3857,1723810.6,2025-06-03 01:59:59.999,5807705.07373,22781,886154.6,2985794.98315
2025-06-03 02:00:00,3.3857,3.3911,3.308,3.3204,2290247.3,2025-06-03 02:59:59.999,7652526.9655,23495,964669.2,3223923.25644
2025-06-03 03:00:00,3.3203,3.3243,3.293,3.3072,1063774.1,2025-06-03 03:59:59.999,3516651.24795,14427,551355.3,1823079.8597
2025-06-03 04:00:00,3.3071,3.3092,3.2861,3.2941,849048.4,2025-06-03 04:59:59.999,2797707.06211,11118,362051.6,1193083.44188
2025-06-03 05:00:00,3.2942,3.3279,3.2942,3.3251,811841.8,2025-06-03 05:59:59.999,2688994.70682,10900,446281.0,1478092.27556
2025-06-03 06:00:00,3.3251,3.3268,3.3041,3.3268,793075.2,2025-06-03 06:59:59.999,2630483.35756,8360,489253.6,1622904.39883
2025-06-03 07:00:00,3.3269,3.3276,3.3097,3.3127,603511.2,2025-06-03 07:59:59.999,2002122.97067,9084,308415.3,1023184.9617
2025-06-03 08:00:00,3.3127,3.3222,3.2902,3.3135,1405894.1,2025-06-03 08:59:59.999,4643303.40554,14282,554807.9,1832593.12305
2025-06-03 09:00:00,3.3136,3.3214,3.2989,3.3148,626198.2,2025-06-03 09:59:59.999,2074085.81004,8456,257889.9,854432.94758
2025-06-03 10:00:00,3.3149,3.3306,3.3108,3.3217,875239.8,2025-06-03 10:59:59.999,2908403.66882,9400,519156.2,1725149.55377
2025-06-03 11:00:00,3.322,3.3294,3.3051,3.3104,523433.3,2025-06-03 11:59:59.999,1736736.39225,8563,252083.5,836590.36285
2025-06-03 12:00:00,3.3105,3.319,3.2979,3.3094,786946.1,2025-06-03 12:59:59.999,2604794.03232,9289,400039.1,1324651.00378
2025-06-03 13:00:00,3.3096,3.3289,3.2905,3.2972,1897670.7,2025-06-03 13:59:59.999,6282434.94478,19463,870085.2,2881203.25417
2025-06-03 14:00:00,3.2972,3.3354,3.273,3.3326,2766653.2,2025-06-03 14:59:59.999,9137822.48736,26687,1467605.7,4849461.35804
2025-06-03 15:00:00,3.3326,3.341,3.3037,3.3225,1936746.2,2025-06-03 15:59:59.999,6427684.89723,23262,934951.5,3103071.34799
2025-06-03 16:00:00,3.3224,3.3259,3.2832,3.286,1352928.6,2025-06-03 16:59:59.999,4470342.92384,17108,638459.7,2110423.25917
2025-06-03 17:00:00,3.2859,3.3141,3.2812,3.2964,1018354.8,2025-06-03 17:59:59.999,3357141.88835,12546,622313.7,2051257.74386
2025-06-03 18:00:00,3.2963,3.2963,3.2752,3.2907,921335.3,2025-06-03 18:59:59.999,3026652.07449,10960,419297.7,1377725.35495
2025-06-03 19:00:00,3.2906,3.3339,3.29,3.317,1665215.9,2025-06-03 19:59:59.999,5528758.78951,16805,1142651.5,3794354.97675
2025-06-03 20:00:00,3.3169,3.3199,3.255,3.2788,1966094.0,2025-06-03 20:59:59.999,6457673.81818,20117,792167.4,2599047.29985
2025-06-03 21:00:00,3.2787,3.2865,3.2155,3.2318,1534161.5,2025-06-03 21:59:59.999,4985505.44015,16192,647174.3,2103803.70989
2025-06-03 22:00:00,3.2319,3.2692,3.2268,3.2538,1396966.5,2025-06-03 22:59:59.999,4538934.56992,15383,752540.3,2444765.37504
2025-06-03 23:00:00,3.2539,3.2611,3.234,3.2512,1343979.4,2025-06-03 23:59:59.999,4361171.51286,10981,504924.0,1639173.22486
2025-06-04 00:00:00,3.2512,3.2614,3.23,3.2607,837033.7,2025-06-04 00:59:59.999,2719180.01966,13268,393326.0,1277571.82346
2025-06-04 01:00:00,3.2607,3.2846,3.2584,3.2717,1121070.5,2025-06-04 01:59:59.999,3671433.66995,12732,656558.9,2150629.37598
2025-06-04 02:00:00,3.2718,3.2898,3.2611,3.2619,541361.8,2025-06-04 02:59:59.999,1771998.15044,9359,191869.6,628521.06057
2025-06-04 03:00:00,3.262,3.2923,3.2593,3.2738,3145377.7,2025-06-04 03:59:59.999,10331567.99006,15445,1548676.9,5086610.42592
2025-06-04 04:00:00,3.2739,3.2855,3.2614,3.2632,477168.2,2025-06-04 04:59:59.999,1561337.40942,7573,229082.5,749704.01534
2025-06-04 05:00:00,3.2632,3.27,3.2459,3.2513,691534.3,2025-06-04 05:59:59.999,2253129.00999,8329,390761.4,1274140.75935
2025-06-04 06:00:00,3.2513,3.2613,3.2401,3.2499,453570.6,2025-06-04 06:59:59.999,1473462.74672,6364,271080.9,880548.80995
2025-06-04 07:00:00,3.25,3.256,3.2352,3.2446,624921.9,2025-06-04 07:59:59.999,2027037.26413,7852,345996.4,1121981.44907
2025-06-04 08:00:00,3.2445,3.2655,3.2445,3.2506,519266.4,2025-06-04 08:59:59.999,1690863.17895,7724,271539.3,884223.07471
2025-06-04 09:00:00,3.2506,3.2547,3.233,3.2505,569394.5,2025-06-04 09:59:59.999,1846298.71119,8947,301992.4,979180.74644
2025-06-04 10:00:00,3.2504,3.2573,3.2189,3.222,958554.5,2025-06-04 10:59:59.999,3100048.81374,11430,414488.0,1341003.82539
2025-06-04 11:00:00,3.2218,3.2282,3.1932,3.1944,1849375.8,2025-06-04 11:59:59.999,5927199.74912,16377,956862.7,3066141.72963
2025-06-04 12:00:00,3.1947,3.2027,3.1591,3.1874,2171815.3,2025-06-04 12:59:59.999,6911299.44904,20191,875774.4,2788706.62382
2025-06-04 13:00:00,3.1873,3.2501,3.1732,3.1962,4752926.8,2025-06-04 13:59:59.999,15262418.37156,27167,1673839.8,5370239.38771
2025-06-04 14:00:00,3.1962,3.216,3.1682,3.2158,1544091.6,2025-06-04 14:59:59.999,4925790.66972,19020,786884.4,2511711.04207
2025-06-04 15:00:00,3.2156,3.2333,3.2043,3.216,2230167.6,2025-06-04 15:59:59.999,7186117.61628,17364,1090856.7,3515494.65135
2025-06-04 16:00:00,3.2161,3.248,3.2072,3.2435,1106695.7,2025-06-04 16:59:59.999,3572740.41293,13018,570311.8,1839369.63887
2025-06-04 17:00:00,3.2434,3.2465,3.2111,3.2255,1088961.4,2025-06-04 17:59:59.999,3512506.16031,15670,622010.7,2006425.86059
2025-06-04 18:00:00,3.2255,3.2353,3.2017,3.2061,713996.6,2025-06-04 18:59:59.999,2299710.63586,9044,213765.7,688110.75582
2025-06-04 19:00:00,3.2061,3.2313,3.2049,3.2105,1443988.1,2025-06-04 19:59:59.999,4649107.71966,14114,564632.5,1817517.84091
2025-06-04 20:00:00,3.2105,3.2123,3.174,3.1894,1144119.3,2025-06-04 20:59:59.999,3650046.45324,15676,451775.0,1441576.96868
2025-06-04 21:00:00,3.1894,3.2085,3.1695,3.1961,647599.5,2025-06-04 21:59:59.999,2063463.42817,9274,307766.2,981149.27954
2025-06-04 22:00:00,3.1961,3.2062,3.1793,3.1811,557007.6,2025-06-04 22:59:59.999,1777781.78885,10362,280450.8,895235.99636
2025-06-04 23:00:00,3.1811,3.1906,3.1553,3.1632,1303696.3,2025-06-04 23:59:59.999,4129599.28493,12428,591647.0,1873953.83686
2025-06-05 00:00:00,3.1632,3.1772,3.148,3.173,873342.9,2025-06-05 00:59:59.999,2762973.68418,15467,417361.9,1320548.2156
2025-06-05 01:00:00,3.1728,3.1852,3.1391,3.1542,651737.3,2025-06-05 01:59:59.999,2059189.61477,11514,296830.3,938085.65547
2025-06-05 02:00:00,3.1544,3.2159,3.1544,3.192,1940098.9,2025-06-05 02:59:59.999,6192469.90246,17072,768913.0,2453594.64098
2025-06-05 03:00:00,3.1919,3.1946,3.1711,3.1913,795183.5,2025-06-05 03:59:59.999,2533116.31512,10450,417468.0,1329789.82629
2025-06-05 04:00:00,3.1914,3.2089,3.1873,3.2027,504852.4,2025-06-05 04:59:59.999,1614006.58854,9885,278086.8,888933.60741
2025-06-05 05:00:00,3.2028,3.2055,3.1597,3.1732,642627.6,2025-06-05 05:59:59.999,2042076.35706,11350,298310.9,947750.52113
2025-06-05 06:00:00,3.1733,3.194,3.1657,3.177,2982637.6,2025-06-05 06:59:59.999,9495768.58673,20760,1516589.9,4827280.38468
2025-06-05 07:00:00,3.177,3.1799,3.1472,3.1574,1014581.8,2025-06-05 07:59:59.999,3210402.28202,13480,459705.0,1454693.7888
2025-06-05 08:00:00,3.1574,3.1661,3.1248,3.1531,1230778.3,2025-06-05 08:59:59.999,3869590.84907,18194,739513.1,2324807.31669
2025-06-05 09:00:00,3.1531,3.165,3.1392,3.1505,1028321.0,2025-06-05 09:59:59.999,3242010.5778,12222,414532.7,1306628.60588
2025-06-05 10:00:00,3.1504,3.1657,3.1333,3.1421,1089976.4,2025-06-05 10:59:59.999,3427704.65452,14811,631224.9,1985062.3949
2025-06-05 11:00:00,3.1422,3.1628,3.1287,3.1619,686023.3,2025-06-05 11:59:59.999,2156556.34912,10966,352882.9,1109142.16002
2025-06-05 12:00:00,3.1618,3.2112,3.1564,3.2053,2123778.9,2025-06-05 12:59:59.999,6773372.58286,25344,1167395.6,3722673.46497
2025-06-05 13:00:00,3.2052,3.23,3.1275,3.1424,6982053.7,2025-06-05 13:59:59.999,22086286.32159,44119,4337092.4,13691104.92063
2025-06-05 14:00:00,3.1423,3.1701,3.1029,3.1536,3610345.7,2025-06-05 14:59:59.999,11325757.22632,37952,1658733.9,5205825.41439
2025-06-05 15:00:00,3.1536,3.1536,3.1271,3.1299,1195331.2,2025-06-05 15:59:59.999,3750327.62729,24772,591219.4,1855170.22271
2025-06-05 16:00:00,3.1299,3.1384,3.0739,3.0776,3239715.5,2025-06-05 16:59:59.999,10026448.00923,38092,1557214.8,4818131.42354
2025-06-05 17:00:00,3.0777,3.1037,3.0662,3.0803,1919262.7,2025-06-05 17:59:59.999,5919559.60374,23135,714636.5,2205226.69091
2025-06-05 18:00:00,3.0803,3.0827,3.0361,3.068,2213392.9,2025-06-05 18:59:59.999,6781972.62137,27887,1122474.6,3440628.8682
2025-06-05 19:00:00,3.0678,3.0723,2.9453,2.997,7044645.8,2025-06-05 19:59:59.999,21064308.94072,74062,2899823.0,8664140.91698
2025-06-05 20:00:00,2.9972,3.0051,2.8819,2.8959,9759042.9,2025-06-05 20:59:59.999,28579355.71133,97072,4726585.9,13855987.19016
2025-06-05 21:00:00,2.8959,2.9681,2.8917,2.9653,4892719.0,2025-06-05 21:59:59.999,14335445.1537,49374,2382221.8,6974159.70431
2025-06-05 22:00:00,2.9653,2.9683,2.9298,2.956,2073947.8,2025-06-05 22:59:59.999,6123681.18378,28972,1031286.1,3045147.71689
2025-06-05 23:00:00,2.956,2.959,2.8467,2.9208,3309829.8,2025-06-05 23:59:59.999,9673227.67622,29995,1013898.1,2976984.15425
2025-06-06 00:00:00,2.9208,2.9563,2.915,2.9551,2545541.8,2025-06-06 00:59:59.999,7461460.52943,28692,1437166.6,4212010.40757
2025-06-06 01:00:00,2.9551,2.9589,2.9416,2.9589,1078838.0,2025-06-06 01:59:59.999,3183921.14135,14377,551720.0,1628377.28385
2025-06-06 02:00:00,2.9589,2.9756,2.9416,2.9743,1638386.6,2025-06-06 02:59:59.999,4852108.22964,18322,719840.8,2131015.92713
2025-06-06 03:00:00,2.9743,2.9857,2.959,2.983,1390135.4,2025-06-06 03:59:59.999,4132182.23859,15621,670254.8,1992542.23971
2025-06-06 04:00:00,2.9831,3.0009,2.9739,2.9952,1742537.6,2025-06-06 04:59:59.999,5206359.89665,21095,757016.7,2262416.87744
2025-06-06 05:00:00,2.9952,3.0205,2.9937,3.0009,1560281.1,2025-06-06 05:59:59.999,4687968.36086,14260,733815.9,2204583.74302
2025-06-06 06:00:00,3.0009,3.0272,2.9965,3.0223,1666198.1,2025-06-06 06:59:59.999,5020100.86937,16531,970921.6,2924455.72832
2025-06-06 07:00:00,3.0223,3.0279,3.0108,3.0182,1119407.8,2025-06-06 07:59:59.999,3380468.06585,13347,664501.8,2006482.97778
2025-06-06 08:00:00,3.0181,3.0717,3.0143,3.0639,3428435.9,2025-06-06 08:59:59.999,10428720.65617,19439,1579214.9,4804653.62272
2025-06-06 09:00:00,3.0639,3.0765,3.0548,3.0582,1288410.7,2025-06-06 09:59:59.999,3948230.42636,13424,772331.2,2366834.57375
2025-06-06 10:00:00,3.0583,3.0884,3.0583,3.0828,1225338.8,2025-06-06 10:59:59.999,3773804.71834,13409,635518.1,1957222.75074
2025-06-06 11:00:00,3.0827,3.1124,3.0759,3.0944,1716781.2,2025-06-06 11:59:59.999,5319520.56646,16019,963368.2,2985271.67969
2025-06-06 12:00:00,3.0944,3.1514,3.0819,3.1434,4910489.0,2025-06-06 12:59:59.999,15343808.5928,36415,2336320.7,7296058.10545
2025-06-06 13:00:00,3.1438,3.2006,3.1438,3.1637,4430529.5,2025-06-06 13:59:59.999,14075414.48272,36766,2482629.4,7886969.54018
2025-06-06 14:00:00,3.1638,3.1996,3.16,3.1896,2603108.9,2025-06-06 14:59:59.999,8286130.29473,23220,1445438.7,4603630.7401
2025-06-06 15:00:00,3.1897,3.1972,3.1639,3.1834,2459873.4,2025-06-06 15:59:59.999,7823648.08555,22037,1216392.3,3869283.90576
2025-06-06 16:00:00,3.1834,3.2,3.1671,3.185,1816716.0,2025-06-06 16:59:59.999,5785476.92346,18761,958194.3,3053013.68103
2025-06-06 17:00:00,3.185,3.1888,3.1471,3.1738,2545838.0,2025-06-06 17:59:59.999,8055026.89091,22567,1031543.2,3263595.09604
2025-06-06 18:00:00,3.1738,3.178,3.1429,3.1626,1683784.3,2025-06-06 18:59:59.999,5318702.5922,18708,859366.6,2713226.63196
2025-06-06 19:00:00,3.1625,3.1917,3.155,3.187,2126214.3,2025-06-06 19:59:59.999,6755935.29274,21351,854324.3,2714876.55712
2025-06-06 20:00:00,3.1871,3.1967,3.1751,3.1785,1470433.9,2025-06-06 20:59:59.999,4686714.53339,16276,708563.1,2259111.41865
2025-06-06 21:00:00,3.1784,3.1935,3.1669,3.1864,1086199.8,2025-06-06 21:59:59.999,3455551.05736,9931,641445.2,2041991.92715
2025-06-06 22:00:00,3.1866,3.2214,3.1754,3.2154,964090.6,2025-06-06 22:59:59.999,3083896.64802,13196,516632.1,1652967.77592
2025-06-06 23:00:00,3.2155,3.2169,3.1909,3.1939,1127374.7,2025-06-06 23:59:59.999,3610535.3267,12364,479269.7,1534918.20522
2025-06-07 00:00:00,3.1938,3.2389,3.1702,3.2356,2021552.6,2025-06-07 00:59:59.999,6470747.75511,20292,1034571.8,3314364.26376
2025-06-07 01:00:00,3.2355,3.2415,3.2102,3.219,1202673.2,2025-06-07 01:59:59.999,3878397.88969,13969,631846.0,2037727.1907
2025-06-07 02:00:00,3.2189,3.2594,3.206,3.2549,1940385.2,2025-06-07 02:59:59.999,6273430.67909,16642,948307.0,3066376.86056
2025-06-07 03:00:00,3.2549,3.2932,3.2511,3.2887,2516276.3,2025-06-07 03:59:59.999,8241561.24628,22443,1543229.1,5054442.80099
2025-06-07 04:00:00,3.2886,3.2928,3.2384,3.2542,1485195.4,2025-06-07 04:59:59.999,4853516.41426,16037,747744.7,2443294.54459
2025-06-07 05:00:00,3.2542,3.2861,3.2451,3.2737,1187706.5,2025-06-07 05:59:59.999,3878118.99033,12803,634519.7,2071415.93792
2025-06-07 06:00:00,3.2736,3.2897,3.2606,3.2838,1192770.9,2025-06-07 06:59:59.999,3908766.187,11927,665878.3,2183135.7644
2025-06-07 07:00:00,3.2839,3.2893,3.2668,3.2832,936870.1,2025-06-07 07:59:59.999,3073213.68363,9718,448095.0,1469803.67234
2025-06-07 08:00:00,3.2831,3.2862,3.2608,3.263,1003569.6,2025-06-07 08:59:59.999,3284630.27135,11774,378625.4,1239587.3174
2025-06-07 09:00:00,3.263,3.2819,3.2615,3.2715,604764.3,2025-06-07 09:59:59.999,1978316.88407,9273,277024.8,906108.07493
2025-06-07 10:00:00,3.2716,3.2803,3.2634,3.2772,811219.5,2025-06-07 10:59:59.999,2654167.13205,9725,352204.5,1152689.36358
2025-06-07 11:00:00,3.2772,3.2772,3.2612,3.2653,680092.7,2025-06-07 11:59:59.999,2222980.38381,8645,358595.7,1172169.92879
2025-06-07 12:00:00,3.2654,3.2853,3.2642,3.2711,793612.6,2025-06-07 12:59:59.999,2599067.29103,9348,354989.5,1162651.49135
2025-06-07 13:00:00,3.2712,3.3131,3.2667,3.291,1646846.2,2025-06-07 13:59:59.999,5427202.54024,16961,914350.3,3012670.9269
2025-06-07 14:00:00,3.291,3.292,3.2703,3.2759,1109029.2,2025-06-07 14:59:59.999,3640285.55167,11805,479726.5,1574189.0297
2025-06-07 15:00:00,3.2759,3.28,3.2445,3.2541,1321616.1,2025-06-07 15:59:59.999,4310936.36842,14090,606611.2,1977911.83461
2025-06-07 16:00:00,3.2541,3.256,3.2214,3.2235,1159705.2,2025-06-07 16:59:59.999,3751691.41359,12820,564918.5,1827377.90641
2025-06-07 17:00:00,3.2236,3.2378,3.2121,3.2134,1709962.1,2025-06-07 17:59:59.999,5520981.80954,10094,1189777.6,3842820.15359
2025-06-07 18:00:00,3.2134,3.2431,3.2125,3.23,752741.4,2025-06-07 18:59:59.999,2431236.77505,9412,419206.9,1353309.83999
2025-06-07 19:00:00,3.2299,3.2538,3.229,3.2401,651422.3,2025-06-07 19:59:59.999,2114425.60738,6463,375176.1,1218056.67231
2025-06-07 20:00:00,3.2401,3.2511,3.2275,3.2302,391815.1,2025-06-07 20:59:59.999,1268999.49686,5212,167264.6,541576.35949
2025-06-07 21:00:00,3.2304,3.2446,3.2291,3.2418,384836.6,2025-06-07 21:59:59.999,1245721.63731,4460,206605.4,668821.31944
2025-06-07 22:00:00,3.2418,3.2608,3.2332,3.2454,816733.5,2025-06-07 22:59:59.999,2656070.77997,8482,336683.4,1094834.43687
2025-06-07 23:00:00,3.2457,3.2477,3.2304,3.2427,599472.0,2025-06-07 23:59:59.999,1941778.99054,7658,303234.9,982137.74093
2025-06-08 00:00:00,3.2427,3.2453,3.2284,3.2382,486185.1,2025-06-08 00:59:59.999,1573972.36441,6709,249398.8,807304.28396
2025-06-08 01:00:00,3.2382,3.2596,3.2294,3.2578,553384.5,2025-06-08 01:59:59.999,1794449.00102,7374,328101.3,1064841.21828
2025-06-08 02:00:00,3.2579,3.2651,3.2436,3.2481,477813.5,2025-06-08 02:59:59.999,1554630.03138,7383,234107.9,761692.0397
2025-06-08 03:00:00,3.2482,3.2494,3.2285,3.2323,550023.1,2025-06-08 03:59:59.999,1780212.77262,6582,202714.8,656131.9445
2025-06-08 04:00:00,3.2323,3.2502,3.2282,3.2399,443600.2,2025-06-08 04:59:59.999,1436989.16454,6378,194868.4,631570.62938
2025-06-08 05:00:00,3.2398,3.2462,3.2314,3.2383,371127.7,2025-06-08 05:59:59.999,1201966.6782,5778,145616.8,471552.18165
2025-06-08 06:00:00,3.2383,3.2463,3.2212,3.224,806324.2,2025-06-08 06:59:59.999,2607804.10441,9249,254314.2,822259.56396
2025-06-08 07:00:00,3.2239,3.2297,3.2162,3.2203,660320.3,2025-06-08 07:59:59.999,2127737.06836,7783,303750.5,979077.00209
2025-06-08 08:00:00,3.2203,3.2242,3.2071,3.217,708105.9,2025-06-08 08:59:59.999,2277496.67641,8632,385703.7,1240802.41821
2025-06-08 09:00:00,3.217,3.2191,3.179,3.1872,1717588.1,2025-06-08 09:59:59.999,5488820.17647,17096,914754.0,2921991.26925
2025-06-08 10:00:00,3.1873,3.1982,3.1805,3.1916,806469.8,2025-06-08 10:59:59.999,2572500.57448,8973,416801.5,1329497.20936
2025-06-08 11:00:00,3.1915,3.2282,3.1906,3.2234,1441277.2,2025-06-08 11:59:59.999,4631535.96478,10617,661091.5,2123595.20652
2025-06-08 12:00:00,3.2233,3.2323,3.1968,3.2036,879400.6,2025-06-08 12:59:59.999,2824497.18844,10299,339458.5,1090939.13003
2025-06-08 13:00:00,3.2036,3.2285,3.1837,3.1867,1537496.2,2025-06-08 13:59:59.999,4929736.13212,15602,709453.4,2275666.16123
2025-06-08 14:00:00,3.1866,3.2102,3.1832,3.1979,1123151.9,2025-06-08 14:59:59.999,3589545.00234,10962,327256.5,1046116.83306
2025-06-08 15:00:00,3.198,3.2252,3.1949,3.2176,951104.6,2025-06-08 15:59:59.999,3057199.92412,11334,581768.5,1870138.26952
2025-06-08 16:00:00,3.2177,3.2443,3.2157,3.2338,1340428.6,2025-06-08 16:59:59.999,4338678.53914,13348,383878.7,1242319.64259
2025-06-08 17:00:00,3.2339,3.2558,3.2243,3.2255,1105423.3,2025-06-08 17:59:59.999,3584542.4329,10473,595136.8,1929980.22426
2025-06-08 18:00:00,3.2256,3.2599,3.2189,3.2598,842762.7,2025-06-08 18:59:59.999,2733825.87244,8121,462584.8,1502044.30273
2025-06-08 19:00:00,3.2599,3.2747,3.2507,3.2729,565631.8,2025-06-08 19:59:59.999,1845834.66581,6935,341549.2,1114426.93375
2025-06-08 20:00:00,3.2729,3.2806,3.2602,3.2683,674534.0,2025-06-08 20:59:59.999,2206917.82744,7341,316748.2,1036326.40334
2025-06-08 21:00:00,3.2694,3.2822,3.2638,3.2672,611317.5,2025-06-08 21:59:59.999,2002412.29241,6389,328554.6,1076592.91484
2025-06-08 22:00:00,3.2672,3.2693,3.23,3.2377,1258055.0,2025-06-08 22:59:59.999,4082309.51185,13120,543312.1,1763869.38743
2025-06-08 23:00:00,3.2376,3.2391,3.2171,3.2232,1122544.2,2025-06-08 23:59:59.999,3621517.71333,11387,355529.4,1147428.8738
2025-06-09 00:00:00,3.223,3.2388,3.2119,3.2336,953403.2,2025-06-09 00:59:59.999,3075797.10831,14164,462785.1,1493004.41692
2025-06-09 01:00:00,3.2336,3.2443,3.2201,3.2284,672829.9,2025-06-09 01:59:59.999,2175790.68897,8658,331436.1,1071569.96683
2025-06-09 02:00:00,3.2282,3.2416,3.2145,3.2174,640687.2,2025-06-09 02:59:59.999,2065333.51112,7236,359952.6,1160379.97038
2025-06-09 03:00:00,3.2173,3.2173,3.1931,3.2168,858732.1,2025-06-09 03:59:59.999,2752042.05868,8981,394816.6,1265252.72627
2025-06-09 04:00:00,3.2168,3.2194,3.1957,3.1973,481655.9,2025-06-09 04:59:59.999,1544208.14821,6208,206350.6,661464.778
2025-06-09 05:00:00,3.1974,3.2028,3.1857,3.1887,741808.5,2025-06-09 05:59:59.999,2368580.24322,7445,301494.3,962692.74637
2025-06-09 06:00:00,3.1886,3.2114,3.1828,3.207,811911.5,2025-06-09 06:59:59.999,2597412.4108,7263,355666.1,1137850.0965
2025-06-09 07:00:00,3.2069,3.2155,3.189,3.2155,632472.3,2025-06-09 07:59:59.999,2024632.36683,6622,329110.6,1053787.14478
2025-06-09 08:00:00,3.2156,3.2393,3.2026,3.2393,668085.2,2025-06-09 08:59:59.999,2150752.40344,8517,366784.6,1181310.58258
2025-06-09 09:00:00,3.2392,3.305,3.2356,3.2781,3263273.3,2025-06-09 09:59:59.999,10693201.54691,31735,1758092.7,5762170.06864
2025-06-09 10:00:00,3.2783,3.3391,3.2751,3.3218,3172628.2,2025-06-09 10:59:59.999,10497605.43952,31873,1743680.4,5768531.81122
2025-06-09 11:00:00,3.3219,3.3335,3.3079,3.323,1891651.8,2025-06-09 11:59:59.999,6284136.85683,18748,921013.6,3060231.4297
2025-06-09 12:00:00,3.323,3.3294,3.3018,3.3264,1265894.9,2025-06-09 12:59:59.999,4198512.48155,12959,656381.5,2177180.95565
2025-06-09 13:00:00,3.3265,3.3298,3.2944,3.2979,1899334.6,2025-06-09 13:59:59.999,6288258.00567,18367,1057220.2,3498975.69568
2025-06-09 14:00:00,3.2978,3.3475,3.2978,3.3329,1938074.3,2025-06-09 14:59:59.999,6448647.47928,22702,1019472.5,3391705.50419
2025-06-09 15:00:00,3.3329,3.3768,3.3285,3.3496,2441047.2,2025-06-09 15:59:59.999,8188534.85506,26049,1375867.2,4615069.52609
2025-06-09 16:00:00,3.3496,3.3735,3.3496,3.3636,2059128.7,2025-06-09 16:59:59.999,6922250.63204,22316,1142659.9,3840905.80136
2025-06-09 17:00:00,3.3636,3.3873,3.3582,3.3695,1350391.6,2025-06-09 17:59:59.999,4559450.05659,16620,669819.1,2261778.16048
2025-06-09 18:00:00,3.3696,3.375,3.3552,3.3702,850811.2,2025-06-09 18:59:59.999,2863958.31083,10704,409793.9,1379292.73262
2025-06-09 19:00:00,3.3703,3.3848,3.3617,3.3693,1081824.4,2025-06-09 19:59:59.999,3650102.2067,11882,519939.1,1754619.62604
2025-06-09 20:00:00,3.3696,3.3904,3.3674,3.3891,1117094.7,2025-06-09 20:59:59.999,3780426.68455,8740,474538.2,1605419.46913
2025-06-09 21:00:00,3.3891,3.4687,3.3878,3.4429,4173107.4,2025-06-09 21:59:59.999,14318451.97035,36554,2206079.2,7565313.49295
2025-06-09 22:00:00,3.443,3.4564,3.4303,3.4473,2006432.8,2025-06-09 22:59:59.999,6909819.47002,19698,1019764.8,3511880.98854
2025-06-09 23:00:00,3.4477,3.4545,3.4139,3.4483,1955846.6,2025-06-09 23:59:59.999,6715804.07937,19357,1055231.2,3623895.84845
2025-06-10 00:00:00,3.4484,3.4517,3.4219,3.4353,1580260.7,2025-06-10 00:59:59.999,5431951.5398,17537,794188.9,2730222.75447
2025-06-10 01:00:00,3.4352,3.4369,3.4076,3.4132,1292927.1,2025-06-10 01:59:59.999,4426059.60556,11603,647036.4,2215483.66487
2025-06-10 02:00:00,3.4132,3.4132,3.391,3.4098,1725035.4,2025-06-10 02:59:59.999,5866286.95162,14942,850471.2,2892785.06644
2025-06-10 03:00:00,3.4098,3.4132,3.394,3.3996,847463.0,2025-06-10 03:59:59.999,2882946.72105,8970,372739.4,1268059.65387
2025-06-10 04:00:00,3.3996,3.4069,3.3934,3.4041,462459.9,2025-06-10 04:59:59.999,1572452.7571,7762,256390.0,871832.44718
2025-06-10 05:00:00,3.4038,3.409,3.3696,3.3828,1298693.9,2025-06-10 05:59:59.999,4397250.42534,12415,580460.2,1965532.04184
2025-06-10 06:00:00,3.3829,3.3983,3.3646,3.3937,1026799.3,2025-06-10 06:59:59.999,3475315.5415,9597,643827.6,2180656.08182
2025-06-10 07:00:00,3.3938,3.4077,3.3854,3.3949,1390165.4,2025-06-10 07:59:59.999,4722649.37593,11209,860727.5,2924284.92759
2025-06-10 08:00:00,3.395,3.3994,3.3757,3.3764,914869.5,2025-06-10 08:59:59.999,3097119.10022,9373,413478.4,1399597.84436
2025-06-10 09:00:00,3.3765,3.4061,3.3711,3.4057,1266820.6,2025-06-10 09:59:59.999,4294254.95255,11412,772317.1,2619193.522
2025-06-10 10:00:00,3.4058,3.4111,3.3898,3.3961,782065.5,2025-06-10 10:59:59.999,2659322.8715,8409,344546.5,1171815.29488
2025-06-10 11:00:00,3.3962,3.5203,3.3893,3.4939,5133942.5,2025-06-10 11:59:59.999,17807832.44825,47163,2770574.6,9615086.85164
2025-06-10 12:00:00,3.4938,3.5597,3.4816,3.5423,3847140.2,2025-06-10 12:59:59.999,13584248.08026,43530,1877005.8,6626873.46962
2025-06-10 13:00:00,3.5423,3.55,3.4243,3.4606,4719127.0,2025-06-10 13:59:59.999,16445004.67719,42694,2169287.3,7559303.72205
2025-06-10 14:00:00,3.4605,3.4635,3.4002,3.4275,2681644.7,2025-06-10 14:59:59.999,9205995.43532,29918,1212474.6,4164936.66351
2025-06-10 15:00:00,3.4275,3.4627,3.4044,3.4477,2486571.9,2025-06-10 15:59:59.999,8549885.0368,25720,1195922.8,4112104.25289
2025-06-10 16:00:00,3.4477,3.4509,3.3928,3.3947,1858189.1,2025-06-10 16:59:59.999,6355243.94371,16469,817682.7,2797233.85103
2025-06-10 17:00:00,3.3947,3.4286,3.3945,3.41,747934.5,2025-06-10 17:59:59.999,2551880.72329,10251,399534.0,1363101.72365
2025-06-10 18:00:00,3.41,3.4517,3.4053,3.446,1348579.1,2025-06-10 18:59:59.999,4617958.22913,13344,651498.2,2231766.90441
2025-06-10 19:00:00,3.4463,3.4905,3.4325,3.4497,2488624.8,2025-06-10 19:59:59.999,8610826.73075,24765,1174618.3,4063090.2328
2025-06-10 20:00:00,3.4496,3.4674,3.4196,3.4671,1262199.3,2025-06-10 20:59:59.999,4349223.74875,16514,662519.7,2282128.13467
2025-06-10 21:00:00,3.467,3.4693,3.4291,3.4638,1154765.5,2025-06-10 21:59:59.999,3987372.14335,12202,542728.4,1873962.14053
2025-06-10 22:00:00,3.4639,3.487,3.4569,3.4753,1305569.5,2025-06-10 22:59:59.999,4534793.534,13397,627115.5,2178864.47746
2025-06-10 23:00:00,3.4753,3.4937,3.4687,3.4928,1006401.5,2025-06-10 23:59:59.999,3504418.16102,10543,450010.3,1567591.50385
2025-06-11 00:00:00,3.4927,3.4961,3.4522,3.4542,1052514.5,2025-06-11 00:59:59.999,3656478.21814,13207,497103.1,1727239.36482
2025-06-11 01:00:00,3.4543,3.4591,3.4352,3.4393,945913.5,2025-06-11 01:59:59.999,3258048.2503,10846,492762.7,1697511.29968
2025-06-11 02:00:00,3.4395,3.4588,3.436,3.4562,650632.4,2025-06-11 02:59:59.999,2242745.08394,8432,352709.1,1215885.78335
2025-06-11 03:00:00,3.4562,3.4926,3.4539,3.4903,1295793.0,2025-06-11 03:59:59.999,4509542.56909,11875,659222.0,2294530.72864
2025-06-11 04:00:00,3.4906,3.4929,3.4587,3.4659,827890.9,2025-06-11 04:59:59.999,2875801.89597,8208,332390.5,1154098.49517
2025-06-11 05:00:00,3.466,3.483,3.453,3.4804,793005.1,2025-06-11 05:59:59.999,2750020.3901,9544,382573.9,1327307.05889
2025-06-11 06:00:00,3.4804,3.5285,3.4804,3.5142,2196701.8,2025-06-11 06:59:59.999,7706315.75095,22941,1239266.9,4347497.62115
2025-06-11 07:00:00,3.5143,3.5214,3.4926,3.5076,1317846.0,2025-06-11 07:59:59.999,4621757.2772,12582,567203.7,1988427.05202
2025-06-11 08:00:00,3.5076,3.52,3.4874,3.4989,1034521.4,2025-06-11 08:59:59.999,3625600.23289,13572,461934.3,1619087.33368
2025-06-11 09:00:00,3.4989,3.5168,3.466,3.4695,2380691.0,2025-06-11 09:59:59.999,8310235.04056,19300,925452.0,3231864.45284
2025-06-11 10:00:00,3.4695,3.4862,3.4609,3.4796,951992.9,2025-06-11 10:59:59.999,3305950.84167,13434,411007.9,1427742.8346
2025-06-11 11:00:00,3.4796,3.4799,3.4446,3.4604,1060341.4,2025-06-11 11:59:59.999,3666055.8775,11057,411748.6,1423677.37919
2025-06-11 12:00:00,3.4603,3.5096,3.4446,3.495,3361661.4,2025-06-11 12:59:59.999,11703371.72029,37199,1786344.4,6219527.36564
2025-06-11 13:00:00,3.4951,3.5086,3.4701,3.4799,2028551.1,2025-06-11 13:59:59.999,7081667.93105,26924,917593.7,3203497.17111
2025-06-11 14:00:00,3.48,3.5235,3.4734,3.4956,2216947.0,2025-06-11 14:59:59.999,7764637.07604,25904,1191656.0,4174766.70687
2025-06-11 15:00:00,3.4956,3.5168,3.478,3.5126,1718388.3,2025-06-11 15:59:59.999,6018374.05695,20055,996835.5,3492609.46737
2025-06-11 16:00:00,3.5126,3.5161,3.4901,3.4957,1140487.4,2025-06-11 16:59:59.999,3993040.84947,16380,530393.3,1856926.74987
2025-06-11 17:00:00,3.4956,3.5026,3.453,3.4545,1442696.4,2025-06-11 17:59:59.999,5017429.92933,16692,601159.9,2091021.94072
2025-06-11 18:00:00,3.4545,3.4579,3.4133,3.4326,2252677.9,2025-06-11 18:59:59.999,7733341.84091,26558,1073628.9,3685139.016
2025-06-11 19:00:00,3.4326,3.4374,3.4123,3.4198,1014968.1,2025-06-11 19:59:59.999,3478249.37272,13247,514207.8,1762292.84371
2025-06-11 20:00:00,3.4196,3.4462,3.4088,3.4338,793454.5,2025-06-11 20:59:59.999,2722996.44898,11301,421459.6,1446493.34286
2025-06-11 21:00:00,3.434,3.4505,3.3812,3.3843,1415643.3,2025-06-11 21:59:59.999,4825990.02529,15027,604785.3,2065047.61259
2025-06-11 22:00:00,3.3842,3.3877,3.3387,3.3617,3943344.9,2025-06-11 22:59:59.999,13251056.19039,34218,1604504.0,5390296.2997
2025-06-11 23:00:00,3.3617,3.3989,3.3557,3.3947,1230679.2,2025-06-11 23:59:59.999,4165489.3389,10915,711240.1,2407586.797
2025-06-12 00:00:00,3.3949,3.3998,3.3575,3.3839,1364711.7,2025-06-12 00:59:59.999,4616634.03,15549,747506.0,2529957.45397
2025-06-12 01:00:00,3.3838,3.3841,3.3483,3.3675,1337138.7,2025-06-12 01:59:59.999,4497447.27122,17066,628008.0,2111628.89051
2025-06-12 02:00:00,3.3674,3.379,3.3458,3.349,818657.8,2025-06-12 02:59:59.999,2748315.29784,12066,360415.3,1209961.86506
2025-06-12 03:00:00,3.349,3.3551,3.3217,3.3352,1914218.0,2025-06-12 03:59:59.999,6386250.76169,18581,836761.4,2792198.98263
2025-06-12 04:00:00,3.3351,3.3402,3.316,3.3298,1196952.5,2025-06-12 04:59:59.999,3982916.27156,14137,528189.2,1757722.71653
2025-06-12 05:00:00,3.3297,3.3469,3.3122,3.3418,1213301.7,2025-06-12 05:59:59.999,4044031.57996,10275,539232.3,1797334.45713
2025-06-12 06:00:00,3.3417,3.3549,3.324,3.3446,745253.3,2025-06-12 06:59:59.999,2490398.57968,9550,396335.6,1324212.9104
2025-06-12 07:00:00,3.3447,3.3555,3.325,3.3344,1094164.1,2025-06-12 07:59:59.999,3656013.40001,11337,444139.1,1483818.40177
2025-06-12 08:00:00,3.3342,3.3368,3.3033,3.3256,1528438.8,2025-06-12 08:59:59.999,5071827.4475,16530,713795.2,2368777.11274
2025-06-12 09:00:00,3.3255,3.3291,3.3124,3.3132,759527.5,2025-06-12 09:59:59.999,2520181.12581,9272,360658.6,1196714.29776
2025-06-12 10:00:00,3.3132,3.3157,3.2772,3.2939,1944687.9,2025-06-12 10:59:59.999,6404928.17365,20519,843612.3,2778033.74142
2025-06-12 11:00:00,3.294,3.2974,3.2531,3.2625,1911121.4,2025-06-12 11:59:59.999,6247954.41787,17709,1022623.7,3343893.09787
2025-06-12 12:00:00,3.2627,3.2942,3.249,3.2778,2062338.2,2025-06-12 12:59:59.999,6747361.18921,18184,1025866.2,3355253.52964
2025-06-12 13:00:00,3.2777,3.3141,3.2699,3.3111,1665741.4,2025-06-12 13:59:59.999,5485243.28563,18721,955607.5,3148051.28024
2025-06-12 14:00:00,3.3111,3.36,3.3099,3.347,3146865.6,2025-06-12 14:59:59.999,10485380.80221,23184,1200134.0,4000349.41472
2025-06-12 15:00:00,3.347,3.3601,3.28,3.2877,5402803.7,2025-06-12 15:59:59.999,17976725.24487,35397,2685919.2,8936981.73335
2025-06-12 16:00:00,3.2878,3.3457,3.2819,3.3299,1223460.4,2025-06-12 16:59:59.999,4062017.33242,18365,702576.8,2331684.05147
2025-06-12 17:00:00,3.33,3.3717,3.3285,3.3575,1668249.7,2025-06-12 17:59:59.999,5600797.6978,15538,967738.7,3249024.05795
2025-06-12 18:00:00,3.3573,3.3607,3.3176,3.3294,848929.3,2025-06-12 18:59:59.999,2831844.99607,13821,336184.4,1121105.04962
2025-06-12 19:00:00,3.3296,3.3384,3.2418,3.2568,2500515.6,2025-06-12 19:59:59.999,8203722.54956,25578,1072555.6,3519871.81122
2025-06-12 20:00:00,3.2566,3.2736,3.1832,3.2075,3824285.4,2025-06-12 20:59:59.999,12326277.83795,43209,1582385.6,5105732.22225
2025-06-12 21:00:00,3.2075,3.2472,3.2009,3.2068,2027792.2,2025-06-12 21:59:59.999,6532218.92412,21138,1023390.4,3296381.93785
2025-06-12 22:00:00,3.2068,3.2289,3.1974,3.2081,1503225.6,2025-06-12 22:59:59.999,4829568.77962,18290,797624.8,2562701.10865
2025-06-12 23:00:00,3.2078,3.2314,3.1927,3.2078,1572498.0,2025-06-12 23:59:59.999,5053665.64216,15087,1017800.2,3271029.46629
2025-06-13 00:00:00,3.2078,3.2105,2.9562,2.9922,19778874.6,2025-06-13 00:59:59.999,60326781.89998,175145,9780165.8,29794750.4714
2025-06-13 01:00:00,2.9921,2.9921,2.9186,2.977,11769439.0,2025-06-13 01:59:59.999,34733277.03161,94076,6623476.4,19536514.86471
2025-06-13 02:00:00,2.9769,2.981,2.9307,2.9609,4681068.6,2025-06-13 02:59:59.999,13831222.51827,58001,2280125.8,6738024.5444
2025-06-13 03:00:00,2.9609,3.0459,2.9539,3.0285,5524718.3,2025-06-13 03:59:59.999,16678183.26994,50262,2829830.0,8537046.91909
2025-06-13 04:00:00,3.0287,3.0416,3.0008,3.0386,2505565.9,2025-06-13 04:59:59.999,7578458.60221,24519,1497832.5,4534257.40968
2025-06-13 05:00:00,3.0386,3.0401,2.986,2.9945,7065707.4,2025-06-13 05:59:59.999,21224285.88521,40426,3977868.0,11941463.38658
2025-06-13 06:00:00,2.9946,3.0167,2.9422,3.0167,6004153.0,2025-06-13 06:59:59.999,17830452.69439,41986,3331965.4,9877351.17632
2025-06-13 07:00:00,3.0168,3.0337,2.9888,3.0272,3939105.1,2025-06-13 07:59:59.999,11844139.04292,29705,2173868.0,6530575.808
2025-06-13 08:00:00,3.0272,3.0673,3.0211,3.0251,3171076.1,2025-06-13 08:59:59.999,9664248.48558,33390,1570238.2,4786514.70382
2025-06-13 09:00:00,3.0251,3.0273,3.0031,3.0125,2078176.1,2025-06-13 09:59:59.999,6264200.49361,26833,991815.2,2989556.86775
2025-06-13 10:00:00,3.0126,3.0218,2.9912,3.021,1886447.7,2025-06-13 10:59:59.999,5671044.413,21249,1032016.5,3102921.91615
2025-06-13 11:00:00,3.0212,3.0358,2.9956,3.0229,1702738.9,2025-06-13 11:59:59.999,5131883.76435,17975,819654.6,2470238.86216
2025-06-13 12:00:00,3.0228,3.0428,2.9972,3.0013,2501598.3,2025-06-13 12:59:59.999,7556974.55088,24902,1233654.8,3728675.24286
2025-06-13 13:00:00,3.0012,3.0286,2.9858,3.0041,2310931.1,2025-06-13 13:59:59.999,6940965.86243,29850,1121614.6,3369809.05821
2025-06-13 14:00:00,3.0041,3.02,2.9711,3.0129,2664448.5,2025-06-13 14:59:59.999,7983151.06044,30153,1286807.4,3855676.09455
2025-06-13 15:00:00,3.0128,3.0541,3.0001,3.0359,3323886.4,2025-06-13 15:59:59.999,10098874.00419,35407,1800833.3,5471246.29451
2025-06-13 16:00:00,3.036,3.076,3.0204,3.0519,2758134.5,2025-06-13 16:59:59.999,8418308.63135,28531,1311130.9,4000993.57692
2025-06-13 17:00:00,3.0519,3.0519,2.9991,3.0402,5343933.6,2025-06-13 17:59:59.999,16206233.36125,36197,1806735.6,5471739.55639
2025-06-13 18:00:00,3.0403,3.0504,2.9903,3.0153,5906349.7,2025-06-13 18:59:59.999,17839996.90354,36391,2023313.5,6105990.74844
2025-06-13 19:00:00,3.0153,3.0343,3.0024,3.0167,1706443.5,2025-06-13 19:59:59.999,5145797.91249,21843,902178.1,2720889.85692
2025-06-13 20:00:00,3.0168,3.0551,3.0068,3.0454,1488116.3,2025-06-13 20:59:59.999,4514834.53049,20631,797830.1,2419971.45108
2025-06-13 21:00:00,3.0454,3.07,3.034,3.061,1027025.1,2025-06-13 21:59:59.999,3132025.45237,11778,565131.3,1723279.3381
2025-06-13 22:00:00,3.0611,3.0809,3.0424,3.0534,990058.9,2025-06-13 22:59:59.999,3030167.18757,12387,536100.7,1641343.09994
2025-06-13 23:00:00,3.0534,3.0859,3.053,3.0758,1223791.7,2025-06-13 23:59:59.999,3757880.31452,11223,758549.0,2330154.89709
2025-06-14 00:00:00,3.0759,3.0774,3.0466,3.0521,1364253.9,2025-06-14 00:59:59.999,4172892.06475,17320,718717.0,2198179.86893
2025-06-14 01:00:00,3.052,3.052,3.0242,3.0302,1100683.1,2025-06-14 01:59:59.999,3341287.29982,12858,552287.5,1676056.84468
2025-06-14 02:00:00,3.0301,3.0415,3.0215,3.031,644861.1,2025-06-14 02:59:59.999,1953823.85282,7931,293730.4,889964.73335
2025-06-14 03:00:00,3.0311,3.0437,3.0243,3.0312,629672.1,2025-06-14 03:59:59.999,1910118.42745,7293,356510.0,1081400.83847
2025-06-14 04:00:00,3.0311,3.0542,3.0276,3.0482,521486.5,2025-06-14 04:59:59.999,1586691.17875,7133,287477.3,874564.88847
2025-06-14 05:00:00,3.0482,3.0576,3.0388,3.0524,334919.7,2025-06-14 05:59:59.999,1020745.87082,6069,163643.0,498652.76498
2025-06-14 06:00:00,3.0525,3.0573,3.0272,3.0296,614929.1,2025-06-14 06:59:59.999,1869759.05643,7305,268255.0,815735.36531
2025-06-14 07:00:00,3.0296,3.0323,3.0068,3.0269,1012363.1,2025-06-14 07:59:59.999,3055548.0802,9359,472950.8,1427640.56843
2025-06-14 08:00:00,3.0268,3.0277,3.0053,3.0251,1913553.8,2025-06-14 08:59:59.999,5770636.25058,11460,1074717.9,3241435.44892
2025-06-14 09:00:00,3.0254,3.0278,3.006,3.0095,353441.6,2025-06-14 09:59:59.999,1066486.98061,6082,177542.7,535648.594
2025-06-14 10:00:00,3.0095,3.0249,3.006,3.0189,372199.5,2025-06-14 10:59:59.999,1122608.34298,5375,165348.5,498573.47684
2025-06-14 11:00:00,3.0189,3.0331,3.0177,3.0273,334312.1,2025-06-14 11:59:59.999,1011427.72434,5687,153488.3,464393.68411
2025-06-14 12:00:00,3.0272,3.0317,2.9944,3.0102,2486933.1,2025-06-14 12:59:59.999,7468006.76714,13184,1523534.4,4573515.27854
2025-06-14 13:00:00,3.0102,3.0215,2.9775,2.9954,2981176.5,2025-06-14 13:59:59.999,8911168.19451,16850,1834723.5,5477344.70333
2025-06-14 14:00:00,2.9953,2.9991,2.9763,2.9816,2470506.1,2025-06-14 14:59:59.999,7370947.58802,14198,1503290.9,4484031.18508
2025-06-14 15:00:00,2.9818,2.9891,2.9042,2.9243,11053448.8,2025-06-14 15:59:59.999,32500801.40928,52460,5741779.3,16838815.44663
2025-06-14 16:00:00,2.9244,2.9367,2.8278,2.8375,6528492.6,2025-06-14 16:59:59.999,18804463.68064,51228,2371579.1,6827996.45312
2025-06-14 17:00:00,2.8375,2.8906,2.8316,2.8627,3296210.5,2025-06-14 17:59:59.999,9466944.36057,30466,1618477.2,4646882.63847
2025-06-14 18:00:00,2.8627,2.8845,2.8051,2.8419,3983397.2,2025-06-14 18:59:59.999,11303583.25121,33289,1899208.4,5387363.44256
2025-06-14 19:00:00,2.8419,2.9043,2.8295,2.8737,3154707.9,2025-06-14 19:59:59.999,9067674.608,30968,1827189.1,5251908.82725
2025-06-14 20:00:00,2.8738,2.8941,2.8512,2.8869,1438559.0,2025-06-14 20:59:59.999,4132319.02212,19691,750255.4,2155374.25843
2025-06-14 21:00:00,2.887,2.9266,2.8833,2.9184,1132556.5,2025-06-14 21:59:59.999,3293540.38025,13872,636931.1,1852392.70343
2025-06-14 22:00:00,2.9184,2.9374,2.9149,2.9332,1302057.7,2025-06-14 22:59:59.999,3812216.13937,13296,623209.9,1824740.16373
2025-06-14 23:00:00,2.9332,2.9535,2.9256,2.947,1064981.2,2025-06-14 23:59:59.999,3132472.32813,10861,548585.3,1613243.85744
2025-06-15 00:00:00,2.9471,2.97,2.9433,2.9682,1253427.3,2025-06-15 00:59:59.999,3706446.39925,13608,687844.8,2034040.81133
2025-06-15 01:00:00,2.9681,2.9774,2.956,2.9619,891879.0,2025-06-15 01:59:59.999,2644678.13195,10613,473301.6,1403690.89373
2025-06-15 02:00:00,2.9619,2.9884,2.9614,2.9871,704102.0,2025-06-15 02:59:59.999,2098876.5278,9111,374940.3,1117641.4753
2025-06-15 03:00:00,2.9871,2.9935,2.9757,2.9793,598831.0,2025-06-15 03:59:59.999,1787297.59489,8915,262381.0,782955.84369
2025-06-15 04:00:00,2.9791,3.0137,2.9773,3.01,991825.7,2025-06-15 04:59:59.999,2975330.29402,11186,494526.2,1483504.54452
2025-06-15 05:00:00,3.0099,3.0341,2.9876,3.0257,1268718.9,2025-06-15 05:59:59.999,3821404.78147,14541,643085.8,1936975.55306
2025-06-15 06:00:00,3.0258,3.0348,3.002,3.0039,1285623.8,2025-06-15 06:59:59.999,3879358.13607,13597,598276.4,1805948.74735
2025-06-15 07:00:00,3.0039,3.0067,2.9828,2.9926,1106724.8,2025-06-15 07:59:59.999,3314057.63924,13641,451177.2,1351016.50747
2025-06-15 08:00:00,2.9927,2.996,2.9755,2.9831,686761.9,2025-06-15 08:59:59.999,2048794.08972,10216,270307.5,806368.102
2025-06-15 09:00:00,2.9831,2.9831,2.9488,2.962,1249224.1,2025-06-15 09:59:59.999,3701915.95664,14973,521038.0,1542991.76323
2025-06-15 10:00:00,2.962,2.9892,2.9614,2.9863,1017423.7,2025-06-15 10:59:59.999,3030383.48678,12048,524169.9,1561205.03225
2025-06-15 11:00:00,2.9864,2.9885,2.9517,2.9612,1254329.2,2025-06-15 11:59:59.999,3729698.20736,10603,472162.0,1402998.64481
2025-06-15 12:00:00,2.9612,2.983,2.9514,2.9747,860950.1,2025-06-15 12:59:59.999,2555746.77344,10883,422550.6,1253828.93824
2025-06-15 13:00:00,2.9746,2.9848,2.9574,2.9768,1414291.6,2025-06-15 13:59:59.999,4202597.11942,15737,648585.7,1927878.60316
2025-06-15 14:00:00,2.9768,3.0157,2.9527,3.0106,1789253.7,2025-06-15 14:59:59.999,5342569.3023,19586,962699.9,2873475.67171
2025-06-15 15:00:00,3.0108,3.0298,2.9948,3.0084,1945128.2,2025-06-15 15:59:59.999,5855462.49132,20051,1032814.7,3109472.62163
2025-06-15 16:00:00,3.0085,3.0173,2.99,3.0124,1094887.4,2025-06-15 16:59:59.999,3290640.81741,14924,673716.7,2025144.87
2025-06-15 17:00:00,3.0123,3.0272,2.9947,3.0155,851570.4,2025-06-15 17:59:59.999,2564597.10422,12115,411406.8,1238939.1441
2025-06-15 18:00:00,3.0157,3.0298,2.9941,3.0284,875487.1,2025-06-15 18:59:59.999,2635928.88715,10529,521920.1,1571373.67799
2025-06-15 19:00:00,3.0282,3.043,3.0034,3.0188,1477334.5,2025-06-15 19:59:59.999,4468635.39067,14858,708996.8,2143621.87059
2025-06-15 20:00:00,3.0189,3.0196,2.9695,2.9841,1710382.0,2025-06-15 20:59:59.999,5106269.04522,19858,964213.2,2877836.40276
2025-06-15 21:00:00,2.984,3.001,2.9626,2.9998,829781.3,2025-06-15 21:59:59.999,2473989.13114,10876,412700.2,1229971.73218
2025-06-15 22:00:00,2.9997,3.04,2.9929,3.0245,1279382.4,2025-06-15 22:59:59.999,3868525.80194,18976,656363.5,1984709.64449
2025-06-15 23:00:00,3.0246,3.0351,3.0157,3.0233,969931.1,2025-06-15 23:59:59.999,2934723.06431,10724,612811.1,1854429.39592
2025-06-16 00:00:00,3.0234,3.0257,2.982,3.001,1418209.0,2025-06-16 00:59:59.999,4255295.74897,16721,602078.1,1807073.3913
2025-06-16 01:00:00,3.0008,3.0475,2.9724,3.0457,2332918.3,2025-06-16 01:59:59.999,7025393.28738,25041,1200974.8,3617904.25617
2025-06-16 02:00:00,3.0457,3.0878,3.0457,3.0683,2200794.0,2025-06-16 02:59:59.999,6752602.83597,24578,1146306.0,3515935.90073
2025-06-16 03:00:00,3.0684,3.0823,3.0595,3.0678,879480.0,2025-06-16 03:59:59.999,2700669.43322,10393,414851.1,1273967.29708
2025-06-16 04:00:00,3.0679,3.095,3.057,3.0665,1396324.7,2025-06-16 04:59:59.999,4291103.49708,14539,788716.0,2424000.82741
2025-06-16 05:00:00,3.0666,3.0979,3.0504,3.079,2069385.4,2025-06-16 05:59:59.999,6367188.38341,17287,1016174.4,3126804.83674
2025-06-16 06:00:00,3.0791,3.1036,3.0718,3.0896,1320354.7,2025-06-16 06:59:59.999,4081354.78414,13702,690559.7,2134776.97964
2025-06-16 07:00:00,3.0898,3.1414,3.0894,3.139,2061360.6,2025-06-16 07:59:59.999,6437975.95818,20457,1137684.9,3552628.77461
2025-06-16 08:00:00,3.1392,3.1423,3.1072,3.1186,1188476.0,2025-06-16 08:59:59.999,3709757.3059,14794,531445.6,1658848.21124
2025-06-16 09:00:00,3.1186,3.123,3.0959,3.1011,1539256.4,2025-06-16 09:59:59.999,4782657.56432,12608,739932.4,2299134.30993
2025-06-16 10:00:00,3.1012,3.1147,3.0783,3.0874,1322833.4,2025-06-16 10:59:59.999,4096199.25602,11010,707864.2,2192572.1048
2025-06-16 11:00:00,3.0872,3.1178,3.0693,3.1118,1233413.3,2025-06-16 11:59:59.999,3816652.05624,14078,589609.1,1824090.7707
2025-06-16 12:00:00,3.1117,3.1149,3.0831,3.0972,1065880.5,2025-06-16 12:59:59.999,3303822.55507,13204,519210.1,1609241.70947
2025-06-16 13:00:00,3.0971,3.1326,3.0883,3.1268,1494628.9,2025-06-16 13:59:59.999,4643316.75238,21093,710762.9,2208715.54848
2025-06-16 14:00:00,3.1268,3.1589,3.1137,3.1166,3058872.7,2025-06-16 14:59:59.999,9603200.90685,29521,1642490.6,5156860.34976
2025-06-16 15:00:00,3.1167,3.1324,3.1012,3.1068,1141848.5,2025-06-16 15:59:59.999,3560824.41555,17893,532346.3,1660176.91343
2025-06-16 16:00:00,3.1069,3.1369,3.0992,3.1244,1240882.5,2025-06-16 16:59:59.999,3872066.41626,13409,513821.1,1603112.35446
2025-06-16 17:00:00,3.1243,3.1307,3.1016,3.1072,580364.5,2025-06-16 17:59:59.999,1809582.49856,11096,289355.2,902172.47935
2025-06-16 18:00:00,3.1071,3.1279,3.1029,3.1279,737832.9,2025-06-16 18:59:59.999,2297806.62087,10350,367856.6,1145516.17444
2025-06-16 19:00:00,3.1279,3.152,3.116,3.125,2819174.6,2025-06-16 19:59:59.999,8857454.38611,19703,1560635.5,4905175.73473
2025-06-16 20:00:00,3.125,3.1367,3.1028,3.1288,1668454.9,2025-06-16 20:59:59.999,5203485.45317,16247,704904.3,2197917.80734
2025-06-16 21:00:00,3.1285,3.1336,3.108,3.1228,648527.9,2025-06-16 21:59:59.999,2023774.07641,7148,211211.0,659281.06665
2025-06-16 22:00:00,3.1229,3.1361,3.0201,3.051,4995025.3,2025-06-16 22:59:59.999,15295305.58066,44888,1989236.9,6086875.99656
2025-06-16 23:00:00,3.0508,3.077,2.9283,2.9962,4877883.4,2025-06-16 23:59:59.999,14728801.0521,39819,1839200.8,5562756.81146
2025-06-17 00:00:00,2.9963,3.0262,2.9266,3.0244,7415534.5,2025-06-17 00:59:59.999,22075806.22648,70942,3613316.8,10760139.53693
2025-06-17 01:00:00,3.0245,3.0301,3.0,3.0026,1542889.0,2025-06-17 01:59:59.999,4651589.87302,20197,793298.4,2391868.71708
2025-06-17 02:00:00,3.0027,3.0437,2.9872,3.0364,2591565.4,2025-06-17 02:59:59.999,7809029.48173,21649,1390662.2,4194267.00815
2025-06-17 03:00:00,3.0366,3.0569,3.0301,3.0415,1205716.8,2025-06-17 03:59:59.999,3667459.27058,16356,580532.0,1765901.14219
2025-06-17 04:00:00,3.0416,3.0455,3.0164,3.0278,797011.2,2025-06-17 04:59:59.999,2415994.49664,11159,322978.6,978658.55725
2025-06-17 05:00:00,3.0277,3.0315,3.0013,3.0084,1061121.7,2025-06-17 05:59:59.999,3200549.04325,13988,498619.3,1504444.00211
2025-06-17 06:00:00,3.0083,3.0175,2.9831,2.9931,1732171.1,2025-06-17 06:59:59.999,5191772.95293,21284,813776.4,2439035.69802
2025-06-17 07:00:00,2.993,3.0028,2.9828,2.9954,1469185.1,2025-06-17 07:59:59.999,4394872.44865,20929,755856.6,2261080.3749
2025-06-17 08:00:00,2.9954,2.9958,2.9572,2.9608,2584674.3,2025-06-17 08:59:59.999,7700944.21219,21383,1022261.8,3041368.07165
2025-06-17 09:00:00,2.9609,2.9684,2.9403,2.9469,1762657.8,2025-06-17 09:59:59.999,5206034.6584,21807,775562.7,2291014.3954
2025-06-17 10:00:00,2.9468,2.9518,2.914,2.9438,1835772.8,2025-06-17 10:59:59.999,5385813.37453,23846,956888.9,2808054.6553
2025-06-17 11:00:00,2.9439,2.9449,2.8908,2.9145,4715110.3,2025-06-17 11:59:59.999,13730810.66515,31734,1654905.2,4815887.03244
2025-06-17 12:00:00,2.9145,2.9302,2.8949,2.9038,1807550.9,2025-06-17 12:59:59.999,5260738.87199,24222,882210.4,2566923.26997
2025-06-17 13:00:00,2.9037,2.927,2.8951,2.9086,1648398.3,2025-06-17 13:59:59.999,4796829.97682,24756,947703.3,2759135.59653
2025-06-17 14:00:00,2.9089,2.9343,2.88,2.8832,2016412.8,2025-06-17 14:59:59.999,5867838.77013,24685,909355.2,2647028.01714
2025-06-17 15:00:00,2.8828,2.8833,2.8262,2.8601,5861083.1,2025-06-17 15:59:59.999,16717137.43701,51130,2591744.4,7396285.28856
2025-06-17 16:00:00,2.8601,2.8638,2.8077,2.8091,4062282.9,2025-06-17 16:59:59.999,11519817.2966,49389,1973435.2,5596860.25094
2025-06-17 17:00:00,2.8091,2.8546,2.8028,2.8195,2859073.8,2025-06-17 17:59:59.999,8071825.89052,34041,1346013.9,3802673.74815
2025-06-17 18:00:00,2.8194,2.8625,2.8046,2.8606,1651641.5,2025-06-17 18:59:59.999,4670068.84489,21558,866750.6,2451667.12196
2025-06-17 19:00:00,2.8605,2.9036,2.8581,2.8746,3004089.7,2025-06-17 19:59:59.999,8663789.28287,28061,1583285.3,4566689.26877
2025-06-17 20:00:00,2.8745,2.8863,2.8466,2.8491,1985532.6,2025-06-17 20:59:59.999,5688047.25196,20194,818689.9,2345487.6393
2025-06-17 21:00:00,2.8492,2.8653,2.8336,2.8412,1359451.7,2025-06-17 21:59:59.999,3872620.82209,18245,647324.4,1843922.78348
2025-06-17 22:00:00,2.8413,2.8551,2.8201,2.8231,1088857.5,2025-06-17 22:59:59.999,3094135.97956,21355,545157.9,1549857.63094
2025-06-17 23:00:00,2.8231,2.8569,2.8211,2.8326,932290.4,2025-06-17 23:59:59.999,2648670.95273,15027,452731.9,1287692.23313
2025-06-18 00:00:00,2.8326,2.8544,2.8182,2.8436,1000540.0,2025-06-18 00:59:59.999,2839076.98012,20992,552571.3,1567109.24364
2025-06-18 01:00:00,2.8436,2.8766,2.8416,2.8481,1285783.3,2025-06-18 01:59:59.999,3672697.76026,19575,816701.8,2332729.81301
2025-06-18 02:00:00,2.8481,2.8657,2.8387,2.8517,789367.8,2025-06-18 02:59:59.999,2253421.72531,15332,399834.9,1141315.77756
2025-06-18 03:00:00,2.8516,2.8941,2.8449,2.8809,1332722.6,2025-06-18 03:59:59.999,3835153.43403,15822,890010.6,2562811.33498
2025-06-18 04:00:00,2.8808,2.9162,2.8781,2.9081,1118844.5,2025-06-18 04:59:59.999,3240790.11391,14909,591784.7,1713421.77478
2025-06-18 05:00:00,2.9082,2.9181,2.8924,2.8997,1159424.1,2025-06-18 05:59:59.999,3368728.71982,14796,538776.2,1565347.80207
2025-06-18 06:00:00,2.8998,2.9025,2.8532,2.8653,1504512.2,2025-06-18 06:59:59.999,4324468.97205,16244,780874.9,2242838.43481
2025-06-18 07:00:00,2.8652,2.8709,2.8413,2.8665,1652120.8,2025-06-18 07:59:59.999,4719250.87026,16311,718027.2,2052207.80036
2025-06-18 08:00:00,2.8665,2.8765,2.68,2.7758,10130462.5,2025-06-18 08:59:59.999,28430304.07594,71103,4745129.0,13323570.68721
2025-06-18 09:00:00,2.7759,2.7978,2.7361,2.7496,2812162.1,2025-06-18 09:59:59.999,7779242.49019,29458,1441266.0,3989171.64569
2025-06-18 10:00:00,2.7498,2.7564,2.7062,2.7161,3601406.0,2025-06-18 10:59:59.999,9828265.12372,40584,1714692.2,4678924.9781
2025-06-18 11:00:00,2.716,2.7745,2.713,2.7706,2317560.5,2025-06-18 11:59:59.999,6365405.36737,28244,1257068.9,3451578.13351
2025-06-18 12:00:00,2.7704,2.7727,2.739,2.7426,1384907.1,2025-06-18 12:59:59.999,3817990.41775,18135,711701.9,1962145.79086
2025-06-18 13:00:00,2.7426,2.7674,2.7172,2.7661,2233450.7,2025-06-18 13:59:59.999,6118547.30112,33299,1059514.0,2903229.55561
2025-06-18 14:00:00,2.766,2.8137,2.754,2.7768,4127966.8,2025-06-18 14:59:59.999,11526642.05683,38307,2112727.8,5898526.89617
2025-06-18 15:00:00,2.7767,2.7991,2.7653,2.7768,1448557.8,2025-06-18 15:59:59.999,4032803.0787,20666,803679.0,2237296.54316
2025-06-18 16:00:00,2.7767,2.7853,2.7607,2.7791,920459.2,2025-06-18 16:59:59.999,2552695.56477,14979,427588.5,1186178.55214
2025-06-18 17:00:00,2.7793,2.81,2.7638,2.8036,1363606.6,2025-06-18 17:59:59.999,3802654.4461,19570,642704.3,1794550.74335
2025-06-18 18:00:00,2.8039,2.8268,2.7663,2.7673,2699719.4,2025-06-18 18:59:59.999,7552044.50247,39639,1285711.4,3599551.08741
2025-06-18 19:00:00,2.7673,2.8074,2.7613,2.7702,1339247.1,2025-06-18 19:59:59.999,3726981.82686,29623,683341.3,1901721.88835
2025-06-18 20:00:00,2.7702,2.8409,2.7611,2.8279,1312172.5,2025-06-18 20:59:59.999,3678735.73464,19762,687453.8,1928210.13474
2025-06-18 21:00:00,2.8279,2.8455,2.8033,2.8356,1941045.4,2025-06-18 21:59:59.999,5482785.61107,17793,1166872.0,3297363.82413
2025-06-18 22:00:00,2.8355,2.8473,2.825,2.8291,1727556.3,2025-06-18 22:59:59.999,4903647.41073,13540,934592.4,2652316.88687
2025-06-18 23:00:00,2.829,2.839,2.8145,2.828,610722.4,2025-06-18 23:59:59.999,1725526.38043,10491,313763.5,886822.36739
2025-06-19 00:00:00,2.8281,2.8679,2.8183,2.8445,1476051.6,2025-06-19 00:59:59.999,4207776.64421,19151,815115.3,2323955.96571
2025-06-19 01:00:00,2.8445,2.8472,2.8154,2.8246,1304919.8,2025-06-19 01:59:59.999,3691618.31165,17128,537224.9,1519963.22663
2025-06-19 02:00:00,2.8247,2.8389,2.8149,2.8221,560761.3,2025-06-19 02:59:59.999,1584868.66299,10172,278438.1,786890.76867
2025-06-19 03:00:00,2.8222,2.8469,2.8222,2.8437,477925.3,2025-06-19 03:59:59.999,1356182.87167,8163,268034.0,760531.55108
2025-06-19 04:00:00,2.8438,2.8469,2.8254,2.8381,585337.3,2025-06-19 04:59:59.999,1659624.76346,9010,312670.9,886420.94763
2025-06-19 05:00:00,2.8381,2.857,2.8267,2.8296,2865716.2,2025-06-19 05:59:59.999,8163711.58057,17489,1381028.9,3933350.41183
2025-06-19 06:00:00,2.8294,2.8359,2.8057,2.8059,815739.5,2025-06-19 06:59:59.999,2296140.19368,11632,369354.7,1039571.11206
2025-06-19 07:00:00,2.806,2.8162,2.7906,2.8061,1293167.5,2025-06-19 07:59:59.999,3626777.41131,13221,427022.3,1197756.51384
2025-06-19 08:00:00,2.806,2.8227,2.788,2.7884,1438052.1,2025-06-19 08:59:59.999,4040928.4535,13069,421662.0,1184962.0319
2025-06-19 09:00:00,2.7885,2.8206,2.7842,2.811,896732.7,2025-06-19 09:59:59.999,2513443.96621,14681,477350.9,1338186.36449
2025-06-19 10:00:00,2.8111,2.8187,2.7974,2.8022,710137.2,2025-06-19 10:59:59.999,1993857.41222,12119,346625.0,973368.55177
2025-06-19 11:00:00,2.8021,2.8091,2.7959,2.8034,541891.3,2025-06-19 11:59:59.999,1517684.90007,8615,252062.1,706060.76641
2025-06-19 12:00:00,2.8034,2.8162,2.7954,2.8041,902682.4,2025-06-19 12:59:59.999,2530863.50411,10396,374606.9,1050301.4404
2025-06-19 13:00:00,2.8041,2.8126,2.7945,2.8004,938848.5,2025-06-19 13:59:59.999,2629215.38924,12560,457105.4,1280043.29764
2025-06-19 14:00:00,2.8004,2.8215,2.7937,2.7985,1292810.6,2025-06-19 14:59:59.999,3630406.73619,14239,592952.2,1665584.92701
2025-06-19 15:00:00,2.7984,2.8301,2.7956,2.822,1053639.1,2025-06-19 15:59:59.999,2964780.45559,14228,535708.2,1507501.28993
2025-06-19 16:00:00,2.8219,2.8401,2.7975,2.8012,1319696.9,2025-06-19 16:59:59.999,3724305.37433,16740,545711.1,1539946.55767
2025-06-19 17:00:00,2.8014,2.8472,2.798,2.8381,1625421.5,2025-06-19 17:59:59.999,4595032.95457,19491,922286.8,2608497.03739
2025-06-19 18:00:00,2.838,2.8586,2.8255,2.8426,1509159.7,2025-06-19 18:59:59.999,4291933.72254,17134,715687.2,2035005.01523
2025-06-19 19:00:00,2.8427,2.8539,2.8296,2.8391,680245.0,2025-06-19 19:59:59.999,1932917.54716,10392,309326.2,878342.22105
2025-06-19 20:00:00,2.8391,2.8497,2.8189,2.8302,506186.4,2025-06-19 20:59:59.999,1433404.75413,9507,201070.7,569920.71192
2025-06-19 21:00:00,2.8302,2.8419,2.8216,2.8302,561175.7,2025-06-19 21:59:59.999,1589432.81918,8169,286215.5,810684.49687
2025-06-19 22:00:00,2.8302,2.8578,2.8293,2.8452,586401.7,2025-06-19 22:59:59.999,1667909.31473,11869,329427.9,937111.78512
2025-06-19 23:00:00,2.8452,2.8457,2.8283,2.8287,421861.3,2025-06-19 23:59:59.999,1196933.71402,6958,263634.9,748264.60505
2025-06-20 00:00:00,2.8288,2.8454,2.826,2.8415,538477.3,2025-06-20 00:59:59.999,1526965.69676,7327,228043.5,646807.26676
2025-06-20 01:00:00,2.8415,2.8432,2.8138,2.8256,487604.4,2025-06-20 01:59:59.999,1377861.38289,7973,243987.9,689573.68351
2025-06-20 02:00:00,2.8257,2.8265,2.7986,2.8072,750693.7,2025-06-20 02:59:59.999,2109221.02971,7592,367525.2,1032604.95367
2025-06-20 03:00:00,2.8072,2.8153,2.8016,2.8022,466495.7,2025-06-20 03:59:59.999,1309844.08169,5782,209716.4,588868.64525
2025-06-20 04:00:00,2.8023,2.807,2.772,2.7773,880301.4,2025-06-20 04:59:59.999,2454540.87741,10056,393522.0,1096906.52949
2025-06-20 05:00:00,2.7775,2.7933,2.7741,2.7923,564994.5,2025-06-20 05:59:59.999,1572787.51896,8466,267037.6,743308.58402
2025-06-20 06:00:00,2.7923,2.7984,2.786,2.7878,540865.5,2025-06-20 06:59:59.999,1510302.79264,6421,222318.1,620801.48636
2025-06-20 07:00:00,2.7877,2.8527,2.7816,2.8503,2897276.4,2025-06-20 07:59:59.999,8193663.88465,23301,1550624.0,4388947.45892
2025-06-20 08:00:00,2.8504,2.8852,2.8335,2.8373,2836585.7,2025-06-20 08:59:59.999,8116778.44597,27772,1384104.6,3960495.53126
2025-06-20 09:00:00,2.8373,2.846,2.8256,2.8377,949082.5,2025-06-20 09:59:59.999,2690141.55737,11265,518510.0,1469649.782
2025-06-20 10:00:00,2.8376,2.848,2.8283,2.84,869839.7,2025-06-20 10:59:59.999,2469486.48275,9146,364237.4,1034565.87477
2025-06-20 11:00:00,2.8399,2.8463,2.829,2.8364,1152652.0,2025-06-20 11:59:59.999,3270670.62412,9474,734779.1,2085067.40213
2025-06-20 12:00:00,2.8365,2.8508,2.8276,2.8417,1334896.7,2025-06-20 12:59:59.999,3793760.9854,9599,524171.3,1490184.32139
2025-06-20 13:00:00,2.8417,2.861,2.815,2.8295,1865280.2,2025-06-20 13:59:59.999,5301584.31622,16796,997954.8,2838342.53387
2025-06-20 14:00:00,2.8294,2.8368,2.7543,2.7602,3327560.8,2025-06-20 14:59:59.999,9300124.87197,30567,1419763.0,3966155.28096
2025-06-20 15:00:00,2.7603,2.7859,2.7586,2.768,1943337.5,2025-06-20 15:59:59.999,5388816.85413,21810,971922.1,2694917.19355
2025-06-20 16:00:00,2.7681,2.7696,2.707,2.7287,3965808.1,2025-06-20 16:59:59.999,10854213.41433,30168,1759438.6,4816382.98581
2025-06-20 17:00:00,2.7286,2.7364,2.65,2.7078,7960289.8,2025-06-20 17:59:59.999,21333048.06648,66256,3573385.0,9576545.87469
2025-06-20 18:00:00,2.7076,2.7372,2.7028,2.7239,2050045.4,2025-06-20 18:59:59.999,5580456.73387,19291,987280.4,2687757.35831
2025-06-20 19:00:00,2.7239,2.7301,2.7026,2.7252,1029806.6,2025-06-20 19:59:59.999,2798055.9235,9923,444945.9,1208953.21501
2025-06-20 20:00:00,2.7249,2.7807,2.7242,2.7542,1392245.8,2025-06-20 20:59:59.999,3836965.57064,14820,711189.5,1958914.19653
2025-06-20 21:00:00,2.7543,2.7545,2.7265,2.729,785903.6,2025-06-20 21:59:59.999,2156481.42787,8512,296348.4,812843.03167
2025-06-20 22:00:00,2.7292,2.7292,2.6911,2.7035,1060482.8,2025-06-20 22:59:59.999,2872567.46409,13256,493234.6,1335578.64585
2025-06-20 23:00:00,2.7035,2.7204,2.6874,2.7163,730501.0,2025-06-20 23:59:59.999,1974419.74484,10936,343763.3,929415.82694
2025-06-21 00:00:00,2.7164,2.7294,2.7065,2.7098,1041023.2,2025-06-21 00:59:59.999,2830725.07681,10663,682445.2,1856563.20347
2025-06-21 01:00:00,2.7098,2.7327,2.7062,2.7268,548238.9,2025-06-21 01:59:59.999,1490447.3736,7756,308101.2,837443.9245
2025-06-21 02:00:00,2.7267,2.7327,2.7169,2.7298,443947.0,2025-06-21 02:59:59.999,1209513.60439,6411,258928.5,705337.74087
2025-06-21 03:00:00,2.7298,2.7495,2.7292,2.7361,664871.0,2025-06-21 03:59:59.999,1821113.20592,6808,392331.7,1074248.52731
2025-06-21 04:00:00,2.736,2.7392,2.7235,2.7254,615205.6,2025-06-21 04:59:59.999,1678706.05855,5367,161909.6,441951.92181
2025-06-21 05:00:00,2.7255,2.7446,2.7245,2.7347,395490.4,2025-06-21 05:59:59.999,1081286.08355,5143,210131.0,574479.32878
2025-06-21 06:00:00,2.7347,2.7365,2.7268,2.7313,279953.6,2025-06-21 06:59:59.999,764810.39428,4490,134464.5,367346.50619
2025-06-21 07:00:00,2.7314,2.7345,2.7197,2.7305,527852.1,2025-06-21 07:59:59.999,1439115.77746,6082,307942.2,839412.45876
2025-06-21 08:00:00,2.7306,2.7543,2.7306,2.7535,570093.7,2025-06-21 08:59:59.999,1562262.66936,7477,290247.5,795358.65152
2025-06-21 09:00:00,2.7535,2.7543,2.7231,2.7339,781607.2,2025-06-21 09:59:59.999,2139920.68912,9384,383875.7,1050857.48851
2025-06-21 10:00:00,2.734,2.7399,2.7207,2.7261,695515.8,2025-06-21 10:59:59.999,1898255.89003,7342,352432.4,961731.00372
2025-06-21 11:00:00,2.7262,2.7366,2.7224,2.7245,457007.2,2025-06-21 11:59:59.999,1247758.17226,5611,248611.9,678799.13081
2025-06-21 12:00:00,2.7245,2.75,2.6969,2.701,2180431.1,2025-06-21 12:59:59.999,5941554.50509,11443,1106317.5,3018464.52842
2025-06-21 13:00:00,2.7011,2.7097,2.6565,2.6665,2264299.9,2025-06-21 13:59:59.999,6067386.13536,19429,884802.6,2369142.99714
2025-06-21 14:00:00,2.6664,2.6727,2.6348,2.6463,3396131.2,2025-06-21 14:59:59.999,9009587.77143,25157,1315311.0,3488140.99391
2025-06-21 15:00:00,2.6463,2.653,2.6131,2.6372,2141222.5,2025-06-21 15:59:59.999,5631974.73363,19952,895190.4,2354355.07803
2025-06-21 16:00:00,2.6373,2.6521,2.6197,2.631,1182287.5,2025-06-21 16:59:59.999,3116727.762,14410,583576.7,1538488.12773
2025-06-21 17:00:00,2.6309,2.6455,2.5902,2.6069,2833465.4,2025-06-21 17:59:59.999,7387003.19877,21590,905516.9,2363076.31557
2025-06-21 18:00:00,2.6069,2.6313,2.5896,2.5946,1667584.4,2025-06-21 18:59:59.999,4351822.95722,18927,774857.0,2023498.04237
2025-06-21 19:00:00,2.5945,2.6027,2.5721,2.5754,2435462.9,2025-06-21 19:59:59.999,6300187.09353,27709,1222872.0,3163992.31758
2025-06-21 20:00:00,2.5754,2.6088,2.5678,2.5972,1928580.2,2025-06-21 20:59:59.999,4988201.1479,23668,987842.0,2555367.668
2025-06-21 21:00:00,2.5973,2.6028,2.4568,2.5168,7133194.4,2025-06-21 21:59:59.999,17938031.68927,51826,3037868.4,7638995.93394
2025-06-21 22:00:00,2.5167,2.5564,2.5127,2.5507,2009071.3,2025-06-21 22:59:59.999,5111098.90352,24351,1063881.7,2707019.21993
2025-06-21 23:00:00,2.5508,2.5776,2.5074,2.5689,3054679.8,2025-06-21 23:59:59.999,7755827.49595,37109,1491078.9,3788690.96885
2025-06-22 00:00:00,2.5689,2.6164,2.5462,2.605,4421881.9,2025-06-22 00:59:59.999,11436809.47715,32903,2661255.0,6887991.74105
2025-06-22 01:00:00,2.6052,2.6088,2.5578,2.5599,1653675.7,2025-06-22 01:59:59.999,4271628.74823,16498,739234.5,1909863.40144
2025-06-22 02:00:00,2.56,2.5814,2.5292,2.5555,2090234.7,2025-06-22 02:59:59.999,5330833.33018,25661,975939.9,2489362.34026
2025-06-22 03:00:00,2.5556,2.5687,2.5344,2.5578,3362177.8,2025-06-22 03:59:59.999,8586700.41466,20934,1356714.6,3462375.88284
2025-06-22 04:00:00,2.5577,2.5857,2.5514,2.5779,3374071.6,2025-06-22 04:59:59.999,8679852.15992,23024,1341921.9,3449843.12958
2025-06-22 05:00:00,2.5779,2.5923,2.5602,2.5752,1913833.7,2025-06-22 05:59:59.999,4930340.98124,14911,663584.5,1708870.54743
2025-06-22 06:00:00,2.5752,2.6011,2.5649,2.5986,986948.2,2025-06-22 06:59:59.999,2555491.01947,10222,552656.0,1430885.09425
2025-06-22 07:00:00,2.5988,2.6007,2.5779,2.5834,1197276.4,2025-06-22 07:59:59.999,3098347.56798,10662,378878.4,980501.269
2025-06-22 08:00:00,2.5835,2.5888,2.5668,2.5765,877997.8,2025-06-22 08:59:59.999,2264690.47037,10375,425541.2,1097877.09915
2025-06-22 09:00:00,2.5767,2.5835,2.5325,2.5352,1414904.7,2025-06-22 09:59:59.999,3611404.54407,18689,677900.6,1730206.98948
2025-06-22 10:00:00,2.5353,2.5701,2.5324,2.5586,1249897.1,2025-06-22 10:59:59.999,3189847.71141,16203,585331.8,1494356.11401
2025-06-22 11:00:00,2.5587,2.579,2.5184,2.5303,6420034.2,2025-06-22 11:59:59.999,16321896.52592,29881,4225787.3,10737797.62402
2025-06-22 12:00:00,2.5302,2.5428,2.5048,2.5332,1555755.4,2025-06-22 12:59:59.999,3923553.34395,19289,778682.3,1964095.63046
2025-06-22 13:00:00,2.5331,2.5444,2.4058,2.4405,11704868.0,2025-06-22 13:59:59.999,28629569.27585,104322,5291154.8,12942269.84288
2025-06-22 14:00:00,2.4405,2.4572,2.3702,2.4291,10555263.4,2025-06-22 14:59:59.999,25380583.24569,90872,4809107.5,11569360.32097
2025-06-22 15:00:00,2.4292,2.4413,2.3867,2.3939,2986462.6,2025-06-22 15:59:59.999,7210774.97104,31584,1320511.8,3190586.76705
2025-06-22 16:00:00,2.3939,2.4135,2.3843,2.4013,2378207.1,2025-06-22 16:59:59.999,5702701.59437,29014,1165051.0,2793126.20859
2025-06-22 17:00:00,2.4011,2.4277,2.364,2.4066,3739680.5,2025-06-22 17:59:59.999,8951913.43641,33926,1606753.4,3847133.42264
2025-06-22 18:00:00,2.4066,2.4209,2.3747,2.3779,1151934.8,2025-06-22 18:59:59.999,2760047.58627,15487,603035.1,1444893.29341
2025-06-22 19:00:00,2.3776,2.3838,2.3443,2.3549,2128013.1,2025-06-22 19:59:59.999,5024757.32728,20636,1014821.5,2397275.55801
2025-06-22 20:00:00,2.3549,2.3884,2.2937,2.3777,6767478.1,2025-06-22 20:59:59.999,15781288.25991,54134,3082083.9,7193144.78777
2025-06-22 21:00:00,2.3777,2.4028,2.3563,2.3629,1864004.3,2025-06-22 21:59:59.999,4441738.91119,14319,845802.8,2015452.96635
2025-06-22 22:00:00,2.3631,2.4529,2.3618,2.4529,3935020.3,2025-06-22 22:59:59.999,9503132.227,31711,2137350.8,5161631.32803
2025-06-22 23:00:00,2.4528,2.4568,2.4378,2.4495,1272562.7,2025-06-22 23:59:59.999,3116208.39144,13838,617331.3,1511942.54707
2025-06-23 00:00:00,2.4495,2.4909,2.4422,2.4634,2065761.4,2025-06-23 00:59:59.999,5088407.00129,19890,1011389.1,2490979.18508
2025-06-23 01:00:00,2.4635,2.5032,2.4518,2.499,3147652.1,2025-06-23 01:59:59.999,7814357.2733,15745,1743283.9,4326171.41201
2025-06-23 02:00:00,2.499,2.5023,2.478,2.4972,1445236.1,2025-06-23 02:59:59.999,3598936.16457,13455,773946.9,1927535.62503
2025-06-23 03:00:00,2.4972,2.4993,2.4725,2.4844,969423.4,2025-06-23 03:59:59.999,2408888.71073,9667,386250.9,960017.60789
2025-06-23 04:00:00,2.4844,2.4984,2.4752,2.4859,944380.3,2025-06-23 04:59:59.999,2348428.22215,8348,495122.1,1231872.43142
2025-06-23 05:00:00,2.4861,2.5234,2.4841,2.5167,1713361.4,2025-06-23 05:59:59.999,4296167.20979,12839,879632.7,2206302.00452
2025-06-23 06:00:00,2.5168,2.5259,2.4908,2.5113,1588267.8,2025-06-23 06:59:59.999,3987406.16529,13610,813843.7,2042480.19362
2025-06-23 07:00:00,2.5114,2.5344,2.5039,2.5163,1766529.4,2025-06-23 07:59:59.999,4450385.73328,13812,983387.8,2478036.4652
2025-06-23 08:00:00,2.5162,2.523,2.4954,2.5006,1099543.1,2025-06-23 08:59:59.999,2757601.30345,9129,568805.4,1427160.48037
2025-06-23 09:00:00,2.5006,2.5162,2.4841,2.5131,1557632.2,2025-06-23 09:59:59.999,3889958.19309,10907,773461.3,1931702.94222
2025-06-23 10:00:00,2.5132,2.5153,2.4851,2.4972,1155779.3,2025-06-23 10:59:59.999,2890486.42089,10403,554215.5,1386457.848
2025-06-23 11:00:00,2.4973,2.5025,2.4806,2.4966,1306672.2,2025-06-23 11:59:59.999,3255036.11216,10599,648730.9,1616660.65782
2025-06-23 12:00:00,2.4965,2.5275,2.4751,2.5265,2334976.2,2025-06-23 12:59:59.999,5823840.15005,15441,1058131.4,2640142.10159
2025-06-23 13:00:00,2.5265,2.5655,2.4663,2.5531,6476088.9,2025-06-23 13:59:59.999,16385428.51184,48485,3465328.7,8772768.30665
2025-06-23 14:00:00,2.5533,2.5797,2.5067,2.5097,5442708.3,2025-06-23 14:59:59.999,13850224.25224,49496,2519272.1,6415975.29218
2025-06-23 15:00:00,2.5098,2.5269,2.4717,2.4764,2666166.9,2025-06-23 15:59:59.999,6660442.4557,25563,1252845.5,3131185.44257
2025-06-23 16:00:00,2.4765,2.4806,2.3925,2.4368,9395013.5,2025-06-23 16:59:59.999,22876422.61966,60544,4240726.3,10317554.40742
2025-06-23 17:00:00,2.437,2.5673,2.4274,2.5377,7368105.8,2025-06-23 17:59:59.999,18503656.28262,64512,3957017.1,9939494.12517
2025-06-23 18:00:00,2.5379,2.5908,2.5361,2.5822,5137495.3,2025-06-23 18:59:59.999,13207463.85629,45450,2725980.4,7006523.69539
2025-06-23 19:00:00,2.5822,2.6395,2.5817,2.6329,4848342.1,2025-06-23 19:59:59.999,12665821.10685,40736,2713706.3,7090706.04381
2025-06-23 20:00:00,2.6331,2.7395,2.6253,2.7137,8807135.2,2025-06-23 20:59:59.999,23792335.7401,69853,5262496.1,14212887.34102
2025-06-23 21:00:00,2.7137,2.729,2.6844,2.7003,3148228.6,2025-06-23 21:59:59.999,8520135.34657,27165,1818564.0,4922669.72234
2025-06-23 22:00:00,2.7002,2.8562,2.7002,2.824,11482301.4,2025-06-23 22:59:59.999,32220891.4929,101552,6428396.4,18027996.44238
2025-06-23 23:00:00,2.8241,2.8426,2.8039,2.8276,4535261.3,2025-06-23 23:59:59.999,12797401.70828,41194,2371793.1,6696160.15467
2025-06-24 00:00:00,2.8277,2.8449,2.7813,2.7997,4695710.3,2025-06-24 00:59:59.999,13164267.49815,37223,2290574.8,6419735.23735
2025-06-24 01:00:00,2.7997,2.8259,2.7889,2.8197,2095903.4,2025-06-24 01:59:59.999,5883712.88839,21265,969965.3,2723306.5965
2025-06-24 02:00:00,2.8195,2.8195,2.7578,2.7668,3815599.8,2025-06-24 02:59:59.999,10622091.35654,24048,1687946.8,4702732.2259
2025-06-24 03:00:00,2.7667,2.7913,2.766,2.7769,1623457.1,2025-06-24 03:59:59.999,4510217.03431,13379,1009051.9,2803011.69945
2025-06-24 04:00:00,2.7768,2.795,2.7754,2.7891,884919.8,2025-06-24 04:59:59.999,2464609.10336,10712,443523.5,1235148.31379
2025-06-24 05:00:00,2.7893,2.8798,2.7883,2.8766,4332088.9,2025-06-24 05:59:59.999,12291064.42367,35235,2251385.7,6386833.75188
2025-06-24 06:00:00,2.8766,2.9131,2.8502,2.8755,5395788.9,2025-06-24 06:59:59.999,15572753.91559,43296,2199945.6,6347416.60005
2025-06-24 07:00:00,2.8755,2.8756,2.7982,2.8042,5123707.0,2025-06-24 07:59:59.999,14533347.4053,45316,2486753.7,7055028.99851
2025-06-24 08:00:00,2.8041,2.8185,2.7712,2.7984,3503503.0,2025-06-24 08:59:59.999,9794572.92358,36845,1688341.2,4720166.03447
2025-06-24 09:00:00,2.7984,2.836,2.7853,2.7947,2332457.9,2025-06-24 09:59:59.999,6545774.53337,25571,1115401.3,3132257.70864
2025-06-24 10:00:00,2.795,2.802,2.7788,2.793,2650887.3,2025-06-24 10:59:59.999,7399808.95733,21549,1077854.8,3008706.0285
2025-06-24 11:00:00,2.793,2.8059,2.7727,2.8031,1809953.1,2025-06-24 11:59:59.999,5053906.38246,19666,754210.4,2106324.48975
2025-06-24 12:00:00,2.8032,2.8144,2.7841,2.7931,1265864.2,2025-06-24 12:59:59.999,3540693.34473,16755,759261.7,2124117.42948
2025-06-24 13:00:00,2.7931,2.7978,2.7503,2.7722,2472018.9,2025-06-24 13:59:59.999,6859767.99742,30688,1321605.4,3666029.38818
2025-06-24 14:00:00,2.7728,2.813,2.7718,2.7951,3830600.1,2025-06-24 14:59:59.999,10709863.94225,40606,1720132.3,4808440.50692
2025-06-24 15:00:00,2.7952,2.8078,2.7589,2.7686,1929871.0,2025-06-24 15:59:59.999,5361544.11281,24128,856117.1,2379725.73851
2025-06-24 16:00:00,2.7687,2.8297,2.7569,2.8263,2734135.0,2025-06-24 16:59:59.999,7635071.35422,24896,1571375.6,4392503.25972
2025-06-24 17:00:00,2.8262,2.8265,2.7648,2.7916,2169221.7,2025-06-24 17:59:59.999,6055309.15345,28141,1020116.7,2849001.22208
2025-06-24 18:00:00,2.7918,2.7977,2.76,2.7613,1279182.4,2025-06-24 18:59:59.999,3546053.93151,17083,522205.5,1447633.24496
2025-06-24 19:00:00,2.7613,2.773,2.7331,2.7607,1750441.2,2025-06-24 19:59:59.999,4819795.52368,18375,766948.4,2112716.09347
2025-06-24 20:00:00,2.7605,2.7972,2.7504,2.795,1870191.3,2025-06-24 20:59:59.999,5198136.63983,16059,941420.3,2612929.65533
2025-06-24 21:00:00,2.7953,2.7984,2.7744,2.7962,1620797.8,2025-06-24 21:59:59.999,4521126.22664,13049,573940.7,1599628.39128
2025-06-24 22:00:00,2.7961,2.7961,2.7726,2.7872,1185961.1,2025-06-24 22:59:59.999,3297952.52925,12421,432839.6,1204289.38349
2025-06-24 23:00:00,2.7871,2.7984,2.7681,2.7984,599018.3,2025-06-24 23:59:59.999,1666375.56349,9972,336647.3,936873.00746
2025-06-25 00:00:00,2.7984,2.8143,2.78,2.8136,1141670.1,2025-06-25 00:59:59.999,3193421.98089,14161,597121.1,1670697.28179
2025-06-25 01:00:00,2.8135,2.8171,2.7884,2.8099,909224.2,2025-06-25 01:59:59.999,2548729.91536,12543,472095.7,1323470.32557
2025-06-25 02:00:00,2.81,2.8332,2.8008,2.8072,1532503.4,2025-06-25 02:59:59.999,4315627.50784,19713,845934.6,2382375.15816
2025-06-25 03:00:00,2.8071,2.8197,2.7928,2.7942,925186.6,2025-06-25 03:59:59.999,2596703.93217,11636,419690.4,1177676.41271
2025-06-25 04:00:00,2.7943,2.8222,2.7859,2.8078,1568611.1,2025-06-25 04:59:59.999,4398626.59779,12150,797727.2,2237597.90219
2025-06-25 05:00:00,2.8079,2.8116,2.7549,2.7764,4285966.7,2025-06-25 05:59:59.999,11895321.35219,20808,2060667.9,5716931.379
2025-06-25 06:00:00,2.7763,2.8052,2.769,2.7989,2079919.9,2025-06-25 06:59:59.999,5807329.38718,14362,1261088.8,3522450.85053
2025-06-25 07:00:00,2.7989,2.8194,2.7918,2.8136,1131515.7,2025-06-25 07:59:59.999,3178315.23049,11235,526726.6,1479688.63572
2025-06-25 08:00:00,2.8138,2.8154,2.7599,2.7907,5970216.6,2025-06-25 08:59:59.999,16608038.01803,29423,3186808.2,8856081.22409
2025-06-25 09:00:00,2.7907,2.8073,2.766,2.7797,2431776.7,2025-06-25 09:59:59.999,6787287.0434,19810,1253394.2,3498889.03979
2025-06-25 10:00:00,2.7794,2.7919,2.7649,2.7819,1088869.7,2025-06-25 10:59:59.999,3026059.96696,12433,484530.1,1346406.5699
2025-06-25 11:00:00,2.7819,2.7952,2.7624,2.7931,1134200.3,2025-06-25 11:59:59.999,3152395.8434,10476,570131.3,1585234.53703
2025-06-25 12:00:00,2.7932,2.7935,2.7676,2.7855,766757.2,2025-06-25 12:59:59.999,2131405.00948,9028,355707.4,988694.53012
2025-06-25 13:00:00,2.7857,2.8449,2.7811,2.8312,3989423.1,2025-06-25 13:59:59.999,11253807.09651,28047,2150361.3,6068361.17717
2025-06-25 14:00:00,2.8313,2.8432,2.7636,2.812,5091486.7,2025-06-25 14:59:59.999,14263661.86834,42529,2551584.0,7153431.42196
2025-06-25 15:00:00,2.8121,2.8133,2.7423,2.7523,2790651.1,2025-06-25 15:59:59.999,7732935.4199,27124,1234520.1,3420625.99414
2025-06-25 16:00:00,2.7524,2.7734,2.7026,2.7297,3816492.2,2025-06-25 16:59:59.999,10460042.86821,25569,1567369.6,4296492.08922
2025-06-25 17:00:00,2.7296,2.7759,2.7292,2.7535,1356936.4,2025-06-25 17:59:59.999,3736093.76124,17730,628633.0,1731098.72456
2025-06-25 18:00:00,2.7534,2.756,2.7369,2.7438,760364.9,2025-06-25 18:59:59.999,2089044.22274,10890,358899.4,986185.72281
2025-06-25 19:00:00,2.7439,2.7834,2.7433,2.7679,1430943.9,2025-06-25 19:59:59.999,3957519.08639,14106,753365.2,2084115.56984
2025-06-25 20:00:00,2.768,2.7882,2.7578,2.7859,809353.4,2025-06-25 20:59:59.999,2245425.92111,10011,467246.3,1296454.07097
2025-06-25 21:00:00,2.7858,2.8062,2.7545,2.7632,1886388.7,2025-06-25 21:59:59.999,5249424.63948,13507,901804.8,2509283.24348
2025-06-25 22:00:00,2.7631,2.7633,2.7203,2.7238,1563156.5,2025-06-25 22:59:59.999,4282915.56893,14104,804374.5,2204259.38446
2025-06-25 23:00:00,2.7237,2.7328,2.7083,2.7316,1552065.7,2025-06-25 23:59:59.999,4222891.07599,13378,660011.3,1796654.41834
2025-06-26 00:00:00,2.732,2.7499,2.7106,2.7191,2365737.6,2025-06-26 00:59:59.999,6452400.50934,17606,1114076.4,3038542.15043
2025-06-26 01:00:00,2.719,2.78,2.7024,2.75,3019742.6,2025-06-26 01:59:59.999,8266718.27886,33251,1611819.6,4409621.185
2025-06-26 02:00:00,2.7501,2.7851,2.7463,2.7831,1851188.9,2025-06-26 02:59:59.999,5121493.99682,17966,1002656.3,2774218.58521
2025-06-26 03:00:00,2.7831,2.8053,2.7262,2.7409,3461792.5,2025-06-26 03:59:59.999,9589472.82725,27935,1958283.2,5429018.43491
2025-06-26 04:00:00,2.741,2.7445,2.7082,2.7222,1823405.4,2025-06-26 04:59:59.999,4966347.18815,13170,1086681.1,2959881.1682
2025-06-26 05:00:00,2.7223,2.7225,2.704,2.7119,1168349.9,2025-06-26 05:59:59.999,3168232.25939,11140,648992.3,1759886.37949
2025-06-26 06:00:00,2.7118,2.7321,2.705,2.725,1295361.1,2025-06-26 06:59:59.999,3525139.96642,11056,831804.6,2263814.03271
2025-06-26 07:00:00,2.725,2.7433,2.7153,2.7159,1985586.7,2025-06-26 07:59:59.999,5421827.73317,15924,964217.9,2634323.94159
2025-06-26 08:00:00,2.7159,2.7364,2.6899,2.7003,2652809.3,2025-06-26 08:59:59.999,7190508.98568,15706,1383083.5,3749503.24706
2025-06-26 09:00:00,2.7003,2.705,2.6578,2.6803,3237565.9,2025-06-26 09:59:59.999,8686866.90949,19319,1489373.2,3998984.51435
2025-06-26 10:00:00,2.6802,2.6897,2.6693,2.6714,1356159.3,2025-06-26 10:59:59.999,3635108.45521,9838,671084.8,1799194.81065
2025-06-26 11:00:00,2.6711,2.6747,2.6589,2.6626,1309961.4,2025-06-26 11:59:59.999,3494146.35938,10934,645892.8,1722935.23955
2025-06-26 12:00:00,2.6626,2.6665,2.6225,2.6241,2740500.3,2025-06-26 12:59:59.999,7242919.60795,23796,1548934.7,4093408.74543
2025-06-26 13:00:00,2.624,2.6467,2.6188,2.6312,3618625.8,2025-06-26 13:59:59.999,9513889.01361,25770,1663640.3,4373623.47067
2025-06-26 14:00:00,2.6312,2.6654,2.6138,2.6414,5464032.7,2025-06-26 14:59:59.999,14397049.72318,28678,3053304.0,8040358.76892
2025-06-26 15:00:00,2.6414,2.6523,2.6126,2.6356,2244111.1,2025-06-26 15:59:59.999,5902312.30217,20495,1200022.8,3156990.21733
2025-06-26 16:00:00,2.6355,2.6384,2.5968,2.6086,1440634.8,2025-06-26 16:59:59.999,3759594.18499,14567,651396.7,1700729.06433
2025-06-26 17:00:00,2.6088,2.635,2.6072,2.6135,2108275.2,2025-06-26 17:59:59.999,5524952.42705,12711,1030109.5,2700914.36358
2025-06-26 18:00:00,2.6135,2.626,2.5854,2.5955,1462040.0,2025-06-26 18:59:59.999,3808299.58919,14725,571137.5,1487920.91835
2025-06-26 19:00:00,2.5956,2.6181,2.5909,2.6095,1423507.9,2025-06-26 19:59:59.999,3713464.24955,13331,615316.9,1605102.19527
2025-06-26 20:00:00,2.6093,2.662,2.604,2.6338,2869076.7,2025-06-26 20:59:59.999,7564170.98565,20533,1734134.8,4573580.7715
2025-06-26 21:00:00,2.6338,2.6361,2.5501,2.6098,3578517.3,2025-06-26 21:59:59.999,9279985.99531,20441,1226088.1,3187614.54652
2025-06-26 22:00:00,2.6098,2.6272,2.5946,2.5978,1042970.3,2025-06-26 22:59:59.999,2725017.24024,10983,508751.2,1329214.987
2025-06-26 23:00:00,2.5978,2.6062,2.5923,2.6012,1239405.9,2025-06-26 23:59:59.999,3221105.67824,10036,541739.6,1408230.84481
2025-06-27 00:00:00,2.6013,2.6188,2.5845,2.5938,1249017.6,2025-06-27 00:59:59.999,3251213.84021,12033,657724.2,1713234.96893
2025-06-27 01:00:00,2.5938,2.6408,2.5806,2.6304,1863802.2,2025-06-27 01:59:59.999,4877003.87489,17272,879194.2,2300390.3674
2025-06-27 02:00:00,2.6305,2.6489,2.6234,2.646,1401692.5,2025-06-27 02:59:59.999,3698913.05415,12186,640885.9,1691043.33125
2025-06-27 03:00:00,2.6461,2.6511,2.6333,2.6383,1211915.7,2025-06-27 03:59:59.999,3205422.60314,9991,697998.2,1846595.82363
2025-06-27 04:00:00,2.6384,2.6392,2.6188,2.6273,1913998.0,2025-06-27 04:59:59.999,5032395.57224,9534,847849.8,2229264.99979
2025-06-27 05:00:00,2.6274,2.6585,2.6191,2.6211,1370961.7,2025-06-27 05:59:59.999,3614235.8376,12416,808642.5,2132324.19978
2025-06-27 06:00:00,2.6213,2.6493,2.6202,2.637,1018452.0,2025-06-27 06:59:59.999,2687800.67735,10339,464710.7,1226355.31559
2025-06-27 07:00:00,2.6369,2.6575,2.6131,2.6209,1637711.4,2025-06-27 07:59:59.999,4320522.13792,13895,836850.8,2209538.73094
2025-06-27 08:00:00,2.621,2.6787,2.621,2.6684,1676063.2,2025-06-27 08:59:59.999,4446088.47658,15781,955467.9,2534111.35991
2025-06-27 09:00:00,2.6685,2.6709,2.6417,2.6551,1687271.1,2025-06-27 09:59:59.999,4474649.19348,13382,796152.2,2111361.71829
2025-06-27 10:00:00,2.6551,2.6594,2.6411,2.644,1168148.1,2025-06-27 10:59:59.999,3094513.70363,11035,610048.1,1616146.58384
2025-06-27 11:00:00,2.6441,2.6615,2.6428,2.6599,514543.5,2025-06-27 11:59:59.999,1365400.09739,8175,261619.0,694261.33785
2025-06-27 12:00:00,2.66,2.6729,2.6273,2.6338,2204838.0,2025-06-27 12:59:59.999,5844314.6411,16173,1361574.5,3610897.49221
2025-06-27 13:00:00,2.6337,2.6752,2.6311,2.674,2303039.2,2025-06-27 13:59:59.999,6117014.8132,16995,1476938.8,3924340.06048
2025-06-27 14:00:00,2.6742,2.7072,2.6705,2.6771,3498214.7,2025-06-27 14:59:59.999,9402096.83653,26672,1690225.9,4544041.09235
2025-06-27 15:00:00,2.677,2.7489,2.6706,2.7413,11972686.0,2025-06-27 15:59:59.999,32449867.14055,52738,6112905.9,16579826.3742
2025-06-27 16:00:00,2.7414,2.7958,2.7231,2.7881,5995756.3,2025-06-27 16:59:59.999,16612897.54329,42294,2652665.4,7347360.88303
2025-06-27 17:00:00,2.7881,2.7935,2.686,2.7259,6013620.3,2025-06-27 17:59:59.999,16464120.35376,41322,2378812.0,6512032.75056
2025-06-27 18:00:00,2.7258,2.7303,2.6857,2.7033,1339884.7,2025-06-27 18:59:59.999,3620424.28232,18559,706726.7,1908991.55534
2025-06-27 19:00:00,2.7034,2.7255,2.6943,2.7037,1952790.1,2025-06-27 19:59:59.999,5295795.87804,18011,923228.1,2505876.70742
2025-06-27 20:00:00,2.7035,2.7237,2.6946,2.7139,1600959.0,2025-06-27 20:59:59.999,4338258.67311,15700,686742.9,1862333.75439
2025-06-27 21:00:00,2.7139,2.738,2.7096,2.7273,1831677.6,2025-06-27 21:59:59.999,4989305.59827,11946,734978.1,2001464.82727
2025-06-27 22:00:00,2.7276,2.737,2.7109,2.7151,739901.0,2025-06-27 22:59:59.999,2015033.28727,9375,323591.0,881332.9855
2025-06-27 23:00:00,2.715,2.7279,2.689,2.7213,970630.9,2025-06-27 23:59:59.999,2625861.36171,9884,537508.3,1454391.0748
2025-06-28 00:00:00,2.7214,2.7236,2.6991,2.7006,989880.3,2025-06-28 00:59:59.999,2679184.42979,9831,488184.9,1321028.01701
2025-06-28 01:00:00,2.7006,2.7062,2.6794,2.703,886032.3,2025-06-28 01:59:59.999,2386667.15867,10192,419933.1,1131602.24468
2025-06-28 02:00:00,2.703,2.711,2.6937,2.6938,972324.1,2025-06-28 02:59:59.999,2627485.49432,8550,590103.2,1594987.18048
2025-06-28 03:00:00,2.6938,2.7027,2.6872,2.6999,531371.4,2025-06-28 03:59:59.999,1432677.83965,6874,277432.4,748010.493
2025-06-28 04:00:00,2.7,2.7016,2.6839,2.6899,736682.9,2025-06-28 04:59:59.999,1982500.78577,7735,449529.5,1209942.33957
2025-06-28 05:00:00,2.6898,2.7192,2.6897,2.7138,960195.1,2025-06-28 05:59:59.999,2602537.26147,10987,522552.0,1416216.2877
2025-06-28 06:00:00,2.7139,2.7217,2.6994,2.7054,628142.3,2025-06-28 06:59:59.999,1702900.54755,6614,264833.2,717713.54282
2025-06-28 07:00:00,2.7056,2.726,2.6963,2.7236,1026900.5,2025-06-28 07:59:59.999,2782769.14911,10199,581496.6,1576234.45674
2025-06-28 08:00:00,2.7236,2.73,2.7133,2.725,1390496.5,2025-06-28 08:59:59.999,3784798.66018,11162,745580.0,2029695.53324
2025-06-28 09:00:00,2.7249,2.7381,2.7159,2.7306,739143.5,2025-06-28 09:59:59.999,2015746.71544,7932,379719.4,1035738.29208
2025-06-28 10:00:00,2.7308,2.7358,2.7233,2.7258,391400.2,2025-06-28 10:59:59.999,1068239.87287,5894,177122.5,483488.03496
2025-06-28 11:00:00,2.7258,2.732,2.7176,2.7176,577001.5,2025-06-28 11:59:59.999,1570824.22888,5683,278855.5,759306.52543
2025-06-28 12:00:00,2.7177,2.746,2.717,2.7356,2028462.3,2025-06-28 12:59:59.999,5545688.81693,16547,1071243.1,2927667.7242
2025-06-28 13:00:00,2.7357,2.7444,2.7217,2.7328,1183417.9,2025-06-28 13:59:59.999,3232462.38122,10307,511015.7,1395537.06767
2025-06-28 14:00:00,2.7328,2.7435,2.7275,2.7422,594939.9,2025-06-28 14:59:59.999,1627437.39699,6300,265605.5,726528.63624
2025-06-28 15:00:00,2.7422,2.7617,2.7415,2.7603,1069968.0,2025-06-28 15:59:59.999,2941479.05071,9521,557866.8,1533724.81994
2025-06-28 16:00:00,2.7603,2.77,2.7446,2.7492,1534197.3,2025-06-28 16:59:59.999,4232400.4605,14151,825285.1,2277838.24677
2025-06-28 17:00:00,2.7492,2.7944,2.7465,2.7849,1029407.6,2025-06-28 17:59:59.999,2849939.98812,11164,614727.1,1701701.16112
2025-06-28 18:00:00,2.7852,2.7878,2.7616,2.7711,1005533.7,2025-06-28 18:59:59.999,2790459.87216,10147,504039.6,1399005.11372
2025-06-28 19:00:00,2.7711,2.7801,2.7627,2.765,663641.2,2025-06-28 19:59:59.999,1838861.69654,6229,213587.3,591794.17473
2025-06-28 20:00:00,2.7653,2.7696,2.7519,2.7621,1524774.6,2025-06-28 20:59:59.999,4208720.25751,8556,704679.7,1946316.15859
2025-06-28 21:00:00,2.762,2.804,2.7602,2.8003,1376906.3,2025-06-28 21:59:59.999,3832825.60538,8902,983793.0,2738791.10889
2025-06-28 22:00:00,2.8003,2.833,2.7918,2.8245,1813449.6,2025-06-28 22:59:59.999,5103453.03807,17676,1130492.3,3181949.4103
2025-06-28 23:00:00,2.8245,2.8439,2.7996,2.8018,2774303.5,2025-06-28 23:59:59.999,7815337.53541,17820,1463510.5,4123178.80209
2025-06-29 00:00:00,2.8017,2.8236,2.7965,2.8123,2278083.8,2025-06-29 00:59:59.999,6399582.02975,12874,882421.6,2480530.05836
2025-06-29 01:00:00,2.8121,2.8152,2.79,2.795,803274.7,2025-06-29 01:59:59.999,2249818.4716,7792,303299.9,849681.81367
2025-06-29 02:00:00,2.795,2.8012,2.7855,2.787,860285.0,2025-06-29 02:59:59.999,2401271.49562,9899,409302.0,1142528.23661
2025-06-29 03:00:00,2.7869,2.7937,2.7689,2.7713,938415.1,2025-06-29 03:59:59.999,2609376.87436,9002,422598.5,1175579.28966
2025-06-29 04:00:00,2.7713,2.7797,2.7686,2.7769,411273.1,2025-06-29 04:59:59.999,1141383.41016,4465,193062.7,535765.8494
2025-06-29 05:00:00,2.7768,2.7819,2.7687,2.7815,434241.9,2025-06-29 05:59:59.999,1205206.57758,4478,211250.2,586385.49871
2025-06-29 06:00:00,2.7815,2.7992,2.7815,2.7927,778754.7,2025-06-29 06:59:59.999,2172847.68096,6388,494260.4,1379032.98319
2025-06-29 07:00:00,2.7928,2.7971,2.7829,2.7971,460258.2,2025-06-29 07:59:59.999,1284856.328,5641,217431.5,606971.90992
2025-06-29 08:00:00,2.7971,2.8183,2.7876,2.8183,1126589.6,2025-06-29 08:59:59.999,3158819.42425,10256,667985.6,1873082.79473
2025-06-29 09:00:00,2.8182,2.839,2.8115,2.8236,1554070.4,2025-06-29 09:59:59.999,4394347.67474,13091,845732.4,2391235.68662
2025-06-29 10:00:00,2.8236,2.8357,2.8148,2.8264,1478720.4,2025-06-29 10:59:59.999,4177355.24526,11786,538894.2,1522702.69242
2025-06-29 11:00:00,2.8266,2.8343,2.8184,2.8219,1031099.0,2025-06-29 11:59:59.999,2912503.26424,8965,396206.9,1119693.99768
2025-06-29 12:00:00,2.8218,2.8242,2.8045,2.8145,860541.2,2025-06-29 12:59:59.999,2420099.02756,8990,362437.7,1019605.72294
2025-06-29 13:00:00,2.8146,2.822,2.7965,2.7987,1076847.6,2025-06-29 13:59:59.999,3021267.94921,10118,481747.7,1351743.21406
2025-06-29 14:00:00,2.7986,2.8209,2.7983,2.8107,1327438.1,2025-06-29 14:59:59.999,3729126.8215,11477,742241.2,2085013.40001
2025-06-29 15:00:00,2.8106,2.8261,2.8034,2.811,1357615.2,2025-06-29 15:59:59.999,3820847.73965,12489,780123.2,2195613.62714
2025-06-29 16:00:00,2.811,2.8281,2.8047,2.827,863221.8,2025-06-29 16:59:59.999,2427891.86152,10790,361639.1,1017409.72269
2025-06-29 17:00:00,2.8272,2.8316,2.7883,2.7972,1097378.7,2025-06-29 17:59:59.999,3081497.36756,11027,453058.0,1272534.08725
2025-06-29 18:00:00,2.7971,2.828,2.7896,2.8221,938082.1,2025-06-29 18:59:59.999,2635596.32014,8969,581964.8,1635712.45425
2025-06-29 19:00:00,2.8224,2.8276,2.7997,2.8018,1920461.8,2025-06-29 19:59:59.999,5397726.30228,12500,686835.6,1931453.28383
2025-06-29 20:00:00,2.8018,2.8051,2.785,2.7906,1311627.5,2025-06-29 20:59:59.999,3665390.8806,9327,435597.9,1217416.08461
2025-06-29 21:00:00,2.7908,2.8232,2.7774,2.8127,1081817.3,2025-06-29 21:59:59.999,3028044.32606,9111,559301.1,1567170.33319
2025-06-29 22:00:00,2.8127,2.9278,2.811,2.9096,5958822.7,2025-06-29 22:59:59.999,17166898.33805,57678,3366967.1,9691329.43532
2025-06-29 23:00:00,2.9097,2.9236,2.8957,2.8997,2722370.0,2025-06-29 23:59:59.999,7927487.82756,24830,1176288.6,3426112.24279
2025-06-30 00:00:00,2.8997,2.9106,2.8803,2.8809,1768152.2,2025-06-30 00:59:59.999,5116063.5749,20097,846090.8,2447569.70715
2025-06-30 01:00:00,2.881,2.8823,2.8484,2.8536,2269818.0,2025-06-30 01:59:59.999,6490538.53555,18721,1340301.9,3833187.22483
2025-06-30 02:00:00,2.8531,2.8677,2.8431,2.8451,828164.0,2025-06-30 02:59:59.999,2366068.05514,10790,407593.5,1164610.5147
2025-06-30 03:00:00,2.8452,2.8489,2.8287,2.8387,866340.5,2025-06-30 03:59:59.999,2458724.03983,9774,370922.9,1052798.09608
2025-06-30 04:00:00,2.8388,2.8436,2.8189,2.8229,896186.4,2025-06-30 04:59:59.999,2537050.79671,9646,417159.0,1181417.17818
2025-06-30 05:00:00,2.8229,2.834,2.8103,2.834,1351740.0,2025-06-30 05:59:59.999,3815912.70207,8876,796984.0,2250039.79766
2025-06-30 06:00:00,2.8334,2.8371,2.7845,2.7969,2104016.7,2025-06-30 06:59:59.999,5924303.84992,18499,846825.2,2384502.98109
2025-06-30 07:00:00,2.7968,2.8253,2.7906,2.8108,1217413.0,2025-06-30 07:59:59.999,3422360.03816,11753,738456.9,2076471.83524
2025-06-30 08:00:00,2.8107,2.8165,2.778,2.7823,1184818.2,2025-06-30 08:59:59.999,3308459.81535,12289,427004.7,1192287.20941
2025-06-30 09:00:00,2.7821,2.7979,2.7794,2.7799,873553.3,2025-06-30 09:59:59.999,2437100.26006,10380,440834.6,1230044.22129
2025-06-30 10:00:00,2.7798,2.7862,2.7618,2.7763,1673108.5,2025-06-30 10:59:59.999,4640209.55176,12905,788109.5,2186457.58298
2025-06-30 11:00:00,2.7762,2.7887,2.7684,2.7702,1019587.5,2025-06-30 11:59:59.999,2834980.79922,11312,434340.2,1207826.96512
2025-06-30 12:00:00,2.7702,2.7779,2.7442,2.7523,1286440.7,2025-06-30 12:59:59.999,3551913.73521,12958,515897.2,1424319.84129
2025-06-30 13:00:00,2.7522,2.7867,2.7506,2.7563,1326336.8,2025-06-30 13:59:59.999,3672994.31496,17305,730743.4,2023581.67157
2025-06-30 14:00:00,2.7563,2.78,2.7425,2.7534,1849068.2,2025-06-30 14:59:59.999,5108423.14493,21169,811891.2,2243036.03842
2025-06-30 15:00:00,2.7536,2.8208,2.7363,2.7927,3653567.4,2025-06-30 15:59:59.999,10154462.59876,34682,2001652.3,5558628.49462
2025-06-30 16:00:00,2.7928,2.8224,2.7855,2.8171,1863211.1,2025-06-30 16:59:59.999,5222203.26203,20856,893735.2,2504156.48593
2025-06-30 17:00:00,2.8171,2.8365,2.8054,2.8072,2527585.1,2025-06-30 17:59:59.999,7140428.95392,20586,752472.7,2123445.82982
2025-06-30 18:00:00,2.8071,2.8193,2.7864,2.7938,925948.5,2025-06-30 18:59:59.999,2593254.86349,13408,437344.0,1225158.21374
2025-06-30 19:00:00,2.7937,2.827,2.7924,2.824,1356368.1,2025-06-30 19:59:59.999,3814503.76496,17670,656257.2,1845679.26676
2025-06-30 20:00:00,2.8237,2.8251,2.7998,2.803,991759.0,2025-06-30 20:59:59.999,2787275.15088,11761,383426.1,1077130.16891
2025-06-30 21:00:00,2.8029,2.8076,2.773,2.7823,710061.1,2025-06-30 21:59:59.999,1982240.31478,9379,313748.3,876141.96066
2025-06-30 22:00:00,2.7823,2.7929,2.774,2.7814,921050.7,2025-06-30 22:59:59.999,2561845.29662,13680,431273.1,1199660.40686
2025-06-30 23:00:00,2.7816,2.7917,2.7738,2.7769,823715.7,2025-06-30 23:59:59.999,2290236.92438,9216,491982.3,1367892.50621
2025-07-01 00:00:00,2.777,2.7988,2.7644,2.7787,981339.4,2025-07-01 00:59:59.999,2725524.32234,13255,509365.4,1414907.5343
2025-07-01 01:00:00,2.7788,2.7975,2.7718,2.774,730625.2,2025-07-01 01:59:59.999,2034453.81391,10497,391389.2,1090419.16363
2025-07-01 02:00:00,2.774,2.7836,2.7683,2.7723,703801.4,2025-07-01 02:59:59.999,1954756.61415,9389,356109.1,989377.265
2025-07-01 03:00:00,2.7723,2.8021,2.7669,2.8004,802690.1,2025-07-01 03:59:59.999,2237244.72163,10176,395429.3,1102099.79781
2025-07-01 04:00:00,2.8005,2.8017,2.7799,2.7821,647038.7,2025-07-01 04:59:59.999,1804909.22191,8981,268699.9,749599.13777
2025-07-01 05:00:00,2.7822,2.7927,2.7664,2.7873,810931.0,2025-07-01 05:59:59.999,2252482.52397,12271,368008.5,1022329.56594
2025-07-01 06:00:00,2.7872,2.8085,2.7782,2.8077,1030608.6,2025-07-01 06:59:59.999,2879297.60017,11762,595647.4,1664577.96426
2025-07-01 07:00:00,2.8077,2.8131,2.7837,2.8037,935829.0,2025-07-01 07:59:59.999,2618310.94819,13757,434567.7,1215768.67022
2025-07-01 08:00:00,2.8037,2.8042,2.7677,2.7728,788896.7,2025-07-01 08:59:59.999,2195271.17792,10793,340234.0,946572.26521
2025-07-01 09:00:00,2.7728,2.778,2.7049,2.7343,2843763.0,2025-07-01 09:59:59.999,7773347.69103,23364,979044.1,2677068.92826
2025-07-01 10:00:00,2.7343,2.7358,2.7145,2.7225,1238233.7,2025-07-01 10:59:59.999,3374951.5519,13171,501808.6,1367962.80919
2025-07-01 11:00:00,2.7225,2.7243,2.7052,2.7169,782681.2,2025-07-01 11:59:59.999,2123493.68576,10098,342002.4,927991.16363
2025-07-01 12:00:00,2.717,2.7214,2.6894,2.6982,1380281.7,2025-07-01 12:59:59.999,3726450.28372,14671,527342.9,1423905.23796
2025-07-01 13:00:00,2.6982,2.7179,2.6851,2.7101,1259564.5,2025-07-01 13:59:59.999,3398999.52662,17318,655629.0,1769803.74769
2025-07-01 14:00:00,2.7101,2.7273,2.6686,2.6948,2316580.2,2025-07-01 14:59:59.999,6240087.03493,27079,1113658.9,3000224.50941
2025-07-01 15:00:00,2.6948,2.7048,2.6788,2.692,874996.6,2025-07-01 15:59:59.999,2353044.92116,13680,393023.2,1057108.12943
2025-07-01 16:00:00,2.6919,2.7038,2.6867,2.6968,551116.5,2025-07-01 16:59:59.999,1485310.51874,10201,267872.5,721895.4472
2025-07-01 17:00:00,2.6969,2.7026,2.6855,2.6967,391762.9,2025-07-01 17:59:59.999,1055636.39818,7909,159134.9,428829.95568
2025-07-01 18:00:00,2.6968,2.6975,2.6602,2.6674,1111487.2,2025-07-01 18:59:59.999,2974924.58327,12830,489039.8,1308967.30962
2025-07-01 19:00:00,2.6673,2.6902,2.6614,2.6747,759997.0,2025-07-01 19:59:59.999,2035764.18166,11514,337072.2,903106.85528
2025-07-01 20:00:00,2.6747,2.6939,2.6689,2.689,733182.0,2025-07-01 20:59:59.999,1967517.38488,9323,346806.7,930767.19929
2025-07-01 21:00:00,2.6889,2.6996,2.6771,2.6875,467105.4,2025-07-01 21:59:59.999,1255361.1862,6865,220237.3,592014.45339
2025-07-01 22:00:00,2.6873,2.6882,2.6706,2.6729,558843.4,2025-07-01 22:59:59.999,1497380.6391,7907,233665.9,626036.33139
2025-07-01 23:00:00,2.6728,2.6749,2.6594,2.672,818961.6,2025-07-01 23:59:59.999,2185120.03845,8790,410742.4,1095896.59199
2025-07-02 00:00:00,2.6721,2.6866,2.6683,2.6698,619568.1,2025-07-02 00:59:59.999,1658452.9774,8248,228267.0,610935.60606
2025-07-02 01:00:00,2.6699,2.6953,2.6485,2.6926,1256875.6,2025-07-02 01:59:59.999,3357705.4306,13582,621585.4,1661790.51652
2025-07-02 02:00:00,2.6926,2.6978,2.6769,2.6923,599493.4,2025-07-02 02:59:59.999,1610519.94085,8532,272671.1,732701.04854
2025-07-02 03:00:00,2.6926,2.7077,2.684,2.6879,1010769.9,2025-07-02 03:59:59.999,2724218.08961,11228,464923.9,1253373.22033
2025-07-02 04:00:00,2.6879,2.7027,2.679,2.7008,573301.6,2025-07-02 04:59:59.999,1541519.07442,8746,262344.2,705541.10411
2025-07-02 05:00:00,2.7008,2.7075,2.69,2.7044,865268.0,2025-07-02 05:59:59.999,2335436.239,10530,413331.6,1115673.88582
2025-07-02 06:00:00,2.7044,2.7332,2.7043,2.732,1643795.0,2025-07-02 06:59:59.999,4471049.5517,16569,781577.8,2124735.36133
2025-07-02 07:00:00,2.7321,2.7348,2.7142,2.7247,759522.5,2025-07-02 07:59:59.999,2070472.65051,11913,296429.2,808071.12281
2025-07-02 08:00:00,2.7247,2.746,2.7247,2.745,1237444.0,2025-07-02 08:59:59.999,3387289.29701,12440,682836.1,1869497.66776
2025-07-02 09:00:00,2.745,2.7488,2.7303,2.7413,670543.9,2025-07-02 09:59:59.999,1836597.77776,8046,315183.4,863334.59888
2025-07-02 10:00:00,2.7414,2.7739,2.736,2.7709,1143332.2,2025-07-02 10:59:59.999,3150715.95161,9689,626838.0,1727350.56047
2025-07-02 11:00:00,2.771,2.7742,2.7418,2.747,946211.5,2025-07-02 11:59:59.999,2608863.35811,10649,432002.3,1191368.64221
2025-07-02 12:00:00,2.747,2.7475,2.7238,2.7405,900683.0,2025-07-02 12:59:59.999,2462191.81044,10062,418073.4,1143231.99028
2025-07-02 13:00:00,2.7405,2.7959,2.7388,2.7884,1519704.3,2025-07-02 13:59:59.999,4207650.33224,20578,824941.4,2283506.62276
2025-07-02 14:00:00,2.7882,2.8192,2.7823,2.8162,2187340.4,2025-07-02 14:59:59.999,6125708.14195,22830,1372133.0,3843585.27902
2025-07-02 15:00:00,2.8163,2.8326,2.8041,2.8259,2037890.5,2025-07-02 15:59:59.999,5748027.53298,22277,1122223.1,3165382.52622
2025-07-02 16:00:00,2.8259,2.95,2.8202,2.9272,9330062.2,2025-07-02 16:59:59.999,26982459.4503,77596,5194339.3,15021886.87183
2025-07-02 17:00:00,2.9275,2.9453,2.88,2.9015,5172353.9,2025-07-02 17:59:59.999,15078729.23183,45923,2493391.9,7273331.5719
2025-07-02 18:00:00,2.9017,2.9361,2.9017,2.933,2451253.3,2025-07-02 18:59:59.999,7156687.65636,23155,1386881.3,4048209.41796
2025-07-02 19:00:00,2.9331,2.9349,2.9008,2.9334,2606078.7,2025-07-02 19:59:59.999,7613331.07152,22152,992083.9,2898825.55486
2025-07-02 20:00:00,2.9333,2.9576,2.9246,2.9327,2108901.8,2025-07-02 20:59:59.999,6198885.57543,18977,1122179.0,3299434.30736
2025-07-02 21:00:00,2.9325,2.9564,2.9306,2.9489,1219442.4,2025-07-02 21:59:59.999,3587438.36106,11030,539441.9,1587031.77278
2025-07-02 22:00:00,2.9488,2.9615,2.9297,2.9298,1091146.6,2025-07-02 22:59:59.999,3214382.98538,11418,406633.9,1198503.99565
2025-07-02 23:00:00,2.9298,2.932,2.8926,2.8986,2089251.3,2025-07-02 23:59:59.999,6080499.01429,16767,981868.5,2858230.52795
2025-07-03 00:00:00,2.8986,2.9165,2.8792,2.8934,1516823.5,2025-07-03 00:59:59.999,4396338.56899,17191,828589.2,2403912.96854
2025-07-03 01:00:00,2.8933,2.9168,2.8845,2.9139,843311.9,2025-07-03 01:59:59.999,2448772.2136,12626,525238.2,1525230.93013
2025-07-03 02:00:00,2.9139,2.9151,2.8826,2.897,738229.1,2025-07-03 02:59:59.999,2136702.14298,11287,280895.8,812613.61595
2025-07-03 03:00:00,2.897,2.8991,2.874,2.8742,655801.1,2025-07-03 03:59:59.999,1892083.82218,9489,257941.7,744265.77694
2025-07-03 04:00:00,2.8742,2.9032,2.872,2.9028,727828.1,2025-07-03 04:59:59.999,2100633.01307,11119,396635.0,1144577.83177
2025-07-03 05:00:00,2.9029,2.9811,2.9027,2.9789,3626384.7,2025-07-03 05:59:59.999,10688236.85135,31282,2088125.8,6152715.66371
2025-07-03 06:00:00,2.9792,3.0382,2.9632,3.0338,4227807.0,2025-07-03 06:59:59.999,12697165.52273,36173,2348654.2,7055734.28514
2025-07-03 07:00:00,3.0337,3.0559,3.0212,3.0311,5002971.4,2025-07-03 07:59:59.999,15196080.08484,40523,2594598.6,7880686.63306
2025-07-03 08:00:00,3.0312,3.0897,3.0312,3.0548,3101911.1,2025-07-03 08:59:59.999,9500144.14517,26975,1548152.3,4739387.59118
2025-07-03 09:00:00,3.0547,3.0748,3.0311,3.0524,2612949.7,2025-07-03 09:59:59.999,7972211.03703,24750,1147616.9,3502450.07273
2025-07-03 10:00:00,3.0526,3.0566,2.9665,3.0344,3356937.8,2025-07-03 10:59:59.999,10146342.08783,25211,1407245.6,4260966.00572
2025-07-03 11:00:00,3.0345,3.0365,3.0098,3.0153,1162034.1,2025-07-03 11:59:59.999,3511662.84873,15047,594668.8,1797321.08902
2025-07-03 12:00:00,3.0153,3.0799,2.9699,3.0106,5574059.3,2025-07-03 12:59:59.999,16798289.09686,52069,2859205.4,8619084.17798
2025-07-03 13:00:00,3.0106,3.0649,3.0061,3.0569,3609603.4,2025-07-03 13:59:59.999,10952898.37526,40152,1957255.0,5939905.1903
2025-07-03 14:00:00,3.0569,3.0699,3.0113,3.0236,2852848.2,2025-07-03 14:59:59.999,8656286.52711,29503,1416374.0,4298327.18419
2025-07-03 15:00:00,3.0234,3.0316,2.9608,2.9636,3905815.8,2025-07-03 15:59:59.999,11686783.32463,28895,1848561.3,5531886.57858
2025-07-03 16:00:00,2.9636,3.0144,2.9623,2.9988,3654452.6,2025-07-03 16:59:59.999,10922243.53049,22825,1880318.9,5615948.56288
2025-07-03 17:00:00,2.999,3.0192,2.9937,3.0008,795232.9,2025-07-03 17:59:59.999,2390507.9574,8945,413368.8,1242754.96226
2025-07-03 18:00:00,3.0009,3.013,2.979,3.001,948648.0,2025-07-03 18:59:59.999,2838357.73597,10164,521428.4,1559925.70892
2025-07-03 19:00:00,3.0012,3.0052,2.9849,3.0026,513052.8,2025-07-03 19:59:59.999,1537740.00755,6987,294431.7,882645.43302
2025-07-03 20:00:00,3.0026,3.0424,3.0005,3.0424,1412054.1,2025-07-03 20:59:59.999,4269819.39578,11746,833484.4,2520559.1633
2025-07-03 21:00:00,3.0425,3.0477,3.0289,3.0442,1202149.1,2025-07-03 21:59:59.999,3651828.9154,11105,505322.5,1535149.42331
2025-07-03 22:00:00,3.0441,3.05,3.0245,3.0334,750118.2,2025-07-03 22:59:59.999,2277534.38059,7848,375235.4,1139819.74709
2025-07-03 23:00:00,3.0333,3.0389,3.0141,3.0224,810371.8,2025-07-03 23:59:59.999,2450942.94415,8605,332703.8,1006192.58354
2025-07-04 00:00:00,3.0225,3.045,3.0193,3.0359,698089.3,2025-07-04 00:59:59.999,2116010.77452,9183,336184.7,1018873.99625
2025-07-04 01:00:00,3.0358,3.084,3.0333,3.0389,1922696.4,2025-07-04 01:59:59.999,5881855.76612,18452,1070101.5,3274856.86663
2025-07-04 02:00:00,3.0388,3.0395,2.992,3.0024,1692367.6,2025-07-04 02:59:59.999,5098706.97142,18238,737598.4,2221439.31407
2025-07-04 03:00:00,3.0024,3.0165,2.9926,3.0008,955810.3,2025-07-04 03:59:59.999,2874158.19189,9013,449769.5,1352204.49906
2025-07-04 04:00:00,3.0009,3.0094,2.9765,2.9799,1088892.4,2025-07-04 04:59:59.999,3255214.43296,11276,496913.5,1485038.41455
2025-07-04 05:00:00,2.9799,3.0019,2.9785,2.9846,867467.9,2025-07-04 05:59:59.999,2595011.58475,11092,483076.9,1445335.31481
2025-07-04 06:00:00,2.9845,2.9845,2.9543,2.9687,1217424.0,2025-07-04 06:59:59.999,3609631.26406,13610,612392.1,1815361.81447
2025-07-04 07:00:00,2.9687,2.9784,2.916,2.9185,2556968.4,2025-07-04 07:59:59.999,7526198.74194,22452,1128810.5,3320120.9505
2025-07-04 08:00:00,2.9184,2.9434,2.8984,2.9355,1869936.7,2025-07-04 08:59:59.999,5467897.42097,18185,916643.9,2680529.48779
2025-07-04 09:00:00,2.9356,2.9393,2.9203,2.9256,708119.8,2025-07-04 09:59:59.999,2076234.36086,8658,349392.1,1024370.05859
2025-07-04 10:00:00,2.9256,2.9377,2.914,2.9184,952821.8,2025-07-04 10:59:59.999,2786500.27636,8440,542090.6,1584965.83192
2025-07-04 11:00:00,2.9183,2.9344,2.9172,2.9205,824196.9,2025-07-04 11:59:59.999,2411968.79115,8330,348788.7,1020759.42961
2025-07-04 12:00:00,2.9206,2.931,2.9068,2.918,835311.6,2025-07-04 12:59:59.999,2437909.71686,9822,386880.4,1129071.17756
2025-07-04 13:00:00,2.9179,2.9311,2.8861,2.8866,2056310.0,2025-07-04 13:59:59.999,5972383.30663,20037,1004998.4,2921095.76687
2025-07-04 14:00:00,2.8868,2.9077,2.8702,2.8948,1950585.1,2025-07-04 14:59:59.999,5635435.10452,27347,905551.3,2617008.56261
2025-07-04 15:00:00,2.8949,2.9004,2.8626,2.865,2134315.5,2025-07-04 15:59:59.999,6146612.9401,25556,843575.1,2430536.79188
2025-07-04 16:00:00,2.8649,2.8719,2.7,2.8484,5926462.5,2025-07-04 16:59:59.999,16772234.00776,42297,2247097.4,6378178.70135
2025-07-04 17:00:00,2.8485,2.8611,2.8383,2.8594,1118794.6,2025-07-04 17:59:59.999,3191217.70881,15587,597093.2,1703791.5259
2025-07-04 18:00:00,2.8594,2.8594,2.8386,2.8412,805058.4,2025-07-04 18:59:59.999,2292458.76581,10585,410463.3,1168891.9207
2025-07-04 19:00:00,2.8412,2.8498,2.8269,2.8332,652329.4,2025-07-04 19:59:59.999,1851341.1301,8130,336694.4,955873.41661
2025-07-04 20:00:00,2.8332,2.8504,2.8297,2.8431,819974.6,2025-07-04 20:59:59.999,2328626.9033,7940,460012.2,1306644.90645
2025-07-04 21:00:00,2.8431,2.8704,2.8425,2.8693,845471.2,2025-07-04 21:59:59.999,2416130.63119,7632,512854.7,1465165.48825
2025-07-04 22:00:00,2.8692,2.9133,2.8667,2.9081,2491648.9,2025-07-04 22:59:59.999,7213966.2008,21274,1746129.2,5055693.97891
2025-07-04 23:00:00,2.908,2.9081,2.869,2.8755,841263.3,2025-07-04 23:59:59.999,2427903.8526,11751,365415.0,1054611.68422
2025-07-05 00:00:00,2.8755,2.8988,2.8738,2.8915,782198.2,2025-07-05 00:59:59.999,2259863.72936,12151,438775.9,1267568.60304
2025-07-05 01:00:00,2.8914,2.8914,2.8646,2.8753,597884.4,2025-07-05 01:59:59.999,1719435.34864,10580,310956.9,894347.29909
2025-07-05 02:00:00,2.8753,2.891,2.8593,2.8874,550031.0,2025-07-05 02:59:59.999,1582210.44056,11054,266702.4,767119.65936
2025-07-05 03:00:00,2.8872,2.9143,2.8872,2.8991,1031890.7,2025-07-05 03:59:59.999,2994631.1934,13474,593051.2,1720946.94021
2025-07-05 04:00:00,2.8991,2.9039,2.8833,2.8858,520694.3,2025-07-05 04:59:59.999,1505590.98661,9021,278819.3,806293.79224
2025-07-05 05:00:00,2.8859,2.8962,2.8791,2.893,430304.5,2025-07-05 05:59:59.999,1242172.38623,8175,177370.6,511951.14032
2025-07-05 06:00:00,2.8931,2.9157,2.8847,2.9157,869223.1,2025-07-05 06:59:59.999,2524073.8796,12989,558272.2,1620725.32346
2025-07-05 07:00:00,2.9156,2.924,2.9022,2.9062,762304.2,2025-07-05 07:59:59.999,2219543.16247,10712,349600.8,1017916.55394
2025-07-05 08:00:00,2.9062,2.9207,2.8991,2.9119,588927.7,2025-07-05 08:59:59.999,1713519.18754,10665,270096.2,786008.53372
2025-07-05 09:00:00,2.9122,2.9303,2.8974,2.9297,802317.6,2025-07-05 09:59:59.999,2338792.90124,11388,385294.0,1123117.33183
2025-07-05 10:00:00,2.9297,2.9356,2.9113,2.9161,840163.9,2025-07-05 10:59:59.999,2454130.55492,10750,392179.0,1145665.2868
2025-07-05 11:00:00,2.9161,2.9325,2.9161,2.9181,511432.2,2025-07-05 11:59:59.999,1495721.312,7372,300567.7,878917.5868
2025-07-05 12:00:00,2.9181,2.9209,2.9029,2.9096,750709.9,2025-07-05 12:59:59.999,2184650.66578,9656,408569.8,1188882.39569
2025-07-05 13:00:00,2.9095,2.9163,2.8893,2.8939,970716.8,2025-07-05 13:59:59.999,2818060.53676,9353,452871.6,1314886.46192
2025-07-05 14:00:00,2.8939,2.9045,2.8873,2.9019,454086.7,2025-07-05 14:59:59.999,1315518.22426,8085,244960.1,709561.50292
2025-07-05 15:00:00,2.9019,2.9057,2.8824,2.8851,528930.8,2025-07-05 15:59:59.999,1530018.54901,8793,244147.1,706411.43903
2025-07-05 16:00:00,2.8854,2.8968,2.8725,2.8936,669590.8,2025-07-05 16:59:59.999,1930549.48389,10758,293720.0,846896.25138
2025-07-05 17:00:00,2.8936,2.9046,2.8547,2.8803,1595707.2,2025-07-05 17:59:59.999,4583773.78258,14410,663824.9,1909102.62801
2025-07-05 18:00:00,2.8804,2.8851,2.8586,2.8665,685407.6,2025-07-05 18:59:59.999,1966540.43235,9407,366637.8,1051918.76786
2025-07-05 19:00:00,2.8665,2.8963,2.8594,2.8958,563381.4,2025-07-05 19:59:59.999,1620640.15126,7877,332595.1,956714.58435
2025-07-05 20:00:00,2.8957,2.9021,2.8811,2.8973,558920.9,2025-07-05 20:59:59.999,1615503.13781,7011,267796.0,774127.92614
2025-07-05 21:00:00,2.8973,2.9006,2.8861,2.8975,357520.0,2025-07-05 21:59:59.999,1034801.39855,5223,188592.6,545926.87892
2025-07-05 22:00:00,2.8976,2.8987,2.8876,2.8968,226891.3,2025-07-05 22:59:59.999,656454.01557,4739,95872.7,277436.14853
2025-07-05 23:00:00,2.8968,2.9045,2.8961,2.8987,502035.3,2025-07-05 23:59:59.999,1456137.86935,4417,153810.6,446033.66927
2025-07-06 00:00:00,2.8988,2.8996,2.8842,2.8939,275048.4,2025-07-06 00:59:59.999,794915.87994,5277,136138.0,393388.87678
2025-07-06 01:00:00,2.894,2.8942,2.8837,2.8907,305655.7,2025-07-06 01:59:59.999,882573.34362,4231,188272.9,543749.73366
2025-07-06 02:00:00,2.8906,2.9099,2.8879,2.8918,456330.1,2025-07-06 02:59:59.999,1324236.66278,6332,219154.4,635862.83522
2025-07-06 03:00:00,2.8917,2.8961,2.884,2.896,305389.6,2025-07-06 03:59:59.999,881920.49513,4737,152687.3,440962.27388
2025-07-06 04:00:00,2.8957,2.9064,2.8891,2.8892,260744.6,2025-07-06 04:59:59.999,755579.36541,4723,119555.4,346444.93053
2025-07-06 05:00:00,2.8894,2.8933,2.8846,2.8875,195456.3,2025-07-06 05:59:59.999,564617.2432,3260,111277.3,321420.95579
2025-07-06 06:00:00,2.8876,2.9057,2.8866,2.8959,427390.4,2025-07-06 06:59:59.999,1238498.99495,5276,187941.6,544522.91073
2025-07-06 07:00:00,2.896,2.9039,2.8862,2.8869,381679.0,2025-07-06 07:59:59.999,1104568.44083,5550,225866.0,653325.41714
2025-07-06 08:00:00,2.8869,2.8928,2.8668,2.8895,1098087.0,2025-07-06 08:59:59.999,3163478.37031,11627,603888.6,1740023.88401
2025-07-06 09:00:00,2.8894,2.8977,2.8812,2.8826,720201.1,2025-07-06 09:59:59.999,2082736.85357,7127,305358.7,882931.44003
2025-07-06 10:00:00,2.8826,2.893,2.8756,2.8783,752714.3,2025-07-06 10:59:59.999,2169304.74563,8197,408379.2,1176788.96093
2025-07-06 11:00:00,2.8784,2.8914,2.873,2.8889,471605.7,2025-07-06 11:59:59.999,1358129.7409,6036,202254.8,582402.84095
2025-07-06 12:00:00,2.889,2.9123,2.8813,2.9088,1083121.5,2025-07-06 12:59:59.999,3141007.4415,9770,645367.0,1871785.13048
2025-07-06 13:00:00,2.9087,2.958,2.9002,2.9492,2375327.8,2025-07-06 13:59:59.999,6971642.80286,24760,1396600.8,4100190.77539
2025-07-06 14:00:00,2.9492,2.9567,2.902,2.9226,2592403.3,2025-07-06 14:59:59.999,7593485.6304,25241,1220284.1,3573468.68911
2025-07-06 15:00:00,2.9227,2.9266,2.8893,2.9052,1200636.3,2025-07-06 15:59:59.999,3488825.39099,13815,513082.0,1491369.24667
2025-07-06 16:00:00,2.9053,2.9252,2.9,2.9242,910654.6,2025-07-06 16:59:59.999,2653186.03114,13816,388582.5,1132174.55091
2025-07-06 17:00:00,2.9243,2.9249,2.9058,2.9169,436640.2,2025-07-06 17:59:59.999,1273487.83524,7660,209418.8,610780.04706
2025-07-06 18:00:00,2.9169,2.9196,2.8712,2.8826,1532497.2,2025-07-06 18:59:59.999,4426807.65655,17018,628794.3,1816033.38563
2025-07-06 19:00:00,2.8825,2.8948,2.8775,2.8897,385373.4,2025-07-06 19:59:59.999,1112928.2949,6975,224307.6,647792.35282
2025-07-06 20:00:00,2.8896,2.9109,2.8873,2.8981,572483.1,2025-07-06 20:59:59.999,1661016.30962,7890,267225.9,775444.9544
2025-07-06 21:00:00,2.8982,2.9686,2.8982,2.9399,2398886.2,2025-07-06 21:59:59.999,7058780.9364,21006,1227761.3,3612977.86401
2025-07-06 22:00:00,2.94,2.966,2.9263,2.928,1620749.2,2025-07-06 22:59:59.999,4780294.86713,17935,806854.2,2380221.83214
2025-07-06 23:00:00,2.9281,2.9297,2.8984,2.9089,1226839.5,2025-07-06 23:59:59.999,3574344.17367,15325,617928.1,1800363.4579
2025-07-07 00:00:00,2.909,2.9135,2.8852,2.8966,1132247.8,2025-07-07 00:59:59.999,3282327.54889,17112,593802.1,1721727.97321
2025-07-07 01:00:00,2.8968,2.916,2.8893,2.9122,719940.1,2025-07-07 01:59:59.999,2090058.96332,11452,321886.2,934699.0816
2025-07-07 02:00:00,2.9122,2.9474,2.9122,2.9304,1086397.4,2025-07-07 02:59:59.999,3187408.23383,12013,549331.9,1610968.05753
2025-07-07 03:00:00,2.9305,2.9515,2.9267,2.9297,737606.6,2025-07-07 03:59:59.999,2167751.9381,9626,389876.8,1146421.15597
2025-07-07 04:00:00,2.9297,2.9307,2.9042,2.909,758617.6,2025-07-07 04:59:59.999,2211557.94885,8576,334684.7,975723.76909
2025-07-07 05:00:00,2.909,2.9211,2.9031,2.9171,740772.2,2025-07-07 05:59:59.999,2158379.06729,9499,371246.6,1081945.6229
2025-07-07 06:00:00,2.9168,2.9288,2.9013,2.905,688175.8,2025-07-07 06:59:59.999,2006402.17503,9092,310205.3,905143.45905
2025-07-07 07:00:00,2.905,2.9228,2.8965,2.9218,676686.4,2025-07-07 07:59:59.999,1970180.39816,8124,288227.7,839105.7595
2025-07-07 08:00:00,2.9217,2.9238,2.9083,2.9173,622221.7,2025-07-07 08:59:59.999,1814548.96518,7649,322782.4,941118.85903
2025-07-07 09:00:00,2.9172,2.9172,2.9024,2.9074,585739.0,2025-07-07 09:59:59.999,1702743.05536,6356,285815.6,830728.82686
2025-07-07 10:00:00,2.9073,2.9168,2.8988,2.9065,730881.1,2025-07-07 10:59:59.999,2125129.17827,8876,358242.8,1041677.84229
2025-07-07 11:00:00,2.9065,2.9109,2.8902,2.9001,669976.1,2025-07-07 11:59:59.999,1942928.13086,9414,306683.5,889357.90204
2025-07-07 12:00:00,2.9001,2.9007,2.88,2.8826,879212.7,2025-07-07 12:59:59.999,2537981.9995,11642,383202.2,1106315.30797
2025-07-07 13:00:00,2.8826,2.9292,2.8786,2.9182,1984160.8,2025-07-07 13:59:59.999,5756822.13473,19789,1022333.4,2968802.62828
2025-07-07 14:00:00,2.9182,2.9238,2.8667,2.8766,2019098.0,2025-07-07 14:59:59.999,5843145.0041,23173,949324.1,2747971.55199
2025-07-07 15:00:00,2.8768,2.904,2.8757,2.9013,1174320.9,2025-07-07 15:59:59.999,3399395.82093,15329,638664.3,1848545.05422
2025-07-07 16:00:00,2.9013,2.9035,2.8614,2.8659,1509053.8,2025-07-07 16:59:59.999,4349689.15122,21538,737861.7,2126348.5505
2025-07-07 17:00:00,2.8658,2.8795,2.8547,2.865,1232630.6,2025-07-07 17:59:59.999,3530373.87461,14164,600660.5,1721198.42666
2025-07-07 18:00:00,2.8649,2.8708,2.802,2.861,2695981.1,2025-07-07 18:59:59.999,7657389.055,18681,1121425.8,3187805.28999
2025-07-07 19:00:00,2.8609,2.887,2.86,2.8663,888447.7,2025-07-07 19:59:59.999,2553870.9551,11684,424823.5,1220761.65015
2025-07-07 20:00:00,2.8664,2.8664,2.8316,2.8409,757526.2,2025-07-07 20:59:59.999,2156279.94026,11875,399399.5,1136709.08242
2025-07-07 21:00:00,2.8409,2.857,2.832,2.8498,837140.1,2025-07-07 21:59:59.999,2380358.88699,10159,498601.5,1417913.86014
2025-07-07 22:00:00,2.8498,2.8547,2.833,2.8448,663898.7,2025-07-07 22:59:59.999,1886998.81541,9595,344308.3,978543.65549
2025-07-07 23:00:00,2.8448,2.8637,2.8429,2.8579,715644.9,2025-07-07 23:59:59.999,2042966.52445,7134,439796.4,1255540.06535
2025-07-08 00:00:00,2.858,2.8842,2.8503,2.867,1131163.8,2025-07-08 00:59:59.999,3243559.37423,15343,588968.6,1688502.92926
2025-07-08 01:00:00,2.8671,2.8671,2.8401,2.8408,722200.1,2025-07-08 01:59:59.999,2060694.86018,12648,346466.1,988570.4359
2025-07-08 02:00:00,2.8409,2.8541,2.8261,2.8348,1178112.5,2025-07-08 02:59:59.999,3344990.85786,14473,585411.3,1661770.86416
2025-07-08 03:00:00,2.8348,2.8585,2.8329,2.8505,502225.1,2025-07-08 03:59:59.999,1430965.91831,7834,259682.6,739867.40565
2025-07-08 04:00:00,2.8505,2.8554,2.8336,2.8553,381228.0,2025-07-08 04:59:59.999,1084458.85262,6698,189782.8,539761.32681
2025-07-08 05:00:00,2.8554,2.8568,2.8396,2.8514,383414.6,2025-07-08 05:59:59.999,1091298.36326,6069,146713.2,417559.41152
2025-07-08 06:00:00,2.8515,2.8732,2.849,2.8686,889858.8,2025-07-08 06:59:59.999,2546664.56786,10231,541982.1,1551515.04355
2025-07-08 07:00:00,2.8686,2.8795,2.8565,2.8795,973913.0,2025-07-08 07:59:59.999,2793727.94599,9910,446964.5,1281867.10735
2025-07-08 08:00:00,2.8795,2.8908,2.8631,2.8653,835188.6,2025-07-08 08:59:59.999,2403519.86826,11157,402132.7,1157045.96907
2025-07-08 09:00:00,2.8654,2.884,2.86,2.872,368401.3,2025-07-08 09:59:59.999,1059076.0178,7242,169295.0,486677.92311
2025-07-08 10:00:00,2.8721,2.8871,2.8669,2.8852,673892.3,2025-07-08 10:59:59.999,1941075.18599,9695,314922.3,907060.16944
2025-07-08 11:00:00,2.8854,2.8989,2.8827,2.8888,897569.7,2025-07-08 11:59:59.999,2596268.63894,13077,389327.8,1126235.43723
2025-07-08 12:00:00,2.8889,2.9032,2.8826,2.9005,527770.2,2025-07-08 12:59:59.999,1526606.9473,8155,276345.7,799516.56952
2025-07-08 13:00:00,2.9006,2.919,2.8862,2.9062,1273692.9,2025-07-08 13:59:59.999,3699488.27046,16728,583059.1,1694213.00843
2025-07-08 14:00:00,2.9063,2.9091,2.8778,2.8854,1302582.5,2025-07-08 14:59:59.999,3764657.71539,19155,694773.5,2008380.79847
2025-07-08 15:00:00,2.8854,2.8898,2.8694,2.8727,934530.9,2025-07-08 15:59:59.999,2690540.28616,14129,398930.7,1148567.67569
2025-07-08 16:00:00,2.8728,2.8905,2.8639,2.8849,687492.4,2025-07-08 16:59:59.999,1979271.63275,12008,280456.2,807399.41238
2025-07-08 17:00:00,2.885,2.934,2.8827,2.9201,2165058.4,2025-07-08 17:59:59.999,6316547.43912,22989,1216022.3,3549068.06243
2025-07-08 18:00:00,2.92,2.9311,2.915,2.9289,677436.8,2025-07-08 18:59:59.999,1980076.48312,11177,364433.6,1065341.66151
2025-07-08 19:00:00,2.929,2.9306,2.9016,2.9086,602312.8,2025-07-08 19:59:59.999,1754752.9829,9795,287508.5,837438.63073
2025-07-08 20:00:00,2.9086,2.9111,2.8841,2.8841,590260.8,2025-07-08 20:59:59.999,1710254.85408,7880,274498.9,795438.72745
2025-07-08 21:00:00,2.8841,2.9048,2.8827,2.8993,551271.6,2025-07-08 21:59:59.999,1594774.62742,6464,276973.4,801098.57017
2025-07-08 22:00:00,2.8993,2.9067,2.8904,2.9034,369864.6,2025-07-08 22:59:59.999,1071806.39897,6107,196453.7,569305.37394
2025-07-08 23:00:00,2.9033,2.9064,2.894,2.8947,400660.4,2025-07-08 23:59:59.999,1161933.60438,5957,177265.0,514106.57422
2025-07-09 00:00:00,2.8947,2.8995,2.8823,2.8931,243676.4,2025-07-09 00:59:59.999,704263.20269,4732,133541.8,385983.80143
2025-07-09 01:00:00,2.8931,2.907,2.8783,2.8838,481412.9,2025-07-09 01:59:59.999,1392526.57765,6674,243154.0,703395.36234
2025-07-09 02:00:00,2.8841,2.8989,2.8819,2.8919,384155.6,2025-07-09 02:59:59.999,1111444.52826,5530,150021.6,433907.94747
2025-07-09 03:00:00,2.8919,2.9007,2.8845,2.8969,375119.1,2025-07-09 03:59:59.999,1085305.67528,6136,184623.4,534130.99231
2025-07-09 04:00:00,2.8968,2.9185,2.8937,2.9181,534702.2,2025-07-09 04:59:59.999,1554839.4577,5814,358202.3,1041708.71855
2025-07-09 05:00:00,2.9181,2.9453,2.909,2.9353,1555021.0,2025-07-09 05:59:59.999,4555822.47393,17190,775515.9,2271473.89492
2025-07-09 06:00:00,2.9353,2.9385,2.9139,2.9244,780276.3,2025-07-09 06:59:59.999,2281733.42446,8920,373271.8,1091731.55287
2025-07-09 07:00:00,2.9244,2.9311,2.9164,2.9252,532992.2,2025-07-09 07:59:59.999,1557927.08643,5971,287022.6,838848.48442
2025-07-09 08:00:00,2.9253,2.9341,2.9213,2.9322,433752.0,2025-07-09 08:59:59.999,1269753.49608,6557,195202.9,571468.17142
2025-07-09 09:00:00,2.9323,2.94,2.9258,2.9315,477241.4,2025-07-09 09:59:59.999,1399516.16489,6847,219278.9,643056.82396
2025-07-09 10:00:00,2.9316,2.9423,2.9282,2.9412,601903.5,2025-07-09 10:59:59.999,1766716.70602,5926,285453.0,838004.65588
2025-07-09 11:00:00,2.9414,2.9556,2.9331,2.9381,1427174.3,2025-07-09 11:59:59.999,4204587.2529,12533,714967.8,2107064.46475
2025-07-09 12:00:00,2.9383,2.9768,2.9331,2.9581,2421189.7,2025-07-09 12:59:59.999,7171690.14429,19640,1230845.2,3644801.48678
2025-07-09 13:00:00,2.9581,2.969,2.9488,2.9519,1432718.3,2025-07-09 13:59:59.999,4239594.35856,15128,691484.8,2046315.72372
2025-07-09 14:00:00,2.9519,2.9738,2.9207,2.9391,2348097.9,2025-07-09 14:59:59.999,6909961.39366,22981,1021229.3,3006762.85587
2025-07-09 15:00:00,2.939,2.9616,2.9372,2.9583,1129828.4,2025-07-09 15:59:59.999,3332933.54835,13117,581077.5,1714763.70698
2025-07-09 16:00:00,2.9584,2.975,2.9584,2.9709,875279.6,2025-07-09 16:59:59.999,2597416.0977,11823,529354.8,1570952.61492
2025-07-09 17:00:00,2.9708,2.9714,2.9457,2.9528,717359.0,2025-07-09 17:59:59.999,2119128.46113,10025,316116.0,933776.46965
2025-07-09 18:00:00,2.9527,2.9914,2.9511,2.98,2057456.8,2025-07-09 18:59:59.999,6131338.26353,21967,1175975.0,3505148.76037
2025-07-09 19:00:00,2.9801,3.0605,2.9775,3.0461,4106301.2,2025-07-09 19:59:59.999,12429900.19131,40696,2279029.4,6895073.01849
2025-07-09 20:00:00,3.0462,3.0533,3.0047,3.0245,2818207.5,2025-07-09 20:59:59.999,8521755.11604,31701,1199203.3,3626409.89843
2025-07-09 21:00:00,3.0244,3.0599,3.0207,3.0475,1775447.2,2025-07-09 21:59:59.999,5404567.65314,15843,930577.9,2833239.54132
2025-07-09 22:00:00,3.0475,3.0933,3.0472,3.0886,1960812.8,2025-07-09 22:59:59.999,6031235.46893,21687,1052268.2,3237016.45685
2025-07-09 23:00:00,3.0886,3.0995,3.0672,3.0726,1808997.3,2025-07-09 23:59:59.999,5581090.46321,16174,789884.2,2437815.42704
2025-07-10 00:00:00,3.0729,3.0896,3.0629,3.0635,1165310.5,2025-07-10 00:59:59.999,3583536.43615,13402,595890.2,1833527.91316
2025-07-10 01:00:00,3.0637,3.0941,3.0594,3.0901,1231867.2,2025-07-10 01:59:59.999,3789244.85319,13000,683682.4,2103416.88886
2025-07-10 02:00:00,3.0901,3.1382,3.0883,3.134,2356608.2,2025-07-10 02:59:59.999,7340337.05604,24929,1288185.0,4010843.67559
2025-07-10 03:00:00,3.1339,3.1383,3.0983,3.104,1173007.5,2025-07-10 03:59:59.999,3650626.13705,12889,611782.6,1904273.46318
2025-07-10 04:00:00,3.104,3.1633,3.0947,3.1556,7004949.5,2025-07-10 04:59:59.999,21970156.1246,30096,3614120.6,11327638.30903
2025-07-10 05:00:00,3.1556,3.1883,3.1457,3.1491,2593739.5,2025-07-10 05:59:59.999,8206503.4829,21232,1322472.9,4185375.01259
2025-07-10 06:00:00,3.1492,3.204,3.1415,3.1998,2046035.3,2025-07-10 06:59:59.999,6503982.72659,18586,1224210.4,3894900.26156
2025-07-10 07:00:00,3.1996,3.2443,3.1964,3.2119,3529506.3,2025-07-10 07:59:59.999,11380162.36847,34366,1626897.7,5245840.88839
2025-07-10 08:00:00,3.2119,3.25,3.1922,3.2371,3147284.3,2025-07-10 08:59:59.999,10149351.46844,23687,1573567.8,5076116.02287
2025-07-10 09:00:00,3.2371,3.2522,3.2126,3.2286,1926290.3,2025-07-10 09:59:59.999,6228805.65387,19463,976887.5,3159894.07753
2025-07-10 10:00:00,3.2286,3.2482,3.2083,3.2356,1918753.6,2025-07-10 10:59:59.999,6187741.1928,13990,825160.3,2662229.4207
2025-07-10 11:00:00,3.2356,3.2388,3.2157,3.23,814950.6,2025-07-10 11:59:59.999,2630140.41223,10803,327807.6,1057848.11995
2025-07-10 12:00:00,3.2299,3.2548,3.2084,3.2529,2011386.6,2025-07-10 12:59:59.999,6493023.22776,17931,959172.6,3098763.9197
2025-07-10 13:00:00,3.2529,3.276,3.2269,3.2349,4975456.4,2025-07-10 13:59:59.999,16171342.25759,31552,2821864.0,9173850.83774
2025-07-10 14:00:00,3.235,3.2371,3.207,3.22,2952947.2,2025-07-10 14:59:59.999,9514638.65365,22851,1257676.5,4052043.23612
2025-07-10 15:00:00,3.22,3.2393,3.2113,3.2367,1458351.2,2025-07-10 15:59:59.999,4707952.02563,15535,767067.1,2477052.7174
2025-07-10 16:00:00,3.2368,3.3487,3.2324,3.3424,5271867.4,2025-07-10 16:59:59.999,17383457.65119,47974,2770799.1,9131498.75228
2025-07-10 17:00:00,3.3424,3.4423,3.3271,3.4314,4781915.3,2025-07-10 17:59:59.999,16171881.44032,54947,2473597.7,8366326.57232
2025-07-10 18:00:00,3.4315,3.4334,3.3877,3.416,3433791.9,2025-07-10 18:59:59.999,11697431.78984,39059,1507067.3,5133625.88631
2025-07-10 19:00:00,3.4159,3.435,3.4058,3.4139,1357455.1,2025-07-10 19:59:59.999,4640512.42198,17456,681331.4,2329493.97709
2025-07-10 20:00:00,3.4141,3.4333,3.4045,3.4167,1395293.7,2025-07-10 20:59:59.999,4768448.58195,14840,730334.3,2495865.64772
2025-07-10 21:00:00,3.4166,3.4807,3.412,3.4625,6344451.7,2025-07-10 21:59:59.999,21923664.59985,59172,3364926.8,11630509.24669
2025-07-10 22:00:00,3.4623,3.4927,3.4478,3.4705,3159696.9,2025-07-10 22:59:59.999,10965493.12954,32442,1547186.2,5369846.85535
2025-07-10 23:00:00,3.4706,3.5013,3.4555,3.4909,3173002.4,2025-07-10 23:59:59.999,11033198.39393,23725,1531194.3,5326498.35524
2025-07-11 00:00:00,3.491,3.5093,3.3876,3.436,6462877.0,2025-07-11 00:59:59.999,22241043.65681,46203,3566424.5,12279867.5769
2025-07-11 01:00:00,3.436,3.4797,3.4265,3.4785,2104679.0,2025-07-11 01:59:59.999,7280755.16527,21823,948025.0,3281419.80464
2025-07-11 02:00:00,3.4785,3.5031,3.4681,3.4923,2069176.0,2025-07-11 02:59:59.999,7205660.89579,20997,1002672.5,3493076.87769
2025-07-11 03:00:00,3.4923,3.4981,3.4673,3.4961,1285812.4,2025-07-11 03:59:59.999,4477379.29157,15314,652705.3,2272737.05264
2025-07-11 04:00:00,3.4961,3.4961,3.4633,3.4888,1988139.4,2025-07-11 04:59:59.999,6917149.98964,17739,782700.5,2723566.44006
2025-07-11 05:00:00,3.4888,3.5521,3.485,3.5161,4786295.4,2025-07-11 05:59:59.999,16859800.649,41190,2530135.9,8909919.152
2025-07-11 06:00:00,3.516,3.5377,3.451,3.4702,2879821.7,2025-07-11 06:59:59.999,10060147.22709,30454,1365174.9,4770746.69069
2025-07-11 07:00:00,3.4702,3.5064,3.4388,3.4846,4102690.4,2025-07-11 07:59:59.999,14265477.93096,31704,1380896.0,4798078.00686
2025-07-11 08:00:00,3.4846,3.51,3.4777,3.5071,2115257.0,2025-07-11 08:59:59.999,7394763.32878,19323,806982.7,2821204.39674
2025-07-11 09:00:00,3.5071,3.5426,3.492,3.5316,2115602.6,2025-07-11 09:59:59.999,7459755.85472,20414,980896.3,3458490.28095
2025-07-11 10:00:00,3.5315,3.5421,3.5022,3.5227,2182838.0,2025-07-11 10:59:59.999,7690523.23781,20678,993593.3,3501518.27813
2025-07-11 11:00:00,3.5226,3.5369,3.5013,3.5172,1999023.4,2025-07-11 11:59:59.999,7035551.16155,18373,955133.7,3365451.60472
2025-07-11 12:00:00,3.5175,3.5298,3.4874,3.5245,1795852.1,2025-07-11 12:59:59.999,6297904.60072,18757,822329.5,2884345.33552
2025-07-11 13:00:00,3.5245,3.5574,3.492,3.5406,4662166.0,2025-07-11 13:59:59.999,16455781.27504,47665,2574043.8,9086922.18692
2025-07-11 14:00:00,3.5406,3.5719,3.52,3.54,4762754.8,2025-07-11 14:59:59.999,16903275.48315,49189,2739931.6,9723919.50566
2025-07-11 15:00:00,3.5399,3.559,3.46,3.4691,5440747.0,2025-07-11 15:59:59.999,19116545.82041,58306,2310871.1,8120357.84235
2025-07-11 16:00:00,3.4698,3.4962,3.419,3.4604,8476102.8,2025-07-11 16:59:59.999,29291045.4787,68518,3766760.3,13021991.79709
2025-07-11 17:00:00,3.4603,3.4871,3.4556,3.4726,1547351.6,2025-07-11 17:59:59.999,5367716.30362,21569,693581.6,2405860.57346
2025-07-11 18:00:00,3.4726,3.4884,3.464,3.479,1031012.6,2025-07-11 18:59:59.999,3582479.59375,15042,527128.2,1831915.56428
2025-07-11 19:00:00,3.4792,3.5148,3.4595,3.5141,1742759.4,2025-07-11 19:59:59.999,6083488.88886,17248,863176.1,3012415.0614
2025-07-11 20:00:00,3.5144,3.5156,3.4372,3.4375,1627691.6,2025-07-11 20:59:59.999,5654410.71754,24025,734368.1,2553055.94509
2025-07-11 21:00:00,3.4376,3.4517,3.3744,3.4099,3455757.6,2025-07-11 21:59:59.999,11798605.30519,32557,1416093.8,4835322.19119
2025-07-11 22:00:00,3.4099,3.4167,3.3,3.3592,5587557.2,2025-07-11 22:59:59.999,18721952.86511,50705,2263479.9,7592267.39637
2025-07-11 23:00:00,3.3593,3.3984,3.3557,3.3868,2161335.8,2025-07-11 23:59:59.999,7312261.91425,19257,736705.4,2491365.05595
2025-07-12 00:00:00,3.3869,3.4005,3.3551,3.3908,1986406.7,2025-07-12 00:59:59.999,6705768.0523,21517,970997.8,3279168.55581
2025-07-12 01:00:00,3.3908,3.448,3.3908,3.4371,3058459.9,2025-07-12 01:59:59.999,10482346.15605,31532,1784432.3,6115550.13352
2025-07-12 02:00:00,3.4374,3.4644,3.4316,3.4397,1317221.9,2025-07-12 02:59:59.999,4546211.15369,16485,679458.5,2345002.40035
2025-07-12 03:00:00,3.4397,3.4535,3.4196,3.4345,1530678.3,2025-07-12 03:59:59.999,5254113.05862,12100,886524.1,3043217.31995
2025-07-12 04:00:00,3.4342,3.44,3.4001,3.4026,2435884.5,2025-07-12 04:59:59.999,8323106.39692,16467,1475909.3,5042336.12805
2025-07-12 05:00:00,3.4026,3.419,3.3739,3.3976,2003494.2,2025-07-12 05:59:59.999,6804411.2745,20329,1205165.8,4093379.57396
2025-07-12 06:00:00,3.3977,3.4288,3.3783,3.4168,1467612.9,2025-07-12 06:59:59.999,4993540.14384,17114,669916.3,2282189.0395
2025-07-12 07:00:00,3.4168,3.4463,3.4147,3.4335,883134.3,2025-07-12 07:59:59.999,3028452.6148,14747,443357.8,1520426.49413
2025-07-12 08:00:00,3.4335,3.4495,3.428,3.445,661808.6,2025-07-12 08:59:59.999,2276245.91696,11046,376492.5,1295054.24564
2025-07-12 09:00:00,3.4449,3.4745,3.4371,3.4477,1375091.8,2025-07-12 09:59:59.999,4752429.78413,13566,783131.6,2708138.00411
2025-07-12 10:00:00,3.448,3.4561,3.4332,3.4421,961608.0,2025-07-12 10:59:59.999,3310745.03221,11624,517945.9,1782978.80339
2025-07-12 11:00:00,3.4422,3.4459,3.4148,3.4244,1059081.2,2025-07-12 11:59:59.999,3632942.62904,12552,459415.6,1576227.87799
2025-07-12 12:00:00,3.4245,3.4323,3.3331,3.3667,3127068.0,2025-07-12 12:59:59.999,10548045.43748,35626,1388059.7,4681977.28245
2025-07-12 13:00:00,3.3665,3.3749,3.3255,3.3676,2975242.0,2025-07-12 13:59:59.999,9976056.0252,31951,1341664.4,4499922.63905
2025-07-12 14:00:00,3.3677,3.3968,3.3512,3.355,1912185.7,2025-07-12 14:59:59.999,6462123.6376,20497,788118.2,2663373.46621
2025-07-12 15:00:00,3.355,3.3665,3.3094,3.3258,2752849.5,2025-07-12 15:59:59.999,9177174.60042,37814,1256416.8,4188194.50491
2025-07-12 16:00:00,3.3259,3.3648,3.3136,3.3414,1829861.4,2025-07-12 16:59:59.999,6127163.10098,18913,1089667.4,3649067.29211
2025-07-12 17:00:00,3.3415,3.3825,3.3386,3.3786,831330.6,2025-07-12 17:59:59.999,2800994.42253,11885,393736.3,1326404.19391
2025-07-12 18:00:00,3.3785,3.4041,3.3703,3.4007,1248649.5,2025-07-12 18:59:59.999,4237402.98107,12534,736104.5,2498774.87352
2025-07-12 19:00:00,3.4008,3.406,3.3826,3.4002,593406.3,2025-07-12 19:59:59.999,2014714.82653,8639,255002.6,865644.25327
2025-07-12 20:00:00,3.4003,3.409,3.3434,3.3469,1739451.9,2025-07-12 20:59:59.999,5873232.98143,15562,574606.7,1940797.91465
2025-07-12 21:00:00,3.3468,3.3906,3.3468,3.3885,1225828.3,2025-07-12 21:59:59.999,4133661.07316,11767,580293.2,1954324.43928
2025-07-12 22:00:00,3.3885,3.3933,3.3611,3.3876,804149.7,2025-07-12 22:59:59.999,2719412.6071,10972,415728.3,1405568.33303
2025-07-12 23:00:00,3.3875,3.4089,3.3735,3.4019,855609.3,2025-07-12 23:59:59.999,2907002.38538,9881,489862.5,1664796.97056
2025-07-13 00:00:00,3.402,3.4136,3.3791,3.386,1143022.2,2025-07-13 00:59:59.999,3883950.47397,15585,619408.8,2104014.68354
2025-07-13 01:00:00,3.3859,3.4126,3.3819,3.4065,895970.5,2025-07-13 01:59:59.999,3045478.75285,14155,485744.0,1651706.28495
2025-07-13 02:00:00,3.4061,3.42,3.3842,3.4147,693975.1,2025-07-13 02:59:59.999,2364194.23146,9404,330250.1,1125034.6781
2025-07-13 03:00:00,3.4147,3.425,3.4004,3.4182,721835.2,2025-07-13 03:59:59.999,2464206.14906,9758,371080.6,1266573.58622
2025-07-13 04:00:00,3.4183,3.4279,3.4014,3.4263,703653.3,2025-07-13 04:59:59.999,2401903.64395,10058,381912.5,1303626.86676
2025-07-13 05:00:00,3.4263,3.4387,3.4063,3.4079,885507.5,2025-07-13 05:59:59.999,3032650.2742,11653,424216.8,1452914.20845
2025-07-13 06:00:00,3.4079,3.4297,3.4036,3.4172,633445.1,2025-07-13 06:59:59.999,2166387.8122,9085,315727.6,1079938.56846
2025-07-13 07:00:00,3.4174,3.45,3.4143,3.4397,1081831.2,2025-07-13 07:59:59.999,3719544.65069,11357,528564.2,1816990.67034
2025-07-13 08:00:00,3.4397,3.4621,3.4189,3.4351,2888684.1,2025-07-13 08:59:59.999,9950664.76603,17046,1243334.7,4279510.2262
2025-07-13 09:00:00,3.4353,3.4397,3.4056,3.4185,1019671.2,2025-07-13 09:59:59.999,3490442.75692,12443,563871.2,1929734.17811
2025-07-13 10:00:00,3.4186,3.442,3.416,3.4208,851668.6,2025-07-13 10:59:59.999,2921070.25952,10569,386273.5,1324737.47651
2025-07-13 11:00:00,3.4209,3.451,3.4194,3.4489,1032958.2,2025-07-13 11:59:59.999,3553576.6472,11264,628381.7,2162453.99734
2025-07-13 12:00:00,3.4489,3.4674,3.4389,3.4551,1687645.5,2025-07-13 12:59:59.999,5827623.88494,20314,604793.3,2088204.91054
2025-07-13 13:00:00,3.4552,3.4727,3.4287,3.46,1940579.4,2025-07-13 13:59:59.999,6704483.7756,19170,1041528.7,3598376.16565
2025-07-13 14:00:00,3.46,3.5411,3.4488,3.4838,7255675.7,2025-07-13 14:59:59.999,25417192.41959,65030,4043716.0,14166999.8439
2025-07-13 15:00:00,3.4839,3.5211,3.4659,3.4734,2641501.5,2025-07-13 15:59:59.999,9235239.44326,28481,1166151.1,4076186.28076
2025-07-13 16:00:00,3.4735,3.5113,3.4697,3.4753,1447264.3,2025-07-13 16:59:59.999,5056164.92669,21833,677608.5,2367821.97875
2025-07-13 17:00:00,3.4753,3.5096,3.4666,3.503,819525.3,2025-07-13 17:59:59.999,2860369.80742,14608,400393.4,1397038.06507
2025-07-13 18:00:00,3.5031,3.5279,3.4952,3.5163,1109917.3,2025-07-13 18:59:59.999,3897987.12058,16006,563550.3,1980220.87564
2025-07-13 19:00:00,3.5164,3.5316,3.4852,3.4861,1082487.6,2025-07-13 19:59:59.999,3797302.94826,15530,505248.4,1772662.59736
2025-07-13 20:00:00,3.486,3.5103,3.476,3.4933,2206687.7,2025-07-13 20:59:59.999,7718840.22887,13191,1743405.1,6099673.28894
2025-07-13 21:00:00,3.4933,3.4949,3.433,3.4574,1777344.2,2025-07-13 21:59:59.999,6145257.35311,19188,805181.4,2785567.61283
2025-07-13 22:00:00,3.4574,3.4635,3.4263,3.451,1067513.9,2025-07-13 22:59:59.999,3677899.60817,17772,471841.5,1626605.75112
2025-07-13 23:00:00,3.4508,3.4948,3.4484,3.4899,1142198.2,2025-07-13 23:59:59.999,3969322.53424,16449,549249.4,1909337.34023
2025-07-14 00:00:00,3.4899,3.6692,3.4878,3.6426,8048546.4,2025-07-14 00:59:59.999,28962936.50591,86034,4630960.3,16668390.11781
2025-07-14 01:00:00,3.6427,3.7293,3.6231,3.7207,6269375.2,2025-07-14 01:59:59.999,23002093.13774,80718,3410448.4,12518707.72585
2025-07-14 02:00:00,3.7208,3.7886,3.711,3.769,6628919.3,2025-07-14 02:59:59.999,24878263.39804,70433,3366637.2,12640062.75034
2025-07-14 03:00:00,3.7692,3.8642,3.7585,3.8307,7202249.5,2025-07-14 03:59:59.999,27531628.28525,76157,3735375.2,14275982.09474
2025-07-14 04:00:00,3.8307,3.8786,3.796,3.8656,4489050.1,2025-07-14 04:59:59.999,17273371.14707,47533,2125256.6,8180124.20503
2025-07-14 05:00:00,3.8656,3.9038,3.81,3.8604,6062339.7,2025-07-14 05:59:59.999,23450006.30432,65659,3014821.8,11669438.89753
2025-07-14 06:00:00,3.8605,3.91,3.8283,3.8919,4766882.4,2025-07-14 06:59:59.999,18476595.21384,55810,2511043.9,9740720.94997
2025-07-14 07:00:00,3.8919,3.9678,3.8836,3.9432,4719861.9,2025-07-14 07:59:59.999,18535550.18155,58195,2441765.8,9588264.31479
2025-07-14 08:00:00,3.9433,3.95,3.8842,3.9053,4147759.1,2025-07-14 08:59:59.999,16222384.22355,54359,2063185.8,8071189.22932
2025-07-14 09:00:00,3.9053,3.9571,3.8964,3.9305,2927982.4,2025-07-14 09:59:59.999,11502332.68972,42702,1356886.7,5331682.37131
2025-07-14 10:00:00,3.9305,3.9958,3.9079,3.9523,4957101.3,2025-07-14 10:59:59.999,19618265.04908,58238,2688100.2,10646006.11834
2025-07-14 11:00:00,3.9522,3.9727,3.913,3.9496,3120001.5,2025-07-14 11:59:59.999,12302893.58294,44836,1349242.4,5319591.82761
2025-07-14 12:00:00,3.9495,3.9681,3.9319,3.9493,2726327.1,2025-07-14 12:59:59.999,10775092.18447,36374,1106860.1,4375657.19164
2025-07-14 13:00:00,3.9493,4.0017,3.9364,3.9605,6587879.2,2025-07-14 13:59:59.999,26195414.77626,64727,3508523.8,13955671.38855
2025-07-14 14:00:00,3.9605,3.967,3.844,3.9199,7993157.4,2025-07-14 14:59:59.999,31163815.75541,85103,3583918.2,13987641.89343
2025-07-14 15:00:00,3.92,3.9204,3.8345,3.8775,4281127.0,2025-07-14 15:59:59.999,16601921.83008,64367,1848939.7,7170575.99767
2025-07-14 16:00:00,3.8775,3.9311,3.8469,3.9183,3070511.6,2025-07-14 16:59:59.999,11937526.70439,50648,1641725.6,6387256.74129
2025-07-14 17:00:00,3.9182,3.9224,3.8515,3.8671,2298310.2,2025-07-14 17:59:59.999,8910971.05427,31563,1033998.0,4009134.53199
2025-07-14 18:00:00,3.8672,3.8738,3.827,3.83,2033773.1,2025-07-14 18:59:59.999,7827593.76819,29423,1006632.1,3876539.22878
2025-07-14 19:00:00,3.8299,3.8638,3.8221,3.8561,1580703.0,2025-07-14 19:59:59.999,6073513.22727,21822,793666.2,3048106.32236
2025-07-14 20:00:00,3.8562,3.859,3.8138,3.8487,1992054.9,2025-07-14 20:59:59.999,7648961.20946,27435,925317.4,3556305.41389
2025-07-14 21:00:00,3.8486,3.8741,3.828,3.8645,1984128.0,2025-07-14 21:59:59.999,7637951.17112,20423,1065090.4,4103902.1619
2025-07-14 22:00:00,3.8645,3.8878,3.8444,3.8803,1668748.5,2025-07-14 22:59:59.999,6463713.76922,20283,922645.6,3574581.1234
2025-07-14 23:00:00,3.8803,3.8956,3.8552,3.8892,1551444.3,2025-07-14 23:59:59.999,6015195.00525,19535,812500.2,3151181.78612
2025-07-15 00:00:00,3.8892,3.8898,3.81,3.8403,3660557.6,2025-07-15 00:59:59.999,14049748.30209,33785,1883878.1,7230533.30063
2025-07-15 01:00:00,3.8406,3.9403,3.8191,3.9036,5167581.5,2025-07-15 01:59:59.999,20040495.13205,56221,2781838.6,10794164.09695
2025-07-15 02:00:00,3.9034,3.9144,3.8294,3.8924,5842098.9,2025-07-15 02:59:59.999,22628803.05467,63975,3067362.2,11876452.30697
2025-07-15 03:00:00,3.8923,3.9064,3.8395,3.8923,5429860.2,2025-07-15 03:59:59.999,21022925.36919,58400,2614658.5,10126302.10457
2025-07-15 04:00:00,3.8923,3.9711,3.852,3.9492,5517354.6,2025-07-15 04:59:59.999,21656328.58906,59236,2989929.1,11735923.12165
2025-07-15 05:00:00,3.949,4.004,3.8557,3.9053,5948668.7,2025-07-15 05:59:59.999,23425023.80327,60909,3301733.7,13017386.60779
2025-07-15 06:00:00,3.9053,3.944,3.8693,3.9242,4129998.2,2025-07-15 06:59:59.999,16136191.46315,44545,1777275.2,6947561.26492
2025-07-15 07:00:00,3.9244,3.9369,3.865,3.8864,3321061.2,2025-07-15 07:59:59.999,12959640.66279,36077,1603036.1,6256925.72091
2025-07-15 08:00:00,3.8864,3.9078,3.8448,3.886,3788127.1,2025-07-15 08:59:59.999,14678943.74126,37185,1752592.0,6792421.1052
2025-07-15 09:00:00,3.8859,3.95,3.8832,3.9137,2965745.1,2025-07-15 09:59:59.999,11637503.66914,32439,1379235.4,5410416.13731
2025-07-15 10:00:00,3.9136,3.9518,3.9114,3.9454,1775298.7,2025-07-15 10:59:59.999,6992431.45082,22359,884932.2,3485133.22821
2025-07-15 11:00:00,3.9453,3.988,3.9349,3.9796,3625465.7,2025-07-15 11:59:59.999,14369583.28436,35729,1666525.2,6605599.17895
2025-07-15 12:00:00,3.9796,4.05,3.8851,3.9695,8828229.8,2025-07-15 12:59:59.999,35014406.3363,96400,4763913.7,18906961.00121
2025-07-15 13:00:00,3.9696,4.03,3.9529,3.966,6246527.3,2025-07-15 13:59:59.999,24955193.38056,77090,3144349.1,12563667.70172
2025-07-15 14:00:00,3.9661,4.0141,3.89,3.912,6784976.4,2025-07-15 14:59:59.999,26917052.83484,68896,3102163.0,12299188.97047
2025-07-15 15:00:00,3.9121,3.986,3.891,3.9582,3652098.1,2025-07-15 15:59:59.999,14377042.93641,47673,1850775.6,7285270.00794
2025-07-15 16:00:00,3.9578,4.0428,3.9501,4.0299,4535227.7,2025-07-15 16:59:59.999,18151626.70798,46585,2475985.3,9913156.37574
2025-07-15 17:00:00,4.0298,4.1074,4.0142,4.0537,6502397.5,2025-07-15 17:59:59.999,26368601.5529,66179,3560554.0,14444344.9406
2025-07-15 18:00:00,4.0537,4.0882,3.9631,3.9888,4569923.0,2025-07-15 18:59:59.999,18361172.57288,54956,2424107.8,9741427.15066
2025-07-15 19:00:00,3.9888,4.0413,3.96,3.9661,2939404.9,2025-07-15 19:59:59.999,11738240.7232,31378,1601966.9,6398300.72792
2025-07-15 20:00:00,3.9659,3.9798,3.939,3.9625,1459679.9,2025-07-15 20:59:59.999,5778402.31381,21636,683788.3,2706672.08833
2025-07-15 21:00:00,3.9622,4.0397,3.9609,4.018,2327452.0,2025-07-15 21:59:59.999,9331852.1413,23633,1175638.3,4713175.91166
2025-07-15 22:00:00,4.0179,4.0768,4.0065,4.0741,2810290.0,2025-07-15 22:59:59.999,11383340.98148,26927,1554443.0,6296276.02641
2025-07-15 23:00:00,4.074,4.1081,4.0581,4.1014,3416692.7,2025-07-15 23:59:59.999,13960940.05733,30365,1886303.7,7709051.3055
2025-07-16 00:00:00,4.1015,4.1024,4.0588,4.0822,2718330.2,2025-07-16 00:59:59.999,11088272.85662,26229,1304997.4,5323252.0304
2025-07-16 01:00:00,4.082,4.0926,4.0375,4.0387,3354209.4,2025-07-16 01:59:59.999,13646303.48203,26610,1595928.0,6491679.29315
2025-07-16 02:00:00,4.0384,4.0443,3.9627,4.0006,4571526.7,2025-07-16 02:59:59.999,18305242.77778,42594,2550636.9,10230937.83732
2025-07-16 03:00:00,4.0005,4.0194,3.9913,4.0186,1603362.1,2025-07-16 03:59:59.999,6424838.15379,17505,804876.8,3225272.26234
2025-07-16 04:00:00,4.0186,4.0226,3.986,3.9963,1473137.1,2025-07-16 04:59:59.999,5894370.81868,15799,795490.7,3183392.2315
2025-07-16 05:00:00,3.9964,4.0096,3.9787,3.9893,1391989.9,2025-07-16 05:59:59.999,5560775.94453,14859,656389.2,2622610.2034
2025-07-16 06:00:00,3.9894,4.0008,3.9623,3.9993,1688469.9,2025-07-16 06:59:59.999,6722599.12907,18112,880149.2,3504631.35963
2025-07-16 07:00:00,3.9992,4.0111,3.978,3.9971,1265884.8,2025-07-16 07:59:59.999,5059737.78944,16236,645062.2,2578223.52985
2025-07-16 08:00:00,3.9971,4.038,3.9832,4.038,1763805.8,2025-07-16 08:59:59.999,7078730.93105,17785,880231.5,3533612.5504
2025-07-16 09:00:00,4.038,4.0768,4.0155,4.0365,2891247.2,2025-07-16 09:59:59.999,11706694.61251,26675,1371868.2,5555161.85431
2025-07-16 10:00:00,4.0365,4.0466,4.0114,4.013,1587993.1,2025-07-16 10:59:59.999,6399855.83186,15489,665905.9,2684444.25236
2025-07-16 11:00:00,4.0131,4.0277,4.0037,4.0076,1279874.6,2025-07-16 11:59:59.999,5136713.38655,11798,651361.2,2614171.9579
2025-07-16 12:00:00,4.0077,4.0365,3.9975,4.0154,1955154.8,2025-07-16 12:59:59.999,7851563.33623,20309,1026384.9,4122747.38999
2025-07-16 13:00:00,4.0155,4.03,4.0004,4.0116,1758072.0,2025-07-16 13:59:59.999,7060049.03231,18901,845204.4,3394055.20681
2025-07-16 14:00:00,4.0116,4.0253,3.9799,4.0171,3342902.4,2025-07-16 14:59:59.999,13383520.54044,32408,1507914.4,6037579.63392
2025-07-16 15:00:00,4.017,4.0649,3.9682,3.9997,6092635.9,2025-07-16 15:59:59.999,24460754.87652,55600,3293267.0,13225851.54998
2025-07-16 16:00:00,3.9995,4.0409,3.9794,4.03,2661787.0,2025-07-16 16:59:59.999,10679070.96319,27801,1437503.5,5769063.81217
2025-07-16 17:00:00,4.0296,4.0394,4.0037,4.0245,2206464.3,2025-07-16 17:59:59.999,8875723.14948,20689,1045850.7,4206558.92401
2025-07-16 18:00:00,4.0244,4.068,4.0047,4.0083,3050010.0,2025-07-16 18:59:59.999,12321788.01627,27733,1372914.6,5545425.47833
2025-07-16 19:00:00,4.0084,4.0247,3.9932,4.0148,2042943.1,2025-07-16 19:59:59.999,8187142.95364,20377,1118605.2,4482941.40594
2025-07-16 20:00:00,4.0148,4.0683,4.0088,4.036,3295054.9,2025-07-16 20:59:59.999,13310710.36095,29632,2006979.4,8109029.78606
2025-07-16 21:00:00,4.036,4.0677,4.004,4.0188,2278022.6,2025-07-16 21:59:59.999,9197702.43383,22263,1163133.4,4697059.49395
2025-07-16 22:00:00,4.019,4.0392,3.9211,3.9466,3698203.6,2025-07-16 22:59:59.999,14706926.41085,44508,1686123.8,6713148.01142
2025-07-16 23:00:00,3.9466,3.9654,3.9234,3.9424,2321215.9,2025-07-16 23:59:59.999,9157534.1793,30484,1173675.4,4629634.26483
2025-07-17 00:00:00,3.9423,3.9814,3.9241,3.9555,2274348.6,2025-07-17 00:59:59.999,9003532.00782,29684,1205501.7,4774425.60074
2025-07-17 01:00:00,3.9552,3.992,3.85,3.9242,5056501.5,2025-07-17 01:59:59.999,19823837.56139,54491,2258473.8,8848554.99089
2025-07-17 02:00:00,3.9242,3.964,3.9172,3.932,2248599.4,2025-07-17 02:59:59.999,8864384.85438,25054,1116794.4,4404557.16762
2025-07-17 03:00:00,3.9321,3.9348,3.8681,3.907,2745591.4,2025-07-17 03:59:59.999,10694626.6547,35868,1464657.7,5705362.77614
2025-07-17 04:00:00,3.9069,3.9482,3.8823,3.9446,1836035.5,2025-07-17 04:59:59.999,7192532.45235,22501,1023186.2,4009072.48637
2025-07-17 05:00:00,3.9445,3.966,3.914,3.9656,1600076.0,2025-07-17 05:59:59.999,6298339.92789,20514,804053.5,3165334.09143
2025-07-17 06:00:00,3.9656,4.01,3.9587,4.0085,3556173.4,2025-07-17 06:59:59.999,14187843.10842,32044,1571913.7,6271481.43795
2025-07-17 07:00:00,4.0086,4.0094,3.9633,4.0024,1801524.1,2025-07-17 07:59:59.999,7187083.31014,22373,811699.8,3238509.04079
2025-07-17 08:00:00,4.0025,4.0243,3.983,4.0151,2387393.7,2025-07-17 08:59:59.999,9551488.4553,27794,1232515.3,4931227.46076
2025-07-17 09:00:00,4.015,4.0786,4.0039,4.0611,3406987.7,2025-07-17 09:59:59.999,13769320.91056,34104,1974607.2,7980525.61829
2025-07-17 10:00:00,4.0612,4.0712,4.0122,4.0322,3141861.2,2025-07-17 10:59:59.999,12696810.54517,35022,1542124.2,6233560.52174
2025-07-17 11:00:00,4.0322,4.0565,4.0077,4.0124,1922758.1,2025-07-17 11:59:59.999,7752491.5346,25498,846500.9,3414339.06129
2025-07-17 12:00:00,4.0122,4.0286,3.9767,4.0156,3165130.7,2025-07-17 12:59:59.999,12662097.38464,38189,1415128.1,5661518.11605
2025-07-17 13:00:00,4.0155,4.0259,3.9212,3.9952,3789567.8,2025-07-17 13:59:59.999,15062687.37036,47257,1713950.5,6813153.29729
2025-07-17 14:00:00,3.9952,4.0274,3.9784,4.0161,2414671.0,2025-07-17 14:59:59.999,9672378.8544,26985,1269786.5,5086354.40907
2025-07-17 15:00:00,4.0164,4.055,3.9889,4.0476,4127906.0,2025-07-17 15:59:59.999,16618117.48089,38685,1666428.1,6712710.06342
2025-07-17 16:00:00,4.0475,4.0579,3.9573,4.0053,4318429.9,2025-07-17 16:59:59.999,17302382.38359,53912,2550022.9,10223707.15977
2025-07-17 17:00:00,4.0054,4.0166,3.9744,4.0139,1568612.1,2025-07-17 17:59:59.999,6264845.57016,21387,932781.7,3724429.7402
2025-07-17 18:00:00,4.014,4.032,3.9997,4.0296,1276123.4,2025-07-17 18:59:59.999,5125553.29956,16314,576426.8,2315376.19205
2025-07-17 19:00:00,4.0296,4.0454,3.9524,3.9576,1989575.0,2025-07-17 19:59:59.999,7958989.91521,25278,855289.5,3426503.40643
2025-07-17 20:00:00,3.9571,3.9725,3.9103,3.9678,3339440.5,2025-07-17 20:59:59.999,13167984.87525,38398,1598262.2,6301838.1624
2025-07-17 21:00:00,3.968,4.0394,3.9657,4.0063,3679581.2,2025-07-17 21:59:59.999,14760759.37857,42352,1846327.1,7408982.14228
2025-07-17 22:00:00,4.0063,4.061,3.9966,4.0298,2534158.4,2025-07-17 22:59:59.999,10228723.90313,30147,1372986.4,5543895.94831
2025-07-17 23:00:00,4.0299,4.0644,4.0037,4.0077,2253235.2,2025-07-17 23:59:59.999,9102076.8963,27979,1207070.0,4877252.58183
2025-07-18 00:00:00,4.0077,4.0267,3.9389,3.9586,5869580.3,2025-07-18 00:59:59.999,23278989.57624,64155,2708767.4,10743535.91705
2025-07-18 01:00:00,3.9583,4.0321,3.9428,4.0227,6150879.4,2025-07-18 01:59:59.999,24569371.72749,61127,2864775.5,11448320.09711
2025-07-18 02:00:00,4.0229,4.04,3.9589,4.015,4418792.6,2025-07-18 02:59:59.999,17657839.18693,47423,2142046.1,8561740.68161
2025-07-18 03:00:00,4.015,4.0533,4.0094,4.0287,4206513.2,2025-07-18 03:59:59.999,16958991.60383,37601,1978410.8,7978859.75452
2025-07-18 04:00:00,4.0286,4.203,3.994,4.1936,12397150.0,2025-07-18 04:59:59.999,51099787.38538,103348,6609962.1,27234850.65739
2025-07-18 05:00:00,4.1936,4.248,4.1391,4.177,12081521.6,2025-07-18 05:59:59.999,50694818.66778,104775,5741223.3,24096957.49943
2025-07-18 06:00:00,4.177,4.1928,4.0726,4.121,5957208.8,2025-07-18 06:59:59.999,24517094.18778,63077,2744522.2,11294125.54223
2025-07-18 07:00:00,4.1212,4.18,4.04,4.0484,5486876.2,2025-07-18 07:59:59.999,22459420.89806,58980,2859473.3,11714834.60283
2025-07-18 08:00:00,4.048,4.0909,4.0014,4.0257,4998342.5,2025-07-18 08:59:59.999,20198395.20258,60470,2687004.8,10859531.12328
2025-07-18 09:00:00,4.0257,4.065,4.01,4.0624,2542018.4,2025-07-18 09:59:59.999,10262803.88263,29283,1350544.8,5452681.21658
2025-07-18 10:00:00,4.0624,4.0631,4.0099,4.0484,2188047.1,2025-07-18 10:59:59.999,8836540.17407,22304,1200408.1,4847221.58979
2025-07-18 11:00:00,4.0484,4.0504,3.9555,3.9886,4322146.2,2025-07-18 11:59:59.999,17240382.17249,38074,1815300.3,7240234.34602
2025-07-18 12:00:00,3.9886,4.0395,3.9718,4.0302,2868886.3,2025-07-18 12:59:59.999,11487815.58845,26156,1435972.7,5749212.76118
2025-07-18 13:00:00,4.0301,4.0319,3.9741,3.9891,3252875.5,2025-07-18 13:59:59.999,13012474.99633,35210,1709740.3,6842594.76152
2025-07-18 14:00:00,3.9891,4.017,3.8261,3.8873,13522430.9,2025-07-18 14:59:59.999,52734292.8249,100930,6334412.6,24675674.44475
2025-07-18 15:00:00,3.8872,3.9048,3.8055,3.8477,5260558.1,2025-07-18 15:59:59.999,20228882.03895,60895,2373910.3,9131831.41548
2025-07-18 16:00:00,3.8478,3.9034,3.8436,3.8777,3304865.7,2025-07-18 16:59:59.999,12798485.42332,41610,1598700.8,6190448.75468
2025-07-18 17:00:00,3.8778,3.917,3.8614,3.8852,2462120.3,2025-07-18 17:59:59.999,9591087.08003,22486,1195973.9,4656709.20149
2025-07-18 18:00:00,3.8852,3.8852,3.844,3.8602,1646382.7,2025-07-18 18:59:59.999,6366381.07698,20351,807128.1,3120400.77803
2025-07-18 19:00:00,3.8601,3.8674,3.755,3.8057,6314904.9,2025-07-18 19:59:59.999,24000429.11311,60406,3220455.9,12240250.21638
2025-07-18 20:00:00,3.8058,3.8061,3.6519,3.74,7058067.3,2025-07-18 20:59:59.999,26295967.78796,83973,3379987.9,12592805.67064
2025-07-18 21:00:00,3.74,3.7815,3.7328,3.7596,2419122.0,2025-07-18 21:59:59.999,9098424.70929,23551,1285845.3,4836042.73655
2025-07-18 22:00:00,3.7596,3.7947,3.732,3.7592,1787291.3,2025-07-18 22:59:59.999,6732953.7638,19684,759705.1,2864712.35918
2025-07-18 23:00:00,3.7593,3.7903,3.7336,3.7819,2077653.5,2025-07-18 23:59:59.999,7821690.01546,23310,1105495.1,4161428.33138
2025-07-19 00:00:00,3.7817,3.7949,3.7161,3.7184,2149536.4,2025-07-19 00:59:59.999,8082623.06772,23738,959864.7,3607868.54743
2025-07-19 01:00:00,3.7187,3.7524,3.6914,3.7383,1964952.8,2025-07-19 01:59:59.999,7318971.76063,24875,935808.3,3484845.95747
2025-07-19 02:00:00,3.7384,3.7664,3.7166,3.76,1304385.2,2025-07-19 02:59:59.999,4882374.39969,18437,664412.8,2487630.25846
2025-07-19 03:00:00,3.76,3.8079,3.7591,3.7962,1588787.5,2025-07-19 03:59:59.999,6020572.8917,16268,786814.4,2981731.02975
2025-07-19 04:00:00,3.7962,3.8319,3.7917,3.8171,2094010.6,2025-07-19 04:59:59.999,7982978.87884,18031,961264.3,3664230.15408
2025-07-19 05:00:00,3.8176,3.82,3.7801,3.7965,2140730.1,2025-07-19 05:59:59.999,8131895.37547,18187,999450.0,3797863.92314
2025-07-19 06:00:00,3.7964,3.8035,3.764,3.7815,2157703.8,2025-07-19 06:59:59.999,8169479.95201,16274,830233.7,3139132.09319
2025-07-19 07:00:00,3.7815,3.7865,3.7613,3.7716,873820.3,2025-07-19 07:59:59.999,3300786.45621,11768,469629.5,1774034.78914
2025-07-19 08:00:00,3.7716,3.7854,3.7373,3.7529,1434765.2,2025-07-19 08:59:59.999,5386359.87617,19207,671164.7,2519352.46441
2025-07-19 09:00:00,3.7529,3.7804,3.748,3.7587,1000530.8,2025-07-19 09:59:59.999,3763872.7222,13041,513456.3,1931721.84848
2025-07-19 10:00:00,3.7588,3.7819,3.7408,3.772,1111400.4,2025-07-19 10:59:59.999,4178849.31131,12416,513641.4,1931303.67455
2025-07-19 11:00:00,3.7722,3.8135,3.7472,3.7892,2489147.1,2025-07-19 11:59:59.999,9416287.65532,26204,1009124.1,3812993.38062
2025-07-19 12:00:00,3.7893,3.8067,3.7541,3.8004,1498971.0,2025-07-19 12:59:59.999,5663143.03451,20761,771843.4,2915866.40663
2025-07-19 13:00:00,3.8004,3.8007,3.7688,3.7852,983394.7,2025-07-19 13:59:59.999,3721831.91091,15125,457490.8,1731201.37368
2025-07-19 14:00:00,3.7854,3.7917,3.7445,3.7556,1783250.3,2025-07-19 14:59:59.999,6708596.14156,25827,756591.2,2846455.11424
2025-07-19 15:00:00,3.7557,3.8024,3.7515,3.7787,1464080.7,2025-07-19 15:59:59.999,5541262.3483,16783,643685.8,2436333.83485
2025-07-19 16:00:00,3.7787,3.7912,3.7611,3.78,799290.5,2025-07-19 16:59:59.999,3020246.42793,14792,434603.5,1642537.21751
2025-07-19 17:00:00,3.7802,3.79,3.7652,3.7757,686029.4,2025-07-19 17:59:59.999,2593073.7254,11450,354207.5,1338887.85022
2025-07-19 18:00:00,3.7758,3.8075,3.7735,3.7779,828327.8,2025-07-19 18:59:59.999,3140669.03049,12078,368793.8,1397667.04154
2025-07-19 19:00:00,3.778,3.7982,3.7616,3.7875,901313.2,2025-07-19 19:59:59.999,3406246.69986,13318,413424.4,1562725.63662
2025-07-19 20:00:00,3.7874,3.8489,3.7849,3.8228,3045282.5,2025-07-19 20:59:59.999,11646075.687,23876,1807944.8,6907199.21693
2025-07-19 21:00:00,3.8227,3.8344,3.774,3.8003,1930676.1,2025-07-19 21:59:59.999,7337337.62943,20393,1110393.5,4221741.82468
2025-07-19 22:00:00,3.8002,3.8264,3.7915,3.8181,754274.9,2025-07-19 22:59:59.999,2875619.01511,12129,386137.5,1471792.42709
2025-07-19 23:00:00,3.8182,3.8556,3.811,3.8346,1282210.3,2025-07-19 23:59:59.999,4920902.34022,16509,590706.8,2267367.9756
2025-07-20 00:00:00,3.8348,3.864,3.81,3.8556,1154455.3,2025-07-20 00:59:59.999,4428724.13934,17481,556371.2,2134267.24709
2025-07-20 01:00:00,3.8555,3.8913,3.8375,3.843,2903727.9,2025-07-20 01:59:59.999,11234275.12371,25336,1113437.6,4305849.32562
2025-07-20 02:00:00,3.8429,3.8547,3.8308,3.845,818785.1,2025-07-20 02:59:59.999,3145790.21938,13479,442639.9,1700960.57458
2025-07-20 03:00:00,3.8449,3.8818,3.8401,3.8593,1135371.4,2025-07-20 03:59:59.999,4387192.87007,14912,583098.6,2251698.13598
2025-07-20 04:00:00,3.8592,3.8655,3.8431,3.8614,972986.7,2025-07-20 04:59:59.999,3750041.72487,12879,453638.4,1748568.47354
2025-07-20 05:00:00,3.8614,3.9158,3.8572,3.9045,1662058.2,2025-07-20 05:59:59.999,6457990.26361,17471,868678.4,3374361.83122
2025-07-20 06:00:00,3.9045,3.9067,3.8784,3.8881,1216850.3,2025-07-20 06:59:59.999,4735352.51699,14795,581753.6,2263391.9758
2025-07-20 07:00:00,3.8886,3.98,3.884,3.9592,3130510.9,2025-07-20 07:59:59.999,12320380.99309,30226,1738605.0,6839912.51395
2025-07-20 08:00:00,3.9593,3.9949,3.9458,3.9896,3255380.5,2025-07-20 08:59:59.999,12936529.17596,34751,1632438.2,6488822.5127
2025-07-20 09:00:00,3.99,3.9982,3.9564,3.9565,2059649.4,2025-07-20 09:59:59.999,8187426.65982,25971,1026589.4,4081442.26128
2025-07-20 10:00:00,3.9564,3.9699,3.9429,3.9482,1234521.5,2025-07-20 10:59:59.999,4884548.13456,17946,548559.7,2170487.20721
2025-07-20 11:00:00,3.9482,3.9839,3.947,3.965,1653901.5,2025-07-20 11:59:59.999,6554184.16984,19005,730247.2,2894271.0644
2025-07-20 12:00:00,3.9648,3.9876,3.9573,3.9783,2525018.0,2025-07-20 12:59:59.999,10035429.48098,22417,1055137.0,4192864.54299
2025-07-20 13:00:00,3.9784,4.033,3.9745,4.0328,2877343.9,2025-07-20 13:59:59.999,11518466.54496,27775,1657458.1,6636163.21877
2025-07-20 14:00:00,4.0327,4.0341,3.9819,4.0027,2393111.9,2025-07-20 14:59:59.999,9591277.73017,27433,1037572.4,4159019.58839
2025-07-20 15:00:00,4.0028,4.0152,3.988,4.0074,1766571.6,2025-07-20 15:59:59.999,7073500.46866,19642,976773.4,3912108.62086
2025-07-20 16:00:00,4.0075,4.0211,3.9532,3.9657,4151497.1,2025-07-20 16:59:59.999,16577929.07401,37150,2028110.3,8098706.64892
2025-07-20 17:00:00,3.9658,3.9668,3.8999,3.9047,4399760.3,2025-07-20 17:59:59.999,17299041.51241,49002,2081163.8,8183170.30219
2025-07-20 18:00:00,3.9048,3.9385,3.9029,3.9354,1466390.1,2025-07-20 18:59:59.999,5754567.24592,23545,814618.7,3196688.00237
2025-07-20 19:00:00,3.9354,3.9568,3.9345,3.9421,1251137.4,2025-07-20 19:59:59.999,4936306.81891,16381,552156.0,2178004.07405
2025-07-20 20:00:00,3.9422,3.9508,3.9156,3.9288,906784.4,2025-07-20 20:59:59.999,3565046.70514,15113,444879.7,1748897.58889
2025-07-20 21:00:00,3.9292,3.9305,3.8858,3.9168,2121201.2,2025-07-20 21:59:59.999,8287450.48626,22047,743798.0,2906424.19999
2025-07-20 22:00:00,3.9168,3.9214,3.8082,3.8826,5352904.7,2025-07-20 22:59:59.999,20654272.63676,61143,2452412.1,9466269.5729
2025-07-20 23:00:00,3.8824,3.9105,3.8556,3.891,2300454.8,2025-07-20 23:59:59.999,8936443.93151,26214,1213670.6,4709883.43213
2025-07-21 00:00:00,3.891,3.8956,3.835,3.8866,2426649.9,2025-07-21 00:59:59.999,9383176.14027,30821,1163958.8,4500731.93783
2025-07-21 01:00:00,3.8864,3.8985,3.8507,3.8966,1872879.2,2025-07-21 01:59:59.999,7262873.34759,23970,786617.7,3051584.47144
2025-07-21 02:00:00,3.8967,3.9581,3.8959,3.9581,2289809.5,2025-07-21 02:59:59.999,9003342.46618,24061,1139565.9,4480300.0361
2025-07-21 03:00:00,3.9581,3.9959,3.958,3.9769,2266054.5,2025-07-21 03:59:59.999,9020981.92699,21283,1104061.6,4395005.20141
2025-07-21 04:00:00,3.9769,3.9937,3.9616,3.9772,1869485.9,2025-07-21 04:59:59.999,7437726.15213,14506,738914.7,2940609.62125
2025-07-21 05:00:00,3.9771,3.9969,3.9655,3.9937,1368260.0,2025-07-21 05:59:59.999,5450899.25273,11831,591054.0,2355677.66099
2025-07-21 06:00:00,3.9937,4.0239,3.9818,3.9884,3371136.4,2025-07-21 06:59:59.999,13493504.03984,22532,1734244.6,6943681.01396
2025-07-21 07:00:00,3.9881,4.0196,3.987,4.002,1780055.5,2025-07-21 07:59:59.999,7126884.09274,14412,790666.4,3165960.22493
2025-07-21 08:00:00,4.002,4.0211,3.9844,4.0036,2617944.2,2025-07-21 08:59:59.999,10484435.54998,19101,1153408.7,4621014.07803
2025-07-21 09:00:00,4.0036,4.0092,3.9656,3.9938,2207035.6,2025-07-21 09:59:59.999,8795800.6776,20498,870699.6,3468926.383
2025-07-21 10:00:00,3.9939,4.0168,3.967,4.0124,1950771.8,2025-07-21 10:59:59.999,7791853.24613,18329,897084.6,3583372.05829
2025-07-21 11:00:00,4.0121,4.071,4.0085,4.0142,4193276.5,2025-07-21 11:59:59.999,16919043.22503,32390,2118425.9,8550457.2192
2025-07-21 12:00:00,4.0144,4.0459,3.9872,4.0233,2570998.0,2025-07-21 12:59:59.999,10327427.01091,27853,1352261.8,5432440.51676
2025-07-21 13:00:00,4.0234,4.0513,3.9907,4.0411,3634863.2,2025-07-21 13:59:59.999,14614643.22354,32735,1676358.7,6743785.7683
2025-07-21 14:00:00,4.0414,4.0521,4.0027,4.0279,2866959.6,2025-07-21 14:59:59.999,11558397.31707,32795,1444464.7,5824651.15875
2025-07-21 15:00:00,4.0275,4.0948,3.995,3.9987,6595629.7,2025-07-21 15:59:59.999,26666789.26783,61955,3239722.3,13108600.48278
2025-07-21 16:00:00,3.9987,4.009,3.9369,3.9941,5938618.1,2025-07-21 16:59:59.999,23610168.31318,64017,2854479.8,11343919.22834
2025-07-21 17:00:00,3.9938,4.0055,3.9608,3.988,2108022.1,2025-07-21 17:59:59.999,8400774.53135,28009,970303.8,3867731.46925
2025-07-21 18:00:00,3.988,4.0112,3.9452,3.9554,1782396.3,2025-07-21 18:59:59.999,7094956.25119,22901,836330.2,3331280.33416
2025-07-21 19:00:00,3.9554,3.9794,3.9207,3.9468,2078990.4,2025-07-21 19:59:59.999,8212864.69772,31781,933995.3,3689550.86423
2025-07-21 20:00:00,3.9469,3.9894,3.933,3.9491,2234578.2,2025-07-21 20:59:59.999,8855150.49513,24330,1208497.4,4790890.83223
2025-07-21 21:00:00,3.949,3.9774,3.9309,3.9705,967356.4,2025-07-21 21:59:59.999,3826690.55504,11149,409764.8,1622466.48867
2025-07-21 22:00:00,3.9705,3.9881,3.9519,3.9721,1264475.8,2025-07-21 22:59:59.999,5020801.27764,14451,686815.2,2727145.54372
2025-07-21 23:00:00,3.9722,3.9829,3.9494,3.961,874269.8,2025-07-21 23:59:59.999,3465736.1022,12152,433673.5,1718980.45597
2025-07-22 00:00:00,3.9611,4.0066,3.96,3.96,1696225.5,2025-07-22 00:59:59.999,6756571.52539,20350,759157.9,3023352.33288
2025-07-22 01:00:00,3.9599,4.0504,3.8657,4.0178,7246385.6,2025-07-22 01:59:59.999,28718658.68274,67242,3577367.3,14203765.12309
2025-07-22 02:00:00,4.0181,4.0336,3.9693,3.9892,3247693.8,2025-07-22 02:59:59.999,13017534.07857,32421,1409419.9,5650664.3225
2025-07-22 03:00:00,3.9889,4.0029,3.9149,3.9466,4037389.0,2025-07-22 03:59:59.999,15957796.43087,48875,1902364.9,7517378.04282
2025-07-22 04:00:00,3.9464,3.956,3.8119,3.8224,5766557.7,2025-07-22 04:59:59.999,22351950.66361,54584,2292933.1,8903809.87089
2025-07-22 05:00:00,3.8224,3.8771,3.8199,3.8567,6343947.8,2025-07-22 05:59:59.999,24399083.05122,46632,3649430.9,14036101.46713
2025-07-22 06:00:00,3.8567,3.9079,3.8419,3.8879,2881555.5,2025-07-22 06:59:59.999,11204608.60711,28989,1414556.4,5498776.62904
2025-07-22 07:00:00,3.888,3.9256,3.8657,3.8758,3032747.8,2025-07-22 07:59:59.999,11833637.27965,26910,1037625.2,4051455.64621
2025-07-22 08:00:00,3.8759,3.8761,3.8028,3.8496,3986797.2,2025-07-22 08:59:59.999,15293202.10971,39686,2087717.7,8007348.00858
2025-07-22 09:00:00,3.8495,3.8628,3.8059,3.848,2048250.0,2025-07-22 09:59:59.999,7853345.9745,26245,1040751.3,3990528.07212
2025-07-22 10:00:00,3.8477,3.8882,3.8303,3.8882,1618645.5,2025-07-22 10:59:59.999,6240963.24791,20470,916126.1,3533204.91987
2025-07-22 11:00:00,3.8883,3.9075,3.865,3.8944,1535895.4,2025-07-22 11:59:59.999,5973244.28859,20112,728655.4,2833805.11118
2025-07-22 12:00:00,3.8941,3.9059,3.8819,3.9002,1378656.1,2025-07-22 12:59:59.999,5370317.56875,19245,712545.6,2775556.14497
2025-07-22 13:00:00,3.9001,3.961,3.886,3.8941,5254148.5,2025-07-22 13:59:59.999,20591030.28077,59514,2461780.6,9647000.56352
2025-07-22 14:00:00,3.8942,3.9144,3.8377,3.9135,3869664.1,2025-07-22 14:59:59.999,15008674.95971,47680,1972796.7,7652270.00827
2025-07-22 15:00:00,3.9136,3.9444,3.8899,3.9246,2921300.0,2025-07-22 15:59:59.999,11448768.76068,36533,1422576.6,5575568.49598
2025-07-22 16:00:00,3.9242,3.9758,3.9164,3.9238,2482127.8,2025-07-22 16:59:59.999,9793817.24159,31413,1185626.2,4677790.7439
2025-07-22 17:00:00,3.9238,3.9405,3.891,3.9234,2045251.2,2025-07-22 17:59:59.999,8009046.98531,26880,1008187.4,3947566.7815
2025-07-22 18:00:00,3.9234,3.9686,3.904,3.9569,1962394.6,2025-07-22 18:59:59.999,7722982.4536,25420,969318.9,3813087.4327
2025-07-22 19:00:00,3.9569,3.9905,3.9158,3.9297,2749666.7,2025-07-22 19:59:59.999,10889107.6543,32526,1452840.4,5754831.3855
2025-07-22 20:00:00,3.9296,3.9755,3.9212,3.9567,1619722.6,2025-07-22 20:59:59.999,6415941.27169,22186,867698.2,3435773.7383
2025-07-22 21:00:00,3.9567,3.9692,3.9381,3.9644,894610.3,2025-07-22 21:59:59.999,3535198.97526,12781,546805.3,2160615.0371
2025-07-22 22:00:00,3.9644,3.9943,3.9637,3.9867,1496093.1,2025-07-22 22:59:59.999,5955960.86925,18698,753085.3,2998224.89999
2025-07-22 23:00:00,3.9868,4.0233,3.9856,4.0093,2496707.3,2025-07-22 23:59:59.999,10008997.10344,26254,1355328.5,5432319.23523
2025-07-23 00:00:00,4.0095,4.025,3.9694,3.9721,2143907.0,2025-07-23 00:59:59.999,8563299.36449,29405,1037553.1,4145103.42687
2025-07-23 01:00:00,3.9722,4.004,3.945,3.977,2323299.3,2025-07-23 01:59:59.999,9236035.63759,23638,1290272.7,5130915.74342
2025-07-23 02:00:00,3.9773,3.9849,3.9533,3.9596,1256261.2,2025-07-23 02:59:59.999,4987887.93983,18132,648569.6,2574800.09898
2025-07-23 03:00:00,3.9596,3.9695,3.9338,3.9418,933620.3,2025-07-23 03:59:59.999,3689056.60968,15963,451967.3,1785707.62335
2025-07-23 04:00:00,3.9418,3.9807,3.9338,3.9807,895356.1,2025-07-23 04:59:59.999,3545935.33856,13949,465635.4,1843146.93066
2025-07-23 05:00:00,3.9807,4.0264,3.9803,3.9975,3576635.0,2025-07-23 05:59:59.999,14328806.98231,32064,1665161.5,6672188.73186
2025-07-23 06:00:00,3.9975,4.0073,3.9512,3.9696,2662106.5,2025-07-23 06:59:59.999,10591389.17837,30144,1189564.3,4728873.39615
2025-07-23 07:00:00,3.9694,3.9799,3.9204,3.933,1941739.4,2025-07-23 07:59:59.999,7666425.43795,24844,853102.3,3366863.99348
2025-07-23 08:00:00,3.9331,3.966,3.9262,3.9654,1051326.3,2025-07-23 08:59:59.999,4151763.61855,15057,550305.4,2173513.56873
2025-07-23 09:00:00,3.9653,3.9702,3.8842,3.8943,2586514.1,2025-07-23 09:59:59.999,10124749.3762,29744,1211342.1,4742221.01108
2025-07-23 10:00:00,3.8943,3.9094,3.8666,3.9062,2435316.1,2025-07-23 10:59:59.999,9460396.78015,25604,1117549.2,4343579.6822
2025-07-23 11:00:00,3.9062,3.9144,3.8745,3.9076,1245202.3,2025-07-23 11:59:59.999,4853662.34857,16073,615659.6,2400289.61025
2025-07-23 12:00:00,3.9078,3.9154,3.825,3.8406,2901117.8,2025-07-23 12:59:59.999,11218264.9592,34794,1202047.1,4647794.09204
2025-07-23 13:00:00,3.8406,3.8628,3.673,3.719,13113912.3,2025-07-23 13:59:59.999,49267624.47418,142099,6032150.5,22655839.44877
2025-07-23 14:00:00,3.7187,3.7942,3.7061,3.7893,5298863.7,2025-07-23 14:59:59.999,19978155.15421,61357,2801156.9,10557502.08332
2025-07-23 15:00:00,3.7892,3.8231,3.7475,3.8174,3183377.2,2025-07-23 15:59:59.999,12048683.09601,34936,1460883.6,5528439.90007
2025-07-23 16:00:00,3.8174,3.8174,3.7001,3.7089,3720052.7,2025-07-23 16:59:59.999,13934638.92408,42937,1624802.4,6091338.39632
2025-07-23 17:00:00,3.7089,3.7192,3.6341,3.6962,5359477.8,2025-07-23 17:59:59.999,19698593.13665,64946,2332507.3,8573623.74379
2025-07-23 18:00:00,3.6964,3.7282,3.6841,3.7271,1764565.1,2025-07-23 18:59:59.999,6542087.65343,26133,942266.9,3493285.81474
2025-07-23 19:00:00,3.7271,3.7344,3.6933,3.6987,1539768.8,2025-07-23 19:59:59.999,5713681.66741,23313,734524.4,2726473.81734
2025-07-23 20:00:00,3.6985,3.7189,3.5933,3.6603,4077574.0,2025-07-23 20:59:59.999,14842306.05633,54910,1866100.2,6795759.9897
2025-07-23 21:00:00,3.6602,3.6805,3.5842,3.6748,3106018.0,2025-07-23 21:59:59.999,11289501.75896,32202,1478322.9,5374116.19597
2025-07-23 22:00:00,3.6749,3.7202,3.6457,3.7034,2899964.2,2025-07-23 22:59:59.999,10680391.04125,30378,1702326.4,6267876.41922
2025-07-23 23:00:00,3.7038,3.7309,3.7001,3.7179,1612907.4,2025-07-23 23:59:59.999,5998279.43943,15867,805093.8,2994270.81674
2025-07-24 00:00:00,3.7179,3.7909,3.7061,3.7755,2659158.2,2025-07-24 00:59:59.999,9992381.33359,30473,1384961.5,5201212.61913
2025-07-24 01:00:00,3.7756,3.7811,3.7433,3.7789,915406.2,2025-07-24 01:59:59.999,3446528.44857,12836,465328.2,1752109.63173
2025-07-24 02:00:00,3.7789,3.7819,3.7522,3.7646,764678.1,2025-07-24 02:59:59.999,2881683.56279,11865,372077.2,1402156.35907
2025-07-24 03:00:00,3.7647,3.7971,3.7578,3.76,938168.9,2025-07-24 03:59:59.999,3542685.0074,14695,410343.6,1550105.80911
2025-07-24 04:00:00,3.7603,3.7698,3.6742,3.6828,2160539.3,2025-07-24 04:59:59.999,8031609.94276,27973,1026078.5,3815597.92247
2025-07-24 05:00:00,3.6827,3.692,3.59,3.5911,4841254.6,2025-07-24 05:59:59.999,17670972.55491,52538,2149912.5,7854941.40433
2025-07-24 06:00:00,3.5912,3.6397,3.5125,3.5614,6556997.6,2025-07-24 06:59:59.999,23414847.71943,70240,2793440.7,9981565.30876
2025-07-24 07:00:00,3.5613,3.659,3.5201,3.6552,4747597.0,2025-07-24 07:59:59.999,17093928.40372,50481,2565563.7,9239827.19066
2025-07-24 08:00:00,3.6551,3.7123,3.6307,3.7045,2424504.4,2025-07-24 08:59:59.999,8923676.63014,30935,1116149.2,4109721.63693
2025-07-24 09:00:00,3.7047,3.7249,3.675,3.6994,3039190.2,2025-07-24 09:59:59.999,11242011.8417,26029,1936717.3,7162632.0259
2025-07-24 10:00:00,3.6998,3.7165,3.6354,3.6885,2341648.2,2025-07-24 10:59:59.999,8594709.86086,30738,1149093.0,4217793.67286
2025-07-24 11:00:00,3.6882,3.7488,3.6803,3.734,1866691.7,2025-07-24 11:59:59.999,6938535.73955,25870,943419.2,3505609.83357
2025-07-24 12:00:00,3.7337,3.7469,3.6908,3.7182,1930368.3,2025-07-24 12:59:59.999,7177887.88692,27216,1023496.9,3806850.63459
2025-07-24 13:00:00,3.7182,3.7481,3.6963,3.7018,2101902.9,2025-07-24 13:59:59.999,7830275.18588,38736,1022433.3,3808685.45295
2025-07-24 14:00:00,3.7018,3.8185,3.675,3.8123,3877990.6,2025-07-24 14:59:59.999,14540710.88459,44208,2034074.8,7631572.81448
2025-07-24 15:00:00,3.8124,3.847,3.7736,3.8289,6968952.1,2025-07-24 15:59:59.999,26616998.71435,71557,3317216.1,12667664.42922
2025-07-24 16:00:00,3.8289,3.834,3.7476,3.7743,3037977.7,2025-07-24 16:59:59.999,11507993.96646,46402,1428513.0,5416069.43334
2025-07-24 17:00:00,3.7743,3.8724,3.7698,3.8544,3203049.0,2025-07-24 17:59:59.999,12315851.05119,40604,1746769.1,6717023.62694
2025-07-24 18:00:00,3.8543,3.8708,3.8336,3.8428,1266179.9,2025-07-24 18:59:59.999,4874252.25432,21645,588083.1,2264288.84787
2025-07-24 19:00:00,3.8422,3.8642,3.822,3.8245,1154171.1,2025-07-24 19:59:59.999,4437490.52868,17114,460914.5,1772247.20541
2025-07-24 20:00:00,3.8244,3.8488,3.8162,3.8378,703295.2,2025-07-24 20:59:59.999,2695391.76372,14545,375817.5,1440616.77106
2025-07-24 21:00:00,3.838,3.8393,3.7587,3.7735,1558229.2,2025-07-24 21:59:59.999,5907663.67558,17181,613552.3,2328321.93572
2025-07-24 22:00:00,3.7735,3.785,3.7546,3.7593,955934.2,2025-07-24 22:59:59.999,3600986.69819,11999,581556.9,2190899.80717
2025-07-24 23:00:00,3.7592,3.7592,3.6929,3.7205,3343406.5,2025-07-24 23:59:59.999,12432830.21884,26330,1243388.1,4624846.96193
2025-07-25 00:00:00,3.7207,3.7253,3.6625,3.6726,2525866.7,2025-07-25 00:59:59.999,9317660.36689,39195,1220323.7,4502366.53704
2025-07-25 01:00:00,3.6725,3.7126,3.6432,3.6982,1970485.5,2025-07-25 01:59:59.999,7249878.5706,32416,1042771.9,3837416.72137
2025-07-25 02:00:00,3.6986,3.7032,3.6147,3.6266,2992529.3,2025-07-25 02:59:59.999,10923218.89616,34109,1444583.0,5273541.88764
2025-07-25 03:00:00,3.6268,3.6643,3.5918,3.62,3454809.8,2025-07-25 03:59:59.999,12502157.37088,47086,1695392.6,6137591.88559
2025-07-25 04:00:00,3.6197,3.6815,3.5889,3.6807,2985890.9,2025-07-25 04:59:59.999,10868792.43512,44334,1678063.1,6110621.94579
2025-07-25 05:00:00,3.6807,3.6871,3.63,3.636,2218025.6,2025-07-25 05:59:59.999,8118251.36174,28529,980872.8,3590519.25497
2025-07-25 06:00:00,3.6361,3.6736,3.6169,3.6559,1466798.3,2025-07-25 06:59:59.999,5342278.81021,23838,712691.3,2596201.10775
2025-07-25 07:00:00,3.6558,3.684,3.6071,3.6496,3076550.1,2025-07-25 07:59:59.999,11226854.17133,35139,1558711.9,5695061.49082
2025-07-25 08:00:00,3.6497,3.7004,3.64,3.6656,2491659.5,2025-07-25 08:59:59.999,9135190.99673,36030,1226032.8,4496403.03607
2025-07-25 09:00:00,3.6656,3.7284,3.6506,3.7257,2459231.3,2025-07-25 09:59:59.999,9084341.15863,33195,1109508.5,4102361.40445
2025-07-25 10:00:00,3.7257,3.75,3.7058,3.7483,1475961.2,2025-07-25 10:59:59.999,5506415.14737,23011,696230.2,2597230.50799
2025-07-25 11:00:00,3.7483,3.7885,3.7439,3.7595,1649435.2,2025-07-25 11:59:59.999,6212277.62403,20633,816686.9,3075523.43604
2025-07-25 12:00:00,3.7596,3.7823,3.7284,3.7621,1785535.6,2025-07-25 12:59:59.999,6706044.75729,25804,767151.4,2881151.13716
2025-07-25 13:00:00,3.7621,3.7693,3.7216,3.7575,2194919.4,2025-07-25 13:59:59.999,8223708.44748,30446,1061578.2,3977941.77794
2025-07-25 14:00:00,3.7575,3.7614,3.6442,3.6501,3750594.9,2025-07-25 14:59:59.999,13844634.5513,50160,1690043.6,6234955.39711
2025-07-25 15:00:00,3.6503,3.7033,3.6449,3.6683,3334053.0,2025-07-25 15:59:59.999,12250703.45986,43957,1670755.1,6139972.99005
2025-07-25 16:00:00,3.668,3.7459,3.6522,3.7314,2409328.6,2025-07-25 16:59:59.999,8892881.2122,36449,1271952.5,4695401.05514
2025-07-25 17:00:00,3.7312,3.7707,3.7281,3.7589,2017709.8,2025-07-25 17:59:59.999,7570153.9312,34780,855447.9,3210128.23904
2025-07-25 18:00:00,3.7589,3.8024,3.7357,3.7908,1992956.0,2025-07-25 18:59:59.999,7510965.1557,26957,1004759.6,3786755.28384
2025-07-25 19:00:00,3.7906,3.8545,3.7842,3.84,3163458.6,2025-07-25 19:59:59.999,12100264.54573,43631,1529944.8,5853532.64975
2025-07-25 20:00:00,3.8398,3.9669,3.8364,3.9299,5771677.1,2025-07-25 20:59:59.999,22585174.97122,63861,2857557.2,11181112.58136
2025-07-25 21:00:00,3.9297,3.9823,3.9297,3.9823,3195525.1,2025-07-25 21:59:59.999,12661991.57943,36587,1667503.0,6607983.55983
2025-07-25 22:00:00,3.9824,4.0026,3.9695,3.9993,2846336.1,2025-07-25 22:59:59.999,11354439.17606,30810,1591228.2,6348948.56773
2025-07-25 23:00:00,3.9993,4.0007,3.8,3.948,4066263.4,2025-07-25 23:59:59.999,16038926.60307,35731,1261178.9,4977678.16495
2025-07-26 00:00:00,3.9481,3.993,3.9379,3.9782,1517408.2,2025-07-26 00:59:59.999,6023632.80261,24446,717489.2,2847235.19884
2025-07-26 01:00:00,3.9784,3.986,3.9349,3.9403,1260286.7,2025-07-26 01:59:59.999,4985353.15756,15946,560674.6,2216638.84868
2025-07-26 02:00:00,3.9402,3.9811,3.9397,3.9683,2146697.5,2025-07-26 02:59:59.999,8513607.80101,17530,1084731.7,4301288.54782
2025-07-26 03:00:00,3.9682,3.985,3.9517,3.9819,1761650.4,2025-07-26 03:59:59.999,6995178.79271,12445,998294.2,3964094.96361
2025-07-26 04:00:00,3.9819,4.0067,3.9748,3.9954,2044385.0,2025-07-26 04:59:59.999,8166395.82275,14878,1091531.4,4361077.76337
2025-07-26 05:00:00,3.9956,4.0137,3.9758,4.0103,2069689.9,2025-07-26 05:59:59.999,8276223.7542,15024,859401.0,3437574.32464
2025-07-26 06:00:00,4.0103,4.025,3.9798,3.9893,2379877.9,2025-07-26 06:59:59.999,9520628.98399,15740,1081094.9,4325246.04306
2025-07-26 07:00:00,3.9892,4.0051,3.9849,3.9867,2429141.8,2025-07-26 07:59:59.999,9713224.26063,10093,858859.9,3433410.92625
2025-07-26 08:00:00,3.9867,4.0398,3.9867,4.0216,2276412.7,2025-07-26 08:59:59.999,9139705.59611,20009,1170901.9,4700730.62349
2025-07-26 09:00:00,4.0217,4.0745,4.0201,4.0712,3374740.7,2025-07-26 09:59:59.999,13656363.59593,24513,1962957.5,7943120.78972
2025-07-26 10:00:00,4.0711,4.0777,4.0252,4.0268,2372803.7,2025-07-26 10:59:59.999,9591571.11323,17817,1126116.0,4550565.89381
2025-07-26 11:00:00,4.0269,4.0608,4.026,4.0442,1526359.4,2025-07-26 11:59:59.999,6171480.77536,14939,642903.4,2599877.64451
2025-07-26 12:00:00,4.0443,4.082,4.0283,4.0809,2019432.1,2025-07-26 12:59:59.999,8204659.89946,18509,1096267.5,4455750.4702
2025-07-26 13:00:00,4.0808,4.0876,4.057,4.0644,2067056.7,2025-07-26 13:59:59.999,8416402.89908,20605,955027.8,3888748.71286
2025-07-26 14:00:00,4.0648,4.1679,4.0615,4.1308,5665771.1,2025-07-26 14:59:59.999,23303532.9917,46309,3261028.0,13406244.37892
2025-07-26 15:00:00,4.1308,4.2077,4.13,4.2047,8572754.4,2025-07-26 15:59:59.999,35788043.79956,58132,4177782.6,17444703.84333
2025-07-26 16:00:00,4.2047,4.3449,4.1879,4.285,13386347.3,2025-07-26 16:59:59.999,57106396.55478,136714,6750259.6,28804635.20537
2025-07-26 17:00:00,4.285,4.291,4.2031,4.2033,4527262.1,2025-07-26 17:59:59.999,19194254.80078,50515,2281574.5,9672249.49323
2025-07-26 18:00:00,4.2033,4.2345,4.1761,4.1909,3997532.1,2025-07-26 18:59:59.999,16782902.67095,39664,2308036.5,9689806.77833
2025-07-26 19:00:00,4.1909,4.2288,4.1685,4.204,4571420.5,2025-07-26 19:59:59.999,19214510.01488,37319,2911257.7,12237820.19813
2025-07-26 20:00:00,4.204,4.2135,4.1771,4.1974,1917459.0,2025-07-26 20:59:59.999,8042802.02044,19051,896042.1,3759346.35062
2025-07-26 21:00:00,4.1974,4.2028,4.1619,4.1987,1349839.8,2025-07-26 21:59:59.999,5645373.78247,15212,655548.8,2741627.66458
2025-07-26 22:00:00,4.1988,4.2072,4.18,4.1853,1637451.8,2025-07-26 22:59:59.999,6872210.75859,16004,912614.3,3831043.18193
2025-07-26 23:00:00,4.1858,4.1858,4.1412,4.1595,1542594.5,2025-07-26 23:59:59.999,6416989.64533,14855,664291.2,2763106.58193
2025-07-27 00:00:00,4.1597,4.1617,4.1254,4.1315,1474075.4,2025-07-27 00:59:59.999,6102835.38565,15214,631481.4,2615525.01128
2025-07-27 01:00:00,4.1314,4.1627,4.1204,4.1456,1461253.5,2025-07-27 01:59:59.999,6054230.85373,17204,713039.1,2955096.04844
2025-07-27 02:00:00,4.1455,4.1851,4.1304,4.1842,2030997.7,2025-07-27 02:59:59.999,8458603.27652,18079,1082124.3,4507211.67233
2025-07-27 03:00:00,4.1838,4.2147,4.169,4.2058,2436925.5,2025-07-27 03:59:59.999,10227228.33906,21424,1274477.3,5349348.32505
2025-07-27 04:00:00,4.2058,4.2152,4.1916,4.2006,1391289.5,2025-07-27 04:59:59.999,5847060.69283,12237,704438.6,2961493.80147
2025-07-27 05:00:00,4.2005,4.2198,4.1919,4.2189,1421384.3,2025-07-27 05:59:59.999,5983551.92663,13564,788797.7,3320840.80013
2025-07-27 06:00:00,4.2188,4.2555,4.207,4.2414,2605561.1,2025-07-27 06:59:59.999,11027022.57115,20872,1551682.5,6567176.97719
2025-07-27 07:00:00,4.2414,4.2482,4.2054,4.2159,2751027.8,2025-07-27 07:59:59.999,11621791.68713,20702,1261378.9,5328826.05527
2025-07-27 08:00:00,4.2159,4.2466,4.1961,4.218,4389570.4,2025-07-27 08:59:59.999,18542058.78282,26120,2682816.2,11332452.41185
2025-07-27 09:00:00,4.218,4.2205,4.1615,4.1799,2438586.7,2025-07-27 09:59:59.999,10213338.48747,22959,985281.1,4128632.1248
2025-07-27 10:00:00,4.18,4.2246,4.175,4.22,2062589.9,2025-07-27 10:59:59.999,8665840.43231,17946,1103989.9,4638421.47455
2025-07-27 11:00:00,4.2201,4.3027,4.2184,4.2839,4969754.1,2025-07-27 11:59:59.999,21193830.83465,45564,2760351.5,11770183.34742
2025-07-27 12:00:00,4.2839,4.4192,4.2747,4.4111,10406764.5,2025-07-27 12:59:59.999,45184945.41441,84575,6168469.4,26793295.07525
2025-07-27 13:00:00,4.4112,4.4289,4.2342,4.2412,13492087.8,2025-07-27 13:59:59.999,58675657.47024,91341,7749632.0,33745862.88603
2025-07-27 14:00:00,4.2416,4.2779,4.2211,4.2495,9978806.3,2025-07-27 14:59:59.999,42370546.98271,69408,3824441.6,16235780.08291
2025-07-27 15:00:00,4.2495,4.2595,4.2098,4.2306,3102394.1,2025-07-27 15:59:59.999,13126205.4474,25131,1490027.3,6305071.41903
2025-07-27 16:00:00,4.2307,4.3,4.2301,4.2932,4184334.7,2025-07-27 16:59:59.999,17898717.55765,37846,2264394.7,9686487.29792
2025-07-27 17:00:00,4.2933,4.3363,4.2787,4.323,3316799.6,2025-07-27 17:59:59.999,14312821.76131,33095,1873823.6,8085626.76598
2025-07-27 18:00:00,4.3229,4.3556,4.2891,4.3509,2610573.2,2025-07-27 18:59:59.999,11276047.8321,25147,1233143.4,5325728.035
2025-07-27 19:00:00,4.3509,4.3688,4.3277,4.3322,2390520.5,2025-07-27 19:59:59.999,10397795.20387,27149,1192934.3,5189089.92895
2025-07-27 20:00:00,4.332,4.3776,4.3136,4.3209,2006401.6,2025-07-27 20:59:59.999,8718981.7711,21518,1128501.2,4904002.36104
2025-07-27 21:00:00,4.321,4.3317,4.3,4.3135,1246545.9,2025-07-27 21:59:59.999,5380508.81748,15799,652540.2,2816529.48292
2025-07-27 22:00:00,4.3136,4.355,4.3097,4.3128,1768205.5,2025-07-27 22:59:59.999,7665973.1912,19093,1023091.9,4437512.4399
2025-07-27 23:00:00,4.3127,4.3673,4.3059,4.326,2197711.8,2025-07-27 23:59:59.999,9531549.08736,26200,1119011.0,4848987.34932
2025-07-28 00:00:00,4.326,4.4436,4.3259,4.3907,5568635.7,2025-07-28 00:59:59.999,24487894.10382,68573,3082331.0,13554261.04507
2025-07-28 01:00:00,4.3907,4.3919,4.2898,4.2985,4295004.9,2025-07-28 01:59:59.999,18585811.15564,42039,1783134.3,7720981.30091
2025-07-28 02:00:00,4.2985,4.3409,4.2888,4.3062,2781136.5,2025-07-28 02:59:59.999,11997288.90921,30242,1412752.1,6093758.01589
2025-07-28 03:00:00,4.3062,4.3084,4.2436,4.2837,3465684.7,2025-07-28 03:59:59.999,14788316.14128,27543,1575821.2,6723617.08822
2025-07-28 04:00:00,4.2835,4.3142,4.2629,4.3041,2295263.4,2025-07-28 04:59:59.999,9833024.46973,25148,1372716.9,5881909.67641
2025-07-28 05:00:00,4.3041,4.3348,4.2924,4.318,2371965.9,2025-07-28 05:59:59.999,10221875.2253,29772,1321343.3,5695206.32821
2025-07-28 06:00:00,4.3181,4.3255,4.2616,4.2697,2842694.2,2025-07-28 06:59:59.999,12186409.98897,33885,1462024.9,6264848.5197
2025-07-28 07:00:00,4.2699,4.273,4.2266,4.2481,2860001.6,2025-07-28 07:59:59.999,12142678.78352,34424,1378616.4,5854597.25597
2025-07-28 08:00:00,4.248,4.2638,4.2217,4.2307,1802188.5,2025-07-28 08:59:59.999,7643824.61016,22531,775501.8,3290513.21876
2025-07-28 09:00:00,4.2306,4.2491,4.2235,4.2242,1974764.3,2025-07-28 09:59:59.999,8363143.51389,26054,1215002.4,5146388.08873
2025-07-28 10:00:00,4.2243,4.2404,4.2045,4.2301,2058599.5,2025-07-28 10:59:59.999,8686940.79402,25537,955240.2,4030948.17898
2025-07-28 11:00:00,4.2301,4.2571,4.2112,4.2327,2536880.5,2025-07-28 11:59:59.999,10750087.23101,22473,1280207.9,5425363.47166
2025-07-28 12:00:00,4.2327,4.2488,4.1642,4.204,5475793.5,2025-07-28 12:59:59.999,23039349.50551,43422,2593783.2,10916888.88848
2025-07-28 13:00:00,4.2041,4.2218,4.1614,4.1871,3660210.3,2025-07-28 13:59:59.999,15357242.93915,49697,1721389.0,7223315.64985
2025-07-28 14:00:00,4.187,4.1928,4.0632,4.0908,6956533.3,2025-07-28 14:59:59.999,28606313.42693,71376,2982135.0,12259805.9361
2025-07-28 15:00:00,4.0907,4.1277,4.0428,4.062,3776564.7,2025-07-28 15:59:59.999,15448915.67101,39968,1814552.5,7426189.67946
2025-07-28 16:00:00,4.062,4.0769,4.0308,4.0434,3084872.4,2025-07-28 16:59:59.999,12497136.63497,38473,1438382.2,5828346.47835
2025-07-28 17:00:00,4.0433,4.053,3.995,4.0102,3837381.6,2025-07-28 17:59:59.999,15420142.29402,40761,1806007.9,7260189.40155
2025-07-28 18:00:00,4.0102,4.0239,3.9638,3.9944,6998486.2,2025-07-28 18:59:59.999,27900798.18764,44168,3890672.8,15507885.57706
2025-07-28 19:00:00,3.9944,4.0214,3.9734,3.9824,2811111.0,2025-07-28 19:59:59.999,11241922.1151,30339,1437720.6,5749998.61859
2025-07-28 20:00:00,3.9822,3.9939,3.9176,3.9415,4673224.9,2025-07-28 20:59:59.999,18455948.87065,49686,2225312.2,8786400.57692
2025-07-28 21:00:00,3.9414,3.977,3.924,3.9575,2252139.4,2025-07-28 21:59:59.999,8908369.5621,23455,1192071.9,4714839.99107
2025-07-28 22:00:00,3.9574,3.9706,3.915,3.9381,2520039.8,2025-07-28 22:59:59.999,9937478.32229,36677,1099054.5,4333799.17459
2025-07-28 23:00:00,3.9382,3.9481,3.8818,3.9084,3298480.8,2025-07-28 23:59:59.999,12924361.26417,40261,1199594.7,4702344.71195
2025-07-29 00:00:00,3.9084,3.956,3.8848,3.9258,4868220.9,2025-07-29 00:59:59.999,19095081.32929,57388,2374036.8,9316220.2688
2025-07-29 01:00:00,3.9258,3.9712,3.9126,3.9206,4342867.7,2025-07-29 01:59:59.999,17124855.82034,32889,1814342.5,7157511.66598
2025-07-29 02:00:00,3.9206,3.9362,3.88,3.892,2729640.7,2025-07-29 02:59:59.999,10648374.99602,36878,1145635.6,4470275.68495
2025-07-29 03:00:00,3.892,3.9547,3.892,3.946,2848498.3,2025-07-29 03:59:59.999,11185500.84215,32490,1379098.2,5417126.90798
2025-07-29 04:00:00,3.946,3.9746,3.9327,3.9385,2432270.5,2025-07-29 04:59:59.999,9614141.11183,26978,1193686.9,4720503.97053
2025-07-29 05:00:00,3.9385,3.973,3.9365,3.9676,1441009.1,2025-07-29 05:59:59.999,5703287.31716,20883,858154.4,3396574.66048
2025-07-29 06:00:00,3.9676,3.9873,3.9519,3.9593,2356646.4,2025-07-29 06:59:59.999,9363341.52492,26076,1189233.9,4723971.66125
2025-07-29 07:00:00,3.9593,3.9978,3.9593,3.9928,2137875.6,2025-07-29 07:59:59.999,8508653.34784,24826,1143467.8,4552424.06496
2025-07-29 08:00:00,3.9929,4.008,3.9557,3.9584,2306215.2,2025-07-29 08:59:59.999,9177226.43258,25142,1189719.7,4735696.47287
2025-07-29 09:00:00,3.9584,3.9615,3.935,3.9475,1417425.7,2025-07-29 09:59:59.999,5594633.58481,18362,748578.5,2954783.35003
2025-07-29 10:00:00,3.9475,3.9531,3.8727,3.8813,2884435.0,2025-07-29 10:59:59.999,11280191.05464,26079,1353159.2,5294583.76944
2025-07-29 11:00:00,3.8813,3.9219,3.8789,3.8962,1518122.8,2025-07-29 11:59:59.999,5923192.15081,20025,690063.3,2692796.67107
2025-07-29 12:00:00,3.8964,3.9157,3.8733,3.8969,3268150.8,2025-07-29 12:59:59.999,12731301.0516,30520,1970176.1,7677592.80859
2025-07-29 13:00:00,3.8971,3.9241,3.83,3.8487,6413063.3,2025-07-29 13:59:59.999,24945035.91519,58827,2400406.6,9336208.76984
2025-07-29 14:00:00,3.8488,3.8503,3.7697,3.8126,10251982.3,2025-07-29 14:59:59.999,39038282.73002,78500,5064055.4,19282526.39578
2025-07-29 15:00:00,3.8125,3.8275,3.7854,3.7979,3324983.4,2025-07-29 15:59:59.999,12655645.84003,42577,1704391.9,6488602.16843
2025-07-29 16:00:00,3.7979,3.8211,3.751,3.8199,3576909.7,2025-07-29 16:59:59.999,13529648.92379,43802,1812532.5,6856012.60167
2025-07-29 17:00:00,3.8198,3.8597,3.8069,3.84,2125083.7,2025-07-29 17:59:59.999,8155547.33767,25327,1393285.3,5347483.35466
2025-07-29 18:00:00,3.8399,3.856,3.8196,3.8415,990682.9,2025-07-29 18:59:59.999,3802834.11704,13924,510527.9,1960834.04757
2025-07-29 19:00:00,3.8415,3.8543,3.8088,3.8166,995054.9,2025-07-29 19:59:59.999,3809442.99344,15070,458953.1,1757333.72252
2025-07-29 20:00:00,3.8167,3.8375,3.78,3.8092,1637423.7,2025-07-29 20:59:59.999,6228888.85381,24908,696692.1,2651952.40817
2025-07-29 21:00:00,3.8092,3.8454,3.7906,3.8297,950729.6,2025-07-29 21:59:59.999,3623236.37674,14190,537547.6,2048532.97094
2025-07-29 22:00:00,3.8299,3.8382,3.7985,3.8288,1087491.7,2025-07-29 22:59:59.999,4152326.09026,16628,547957.5,2092041.96793
2025-07-29 23:00:00,3.829,3.83,3.8047,3.8128,918473.6,2025-07-29 23:59:59.999,3504117.63014,15127,407478.7,1554778.29355
2025-07-30 00:00:00,3.8128,3.8147,3.7568,3.7908,1423623.7,2025-07-30 00:59:59.999,5387681.1824,21538,619485.7,2344732.96861
2025-07-30 01:00:00,3.7908,3.8301,3.7612,3.8146,3031788.2,2025-07-30 01:59:59.999,11541314.9274,23882,1374796.2,5231446.22177
2025-07-30 02:00:00,3.8144,3.8312,3.7845,3.8114,3329728.4,2025-07-30 02:59:59.999,12667567.559,18825,1547930.8,5886245.17332
2025-07-30 03:00:00,3.8115,3.8426,3.8062,3.8139,2676688.1,2025-07-30 03:59:59.999,10249509.76208,23771,1044347.5,3999454.90812
2025-07-30 04:00:00,3.8139,3.8271,3.7777,3.7826,2527026.4,2025-07-30 04:59:59.999,9599194.45609,26106,887137.4,3369376.38729
2025-07-30 05:00:00,3.7825,3.8058,3.7647,3.7979,1497896.1,2025-07-30 05:59:59.999,5671023.2109,17912,853302.2,3230640.64809
2025-07-30 06:00:00,3.7979,3.8172,3.7961,3.8115,1123771.6,2025-07-30 06:59:59.999,4280912.48722,14094,691851.0,2635925.08765
2025-07-30 07:00:00,3.8115,3.8218,3.7712,3.7793,1515206.9,2025-07-30 07:59:59.999,5750875.10767,18668,722823.5,2743631.79154
2025-07-30 08:00:00,3.7792,3.8018,3.7535,3.7819,1631314.4,2025-07-30 08:59:59.999,6159905.67243,21578,987755.1,3730405.97166
2025-07-30 09:00:00,3.7819,3.7879,3.7423,3.7653,2430839.8,2025-07-30 09:59:59.999,9141190.3639,28232,1164724.1,4379913.7353
2025-07-30 10:00:00,3.7653,3.7959,3.7506,3.7561,1989973.3,2025-07-30 10:59:59.999,7511334.2065,21277,1275452.9,4816194.66533
2025-07-30 11:00:00,3.7561,3.7715,3.6871,3.7062,5507360.5,2025-07-30 11:59:59.999,20517836.0833,44206,2467792.3,9206424.14244
2025-07-30 12:00:00,3.7062,3.7389,3.65,3.7286,3456209.0,2025-07-30 12:59:59.999,12796722.46331,40198,1652150.9,6129631.81804
2025-07-30 13:00:00,3.7286,3.7549,3.7067,3.7272,4065740.8,2025-07-30 13:59:59.999,15147327.55955,40907,2255520.9,8403320.37978
2025-07-30 14:00:00,3.7273,3.8559,3.7171,3.81,3999728.7,2025-07-30 14:59:59.999,15127679.18254,41182,2481929.8,9389673.38332
2025-07-30 15:00:00,3.8105,3.8154,3.7557,3.7911,4211177.2,2025-07-30 15:59:59.999,15925612.70503,36799,1838872.9,6952781.14453
2025-07-30 16:00:00,3.7912,3.8134,3.7729,3.7909,2316063.2,2025-07-30 16:59:59.999,8786013.72323,21833,1404308.4,5327094.09327
2025-07-30 17:00:00,3.791,3.8013,3.7711,3.7967,1115292.3,2025-07-30 17:59:59.999,4225462.55128,13642,631528.4,2393213.95344
2025-07-30 18:00:00,3.7967,3.8135,3.7216,3.7244,3618989.7,2025-07-30 18:59:59.999,13638861.73042,44308,1714730.6,6467578.06087
2025-07-30 19:00:00,3.724,3.7862,3.62,3.766,8133076.4,2025-07-30 19:59:59.999,30075435.71888,68220,4064769.1,15040128.20036
2025-07-30 20:00:00,3.7659,3.7914,3.7474,3.7582,2818916.8,2025-07-30 20:59:59.999,10635482.27555,18279,1635477.2,6170232.08879
2025-07-30 21:00:00,3.7581,3.7753,3.7256,3.7436,1011939.9,2025-07-30 21:59:59.999,3794129.99016,11590,454979.8,1707043.65765
2025-07-30 22:00:00,3.7435,3.7537,3.7167,3.7352,1287262.4,2025-07-30 22:59:59.999,4800514.47521,14562,725812.6,2707034.47839
2025-07-30 23:00:00,3.7351,3.7687,3.7335,3.758,2705706.5,2025-07-30 23:59:59.999,10155621.5632,17051,1730747.6,6495048.54709
2025-07-31 00:00:00,3.7582,3.8127,3.7482,3.7962,1675870.5,2025-07-31 00:59:59.999,6340210.97368,15608,976122.7,3692467.23884
2025-07-31 01:00:00,3.7963,3.8169,3.7828,3.8054,1114203.0,2025-07-31 01:59:59.999,4236014.10214,12448,610815.6,2322871.26813
2025-07-31 02:00:00,3.8053,3.8406,3.7938,3.8399,1263935.8,2025-07-31 02:59:59.999,4820098.01449,12704,633120.7,2416533.0207
2025-07-31 03:00:00,3.84,3.8777,3.824,3.8665,2299391.5,2025-07-31 03:59:59.999,8854834.98823,19396,1330853.6,5125204.12698
2025-07-31 04:00:00,3.8666,3.8689,3.8268,3.8526,1480020.2,2025-07-31 04:59:59.999,5693132.19372,12833,727905.9,2799841.52073
2025-07-31 05:00:00,3.8528,3.8698,3.8439,3.8656,1584073.9,2025-07-31 05:59:59.999,6112992.81053,12503,998652.8,3853559.12731
2025-07-31 06:00:00,3.8656,3.9199,3.8441,3.9138,4287756.7,2025-07-31 06:59:59.999,16663790.49084,30903,2166402.8,8413233.47649
2025-07-31 07:00:00,3.9139,3.9293,3.8991,3.9248,2561737.2,2025-07-31 07:59:59.999,10023904.53223,27670,1521741.5,5953972.95813
2025-07-31 08:00:00,3.9247,3.9609,3.9117,3.9527,2425601.0,2025-07-31 08:59:59.999,9561305.61307,26193,1343589.3,5296470.44807
2025-07-31 09:00:00,3.9526,3.9527,3.9126,3.9207,1566728.9,2025-07-31 09:59:59.999,6150654.96022,15234,671743.5,2636861.25347
2025-07-31 10:00:00,3.9207,3.9235,3.8909,3.8938,1437122.5,2025-07-31 10:59:59.999,5620232.78535,12763,637670.5,2494203.06733
2025-07-31 11:00:00,3.8937,3.9068,3.8758,3.8875,1464460.0,2025-07-31 11:59:59.999,5697228.374,14184,629468.1,2448775.83782
2025-07-31 12:00:00,3.8878,3.8901,3.8383,3.8408,3704053.4,2025-07-31 12:59:59.999,14301983.79953,23325,2024359.5,7810634.85433
2025-07-31 13:00:00,3.8408,3.8422,3.7507,3.8002,6359303.8,2025-07-31 13:59:59.999,24079833.07522,48626,3310035.6,12524920.41252
2025-07-31 14:00:00,3.8002,3.8119,3.7355,3.7541,3483980.6,2025-07-31 14:59:59.999,13124200.6044,38388,1576468.6,5940703.25217
2025-07-31 15:00:00,3.754,3.7846,3.7437,3.7628,2213359.6,2025-07-31 15:59:59.999,8331821.05702,26436,1190022.2,4479673.44238
2025-07-31 16:00:00,3.7627,3.8359,3.7561,3.7952,2516740.0,2025-07-31 16:59:59.999,9557707.38233,29606,1314445.7,4989936.18312
2025-07-31 17:00:00,3.7952,3.7956,3.7341,3.7483,2291369.5,2025-07-31 17:59:59.999,8609985.86449,30598,1233470.9,4635100.12052
2025-07-31 18:00:00,3.7487,3.7548,3.7082,3.737,2114147.7,2025-07-31 18:59:59.999,7889873.81756,26843,901161.9,3363924.48855
2025-07-31 19:00:00,3.7372,3.7451,3.685,3.6973,1816994.9,2025-07-31 19:59:59.999,6736069.84564,24752,834551.3,3094770.91285
2025-07-31 20:00:00,3.6973,3.7101,3.6746,3.6885,2053867.4,2025-07-31 20:59:59.999,7584262.29196,23922,1012167.0,3738744.87408
2025-07-31 21:00:00,3.6884,3.7108,3.6482,3.6821,1582200.7,2025-07-31 21:59:59.999,5825101.08383,19392,779467.3,2871383.73385
2025-07-31 22:00:00,3.6821,3.6821,3.6219,3.6299,2092653.7,2025-07-31 22:59:59.999,7626425.24035,29184,840092.7,3064155.13172
2025-07-31 23:00:00,3.6301,3.6532,3.5896,3.614,2435905.5,2025-07-31 23:59:59.999,8813413.38292,32592,1128756.9,4089008.93264
2025-08-01 00:00:00,3.6138,3.6155,3.4952,3.5789,10181960.0,2025-08-01 00:59:59.999,36239264.49976,89172,4940002.0,17605298.5979
2025-08-01 01:00:00,3.5787,3.5979,3.493,3.5643,11756739.1,2025-08-01 01:59:59.999,41486452.77589,77808,7001523.8,24667369.21737
2025-08-01 02:00:00,3.564,3.6263,3.5545,3.6158,4966624.1,2025-08-01 02:59:59.999,17874615.58173,48058,2277537.4,8192712.16075
2025-08-01 03:00:00,3.6155,3.6343,3.5964,3.6035,3879915.6,2025-08-01 03:59:59.999,14039580.13881,33676,1697945.9,6142747.2971
2025-08-01 04:00:00,3.6034,3.6034,3.5684,3.5788,2482572.8,2025-08-01 04:59:59.999,8892438.40456,30801,1105682.2,3960866.15552
2025-08-01 05:00:00,3.5789,3.5987,3.536,3.5537,2777663.6,2025-08-01 05:59:59.999,9901537.55847,37753,1087969.6,3877292.25856
2025-08-01 06:00:00,3.5537,3.5595,3.5033,3.5392,2773351.4,2025-08-01 06:59:59.999,9791323.12349,37246,1377011.3,4860742.60852
2025-08-01 07:00:00,3.5393,3.5529,3.4974,3.5267,4285512.6,2025-08-01 07:59:59.999,15054315.82956,39435,2268889.1,7966289.23915
2025-08-01 08:00:00,3.5266,3.5266,3.435,3.4677,9964892.2,2025-08-01 08:59:59.999,34548971.27896,80488,4949025.4,17162047.05918
2025-08-01 09:00:00,3.4677,3.5285,3.4651,3.4826,3962313.0,2025-08-01 09:59:59.999,13875856.12072,35148,2159294.4,7565636.82873
2025-08-01 10:00:00,3.4827,3.5131,3.4753,3.4862,3074397.8,2025-08-01 10:59:59.999,10730301.9586,24195,1732954.4,6048218.62343
2025-08-01 11:00:00,3.4864,3.517,3.47,3.5103,2109489.7,2025-08-01 11:59:59.999,7374754.47886,21014,1190003.9,4160112.00517
2025-08-01 12:00:00,3.5102,3.538,3.4779,3.5017,5840074.8,2025-08-01 12:59:59.999,20487870.09155,46149,3507035.3,12302638.93346
2025-08-01 13:00:00,3.5018,3.539,3.4162,3.4467,7116606.4,2025-08-01 13:59:59.999,24789020.24199,57687,3220829.2,11218702.33185
2025-08-01 14:00:00,3.4471,3.5552,3.4249,3.544,4959982.3,2025-08-01 14:59:59.999,17401605.30145,51932,2704078.2,9487487.37506
2025-08-01 15:00:00,3.544,3.5546,3.4868,3.5482,5806674.0,2025-08-01 15:59:59.999,20498018.86065,45965,2831995.8,9990911.49817
2025-08-01 16:00:00,3.5479,3.5972,3.54,3.554,4336446.3,2025-08-01 16:59:59.999,15497798.79386,36644,2282329.3,8157329.39562
2025-08-01 17:00:00,3.5539,3.5799,3.5074,3.5362,2914527.4,2025-08-01 17:59:59.999,10313293.39519,38979,1476048.3,5224416.81494
2025-08-01 18:00:00,3.5361,3.589,3.5142,3.5543,3241256.3,2025-08-01 18:59:59.999,11507742.26903,45018,1534932.8,5449758.17793
2025-08-01 19:00:00,3.5543,3.5818,3.5379,3.5632,2212098.9,2025-08-01 19:59:59.999,7875204.24351,36367,1067439.0,3799341.31651
2025-08-01 20:00:00,3.5632,3.5741,3.4727,3.5269,3091517.4,2025-08-01 20:59:59.999,10843228.1335,40893,1461252.6,5124412.66889
2025-08-01 21:00:00,3.5269,3.5545,3.5069,3.5113,1652430.6,2025-08-01 21:59:59.999,5838803.1406,19465,704620.9,2490109.96731
2025-08-01 22:00:00,3.5114,3.513,3.3543,3.4132,7458768.0,2025-08-01 22:59:59.999,25472180.93687,86666,3565886.8,12194326.50956
2025-08-01 23:00:00,3.4132,3.4719,3.4059,3.4592,2004597.4,2025-08-01 23:59:59.999,6898401.91595,25472,1051834.0,3619685.23527
2025-08-02 00:00:00,3.4591,3.5043,3.4461,3.4983,2216068.2,2025-08-02 00:59:59.999,7725513.46185,24339,1125057.0,3921966.82001
2025-08-02 01:00:00,3.4984,3.5006,3.4724,3.497,872193.1,2025-08-02 01:59:59.999,3042016.51964,12167,438137.1,1528455.21881
2025-08-02 02:00:00,3.497,3.501,3.4827,3.4899,673032.3,2025-08-02 02:59:59.999,2349427.61737,8923,359219.5,1253887.23076
2025-08-02 03:00:00,3.4897,3.5164,3.4897,3.5015,2225701.7,2025-08-02 03:59:59.999,7796145.11186,13940,1114925.2,3905058.48138
2025-08-02 04:00:00,3.5016,3.5299,3.49,3.5297,886184.5,2025-08-02 04:59:59.999,3113875.45355,10348,528156.8,1855889.44347
2025-08-02 05:00:00,3.5296,3.5346,3.5151,3.5246,833512.6,2025-08-02 05:59:59.999,2939321.82335,9483,451006.4,1590546.10502
2025-08-02 06:00:00,3.5246,3.5297,3.436,3.4554,1977242.0,2025-08-02 06:59:59.999,6859303.88758,29117,929058.2,3220491.48389
2025-08-02 07:00:00,3.4552,3.5142,3.4274,3.5093,1966064.7,2025-08-02 07:59:59.999,6830415.38682,26586,1041918.1,3619758.08455
2025-08-02 08:00:00,3.5094,3.514,3.4525,3.4556,2031613.9,2025-08-02 08:59:59.999,7070902.02944,23535,829895.5,2887499.43557
2025-08-02 09:00:00,3.4556,3.4767,3.4388,3.4556,951826.4,2025-08-02 09:59:59.999,3287661.49299,18728,495809.8,1712953.28377
2025-08-02 10:00:00,3.4557,3.4577,3.386,3.4109,2656960.9,2025-08-02 10:59:59.999,9069395.9736,30195,1192583.9,4071764.38928
2025-08-02 11:00:00,3.4109,3.4443,3.3888,3.4205,1033944.6,2025-08-02 11:59:59.999,3534356.59421,17174,516024.4,1763399.80956
2025-08-02 12:00:00,3.4204,3.4241,3.3924,3.4162,920343.6,2025-08-02 12:59:59.999,3136476.83621,18634,489842.9,1669288.18256
2025-08-02 13:00:00,3.4161,3.4466,3.3925,3.434,1388199.2,2025-08-02 13:59:59.999,4742591.20011,21054,750182.9,2562422.44798
2025-08-02 14:00:00,3.4339,3.4382,3.3651,3.3788,2455101.1,2025-08-02 14:59:59.999,8322746.72862,31163,1254925.1,4255138.77616
2025-08-02 15:00:00,3.3787,3.4141,3.349,3.3614,2404380.2,2025-08-02 15:59:59.999,8115458.27997,32077,1049352.7,3543833.69894
2025-08-02 16:00:00,3.3617,3.3845,3.3183,3.3681,2999843.4,2025-08-02 16:59:59.999,10048727.48444,43301,1386568.7,4645818.63747
2025-08-02 17:00:00,3.368,3.3939,3.3107,3.3295,2753583.1,2025-08-02 17:59:59.999,9244446.44357,31974,1317539.7,4421807.01474
2025-08-02 18:00:00,3.3295,3.3383,3.2663,3.2848,4356371.7,2025-08-02 18:59:59.999,14376169.59732,54486,1813285.4,5985929.9059
2025-08-02 19:00:00,3.2845,3.3503,3.2715,3.316,2515531.6,2025-08-02 19:59:59.999,8340594.33929,32489,1250612.3,4145381.02626
2025-08-02 20:00:00,3.3163,3.35,3.3142,3.3474,1432229.7,2025-08-02 20:59:59.999,4767916.78363,22006,750814.9,2499450.72185
2025-08-02 21:00:00,3.3474,3.3698,3.3231,3.3511,1321067.2,2025-08-02 21:59:59.999,4421098.81224,16108,686408.3,2297570.77543
2025-08-02 22:00:00,3.351,3.3727,3.3277,3.3576,1159076.2,2025-08-02 22:59:59.999,3885287.96034,17389,610796.8,2047568.29507
2025-08-02 23:00:00,3.3577,3.3632,3.3014,3.3344,1822302.1,2025-08-02 23:59:59.999,6065716.56117,27462,863968.0,2875626.0367
2025-08-03 00:00:00,3.3344,3.37,3.2803,3.3635,2758168.6,2025-08-03 00:59:59.999,9186422.55967,40145,1518867.2,5062056.62193
2025-08-03 01:00:00,3.3632,3.3847,3.3478,3.366,1728545.3,2025-08-03 01:59:59.999,5818272.54022,23877,902841.1,3040500.48225
2025-08-03 02:00:00,3.3659,3.4401,3.3658,3.4111,2954116.1,2025-08-03 02:59:59.999,10069747.08938,18859,1666960.2,5677079.69934
2025-08-03 03:00:00,3.4111,3.4217,3.3977,3.4103,1541094.5,2025-08-03 03:59:59.999,5254757.02039,13671,993413.9,3387278.09274
2025-08-03 04:00:00,3.4104,3.4134,3.3889,3.4025,978228.1,2025-08-03 04:59:59.999,3324305.4545,12334,474904.3,1614135.49214
2025-08-03 05:00:00,3.4025,3.4131,3.3871,3.3967,1473695.2,2025-08-03 05:59:59.999,5007439.1489,11607,779450.8,2648506.89473
2025-08-03 06:00:00,3.3967,3.4042,3.3901,3.4035,634895.2,2025-08-03 06:59:59.999,2157579.92044,9025,360622.4,1225542.97982
2025-08-03 07:00:00,3.4035,3.4273,3.4033,3.4248,1476710.6,2025-08-03 07:59:59.999,5045663.97562,11266,742287.1,2535572.18261
2025-08-03 08:00:00,3.4248,3.4509,3.4246,3.4457,2835480.9,2025-08-03 08:59:59.999,9746759.03794,15255,1580943.7,5434087.19835
2025-08-03 09:00:00,3.4457,3.4479,3.4243,3.4377,1094266.3,2025-08-03 09:59:59.999,3757973.32062,9938,575586.0,1976219.70115
2025-08-03 10:00:00,3.4377,3.4641,3.4348,3.4573,2146702.5,2025-08-03 10:59:59.999,7407826.91811,14463,1319359.0,4552632.25604
2025-08-03 11:00:00,3.4573,3.4832,3.4555,3.4563,2148676.4,2025-08-03 11:59:59.999,7460476.5827,20212,1217026.4,4225447.34081
2025-08-03 12:00:00,3.4563,3.4687,3.4398,3.4583,2261427.3,2025-08-03 12:59:59.999,7801990.25553,17919,1451498.5,5006377.70233
2025-08-03 13:00:00,3.4583,3.4641,3.4262,3.4355,2702133.9,2025-08-03 13:59:59.999,9307389.68961,18784,1369893.5,4718611.08665
2025-08-03 14:00:00,3.4354,3.4393,3.4056,3.4286,3062016.2,2025-08-03 14:59:59.999,10479250.9048,23827,1992390.6,6820393.3231
2025-08-03 15:00:00,3.4289,3.4293,3.4066,3.4219,1529243.6,2025-08-03 15:59:59.999,5222787.22013,15400,975584.2,3330383.45228
2025-08-03 16:00:00,3.4219,3.4269,3.4035,3.4228,1476742.7,2025-08-03 16:59:59.999,5044105.43402,14909,742115.9,2535623.17398
2025-08-03 17:00:00,3.4227,3.4326,3.4106,3.4252,908080.3,2025-08-03 17:59:59.999,3106051.14344,12472,511491.2,1749616.79429
2025-08-03 18:00:00,3.4253,3.4417,3.4127,3.4401,1154927.5,2025-08-03 18:59:59.999,3960352.0247,12575,675252.0,2316073.59964
2025-08-03 19:00:00,3.4402,3.4668,3.43,3.434,1965989.0,2025-08-03 19:59:59.999,6782085.55508,16803,1155730.6,3985465.93884
2025-08-03 20:00:00,3.4339,3.4364,3.4148,3.4315,689815.3,2025-08-03 20:59:59.999,2363787.86231,9921,381883.0,1308650.42122
2025-08-03 21:00:00,3.4314,3.449,3.4246,3.4482,572623.2,2025-08-03 21:59:59.999,1968700.04566,6566,323648.7,1112502.49022
2025-08-03 22:00:00,3.4482,3.4697,3.4258,3.4485,1469230.2,2025-08-03 22:59:59.999,5065901.34853,14139,938099.5,3236250.01845
2025-08-03 23:00:00,3.4485,3.4753,3.4343,3.4466,1199417.3,2025-08-03 23:59:59.999,4142206.76839,14125,632212.9,2183477.57554
2025-08-04 00:00:00,3.4465,3.5131,3.4323,3.5128,2322795.9,2025-08-04 00:59:59.999,8076152.90029,24094,1275648.5,4438646.16553
2025-08-04 01:00:00,3.5127,3.5203,3.468,3.471,2299186.5,2025-08-04 01:59:59.999,8034788.4556,25370,1013209.9,3539799.26094
2025-08-04 02:00:00,3.471,3.5015,3.4523,3.4993,1143630.1,2025-08-04 02:59:59.999,3973057.42473,14792,606698.8,2107314.91142
2025-08-04 03:00:00,3.4993,3.5048,3.4726,3.4909,1519201.5,2025-08-04 03:59:59.999,5306411.58249,13386,854867.2,2986613.05993
2025-08-04 04:00:00,3.491,3.5089,3.482,3.4914,1323485.8,2025-08-04 04:59:59.999,4628799.76792,13799,766338.4,2679848.24698
2025-08-04 05:00:00,3.4914,3.5013,3.4617,3.483,2142745.8,2025-08-04 05:59:59.999,7450494.5745,18829,1137302.8,3954310.00558
2025-08-04 06:00:00,3.4829,3.4867,3.448,3.4762,925183.6,2025-08-04 06:59:59.999,3205102.13576,14992,493250.1,1708741.96652
2025-08-04 07:00:00,3.4764,3.4999,3.4594,3.4848,1296536.3,2025-08-04 07:59:59.999,4509982.95174,15426,730399.1,2539865.81609
2025-08-04 08:00:00,3.4848,3.4993,3.4572,3.4622,2616503.1,2025-08-04 08:59:59.999,9108333.09778,23705,1278741.1,4452708.90541
2025-08-04 09:00:00,3.4622,3.4717,3.428,3.4316,1468331.6,2025-08-04 09:59:59.999,5062629.07989,15949,619718.2,2138224.02614
2025-08-04 10:00:00,3.4316,3.4492,3.4236,3.4282,1622166.3,2025-08-04 10:59:59.999,5573162.69862,15912,762872.1,2620954.82456
2025-08-04 11:00:00,3.4281,3.4354,3.4082,3.4297,1456871.3,2025-08-04 11:59:59.999,4986199.51271,15205,630847.3,2159429.0142
2025-08-04 12:00:00,3.4299,3.4646,3.4299,3.4612,1409889.9,2025-08-04 12:59:59.999,4858664.02525,15332,736075.4,2537295.49469
2025-08-04 13:00:00,3.4613,3.5248,3.4426,3.5206,3564969.4,2025-08-04 13:59:59.999,12441776.18102,43332,1841767.4,6432243.01668
2025-08-04 14:00:00,3.5207,3.5616,3.4775,3.493,6909703.5,2025-08-04 14:59:59.999,24349058.30751,66502,3425026.4,12078548.48055
2025-08-04 15:00:00,3.4932,3.5229,3.4781,3.5007,2246269.4,2025-08-04 15:59:59.999,7862099.35341,33060,1025295.3,3589668.54233
2025-08-04 16:00:00,3.5007,3.583,3.5007,3.5788,3715762.2,2025-08-04 16:59:59.999,13149018.70454,39801,1799521.2,6370796.68137
2025-08-04 17:00:00,3.5789,3.6352,3.5684,3.5845,4181933.1,2025-08-04 17:59:59.999,15059734.17795,50303,1925554.2,6933325.80981
2025-08-04 18:00:00,3.5843,3.598,3.5336,3.5416,1838501.4,2025-08-04 18:59:59.999,6551760.03843,21958,830422.7,2959767.61885
2025-08-04 19:00:00,3.5415,3.5483,3.5001,3.5105,1378636.4,2025-08-04 19:59:59.999,4854116.13599,19262,761389.8,2681052.08142
2025-08-04 20:00:00,3.5104,3.5591,3.5025,3.546,1526578.9,2025-08-04 20:59:59.999,5396131.93839,18643,902950.2,3191626.08603
2025-08-04 21:00:00,3.5458,3.5994,3.5437,3.58,2257017.6,2025-08-04 21:59:59.999,8067740.28656,20676,1171383.3,4189055.12398
2025-08-04 22:00:00,3.58,3.6059,3.58,3.6059,1246074.9,2025-08-04 22:59:59.999,4477071.8482,20758,663340.3,2383536.49875
2025-08-04 23:00:00,3.606,3.6092,3.5816,3.5893,1187317.5,2025-08-04 23:59:59.999,4267058.02505,15102,506874.0,1821802.56095
2025-08-05 00:00:00,3.5892,3.6023,3.5667,3.582,1760326.6,2025-08-05 00:59:59.999,6304865.6277,18977,954150.9,3417080.85649
2025-08-05 01:00:00,3.5821,3.5924,3.5371,3.543,1258078.5,2025-08-05 01:59:59.999,4490723.551,16678,541214.2,1932608.13346
2025-08-05 02:00:00,3.5433,3.5624,3.534,3.5621,686286.8,2025-08-05 02:59:59.999,2433120.2244,9597,377168.1,1337482.12712
2025-08-05 03:00:00,3.5621,3.5639,3.4876,3.4958,1446789.1,2025-08-05 03:59:59.999,5079762.46019,15504,553826.6,1943856.34583
2025-08-05 04:00:00,3.4957,3.5109,3.4705,3.4767,1094394.6,2025-08-05 04:59:59.999,3815536.47288,13893,525585.1,1832454.90429
2025-08-05 05:00:00,3.4768,3.5049,3.4725,3.503,1316637.4,2025-08-05 05:59:59.999,4595006.34153,11344,530681.9,1852841.10172
2025-08-05 06:00:00,3.5031,3.524,3.4598,3.4764,1986336.0,2025-08-05 06:59:59.999,6946541.44958,17895,745394.7,2607508.36717
2025-08-05 07:00:00,3.4762,3.4762,3.4228,3.4401,2019634.6,2025-08-05 07:59:59.999,6964126.03673,25727,990485.1,3416284.13485
2025-08-05 08:00:00,3.4401,3.4681,3.4356,3.4603,1230530.9,2025-08-05 08:59:59.999,4247916.5416,16102,661667.2,2284613.42358
2025-08-05 09:00:00,3.4603,3.4917,3.457,3.4899,965821.2,2025-08-05 09:59:59.999,3356265.97153,13148,559318.1,1943068.54146
2025-08-05 10:00:00,3.4899,3.5475,3.4776,3.5357,1853452.9,2025-08-05 10:59:59.999,6529775.68659,20782,938757.6,3306542.6805
2025-08-05 11:00:00,3.5358,3.5724,3.5254,3.5646,1538284.6,2025-08-05 11:59:59.999,5457571.39016,21191,803421.3,2850323.00489
2025-08-05 12:00:00,3.5646,3.5678,3.474,3.4919,2204902.6,2025-08-05 12:59:59.999,7745632.9636,35306,1088275.7,3823754.51345
2025-08-05 13:00:00,3.492,3.5143,3.4657,3.4786,1995276.9,2025-08-05 13:59:59.999,6966360.23262,31548,1047473.4,3657681.76576
2025-08-05 14:00:00,3.4788,3.483,3.3758,3.4162,5493849.6,2025-08-05 14:59:59.999,18743575.67141,67104,2563334.7,8741471.66652
2025-08-05 15:00:00,3.4162,3.4335,3.369,3.388,3765961.2,2025-08-05 15:59:59.999,12804728.95287,41574,1690485.8,5752731.34899
2025-08-05 16:00:00,3.3877,3.4244,3.3791,3.4104,1436239.6,2025-08-05 16:59:59.999,4887089.64379,25428,849745.7,2891932.95966
2025-08-05 17:00:00,3.4107,3.4262,3.395,3.4183,1127169.5,2025-08-05 17:59:59.999,3845442.5399,19782,623283.5,2126328.00333
2025-08-05 18:00:00,3.4182,3.4184,3.377,3.4084,2092115.0,2025-08-05 18:59:59.999,7111007.33409,25939,787474.3,2677789.19251
2025-08-05 19:00:00,3.4087,3.4166,3.372,3.3806,1186495.2,2025-08-05 19:59:59.999,4025304.68779,17402,646268.0,2192554.855
2025-08-05 20:00:00,3.3807,3.4118,3.3786,3.3865,717555.4,2025-08-05 20:59:59.999,2434426.90947,12918,344653.4,1169261.54787
2025-08-05 21:00:00,3.3864,3.4036,3.3674,3.3765,583208.0,2025-08-05 21:59:59.999,1975832.38529,9119,281970.0,955499.52912
2025-08-05 22:00:00,3.3764,3.3988,3.3432,3.3947,1435860.7,2025-08-05 22:59:59.999,4838475.9378,20191,602524.8,2032249.19757
2025-08-05 23:00:00,3.3946,3.4235,3.3883,3.411,1007535.3,2025-08-05 23:59:59.999,3437478.46832,13286,444623.0,1516571.20584
2025-08-06 00:00:00,3.4111,3.4126,3.3704,3.3815,723177.0,2025-08-06 00:59:59.999,2454968.35496,13920,369413.5,1253967.93572
2025-08-06 01:00:00,3.3812,3.3943,3.3628,3.393,972546.8,2025-08-06 01:59:59.999,3286540.20942,14984,549348.4,1856615.93749
2025-08-06 02:00:00,3.393,3.4017,3.3723,3.3816,521581.8,2025-08-06 02:59:59.999,1767200.17264,11039,203801.4,690485.0908
2025-08-06 03:00:00,3.3817,3.3853,3.3449,3.3512,1014139.4,2025-08-06 03:59:59.999,3406000.16474,13900,408604.4,1372284.73998
2025-08-06 04:00:00,3.3514,3.3528,3.3272,3.3453,979820.0,2025-08-06 04:59:59.999,3271844.6772,13245,403172.9,1346705.15325
2025-08-06 05:00:00,3.3454,3.451,3.3383,3.4141,2370184.2,2025-08-06 05:59:59.999,8092864.89962,26110,1063892.6,3631828.69442
2025-08-06 06:00:00,3.4142,3.4322,3.3943,3.4227,1041752.9,2025-08-06 06:59:59.999,3552793.1851,14278,568811.8,1939723.87345
2025-08-06 07:00:00,3.4227,3.4533,3.418,3.4512,1319151.2,2025-08-06 07:59:59.999,4537534.80614,15278,734753.2,2527702.0449
2025-08-06 08:00:00,3.4511,3.4601,3.3955,3.4065,3539387.7,2025-08-06 08:59:59.999,12085284.02502,21992,2241298.2,7649880.91645
2025-08-06 09:00:00,3.4064,3.4344,3.3929,3.4195,1123776.5,2025-08-06 09:59:59.999,3840833.34323,15946,508073.8,1736533.56591
2025-08-06 10:00:00,3.4194,3.4263,3.3925,3.3996,982189.0,2025-08-06 10:59:59.999,3343774.52226,11812,358996.7,1222115.04034
2025-08-06 11:00:00,3.3995,3.4324,3.3926,3.4035,946720.8,2025-08-06 11:59:59.999,3231051.62732,10100,515020.1,1757867.11417
2025-08-06 12:00:00,3.4036,3.4157,3.37,3.3975,1439615.7,2025-08-06 12:59:59.999,4887420.03909,16185,622486.7,2112948.80766
2025-08-06 13:00:00,3.3976,3.4265,3.3873,3.4141,1802804.6,2025-08-06 13:59:59.999,6149427.63033,29312,902363.3,3077635.83861
2025-08-06 14:00:00,3.4143,3.4747,3.4019,3.4747,2222825.2,2025-08-06 14:59:59.999,7638966.22242,34066,1099069.6,3775757.13743
2025-08-06 15:00:00,3.4747,3.5033,3.4519,3.4949,3658281.4,2025-08-06 15:59:59.999,12699328.1575,37318,2354903.1,8175168.43688
2025-08-06 16:00:00,3.4949,3.5067,3.4546,3.4694,2355585.4,2025-08-06 16:59:59.999,8203090.93295,24704,1086563.7,3785290.9407
2025-08-06 17:00:00,3.4696,3.5031,3.457,3.501,998318.7,2025-08-06 17:59:59.999,3475717.95297,13983,563628.7,1962996.99214
2025-08-06 18:00:00,3.5011,3.5292,3.4935,3.4941,1783009.7,2025-08-06 18:59:59.999,6261747.7944,20593,1004292.9,3526837.94149
2025-08-06 19:00:00,3.4941,3.5123,3.4878,3.5055,1135100.0,2025-08-06 19:59:59.999,3976424.4363,12940,473369.1,1658061.99105
2025-08-06 20:00:00,3.5055,3.5063,3.4805,3.4925,817957.9,2025-08-06 20:59:59.999,2854217.93934,8377,343866.6,1200472.34628
2025-08-06 21:00:00,3.4924,3.5091,3.4857,3.5081,2674639.3,2025-08-06 21:59:59.999,9362557.27242,13427,1581620.3,5537038.48637
2025-08-06 22:00:00,3.5082,3.5161,3.4985,3.5019,1990001.7,2025-08-06 22:59:59.999,6978048.18554,14588,1134882.5,3979097.74763
2025-08-06 23:00:00,3.502,3.5035,3.4913,3.4986,720240.1,2025-08-06 23:59:59.999,2518557.09462,6819,342126.6,1196350.21791
2025-08-07 00:00:00,3.4984,3.505,3.4845,3.4882,2196883.7,2025-08-07 00:59:59.999,7668112.2296,11592,1272008.2,4439668.92863
2025-08-07 01:00:00,3.4882,3.521,3.4739,3.4784,1102941.8,2025-08-07 01:59:59.999,3859164.58919,14395,471624.4,1650635.66009
2025-08-07 02:00:00,3.4784,3.4857,3.4586,3.4601,1951249.7,2025-08-07 02:59:59.999,6773817.08228,14166,1095775.7,3805949.16572
2025-08-07 03:00:00,3.4601,3.4652,3.447,3.4501,716342.6,2025-08-07 03:59:59.999,2475366.35626,6980,281621.0,973195.85315
2025-08-07 04:00:00,3.45,3.4724,3.4434,3.4499,694282.3,2025-08-07 04:59:59.999,2400110.49862,9554,398897.1,1378779.2978
2025-08-07 05:00:00,3.4498,3.4872,3.443,3.4858,1767819.3,2025-08-07 05:59:59.999,6132970.48519,14613,897214.1,3112924.38931
2025-08-07 06:00:00,3.4858,3.5147,3.4778,3.5004,4062801.6,2025-08-07 06:59:59.999,14225349.76042,33204,2182354.8,7640872.825
2025-08-07 07:00:00,3.5003,3.5281,3.499,3.515,3079488.1,2025-08-07 07:59:59.999,10824987.73303,22299,1691146.3,5943846.08735
2025-08-07 08:00:00,3.515,3.534,3.5006,3.5044,1312773.7,2025-08-07 08:59:59.999,4620592.05503,15270,695417.0,2447803.13573
2025-08-07 09:00:00,3.5044,3.5256,3.4971,3.5231,798812.0,2025-08-07 09:59:59.999,2803102.87313,8556,472478.2,1658834.35463
2025-08-07 10:00:00,3.5231,3.6762,3.5229,3.6558,8725240.9,2025-08-07 10:59:59.999,31516626.0726,88403,4754271.9,17155228.54819
2025-08-07 11:00:00,3.6558,3.7388,3.6558,3.7089,6918643.6,2025-08-07 11:59:59.999,25618334.67382,60467,3934458.4,14571185.41398
2025-08-07 12:00:00,3.709,3.7534,3.7024,3.7517,3820387.6,2025-08-07 12:59:59.999,14234984.40011,43299,2001767.6,7461818.17767
2025-08-07 13:00:00,3.7518,3.7844,3.7347,3.7515,4177479.1,2025-08-07 13:59:59.999,15713988.65064,45445,2078147.1,7818545.00207
2025-08-07 14:00:00,3.7517,3.7572,3.7147,3.7337,4098815.0,2025-08-07 14:59:59.999,15292347.64817,32294,2071696.1,7730746.16993
2025-08-07 15:00:00,3.7337,3.738,3.7062,3.7329,1955446.1,2025-08-07 15:59:59.999,7282739.5805,21562,1110288.0,4135485.96781
2025-08-07 16:00:00,3.7324,3.7551,3.6103,3.6733,4515706.6,2025-08-07 16:59:59.999,16679341.03978,47253,2005066.6,7425551.87778
2025-08-07 17:00:00,3.6736,3.69,3.6555,3.6894,1699755.6,2025-08-07 17:59:59.999,6236508.27574,25907,961638.0,3528993.5503
2025-08-07 18:00:00,3.6893,3.7045,3.678,3.6943,1175544.0,2025-08-07 18:59:59.999,4337148.95426,16375,598520.9,2208100.97483
2025-08-07 19:00:00,3.6943,3.7485,3.6802,3.7401,2222968.3,2025-08-07 19:59:59.999,8263653.80686,22242,1287677.2,4790126.45712
2025-08-07 20:00:00,3.7401,3.7492,3.7253,3.74,1589797.0,2025-08-07 20:59:59.999,5944205.71687,16820,694071.8,2594978.94359
2025-08-07 21:00:00,3.7401,3.7648,3.7208,3.7326,2023702.8,2025-08-07 21:59:59.999,7584431.40537,17739,923551.4,3461640.17214
2025-08-07 22:00:00,3.7326,3.7761,3.7322,3.7692,1810282.9,2025-08-07 22:59:59.999,6788887.37339,19398,992702.0,3724338.22216
2025-08-07 23:00:00,3.7692,3.7947,3.7443,3.7894,1995818.0,2025-08-07 23:59:59.999,7513230.04368,15965,1191087.6,4485159.34586
2025-08-08 00:00:00,3.7894,3.8089,3.7319,3.7712,5849661.7,2025-08-08 00:59:59.999,22051726.61294,65621,2962362.2,11164210.8617
2025-08-08 01:00:00,3.7713,3.7844,3.7319,3.7539,5421284.4,2025-08-08 01:59:59.999,20362708.72544,72216,2583390.2,9702468.33953
2025-08-08 02:00:00,3.7539,3.7861,3.7437,3.7624,1365509.3,2025-08-08 02:59:59.999,5140232.4756,18711,648921.8,2441640.23275
2025-08-08 03:00:00,3.7625,3.8091,3.7544,3.7737,2491355.5,2025-08-08 03:59:59.999,9422380.90724,27563,1130841.0,4279066.41006
2025-08-08 04:00:00,3.7738,3.7888,3.7487,3.7735,1399267.6,2025-08-08 04:59:59.999,5273551.26481,15149,678983.6,2559693.5667
2025-08-08 05:00:00,3.7735,3.8034,3.7635,3.78,1791409.2,2025-08-08 05:59:59.999,6774294.39343,17799,911733.0,3449057.29426
2025-08-08 06:00:00,3.7797,3.839,3.7772,3.8339,3274265.2,2025-08-08 06:59:59.999,12490748.70875,30165,1643510.2,6268630.84406
2025-08-08 07:00:00,3.834,3.8811,3.8135,3.8535,3447286.1,2025-08-08 07:59:59.999,13263361.17913,37035,2110875.9,8126051.77599
2025-08-08 08:00:00,3.8535,3.8852,3.7971,3.8096,4186698.0,2025-08-08 08:59:59.999,16041127.07325,42536,2348979.5,8986822.12463
2025-08-08 09:00:00,3.8095,3.8147,3.7732,3.8087,2936548.0,2025-08-08 09:59:59.999,11140463.62322,26192,1605147.3,6091403.73132
2025-08-08 10:00:00,3.8086,3.8185,3.787,3.8024,1700916.4,2025-08-08 10:59:59.999,6467871.26182,18000,796780.2,3029865.01465
2025-08-08 11:00:00,3.8024,3.87,3.8005,3.8399,2149477.0,2025-08-08 11:59:59.999,8224851.27869,14223,1467321.7,5617918.5738
2025-08-08 12:00:00,3.8398,3.8398,3.7928,3.7962,1098818.3,2025-08-08 12:59:59.999,4185899.94153,15263,497652.0,1896440.14746
2025-08-08 13:00:00,3.796,3.8626,3.7955,3.8621,3864351.5,2025-08-08 13:59:59.999,14780353.36198,28836,2388008.2,9133942.2904
2025-08-08 14:00:00,3.8623,3.88,3.7673,3.7882,3963818.2,2025-08-08 14:59:59.999,15134928.34499,54190,1898734.6,7254079.35625
2025-08-08 15:00:00,3.7883,3.7896,3.7131,3.7517,3389519.9,2025-08-08 15:59:59.999,12692570.42417,40366,1437203.0,5384322.15858
2025-08-08 16:00:00,3.7516,3.7711,3.7443,3.7707,1425375.7,2025-08-08 16:59:59.999,5359355.93014,20468,845743.1,3180187.96821
2025-08-08 17:00:00,3.7707,3.858,3.7655,3.8576,2795977.6,2025-08-08 17:59:59.999,10678534.59743,32413,1373718.1,5246643.95972
2025-08-08 18:00:00,3.8577,3.8702,3.8226,3.8321,2567561.1,2025-08-08 18:59:59.999,9879236.41656,32787,1346947.5,5183009.86275
2025-08-08 19:00:00,3.832,3.8623,3.8242,3.8593,1473795.2,2025-08-08 19:59:59.999,5662417.24975,20742,835610.7,3210063.57341
2025-08-08 20:00:00,3.8592,3.882,3.8375,3.865,1344541.6,2025-08-08 20:59:59.999,5194495.00997,18498,761636.8,2942177.51715
2025-08-08 21:00:00,3.865,3.8709,3.8494,3.8557,1063196.8,2025-08-08 21:59:59.999,4106319.41091,9227,539622.1,2084600.94895
2025-08-08 22:00:00,3.8556,3.866,3.8408,3.8598,1133451.3,2025-08-08 22:59:59.999,4368619.78577,14936,566175.0,2183115.58649
2025-08-08 23:00:00,3.8599,3.8653,3.8356,3.8387,655571.4,2025-08-08 23:59:59.999,2521658.28805,9569,265919.5,1023276.95041
2025-08-09 00:00:00,3.8387,3.856,3.8265,3.8304,783715.4,2025-08-09 00:59:59.999,3011483.18107,11215,328178.6,1261605.58175
2025-08-09 01:00:00,3.8304,3.8878,3.8273,3.8748,1717886.8,2025-08-09 01:59:59.999,6628497.97089,17992,853295.8,3293012.99668
2025-08-09 02:00:00,3.8746,3.937,3.8624,3.8892,2866176.2,2025-08-09 02:59:59.999,11184011.13957,33724,1657315.9,6467574.21796
2025-08-09 03:00:00,3.8892,3.9067,3.8765,3.8787,1704192.2,2025-08-09 03:59:59.999,6631494.82736,19063,770141.3,2996586.19149
2025-08-09 04:00:00,3.8787,3.925,3.87,3.9225,2036295.3,2025-08-09 04:59:59.999,7934751.00535,23256,887142.6,3456667.49581
2025-08-09 05:00:00,3.9224,3.9812,3.9143,3.9428,3939728.8,2025-08-09 05:59:59.999,15581450.86525,45870,2098869.4,8300990.40577
2025-08-09 06:00:00,3.9429,3.9458,3.8867,3.9038,2045574.2,2025-08-09 06:59:59.999,7993928.44779,26063,1009496.2,3943661.36943
2025-08-09 07:00:00,3.9037,3.9176,3.8979,3.9107,1309565.1,2025-08-09 07:59:59.999,5118980.93053,14277,743577.0,2906830.53778
2025-08-09 08:00:00,3.9102,3.9367,3.9045,3.9302,1595466.6,2025-08-09 08:59:59.999,6256568.77096,17652,787962.7,3090432.98796
2025-08-09 09:00:00,3.9301,3.9559,3.9234,3.951,1463530.9,2025-08-09 09:59:59.999,5770940.82558,18899,821448.7,3238656.20725
2025-08-09 10:00:00,3.9511,3.9629,3.932,3.9364,1703539.3,2025-08-09 10:59:59.999,6724139.67668,19934,762179.7,3008977.64396
2025-08-09 11:00:00,3.9365,3.9379,3.9115,3.9151,1184946.9,2025-08-09 11:59:59.999,4648107.06021,15669,493091.2,1934525.08155
2025-08-09 12:00:00,3.9151,3.9611,3.905,3.9608,1434450.2,2025-08-09 12:59:59.999,5650105.89991,17641,767393.3,3024211.24041
2025-08-09 13:00:00,3.9606,3.9765,3.9154,3.9155,2335587.0,2025-08-09 13:59:59.999,9217859.19702,28926,1009695.9,3984240.59792
2025-08-09 14:00:00,3.9154,3.9289,3.8778,3.9289,3013501.0,2025-08-09 14:59:59.999,11752333.16352,28859,1284401.0,5008536.84409
2025-08-09 15:00:00,3.9289,3.945,3.8995,3.9263,1762018.8,2025-08-09 15:59:59.999,6910668.17519,26948,915874.1,3591842.79789
2025-08-09 16:00:00,3.9263,3.9642,3.914,3.9167,3203618.4,2025-08-09 16:59:59.999,12641260.88737,28049,1521210.4,5998587.86899
2025-08-09 17:00:00,3.9167,3.9597,3.912,3.9501,1209410.6,2025-08-09 17:59:59.999,4765155.72052,16930,650025.0,2560564.16239
2025-08-09 18:00:00,3.9501,3.9631,3.9402,3.9569,1127389.8,2025-08-09 18:59:59.999,4456399.7329,15563,657341.1,2598126.37637
2025-08-09 19:00:00,3.9569,3.9777,3.937,3.9498,1303986.3,2025-08-09 19:59:59.999,5167057.68886,17554,603983.8,2392968.38043
2025-08-09 20:00:00,3.9498,3.9646,3.9307,3.9529,1352335.5,2025-08-09 20:59:59.999,5337175.87629,16564,652010.0,2573250.03925
2025-08-09 21:00:00,3.9531,3.967,3.908,3.9274,1525837.8,2025-08-09 21:59:59.999,5997208.64294,14846,698500.9,2746147.13313
2025-08-09 22:00:00,3.9276,3.9559,3.8917,3.8947,1662212.6,2025-08-09 22:59:59.999,6525089.23798,22335,776023.7,3046998.12465
2025-08-09 23:00:00,3.8951,3.9115,3.8857,3.8976,1038212.3,2025-08-09 23:59:59.999,4047793.96023,11733,428246.5,1669813.70223
2025-08-10 00:00:00,3.8977,3.937,3.8905,3.9351,986098.7,2025-08-10 00:59:59.999,3858841.1176,15505,445820.6,1744233.20171
2025-08-10 01:00:00,3.9351,3.9442,3.9012,3.9257,2323738.7,2025-08-10 01:59:59.999,9106505.01902,24169,1149210.1,4501538.21971
2025-08-10 02:00:00,3.9258,3.9403,3.8924,3.8951,1493099.9,2025-08-10 02:59:59.999,5847958.4232,20840,710909.0,2783103.01935
2025-08-10 03:00:00,3.895,3.9759,3.8831,3.9565,3491815.6,2025-08-10 03:59:59.999,13760616.45549,39670,1756976.5,6918911.53744
2025-08-10 04:00:00,3.9566,4.0,3.9478,3.9807,2558283.3,2025-08-10 04:59:59.999,10191344.58644,26514,1356361.8,5403684.91909
2025-08-10 05:00:00,3.9807,3.9816,3.8956,3.9048,2292395.7,2025-08-10 05:59:59.999,8997790.52725,25468,978634.8,3842275.21124
2025-08-10 06:00:00,3.9049,3.9077,3.8553,3.8773,2122031.2,2025-08-10 06:59:59.999,8226735.74123,25085,937482.5,3636894.57444
2025-08-10 07:00:00,3.8771,3.9074,3.8027,3.8237,5400924.6,2025-08-10 07:59:59.999,20818423.87246,42084,2499412.7,9636567.85147
2025-08-10 08:00:00,3.8238,3.8598,3.7804,3.8475,3461180.1,2025-08-10 08:59:59.999,13200918.55014,31396,1654642.3,6316584.05949
2025-08-10 09:00:00,3.8475,3.8567,3.8289,3.832,908819.8,2025-08-10 09:59:59.999,3492390.81574,13539,445839.7,1713281.79125
2025-08-10 10:00:00,3.8322,3.8357,3.7901,3.7942,1644535.5,2025-08-10 10:59:59.999,6267356.64241,19046,681103.5,2596173.16251
2025-08-10 11:00:00,3.7943,3.8282,3.7817,3.8045,2120531.1,2025-08-10 11:59:59.999,8066584.89355,17404,866609.3,3299467.92874
2025-08-10 12:00:00,3.8044,3.8329,3.8017,3.8273,821712.0,2025-08-10 12:59:59.999,3135452.60724,11995,415056.3,1583614.07933
2025-08-10 13:00:00,3.8273,3.8493,3.8009,3.8033,1457847.1,2025-08-10 13:59:59.999,5582565.90249,19711,782592.9,2996033.8598
2025-08-10 14:00:00,3.8034,3.8575,3.7938,3.8505,2822877.7,2025-08-10 14:59:59.999,10819835.40575,22882,1112525.5,4263956.61435
2025-08-10 15:00:00,3.8505,3.8676,3.8378,3.8606,1370905.1,2025-08-10 15:59:59.999,5283945.23657,21384,651752.3,2512079.62184
2025-08-10 16:00:00,3.8606,3.8959,3.8537,3.8677,2792876.7,2025-08-10 16:59:59.999,10838612.83969,24419,1372061.8,5323339.5242
2025-08-10 17:00:00,3.8674,3.8777,3.8507,3.86,778782.6,2025-08-10 17:59:59.999,3009269.73646,15916,364654.3,1409566.49528
2025-08-10 18:00:00,3.8601,3.8811,3.8593,3.8803,592132.4,2025-08-10 18:59:59.999,2292497.58704,11320,282256.1,1092660.16454
2025-08-10 19:00:00,3.8803,3.8954,3.8758,3.8914,663750.5,2025-08-10 19:59:59.999,2580615.55706,10741,377641.8,1468268.96845
2025-08-10 20:00:00,3.8915,3.8962,3.8443,3.8621,1316220.2,2025-08-10 20:59:59.999,5087919.84443,16678,633912.5,2450691.90226
2025-08-10 21:00:00,3.8622,3.8624,3.8178,3.8479,1446834.1,2025-08-10 21:59:59.999,5556310.32932,15009,527808.5,2026377.04535
2025-08-10 22:00:00,3.848,3.872,3.8401,3.8656,867607.0,2025-08-10 22:59:59.999,3345860.33301,12633,567150.0,2188247.07451
2025-08-10 23:00:00,3.8657,3.8802,3.847,3.8754,1298962.7,2025-08-10 23:59:59.999,5022081.4462,12750,485731.0,1877968.97355
2025-08-11 00:00:00,3.8752,3.89,3.8549,3.861,1087941.2,2025-08-11 00:59:59.999,4215654.28597,19072,548155.3,2124424.86419
2025-08-11 01:00:00,3.8607,3.9237,3.8532,3.9153,1592746.0,2025-08-11 01:59:59.999,6209176.36362,22808,744490.4,2903710.27815
2025-08-11 02:00:00,3.9153,3.9779,3.9139,3.9564,3486906.4,2025-08-11 02:59:59.999,13791060.14621,34681,1785288.0,7060944.93869
2025-08-11 03:00:00,3.9565,3.9628,3.9314,3.9603,1701902.3,2025-08-11 03:59:59.999,6719387.47553,19083,906492.0,3579322.16192
2025-08-11 04:00:00,3.9604,3.9723,3.9316,3.9381,1850520.3,2025-08-11 04:59:59.999,7316183.39155,16927,894136.9,3537170.18493
2025-08-11 05:00:00,3.938,3.9662,3.9317,3.946,2275401.6,2025-08-11 05:59:59.999,8989281.01829,16836,982112.6,3878539.15195
2025-08-11 06:00:00,3.9462,3.9522,3.9242,3.932,1345289.7,2025-08-11 06:59:59.999,5291165.02322,15153,608509.6,2393409.29755
2025-08-11 07:00:00,3.9321,3.9417,3.8316,3.8326,2806884.5,2025-08-11 07:59:59.999,10893076.92098,27779,1195202.7,4630090.71443
2025-08-11 08:00:00,3.8325,3.8718,3.8134,3.8691,2927674.6,2025-08-11 08:59:59.999,11257091.4097,24942,1720187.3,6614138.84959
2025-08-11 09:00:00,3.8691,3.8729,3.825,3.8363,2078052.6,2025-08-11 09:59:59.999,8006247.13071,17782,1064283.4,4100751.32799
2025-08-11 10:00:00,3.8363,3.8379,3.8006,3.8078,2525023.0,2025-08-11 10:59:59.999,9631069.26894,23306,1063854.6,4057051.88856
2025-08-11 11:00:00,3.8076,3.8124,3.7131,3.7261,5031627.5,2025-08-11 11:59:59.999,18900012.34581,47222,2199266.4,8257962.26902
2025-08-11 12:00:00,3.7258,3.7453,3.7073,3.7278,3250235.3,2025-08-11 12:59:59.999,12111153.66292,38209,1645277.0,6132623.94596
2025-08-11 13:00:00,3.7279,3.7716,3.6938,3.7625,3893999.7,2025-08-11 13:59:59.999,14540816.70167,42008,1864158.0,6967601.5618
2025-08-11 14:00:00,3.7626,3.779,3.7278,3.7406,2895181.8,2025-08-11 14:59:59.999,10869895.52783,35100,1545806.9,5803493.97063
2025-08-11 15:00:00,3.7407,3.7448,3.6991,3.7346,3068808.5,2025-08-11 15:59:59.999,11412750.32466,29636,1497507.8,5571159.88201
2025-08-11 16:00:00,3.7347,3.7804,3.7142,3.7251,3472383.2,2025-08-11 16:59:59.999,13027905.51366,38059,1742789.8,6539670.97597
2025-08-11 17:00:00,3.725,3.7416,3.7006,3.7102,1656207.3,2025-08-11 17:59:59.999,6159656.2143,21249,859103.7,3195989.93923
2025-08-11 18:00:00,3.7103,3.7249,3.6475,3.7094,3257731.3,2025-08-11 18:59:59.999,12017974.57378,25797,1337419.4,4944000.93859
2025-08-11 19:00:00,3.7093,3.7194,3.6718,3.7006,1614024.7,2025-08-11 19:59:59.999,5967610.03354,18754,711725.2,2632572.75727
2025-08-11 20:00:00,3.7004,3.701,3.6755,3.697,1051056.1,2025-08-11 20:59:59.999,3878863.72388,13792,565379.4,2086358.66223
2025-08-11 21:00:00,3.697,3.7071,3.635,3.6599,2007254.7,2025-08-11 21:59:59.999,7356173.73867,21262,1035523.6,3794673.03582
2025-08-11 22:00:00,3.66,3.6624,3.6213,3.6534,1715156.8,2025-08-11 22:59:59.999,6243230.78415,21550,968001.1,3524939.92981
2025-08-11 23:00:00,3.6533,3.6631,3.6465,3.6535,1151494.2,2025-08-11 23:59:59.999,4210496.36772,12646,690212.3,2523956.0618
2025-08-12 00:00:00,3.6533,3.7005,3.65,3.6931,1325568.5,2025-08-12 00:59:59.999,4872670.87976,17490,816430.0,3001576.95039
2025-08-12 01:00:00,3.6931,3.6997,3.6722,3.6965,1149497.0,2025-08-12 01:59:59.999,4238474.57489,13177,521009.0,1922776.22785
2025-08-12 02:00:00,3.6966,3.7158,3.6891,3.6913,957375.4,2025-08-12 02:59:59.999,3543406.50028,11267,536843.3,1987506.60629
2025-08-12 03:00:00,3.6912,3.698,3.6748,3.6772,685650.1,2025-08-12 03:59:59.999,2525691.51326,9077,372622.8,1372645.20467
2025-08-12 04:00:00,3.6772,3.7035,3.6722,3.7021,632139.5,2025-08-12 04:59:59.999,2332040.38498,9883,359204.1,1325410.45597
2025-08-12 05:00:00,3.702,3.702,3.6508,3.6664,962174.4,2025-08-12 05:59:59.999,3531231.44241,13738,456887.7,1676357.91574
2025-08-12 06:00:00,3.6663,3.6805,3.6379,3.6655,990665.0,2025-08-12 06:59:59.999,3629578.22723,14799,509002.2,1865639.55548
2025-08-12 07:00:00,3.6656,3.6898,3.6654,3.6823,1007697.2,2025-08-12 07:59:59.999,3711487.53418,9581,478844.0,1763827.26473
2025-08-12 08:00:00,3.6824,3.692,3.6574,3.6728,1120035.4,2025-08-12 08:59:59.999,4111638.32759,13120,524227.3,1924637.1003
2025-08-12 09:00:00,3.6726,3.6749,3.639,3.6401,1384958.5,2025-08-12 09:59:59.999,5060568.34053,14233,723931.1,2644523.35734
2025-08-12 10:00:00,3.6402,3.6438,3.6121,3.6253,1878528.4,2025-08-12 10:59:59.999,6812218.00607,17025,753265.4,2731963.64228
2025-08-12 11:00:00,3.6253,3.6463,3.6,3.6422,1396192.7,2025-08-12 11:59:59.999,5058033.08729,16045,539552.9,1956100.37278
2025-08-12 12:00:00,3.6423,3.7564,3.6277,3.7417,6514596.4,2025-08-12 12:59:59.999,24220907.96802,59910,3606147.6,13404452.56716
2025-08-12 13:00:00,3.7417,3.7872,3.7039,3.7526,8182075.6,2025-08-12 13:59:59.999,30746380.84908,72421,3716864.6,13961196.66926
2025-08-12 14:00:00,3.7527,3.791,3.736,3.7894,3206755.7,2025-08-12 14:59:59.999,12061715.08255,33637,1495975.7,5627689.17514
2025-08-12 15:00:00,3.7893,3.8184,3.7785,3.8092,3052159.5,2025-08-12 15:59:59.999,11594795.96106,30954,1679358.7,6379528.6405
2025-08-12 16:00:00,3.8092,3.8425,3.7854,3.8396,3498273.2,2025-08-12 16:59:59.999,13349875.82753,33104,1731752.4,6612169.91918
2025-08-12 17:00:00,3.8397,3.8711,3.8217,3.8279,3815092.8,2025-08-12 17:59:59.999,14678045.98893,33558,1836334.2,7065168.9339
2025-08-12 18:00:00,3.828,3.9052,3.8222,3.8586,4937825.3,2025-08-12 18:59:59.999,19184442.83168,39688,2508621.7,9744163.20947
2025-08-12 19:00:00,3.8588,3.9069,3.8547,3.9053,1625475.7,2025-08-12 19:59:59.999,6316636.79717,19618,810231.6,3148775.02306
2025-08-12 20:00:00,3.9053,3.935,3.8833,3.9167,3387817.6,2025-08-12 20:59:59.999,13254179.04465,29088,1831932.8,7165466.23046
2025-08-12 21:00:00,3.9169,3.9182,3.877,3.8878,2172857.1,2025-08-12 21:59:59.999,8466739.90061,18515,836507.1,3259860.78737
2025-08-12 22:00:00,3.8878,3.8938,3.8627,3.884,1783172.9,2025-08-12 22:59:59.999,6910429.26819,19749,868872.7,3367524.83038
2025-08-12 23:00:00,3.884,3.894,3.87,3.8837,1200928.0,2025-08-12 23:59:59.999,4660263.05063,14408,580745.8,2253711.37215
2025-08-13 00:00:00,3.883,3.9109,3.8716,3.8865,2317930.1,2025-08-13 00:59:59.999,9029873.1692,20254,994883.3,3874979.42196
2025-08-13 01:00:00,3.8865,3.8877,3.8212,3.8429,2725667.3,2025-08-13 01:59:59.999,10489438.4413,28786,1127030.6,4338211.13387
2025-08-13 02:00:00,3.8429,3.8855,3.8152,3.8846,1471827.3,2025-08-13 02:59:59.999,5656170.61369,20184,752797.5,2892831.36147
2025-08-13 03:00:00,3.8845,3.9272,3.8634,3.9073,3159781.8,2025-08-13 03:59:59.999,12323560.88064,29905,1642232.8,6404996.3299
2025-08-13 04:00:00,3.9072,3.938,3.8927,3.9123,3397732.1,2025-08-13 04:59:59.999,13295714.86072,27305,1681640.0,6585024.98317
2025-08-13 05:00:00,3.9118,3.9162,3.8558,3.8582,2639032.8,2025-08-13 05:59:59.999,10257966.61211,23635,874856.5,3403444.76765
2025-08-13 06:00:00,3.8582,3.8756,3.8429,3.8554,3789609.9,2025-08-13 06:59:59.999,14609527.18657,23435,2354573.4,9075539.1536
2025-08-13 07:00:00,3.8555,3.9074,3.8549,3.9064,2409370.0,2025-08-13 07:59:59.999,9346149.04921,18942,1124954.6,4363292.74405
2025-08-13 08:00:00,3.9064,3.9676,3.9038,3.9548,5742867.9,2025-08-13 08:59:59.999,22626092.93589,33967,2501085.9,9856241.95327
2025-08-13 09:00:00,3.9548,3.995,3.948,3.9925,3685661.8,2025-08-13 09:59:59.999,14642757.24785,27934,2014353.1,8005506.96914
2025-08-13 10:00:00,3.9926,4.068,3.9796,4.0314,6294868.7,2025-08-13 10:59:59.999,25361534.14115,41772,2965043.3,11940478.19611
2025-08-13 11:00:00,4.0314,4.0541,4.0132,4.0389,2925169.3,2025-08-13 11:59:59.999,11797298.16157,23136,1285891.7,5187267.73537
2025-08-13 12:00:00,4.0389,4.0726,4.013,4.0167,4030650.2,2025-08-13 12:59:59.999,16298824.91051,27460,1761448.0,7125708.34109
2025-08-13 13:00:00,4.0168,4.072,3.9816,4.0199,8212403.1,2025-08-13 13:59:59.999,33068986.27203,51971,3980377.1,16019072.02298
2025-08-13 14:00:00,4.0198,4.0275,3.9326,3.9349,8241391.8,2025-08-13 14:59:59.999,32732429.08727,67979,3796737.7,15081398.16448
2025-08-13 15:00:00,3.9352,3.97,3.9069,3.9496,4766676.1,2025-08-13 15:59:59.999,18743655.72363,49396,2617603.1,10294423.23048
2025-08-13 16:00:00,3.9495,3.988,3.9393,3.9596,2205159.3,2025-08-13 16:59:59.999,8739406.5463,29886,1160958.0,4599277.5299
2025-08-13 17:00:00,3.9592,3.999,3.9539,3.9901,1420879.5,2025-08-13 17:59:59.999,5652179.77822,19154,764961.6,3043192.03818
2025-08-13 18:00:00,3.99,4.0062,3.9506,3.9781,1550687.2,2025-08-13 18:59:59.999,6172984.15737,22814,756419.0,3010557.82179
2025-08-13 19:00:00,3.9782,3.9981,3.9659,3.9896,1624224.2,2025-08-13 19:59:59.999,6472109.1694,17888,741233.2,2953404.41533
2025-08-13 20:00:00,3.9897,3.9934,3.9604,3.975,880405.1,2025-08-13 20:59:59.999,3502004.55778,12996,421285.8,1675705.33793
2025-08-13 21:00:00,3.9752,4.0078,3.9593,3.9748,1249503.3,2025-08-13 21:59:59.999,4981327.35091,15003,624483.3,2490582.80134
2025-08-13 22:00:00,3.975,4.0343,3.9658,3.9999,2153027.4,2025-08-13 22:59:59.999,8621242.36474,22602,1157580.3,4638810.79396
2025-08-13 23:00:00,3.9998,4.0337,3.999,4.0049,1658163.4,2025-08-13 23:59:59.999,6662117.44761,15496,849404.3,3413210.56753
2025-08-14 00:00:00,4.0047,4.0514,3.9995,4.0137,3221076.5,2025-08-14 00:59:59.999,12977410.9567,25978,1392955.7,5611963.57007
2025-08-14 01:00:00,4.0137,4.0788,3.9922,4.0517,4618460.1,2025-08-14 01:59:59.999,18658759.10924,31716,2186282.4,8832608.85723
2025-08-14 02:00:00,4.0517,4.1314,4.0495,4.1259,5143705.2,2025-08-14 02:59:59.999,21043836.94058,41148,2952761.9,12088583.16337
2025-08-14 03:00:00,4.126,4.1811,4.0922,4.151,5121733.8,2025-08-14 03:59:59.999,21216929.26784,40422,2288747.3,9484469.07692
2025-08-14 04:00:00,4.151,4.1692,4.1036,4.106,2609922.1,2025-08-14 04:59:59.999,10801037.76921,26643,1246606.0,5161290.79995
2025-08-14 05:00:00,4.1061,4.134,4.0432,4.0542,3050623.2,2025-08-14 05:59:59.999,12461724.61058,29327,1433736.4,5861506.58452
2025-08-14 06:00:00,4.0541,4.0565,3.9854,4.0376,4441296.4,2025-08-14 06:59:59.999,17855338.1546,39018,2354498.3,9467403.53239
2025-08-14 07:00:00,4.0373,4.0456,3.9853,4.018,4268724.0,2025-08-14 07:59:59.999,17108009.45867,32156,2034467.3,8157640.68668
2025-08-14 08:00:00,4.0181,4.0192,3.9461,3.9714,2727838.5,2025-08-14 08:59:59.999,10842340.13992,37263,1244050.0,4943546.63862
2025-08-14 09:00:00,3.9712,3.9887,3.942,3.9834,2124047.5,2025-08-14 09:59:59.999,8423361.55066,24602,1052848.9,4173501.94779
2025-08-14 10:00:00,3.9833,3.9875,3.91,3.9329,2684072.9,2025-08-14 10:59:59.999,10570599.03905,33075,1108634.3,4369060.33038
2025-08-14 11:00:00,3.9328,3.9575,3.9253,3.9448,1809733.4,2025-08-14 11:59:59.999,7128835.92001,21125,729976.6,2876246.71059
2025-08-14 12:00:00,3.9445,3.979,3.6776,3.7694,18956136.3,2025-08-14 12:59:59.999,72320977.71445,175508,8966424.7,34181464.70425
2025-08-14 13:00:00,3.77,3.8492,3.7057,3.8273,10257610.5,2025-08-14 13:59:59.999,38802604.35536,120977,4936776.7,18664552.13282
2025-08-14 14:00:00,3.8274,3.87,3.7972,3.8606,3067098.7,2025-08-14 14:59:59.999,11776731.11161,47104,1608816.6,6176353.71917
2025-08-14 15:00:00,3.8607,3.8716,3.8007,3.8148,3315059.1,2025-08-14 15:59:59.999,12684309.56382,43146,1797678.5,6877873.82981
2025-08-14 16:00:00,3.8147,3.8158,3.739,3.7645,4249760.8,2025-08-14 16:59:59.999,16022333.48577,48143,1775838.4,6698662.93317
2025-08-14 17:00:00,3.7645,3.7872,3.7324,3.7776,1989597.8,2025-08-14 17:59:59.999,7491140.50883,27499,1079832.8,4065551.34049
2025-08-14 18:00:00,3.7776,3.7776,3.71,3.7522,3229314.5,2025-08-14 18:59:59.999,12090645.53545,28928,1959011.1,7333906.39163
2025-08-14 19:00:00,3.7523,3.7689,3.7282,3.7301,1560116.8,2025-08-14 19:59:59.999,5857590.45159,20159,771764.3,2897344.75125
2025-08-14 20:00:00,3.73,3.742,3.7106,3.7401,3572067.6,2025-08-14 20:59:59.999,13317977.25819,27903,1825112.3,6803985.28406
2025-08-14 21:00:00,3.7401,3.7401,3.6514,3.6944,5116776.0,2025-08-14 21:59:59.999,18913075.68649,32284,2069232.3,7648008.89082
2025-08-14 22:00:00,3.6943,3.7386,3.6706,3.7375,1140665.6,2025-08-14 22:59:59.999,4228606.54188,20816,642882.0,2384267.03408
2025-08-14 23:00:00,3.7373,3.7682,3.7341,3.7548,1569103.4,2025-08-14 23:59:59.999,5886468.19638,16267,858522.9,3221220.50881
2025-08-15 00:00:00,3.7548,3.7935,3.7458,3.7671,1746880.6,2025-08-15 00:59:59.999,6586217.62118,25274,951525.5,3587460.60589
2025-08-15 01:00:00,3.7672,3.7891,3.7472,3.7785,1433921.7,2025-08-15 01:59:59.999,5410637.47956,23525,731025.4,2758980.57196
2025-08-15 02:00:00,3.7785,3.803,3.7718,3.7948,1599749.9,2025-08-15 02:59:59.999,6061874.6548,23039,745198.8,2824320.41312
2025-08-15 03:00:00,3.795,3.8428,3.7837,3.8417,2027193.2,2025-08-15 03:59:59.999,7741058.56301,19639,1160686.7,4431437.01633
2025-08-15 04:00:00,3.8417,3.8529,3.809,3.811,1459328.1,2025-08-15 04:59:59.999,5593524.71249,18800,672567.7,2578076.16802
2025-08-15 05:00:00,3.8112,3.8196,3.7949,3.8176,922515.9,2025-08-15 05:59:59.999,3509477.088,12041,489487.5,1862372.48618
2025-08-15 06:00:00,3.8175,3.861,3.8158,3.8371,1670037.5,2025-08-15 06:59:59.999,6418879.33406,20955,881398.9,3388202.67058
2025-08-15 07:00:00,3.8373,3.8537,3.8227,3.8497,1043359.6,2025-08-15 07:59:59.999,4006338.53669,14686,481116.2,1847554.84434
2025-08-15 08:00:00,3.8496,3.8777,3.8419,3.8652,1224291.3,2025-08-15 08:59:59.999,4730948.85872,15730,639830.6,2472041.18717
2025-08-15 09:00:00,3.8651,3.8816,3.8184,3.8311,1454459.6,2025-08-15 09:59:59.999,5595544.53633,18754,638384.7,2457212.64928
2025-08-15 10:00:00,3.8312,3.846,3.8166,3.826,954380.7,2025-08-15 10:59:59.999,3656560.84924,17647,395483.4,1515361.62181
2025-08-15 11:00:00,3.8259,3.8392,3.8072,3.8213,842930.8,2025-08-15 11:59:59.999,3219354.55826,13995,421884.1,1611178.5258
2025-08-15 12:00:00,3.8213,3.8786,3.8117,3.8366,3628846.3,2025-08-15 12:59:59.999,13962782.1818,43534,1704539.3,6558005.22512
2025-08-15 13:00:00,3.8366,3.865,3.764,3.776,7583038.7,2025-08-15 13:59:59.999,29015550.06113,59222,3781568.0,14480283.73126
2025-08-15 14:00:00,3.7759,3.7975,3.6842,3.6958,5915599.8,2025-08-15 14:59:59.999,22204373.48199,57511,3465436.5,13032771.79619
2025-08-15 15:00:00,3.6957,3.7038,3.6249,3.6524,5441349.6,2025-08-15 15:59:59.999,19938769.81137,68853,2681909.8,9831287.62774
2025-08-15 16:00:00,3.652,3.6877,3.6184,3.6775,5821010.2,2025-08-15 16:59:59.999,21292644.09544,51786,2428000.3,8876904.33319
2025-08-15 17:00:00,3.6775,3.7103,3.6479,3.6948,2089585.8,2025-08-15 17:59:59.999,7698716.26471,30070,1220046.5,4495077.28487
2025-08-15 18:00:00,3.6944,3.7071,3.6434,3.6603,1907099.9,2025-08-15 18:59:59.999,7009005.79164,23172,974675.0,3582297.86352
2025-08-15 19:00:00,3.6605,3.6872,3.6473,3.6546,1228779.1,2025-08-15 19:59:59.999,4498487.5226,19648,632808.0,2317267.03792
2025-08-15 20:00:00,3.6548,3.699,3.6421,3.6978,1177206.3,2025-08-15 20:59:59.999,4328342.84379,18489,616921.1,2267163.79645
2025-08-15 21:00:00,3.6979,3.7088,3.6751,3.7055,889602.2,2025-08-15 21:59:59.999,3287419.41041,13919,457117.5,1689151.96948
2025-08-15 22:00:00,3.7056,3.7477,3.7006,3.7459,1178643.8,2025-08-15 22:59:59.999,4387652.22342,13768,603628.7,2246537.66637
2025-08-15 23:00:00,3.7457,3.7532,3.6923,3.711,1307660.7,2025-08-15 23:59:59.999,4859217.26398,19070,655453.0,2435918.64284
2025-08-16 00:00:00,3.7109,3.7597,3.7031,3.7567,1085311.4,2025-08-16 00:59:59.999,4052445.828,14575,598240.5,2234214.03274
