Open_time,Open,High,Low,Close,Volume,Close_time,Quote_asset_volume,Number_of_trades,Taker_buy_base_asset_volume,Taker_buy_quote_asset_volume
2025-01-01 00:00:00,1.286,1.294,1.283,1.294,136093.2,2025-01-01 00:59:59.999,175247.7103,953,72583.2,93493.7694
2025-01-01 01:00:00,1.294,1.295,1.282,1.284,188574.9,2025-01-01 01:59:59.999,243129.4962,1013,93358.1,120442.2801
2025-01-01 02:00:00,1.283,1.292,1.282,1.291,154808.6,2025-01-01 02:59:59.999,199289.2451,722,75325.8,97011.6431
2025-01-01 03:00:00,1.291,1.293,1.283,1.292,135969.5,2025-01-01 03:59:59.999,175251.6846,700,70193.0,90506.4287
2025-01-01 04:00:00,1.292,1.293,1.281,1.282,143121.1,2025-01-01 04:59:59.999,184282.4124,670,60582.8,78057.7728
2025-01-01 05:00:00,1.281,1.298,1.279,1.296,136133.5,2025-01-01 05:59:59.999,175434.196,702,82813.3,106718.715
2025-01-01 06:00:00,1.295,1.3,1.29,1.298,139778.5,2025-01-01 06:59:59.999,181146.5825,602,71091.3,92171.9094
2025-01-01 07:00:00,1.299,1.3,1.285,1.288,207064.9,2025-01-01 07:59:59.999,267261.6219,778,84390.4,109031.5441
2025-01-01 08:00:00,1.289,1.293,1.277,1.278,160416.6,2025-01-01 08:59:59.999,206124.4525,762,69421.6,89216.4571
2025-01-01 09:00:00,1.279,1.282,1.263,1.273,261832.1,2025-01-01 09:59:59.999,332628.8632,1346,139495.0,177310.6637
2025-01-01 10:00:00,1.274,1.284,1.273,1.277,146999.9,2025-01-01 10:59:59.999,188042.0539,678,68882.3,88148.7058
2025-01-01 11:00:00,1.277,1.293,1.27,1.287,193003.3,2025-01-01 11:59:59.999,247223.4988,940,94647.9,121339.3006
2025-01-01 12:00:00,1.288,1.307,1.285,1.304,263702.6,2025-01-01 12:59:59.999,340393.4021,1165,147762.5,190804.7158
2025-01-01 13:00:00,1.303,1.314,1.298,1.308,252196.3,2025-01-01 13:59:59.999,329386.1183,1397,124636.3,162819.2916
2025-01-01 14:00:00,1.309,1.323,1.305,1.322,222327.2,2025-01-01 14:59:59.999,292553.032,1166,108812.1,143187.0326
2025-01-01 15:00:00,1.322,1.333,1.311,1.333,196572.2,2025-01-01 15:59:59.999,259500.3569,963,107178.7,141515.3177
2025-01-01 16:00:00,1.333,1.35,1.327,1.337,425720.2,2025-01-01 16:59:59.999,569711.5764,2047,218829.8,292870.0648
2025-01-01 17:00:00,1.336,1.339,1.316,1.332,230907.3,2025-01-01 17:59:59.999,306362.2671,1205,116161.0,154117.0537
2025-01-01 18:00:00,1.333,1.359,1.328,1.356,287989.8,2025-01-01 18:59:59.999,387639.0843,1447,143693.7,193327.5668
2025-01-01 19:00:00,1.356,1.368,1.348,1.362,263475.1,2025-01-01 19:59:59.999,358012.653,1754,127685.7,173523.7735
2025-01-01 20:00:00,1.362,1.373,1.361,1.372,241492.6,2025-01-01 20:59:59.999,330029.9911,1462,120068.1,164087.5209
2025-01-01 21:00:00,1.372,1.378,1.358,1.364,275539.5,2025-01-01 21:59:59.999,376840.8517,1767,117434.4,160654.3027
2025-01-01 22:00:00,1.365,1.368,1.353,1.364,137778.8,2025-01-01 22:59:59.999,187217.1155,1087,61797.4,84001.3997
2025-01-01 23:00:00,1.364,1.387,1.357,1.367,1073432.9,2025-01-01 23:59:59.999,1470345.3061,4021,518403.7,710289.202
2025-01-02 00:00:00,1.366,1.435,1.366,1.426,1794852.3,2025-01-02 00:59:59.999,2502394.5796,8717,885604.9,1234047.1617
2025-01-02 01:00:00,1.426,1.465,1.362,1.372,3034792.7,2025-01-02 01:59:59.999,4223850.4659,10803,1553393.3,2159224.9708
2025-01-02 02:00:00,1.373,1.383,1.37,1.375,430266.9,2025-01-02 02:59:59.999,591833.885,1724,158241.6,217796.7079
2025-01-02 03:00:00,1.376,1.379,1.369,1.371,211333.1,2025-01-02 03:59:59.999,290516.1348,1127,119701.8,164660.349
2025-01-02 04:00:00,1.372,1.383,1.368,1.383,181789.8,2025-01-02 04:59:59.999,250031.0237,1153,101243.9,139290.7976
2025-01-02 05:00:00,1.382,1.382,1.365,1.367,170500.2,2025-01-02 05:59:59.999,233879.8574,975,74114.4,101666.5103
2025-01-02 06:00:00,1.367,1.371,1.359,1.364,174270.8,2025-01-02 06:59:59.999,237647.0114,975,88442.8,120627.0969
2025-01-02 07:00:00,1.365,1.373,1.361,1.373,205876.4,2025-01-02 07:59:59.999,281366.2104,945,126443.6,172886.6546
2025-01-02 08:00:00,1.372,1.379,1.368,1.378,203101.3,2025-01-02 08:59:59.999,279286.655,1058,117978.9,162284.1689
2025-01-02 09:00:00,1.377,1.386,1.375,1.385,219089.9,2025-01-02 09:59:59.999,302518.1514,1001,103073.0,142338.1852
2025-01-02 10:00:00,1.385,1.387,1.379,1.381,197089.7,2025-01-02 10:59:59.999,272368.8156,1190,111687.3,154369.68
2025-01-02 11:00:00,1.382,1.388,1.376,1.387,209638.2,2025-01-02 11:59:59.999,289437.8015,1047,128607.0,177567.0016
2025-01-02 12:00:00,1.387,1.394,1.383,1.385,281222.8,2025-01-02 12:59:59.999,390069.5286,1113,151118.6,209686.0576
2025-01-02 13:00:00,1.385,1.397,1.382,1.383,219992.0,2025-01-02 13:59:59.999,305497.47,997,89592.2,124462.3502
2025-01-02 14:00:00,1.384,1.404,1.372,1.388,430290.5,2025-01-02 14:59:59.999,596419.6046,2320,208278.6,288759.7077
2025-01-02 15:00:00,1.389,1.392,1.371,1.38,230905.5,2025-01-02 15:59:59.999,318717.7792,1318,102804.1,141905.2166
2025-01-02 16:00:00,1.379,1.409,1.374,1.387,2214579.4,2025-01-02 16:59:59.999,3083669.3215,6427,1214401.0,1691262.7719
2025-01-02 17:00:00,1.387,1.391,1.366,1.376,507604.3,2025-01-02 17:59:59.999,701077.8907,2307,192090.2,265341.1477
2025-01-02 18:00:00,1.377,1.379,1.372,1.378,165758.5,2025-01-02 18:59:59.999,227904.0968,978,99918.9,137414.3892
2025-01-02 19:00:00,1.377,1.381,1.371,1.372,132475.8,2025-01-02 19:59:59.999,182305.503,860,68231.6,93917.8668
2025-01-02 20:00:00,1.372,1.382,1.367,1.371,159603.3,2025-01-02 20:59:59.999,219397.8409,890,76379.4,105050.5623
2025-01-02 21:00:00,1.371,1.381,1.367,1.378,979749.4,2025-01-02 21:59:59.999,1347875.5996,2680,609457.8,838462.2074
2025-01-02 22:00:00,1.378,1.381,1.353,1.365,1567714.8,2025-01-02 22:59:59.999,2143171.5231,5691,659678.7,902402.564
2025-01-02 23:00:00,1.365,1.371,1.362,1.368,99691.3,2025-01-02 23:59:59.999,136267.4048,724,50607.1,69200.2916
2025-01-03 00:00:00,1.368,1.372,1.354,1.355,208247.9,2025-01-03 00:59:59.999,283747.0428,995,89670.3,122178.0362
2025-01-03 01:00:00,1.356,1.369,1.35,1.367,201120.9,2025-01-03 01:59:59.999,273196.7999,946,103179.5,140188.2705
2025-01-03 02:00:00,1.367,1.393,1.366,1.373,265693.5,2025-01-03 02:59:59.999,367237.9609,1377,138798.0,191931.3355
2025-01-03 03:00:00,1.373,1.384,1.366,1.382,109823.6,2025-01-03 03:59:59.999,150637.614,676,59208.8,81229.2208
2025-01-03 04:00:00,1.381,1.381,1.366,1.368,124509.2,2025-01-03 04:59:59.999,170898.5187,678,48472.6,66552.0914
2025-01-03 05:00:00,1.368,1.37,1.36,1.365,110194.2,2025-01-03 05:59:59.999,150341.4472,545,50287.6,68647.3431
2025-01-03 06:00:00,1.365,1.378,1.365,1.371,133407.1,2025-01-03 06:59:59.999,183212.7843,661,78780.6,108185.2247
2025-01-03 07:00:00,1.371,1.372,1.362,1.364,146502.3,2025-01-03 07:59:59.999,200080.6155,736,86074.7,117563.4776
2025-01-03 08:00:00,1.365,1.375,1.361,1.368,117509.3,2025-01-03 08:59:59.999,160697.9792,716,50889.1,69600.7577
2025-01-03 09:00:00,1.369,1.398,1.369,1.393,504170.8,2025-01-03 09:59:59.999,701436.9857,1598,208350.2,289652.8116
2025-01-03 10:00:00,1.393,1.41,1.384,1.404,167388.0,2025-01-03 10:59:59.999,233934.5243,1120,102696.4,143411.4257
2025-01-03 11:00:00,1.405,1.423,1.404,1.418,556519.0,2025-01-03 11:59:59.999,787973.8167,1825,299078.5,423570.3517
2025-01-03 12:00:00,1.417,1.429,1.415,1.418,230463.3,2025-01-03 12:59:59.999,328018.4296,1368,133607.8,190209.2453
2025-01-03 13:00:00,1.418,1.436,1.414,1.429,752992.0,2025-01-03 13:59:59.999,1074404.8031,2273,382594.2,545960.1227
2025-01-03 14:00:00,1.429,1.433,1.418,1.426,231301.8,2025-01-03 14:59:59.999,329609.7706,1393,120332.1,171514.3131
2025-01-03 15:00:00,1.426,1.434,1.421,1.432,182479.8,2025-01-03 15:59:59.999,260702.4076,1232,106314.7,151903.3395
2025-01-03 16:00:00,1.432,1.44,1.428,1.436,178778.0,2025-01-03 16:59:59.999,256609.2679,1470,94697.8,135948.0303
2025-01-03 17:00:00,1.436,1.439,1.422,1.424,114176.1,2025-01-03 17:59:59.999,163392.3181,894,46558.6,66653.5178
2025-01-03 18:00:00,1.423,1.439,1.423,1.434,124578.0,2025-01-03 18:59:59.999,178472.1184,781,60175.9,86133.8544
2025-01-03 19:00:00,1.435,1.435,1.427,1.429,119910.1,2025-01-03 19:59:59.999,171625.0806,732,71364.8,102153.6732
2025-01-03 20:00:00,1.429,1.439,1.42,1.437,137150.5,2025-01-03 20:59:59.999,196152.5919,1116,69504.3,99525.8715
2025-01-03 21:00:00,1.436,1.439,1.431,1.435,92824.6,2025-01-03 21:59:59.999,133142.738,711,41454.7,59482.7012
2025-01-03 22:00:00,1.435,1.444,1.432,1.439,144165.1,2025-01-03 22:59:59.999,207253.1062,937,71356.7,102576.4326
2025-01-03 23:00:00,1.438,1.441,1.432,1.437,93235.9,2025-01-03 23:59:59.999,133976.6575,655,42851.8,61583.5802
2025-01-04 00:00:00,1.437,1.445,1.422,1.429,128765.8,2025-01-04 00:59:59.999,184350.7934,1029,68419.5,97947.9473
2025-01-04 01:00:00,1.429,1.444,1.419,1.444,94799.7,2025-01-04 01:59:59.999,135595.2469,737,55806.9,79845.8021
2025-01-04 02:00:00,1.444,1.45,1.432,1.441,131597.4,2025-01-04 02:59:59.999,189712.987,1158,63308.1,91332.6456
2025-01-04 03:00:00,1.442,1.45,1.435,1.448,90040.3,2025-01-04 03:59:59.999,129882.8748,740,47364.6,68354.897
2025-01-04 04:00:00,1.449,1.45,1.43,1.44,873209.7,2025-01-04 04:59:59.999,1261042.6633,2990,566010.9,817586.916
2025-01-04 05:00:00,1.44,1.445,1.429,1.442,1359487.0,2025-01-04 05:59:59.999,1951206.2018,4451,568283.7,816054.9137
2025-01-04 06:00:00,1.442,1.461,1.442,1.455,121163.8,2025-01-04 06:59:59.999,176054.4558,937,65997.2,95900.2547
2025-01-04 07:00:00,1.454,1.466,1.454,1.458,105913.7,2025-01-04 07:59:59.999,154778.691,723,38872.8,56786.9158
2025-01-04 08:00:00,1.459,1.46,1.431,1.434,125102.9,2025-01-04 08:59:59.999,180653.6603,1161,50029.8,72295.3815
2025-01-04 09:00:00,1.435,1.441,1.431,1.432,123126.3,2025-01-04 09:59:59.999,176743.1819,705,57586.0,82681.404
2025-01-04 10:00:00,1.432,1.435,1.419,1.435,123900.9,2025-01-04 10:59:59.999,176843.9162,1088,73027.8,104269.5849
2025-01-04 11:00:00,1.434,1.454,1.425,1.433,619868.4,2025-01-04 11:59:59.999,893401.9242,3449,256040.6,369203.6318
2025-01-04 12:00:00,1.432,1.451,1.431,1.446,517474.2,2025-01-04 12:59:59.999,745594.015,1606,225744.8,325363.7329
2025-01-04 13:00:00,1.446,1.45,1.437,1.445,130172.1,2025-01-04 13:59:59.999,187844.3774,708,70619.3,101945.2996
2025-01-04 14:00:00,1.445,1.449,1.439,1.444,118241.5,2025-01-04 14:59:59.999,170648.4714,780,58829.3,84909.9546
2025-01-04 15:00:00,1.444,1.445,1.401,1.408,453219.2,2025-01-04 15:59:59.999,642393.5261,2475,231243.4,327595.5206
2025-01-04 16:00:00,1.408,1.416,1.405,1.412,192314.9,2025-01-04 16:59:59.999,271309.04,856,90192.3,127277.1455
2025-01-04 17:00:00,1.412,1.417,1.409,1.417,157041.7,2025-01-04 17:59:59.999,221913.3707,732,73588.5,104023.4489
2025-01-04 18:00:00,1.416,1.42,1.412,1.415,112623.1,2025-01-04 18:59:59.999,159524.7746,627,54650.5,77431.4204
2025-01-04 19:00:00,1.415,1.421,1.412,1.418,106229.8,2025-01-04 19:59:59.999,150533.4052,594,47978.4,68009.0896
2025-01-04 20:00:00,1.418,1.424,1.415,1.421,160247.1,2025-01-04 20:59:59.999,227502.1081,919,104921.8,148976.7132
2025-01-04 21:00:00,1.422,1.423,1.411,1.411,132565.9,2025-01-04 21:59:59.999,187999.9554,819,67234.8,95350.9056
2025-01-04 22:00:00,1.412,1.418,1.409,1.417,105933.5,2025-01-04 22:59:59.999,149528.1487,636,65109.8,91927.9711
2025-01-04 23:00:00,1.417,1.422,1.412,1.418,81326.9,2025-01-04 23:59:59.999,115315.3266,605,36191.3,51326.9562
2025-01-05 00:00:00,1.418,1.42,1.409,1.41,128771.8,2025-01-05 00:59:59.999,182090.5778,752,63213.2,89408.1906
2025-01-05 01:00:00,1.411,1.412,1.4,1.405,136447.3,2025-01-05 01:59:59.999,191908.9899,855,72196.1,101558.0016
2025-01-05 02:00:00,1.405,1.408,1.401,1.407,104417.8,2025-01-05 02:59:59.999,146616.5477,630,52548.6,73800.4272
2025-01-05 03:00:00,1.408,1.408,1.401,1.404,75853.7,2025-01-05 03:59:59.999,106503.5325,620,33288.4,46745.1104
2025-01-05 04:00:00,1.405,1.421,1.405,1.419,145702.0,2025-01-05 04:59:59.999,206226.0539,836,73432.6,103949.5033
2025-01-05 05:00:00,1.419,1.423,1.407,1.409,92467.3,2025-01-05 05:59:59.999,130863.1379,667,37587.1,53223.7984
2025-01-05 06:00:00,1.409,1.429,1.408,1.417,1039941.1,2025-01-05 06:59:59.999,1477742.4469,3675,531309.3,754930.3474
2025-01-05 07:00:00,1.417,1.444,1.415,1.436,473811.7,2025-01-05 07:59:59.999,675157.6106,2512,222967.8,317898.8251
2025-01-05 08:00:00,1.436,1.438,1.417,1.433,191992.2,2025-01-05 08:59:59.999,273935.6115,1228,95860.6,136797.6539
2025-01-05 09:00:00,1.433,1.445,1.427,1.429,172023.5,2025-01-05 09:59:59.999,246813.2564,1189,91698.8,131569.8857
2025-01-05 10:00:00,1.43,1.434,1.42,1.429,113078.6,2025-01-05 10:59:59.999,161335.125,1022,62216.3,88772.0164
2025-01-05 11:00:00,1.428,1.444,1.426,1.432,146994.1,2025-01-05 11:59:59.999,211212.4113,969,94876.2,136389.6802
2025-01-05 12:00:00,1.432,1.451,1.427,1.435,157089.3,2025-01-05 12:59:59.999,225977.455,1026,89417.5,128753.8354
2025-01-05 13:00:00,1.435,1.452,1.433,1.441,149247.8,2025-01-05 13:59:59.999,215065.5092,964,79377.1,114376.0788
2025-01-05 14:00:00,1.441,1.448,1.417,1.443,662370.7,2025-01-05 14:59:59.999,946182.8574,2194,358294.7,511668.6962
2025-01-05 15:00:00,1.442,1.453,1.434,1.443,129770.0,2025-01-05 15:59:59.999,187433.71,944,67498.1,97514.9274
2025-01-05 16:00:00,1.444,1.446,1.429,1.434,112087.5,2025-01-05 16:59:59.999,160957.892,788,50531.3,72570.7379
2025-01-05 17:00:00,1.435,1.447,1.431,1.432,201522.6,2025-01-05 17:59:59.999,290235.1023,967,110031.1,158610.1013
2025-01-05 18:00:00,1.432,1.443,1.427,1.442,163457.9,2025-01-05 18:59:59.999,234535.9906,1080,90739.2,130247.4016
2025-01-05 19:00:00,1.442,1.442,1.432,1.44,102664.7,2025-01-05 19:59:59.999,147593.8296,775,51047.0,73400.1166
2025-01-05 20:00:00,1.441,1.451,1.43,1.434,162543.0,2025-01-05 20:59:59.999,234324.091,1374,85090.4,122658.7555
2025-01-05 21:00:00,1.435,1.441,1.434,1.436,98624.8,2025-01-05 21:59:59.999,141743.4918,699,61224.1,87996.7842
2025-01-05 22:00:00,1.436,1.443,1.428,1.443,92967.6,2025-01-05 22:59:59.999,133514.2912,787,42146.4,60519.0646
2025-01-05 23:00:00,1.442,1.452,1.44,1.448,129393.1,2025-01-05 23:59:59.999,187375.7223,833,66725.0,96648.5605
2025-01-06 00:00:00,1.447,1.46,1.434,1.435,711859.0,2025-01-06 00:59:59.999,1029385.5528,3518,334052.8,483166.8441
2025-01-06 01:00:00,1.434,1.461,1.422,1.458,628228.6,2025-01-06 01:59:59.999,902931.0216,2795,292040.3,420165.3159
2025-01-06 02:00:00,1.458,1.47,1.451,1.453,512835.2,2025-01-06 02:59:59.999,749033.1797,2680,199144.0,291018.7153
2025-01-06 03:00:00,1.453,1.466,1.448,1.459,554528.9,2025-01-06 03:59:59.999,808944.2762,2430,261779.5,381975.8051
2025-01-06 04:00:00,1.46,1.467,1.451,1.459,112628.8,2025-01-06 04:59:59.999,164217.9166,558,51829.8,75613.1967
2025-01-06 05:00:00,1.458,1.468,1.457,1.459,783970.9,2025-01-06 05:59:59.999,1145853.0095,3025,416167.4,608298.1379
2025-01-06 06:00:00,1.46,1.465,1.452,1.46,335746.4,2025-01-06 06:59:59.999,489570.2183,1998,199295.7,290720.7353
2025-01-06 07:00:00,1.46,1.467,1.449,1.458,584920.8,2025-01-06 07:59:59.999,852587.4548,2974,255222.8,372223.3585
2025-01-06 08:00:00,1.458,1.467,1.451,1.452,611848.1,2025-01-06 08:59:59.999,893070.8487,3335,330430.8,482520.9612
2025-01-06 09:00:00,1.452,1.465,1.45,1.46,478897.6,2025-01-06 09:59:59.999,697630.9196,1897,301589.0,439602.0634
2025-01-06 10:00:00,1.46,1.473,1.45,1.463,1395473.7,2025-01-06 10:59:59.999,2038256.8313,4248,832002.6,1216084.5071
2025-01-06 11:00:00,1.463,1.483,1.458,1.482,430779.2,2025-01-06 11:59:59.999,630770.1912,2047,185025.1,271282.5119
2025-01-06 12:00:00,1.482,1.491,1.465,1.466,234772.1,2025-01-06 12:59:59.999,347275.9185,1477,106257.5,157214.2455
2025-01-06 13:00:00,1.466,1.48,1.455,1.464,1054827.6,2025-01-06 13:59:59.999,1544572.071,3348,556380.0,814187.709
2025-01-06 14:00:00,1.465,1.469,1.442,1.46,586384.8,2025-01-06 14:59:59.999,853108.3279,3163,305677.9,445088.5721
2025-01-06 15:00:00,1.461,1.475,1.456,1.468,248155.1,2025-01-06 15:59:59.999,364388.5308,2005,109025.0,160122.3065
2025-01-06 16:00:00,1.468,1.486,1.461,1.472,251008.4,2025-01-06 16:59:59.999,370331.192,1769,119721.7,176748.4503
2025-01-06 17:00:00,1.472,1.472,1.45,1.459,181039.9,2025-01-06 17:59:59.999,264002.4924,1138,86747.1,126495.8051
2025-01-06 18:00:00,1.458,1.46,1.45,1.454,109100.9,2025-01-06 18:59:59.999,158745.3862,726,39238.4,57113.3296
2025-01-06 19:00:00,1.454,1.465,1.452,1.457,102417.9,2025-01-06 19:59:59.999,149358.851,727,53482.8,78017.3361
2025-01-06 20:00:00,1.456,1.461,1.449,1.453,98760.6,2025-01-06 20:59:59.999,143799.3721,637,43365.1,63165.1826
2025-01-06 21:00:00,1.454,1.455,1.438,1.442,113783.9,2025-01-06 21:59:59.999,164266.3934,928,52295.3,75522.4457
2025-01-06 22:00:00,1.442,1.453,1.44,1.449,91199.9,2025-01-06 22:59:59.999,131739.6669,618,56593.2,81752.4099
2025-01-06 23:00:00,1.449,1.451,1.44,1.449,650631.4,2025-01-06 23:59:59.999,939571.6936,2767,377431.2,545242.5111
2025-01-07 00:00:00,1.448,1.451,1.434,1.434,185108.8,2025-01-07 00:59:59.999,266846.6583,1050,80638.9,116269.351
2025-01-07 01:00:00,1.435,1.447,1.427,1.446,146899.6,2025-01-07 01:59:59.999,211059.9185,1024,81424.2,116977.7044
2025-01-07 02:00:00,1.446,1.446,1.426,1.432,168130.0,2025-01-07 02:59:59.999,240975.7474,880,89422.2,128166.1272
2025-01-07 03:00:00,1.432,1.442,1.431,1.44,130141.6,2025-01-07 03:59:59.999,186676.3001,561,66037.5,94722.0261
2025-01-07 04:00:00,1.441,1.442,1.435,1.438,86517.8,2025-01-07 04:59:59.999,124423.1536,643,39072.3,56203.2387
2025-01-07 05:00:00,1.437,1.444,1.432,1.444,131735.7,2025-01-07 05:59:59.999,189093.5479,723,61536.1,88360.3135
2025-01-07 06:00:00,1.445,1.469,1.443,1.466,557527.4,2025-01-07 06:59:59.999,813097.2843,1599,336162.6,490030.6583
2025-01-07 07:00:00,1.465,1.472,1.446,1.447,452513.2,2025-01-07 07:59:59.999,657383.7803,1210,208656.8,302908.8265
2025-01-07 08:00:00,1.447,1.46,1.441,1.453,137703.8,2025-01-07 08:59:59.999,199752.273,865,47414.4,68798.8183
2025-01-07 09:00:00,1.453,1.455,1.439,1.442,122216.7,2025-01-07 09:59:59.999,176904.6175,721,44517.3,64536.8169
2025-01-07 10:00:00,1.441,1.446,1.435,1.442,100418.7,2025-01-07 10:59:59.999,144647.2002,633,57302.5,82541.9158
2025-01-07 11:00:00,1.442,1.445,1.417,1.43,136534.1,2025-01-07 11:59:59.999,195175.8906,958,51525.4,73679.5751
2025-01-07 12:00:00,1.43,1.435,1.421,1.429,116292.8,2025-01-07 12:59:59.999,166147.758,684,46318.1,66168.999
2025-01-07 13:00:00,1.429,1.442,1.427,1.436,81133.7,2025-01-07 13:59:59.999,116489.5348,534,39336.9,56494.1305
2025-01-07 14:00:00,1.436,1.439,1.41,1.418,174860.0,2025-01-07 14:59:59.999,249408.2931,1258,72441.4,103442.381
2025-01-07 15:00:00,1.417,1.42,1.341,1.361,1640896.9,2025-01-07 15:59:59.999,2260843.0093,8919,839176.0,1157027.1506
2025-01-07 16:00:00,1.36,1.367,1.348,1.354,299649.5,2025-01-07 16:59:59.999,406576.6986,1545,159629.4,216537.9688
2025-01-07 17:00:00,1.353,1.357,1.341,1.351,237598.1,2025-01-07 17:59:59.999,320603.8868,1422,128339.1,173171.8377
2025-01-07 18:00:00,1.349,1.355,1.329,1.334,288546.2,2025-01-07 18:59:59.999,386155.1348,1315,172615.4,230949.8128
2025-01-07 19:00:00,1.333,1.34,1.321,1.322,180289.7,2025-01-07 19:59:59.999,239871.1852,987,78295.9,104183.8428
2025-01-07 20:00:00,1.323,1.33,1.311,1.328,255949.0,2025-01-07 20:59:59.999,338452.9396,1149,91149.6,120576.759
2025-01-07 21:00:00,1.328,1.344,1.316,1.316,230970.9,2025-01-07 21:59:59.999,307658.5874,1097,127297.7,169540.4732
2025-01-07 22:00:00,1.316,1.329,1.313,1.328,161081.0,2025-01-07 22:59:59.999,212931.1172,942,86516.2,114306.3195
2025-01-07 23:00:00,1.327,1.335,1.306,1.308,1103638.8,2025-01-07 23:59:59.999,1460063.6538,4040,540842.1,716457.0495
2025-01-08 00:00:00,1.309,1.328,1.308,1.328,192479.7,2025-01-08 00:59:59.999,253777.8979,952,71295.1,94032.9403
2025-01-08 01:00:00,1.327,1.328,1.307,1.317,113192.3,2025-01-08 01:59:59.999,149164.7963,630,39248.7,51713.9007
2025-01-08 02:00:00,1.316,1.329,1.311,1.314,696450.7,2025-01-08 02:59:59.999,920605.1498,2257,378273.9,500333.5139
2025-01-08 03:00:00,1.314,1.314,1.295,1.301,653432.7,2025-01-08 03:59:59.999,850688.3854,2556,256923.0,334665.8687
2025-01-08 04:00:00,1.301,1.303,1.288,1.298,562474.1,2025-01-08 04:59:59.999,729030.219,2315,345976.9,448428.6539
2025-01-08 05:00:00,1.298,1.308,1.285,1.287,1173082.9,2025-01-08 05:59:59.999,1521844.8992,4417,532429.3,690983.5697
2025-01-08 06:00:00,1.288,1.296,1.262,1.264,334918.4,2025-01-08 06:59:59.999,429417.4097,1689,128846.7,165090.5588
2025-01-08 07:00:00,1.263,1.281,1.259,1.279,154491.7,2025-01-08 07:59:59.999,195878.714,946,79267.2,100590.0674
2025-01-08 08:00:00,1.278,1.295,1.278,1.288,152904.0,2025-01-08 08:59:59.999,196771.5774,976,75992.6,97739.2828
2025-01-08 09:00:00,1.288,1.291,1.275,1.275,168763.2,2025-01-08 09:59:59.999,216745.0323,685,81889.9,105251.5958
2025-01-08 10:00:00,1.276,1.288,1.275,1.282,90716.5,2025-01-08 10:59:59.999,116225.0923,617,46810.7,59968.9308
2025-01-08 11:00:00,1.281,1.282,1.26,1.271,142544.1,2025-01-08 11:59:59.999,181087.5499,1042,56685.5,71982.3275
2025-01-08 12:00:00,1.271,1.28,1.262,1.263,163340.6,2025-01-08 12:59:59.999,207779.8502,978,99244.3,126220.2726
2025-01-08 13:00:00,1.263,1.28,1.263,1.276,188488.8,2025-01-08 13:59:59.999,240130.4541,1130,86690.4,110464.6386
2025-01-08 14:00:00,1.278,1.306,1.278,1.3,1069780.1,2025-01-08 14:59:59.999,1386971.0903,3422,521595.4,676221.962
2025-01-08 15:00:00,1.299,1.336,1.299,1.335,1213984.7,2025-01-08 15:59:59.999,1607895.0896,4403,569442.6,753911.7901
2025-01-08 16:00:00,1.335,1.344,1.313,1.315,329464.8,2025-01-08 16:59:59.999,437787.3178,1952,186231.9,247606.781
2025-01-08 17:00:00,1.314,1.324,1.268,1.303,1099285.1,2025-01-08 17:59:59.999,1419240.8249,5671,616400.4,794922.2153
2025-01-08 18:00:00,1.302,1.341,1.299,1.313,399966.6,2025-01-08 18:59:59.999,527062.1713,2343,239884.0,316080.1695
2025-01-08 19:00:00,1.313,1.323,1.3,1.305,248416.2,2025-01-08 19:59:59.999,325337.6095,1738,134054.3,175686.5552
2025-01-08 20:00:00,1.304,1.309,1.297,1.302,165584.9,2025-01-08 20:59:59.999,215884.8259,965,84224.4,109801.7164
2025-01-08 21:00:00,1.303,1.307,1.289,1.306,211880.8,2025-01-08 21:59:59.999,275286.7592,1376,111737.1,145178.6603
2025-01-08 22:00:00,1.306,1.334,1.305,1.334,185103.2,2025-01-08 22:59:59.999,244216.1271,1099,107902.5,142417.3327
2025-01-08 23:00:00,1.334,1.34,1.322,1.325,112929.5,2025-01-08 23:59:59.999,150228.1226,541,43205.5,57489.0399
2025-01-09 00:00:00,1.325,1.579,1.293,1.319,12114870.2,2025-01-09 00:59:59.999,16873864.3627,58294,5599912.6,7743378.6097
2025-01-09 01:00:00,1.319,1.331,1.308,1.313,674161.9,2025-01-09 01:59:59.999,888011.1824,4097,210180.9,277189.7349
2025-01-09 02:00:00,1.314,1.326,1.295,1.303,419890.3,2025-01-09 02:59:59.999,547580.8988,3283,156571.0,204229.5404
2025-01-09 03:00:00,1.304,1.311,1.29,1.295,323993.5,2025-01-09 03:59:59.999,420294.1464,2110,145840.1,189217.6925
2025-01-09 04:00:00,1.295,1.305,1.289,1.297,578249.7,2025-01-09 04:59:59.999,748264.1589,1967,271329.0,351126.56
2025-01-09 05:00:00,1.297,1.301,1.288,1.291,266467.7,2025-01-09 05:59:59.999,344775.8557,1259,159906.5,206876.559
2025-01-09 06:00:00,1.292,1.297,1.284,1.286,265964.0,2025-01-09 06:59:59.999,343150.6435,1397,153504.6,198020.8639
2025-01-09 07:00:00,1.286,1.291,1.255,1.258,1014608.4,2025-01-09 07:59:59.999,1283822.7763,3204,536863.8,678989.7387
2025-01-09 08:00:00,1.259,1.281,1.255,1.273,402808.0,2025-01-09 08:59:59.999,510773.2406,1991,203976.3,258911.3224
2025-01-09 09:00:00,1.273,1.294,1.27,1.281,348610.3,2025-01-09 09:59:59.999,446763.7555,1524,195609.4,250794.2322
2025-01-09 10:00:00,1.282,1.286,1.255,1.278,959630.3,2025-01-09 10:59:59.999,1216201.2353,3389,577884.1,732982.9762
2025-01-09 11:00:00,1.277,1.295,1.274,1.283,351111.6,2025-01-09 11:59:59.999,450136.4179,1592,214484.8,274903.4083
2025-01-09 12:00:00,1.282,1.284,1.268,1.273,290546.9,2025-01-09 12:59:59.999,370899.9389,1594,148990.1,190146.6904
2025-01-09 13:00:00,1.272,1.285,1.247,1.25,600158.5,2025-01-09 13:59:59.999,756728.9875,2848,299091.3,377211.9238
2025-01-09 14:00:00,1.249,1.269,1.242,1.256,796482.8,2025-01-09 14:59:59.999,998970.3505,3550,412846.4,517616.5642
2025-01-09 15:00:00,1.255,1.292,1.249,1.289,623824.2,2025-01-09 15:59:59.999,792788.9588,2801,292582.8,372173.0362
2025-01-09 16:00:00,1.289,1.294,1.272,1.29,298981.4,2025-01-09 16:59:59.999,383666.1654,1584,143814.6,184614.1889
2025-01-09 17:00:00,1.29,1.299,1.264,1.271,341346.2,2025-01-09 17:59:59.999,438433.0363,1832,181381.5,232782.1143
2025-01-09 18:00:00,1.271,1.288,1.265,1.28,350349.3,2025-01-09 18:59:59.999,447117.8271,1624,157810.3,201387.8516
2025-01-09 19:00:00,1.279,1.281,1.249,1.254,568147.1,2025-01-09 19:59:59.999,717790.5928,2119,268116.0,339079.4883
2025-01-09 20:00:00,1.255,1.261,1.237,1.256,661815.0,2025-01-09 20:59:59.999,827019.431,2948,316935.0,396153.523
2025-01-09 21:00:00,1.256,1.269,1.249,1.252,317167.0,2025-01-09 21:59:59.999,399053.6532,1464,161637.6,203412.1435
2025-01-09 22:00:00,1.251,1.274,1.249,1.263,237095.6,2025-01-09 22:59:59.999,298816.0387,1416,124981.2,157503.5288
2025-01-09 23:00:00,1.263,1.277,1.256,1.274,263345.7,2025-01-09 23:59:59.999,332561.8343,1696,172654.3,217979.8348
2025-01-10 00:00:00,1.276,1.276,1.24,1.242,538726.7,2025-01-10 00:59:59.999,674796.6689,3121,222221.5,278264.7173
2025-01-10 01:00:00,1.243,1.255,1.231,1.249,585031.6,2025-01-10 01:59:59.999,727116.3376,3015,314090.3,390179.8881
2025-01-10 02:00:00,1.25,1.262,1.245,1.25,332113.1,2025-01-10 02:59:59.999,415928.3982,1799,152829.3,191341.9536
2025-01-10 03:00:00,1.25,1.265,1.243,1.264,358148.4,2025-01-10 03:59:59.999,449486.623,1905,158661.3,199084.3911
2025-01-10 04:00:00,1.264,1.271,1.25,1.255,244226.6,2025-01-10 04:59:59.999,307767.5054,1437,110110.0,138752.9738
2025-01-10 05:00:00,1.255,1.278,1.248,1.263,924113.4,2025-01-10 05:59:59.999,1164829.9037,4213,456977.7,576400.2696
2025-01-10 06:00:00,1.263,1.275,1.255,1.274,262650.3,2025-01-10 06:59:59.999,332250.9809,1562,145143.2,183674.5536
2025-01-10 07:00:00,1.275,1.289,1.268,1.282,340513.0,2025-01-10 07:59:59.999,435589.598,2052,156878.9,200643.9154
2025-01-10 08:00:00,1.281,1.287,1.278,1.282,275262.2,2025-01-10 08:59:59.999,353243.3572,1557,148222.2,190265.9188
2025-01-10 09:00:00,1.281,1.293,1.276,1.288,199312.5,2025-01-10 09:59:59.999,256057.3966,1226,96974.9,124601.9414
2025-01-10 10:00:00,1.288,1.292,1.28,1.288,184593.7,2025-01-10 10:59:59.999,237398.5105,1019,80114.0,103041.9335
2025-01-10 11:00:00,1.287,1.288,1.27,1.283,191134.4,2025-01-10 11:59:59.999,244218.075,1223,86351.2,110324.3385
2025-01-10 12:00:00,1.283,1.29,1.275,1.289,189015.2,2025-01-10 12:59:59.999,242119.7937,1089,90960.8,116551.2553
2025-01-10 13:00:00,1.289,1.293,1.241,1.257,1071938.5,2025-01-10 13:59:59.999,1355220.9739,7373,500179.6,631236.6141
2025-01-10 14:00:00,1.256,1.282,1.254,1.263,439630.3,2025-01-10 14:59:59.999,557222.8909,2655,213334.4,270321.05
2025-01-10 15:00:00,1.263,1.273,1.238,1.261,1330530.1,2025-01-10 15:59:59.999,1666231.3493,5572,677346.2,848560.7662
2025-01-10 16:00:00,1.261,1.264,1.25,1.25,298258.3,2025-01-10 16:59:59.999,374806.2412,1785,140291.9,176268.049
2025-01-10 17:00:00,1.249,1.291,1.247,1.29,368065.0,2025-01-10 17:59:59.999,466684.6388,2299,180001.9,228187.5797
2025-01-10 18:00:00,1.29,1.291,1.278,1.284,309106.1,2025-01-10 18:59:59.999,397142.9583,1917,131557.9,169075.4017
2025-01-10 19:00:00,1.284,1.295,1.274,1.292,231706.4,2025-01-10 19:59:59.999,298298.2138,1402,114767.5,147789.7619
2025-01-10 20:00:00,1.291,1.293,1.28,1.286,202554.0,2025-01-10 20:59:59.999,260381.524,1245,92323.0,118702.881
2025-01-10 21:00:00,1.287,1.292,1.285,1.286,142490.8,2025-01-10 21:59:59.999,183591.6346,870,66376.1,85533.2483
2025-01-10 22:00:00,1.286,1.294,1.277,1.291,179330.4,2025-01-10 22:59:59.999,230412.2231,966,110000.5,141375.5147
2025-01-10 23:00:00,1.291,1.295,1.284,1.284,149789.3,2025-01-10 23:59:59.999,193066.7829,962,78298.0,100930.8748
2025-01-11 00:00:00,1.285,1.293,1.278,1.293,445109.2,2025-01-11 00:59:59.999,571929.5952,2689,247113.0,317501.5592
2025-01-11 01:00:00,1.292,1.297,1.272,1.274,343442.8,2025-01-11 01:59:59.999,440663.1385,2269,165249.4,212060.4456
2025-01-11 02:00:00,1.275,1.282,1.267,1.281,270213.2,2025-01-11 02:59:59.999,344837.0004,1724,177678.2,226911.1726
2025-01-11 03:00:00,1.281,1.287,1.269,1.272,442711.7,2025-01-11 03:59:59.999,564992.8655,2856,201397.1,257396.9947
2025-01-11 04:00:00,1.273,1.28,1.264,1.272,167433.2,2025-01-11 04:59:59.999,212856.6368,1229,67605.3,85923.3
2025-01-11 05:00:00,1.272,1.283,1.269,1.28,136754.7,2025-01-11 05:59:59.999,174507.4691,979,59343.7,75722.8223
2025-01-11 06:00:00,1.281,1.286,1.274,1.274,136652.9,2025-01-11 06:59:59.999,175020.5153,975,59790.0,76581.1868
2025-01-11 07:00:00,1.275,1.277,1.268,1.273,94785.5,2025-01-11 07:59:59.999,120596.1699,656,36461.0,46408.7194
2025-01-11 08:00:00,1.274,1.28,1.265,1.269,118560.1,2025-01-11 08:59:59.999,150984.1602,781,51740.3,65938.4104
2025-01-11 09:00:00,1.269,1.276,1.266,1.272,124077.4,2025-01-11 09:59:59.999,157687.0721,835,57224.6,72721.2512
2025-01-11 10:00:00,1.272,1.282,1.272,1.279,140046.6,2025-01-11 10:59:59.999,178806.1755,910,68631.9,87642.8133
2025-01-11 11:00:00,1.279,1.281,1.275,1.277,200695.7,2025-01-11 11:59:59.999,256491.5449,1068,97505.1,124617.6584
2025-01-11 12:00:00,1.276,1.277,1.27,1.272,101364.4,2025-01-11 12:59:59.999,129068.7334,753,52515.3,66870.223
2025-01-11 13:00:00,1.273,1.274,1.264,1.267,157736.2,2025-01-11 13:59:59.999,200208.3121,1171,83848.0,106442.5127
2025-01-11 14:00:00,1.268,1.271,1.26,1.271,141497.6,2025-01-11 14:59:59.999,179165.8974,1147,83445.1,105667.4521
2025-01-11 15:00:00,1.271,1.275,1.262,1.263,107627.7,2025-01-11 15:59:59.999,136372.9952,824,42722.3,54136.9849
2025-01-11 16:00:00,1.264,1.277,1.255,1.268,1583461.1,2025-01-11 16:59:59.999,2003991.4784,7309,960721.7,1216647.0806
2025-01-11 17:00:00,1.268,1.269,1.255,1.263,227115.3,2025-01-11 17:59:59.999,286574.0376,1326,122421.4,154488.9489
2025-01-11 18:00:00,1.264,1.27,1.261,1.267,156047.9,2025-01-11 18:59:59.999,197509.4073,1010,70277.2,88946.0143
2025-01-11 19:00:00,1.267,1.269,1.258,1.264,108508.5,2025-01-11 19:59:59.999,137131.0451,755,48431.9,61227.7477
2025-01-11 20:00:00,1.265,1.29,1.264,1.287,213570.2,2025-01-11 20:59:59.999,273071.949,1435,113840.0,145576.5581
2025-01-11 21:00:00,1.288,1.31,1.285,1.305,266758.5,2025-01-11 21:59:59.999,346836.0696,1854,114544.6,149006.883
2025-01-11 22:00:00,1.306,1.306,1.284,1.284,167518.4,2025-01-11 22:59:59.999,217357.0837,1096,65228.8,84603.3952
2025-01-11 23:00:00,1.285,1.289,1.277,1.28,170134.1,2025-01-11 23:59:59.999,218342.399,1139,78317.8,100532.5459
2025-01-12 00:00:00,1.283,1.288,1.277,1.282,217951.5,2025-01-12 00:59:59.999,279479.7799,1374,110892.9,142191.7169
2025-01-12 01:00:00,1.281,1.289,1.277,1.287,141788.3,2025-01-12 01:59:59.999,181727.2334,904,70662.3,90555.0433
2025-01-12 02:00:00,1.288,1.304,1.284,1.302,702411.1,2025-01-12 02:59:59.999,910178.7693,3942,432602.5,560587.5056
2025-01-12 03:00:00,1.303,1.304,1.282,1.288,1165938.6,2025-01-12 03:59:59.999,1506036.5152,3986,634951.6,820592.9375
2025-01-12 04:00:00,1.288,1.29,1.284,1.287,113144.5,2025-01-12 04:59:59.999,145678.7306,749,48946.8,63022.9755
2025-01-12 05:00:00,1.286,1.296,1.279,1.296,414098.0,2025-01-12 05:59:59.999,532462.141,1942,250170.0,321589.4648
2025-01-12 06:00:00,1.295,1.296,1.274,1.275,620351.8,2025-01-12 06:59:59.999,797297.1426,2103,305950.5,393182.604
2025-01-12 07:00:00,1.275,1.292,1.275,1.287,1056326.0,2025-01-12 07:59:59.999,1355673.7374,4433,585415.5,751400.5378
2025-01-12 08:00:00,1.287,1.295,1.27,1.27,689440.9,2025-01-12 08:59:59.999,884968.3253,3123,251587.7,323193.0337
2025-01-12 09:00:00,1.271,1.273,1.255,1.26,180586.0,2025-01-12 09:59:59.999,228060.1974,1307,72022.7,90971.6636
2025-01-12 10:00:00,1.26,1.265,1.255,1.263,110600.4,2025-01-12 10:59:59.999,139378.6254,927,55378.6,69783.3025
2025-01-12 11:00:00,1.263,1.268,1.26,1.266,111541.8,2025-01-12 11:59:59.999,141016.7464,812,50319.4,63620.016
2025-01-12 12:00:00,1.267,1.28,1.258,1.274,839902.3,2025-01-12 12:59:59.999,1068590.3333,4058,514339.8,654475.3982
2025-01-12 13:00:00,1.274,1.276,1.263,1.272,852356.5,2025-01-12 13:59:59.999,1080688.0249,3305,385897.5,489524.9663
2025-01-12 14:00:00,1.273,1.276,1.262,1.264,200471.4,2025-01-12 14:59:59.999,254656.0266,1409,86014.7,109215.0637
2025-01-12 15:00:00,1.264,1.282,1.264,1.279,237167.4,2025-01-12 15:59:59.999,302198.3827,1633,124068.3,158053.1095
2025-01-12 16:00:00,1.28,1.284,1.27,1.28,167601.7,2025-01-12 16:59:59.999,213989.1672,1232,86246.4,110135.9172
2025-01-12 17:00:00,1.281,1.285,1.275,1.28,128757.3,2025-01-12 17:59:59.999,164872.9414,916,61767.3,79091.7459
2025-01-12 18:00:00,1.28,1.29,1.273,1.276,152613.4,2025-01-12 18:59:59.999,195636.8022,1064,78285.4,100377.0841
2025-01-12 19:00:00,1.276,1.28,1.27,1.273,195870.1,2025-01-12 19:59:59.999,249238.6965,959,55939.1,71247.4534
2025-01-12 20:00:00,1.272,1.275,1.261,1.265,116675.4,2025-01-12 20:59:59.999,147937.2582,865,50996.3,64650.1715
2025-01-12 21:00:00,1.265,1.267,1.256,1.257,176364.9,2025-01-12 21:59:59.999,222290.1466,1141,85621.2,107919.1435
2025-01-12 22:00:00,1.257,1.268,1.243,1.245,1016258.9,2025-01-12 22:59:59.999,1272714.2925,3116,638755.5,800647.5332
2025-01-12 23:00:00,1.245,1.26,1.245,1.257,142499.1,2025-01-12 23:59:59.999,178429.8911,1482,71124.5,89024.9673
2025-01-13 00:00:00,1.257,1.288,1.253,1.28,343850.5,2025-01-13 00:59:59.999,438690.0035,4137,146328.1,186608.2391
2025-01-13 01:00:00,1.28,1.283,1.253,1.256,279085.7,2025-01-13 01:59:59.999,353948.3839,3238,129886.1,164573.3486
2025-01-13 02:00:00,1.256,1.259,1.234,1.24,255463.8,2025-01-13 02:59:59.999,318635.4556,2181,118863.3,148278.4885
2025-01-13 03:00:00,1.24,1.254,1.239,1.245,959280.7,2025-01-13 03:59:59.999,1196134.4495,5527,570183.6,710917.9177
2025-01-13 04:00:00,1.245,1.268,1.241,1.246,1182556.5,2025-01-13 04:59:59.999,1486740.9291,5575,667824.4,839772.2533
2025-01-13 05:00:00,1.246,1.248,1.226,1.229,407035.7,2025-01-13 05:59:59.999,503679.9566,3294,124164.5,153550.5855
2025-01-13 06:00:00,1.23,1.244,1.226,1.235,1090128.2,2025-01-13 06:59:59.999,1344937.2177,7223,625365.3,771440.721
2025-01-13 07:00:00,1.235,1.235,1.216,1.224,763332.9,2025-01-13 07:59:59.999,934938.611,3855,357524.4,438159.8793
2025-01-13 08:00:00,1.224,1.23,1.212,1.212,1105474.0,2025-01-13 08:59:59.999,1351903.3849,7638,676508.6,827689.7671
2025-01-13 09:00:00,1.212,1.216,1.194,1.198,1148241.4,2025-01-13 09:59:59.999,1383808.0748,6906,429242.0,517188.4264
2025-01-13 10:00:00,1.198,1.208,1.181,1.186,1066313.7,2025-01-13 10:59:59.999,1271782.1334,5980,499091.7,596017.7676
2025-01-13 11:00:00,1.185,1.19,1.172,1.176,585705.5,2025-01-13 11:59:59.999,690814.4844,4172,326726.1,385411.9817
2025-01-13 12:00:00,1.176,1.19,1.17,1.18,1197041.8,2025-01-13 12:59:59.999,1411578.2048,7947,522809.7,616777.0594
2025-01-13 13:00:00,1.179,1.208,1.176,1.188,258868.8,2025-01-13 13:59:59.999,308806.4256,2870,118044.1,140725.6623
2025-01-13 14:00:00,1.188,1.211,1.162,1.202,740872.7,2025-01-13 14:59:59.999,878487.8655,7838,387716.5,459809.6288
2025-01-13 15:00:00,1.203,1.231,1.199,1.212,465543.5,2025-01-13 15:59:59.999,565876.8413,4425,198475.5,241300.5801
2025-01-13 16:00:00,1.212,1.214,1.189,1.189,323632.5,2025-01-13 16:59:59.999,389904.2485,3405,117699.7,141927.3157
2025-01-13 17:00:00,1.189,1.204,1.183,1.188,280261.9,2025-01-13 17:59:59.999,334182.9319,2807,179477.5,214018.5593
2025-01-13 18:00:00,1.188,1.201,1.175,1.19,341819.4,2025-01-13 18:59:59.999,405586.8932,3183,172776.0,204971.3941
2025-01-13 19:00:00,1.191,1.2,1.178,1.191,321274.3,2025-01-13 19:59:59.999,382036.587,2915,208972.4,248546.6867
2025-01-13 20:00:00,1.19,1.226,1.182,1.223,234297.3,2025-01-13 20:59:59.999,281913.7876,3163,107920.7,129804.081
2025-01-13 21:00:00,1.224,1.235,1.216,1.23,351123.6,2025-01-13 21:59:59.999,430354.447,3830,141514.1,173256.3757
2025-01-13 22:00:00,1.231,1.246,1.23,1.239,202367.2,2025-01-13 22:59:59.999,250896.9363,2280,100103.6,124101.878
2025-01-13 23:00:00,1.24,1.241,1.234,1.236,66918.4,2025-01-13 23:59:59.999,82758.0143,791,27922.4,34542.1931
2025-01-14 00:00:00,1.236,1.239,1.225,1.228,141750.6,2025-01-14 00:59:59.999,174576.6987,1652,61713.9,75999.2193
2025-01-14 01:00:00,1.229,1.245,1.229,1.234,100142.9,2025-01-14 01:59:59.999,123949.5639,1149,58174.6,72014.7836
2025-01-14 02:00:00,1.234,1.249,1.233,1.238,132723.7,2025-01-14 02:59:59.999,164608.4533,1588,70648.8,87630.3189
2025-01-14 03:00:00,1.237,1.243,1.234,1.235,122533.5,2025-01-14 03:59:59.999,151635.9059,1087,53941.3,66750.154
2025-01-14 04:00:00,1.235,1.244,1.235,1.243,133390.9,2025-01-14 04:59:59.999,165375.7088,1091,52845.3,65507.819
2025-01-14 05:00:00,1.243,1.25,1.233,1.235,127513.8,2025-01-14 05:59:59.999,158397.0751,1162,59721.2,74229.1873
2025-01-14 06:00:00,1.235,1.241,1.231,1.238,116452.2,2025-01-14 06:59:59.999,143966.2642,1132,54586.4,67480.2706
2025-01-14 07:00:00,1.238,1.253,1.236,1.237,1309924.5,2025-01-14 07:59:59.999,1631231.6541,7382,765554.7,953813.1014
2025-01-14 08:00:00,1.237,1.244,1.235,1.235,706492.5,2025-01-14 08:59:59.999,874851.4008,3535,277199.0,343278.956
2025-01-14 09:00:00,1.236,1.26,1.233,1.254,308861.5,2025-01-14 09:59:59.999,385619.4534,3374,119452.7,149215.5673
2025-01-14 10:00:00,1.255,1.263,1.248,1.261,144294.0,2025-01-14 10:59:59.999,181210.5378,1443,70383.8,88431.2246
2025-01-14 11:00:00,1.261,1.262,1.248,1.254,194173.2,2025-01-14 11:59:59.999,243332.1542,1188,107612.3,134812.4999
2025-01-14 12:00:00,1.254,1.256,1.246,1.252,245444.2,2025-01-14 12:59:59.999,307176.3386,1347,130838.7,163917.7578
2025-01-14 13:00:00,1.252,1.27,1.248,1.262,495108.7,2025-01-14 13:59:59.999,625178.6079,4407,253923.4,320609.9377
2025-01-14 14:00:00,1.262,1.274,1.255,1.263,225130.8,2025-01-14 14:59:59.999,284750.8483,2202,114469.4,144845.8086
2025-01-14 15:00:00,1.263,1.271,1.261,1.265,154183.2,2025-01-14 15:59:59.999,195252.1726,1807,81723.8,103511.5792
2025-01-14 16:00:00,1.264,1.264,1.252,1.263,227627.2,2025-01-14 16:59:59.999,286113.4856,2536,130023.5,163419.8614
2025-01-14 17:00:00,1.262,1.275,1.262,1.27,152528.6,2025-01-14 17:59:59.999,193830.5738,1937,85446.8,108586.5523
2025-01-14 18:00:00,1.271,1.277,1.268,1.275,145979.6,2025-01-14 18:59:59.999,185799.3438,1821,77371.6,98499.0638
2025-01-14 19:00:00,1.274,1.278,1.27,1.273,83291.3,2025-01-14 19:59:59.999,106085.4765,1213,44460.3,56642.6432
2025-01-14 20:00:00,1.273,1.276,1.264,1.268,128762.9,2025-01-14 20:59:59.999,163507.6788,1656,57231.4,72685.6648
2025-01-14 21:00:00,1.267,1.27,1.264,1.268,162238.9,2025-01-14 21:59:59.999,205600.6522,1285,110989.4,140673.057
2025-01-14 22:00:00,1.269,1.276,1.269,1.274,112475.0,2025-01-14 22:59:59.999,143102.2684,1089,63353.4,80607.2037
2025-01-14 23:00:00,1.274,1.275,1.27,1.272,82909.9,2025-01-14 23:59:59.999,105488.84,1019,54318.7,69121.0997
2025-01-15 00:00:00,1.272,1.279,1.267,1.271,135136.6,2025-01-15 00:59:59.999,171949.1814,1435,59668.4,75951.501
2025-01-15 01:00:00,1.27,1.283,1.264,1.275,373889.5,2025-01-15 01:59:59.999,476745.8493,2718,212138.0,270424.5882
2025-01-15 02:00:00,1.276,1.284,1.271,1.276,204582.7,2025-01-15 02:59:59.999,261448.6016,1964,91044.4,116381.9566
2025-01-15 03:00:00,1.276,1.279,1.266,1.279,184936.4,2025-01-15 03:59:59.999,235319.882,1522,109303.5,139099.5885
2025-01-15 04:00:00,1.278,1.285,1.27,1.274,85538.4,2025-01-15 04:59:59.999,109102.2246,1015,31027.7,39580.7115
2025-01-15 05:00:00,1.273,1.28,1.267,1.279,105331.2,2025-01-15 05:59:59.999,134085.3695,1040,49297.9,62798.2404
2025-01-15 06:00:00,1.279,1.281,1.272,1.28,101607.7,2025-01-15 06:59:59.999,129738.3941,904,49152.3,62764.8623
2025-01-15 07:00:00,1.279,1.294,1.279,1.289,223328.9,2025-01-15 07:59:59.999,287704.6215,1341,110703.8,142552.5071
2025-01-15 08:00:00,1.29,1.3,1.286,1.289,137811.9,2025-01-15 08:59:59.999,178121.9565,1435,64071.3,82852.4909
2025-01-15 09:00:00,1.289,1.29,1.266,1.269,224856.6,2025-01-15 09:59:59.999,287157.0585,1783,130994.9,167140.6262
2025-01-15 10:00:00,1.268,1.276,1.268,1.272,121208.0,2025-01-15 10:59:59.999,154145.5997,1174,65094.5,82783.768
2025-01-15 11:00:00,1.273,1.273,1.254,1.265,152036.2,2025-01-15 11:59:59.999,191698.8011,1704,74079.4,93394.8915
2025-01-15 12:00:00,1.265,1.273,1.258,1.263,1763623.5,2025-01-15 12:59:59.999,2232000.2092,10350,1107766.5,1402322.9534
2025-01-15 13:00:00,1.263,1.309,1.263,1.309,642926.9,2025-01-15 13:59:59.999,828240.4697,6623,296041.9,381423.0661
2025-01-15 14:00:00,1.309,1.316,1.299,1.314,527130.7,2025-01-15 14:59:59.999,689979.9028,4566,230986.0,302585.626
2025-01-15 15:00:00,1.313,1.338,1.313,1.328,462181.3,2025-01-15 15:59:59.999,612760.4631,4072,232309.1,307754.4066
2025-01-15 16:00:00,1.329,1.34,1.32,1.321,297127.4,2025-01-15 16:59:59.999,395731.3932,2538,164109.4,218578.9878
2025-01-15 17:00:00,1.322,1.328,1.315,1.319,163567.5,2025-01-15 17:59:59.999,216235.9941,1632,76187.6,100697.0563
2025-01-15 18:00:00,1.319,1.338,1.319,1.338,187771.1,2025-01-15 18:59:59.999,249859.9634,1263,72810.3,96829.0296
2025-01-15 19:00:00,1.338,1.34,1.334,1.339,136209.9,2025-01-15 19:59:59.999,182126.7313,1099,54447.7,72817.8421
2025-01-15 20:00:00,1.34,1.347,1.328,1.331,151626.0,2025-01-15 20:59:59.999,202960.8229,1638,78748.8,105353.5264
2025-01-15 21:00:00,1.332,1.343,1.331,1.34,133091.4,2025-01-15 21:59:59.999,177979.45,1101,65802.9,88017.3762
2025-01-15 22:00:00,1.339,1.345,1.333,1.345,162745.5,2025-01-15 22:59:59.999,218044.2671,1220,98696.3,132307.2727
2025-01-15 23:00:00,1.345,1.354,1.343,1.35,166524.7,2025-01-15 23:59:59.999,224511.2123,1483,78190.7,105451.8524
2025-01-16 00:00:00,1.35,1.352,1.324,1.331,249998.1,2025-01-16 00:59:59.999,334138.4204,2886,100280.6,134024.696
2025-01-16 01:00:00,1.331,1.346,1.331,1.341,159892.8,2025-01-16 01:59:59.999,213898.4471,1474,70181.7,93873.7249
2025-01-16 02:00:00,1.341,1.344,1.337,1.34,96490.4,2025-01-16 02:59:59.999,129280.9842,1168,45438.1,60890.3698
2025-01-16 03:00:00,1.341,1.359,1.333,1.341,379702.3,2025-01-16 03:59:59.999,511346.0208,1916,262461.0,353494.4244
2025-01-16 04:00:00,1.341,1.352,1.341,1.352,136628.3,2025-01-16 04:59:59.999,184165.9374,1080,64405.5,86806.3069
2025-01-16 05:00:00,1.352,1.355,1.346,1.348,100286.9,2025-01-16 05:59:59.999,135423.8241,1102,41029.4,55416.4299
2025-01-16 06:00:00,1.348,1.358,1.345,1.356,127353.1,2025-01-16 06:59:59.999,172335.396,1356,55453.7,75056.7024
2025-01-16 07:00:00,1.355,1.357,1.35,1.354,157014.6,2025-01-16 07:59:59.999,212467.0208,1166,65989.5,89293.0542
2025-01-16 08:00:00,1.354,1.363,1.331,1.337,237414.5,2025-01-16 08:59:59.999,320149.7443,2760,103019.3,138998.8438
2025-01-16 09:00:00,1.338,1.347,1.331,1.342,671896.2,2025-01-16 09:59:59.999,900542.0143,5036,389757.0,522668.3832
2025-01-16 10:00:00,1.343,1.351,1.34,1.351,101206.1,2025-01-16 10:59:59.999,136243.3077,1015,50724.9,68288.1222
2025-01-16 11:00:00,1.351,1.366,1.346,1.365,359280.7,2025-01-16 11:59:59.999,487211.098,3138,169256.7,229677.9131
2025-01-16 12:00:00,1.364,1.402,1.359,1.401,611526.3,2025-01-16 12:59:59.999,846711.566,4978,330899.7,458913.0071
2025-01-16 13:00:00,1.4,1.403,1.365,1.377,2653949.9,2025-01-16 13:59:59.999,3666541.5706,15606,1218488.2,1686532.6199
2025-01-16 14:00:00,1.376,1.39,1.346,1.351,645561.2,2025-01-16 14:59:59.999,882752.9593,8015,350186.2,479553.0482
2025-01-16 15:00:00,1.351,1.377,1.345,1.376,442834.8,2025-01-16 15:59:59.999,601952.0432,4564,222535.1,302492.938
2025-01-16 16:00:00,1.377,1.393,1.377,1.382,325999.9,2025-01-16 16:59:59.999,451021.9895,3150,174369.0,241229.2434
2025-01-16 17:00:00,1.382,1.389,1.374,1.381,194107.5,2025-01-16 17:59:59.999,268278.7435,2255,87760.8,121238.2011
2025-01-16 18:00:00,1.382,1.388,1.371,1.375,193350.0,2025-01-16 18:59:59.999,266439.879,1914,93328.8,128573.0654
2025-01-16 19:00:00,1.374,1.385,1.37,1.383,123417.7,2025-01-16 19:59:59.999,169919.2782,1242,77001.5,106023.6649
2025-01-16 20:00:00,1.383,1.385,1.371,1.375,277123.3,2025-01-16 20:59:59.999,381684.8252,2031,168295.5,231880.8731
2025-01-16 21:00:00,1.375,1.375,1.361,1.365,97384.6,2025-01-16 21:59:59.999,133217.6217,1172,41704.5,57039.7067
2025-01-16 22:00:00,1.364,1.366,1.345,1.348,215502.6,2025-01-16 22:59:59.999,291107.0574,1730,53021.9,71760.8758
2025-01-16 23:00:00,1.349,1.356,1.345,1.354,103791.3,2025-01-16 23:59:59.999,140354.7676,1271,56598.6,76545.2114
2025-01-17 00:00:00,1.355,1.371,1.355,1.369,195067.6,2025-01-17 00:59:59.999,265554.0201,1893,127723.9,173823.7848
2025-01-17 01:00:00,1.369,1.39,1.365,1.389,202191.2,2025-01-17 01:59:59.999,278411.6658,2381,104566.3,144156.8013
2025-01-17 02:00:00,1.388,1.406,1.386,1.391,527845.8,2025-01-17 02:59:59.999,737581.6031,3423,295818.6,413480.3224
2025-01-17 03:00:00,1.39,1.408,1.381,1.401,750832.4,2025-01-17 03:59:59.999,1048965.5583,3521,402049.8,560816.7213
2025-01-17 04:00:00,1.401,1.407,1.393,1.404,218913.5,2025-01-17 04:59:59.999,306384.0617,2173,135819.3,190105.1357
2025-01-17 05:00:00,1.405,1.413,1.397,1.411,724122.8,2025-01-17 05:59:59.999,1015221.5245,2494,429816.8,602184.918
2025-01-17 06:00:00,1.411,1.421,1.406,1.41,159001.1,2025-01-17 06:59:59.999,224746.6322,1655,55771.3,78911.931
2025-01-17 07:00:00,1.411,1.412,1.399,1.4,136420.8,2025-01-17 07:59:59.999,191578.5187,1357,34691.8,48755.1526
2025-01-17 08:00:00,1.401,1.409,1.393,1.405,353943.2,2025-01-17 08:59:59.999,495715.5144,2511,200643.1,281278.5895
2025-01-17 09:00:00,1.404,1.412,1.398,1.403,182697.1,2025-01-17 09:59:59.999,256797.1943,1736,98509.3,138510.2824
2025-01-17 10:00:00,1.403,1.415,1.401,1.412,153193.9,2025-01-17 10:59:59.999,215610.8275,1506,63610.7,89608.4392
2025-01-17 11:00:00,1.413,1.419,1.409,1.41,135970.4,2025-01-17 11:59:59.999,192412.1217,1252,54760.4,77525.5346
2025-01-17 12:00:00,1.409,1.414,1.397,1.405,467809.4,2025-01-17 12:59:59.999,658637.3994,2638,227261.8,320259.384
2025-01-17 13:00:00,1.405,1.419,1.402,1.405,171070.6,2025-01-17 13:59:59.999,241325.569,1620,107058.9,151045.7332
2025-01-17 14:00:00,1.405,1.422,1.404,1.41,228017.0,2025-01-17 14:59:59.999,322199.607,3320,119846.5,169360.6068
2025-01-17 15:00:00,1.411,1.42,1.399,1.406,189388.2,2025-01-17 15:59:59.999,266901.6047,2972,90493.5,127533.13
2025-01-17 16:00:00,1.407,1.419,1.401,1.408,200056.0,2025-01-17 16:59:59.999,282205.7161,2242,103475.5,145961.427
2025-01-17 17:00:00,1.408,1.408,1.391,1.393,192082.0,2025-01-17 17:59:59.999,268839.1666,2068,83754.2,117277.8038
2025-01-17 18:00:00,1.393,1.406,1.393,1.396,226049.6,2025-01-17 18:59:59.999,316429.1629,2111,148216.1,207431.8564
2025-01-17 19:00:00,1.397,1.41,1.396,1.399,150405.6,2025-01-17 19:59:59.999,211068.2281,1348,94817.1,133078.9762
2025-01-17 20:00:00,1.399,1.427,1.397,1.421,329561.1,2025-01-17 20:59:59.999,466282.4971,3165,229594.0,324812.729
2025-01-17 21:00:00,1.421,1.424,1.414,1.42,158879.0,2025-01-17 21:59:59.999,225570.1152,1542,68095.1,96694.9475
2025-01-17 22:00:00,1.42,1.426,1.414,1.418,117426.5,2025-01-17 22:59:59.999,166890.9431,1009,58649.1,83385.5075
2025-01-17 23:00:00,1.418,1.421,1.414,1.418,107974.9,2025-01-17 23:59:59.999,153150.6123,776,22126.6,31386.595
2025-01-18 00:00:00,1.419,1.428,1.416,1.427,149254.5,2025-01-18 00:59:59.999,212337.888,1445,76558.9,108927.4696
2025-01-18 01:00:00,1.427,1.427,1.405,1.406,204431.3,2025-01-18 01:59:59.999,289514.1664,1704,74460.0,105314.545
2025-01-18 02:00:00,1.406,1.41,1.394,1.396,122557.5,2025-01-18 02:59:59.999,172022.9006,1225,47185.7,66236.0909
2025-01-18 03:00:00,1.397,1.4,1.365,1.374,333085.1,2025-01-18 03:59:59.999,459444.9486,3254,127082.3,175317.1889
2025-01-18 04:00:00,1.374,1.381,1.361,1.368,214808.2,2025-01-18 04:59:59.999,294561.2764,2509,96502.9,132367.3864
2025-01-18 05:00:00,1.369,1.374,1.328,1.328,315457.8,2025-01-18 05:59:59.999,425601.1661,3488,147467.5,199001.9537
2025-01-18 06:00:00,1.327,1.352,1.327,1.347,189489.2,2025-01-18 06:59:59.999,254407.8248,2444,93786.9,125906.1212
2025-01-18 07:00:00,1.346,1.347,1.324,1.328,155490.8,2025-01-18 07:59:59.999,207724.046,1680,76160.7,101725.0847
2025-01-18 08:00:00,1.328,1.336,1.314,1.333,254142.8,2025-01-18 08:59:59.999,336250.0567,2699,139561.5,184572.9435
2025-01-18 09:00:00,1.333,1.335,1.317,1.327,356043.3,2025-01-18 09:59:59.999,471356.1051,3053,104548.8,138808.4482
2025-01-18 10:00:00,1.326,1.331,1.311,1.32,173285.7,2025-01-18 10:59:59.999,228904.2602,2099,63806.8,84258.0762
2025-01-18 11:00:00,1.319,1.338,1.313,1.335,183961.1,2025-01-18 11:59:59.999,244022.3235,2063,97026.2,128642.1322
2025-01-18 12:00:00,1.335,1.337,1.321,1.331,122838.2,2025-01-18 12:59:59.999,163311.9972,1323,60753.0,80851.6239
2025-01-18 13:00:00,1.332,1.354,1.328,1.351,265390.8,2025-01-18 13:59:59.999,355876.1309,2514,173617.3,232990.3309
2025-01-18 14:00:00,1.351,1.351,1.326,1.329,234594.1,2025-01-18 14:59:59.999,313599.0745,2226,97925.7,130855.3837
2025-01-18 15:00:00,1.329,1.346,1.32,1.328,256329.2,2025-01-18 15:59:59.999,342063.1548,2889,139764.4,186559.6101
2025-01-18 16:00:00,1.328,1.332,1.306,1.306,317126.8,2025-01-18 16:59:59.999,418513.1383,4281,160272.5,211558.3274
2025-01-18 17:00:00,1.307,1.324,1.306,1.312,283216.7,2025-01-18 17:59:59.999,373413.0012,2464,169873.3,224021.662
2025-01-18 18:00:00,1.312,1.321,1.307,1.309,201153.6,2025-01-18 18:59:59.999,264422.0294,2051,90266.2,118721.0826
2025-01-18 19:00:00,1.309,1.327,1.309,1.325,131235.5,2025-01-18 19:59:59.999,173519.1888,1432,76628.6,101347.3347
2025-01-18 20:00:00,1.325,1.327,1.309,1.316,173329.5,2025-01-18 20:59:59.999,227957.9253,1472,73758.2,97032.569
2025-01-18 21:00:00,1.317,1.325,1.311,1.312,154255.6,2025-01-18 21:59:59.999,203151.0549,1358,49390.1,65109.2814
2025-01-18 22:00:00,1.312,1.324,1.309,1.32,109522.6,2025-01-18 22:59:59.999,144418.7972,978,61310.1,80847.8554
2025-01-18 23:00:00,1.321,1.334,1.317,1.33,176790.2,2025-01-18 23:59:59.999,234813.0751,1496,91818.0,121911.4046
2025-01-19 00:00:00,1.33,1.34,1.324,1.338,174677.7,2025-01-19 00:59:59.999,232976.9845,1943,73670.3,98215.3275
2025-01-19 01:00:00,1.338,1.359,1.337,1.357,206320.4,2025-01-19 01:59:59.999,278226.463,2021,105248.1,141902.6082
2025-01-19 02:00:00,1.358,1.359,1.346,1.347,105284.2,2025-01-19 02:59:59.999,142631.8702,1212,52903.8,71675.7498
2025-01-19 03:00:00,1.348,1.348,1.328,1.33,510373.8,2025-01-19 03:59:59.999,681905.0672,3702,278846.4,372726.6832
2025-01-19 04:00:00,1.33,1.332,1.316,1.318,181127.3,2025-01-19 04:59:59.999,239624.597,3258,76124.0,100763.5992
2025-01-19 05:00:00,1.317,1.319,1.304,1.316,236986.5,2025-01-19 05:59:59.999,311130.9991,2341,142135.2,186714.3676
2025-01-19 06:00:00,1.316,1.316,1.305,1.305,112427.7,2025-01-19 06:59:59.999,147344.8855,1382,45823.4,60089.5141
2025-01-19 07:00:00,1.305,1.308,1.293,1.298,152467.4,2025-01-19 07:59:59.999,198139.1608,1748,62845.1,81651.926
2025-01-19 08:00:00,1.298,1.298,1.265,1.266,418509.6,2025-01-19 08:59:59.999,534534.2967,3941,183129.5,233852.6983
2025-01-19 09:00:00,1.265,1.272,1.238,1.271,535268.5,2025-01-19 09:59:59.999,670990.6527,7203,258950.9,324794.2504
2025-01-19 10:00:00,1.271,1.271,1.253,1.261,197809.4,2025-01-19 10:59:59.999,249568.7839,2370,118918.7,150038.715
2025-01-19 11:00:00,1.261,1.263,1.225,1.233,286655.2,2025-01-19 11:59:59.999,356376.8295,3234,121575.1,151104.9485
2025-01-19 12:00:00,1.234,1.268,1.231,1.267,276095.4,2025-01-19 12:59:59.999,344296.5897,3047,130975.6,163389.4464
2025-01-19 13:00:00,1.266,1.283,1.263,1.283,273768.9,2025-01-19 13:59:59.999,347738.509,2920,130399.7,165778.3803
2025-01-19 14:00:00,1.284,1.319,1.28,1.316,505363.8,2025-01-19 14:59:59.999,657987.7185,6575,235369.6,306629.3966
2025-01-19 15:00:00,1.317,1.327,1.303,1.31,248580.6,2025-01-19 15:59:59.999,326436.9792,2976,108182.2,141981.3794
2025-01-19 16:00:00,1.309,1.318,1.305,1.312,190931.1,2025-01-19 16:59:59.999,250585.9513,1118,92743.8,121705.1091
2025-01-19 17:00:00,1.313,1.329,1.303,1.327,171044.6,2025-01-19 17:59:59.999,224800.7712,1809,97520.9,128196.0286
2025-01-19 18:00:00,1.328,1.331,1.316,1.325,263188.6,2025-01-19 18:59:59.999,347958.0471,2088,126579.4,167390.9058
2025-01-19 19:00:00,1.325,1.332,1.319,1.329,151666.9,2025-01-19 19:59:59.999,200985.5204,1720,61408.3,81394.0328
2025-01-19 20:00:00,1.329,1.336,1.311,1.316,202598.5,2025-01-19 20:59:59.999,268534.0252,2587,96279.6,127768.0531
2025-01-19 21:00:00,1.317,1.318,1.244,1.246,1059940.9,2025-01-19 21:59:59.999,1349187.9958,13045,478370.8,609159.5736
2025-01-19 22:00:00,1.245,1.261,1.201,1.239,1179564.7,2025-01-19 22:59:59.999,1459868.6054,11320,560515.1,694173.663
2025-01-19 23:00:00,1.24,1.24,1.196,1.22,1078947.3,2025-01-19 23:59:59.999,1311341.8386,13970,559227.1,679889.5544
2025-01-20 00:00:00,1.22,1.224,1.191,1.192,1112284.1,2025-01-20 00:59:59.999,1344640.142,13038,588836.1,712047.8825
2025-01-20 01:00:00,1.192,1.214,1.19,1.203,572441.8,2025-01-20 01:59:59.999,689073.3275,8429,285919.0,344019.3705
2025-01-20 02:00:00,1.203,1.257,1.201,1.236,783063.2,2025-01-20 02:59:59.999,970055.602,5716,204111.7,252510.32
2025-01-20 03:00:00,1.236,1.25,1.231,1.244,236595.7,2025-01-20 03:59:59.999,293174.9141,2990,104890.7,130013.672
2025-01-20 04:00:00,1.244,1.257,1.231,1.246,264056.5,2025-01-20 04:59:59.999,327830.4334,3022,143385.0,178128.1927
2025-01-20 05:00:00,1.245,1.264,1.234,1.244,251677.7,2025-01-20 05:59:59.999,313932.1371,3089,129110.2,161041.174
2025-01-20 06:00:00,1.244,1.307,1.242,1.301,610245.7,2025-01-20 06:59:59.999,783745.6478,8423,293891.3,377342.5715
2025-01-20 07:00:00,1.301,1.333,1.3,1.313,1454807.6,2025-01-20 07:59:59.999,1917937.2669,18553,818780.4,1079220.541
2025-01-20 08:00:00,1.314,1.328,1.308,1.321,404937.5,2025-01-20 08:59:59.999,533115.8355,4486,173406.1,228706.5952
2025-01-20 09:00:00,1.32,1.325,1.299,1.306,186599.3,2025-01-20 09:59:59.999,244799.7609,2688,83039.2,108978.5308
2025-01-20 10:00:00,1.305,1.316,1.29,1.299,149584.5,2025-01-20 10:59:59.999,195039.9236,2493,82068.2,106989.4294
2025-01-20 11:00:00,1.299,1.301,1.287,1.301,116397.2,2025-01-20 11:59:59.999,150788.6581,2155,55358.5,71695.887
2025-01-20 12:00:00,1.301,1.301,1.25,1.261,664274.1,2025-01-20 12:59:59.999,841009.3831,8660,322092.4,407777.1192
2025-01-20 13:00:00,1.262,1.28,1.257,1.275,300029.4,2025-01-20 13:59:59.999,380695.0489,5343,160820.9,204055.9581
2025-01-20 14:00:00,1.276,1.284,1.268,1.278,236223.2,2025-01-20 14:59:59.999,301301.0051,2783,127246.2,162350.6705
2025-01-20 15:00:00,1.278,1.28,1.253,1.257,329107.4,2025-01-20 15:59:59.999,416894.4671,5560,158651.7,200941.985
2025-01-20 16:00:00,1.256,1.279,1.235,1.278,370577.9,2025-01-20 16:59:59.999,465868.7677,5675,170931.1,214922.4929
2025-01-20 17:00:00,1.279,1.279,1.196,1.226,1774879.0,2025-01-20 17:59:59.999,2186666.55,23949,830892.2,1024309.628
2025-01-20 18:00:00,1.226,1.26,1.225,1.256,391256.5,2025-01-20 18:59:59.999,486449.7302,6484,161917.2,201304.075
2025-01-20 19:00:00,1.257,1.261,1.245,1.255,247794.6,2025-01-20 19:59:59.999,310696.8181,3497,119532.4,149894.1898
2025-01-20 20:00:00,1.254,1.26,1.243,1.252,200922.8,2025-01-20 20:59:59.999,251667.7945,2810,98329.5,123169.0126
2025-01-20 21:00:00,1.251,1.259,1.232,1.233,204899.1,2025-01-20 21:59:59.999,255645.3015,2571,110015.8,137345.845
2025-01-20 22:00:00,1.233,1.256,1.219,1.252,212389.4,2025-01-20 22:59:59.999,262771.803,2449,104205.0,128851.0633
2025-01-20 23:00:00,1.253,1.254,1.235,1.239,119113.7,2025-01-20 23:59:59.999,148381.2151,2252,60923.8,75922.3061
2025-01-21 00:00:00,1.24,1.246,1.22,1.221,275492.0,2025-01-21 00:59:59.999,340661.5051,4565,145208.4,179565.3943
2025-01-21 01:00:00,1.221,1.237,1.211,1.223,322186.9,2025-01-21 01:59:59.999,394320.3996,5647,168406.7,206067.5878
2025-01-21 02:00:00,1.223,1.226,1.206,1.224,306211.8,2025-01-21 02:59:59.999,373118.6519,4412,166958.9,203432.4909
2025-01-21 03:00:00,1.223,1.229,1.211,1.219,174011.2,2025-01-21 03:59:59.999,212312.2311,2921,78802.0,96137.1484
2025-01-21 04:00:00,1.218,1.218,1.195,1.216,216389.0,2025-01-21 04:59:59.999,260753.8456,3300,111754.6,134706.2905
2025-01-21 05:00:00,1.216,1.22,1.199,1.2,215245.2,2025-01-21 05:59:59.999,260692.9915,2602,99623.4,120649.0963
2025-01-21 06:00:00,1.2,1.215,1.193,1.208,185077.1,2025-01-21 06:59:59.999,223003.3682,2403,92256.2,111155.9823
2025-01-21 07:00:00,1.207,1.223,1.202,1.209,304655.0,2025-01-21 07:59:59.999,370185.2683,2276,202909.2,246629.7815
2025-01-21 08:00:00,1.209,1.21,1.186,1.191,487122.0,2025-01-21 08:59:59.999,585017.3564,3776,319553.4,383806.0509
2025-01-21 09:00:00,1.191,1.201,1.182,1.194,337630.1,2025-01-21 09:59:59.999,402489.8047,3267,227000.0,270667.3721
2025-01-21 10:00:00,1.195,1.217,1.194,1.213,327968.2,2025-01-21 10:59:59.999,395627.359,3011,193356.7,233200.1641
2025-01-21 11:00:00,1.213,1.216,1.203,1.215,231684.9,2025-01-21 11:59:59.999,280246.5975,2933,115808.0,140071.2976
2025-01-21 12:00:00,1.215,1.228,1.209,1.219,218928.8,2025-01-21 12:59:59.999,266953.0926,2484,122647.3,149581.8545
2025-01-21 13:00:00,1.218,1.223,1.208,1.216,205530.6,2025-01-21 13:59:59.999,249751.7344,2123,94258.7,114532.3985
2025-01-21 14:00:00,1.216,1.226,1.196,1.201,373785.9,2025-01-21 14:59:59.999,451624.6866,4313,235547.7,284484.6746
2025-01-21 15:00:00,1.2,1.212,1.189,1.209,408247.9,2025-01-21 15:59:59.999,489614.366,4585,240847.6,288914.092
2025-01-21 16:00:00,1.209,1.234,1.204,1.217,326736.7,2025-01-21 16:59:59.999,399354.4903,4691,176965.9,216390.8419
2025-01-21 17:00:00,1.217,1.242,1.217,1.241,291974.9,2025-01-21 17:59:59.999,357739.3458,2724,189881.6,232551.7704
2025-01-21 18:00:00,1.24,1.249,1.234,1.244,319086.2,2025-01-21 18:59:59.999,396214.8767,3233,180057.1,223588.7765
2025-01-21 19:00:00,1.243,1.244,1.223,1.234,234312.4,2025-01-21 19:59:59.999,288310.6541,2302,113922.6,140215.2132
2025-01-21 20:00:00,1.234,1.235,1.221,1.227,186928.4,2025-01-21 20:59:59.999,229535.6543,2105,100493.4,123430.7876
2025-01-21 21:00:00,1.227,1.229,1.218,1.227,220488.5,2025-01-21 21:59:59.999,270120.8765,2198,97138.3,119007.9636
2025-01-21 22:00:00,1.227,1.235,1.22,1.223,123751.9,2025-01-21 22:59:59.999,151773.8061,1451,62639.8,76853.2593
2025-01-21 23:00:00,1.222,1.224,1.212,1.223,145838.0,2025-01-21 23:59:59.999,177840.0099,2264,87710.1,106982.5475
2025-01-22 00:00:00,1.223,1.228,1.214,1.228,116498.7,2025-01-22 00:59:59.999,142269.6416,1761,68465.8,83613.9239
2025-01-22 01:00:00,1.227,1.227,1.211,1.213,96124.7,2025-01-22 01:59:59.999,117170.8627,1252,48288.7,58888.2945
2025-01-22 02:00:00,1.213,1.219,1.208,1.217,103509.4,2025-01-22 02:59:59.999,125564.6261,1043,58564.7,71025.2189
2025-01-22 03:00:00,1.217,1.22,1.211,1.213,108936.9,2025-01-22 03:59:59.999,132352.7745,869,40230.3,48890.6408
2025-01-22 04:00:00,1.213,1.215,1.202,1.208,147494.6,2025-01-22 04:59:59.999,178014.6908,1081,72682.4,87709.5698
2025-01-22 05:00:00,1.208,1.214,1.205,1.205,75567.8,2025-01-22 05:59:59.999,91427.7621,870,37433.4,45298.346
2025-01-22 06:00:00,1.205,1.211,1.202,1.205,113262.1,2025-01-22 06:59:59.999,136775.0555,1104,60927.0,73626.5928
2025-01-22 07:00:00,1.206,1.208,1.197,1.198,126675.5,2025-01-22 07:59:59.999,152210.4848,1110,49834.1,59908.6981
2025-01-22 08:00:00,1.198,1.205,1.189,1.203,259608.6,2025-01-22 08:59:59.999,310085.6886,1835,171799.7,205259.3213
2025-01-22 09:00:00,1.203,1.208,1.198,1.202,75506.7,2025-01-22 09:59:59.999,90758.7557,804,35742.9,42974.1148
2025-01-22 10:00:00,1.203,1.204,1.194,1.203,97827.7,2025-01-22 10:59:59.999,117324.0628,1014,42921.0,51472.3794
2025-01-22 11:00:00,1.203,1.212,1.201,1.21,100123.0,2025-01-22 11:59:59.999,120688.8255,1139,61926.5,74641.985
2025-01-22 12:00:00,1.211,1.218,1.21,1.215,159495.8,2025-01-22 12:59:59.999,193658.1846,1402,68883.3,83622.1148
2025-01-22 13:00:00,1.215,1.217,1.198,1.199,212730.6,2025-01-22 13:59:59.999,256601.6037,1964,83952.0,101293.4414
2025-01-22 14:00:00,1.199,1.211,1.193,1.205,265163.9,2025-01-22 14:59:59.999,318846.822,2688,118856.0,142927.0251
2025-01-22 15:00:00,1.205,1.21,1.194,1.199,224873.4,2025-01-22 15:59:59.999,270127.5554,2230,128679.3,154573.3566
2025-01-22 16:00:00,1.199,1.206,1.191,1.204,209781.3,2025-01-22 16:59:59.999,251487.0049,2349,95151.5,114101.3817
2025-01-22 17:00:00,1.204,1.21,1.201,1.208,178258.5,2025-01-22 17:59:59.999,215113.6976,1348,119453.5,144225.41
2025-01-22 18:00:00,1.208,1.21,1.191,1.192,136288.7,2025-01-22 18:59:59.999,163453.1957,1728,61794.6,74117.9665
2025-01-22 19:00:00,1.192,1.209,1.192,1.197,187477.5,2025-01-22 19:59:59.999,224896.6497,2226,105215.1,126228.0729
2025-01-22 20:00:00,1.198,1.204,1.194,1.194,110959.8,2025-01-22 20:59:59.999,133043.1465,1529,64193.9,76984.4993
2025-01-22 21:00:00,1.195,1.195,1.185,1.19,174466.9,2025-01-22 21:59:59.999,207426.8049,1466,106662.3,126784.2012
2025-01-22 22:00:00,1.189,1.193,1.18,1.18,102666.8,2025-01-22 22:59:59.999,121828.663,1223,50585.6,60032.2216
2025-01-22 23:00:00,1.181,1.183,1.174,1.181,104058.5,2025-01-22 23:59:59.999,122721.8763,1417,34817.1,41075.1156
2025-01-23 00:00:00,1.18,1.183,1.17,1.175,145839.0,2025-01-23 00:59:59.999,171472.4012,1367,48153.0,56690.9296
2025-01-23 01:00:00,1.175,1.177,1.159,1.164,140557.2,2025-01-23 01:59:59.999,164285.7518,1697,71101.5,83135.8374
2025-01-23 02:00:00,1.165,1.167,1.156,1.16,157298.0,2025-01-23 02:59:59.999,182449.3585,1820,77727.3,90184.0881
2025-01-23 03:00:00,1.16,1.173,1.158,1.165,193592.4,2025-01-23 03:59:59.999,226016.0105,1282,117589.4,137369.7624
2025-01-23 04:00:00,1.164,1.169,1.151,1.154,327015.2,2025-01-23 04:59:59.999,378183.0382,1928,97025.0,112550.2029
2025-01-23 05:00:00,1.154,1.163,1.154,1.16,89329.0,2025-01-23 05:59:59.999,103503.9084,953,44694.3,51775.1428
2025-01-23 06:00:00,1.159,1.162,1.153,1.155,99862.4,2025-01-23 06:59:59.999,115636.6061,1029,50327.5,58300.8912
2025-01-23 07:00:00,1.155,1.168,1.151,1.168,74817.6,2025-01-23 07:59:59.999,86751.6621,1100,37692.8,43724.1538
2025-01-23 08:00:00,1.167,1.17,1.158,1.16,96678.3,2025-01-23 08:59:59.999,112711.5146,1123,43150.3,50337.9602
2025-01-23 09:00:00,1.16,1.165,1.152,1.154,81073.9,2025-01-23 09:59:59.999,93998.7208,968,29464.7,34186.2914
2025-01-23 10:00:00,1.154,1.156,1.145,1.146,128706.7,2025-01-23 10:59:59.999,148130.7451,1230,55282.9,63635.1303
2025-01-23 11:00:00,1.146,1.151,1.143,1.148,198485.0,2025-01-23 11:59:59.999,227555.0408,1664,100967.2,115777.5233
2025-01-23 12:00:00,1.147,1.149,1.14,1.142,86203.2,2025-01-23 12:59:59.999,98599.2729,1048,40057.5,45840.798
2025-01-23 13:00:00,1.143,1.162,1.136,1.16,224670.4,2025-01-23 13:59:59.999,257330.0705,1708,81180.9,93128.3802
2025-01-23 14:00:00,1.16,1.187,1.154,1.179,352307.0,2025-01-23 14:59:59.999,412423.2025,3624,223518.5,261514.5953
2025-01-23 15:00:00,1.179,1.185,1.16,1.18,385376.1,2025-01-23 15:59:59.999,451684.6069,5891,196297.4,229955.0892
2025-01-23 16:00:00,1.181,1.199,1.18,1.18,244665.0,2025-01-23 16:59:59.999,290768.1184,3191,130980.3,155660.5983
2025-01-23 17:00:00,1.18,1.186,1.168,1.183,185978.0,2025-01-23 17:59:59.999,218507.0829,2300,84414.8,99201.9098
2025-01-23 18:00:00,1.183,1.185,1.16,1.162,131110.7,2025-01-23 18:59:59.999,153362.1201,1590,56149.0,65733.6036
2025-01-23 19:00:00,1.161,1.161,1.139,1.144,150188.8,2025-01-23 19:59:59.999,172652.8747,2176,78471.7,90158.413
2025-01-23 20:00:00,1.144,1.179,1.14,1.157,681003.5,2025-01-23 20:59:59.999,791468.6964,9167,337853.2,392398.7714
2025-01-23 21:00:00,1.157,1.16,1.136,1.141,240175.3,2025-01-23 21:59:59.999,275258.8046,2852,122987.2,140995.4695
2025-01-23 22:00:00,1.14,1.169,1.139,1.168,159551.5,2025-01-23 22:59:59.999,183991.9603,1544,95953.6,110626.0778
2025-01-23 23:00:00,1.168,1.179,1.164,1.171,123908.7,2025-01-23 23:59:59.999,145122.2175,1339,59553.5,69789.2302
2025-01-24 00:00:00,1.171,1.175,1.151,1.151,161604.0,2025-01-24 00:59:59.999,188100.5961,1463,72627.7,84596.5093
2025-01-24 01:00:00,1.152,1.156,1.142,1.144,204348.4,2025-01-24 01:59:59.999,234992.3607,1542,105564.5,121436.7667
2025-01-24 02:00:00,1.145,1.151,1.136,1.138,243287.4,2025-01-24 02:59:59.999,278153.5655,2005,143247.1,163805.033
2025-01-24 03:00:00,1.138,1.156,1.135,1.15,198137.8,2025-01-24 03:59:59.999,227552.311,2269,92815.3,106598.6799
2025-01-24 04:00:00,1.15,1.165,1.143,1.164,126735.1,2025-01-24 04:59:59.999,145789.3662,1333,51078.2,58814.3701
2025-01-24 05:00:00,1.164,1.184,1.161,1.184,115517.7,2025-01-24 05:59:59.999,135594.0872,1334,60662.3,71205.6862
2025-01-24 06:00:00,1.184,1.185,1.175,1.178,109581.9,2025-01-24 06:59:59.999,129346.5772,1144,40087.3,47321.6432
2025-01-24 07:00:00,1.179,1.183,1.171,1.176,89161.3,2025-01-24 07:59:59.999,104875.1568,846,36889.5,43396.4841
2025-01-24 08:00:00,1.176,1.184,1.172,1.182,101923.7,2025-01-24 08:59:59.999,120283.0739,781,57495.4,67881.5958
2025-01-24 09:00:00,1.181,1.186,1.177,1.183,116947.7,2025-01-24 09:59:59.999,138131.7099,879,65495.9,77371.3253
2025-01-24 10:00:00,1.182,1.195,1.178,1.193,225873.3,2025-01-24 10:59:59.999,267856.4952,1312,133028.7,157905.3228
2025-01-24 11:00:00,1.192,1.194,1.187,1.189,97706.9,2025-01-24 11:59:59.999,116311.5066,815,43807.3,52150.4523
2025-01-24 12:00:00,1.189,1.193,1.182,1.192,145610.5,2025-01-24 12:59:59.999,172785.7848,1037,57419.2,68194.6127
2025-01-24 13:00:00,1.192,1.198,1.188,1.191,129658.0,2025-01-24 13:59:59.999,154477.1715,1166,56113.1,66874.239
2025-01-24 14:00:00,1.192,1.199,1.185,1.191,161295.4,2025-01-24 14:59:59.999,192229.6518,1782,72930.3,86934.2636
2025-01-24 15:00:00,1.191,1.195,1.175,1.182,162692.2,2025-01-24 15:59:59.999,192310.7242,2036,65285.2,77201.2757
2025-01-24 16:00:00,1.182,1.182,1.171,1.172,114376.3,2025-01-24 16:59:59.999,134736.9259,1319,62845.6,74031.947
2025-01-24 17:00:00,1.172,1.183,1.168,1.18,103747.4,2025-01-24 17:59:59.999,121983.6483,1263,51816.0,60954.5101
2025-01-24 18:00:00,1.181,1.185,1.174,1.177,116237.0,2025-01-24 18:59:59.999,137178.5692,1285,62368.7,73599.1002
2025-01-24 19:00:00,1.177,1.179,1.169,1.172,81416.9,2025-01-24 19:59:59.999,95614.1179,869,43949.2,51622.86
2025-01-24 20:00:00,1.173,1.175,1.154,1.154,148805.8,2025-01-24 20:59:59.999,173027.1852,1468,68855.3,80067.0091
2025-01-24 21:00:00,1.154,1.159,1.15,1.154,126018.0,2025-01-24 21:59:59.999,145552.8661,1389,70916.5,81928.2805
2025-01-24 22:00:00,1.154,1.154,1.144,1.145,118690.7,2025-01-24 22:59:59.999,136402.4718,1038,67745.4,77875.916
2025-01-24 23:00:00,1.145,1.146,1.139,1.144,106424.3,2025-01-24 23:59:59.999,121542.323,981,53863.1,61509.9383
2025-01-25 00:00:00,1.144,1.146,1.131,1.131,142696.7,2025-01-25 00:59:59.999,162493.6313,1446,61169.5,69692.1538
2025-01-25 01:00:00,1.131,1.155,1.13,1.147,73580.1,2025-01-25 01:59:59.999,84314.9733,993,43342.0,49685.343
2025-01-25 02:00:00,1.146,1.153,1.145,1.151,93457.0,2025-01-25 02:59:59.999,107425.778,852,47384.4,54473.3516
2025-01-25 03:00:00,1.151,1.165,1.148,1.164,73157.2,2025-01-25 03:59:59.999,84693.4117,738,44417.2,51418.2442
2025-01-25 04:00:00,1.163,1.163,1.154,1.158,69802.3,2025-01-25 04:59:59.999,80853.5106,563,30633.8,35475.3992
2025-01-25 05:00:00,1.158,1.164,1.154,1.161,70800.8,2025-01-25 05:59:59.999,82106.4874,720,34891.0,40474.6193
2025-01-25 06:00:00,1.16,1.162,1.152,1.155,95033.0,2025-01-25 06:59:59.999,109884.7141,818,40610.1,46953.205
2025-01-25 07:00:00,1.154,1.157,1.151,1.153,77727.1,2025-01-25 07:59:59.999,89682.4874,683,38673.3,44624.969
2025-01-25 08:00:00,1.153,1.158,1.15,1.153,80282.6,2025-01-25 08:59:59.999,92578.2421,683,36949.7,42628.3352
2025-01-25 09:00:00,1.152,1.156,1.152,1.154,75487.9,2025-01-25 09:59:59.999,87143.4033,641,46485.8,53665.5719
2025-01-25 10:00:00,1.154,1.155,1.145,1.155,72308.0,2025-01-25 10:59:59.999,83127.3323,715,40344.7,46369.9055
2025-01-25 11:00:00,1.154,1.163,1.153,1.161,73282.9,2025-01-25 11:59:59.999,84845.8881,658,42574.2,49290.6993
2025-01-25 12:00:00,1.161,1.164,1.156,1.164,130186.2,2025-01-25 12:59:59.999,151119.5934,616,34331.7,39846.609
2025-01-25 13:00:00,1.164,1.172,1.163,1.165,122744.6,2025-01-25 13:59:59.999,143139.4017,948,88073.3,102732.4368
2025-01-25 14:00:00,1.165,1.166,1.158,1.166,75727.9,2025-01-25 14:59:59.999,87953.5993,698,40958.5,47584.1412
2025-01-25 15:00:00,1.165,1.175,1.165,1.171,92790.4,2025-01-25 15:59:59.999,108639.4206,931,38849.8,45470.0538
2025-01-25 16:00:00,1.171,1.175,1.161,1.163,163933.6,2025-01-25 16:59:59.999,191546.6218,1100,49873.7,58302.4797
2025-01-25 17:00:00,1.163,1.167,1.158,1.167,91061.0,2025-01-25 17:59:59.999,105767.2321,833,39483.3,45881.5702
2025-01-25 18:00:00,1.167,1.17,1.163,1.167,73990.2,2025-01-25 18:59:59.999,86309.309,655,42644.7,49756.1375
2025-01-25 19:00:00,1.167,1.169,1.163,1.165,55646.7,2025-01-25 19:59:59.999,64871.6644,494,24172.8,28190.8935
2025-01-25 20:00:00,1.165,1.172,1.164,1.164,63624.4,2025-01-25 20:59:59.999,74253.3112,571,28074.3,32767.9595
2025-01-25 21:00:00,1.164,1.164,1.158,1.162,61399.7,2025-01-25 21:59:59.999,71307.9695,555,34777.9,40395.0696
2025-01-25 22:00:00,1.163,1.165,1.16,1.161,43963.3,2025-01-25 22:59:59.999,51127.4515,426,22771.9,26486.3393
2025-01-25 23:00:00,1.161,1.163,1.153,1.154,43775.5,2025-01-25 23:59:59.999,50715.3973,534,18970.1,21979.3406
2025-01-26 00:00:00,1.154,1.162,1.151,1.159,77848.8,2025-01-26 00:59:59.999,90206.5977,846,35503.8,41150.096
2025-01-26 01:00:00,1.159,1.163,1.157,1.158,69595.1,2025-01-26 01:59:59.999,80715.4157,592,30138.4,34957.7497
2025-01-26 02:00:00,1.158,1.158,1.151,1.156,61047.5,2025-01-26 02:59:59.999,70447.8815,550,30320.9,34992.9884
2025-01-26 03:00:00,1.156,1.165,1.156,1.162,63425.8,2025-01-26 03:59:59.999,73588.6399,552,39784.8,46179.3578
2025-01-26 04:00:00,1.161,1.17,1.158,1.166,77827.7,2025-01-26 04:59:59.999,90726.7004,613,41136.0,47974.5522
2025-01-26 05:00:00,1.166,1.166,1.159,1.162,53901.0,2025-01-26 05:59:59.999,62660.5801,508,23396.0,27198.1627
2025-01-26 06:00:00,1.163,1.166,1.16,1.166,50902.1,2025-01-26 06:59:59.999,59150.4012,483,26577.9,30886.4917
2025-01-26 07:00:00,1.166,1.17,1.165,1.169,64941.5,2025-01-26 07:59:59.999,75777.7496,527,27476.3,32072.1387
2025-01-26 08:00:00,1.169,1.175,1.166,1.169,74170.4,2025-01-26 08:59:59.999,86780.9407,677,34581.5,40481.3956
2025-01-26 09:00:00,1.169,1.17,1.157,1.16,65046.3,2025-01-26 09:59:59.999,75594.2822,611,25751.5,29941.5047
2025-01-26 10:00:00,1.16,1.176,1.158,1.165,965126.5,2025-01-26 10:59:59.999,1128304.4955,5988,631676.3,738577.1171
2025-01-26 11:00:00,1.166,1.167,1.161,1.166,693980.0,2025-01-26 11:59:59.999,807712.8463,4191,304537.4,354631.2897
2025-01-26 12:00:00,1.166,1.174,1.16,1.166,880662.3,2025-01-26 12:59:59.999,1028306.5348,4658,497121.1,580661.1963
2025-01-26 13:00:00,1.166,1.169,1.16,1.169,355803.2,2025-01-26 13:59:59.999,414203.5137,2423,132516.0,154314.181
2025-01-26 14:00:00,1.168,1.169,1.162,1.168,39278.9,2025-01-26 14:59:59.999,45773.0523,447,14280.9,16643.2234
2025-01-26 15:00:00,1.167,1.169,1.162,1.163,59329.1,2025-01-26 15:59:59.999,69160.9851,626,22672.6,26441.5118
2025-01-26 16:00:00,1.162,1.163,1.155,1.159,49123.6,2025-01-26 16:59:59.999,56880.3345,477,21996.4,25467.695
2025-01-26 17:00:00,1.158,1.162,1.154,1.16,29626.0,2025-01-26 17:59:59.999,34308.5885,351,14911.7,17273.0481
2025-01-26 18:00:00,1.159,1.168,1.158,1.163,83887.3,2025-01-26 18:59:59.999,97686.7807,520,41824.3,48698.9749
2025-01-26 19:00:00,1.164,1.166,1.161,1.165,37583.6,2025-01-26 19:59:59.999,43702.849,352,22106.9,25706.5845
2025-01-26 20:00:00,1.165,1.166,1.158,1.159,34035.1,2025-01-26 20:59:59.999,39582.1502,323,19930.9,23193.4714
2025-01-26 21:00:00,1.158,1.158,1.149,1.149,61588.7,2025-01-26 21:59:59.999,71045.6565,668,30793.5,35526.3552
2025-01-26 22:00:00,1.148,1.15,1.141,1.143,61793.6,2025-01-26 22:59:59.999,70692.1333,599,29663.4,33952.3147
2025-01-26 23:00:00,1.143,1.143,1.117,1.117,240887.3,2025-01-26 23:59:59.999,271056.0333,2940,111196.8,124990.2277
2025-01-27 00:00:00,1.116,1.124,1.098,1.099,334696.8,2025-01-27 00:59:59.999,371106.4835,3772,164618.4,182526.2538
2025-01-27 01:00:00,1.1,1.104,1.087,1.087,295551.3,2025-01-27 01:59:59.999,323730.84,2878,161009.9,176385.5678
2025-01-27 02:00:00,1.087,1.088,1.07,1.074,399117.3,2025-01-27 02:59:59.999,429974.3761,3151,215802.4,232498.0635
2025-01-27 03:00:00,1.074,1.087,1.071,1.08,128447.9,2025-01-27 03:59:59.999,139002.4967,1038,60431.3,65409.5799
2025-01-27 04:00:00,1.08,1.08,1.062,1.062,211431.1,2025-01-27 04:59:59.999,225713.6872,1285,115517.4,123299.8914
2025-01-27 05:00:00,1.063,1.065,1.05,1.061,360291.7,2025-01-27 05:59:59.999,381164.6807,2318,204623.1,216732.4389
2025-01-27 06:00:00,1.06,1.066,1.039,1.04,421174.4,2025-01-27 06:59:59.999,442424.458,3024,145535.9,152930.8528
2025-01-27 07:00:00,1.04,1.044,1.011,1.032,780644.8,2025-01-27 07:59:59.999,803532.5252,6992,388628.5,400300.2916
2025-01-27 08:00:00,1.032,1.034,1.014,1.027,377612.1,2025-01-27 08:59:59.999,386578.1072,3423,162988.9,166914.4713
2025-01-27 09:00:00,1.027,1.039,1.024,1.037,244669.3,2025-01-27 09:59:59.999,252808.7567,1942,128247.5,132446.4566
2025-01-27 10:00:00,1.036,1.037,1.018,1.02,248951.1,2025-01-27 10:59:59.999,255899.5827,2019,129785.4,133337.3263
2025-01-27 11:00:00,1.02,1.041,1.02,1.033,214278.1,2025-01-27 11:59:59.999,221220.5687,1740,108676.0,112150.9036
2025-01-27 12:00:00,1.033,1.068,1.031,1.063,309948.8,2025-01-27 12:59:59.999,324642.8792,2585,179200.6,187658.6284
2025-01-27 13:00:00,1.064,1.079,1.058,1.062,457933.8,2025-01-27 13:59:59.999,490302.2276,4252,232497.9,248952.9422
2025-01-27 14:00:00,1.061,1.086,1.058,1.084,522578.6,2025-01-27 14:59:59.999,559429.2756,4042,290536.1,310881.4616
2025-01-27 15:00:00,1.083,1.09,1.074,1.081,401356.3,2025-01-27 15:59:59.999,434523.7097,3492,213607.7,231242.473
2025-01-27 16:00:00,1.081,1.088,1.068,1.069,453504.9,2025-01-27 16:59:59.999,488876.2234,2777,190935.9,205670.4955
2025-01-27 17:00:00,1.07,1.078,1.062,1.068,270330.1,2025-01-27 17:59:59.999,289544.6029,2318,132058.5,141516.3992
2025-01-27 18:00:00,1.068,1.085,1.059,1.06,1974420.8,2025-01-27 18:59:59.999,2118222.472,8771,1078998.0,1160307.832
2025-01-27 19:00:00,1.06,1.079,1.06,1.07,474583.2,2025-01-27 19:59:59.999,506213.7654,2688,182025.7,194326.5742
2025-01-27 20:00:00,1.072,1.105,1.072,1.103,252581.1,2025-01-27 20:59:59.999,274771.9369,2255,91386.1,99359.1704
2025-01-27 21:00:00,1.102,1.119,1.099,1.101,221803.6,2025-01-27 21:59:59.999,245623.9358,2438,104939.8,116234.2154
2025-01-27 22:00:00,1.101,1.105,1.095,1.099,125397.7,2025-01-27 22:59:59.999,138109.352,1160,60847.0,67033.0496
2025-01-27 23:00:00,1.099,1.101,1.093,1.101,83580.5,2025-01-27 23:59:59.999,91700.6935,882,43673.5,47937.9342
2025-01-28 00:00:00,1.1,1.11,1.093,1.094,135180.9,2025-01-28 00:59:59.999,148983.9288,1474,54961.3,60593.359
2025-01-28 01:00:00,1.095,1.095,1.086,1.09,70454.2,2025-01-28 01:59:59.999,76806.4635,765,23434.5,25549.643
2025-01-28 02:00:00,1.091,1.1,1.09,1.098,99282.9,2025-01-28 02:59:59.999,108746.9328,742,59965.4,65665.9823
2025-01-28 03:00:00,1.099,1.107,1.093,1.104,102071.6,2025-01-28 03:59:59.999,112303.7282,987,47667.4,52478.6627
2025-01-28 04:00:00,1.104,1.112,1.104,1.106,112998.2,2025-01-28 04:59:59.999,125136.7166,846,40488.8,44838.393
2025-01-28 05:00:00,1.105,1.112,1.105,1.107,75539.9,2025-01-28 05:59:59.999,83728.2065,534,41031.4,45485.7366
2025-01-28 06:00:00,1.107,1.108,1.1,1.101,85546.5,2025-01-28 06:59:59.999,94520.2062,638,36235.6,40043.6654
2025-01-28 07:00:00,1.101,1.107,1.098,1.1,115698.9,2025-01-28 07:59:59.999,127529.8436,829,68299.5,75301.0057
2025-01-28 08:00:00,1.1,1.102,1.095,1.1,93752.7,2025-01-28 08:59:59.999,102988.1967,709,43202.1,47451.9208
2025-01-28 09:00:00,1.101,1.102,1.092,1.096,70614.9,2025-01-28 09:59:59.999,77397.9097,653,42675.4,46769.4161
2025-01-28 10:00:00,1.096,1.1,1.089,1.09,80452.1,2025-01-28 10:59:59.999,88011.6144,673,39775.3,43502.0342
2025-01-28 11:00:00,1.09,1.093,1.084,1.087,93487.4,2025-01-28 11:59:59.999,101800.8449,774,49904.6,54351.9583
2025-01-28 12:00:00,1.088,1.09,1.077,1.079,109389.1,2025-01-28 12:59:59.999,118532.6052,1056,55917.5,60592.7188
2025-01-28 13:00:00,1.08,1.087,1.08,1.083,64345.4,2025-01-28 13:59:59.999,69727.1848,711,34579.4,37469.3951
2025-01-28 14:00:00,1.083,1.089,1.075,1.084,141855.2,2025-01-28 14:59:59.999,153631.5219,1823,74371.8,80564.2633
2025-01-28 15:00:00,1.084,1.1,1.084,1.088,139894.9,2025-01-28 15:59:59.999,152682.2865,1747,74729.5,81572.3252
2025-01-28 16:00:00,1.089,1.089,1.075,1.081,128256.3,2025-01-28 16:59:59.999,138742.4678,1441,59958.6,64846.9505
2025-01-28 17:00:00,1.081,1.089,1.08,1.084,105233.0,2025-01-28 17:59:59.999,114109.3056,1196,51372.9,55712.8105
2025-01-28 18:00:00,1.083,1.086,1.071,1.071,98003.3,2025-01-28 18:59:59.999,105743.8719,1032,47324.3,51099.6644
2025-01-28 19:00:00,1.072,1.076,1.067,1.076,117007.8,2025-01-28 19:59:59.999,125406.5151,976,64877.2,69539.3282
2025-01-28 20:00:00,1.077,1.077,1.057,1.058,121030.9,2025-01-28 20:59:59.999,129293.9379,1154,55668.3,59422.4845
2025-01-28 21:00:00,1.058,1.065,1.043,1.044,138336.2,2025-01-28 21:59:59.999,145981.6711,1271,70771.1,74668.2705
2025-01-28 22:00:00,1.044,1.054,1.04,1.052,113725.9,2025-01-28 22:59:59.999,118955.7363,1201,64171.9,67129.2497
2025-01-28 23:00:00,1.051,1.054,1.038,1.046,103560.4,2025-01-28 23:59:59.999,108199.7679,1005,52609.3,54946.0001
2025-01-29 00:00:00,1.046,1.051,1.042,1.047,168770.1,2025-01-29 00:59:59.999,176661.9154,1433,88508.3,92673.0595
2025-01-29 01:00:00,1.047,1.06,1.047,1.059,129184.4,2025-01-29 01:59:59.999,136065.7463,1063,72321.2,76160.0673
2025-01-29 02:00:00,1.059,1.07,1.059,1.061,115389.9,2025-01-29 02:59:59.999,122701.8462,989,66264.2,70456.8366
2025-01-29 03:00:00,1.061,1.072,1.059,1.069,115953.3,2025-01-29 03:59:59.999,123635.8801,938,59539.0,63462.2821
2025-01-29 04:00:00,1.069,1.074,1.067,1.069,99885.0,2025-01-29 04:59:59.999,106844.1218,855,56495.3,60437.856
2025-01-29 05:00:00,1.068,1.074,1.066,1.074,91827.2,2025-01-29 05:59:59.999,98234.9223,830,51667.1,55277.132
2025-01-29 06:00:00,1.074,1.086,1.073,1.086,103471.2,2025-01-29 06:59:59.999,111797.1416,859,47553.3,51385.8806
2025-01-29 07:00:00,1.086,1.088,1.08,1.086,77698.8,2025-01-29 07:59:59.999,84187.3297,585,33814.8,36645.4665
2025-01-29 08:00:00,1.086,1.089,1.08,1.082,86704.0,2025-01-29 08:59:59.999,94048.041,675,41438.3,44953.0575
2025-01-29 09:00:00,1.081,1.081,1.071,1.072,114395.0,2025-01-29 09:59:59.999,123032.21,861,42232.2,45406.2654
2025-01-29 10:00:00,1.072,1.08,1.069,1.076,84146.0,2025-01-29 10:59:59.999,90431.3946,699,51462.8,55308.7891
2025-01-29 11:00:00,1.077,1.081,1.074,1.078,64030.4,2025-01-29 11:59:59.999,68971.4496,657,39370.3,42408.7079
2025-01-29 12:00:00,1.079,1.081,1.066,1.067,96692.6,2025-01-29 12:59:59.999,103756.5155,822,48468.9,51999.8298
2025-01-29 13:00:00,1.066,1.067,1.052,1.054,184403.1,2025-01-29 13:59:59.999,195070.2921,1526,95967.1,101545.3518
2025-01-29 14:00:00,1.055,1.059,1.042,1.048,245247.2,2025-01-29 14:59:59.999,258085.593,2064,129384.9,136200.6993
2025-01-29 15:00:00,1.049,1.059,1.047,1.051,147235.3,2025-01-29 15:59:59.999,155048.2872,1223,70214.6,73912.1415
2025-01-29 16:00:00,1.051,1.053,1.04,1.042,293493.9,2025-01-29 16:59:59.999,306754.0631,1554,80438.3,84156.8717
2025-01-29 17:00:00,1.042,1.061,1.042,1.049,158024.2,2025-01-29 17:59:59.999,166430.9252,972,57432.5,60457.2363
2025-01-29 18:00:00,1.049,1.061,1.039,1.058,183987.6,2025-01-29 18:59:59.999,192544.3686,1539,95614.4,99951.8864
2025-01-29 19:00:00,1.058,1.077,1.028,1.068,713264.0,2025-01-29 19:59:59.999,753085.5822,8045,375461.9,396190.9916
2025-01-29 20:00:00,1.069,1.092,1.056,1.078,441146.6,2025-01-29 20:59:59.999,474542.8017,5527,215909.1,232092.1734
2025-01-29 21:00:00,1.078,1.09,1.07,1.079,250104.3,2025-01-29 21:59:59.999,270008.3928,2594,128557.5,138809.6722
2025-01-29 22:00:00,1.08,1.083,1.069,1.07,77323.0,2025-01-29 22:59:59.999,83248.4931,839,39322.6,42319.9206
2025-01-29 23:00:00,1.07,1.075,1.059,1.061,139193.7,2025-01-29 23:59:59.999,148605.5793,1081,86773.2,92642.17
2025-01-30 00:00:00,1.061,1.069,1.053,1.067,134794.6,2025-01-30 00:59:59.999,142790.6453,1181,74385.3,78765.5207
2025-01-30 01:00:00,1.068,1.082,1.065,1.073,126467.4,2025-01-30 01:59:59.999,135879.2291,1165,52191.6,56074.7717
2025-01-30 02:00:00,1.073,1.083,1.067,1.083,129209.0,2025-01-30 02:59:59.999,138837.6931,1081,78054.4,83901.4168
2025-01-30 03:00:00,1.083,1.094,1.081,1.093,119309.9,2025-01-30 03:59:59.999,129591.6683,1080,50753.0,55152.3267
2025-01-30 04:00:00,1.093,1.097,1.089,1.096,91207.2,2025-01-30 04:59:59.999,99684.5598,809,48219.2,52705.2957
2025-01-30 05:00:00,1.096,1.097,1.09,1.093,57026.7,2025-01-30 05:59:59.999,62318.0491,484,23609.6,25803.3322
2025-01-30 06:00:00,1.094,1.099,1.085,1.086,91277.9,2025-01-30 06:59:59.999,99796.474,594,44339.4,48493.6727
2025-01-30 07:00:00,1.087,1.09,1.083,1.089,102269.8,2025-01-30 07:59:59.999,111073.0609,659,71584.3,77764.4308
2025-01-30 08:00:00,1.088,1.093,1.082,1.092,71618.8,2025-01-30 08:59:59.999,77915.5802,624,33128.0,36061.6458
2025-01-30 09:00:00,1.092,1.097,1.091,1.095,101408.3,2025-01-30 09:59:59.999,110949.62,790,55640.2,60886.2884
2025-01-30 10:00:00,1.094,1.094,1.086,1.093,102242.7,2025-01-30 10:59:59.999,111384.597,674,42177.7,45991.0035
2025-01-30 11:00:00,1.092,1.093,1.087,1.089,52735.4,2025-01-30 11:59:59.999,57410.949,555,23137.1,25201.6223
2025-01-30 12:00:00,1.09,1.09,1.081,1.083,54358.1,2025-01-30 12:59:59.999,58972.9124,448,17365.6,18841.7487
2025-01-30 13:00:00,1.082,1.096,1.08,1.09,177275.8,2025-01-30 13:59:59.999,193088.0579,1280,85061.5,92651.1459
2025-01-30 14:00:00,1.09,1.112,1.09,1.11,188258.9,2025-01-30 14:59:59.999,206704.873,1555,84278.0,92626.1325
2025-01-30 15:00:00,1.11,1.12,1.108,1.111,180630.7,2025-01-30 15:59:59.999,201092.8978,1805,83958.7,93515.1904
2025-01-30 16:00:00,1.112,1.121,1.107,1.112,286164.3,2025-01-30 16:59:59.999,318682.5176,1655,168269.3,187439.7219
2025-01-30 17:00:00,1.113,1.113,1.105,1.109,63278.0,2025-01-30 17:59:59.999,70177.4556,642,30043.2,33326.4373
2025-01-30 18:00:00,1.108,1.108,1.097,1.103,70339.9,2025-01-30 18:59:59.999,77651.4959,667,30100.1,33234.8577
2025-01-30 19:00:00,1.104,1.108,1.1,1.108,55733.6,2025-01-30 19:59:59.999,61488.1861,459,25267.7,27886.3872
2025-01-30 20:00:00,1.108,1.108,1.096,1.096,109298.9,2025-01-30 20:59:59.999,120396.9114,808,43615.3,48095.7108
2025-01-30 21:00:00,1.096,1.1,1.093,1.095,95207.2,2025-01-30 21:59:59.999,104435.9708,536,65670.4,72039.8209
2025-01-30 22:00:00,1.095,1.098,1.09,1.093,49522.6,2025-01-30 22:59:59.999,54107.1089,466,19225.5,21008.3874
2025-01-30 23:00:00,1.093,1.098,1.091,1.091,47088.8,2025-01-30 23:59:59.999,51533.287,445,19537.1,21385.4524
2025-01-31 00:00:00,1.092,1.095,1.085,1.093,87946.5,2025-01-31 00:59:59.999,95879.8481,960,43083.8,46972.8863
2025-01-31 01:00:00,1.093,1.095,1.087,1.09,88774.2,2025-01-31 01:59:59.999,96887.6479,783,49158.0,53664.4504
2025-01-31 02:00:00,1.09,1.092,1.079,1.079,97079.9,2025-01-31 02:59:59.999,105221.4412,795,46924.1,50816.728
2025-01-31 03:00:00,1.079,1.079,1.072,1.079,98350.0,2025-01-31 03:59:59.999,105838.1654,848,47749.0,51394.9665
2025-01-31 04:00:00,1.078,1.079,1.073,1.075,39044.7,2025-01-31 04:59:59.999,42007.7585,425,18492.2,19888.7055
2025-01-31 05:00:00,1.075,1.084,1.075,1.08,54134.0,2025-01-31 05:59:59.999,58410.5756,574,27628.8,29802.3658
2025-01-31 06:00:00,1.08,1.089,1.079,1.087,59182.5,2025-01-31 06:59:59.999,64117.9198,505,25051.6,27146.2022
2025-01-31 07:00:00,1.088,1.095,1.083,1.085,79419.6,2025-01-31 07:59:59.999,86521.9688,637,35389.1,38551.3922
2025-01-31 08:00:00,1.085,1.086,1.077,1.077,66474.9,2025-01-31 08:59:59.999,71918.7434,695,33987.6,36788.8889
2025-01-31 09:00:00,1.077,1.088,1.074,1.083,82855.5,2025-01-31 09:59:59.999,89527.5368,617,40881.5,44212.3139
2025-01-31 10:00:00,1.083,1.087,1.077,1.085,74172.0,2025-01-31 10:59:59.999,80220.662,518,38428.7,41585.4046
2025-01-31 11:00:00,1.086,1.105,1.086,1.1,162294.8,2025-01-31 11:59:59.999,178284.46,1023,71710.1,78757.16
2025-01-31 12:00:00,1.101,1.105,1.098,1.103,150629.9,2025-01-31 12:59:59.999,166173.9078,957,92123.9,101696.7233
2025-01-31 13:00:00,1.104,1.11,1.1,1.104,133167.0,2025-01-31 13:59:59.999,147223.8298,1125,67400.9,74523.0329
2025-01-31 14:00:00,1.104,1.113,1.1,1.11,149069.1,2025-01-31 14:59:59.999,164888.8073,1269,75526.4,83516.1401
2025-01-31 15:00:00,1.11,1.128,1.108,1.125,237198.0,2025-01-31 15:59:59.999,265798.1478,1668,163280.9,183007.1384
2025-01-31 16:00:00,1.126,1.136,1.121,1.126,364600.7,2025-01-31 16:59:59.999,411000.7232,2295,253892.8,286217.7433
2025-01-31 17:00:00,1.126,1.126,1.109,1.11,100061.7,2025-01-31 17:59:59.999,111657.8215,836,59511.1,66391.5319
2025-01-31 18:00:00,1.109,1.114,1.088,1.091,269244.0,2025-01-31 18:59:59.999,295536.4658,2715,155908.1,171153.7979
2025-01-31 19:00:00,1.091,1.098,1.088,1.094,184002.0,2025-01-31 19:59:59.999,201193.0726,1614,116859.8,127782.0291
2025-01-31 20:00:00,1.093,1.095,1.082,1.09,172825.6,2025-01-31 20:59:59.999,188081.6542,1480,88333.5,96156.2536
2025-01-31 21:00:00,1.09,1.093,1.078,1.091,132079.8,2025-01-31 21:59:59.999,143248.715,1321,59983.7,65071.1568
2025-01-31 22:00:00,1.092,1.098,1.088,1.095,58064.4,2025-01-31 22:59:59.999,63408.9369,620,29363.7,32046.7227
2025-01-31 23:00:00,1.095,1.096,1.09,1.094,17607.9,2025-01-31 23:59:59.999,19245.7192,349,4970.5,5433.169
2025-02-01 00:00:00,1.094,1.099,1.088,1.096,285390.3,2025-02-01 00:59:59.999,312827.3233,862,228571.2,250630.7912
2025-02-01 01:00:00,1.096,1.099,1.092,1.093,75742.9,2025-02-01 01:59:59.999,82986.0848,588,35518.1,38923.8993
2025-02-01 02:00:00,1.093,1.104,1.092,1.102,106656.2,2025-02-01 02:59:59.999,117165.5298,919,44627.1,49020.6844
2025-02-01 03:00:00,1.102,1.102,1.087,1.09,78417.0,2025-02-01 03:59:59.999,85707.3541,709,32793.0,35805.3225
2025-02-01 04:00:00,1.09,1.096,1.087,1.093,75912.3,2025-02-01 04:59:59.999,82873.2859,628,34970.5,38188.9024
2025-02-01 05:00:00,1.093,1.101,1.093,1.101,92787.1,2025-02-01 05:59:59.999,101822.4995,1041,46048.9,50531.2357
2025-02-01 06:00:00,1.101,1.101,1.089,1.096,99019.2,2025-02-01 06:59:59.999,108482.6881,858,52555.7,57572.8555
2025-02-01 07:00:00,1.096,1.098,1.085,1.088,112275.9,2025-02-01 07:59:59.999,122511.3544,881,44866.5,48990.4797
2025-02-01 08:00:00,1.088,1.091,1.078,1.083,155064.5,2025-02-01 08:59:59.999,168014.6672,1283,89826.9,97328.3964
2025-02-01 09:00:00,1.082,1.082,1.067,1.069,118772.4,2025-02-01 09:59:59.999,127605.1097,1280,41399.2,44452.8498
2025-02-01 10:00:00,1.069,1.081,1.069,1.072,107287.8,2025-02-01 10:59:59.999,115339.3832,909,60217.4,64731.1079
2025-02-01 11:00:00,1.072,1.084,1.071,1.084,81431.9,2025-02-01 11:59:59.999,87807.0542,799,40374.6,43541.4958
2025-02-01 12:00:00,1.084,1.089,1.081,1.086,88410.2,2025-02-01 12:59:59.999,96014.8728,809,40640.4,44138.2427
2025-02-01 13:00:00,1.085,1.085,1.068,1.068,90027.6,2025-02-01 13:59:59.999,97077.1511,891,33096.2,35668.0619
2025-02-01 14:00:00,1.069,1.075,1.065,1.067,134118.9,2025-02-01 14:59:59.999,143601.0943,1153,61114.1,65446.1642
2025-02-01 15:00:00,1.066,1.073,1.06,1.07,137921.0,2025-02-01 15:59:59.999,147007.788,1298,71476.5,76215.3229
2025-02-01 16:00:00,1.07,1.074,1.061,1.061,134053.0,2025-02-01 16:59:59.999,143102.9937,1246,74246.1,79288.4032
2025-02-01 17:00:00,1.061,1.069,1.058,1.064,124039.0,2025-02-01 17:59:59.999,131860.414,942,71281.0,75771.1992
2025-02-01 18:00:00,1.064,1.064,1.05,1.052,150086.6,2025-02-01 18:59:59.999,158754.7921,1300,73853.7,78090.023
2025-02-01 19:00:00,1.051,1.051,1.039,1.04,154515.4,2025-02-01 19:59:59.999,161343.6442,1599,71031.9,74157.9857
2025-02-01 20:00:00,1.04,1.04,1.025,1.035,293081.2,2025-02-01 20:59:59.999,302018.2686,2302,136721.7,140952.2725
2025-02-01 21:00:00,1.035,1.04,1.027,1.03,162520.2,2025-02-01 21:59:59.999,168211.4273,1281,86057.9,89087.1824
2025-02-01 22:00:00,1.029,1.031,1.004,1.012,299463.2,2025-02-01 22:59:59.999,304181.9791,1792,111088.6,112724.8668
2025-02-01 23:00:00,1.011,1.015,1.0,1.007,194745.9,2025-02-01 23:59:59.999,196008.3271,1804,109905.5,110607.0516
2025-02-02 00:00:00,1.006,1.023,1.005,1.018,154488.7,2025-02-02 00:59:59.999,157172.1806,1488,90944.4,92513.6092
2025-02-02 01:00:00,1.017,1.026,1.016,1.022,126632.3,2025-02-02 01:59:59.999,129435.8957,892,77449.6,79154.9887
2025-02-02 02:00:00,1.021,1.021,0.998,1.0,312123.3,2025-02-02 02:59:59.999,314784.6752,2041,134046.2,135221.0906
2025-02-02 03:00:00,1.001,1.005,0.981,0.983,499033.5,2025-02-02 03:59:59.999,493932.1761,4910,243831.4,241345.0236
2025-02-02 04:00:00,0.983,0.998,0.981,0.989,257924.1,2025-02-02 04:59:59.999,255235.8941,2444,136519.1,135116.8535
2025-02-02 05:00:00,0.99,1.008,0.989,1.002,205078.7,2025-02-02 05:59:59.999,204787.8466,1601,102585.5,102404.2423
2025-02-02 06:00:00,1.002,1.007,0.998,1.0,155410.9,2025-02-02 06:59:59.999,155630.6294,1282,82833.8,82954.8864
2025-02-02 07:00:00,1.001,1.001,0.99,0.99,251695.2,2025-02-02 07:59:59.999,250322.3081,1492,87870.1,87382.838
2025-02-02 08:00:00,0.991,1.005,0.986,1.0,155593.3,2025-02-02 08:59:59.999,154864.7936,1178,77106.1,76806.4593
2025-02-02 09:00:00,1.0,1.0,0.993,0.997,156029.0,2025-02-02 09:59:59.999,155497.3284,995,81961.5,81707.1972
2025-02-02 10:00:00,0.997,0.997,0.983,0.99,183912.5,2025-02-02 10:59:59.999,181698.689,1208,80015.1,79037.3985
2025-02-02 11:00:00,0.99,0.992,0.97,0.973,236253.2,2025-02-02 11:59:59.999,231258.4026,1897,100160.9,98053.2098
2025-02-02 12:00:00,0.972,0.985,0.965,0.965,252935.3,2025-02-02 12:59:59.999,246814.9176,2023,108660.0,106040.8485
2025-02-02 13:00:00,0.966,0.989,0.966,0.989,198709.8,2025-02-02 13:59:59.999,194228.3273,1701,85196.3,83261.2652
2025-02-02 14:00:00,0.989,0.993,0.986,0.987,207041.3,2025-02-02 14:59:59.999,205003.7154,1394,94220.9,93299.5671
2025-02-02 15:00:00,0.987,0.987,0.97,0.979,337736.1,2025-02-02 15:59:59.999,330467.796,2312,179618.2,175831.6982
2025-02-02 16:00:00,0.98,0.98,0.938,0.943,746611.3,2025-02-02 16:59:59.999,714455.8013,6201,364838.8,349386.4771
2025-02-02 17:00:00,0.944,0.949,0.897,0.904,1387327.6,2025-02-02 17:59:59.999,1276383.8931,12422,674545.3,621032.9154
2025-02-02 18:00:00,0.904,0.913,0.883,0.888,1372739.4,2025-02-02 18:59:59.999,1233787.1739,11924,682128.2,612925.6444
2025-02-02 19:00:00,0.888,0.928,0.88,0.919,1211587.6,2025-02-02 19:59:59.999,1092932.5973,9833,660496.0,595704.318
2025-02-02 20:00:00,0.919,0.926,0.9,0.902,538340.1,2025-02-02 20:59:59.999,491363.5214,3228,279311.1,255046.3689
2025-02-02 21:00:00,0.902,0.904,0.885,0.89,653614.8,2025-02-02 21:59:59.999,584808.7381,4191,345664.3,309282.948
2025-02-02 22:00:00,0.891,0.906,0.845,0.886,1018552.5,2025-02-02 22:59:59.999,894507.1193,5728,468543.1,411608.6988
2025-02-02 23:00:00,0.886,0.895,0.857,0.888,1613860.5,2025-02-02 23:59:59.999,1418469.6976,11725,916380.9,806245.4819
2025-02-03 00:00:00,0.887,0.888,0.827,0.856,3436689.6,2025-02-03 00:59:59.999,2967272.7607,18565,1686787.0,1457747.8695
2025-02-03 01:00:00,0.856,0.863,0.722,0.769,2639808.7,2025-02-03 01:59:59.999,2128854.301,19741,1137141.6,918852.439
2025-02-03 02:00:00,0.769,0.78,0.683,0.768,3954822.7,2025-02-03 02:59:59.999,2991768.0934,37199,2051779.3,1551195.8899
2025-02-03 03:00:00,0.768,0.804,0.768,0.786,2539363.0,2025-02-03 03:59:59.999,2008502.5487,13563,1341449.0,1061140.1318
2025-02-03 04:00:00,0.787,0.799,0.761,0.761,772779.8,2025-02-03 04:59:59.999,600339.8255,5140,385495.3,299452.5201
2025-02-03 05:00:00,0.762,0.8,0.762,0.8,729519.7,2025-02-03 05:59:59.999,568019.5849,5238,370705.4,288448.5094
2025-02-03 06:00:00,0.799,0.837,0.789,0.832,1960129.5,2025-02-03 06:59:59.999,1611978.5481,8658,1065256.7,876790.3786
2025-02-03 07:00:00,0.832,0.852,0.827,0.851,606205.8,2025-02-03 07:59:59.999,507429.5554,4057,296212.9,248169.2352
2025-02-03 08:00:00,0.85,0.85,0.822,0.829,603200.3,2025-02-03 08:59:59.999,502573.1539,4590,280273.3,233574.8168
2025-02-03 09:00:00,0.829,0.842,0.822,0.823,563694.7,2025-02-03 09:59:59.999,469002.5867,4222,299014.5,248685.0516
2025-02-03 10:00:00,0.824,0.85,0.82,0.85,329125.5,2025-02-03 10:59:59.999,274781.6687,2206,157305.1,131408.9519
2025-02-03 11:00:00,0.849,0.849,0.834,0.838,278532.7,2025-02-03 11:59:59.999,234352.986,1814,129552.4,109000.7351
2025-02-03 12:00:00,0.839,0.855,0.833,0.834,395978.9,2025-02-03 12:59:59.999,334618.8736,2709,205187.6,173433.0718
2025-02-03 13:00:00,0.833,0.839,0.822,0.827,329037.8,2025-02-03 13:59:59.999,273147.3438,2725,157302.2,130580.535
2025-02-03 14:00:00,0.827,0.853,0.807,0.851,1950106.4,2025-02-03 14:59:59.999,1626259.9396,15668,986243.2,822079.895
2025-02-03 15:00:00,0.85,0.886,0.841,0.882,1421800.4,2025-02-03 15:59:59.999,1231350.0569,11995,788910.6,683745.8541
2025-02-03 16:00:00,0.881,0.899,0.877,0.889,834054.9,2025-02-03 16:59:59.999,740595.9518,6598,341754.3,303475.3949
2025-02-03 17:00:00,0.89,0.899,0.881,0.896,378385.5,2025-02-03 17:59:59.999,335814.546,3236,181436.2,160992.3957
2025-02-03 18:00:00,0.895,0.9,0.889,0.9,393806.1,2025-02-03 18:59:59.999,351634.3235,3105,154887.3,138328.5005
2025-02-03 19:00:00,0.899,0.925,0.897,0.924,436250.2,2025-02-03 19:59:59.999,397905.2693,3279,203223.2,185455.589
2025-02-03 20:00:00,0.924,0.924,0.901,0.907,374955.5,2025-02-03 20:59:59.999,340907.4912,3132,186078.5,169113.9292
2025-02-03 21:00:00,0.907,0.933,0.907,0.933,265919.5,2025-02-03 21:59:59.999,244448.5049,2206,139995.6,128737.5556
2025-02-03 22:00:00,0.933,0.946,0.93,0.94,258262.7,2025-02-03 22:59:59.999,242270.0353,2702,116253.0,109064.2008
2025-02-03 23:00:00,0.94,0.951,0.93,0.938,473105.5,2025-02-03 23:59:59.999,445157.1367,2388,247024.5,232618.0023
2025-02-04 00:00:00,0.939,0.949,0.928,0.929,305753.3,2025-02-04 00:59:59.999,287335.7571,1880,154056.9,144729.4569
2025-02-04 01:00:00,0.929,0.935,0.926,0.929,214563.3,2025-02-04 01:59:59.999,199633.569,1350,106290.8,98881.1931
2025-02-04 02:00:00,0.93,0.931,0.912,0.912,194095.9,2025-02-04 02:59:59.999,179117.1521,1392,86538.0,79827.918
2025-02-04 03:00:00,0.912,0.915,0.903,0.91,191425.0,2025-02-04 03:59:59.999,174074.1162,1426,96765.9,88024.7218
2025-02-04 04:00:00,0.91,0.915,0.902,0.904,214424.7,2025-02-04 04:59:59.999,195107.8899,1405,102259.9,93062.3233
2025-02-04 05:00:00,0.904,0.904,0.863,0.865,1048968.3,2025-02-04 05:59:59.999,915953.0134,8676,540677.6,471828.2241
2025-02-04 06:00:00,0.865,0.878,0.865,0.872,387322.6,2025-02-04 06:59:59.999,337784.8856,2482,159620.0,139156.7857
2025-02-04 07:00:00,0.872,0.872,0.843,0.847,386241.5,2025-02-04 07:59:59.999,332050.2689,2567,185276.0,159076.7133
2025-02-04 08:00:00,0.848,0.855,0.842,0.847,425727.2,2025-02-04 08:59:59.999,360789.7937,3007,204043.2,172974.382
2025-02-04 09:00:00,0.847,0.854,0.843,0.844,267067.2,2025-02-04 09:59:59.999,226724.4542,2043,124136.8,105437.6624
2025-02-04 10:00:00,0.844,0.864,0.844,0.861,280416.1,2025-02-04 10:59:59.999,240345.8646,2127,134979.7,115626.2891
2025-02-04 11:00:00,0.86,0.876,0.86,0.865,439343.0,2025-02-04 11:59:59.999,382544.9207,3119,225289.6,196162.1518
2025-02-04 12:00:00,0.865,0.885,0.865,0.878,333395.5,2025-02-04 12:59:59.999,291483.6484,2238,177646.4,155423.1841
2025-02-04 13:00:00,0.877,0.887,0.875,0.877,319292.0,2025-02-04 13:59:59.999,281885.5763,2546,154900.1,136789.6774
2025-02-04 14:00:00,0.878,0.898,0.871,0.892,608719.3,2025-02-04 14:59:59.999,541105.8215,5146,328015.7,291389.6246
2025-02-04 15:00:00,0.893,0.896,0.874,0.886,730348.1,2025-02-04 15:59:59.999,646015.4603,5751,369848.8,327172.446
2025-02-04 16:00:00,0.887,0.896,0.882,0.887,323027.3,2025-02-04 16:59:59.999,287177.3321,2068,163715.8,145572.9869
2025-02-04 17:00:00,0.887,0.899,0.881,0.889,291705.5,2025-02-04 17:59:59.999,259536.5006,1973,158747.9,141355.2094
2025-02-04 18:00:00,0.889,0.899,0.885,0.896,231761.6,2025-02-04 18:59:59.999,206720.2551,1684,121620.6,108450.9499
2025-02-04 19:00:00,0.896,0.916,0.885,0.885,600075.6,2025-02-04 19:59:59.999,541686.3551,4514,296005.7,267370.9569
2025-02-04 20:00:00,0.885,0.893,0.874,0.878,1028585.5,2025-02-04 20:59:59.999,906793.1444,7719,519806.9,458333.6656
2025-02-04 21:00:00,0.878,0.878,0.853,0.854,879776.8,2025-02-04 21:59:59.999,762106.5435,5516,416197.9,360505.352
2025-02-04 22:00:00,0.853,0.875,0.852,0.871,324440.6,2025-02-04 22:59:59.999,278817.5991,2356,185238.8,159188.7331
2025-02-04 23:00:00,0.871,0.888,0.87,0.878,294765.4,2025-02-04 23:59:59.999,258599.7423,2437,131045.0,114895.1946
2025-02-05 00:00:00,0.878,0.881,0.871,0.876,382452.3,2025-02-05 00:59:59.999,335015.7855,1918,163872.8,143548.8378
2025-02-05 01:00:00,0.875,0.888,0.87,0.87,311051.4,2025-02-05 01:59:59.999,273457.4325,2092,160459.6,141118.9112
2025-02-05 02:00:00,0.87,0.885,0.865,0.882,393650.2,2025-02-05 02:59:59.999,343533.8561,2803,197251.6,172174.5724
2025-02-05 03:00:00,0.882,0.886,0.877,0.883,134127.0,2025-02-05 03:59:59.999,118262.9496,1009,67145.4,59208.7947
2025-02-05 04:00:00,0.884,0.886,0.879,0.883,125665.4,2025-02-05 04:59:59.999,110829.6763,759,60408.2,53281.4916
2025-02-05 05:00:00,0.883,0.895,0.876,0.894,218073.1,2025-02-05 05:59:59.999,192492.7801,1439,119264.1,105221.347
2025-02-05 06:00:00,0.893,0.894,0.883,0.885,185451.6,2025-02-05 06:59:59.999,164647.4014,1356,86416.1,76723.4733
2025-02-05 07:00:00,0.886,0.9,0.884,0.897,224241.9,2025-02-05 07:59:59.999,199817.7395,1486,118381.7,105490.944
2025-02-05 08:00:00,0.896,0.901,0.892,0.899,134649.5,2025-02-05 08:59:59.999,120808.0372,1056,73948.4,66355.8733
2025-02-05 09:00:00,0.898,0.906,0.892,0.896,210615.5,2025-02-05 09:59:59.999,189092.2343,1412,110142.2,98901.2936
2025-02-05 10:00:00,0.897,0.904,0.895,0.898,142995.1,2025-02-05 10:59:59.999,128598.7049,946,79823.2,71811.3532
2025-02-05 11:00:00,0.898,0.911,0.898,0.908,178620.2,2025-02-05 11:59:59.999,161561.7111,1572,91613.8,82898.5399
2025-02-05 12:00:00,0.908,0.912,0.9,0.9,167508.8,2025-02-05 12:59:59.999,151825.3316,1271,83296.1,75514.8626
2025-02-05 13:00:00,0.9,0.905,0.897,0.902,218848.8,2025-02-05 13:59:59.999,197125.2093,1505,102815.9,92637.3629
2025-02-05 14:00:00,0.903,0.907,0.894,0.895,215731.7,2025-02-05 14:59:59.999,194589.847,1642,105509.2,95196.5383
2025-02-05 15:00:00,0.896,0.904,0.887,0.895,295173.5,2025-02-05 15:59:59.999,264380.3743,2194,147634.9,132262.8836
2025-02-05 16:00:00,0.895,0.897,0.872,0.884,437382.1,2025-02-05 16:59:59.999,386445.8885,3658,208775.2,184427.8191
2025-02-05 17:00:00,0.885,0.887,0.861,0.863,316628.8,2025-02-05 17:59:59.999,276023.9154,2500,163735.0,142737.8901
2025-02-05 18:00:00,0.862,0.873,0.858,0.862,255078.3,2025-02-05 18:59:59.999,220760.6079,1998,119301.1,103227.2524
2025-02-05 19:00:00,0.861,0.881,0.86,0.879,334930.5,2025-02-05 19:59:59.999,292098.7154,1613,121804.4,106353.6129
2025-02-05 20:00:00,0.879,0.882,0.862,0.87,214202.8,2025-02-05 20:59:59.999,186854.0046,1573,90206.5,78670.0707
2025-02-05 21:00:00,0.871,0.874,0.864,0.866,134378.1,2025-02-05 21:59:59.999,116883.4633,924,69878.5,60783.46
2025-02-05 22:00:00,0.865,0.869,0.854,0.86,164031.1,2025-02-05 22:59:59.999,141412.6061,1115,93996.1,81034.5708
2025-02-05 23:00:00,0.86,0.867,0.859,0.864,152887.8,2025-02-05 23:59:59.999,132035.2646,1145,82053.9,70835.272
2025-02-06 00:00:00,0.864,0.872,0.859,0.86,235362.4,2025-02-06 00:59:59.999,203602.5298,1650,114968.6,99437.9842
2025-02-06 01:00:00,0.86,0.872,0.857,0.867,179948.6,2025-02-06 01:59:59.999,155832.5083,1407,95095.7,82309.5208
2025-02-06 02:00:00,0.867,0.874,0.866,0.871,229849.1,2025-02-06 02:59:59.999,200139.8519,1706,106861.9,93046.6998
2025-02-06 03:00:00,0.871,0.876,0.866,0.872,170672.1,2025-02-06 03:59:59.999,148487.9465,1297,100013.8,87020.0993
2025-02-06 04:00:00,0.872,0.878,0.87,0.875,123322.7,2025-02-06 04:59:59.999,107836.4105,1028,65265.1,57071.0562
2025-02-06 05:00:00,0.875,0.879,0.871,0.876,83017.1,2025-02-06 05:59:59.999,72589.9101,659,39053.4,34157.6821
2025-02-06 06:00:00,0.876,0.884,0.871,0.884,143812.3,2025-02-06 06:59:59.999,126330.0858,782,80504.4,70702.3682
2025-02-06 07:00:00,0.884,0.884,0.875,0.875,149884.5,2025-02-06 07:59:59.999,131705.2724,906,70179.4,61651.9262
2025-02-06 08:00:00,0.876,0.878,0.869,0.871,196080.9,2025-02-06 08:59:59.999,171164.9975,1103,102390.5,89383.4884
2025-02-06 09:00:00,0.87,0.88,0.868,0.876,186875.5,2025-02-06 09:59:59.999,163517.1201,1248,102111.3,89334.0556
2025-02-06 10:00:00,0.876,0.877,0.867,0.871,174581.3,2025-02-06 10:59:59.999,152266.2493,1200,87835.5,76590.4363
2025-02-06 11:00:00,0.872,0.872,0.859,0.867,188030.8,2025-02-06 11:59:59.999,162661.7736,1456,99865.3,86425.8984
2025-02-06 12:00:00,0.867,0.867,0.851,0.855,232653.1,2025-02-06 12:59:59.999,199725.7207,1379,118003.0,101256.6417
2025-02-06 13:00:00,0.855,0.864,0.854,0.858,292011.8,2025-02-06 13:59:59.999,250781.9798,2035,149329.3,128283.7527
2025-02-06 14:00:00,0.858,0.861,0.838,0.841,421676.3,2025-02-06 14:59:59.999,357543.2455,2861,229387.2,194480.2206
2025-02-06 15:00:00,0.841,0.846,0.824,0.828,733816.7,2025-02-06 15:59:59.999,612004.5224,5390,375500.9,313051.8303
2025-02-06 16:00:00,0.828,0.835,0.823,0.828,443229.6,2025-02-06 16:59:59.999,367519.5743,3176,217197.5,180143.1774
2025-02-06 17:00:00,0.828,0.843,0.824,0.832,278303.0,2025-02-06 17:59:59.999,231585.5296,1718,147610.2,122846.6735
2025-02-06 18:00:00,0.832,0.834,0.825,0.827,326332.9,2025-02-06 18:59:59.999,270962.1536,2309,154093.7,127969.5224
2025-02-06 19:00:00,0.826,0.837,0.821,0.827,319256.8,2025-02-06 19:59:59.999,264440.1377,2093,166079.2,137608.1645
2025-02-06 20:00:00,0.826,0.844,0.826,0.842,253205.2,2025-02-06 20:59:59.999,211721.3315,1792,139470.7,116597.6797
2025-02-06 21:00:00,0.843,0.843,0.827,0.837,263958.9,2025-02-06 21:59:59.999,220718.2746,1831,131278.3,109781.2562
2025-02-06 22:00:00,0.837,0.838,0.825,0.837,140670.1,2025-02-06 22:59:59.999,116860.4469,1065,70185.6,58324.4928
2025-02-06 23:00:00,0.837,0.838,0.826,0.832,174195.8,2025-02-06 23:59:59.999,144890.896,1036,91357.0,76004.1735
2025-02-07 00:00:00,0.833,0.841,0.829,0.832,297343.3,2025-02-07 00:59:59.999,248423.8315,1780,154568.8,129096.2222
2025-02-07 01:00:00,0.832,0.852,0.831,0.847,310649.2,2025-02-07 01:59:59.999,261045.0229,2190,162872.7,136808.5444
2025-02-07 02:00:00,0.847,0.851,0.841,0.844,230078.6,2025-02-07 02:59:59.999,194518.0081,1516,110553.5,93482.9214
2025-02-07 03:00:00,0.844,0.846,0.836,0.841,167908.0,2025-02-07 03:59:59.999,141313.6445,1082,87799.3,73895.5112
2025-02-07 04:00:00,0.841,0.844,0.838,0.839,161677.2,2025-02-07 04:59:59.999,136131.1155,933,75400.0,63486.5065
2025-02-07 05:00:00,0.839,0.841,0.832,0.834,144372.1,2025-02-07 05:59:59.999,120600.703,799,67025.4,55987.4262
2025-02-07 06:00:00,0.834,0.834,0.817,0.824,255289.1,2025-02-07 06:59:59.999,210400.1358,1579,142182.3,117163.2985
2025-02-07 07:00:00,0.825,0.84,0.825,0.833,297996.8,2025-02-07 07:59:59.999,248473.2301,1573,135356.3,112875.0725
2025-02-07 08:00:00,0.832,0.846,0.83,0.839,231768.7,2025-02-07 08:59:59.999,193973.298,1428,121185.5,101393.5676
2025-02-07 09:00:00,0.839,0.848,0.838,0.847,243879.5,2025-02-07 09:59:59.999,205652.4632,1257,128022.7,107954.8401
2025-02-07 10:00:00,0.848,0.851,0.846,0.846,212586.8,2025-02-07 10:59:59.999,180196.1868,1084,109904.1,93189.4649
2025-02-07 11:00:00,0.846,0.853,0.845,0.852,166473.7,2025-02-07 11:59:59.999,141470.8976,905,87849.6,74658.4922
2025-02-07 12:00:00,0.852,0.858,0.846,0.854,133647.1,2025-02-07 12:59:59.999,113794.1579,820,63021.2,53635.9888
2025-02-07 13:00:00,0.854,0.866,0.847,0.866,436273.1,2025-02-07 13:59:59.999,373440.7532,3013,221473.0,189642.7337
2025-02-07 14:00:00,0.866,0.88,0.863,0.877,515220.7,2025-02-07 14:59:59.999,449963.0351,3644,259194.1,226364.951
2025-02-07 15:00:00,0.876,0.876,0.858,0.866,565777.5,2025-02-07 15:59:59.999,490027.6978,4538,268842.9,232852.7435
2025-02-07 16:00:00,0.867,0.867,0.857,0.859,338416.3,2025-02-07 16:59:59.999,291839.8738,2525,164730.3,142088.3606
2025-02-07 17:00:00,0.859,0.861,0.843,0.844,354468.7,2025-02-07 17:59:59.999,301471.8302,2589,171471.8,145832.027
2025-02-07 18:00:00,0.845,0.867,0.844,0.861,220674.9,2025-02-07 18:59:59.999,189787.3399,1294,111152.2,95490.8333
2025-02-07 19:00:00,0.861,0.861,0.847,0.847,250262.6,2025-02-07 19:59:59.999,213525.4878,1538,125114.9,106733.3485
2025-02-07 20:00:00,0.847,0.847,0.822,0.823,413005.6,2025-02-07 20:59:59.999,344292.0335,2892,209723.2,174836.4769
2025-02-07 21:00:00,0.823,0.831,0.819,0.823,332441.5,2025-02-07 21:59:59.999,274069.3149,2219,178469.6,147169.8368
2025-02-07 22:00:00,0.824,0.824,0.812,0.822,269269.8,2025-02-07 22:59:59.999,220000.9286,1999,131695.1,107630.8359
2025-02-07 23:00:00,0.822,0.839,0.819,0.839,87089.8,2025-02-07 23:59:59.999,72291.8688,786,34199.2,28380.9336
2025-02-08 00:00:00,0.838,0.851,0.834,0.846,145362.2,2025-02-08 00:59:59.999,122561.6845,1555,67001.8,56482.9926
2025-02-08 01:00:00,0.845,0.848,0.84,0.84,89992.1,2025-02-08 01:59:59.999,75906.2233,841,41924.9,35371.4937
2025-02-08 02:00:00,0.84,0.842,0.834,0.838,78611.3,2025-02-08 02:59:59.999,65850.9159,594,41850.4,35057.3583
2025-02-08 03:00:00,0.838,0.842,0.834,0.835,70524.3,2025-02-08 03:59:59.999,59082.9814,672,32787.8,27466.3954
2025-02-08 04:00:00,0.835,0.843,0.829,0.831,938506.6,2025-02-08 04:59:59.999,784401.732,3672,483049.0,404363.5895
2025-02-08 05:00:00,0.831,0.833,0.826,0.831,80639.4,2025-02-08 05:59:59.999,66914.6629,451,47791.3,39670.0306
2025-02-08 06:00:00,0.831,0.839,0.829,0.833,159906.1,2025-02-08 06:59:59.999,133463.0388,675,78018.7,65155.5396
2025-02-08 07:00:00,0.833,0.846,0.831,0.843,102606.2,2025-02-08 07:59:59.999,85974.7802,655,50840.7,42565.3249
2025-02-08 08:00:00,0.842,0.843,0.834,0.835,97830.3,2025-02-08 08:59:59.999,81988.047,574,44432.2,37228.4418
2025-02-08 09:00:00,0.834,0.841,0.834,0.84,106608.6,2025-02-08 09:59:59.999,89297.3321,609,56062.3,46946.0266
2025-02-08 10:00:00,0.84,0.843,0.834,0.835,120269.9,2025-02-08 10:59:59.999,100832.5891,577,43206.5,36220.6724
2025-02-08 11:00:00,0.836,0.838,0.831,0.837,82813.2,2025-02-08 11:59:59.999,69101.6656,566,44161.5,36850.5779
2025-02-08 12:00:00,0.836,0.839,0.83,0.834,133535.2,2025-02-08 12:59:59.999,111600.3649,764,73960.8,61873.436
2025-02-08 13:00:00,0.835,0.847,0.835,0.842,64383.1,2025-02-08 13:59:59.999,54102.3714,543,31792.4,26698.355
2025-02-08 14:00:00,0.841,0.849,0.839,0.849,117315.4,2025-02-08 14:59:59.999,98986.7445,672,43028.2,36293.6684
2025-02-08 15:00:00,0.849,0.854,0.842,0.847,134387.0,2025-02-08 15:59:59.999,113944.9983,788,58252.8,49420.0175
2025-02-08 16:00:00,0.847,0.855,0.842,0.854,99303.5,2025-02-08 16:59:59.999,84295.5023,762,50797.9,43125.7321
2025-02-08 17:00:00,0.854,0.865,0.854,0.863,92147.0,2025-02-08 17:59:59.999,79193.7623,750,51716.8,44448.1602
2025-02-08 18:00:00,0.862,0.87,0.858,0.87,121509.7,2025-02-08 18:59:59.999,105063.0329,744,52966.4,45814.9557
2025-02-08 19:00:00,0.87,0.872,0.865,0.869,87076.9,2025-02-08 19:59:59.999,75599.5419,477,39292.9,34106.5011
2025-02-08 20:00:00,0.869,0.875,0.867,0.874,107757.0,2025-02-08 20:59:59.999,93875.4715,586,72154.1,62854.8991
2025-02-08 21:00:00,0.875,0.876,0.87,0.873,120735.6,2025-02-08 21:59:59.999,105351.7555,712,43533.1,38004.1228
2025-02-08 22:00:00,0.873,0.874,0.867,0.872,77420.8,2025-02-08 22:59:59.999,67462.4292,460,37524.9,32705.7509
2025-02-08 23:00:00,0.872,0.879,0.871,0.877,54688.9,2025-02-08 23:59:59.999,47931.9098,319,22993.0,20152.3047
2025-02-09 00:00:00,0.878,0.881,0.873,0.88,116524.5,2025-02-09 00:59:59.999,102170.0018,599,54817.4,48074.0793
2025-02-09 01:00:00,0.88,0.886,0.878,0.885,126159.6,2025-02-09 01:59:59.999,111179.9738,839,66156.2,58306.9939
2025-02-09 02:00:00,0.885,0.886,0.879,0.881,109228.9,2025-02-09 02:59:59.999,96295.1,708,57217.7,50449.5566
2025-02-09 03:00:00,0.881,0.903,0.879,0.9,208602.9,2025-02-09 03:59:59.999,186107.6357,1233,115695.0,103238.221
2025-02-09 04:00:00,0.901,0.901,0.892,0.897,165455.2,2025-02-09 04:59:59.999,148287.7694,918,96442.9,86433.6625
2025-02-09 05:00:00,0.897,0.9,0.893,0.897,107359.9,2025-02-09 05:59:59.999,96178.9934,726,62407.6,55912.9257
2025-02-09 06:00:00,0.896,0.917,0.894,0.915,212177.8,2025-02-09 06:59:59.999,192549.0641,1198,101730.0,92227.6777
2025-02-09 07:00:00,0.914,0.917,0.903,0.909,248963.2,2025-02-09 07:59:59.999,226180.5247,1454,113405.9,102980.1346
2025-02-09 08:00:00,0.909,0.912,0.904,0.908,183564.9,2025-02-09 08:59:59.999,166606.2791,1093,89292.2,81028.8813
2025-02-09 09:00:00,0.908,0.917,0.903,0.914,134678.5,2025-02-09 09:59:59.999,122680.0154,1030,72667.6,66167.9658
2025-02-09 10:00:00,0.914,0.922,0.91,0.915,182285.2,2025-02-09 10:59:59.999,167114.8311,1075,78898.3,72385.1502
2025-02-09 11:00:00,0.916,0.918,0.91,0.912,190272.3,2025-02-09 11:59:59.999,174063.151,1158,110877.1,101429.4865
2025-02-09 12:00:00,0.911,0.914,0.9,0.905,202146.3,2025-02-09 12:59:59.999,183224.2482,1385,100054.1,90636.0944
2025-02-09 13:00:00,0.906,0.909,0.889,0.892,152326.7,2025-02-09 13:59:59.999,136929.9349,1241,75211.5,67612.3145
2025-02-09 14:00:00,0.891,0.894,0.883,0.886,138643.5,2025-02-09 14:59:59.999,123184.3499,1014,67934.4,60334.4126
2025-02-09 15:00:00,0.885,0.898,0.885,0.892,133643.5,2025-02-09 15:59:59.999,119299.0428,858,73201.1,65307.3993
2025-02-09 16:00:00,0.892,0.898,0.889,0.894,101744.0,2025-02-09 16:59:59.999,90836.9841,698,53056.3,47372.6309
2025-02-09 17:00:00,0.894,0.895,0.883,0.888,142249.5,2025-02-09 17:59:59.999,126271.2031,857,75270.4,66826.0034
2025-02-09 18:00:00,0.887,0.888,0.882,0.884,70369.8,2025-02-09 18:59:59.999,62230.149,497,31365.4,27738.9786
2025-02-09 19:00:00,0.884,0.884,0.874,0.876,102045.6,2025-02-09 19:59:59.999,89676.7952,570,54431.7,47839.0248
2025-02-09 20:00:00,0.877,0.889,0.875,0.883,131697.8,2025-02-09 20:59:59.999,116330.7545,706,69313.1,61232.1827
2025-02-09 21:00:00,0.883,0.884,0.851,0.855,359390.1,2025-02-09 21:59:59.999,310599.7144,2404,193624.3,167150.9908
2025-02-09 22:00:00,0.855,0.883,0.846,0.874,314583.6,2025-02-09 22:59:59.999,270129.8508,2581,173084.9,148434.0026
2025-02-09 23:00:00,0.873,0.882,0.871,0.881,174097.5,2025-02-09 23:59:59.999,152408.3852,1105,97224.1,85128.3136
2025-02-10 00:00:00,0.88,0.894,0.88,0.885,191307.6,2025-02-10 00:59:59.999,169889.7728,1530,95291.1,84671.1144
2025-02-10 01:00:00,0.885,0.885,0.86,0.861,228973.4,2025-02-10 01:59:59.999,199923.4561,1785,117928.9,102994.3553
2025-02-10 02:00:00,0.861,0.864,0.852,0.858,262138.1,2025-02-10 02:59:59.999,224542.5688,1819,144647.7,123918.7728
2025-02-10 03:00:00,0.858,0.886,0.855,0.874,389694.8,2025-02-10 03:59:59.999,340436.0964,3124,199727.9,174338.9326
2025-02-10 04:00:00,0.873,0.888,0.87,0.88,202640.3,2025-02-10 04:59:59.999,178005.4283,1578,107132.4,94074.1255
2025-02-10 05:00:00,0.88,0.894,0.874,0.886,171490.3,2025-02-10 05:59:59.999,151424.4675,1546,86124.8,76026.7899
2025-02-10 06:00:00,0.886,0.887,0.88,0.885,141380.3,2025-02-10 06:59:59.999,124753.366,1125,82420.1,72728.1518
2025-02-10 07:00:00,0.886,0.889,0.879,0.884,163019.9,2025-02-10 07:59:59.999,143925.8392,1121,91054.1,80387.1669
2025-02-10 08:00:00,0.884,0.893,0.882,0.883,226085.0,2025-02-10 08:59:59.999,200572.3619,1704,133643.9,118617.8977
2025-02-10 09:00:00,0.884,0.889,0.882,0.888,262962.8,2025-02-10 09:59:59.999,232586.1416,1305,108628.6,96169.1788
2025-02-10 10:00:00,0.887,0.891,0.881,0.884,194013.3,2025-02-10 10:59:59.999,172019.6901,1180,96550.9,85605.3866
2025-02-10 11:00:00,0.884,0.887,0.879,0.884,159333.2,2025-02-10 11:59:59.999,140834.9364,927,90955.7,80416.6957
2025-02-10 12:00:00,0.884,0.887,0.878,0.881,156929.2,2025-02-10 12:59:59.999,138554.0021,1125,65908.9,58216.6472
2025-02-10 13:00:00,0.881,0.901,0.88,0.898,179526.8,2025-02-10 13:59:59.999,159714.3313,1530,97666.6,86922.9461
2025-02-10 14:00:00,0.899,0.9,0.882,0.884,289963.3,2025-02-10 14:59:59.999,258448.7683,2688,133078.3,118552.9139
2025-02-10 15:00:00,0.884,0.886,0.874,0.879,157882.1,2025-02-10 15:59:59.999,138913.4754,1048,80357.2,70723.4728
2025-02-10 16:00:00,0.879,0.884,0.872,0.88,238179.2,2025-02-10 16:59:59.999,208959.408,1255,141960.0,124450.8142
2025-02-10 17:00:00,0.879,0.884,0.874,0.883,90355.8,2025-02-10 17:59:59.999,79541.2168,851,44945.1,39571.7738
2025-02-10 18:00:00,0.883,0.892,0.881,0.891,88271.5,2025-02-10 18:59:59.999,78262.2942,925,43959.9,38987.3534
2025-02-10 19:00:00,0.891,0.893,0.885,0.887,77567.0,2025-02-10 19:59:59.999,68965.32,432,31737.8,28219.3055
2025-02-10 20:00:00,0.888,0.892,0.886,0.892,73962.8,2025-02-10 20:59:59.999,65846.3521,493,40069.7,35675.8406
2025-02-10 21:00:00,0.891,0.891,0.883,0.885,70712.3,2025-02-10 21:59:59.999,62756.4251,469,35314.3,31343.7943
2025-02-10 22:00:00,0.885,0.888,0.88,0.887,96559.0,2025-02-10 22:59:59.999,85283.0097,507,38585.2,34079.9889
2025-02-10 23:00:00,0.887,0.893,0.886,0.892,91376.2,2025-02-10 23:59:59.999,81258.3061,617,39690.1,35327.9589
2025-02-11 00:00:00,0.892,0.903,0.888,0.902,106687.1,2025-02-11 00:59:59.999,95705.6477,1093,53616.3,48106.7417
2025-02-11 01:00:00,0.902,0.907,0.899,0.905,57869.2,2025-02-11 01:59:59.999,52297.0851,548,24256.2,21921.5725
2025-02-11 02:00:00,0.905,0.913,0.894,0.902,435826.8,2025-02-11 02:59:59.999,395186.5702,1855,283985.1,257596.3386
2025-02-11 03:00:00,0.902,0.902,0.895,0.9,105717.2,2025-02-11 03:59:59.999,95012.1928,599,66902.1,60130.1258
2025-02-11 04:00:00,0.9,0.918,0.898,0.916,114611.2,2025-02-11 04:59:59.999,104231.868,615,76062.6,69139.005
2025-02-11 05:00:00,0.916,0.927,0.914,0.924,143158.7,2025-02-11 05:59:59.999,131596.0235,1107,75965.6,69890.1745
2025-02-11 06:00:00,0.925,0.927,0.919,0.925,102883.8,2025-02-11 06:59:59.999,94999.0827,764,60378.3,55794.9139
2025-02-11 07:00:00,0.925,0.925,0.913,0.914,107824.4,2025-02-11 07:59:59.999,99052.3007,447,41072.2,37744.1664
2025-02-11 08:00:00,0.915,0.93,0.903,0.912,1128065.5,2025-02-11 08:59:59.999,1033300.4923,3032,574505.9,528298.0394
2025-02-11 09:00:00,0.912,0.913,0.899,0.899,67092.4,2025-02-11 09:59:59.999,60808.9603,694,23891.5,21659.0392
2025-02-11 10:00:00,0.899,0.9,0.892,0.894,589253.9,2025-02-11 10:59:59.999,527474.3393,1448,307929.9,275789.5622
2025-02-11 11:00:00,0.895,0.901,0.894,0.9,108369.4,2025-02-11 11:59:59.999,97266.2358,612,47782.7,42891.0984
2025-02-11 12:00:00,0.9,0.901,0.888,0.89,155245.3,2025-02-11 12:59:59.999,138571.2854,1088,64830.3,57870.6857
2025-02-11 13:00:00,0.89,0.892,0.868,0.87,178582.2,2025-02-11 13:59:59.999,157370.7978,1295,70775.5,62454.3114
2025-02-11 14:00:00,0.87,0.883,0.868,0.879,200596.9,2025-02-11 14:59:59.999,175833.0586,1739,136769.2,119874.1954
2025-02-11 15:00:00,0.879,0.886,0.875,0.88,261666.4,2025-02-11 15:59:59.999,230511.3327,1392,158728.4,139833.6159
2025-02-11 16:00:00,0.88,0.885,0.874,0.877,132017.3,2025-02-11 16:59:59.999,116022.6292,949,64621.1,56758.8314
2025-02-11 17:00:00,0.877,0.879,0.87,0.873,103469.1,2025-02-11 17:59:59.999,90430.695,985,62553.3,54664.2667
2025-02-11 18:00:00,0.873,0.873,0.863,0.864,92676.8,2025-02-11 18:59:59.999,80387.9373,943,37929.0,32911.8788
2025-02-11 19:00:00,0.865,0.869,0.856,0.859,167539.0,2025-02-11 19:59:59.999,144236.7504,1217,69822.4,60140.7061
2025-02-11 20:00:00,0.859,0.868,0.858,0.862,119991.0,2025-02-11 20:59:59.999,103454.1029,758,63883.5,55140.9627
2025-02-11 21:00:00,0.863,0.871,0.861,0.867,98923.9,2025-02-11 21:59:59.999,85714.8856,792,31759.9,27527.7546
2025-02-11 22:00:00,0.868,0.872,0.859,0.861,79925.0,2025-02-11 22:59:59.999,69349.0493,689,32587.6,28272.3848
2025-02-11 23:00:00,0.862,0.869,0.861,0.864,63208.2,2025-02-11 23:59:59.999,54711.6197,440,30966.5,26812.006
2025-02-12 00:00:00,0.864,0.87,0.858,0.868,121052.1,2025-02-12 00:59:59.999,104474.8133,977,55718.3,48078.611
2025-02-12 01:00:00,0.868,0.87,0.86,0.868,112226.9,2025-02-12 01:59:59.999,97138.388,875,62626.4,54221.7722
2025-02-12 02:00:00,0.868,0.868,0.855,0.856,113912.7,2025-02-12 02:59:59.999,98341.8329,716,51678.2,44610.5322
2025-02-12 03:00:00,0.856,0.864,0.851,0.859,152469.1,2025-02-12 03:59:59.999,131068.3032,1043,85316.3,73341.0073
2025-02-12 04:00:00,0.859,0.865,0.857,0.859,117054.3,2025-02-12 04:59:59.999,100721.5344,975,59462.3,51196.3168
2025-02-12 05:00:00,0.86,0.867,0.858,0.865,89209.6,2025-02-12 05:59:59.999,77078.3367,635,57394.8,49585.122
2025-02-12 06:00:00,0.865,0.865,0.854,0.856,94376.0,2025-02-12 06:59:59.999,81133.2106,594,61395.0,52785.7372
2025-02-12 07:00:00,0.856,0.866,0.855,0.862,74339.9,2025-02-12 07:59:59.999,63987.1374,532,38417.0,33060.3129
2025-02-12 08:00:00,0.862,0.871,0.862,0.868,77734.2,2025-02-12 08:59:59.999,67404.2216,731,43669.4,37860.4484
2025-02-12 09:00:00,0.868,0.871,0.862,0.868,80866.1,2025-02-12 09:59:59.999,70027.3482,584,36858.4,31940.457
2025-02-12 10:00:00,0.868,0.87,0.861,0.863,74763.5,2025-02-12 10:59:59.999,64675.0105,596,32093.5,27767.9531
2025-02-12 11:00:00,0.864,0.876,0.864,0.869,124616.3,2025-02-12 11:59:59.999,108434.1489,686,68812.1,59893.1217
2025-02-12 12:00:00,0.87,0.88,0.869,0.874,115265.9,2025-02-12 12:59:59.999,100764.5119,901,69215.1,60491.4116
2025-02-12 13:00:00,0.873,0.884,0.844,0.86,800719.2,2025-02-12 13:59:59.999,690040.4973,6268,344384.2,296133.6483
2025-02-12 14:00:00,0.86,0.865,0.845,0.863,543427.9,2025-02-12 14:59:59.999,465592.8205,2786,187946.4,161169.9754
2025-02-12 15:00:00,0.864,0.884,0.854,0.879,239834.0,2025-02-12 15:59:59.999,209312.8248,1791,123281.2,107505.9962
2025-02-12 16:00:00,0.88,0.899,0.874,0.897,304140.1,2025-02-12 16:59:59.999,268806.1982,1940,164927.6,145740.0255
2025-02-12 17:00:00,0.897,0.907,0.896,0.901,144508.0,2025-02-12 17:59:59.999,130208.0841,1592,82181.4,74094.7781
2025-02-12 18:00:00,0.901,0.901,0.89,0.895,76351.8,2025-02-12 18:59:59.999,68273.6305,731,30140.8,26950.6999
2025-02-12 19:00:00,0.894,0.905,0.887,0.903,83772.1,2025-02-12 19:59:59.999,75128.7431,724,41616.3,37357.615
2025-02-12 20:00:00,0.904,0.906,0.898,0.901,102231.0,2025-02-12 20:59:59.999,92220.3968,565,42418.4,38272.372
2025-02-12 21:00:00,0.901,0.908,0.9,0.901,84261.6,2025-02-12 21:59:59.999,76196.2169,505,45290.3,40950.1753
2025-02-12 22:00:00,0.901,0.924,0.9,0.914,140673.1,2025-02-12 22:59:59.999,128319.8343,1133,63619.2,58011.3876
2025-02-12 23:00:00,0.915,0.919,0.912,0.919,75018.0,2025-02-12 23:59:59.999,68673.3989,541,40487.0,37074.3313
2025-02-13 00:00:00,0.919,0.922,0.913,0.918,103035.0,2025-02-13 00:59:59.999,94624.1091,682,55175.5,50672.9616
2025-02-13 01:00:00,0.919,0.925,0.917,0.921,81527.0,2025-02-13 01:59:59.999,75052.268,694,49596.4,45666.5557
2025-02-13 02:00:00,0.921,0.921,0.91,0.915,77578.1,2025-02-13 02:59:59.999,70957.9748,603,45694.1,41793.3335
2025-02-13 03:00:00,0.914,0.919,0.914,0.917,58070.5,2025-02-13 03:59:59.999,53193.5273,471,24680.7,22622.2172
2025-02-13 04:00:00,0.918,0.918,0.907,0.909,72384.0,2025-02-13 04:59:59.999,66035.1538,485,27351.2,24945.6711
2025-02-13 05:00:00,0.909,0.912,0.905,0.91,73042.0,2025-02-13 05:59:59.999,66417.549,605,33680.8,30626.054
2025-02-13 06:00:00,0.91,0.911,0.895,0.898,93678.0,2025-02-13 06:59:59.999,84592.9307,734,39174.9,35371.2247
2025-02-13 07:00:00,0.898,0.902,0.894,0.897,83217.9,2025-02-13 07:59:59.999,74802.0913,629,38288.2,34410.3024
2025-02-13 08:00:00,0.897,0.898,0.886,0.889,85037.4,2025-02-13 08:59:59.999,75846.7333,728,41322.3,36864.1598
2025-02-13 09:00:00,0.889,0.895,0.887,0.893,96710.8,2025-02-13 09:59:59.999,86283.4233,664,42287.5,37709.029
2025-02-13 10:00:00,0.893,0.893,0.888,0.892,63746.7,2025-02-13 10:59:59.999,56852.0003,549,28177.6,25130.4121
2025-02-13 11:00:00,0.892,0.893,0.881,0.888,57846.8,2025-02-13 11:59:59.999,51315.2477,691,21521.9,19091.8559
2025-02-13 12:00:00,0.889,0.894,0.884,0.886,77234.9,2025-02-13 12:59:59.999,68700.1899,705,41307.4,36759.5337
2025-02-13 13:00:00,0.886,0.901,0.883,0.895,268246.8,2025-02-13 13:59:59.999,239596.5004,2021,121786.7,108773.7099
2025-02-13 14:00:00,0.894,0.896,0.879,0.885,195485.6,2025-02-13 14:59:59.999,172945.2151,1486,87049.6,77129.7827
2025-02-13 15:00:00,0.884,0.895,0.88,0.887,130714.7,2025-02-13 15:59:59.999,116034.3255,1144,60582.5,53744.7149
2025-02-13 16:00:00,0.887,0.889,0.875,0.877,176746.8,2025-02-13 16:59:59.999,155533.487,1399,103056.3,90651.1487
2025-02-13 17:00:00,0.877,0.885,0.876,0.878,71286.5,2025-02-13 17:59:59.999,62835.2976,864,38987.9,34378.5601
2025-02-13 18:00:00,0.878,0.884,0.874,0.884,62432.0,2025-02-13 18:59:59.999,54912.119,844,38102.3,33526.0705
2025-02-13 19:00:00,0.885,0.893,0.883,0.884,67396.5,2025-02-13 19:59:59.999,59844.5681,620,37103.9,32944.0277
2025-02-13 20:00:00,0.884,0.891,0.884,0.889,34359.6,2025-02-13 20:59:59.999,30529.933,344,14012.6,12445.2297
2025-02-13 21:00:00,0.889,0.897,0.889,0.896,90632.3,2025-02-13 21:59:59.999,80951.7155,510,44342.1,39610.6485
2025-02-13 22:00:00,0.895,0.9,0.893,0.893,75959.9,2025-02-13 22:59:59.999,68137.7541,487,29652.8,26597.9627
2025-02-13 23:00:00,0.893,0.9,0.891,0.899,39391.5,2025-02-13 23:59:59.999,35294.496,372,16865.5,15114.6896
2025-02-14 00:00:00,0.9,0.9,0.89,0.893,67776.3,2025-02-14 00:59:59.999,60701.6347,378,33938.1,30395.6202
2025-02-14 01:00:00,0.894,0.897,0.888,0.895,53383.3,2025-02-14 01:59:59.999,47631.4877,451,27586.7,24606.5942
2025-02-14 02:00:00,0.896,0.904,0.895,0.898,41765.8,2025-02-14 02:59:59.999,37617.3088,450,21783.7,19614.5397
2025-02-14 03:00:00,0.899,0.909,0.899,0.907,47084.7,2025-02-14 03:59:59.999,42533.6161,396,22802.5,20587.2429
2025-02-14 04:00:00,0.908,0.909,0.899,0.902,54589.8,2025-02-14 04:59:59.999,49352.0537,329,21591.7,19515.0776
2025-02-14 05:00:00,0.902,0.903,0.896,0.897,67614.0,2025-02-14 05:59:59.999,60757.6302,486,31839.9,28599.704
2025-02-14 06:00:00,0.898,0.898,0.89,0.896,54139.4,2025-02-14 06:59:59.999,48384.7729,454,25359.9,22664.662
2025-02-14 07:00:00,0.896,0.898,0.893,0.893,80298.8,2025-02-14 07:59:59.999,71926.2951,417,34495.2,30904.3584
2025-02-14 08:00:00,0.893,0.906,0.891,0.899,74356.7,2025-02-14 08:59:59.999,66858.9849,664,35572.3,31970.8741
2025-02-14 09:00:00,0.898,0.908,0.898,0.907,141166.9,2025-02-14 09:59:59.999,127743.415,823,68265.4,61772.7626
2025-02-14 10:00:00,0.908,0.91,0.901,0.901,83050.8,2025-02-14 10:59:59.999,75259.4315,617,32710.4,29657.9302
2025-02-14 11:00:00,0.901,0.906,0.899,0.903,74762.5,2025-02-14 11:59:59.999,67463.0881,411,35622.0,32148.3785
2025-02-14 12:00:00,0.902,0.913,0.898,0.904,574311.7,2025-02-14 12:59:59.999,521491.5443,2335,348597.3,316539.7116
2025-02-14 13:00:00,0.905,0.909,0.9,0.906,223196.7,2025-02-14 13:59:59.999,201872.5375,850,142321.4,128760.276
2025-02-14 14:00:00,0.906,0.916,0.901,0.912,176881.0,2025-02-14 14:59:59.999,160420.1007,1233,101311.6,91891.951
2025-02-14 15:00:00,0.912,0.913,0.897,0.91,113160.0,2025-02-14 15:59:59.999,102408.6242,1116,78841.6,71332.0741
2025-02-14 16:00:00,0.91,0.912,0.899,0.912,64641.8,2025-02-14 16:59:59.999,58490.5697,432,41701.0,37757.6833
2025-02-14 17:00:00,0.911,0.923,0.903,0.92,221864.5,2025-02-14 17:59:59.999,202127.6844,1350,121490.9,110895.1926
2025-02-14 18:00:00,0.92,0.927,0.92,0.923,99377.0,2025-02-14 18:59:59.999,91768.2128,984,58980.8,54461.988
2025-02-14 19:00:00,0.923,0.929,0.917,0.924,116716.6,2025-02-14 19:59:59.999,107798.0204,904,72120.8,66637.4274
2025-02-14 20:00:00,0.924,0.926,0.911,0.912,116036.5,2025-02-14 20:59:59.999,106814.6837,790,59233.4,54546.7724
2025-02-14 21:00:00,0.913,0.92,0.907,0.918,66162.0,2025-02-14 21:59:59.999,60344.5644,735,30676.1,27976.8156
2025-02-14 22:00:00,0.918,0.92,0.903,0.906,83435.7,2025-02-14 22:59:59.999,76139.1206,670,40685.2,37073.523
2025-02-14 23:00:00,0.906,0.914,0.904,0.914,55982.8,2025-02-14 23:59:59.999,50947.0499,476,24474.0,22275.5667
2025-02-15 00:00:00,0.914,0.914,0.908,0.913,76471.5,2025-02-15 00:59:59.999,69753.2836,351,19564.0,17840.5057
2025-02-15 01:00:00,0.913,0.916,0.908,0.916,81787.0,2025-02-15 01:59:59.999,74568.7407,491,36307.7,33085.0534
2025-02-15 02:00:00,0.915,0.921,0.914,0.92,59305.0,2025-02-15 02:59:59.999,54409.8271,459,29697.1,27246.6148
2025-02-15 03:00:00,0.921,0.922,0.917,0.92,47813.2,2025-02-15 03:59:59.999,43951.8854,334,24540.2,22558.3997
2025-02-15 04:00:00,0.921,0.926,0.916,0.917,73236.0,2025-02-15 04:59:59.999,67418.604,377,34126.8,31433.6139
2025-02-15 05:00:00,0.918,0.922,0.915,0.917,69341.7,2025-02-15 05:59:59.999,63683.1792,321,44213.3,40604.1806
2025-02-15 06:00:00,0.917,0.917,0.91,0.91,68569.4,2025-02-15 06:59:59.999,62636.6765,436,28988.6,26481.8327
2025-02-15 07:00:00,0.911,0.913,0.904,0.908,63405.6,2025-02-15 07:59:59.999,57611.4525,523,33821.6,30732.0611
2025-02-15 08:00:00,0.909,0.914,0.907,0.908,72826.0,2025-02-15 08:59:59.999,66275.8839,393,16594.9,15114.3039
2025-02-15 09:00:00,0.908,0.91,0.903,0.904,42238.9,2025-02-15 09:59:59.999,38301.7621,395,24742.9,22443.3636
2025-02-15 10:00:00,0.904,0.907,0.9,0.904,50474.9,2025-02-15 10:59:59.999,45544.9215,470,33257.5,30006.6945
2025-02-15 11:00:00,0.904,0.906,0.894,0.899,84222.4,2025-02-15 11:59:59.999,75681.6959,701,39596.1,35567.0952
2025-02-15 12:00:00,0.899,0.916,0.891,0.901,1902740.3,2025-02-15 12:59:59.999,1719839.351,4009,901040.1,811503.4399
2025-02-15 13:00:00,0.901,0.902,0.893,0.895,94928.0,2025-02-15 13:59:59.999,85203.4961,725,39629.6,35593.8368
2025-02-15 14:00:00,0.894,0.894,0.881,0.888,160567.6,2025-02-15 14:59:59.999,142539.1195,987,72982.4,64807.246
2025-02-15 15:00:00,0.888,0.892,0.883,0.887,74507.4,2025-02-15 15:59:59.999,66209.9584,563,29210.3,25966.1317
2025-02-15 16:00:00,0.887,0.89,0.882,0.884,84117.7,2025-02-15 16:59:59.999,74554.1556,424,19303.3,17131.4107
2025-02-15 17:00:00,0.884,0.887,0.879,0.883,86583.9,2025-02-15 17:59:59.999,76372.4926,593,35244.2,31073.3671
2025-02-15 18:00:00,0.883,0.895,0.883,0.892,103635.9,2025-02-15 18:59:59.999,91997.5438,473,32032.6,28437.7486
2025-02-15 19:00:00,0.891,0.892,0.885,0.886,36437.0,2025-02-15 19:59:59.999,32418.53,188,18267.4,16252.5706
2025-02-15 20:00:00,0.886,0.888,0.881,0.881,299324.5,2025-02-15 20:59:59.999,264616.4534,684,188057.2,166176.9404
2025-02-15 21:00:00,0.882,0.891,0.88,0.884,368018.3,2025-02-15 21:59:59.999,325877.5181,756,311430.4,275790.2764
2025-02-15 22:00:00,0.884,0.887,0.877,0.881,55348.4,2025-02-15 22:59:59.999,48729.0172,281,35881.2,31577.7417
2025-02-15 23:00:00,0.881,0.888,0.881,0.886,54207.6,2025-02-15 23:59:59.999,47925.7675,283,30704.0,27127.4468
2025-02-16 00:00:00,0.886,0.891,0.884,0.884,62056.4,2025-02-16 00:59:59.999,55072.6013,406,20884.1,18529.6857
2025-02-16 01:00:00,0.884,0.884,0.878,0.882,66470.9,2025-02-16 01:59:59.999,58527.0189,459,33996.2,29935.8536
2025-02-16 02:00:00,0.881,0.881,0.873,0.875,64594.4,2025-02-16 02:59:59.999,56603.2847,522,41428.2,36301.3754
2025-02-16 03:00:00,0.875,0.879,0.872,0.878,61391.8,2025-02-16 03:59:59.999,53741.9598,372,29509.1,25842.2174
2025-02-16 04:00:00,0.878,0.882,0.877,0.879,39011.9,2025-02-16 04:59:59.999,34295.291,271,21755.6,19129.6381
2025-02-16 05:00:00,0.879,0.884,0.875,0.881,40717.1,2025-02-16 05:59:59.999,35819.6096,297,24029.5,21150.3126
2025-02-16 06:00:00,0.881,0.891,0.879,0.886,228069.8,2025-02-16 06:59:59.999,201761.4688,840,143807.3,127220.082
2025-02-16 07:00:00,0.885,0.888,0.884,0.885,60050.1,2025-02-16 07:59:59.999,53178.6225,348,30978.5,27438.0274
2025-02-16 08:00:00,0.885,0.892,0.883,0.892,82168.5,2025-02-16 08:59:59.999,73005.0572,521,40908.5,36350.9579
2025-02-16 09:00:00,0.892,0.904,0.891,0.901,73627.5,2025-02-16 09:59:59.999,66069.4736,462,33186.0,29806.8252
2025-02-16 10:00:00,0.902,0.91,0.896,0.898,1942131.6,2025-02-16 10:59:59.999,1754816.188,3306,886513.3,799328.4074
2025-02-16 11:00:00,0.899,0.905,0.896,0.904,286980.6,2025-02-16 11:59:59.999,258332.9649,689,213184.8,191943.6128
2025-02-16 12:00:00,0.904,0.906,0.901,0.903,103851.2,2025-02-16 12:59:59.999,93824.5676,517,41864.5,37850.8236
2025-02-16 13:00:00,0.902,0.902,0.889,0.891,123729.4,2025-02-16 13:59:59.999,110996.3841,851,31433.0,28094.2281
2025-02-16 14:00:00,0.89,0.897,0.883,0.893,199728.7,2025-02-16 14:59:59.999,177424.3035,1266,74071.9,65872.8751
2025-02-16 15:00:00,0.893,0.898,0.891,0.896,40097.7,2025-02-16 15:59:59.999,35903.6482,428,19455.9,17425.8162
2025-02-16 16:00:00,0.896,0.904,0.895,0.901,125360.5,2025-02-16 16:59:59.999,112775.3604,669,35613.0,32046.3173
2025-02-16 17:00:00,0.902,0.906,0.898,0.899,97487.2,2025-02-16 17:59:59.999,87989.2782,438,43250.8,39048.5115
2025-02-16 18:00:00,0.899,0.905,0.895,0.902,103043.8,2025-02-16 18:59:59.999,92658.9829,376,39252.9,35311.5306
2025-02-16 19:00:00,0.901,0.901,0.892,0.897,85042.3,2025-02-16 19:59:59.999,76157.1889,421,42115.7,37712.646
2025-02-16 20:00:00,0.896,0.898,0.887,0.888,103494.5,2025-02-16 20:59:59.999,92338.0607,556,71123.0,63447.1107
2025-02-16 21:00:00,0.888,0.898,0.886,0.897,77468.2,2025-02-16 21:59:59.999,68963.2271,446,48435.5,43106.1835
2025-02-16 22:00:00,0.897,0.897,0.888,0.893,45132.1,2025-02-16 22:59:59.999,40314.816,314,21970.6,19610.0147
2025-02-16 23:00:00,0.893,0.899,0.887,0.898,93876.1,2025-02-16 23:59:59.999,83905.5514,589,33831.3,30226.5628
2025-02-17 00:00:00,0.898,0.91,0.898,0.909,168330.1,2025-02-17 00:59:59.999,152163.4092,632,55022.2,49742.3092
2025-02-17 01:00:00,0.909,0.912,0.902,0.909,141168.1,2025-02-17 01:59:59.999,128058.8654,792,58870.8,53417.9009
2025-02-17 02:00:00,0.909,0.91,0.9,0.902,78202.9,2025-02-17 02:59:59.999,70805.1887,477,49799.1,45092.429
2025-02-17 03:00:00,0.901,0.905,0.897,0.905,96408.0,2025-02-17 03:59:59.999,86837.3456,516,66970.8,60328.5866
2025-02-17 04:00:00,0.904,0.904,0.892,0.893,81576.3,2025-02-17 04:59:59.999,73159.0711,562,33538.6,30067.9752
2025-02-17 05:00:00,0.892,0.895,0.881,0.893,181139.6,2025-02-17 05:59:59.999,160577.0276,1675,82487.0,73097.7718
2025-02-17 06:00:00,0.893,0.899,0.892,0.895,105649.5,2025-02-17 06:59:59.999,94590.3899,951,44365.9,39729.2177
2025-02-17 07:00:00,0.895,0.9,0.886,0.89,110119.2,2025-02-17 07:59:59.999,98317.3544,961,51360.1,45854.2813
2025-02-17 08:00:00,0.889,0.898,0.884,0.896,120342.0,2025-02-17 08:59:59.999,107201.7302,823,50830.5,45225.7921
2025-02-17 09:00:00,0.897,0.904,0.896,0.901,93766.9,2025-02-17 09:59:59.999,84383.2501,582,33081.5,29771.1741
2025-02-17 10:00:00,0.901,0.911,0.9,0.908,137948.0,2025-02-17 10:59:59.999,125078.16,931,63841.0,57862.7905
2025-02-17 11:00:00,0.908,0.912,0.905,0.909,104809.0,2025-02-17 11:59:59.999,95181.5261,631,38120.3,34618.1294
2025-02-17 12:00:00,0.91,0.916,0.908,0.914,72382.8,2025-02-17 12:59:59.999,65981.6171,487,23379.5,21311.4266
2025-02-17 13:00:00,0.913,0.914,0.909,0.913,53080.8,2025-02-17 13:59:59.999,48392.4084,380,19622.6,17897.8073
2025-02-17 14:00:00,0.913,0.923,0.912,0.917,85369.3,2025-02-17 14:59:59.999,78411.8848,949,47663.9,43779.5524
2025-02-17 15:00:00,0.918,0.922,0.897,0.898,105494.4,2025-02-17 15:59:59.999,95865.0021,1355,41123.7,37305.5898
2025-02-17 16:00:00,0.898,0.904,0.886,0.887,107683.2,2025-02-17 16:59:59.999,96123.4883,1593,59213.9,52867.4493
2025-02-17 17:00:00,0.886,0.895,0.886,0.889,56847.2,2025-02-17 17:59:59.999,50657.2758,762,34535.8,30778.3459
2025-02-17 18:00:00,0.889,0.889,0.878,0.878,122516.7,2025-02-17 18:59:59.999,108141.1005,1198,78696.1,69462.0626
2025-02-17 19:00:00,0.878,0.885,0.875,0.883,86994.1,2025-02-17 19:59:59.999,76400.4088,918,36827.3,32361.7766
2025-02-17 20:00:00,0.882,0.893,0.881,0.89,80807.2,2025-02-17 20:59:59.999,71750.3808,773,47864.8,42483.2698
2025-02-17 21:00:00,0.89,0.901,0.89,0.901,70367.6,2025-02-17 21:59:59.999,62981.2301,631,38260.6,34257.2993
2025-02-17 22:00:00,0.901,0.902,0.892,0.894,86729.2,2025-02-17 22:59:59.999,77897.4391,436,29488.2,26503.0104
2025-02-17 23:00:00,0.895,0.897,0.889,0.891,42432.1,2025-02-17 23:59:59.999,37933.9505,274,19136.1,17081.5768
2025-02-18 00:00:00,0.891,0.894,0.881,0.883,93545.0,2025-02-18 00:59:59.999,82765.1534,504,50110.0,44327.3876
2025-02-18 01:00:00,0.883,0.894,0.878,0.89,415811.0,2025-02-18 01:59:59.999,368199.7292,1972,217641.9,192735.4457
2025-02-18 02:00:00,0.89,0.894,0.885,0.891,74056.3,2025-02-18 02:59:59.999,65838.7731,623,40395.3,35917.8941
2025-02-18 03:00:00,0.89,0.896,0.888,0.895,87412.0,2025-02-18 03:59:59.999,78090.1899,601,45183.8,40362.0861
2025-02-18 04:00:00,0.895,0.896,0.882,0.883,68933.8,2025-02-18 04:59:59.999,61241.1443,545,32300.0,28681.6807
2025-02-18 05:00:00,0.883,0.884,0.871,0.871,168014.5,2025-02-18 05:59:59.999,147045.0504,1085,84095.5,73623.9105
2025-02-18 06:00:00,0.872,0.872,0.851,0.852,327380.1,2025-02-18 06:59:59.999,281366.1686,2274,174882.6,150382.0191
2025-02-18 07:00:00,0.852,0.863,0.851,0.86,105885.6,2025-02-18 07:59:59.999,90884.3068,861,56245.2,48260.5146
2025-02-18 08:00:00,0.859,0.862,0.846,0.847,333803.5,2025-02-18 08:59:59.999,285121.9789,1369,92639.6,79229.9708
2025-02-18 09:00:00,0.846,0.861,0.844,0.861,186387.5,2025-02-18 09:59:59.999,158861.5822,1110,82234.2,70145.3744
2025-02-18 10:00:00,0.861,0.865,0.858,0.86,109725.7,2025-02-18 10:59:59.999,94550.9964,650,37797.1,32546.429
2025-02-18 11:00:00,0.86,0.86,0.855,0.857,79337.4,2025-02-18 11:59:59.999,68074.1474,569,27814.3,23877.3386
2025-02-18 12:00:00,0.856,0.869,0.856,0.865,74754.3,2025-02-18 12:59:59.999,64534.2558,784,44385.1,38317.7936
2025-02-18 13:00:00,0.865,0.867,0.861,0.864,74719.2,2025-02-18 13:59:59.999,64524.4061,627,35826.3,30957.3705
2025-02-18 14:00:00,0.865,0.87,0.846,0.852,120708.7,2025-02-18 14:59:59.999,103414.5185,1550,53619.3,45974.3259
2025-02-18 15:00:00,0.852,0.853,0.835,0.838,155808.8,2025-02-18 15:59:59.999,131598.5869,1633,65009.5,54923.9787
2025-02-18 16:00:00,0.838,0.845,0.827,0.829,209638.6,2025-02-18 16:59:59.999,174772.6331,2286,106287.9,88635.4831
2025-02-18 17:00:00,0.829,0.839,0.825,0.838,151989.7,2025-02-18 17:59:59.999,126299.2894,1328,87050.7,72371.6075
2025-02-18 18:00:00,0.837,0.843,0.835,0.839,128679.3,2025-02-18 18:59:59.999,107982.1667,863,62362.7,52362.6148
2025-02-18 19:00:00,0.839,0.843,0.837,0.84,208134.8,2025-02-18 19:59:59.999,174637.9755,766,92720.4,77932.9316
2025-02-18 20:00:00,0.84,0.847,0.838,0.842,536965.2,2025-02-18 20:59:59.999,452539.4819,1214,364015.3,307010.5793
2025-02-18 21:00:00,0.843,0.852,0.843,0.848,307729.6,2025-02-18 21:59:59.999,260491.1269,952,206815.0,175042.158
2025-02-18 22:00:00,0.848,0.855,0.846,0.851,45239.0,2025-02-18 22:59:59.999,38420.3358,315,17812.5,15133.7596
2025-02-18 23:00:00,0.851,0.856,0.851,0.854,33824.6,2025-02-18 23:59:59.999,28859.3759,218,9949.7,8492.9935
2025-02-19 00:00:00,0.854,0.857,0.851,0.852,75766.9,2025-02-19 00:59:59.999,64694.5689,425,29555.9,25238.5317
2025-02-19 01:00:00,0.852,0.854,0.848,0.852,128573.9,2025-02-19 01:59:59.999,109401.26,820,46062.1,39197.0634
2025-02-19 02:00:00,0.853,0.861,0.853,0.858,142785.2,2025-02-19 02:59:59.999,122250.9428,861,49146.9,42112.0578
2025-02-19 03:00:00,0.858,0.858,0.853,0.856,62321.6,2025-02-19 03:59:59.999,53308.624,683,31846.6,27241.9979
2025-02-19 04:00:00,0.857,0.857,0.842,0.843,99767.7,2025-02-19 04:59:59.999,84565.5416,887,35129.8,29769.9088
2025-02-19 05:00:00,0.842,0.849,0.841,0.847,94530.6,2025-02-19 05:59:59.999,79823.4774,880,47174.1,39867.6082
2025-02-19 06:00:00,0.847,0.86,0.847,0.859,124529.7,2025-02-19 06:59:59.999,106179.7104,827,71806.8,61283.9578
2025-02-19 07:00:00,0.858,0.867,0.856,0.862,125420.7,2025-02-19 07:59:59.999,108143.3507,694,53560.8,46155.1817
2025-02-19 08:00:00,0.862,0.863,0.857,0.858,82736.3,2025-02-19 08:59:59.999,71185.5897,596,35849.2,30852.2832
2025-02-19 09:00:00,0.857,0.863,0.857,0.861,93333.7,2025-02-19 09:59:59.999,80253.8238,736,41959.0,36076.2153
2025-02-19 10:00:00,0.862,0.866,0.86,0.865,60472.0,2025-02-19 10:59:59.999,52186.2193,464,23168.7,19995.7883
2025-02-19 11:00:00,0.864,0.869,0.864,0.868,52045.6,2025-02-19 11:59:59.999,45084.1098,537,26050.7,22570.7077
2025-02-19 12:00:00,0.868,0.868,0.861,0.861,56976.5,2025-02-19 12:59:59.999,49274.5863,378,19758.8,17089.2053
2025-02-19 13:00:00,0.862,0.871,0.862,0.866,79353.7,2025-02-19 13:59:59.999,68748.7355,402,31949.4,27662.8319
2025-02-19 14:00:00,0.866,0.87,0.856,0.858,106319.3,2025-02-19 14:59:59.999,91804.0227,832,43210.8,37349.2465
2025-02-19 15:00:00,0.858,0.862,0.855,0.856,87389.9,2025-02-19 15:59:59.999,75071.1911,908,47899.1,41154.0027
2025-02-19 16:00:00,0.856,0.865,0.855,0.864,110723.6,2025-02-19 16:59:59.999,95391.0059,826,50598.6,43572.7814
2025-02-19 17:00:00,0.864,0.869,0.862,0.868,74072.4,2025-02-19 17:59:59.999,64166.7072,523,22299.6,19305.8294
2025-02-19 18:00:00,0.867,0.87,0.863,0.866,65994.8,2025-02-19 18:59:59.999,57216.8934,457,23280.2,20193.2977
2025-02-19 19:00:00,0.865,0.873,0.862,0.869,69886.3,2025-02-19 19:59:59.999,60682.3885,512,34123.5,29631.7697
2025-02-19 20:00:00,0.869,0.874,0.867,0.869,40201.1,2025-02-19 20:59:59.999,35034.6137,462,21373.2,18635.9469
2025-02-19 21:00:00,0.869,0.872,0.864,0.865,48326.0,2025-02-19 21:59:59.999,41992.3218,438,27057.9,23531.5639
2025-02-19 22:00:00,0.865,0.87,0.865,0.87,24609.6,2025-02-19 22:59:59.999,21339.1327,333,13968.4,12117.3254
2025-02-19 23:00:00,0.871,0.877,0.87,0.873,89510.5,2025-02-19 23:59:59.999,78137.0144,508,34211.8,29877.7941
2025-02-20 00:00:00,0.872,0.879,0.869,0.879,75504.1,2025-02-20 00:59:59.999,65899.2489,460,29576.0,25834.6825
2025-02-20 01:00:00,0.878,0.88,0.867,0.871,78426.6,2025-02-20 01:59:59.999,68631.0484,445,27127.2,23712.1739
2025-02-20 02:00:00,0.872,0.882,0.87,0.88,139263.4,2025-02-20 02:59:59.999,122192.368,668,67061.4,58840.8098
2025-02-20 03:00:00,0.879,0.883,0.877,0.879,44817.9,2025-02-20 03:59:59.999,39435.3398,450,16708.5,14699.3971
2025-02-20 04:00:00,0.88,0.887,0.877,0.882,51963.3,2025-02-20 04:59:59.999,45775.2493,461,25060.5,22071.1713
2025-02-20 05:00:00,0.881,0.883,0.876,0.877,58136.2,2025-02-20 05:59:59.999,51196.5141,357,26172.6,23055.6583
2025-02-20 06:00:00,0.877,0.877,0.871,0.872,71583.1,2025-02-20 06:59:59.999,62525.9521,462,29781.2,26008.4531
2025-02-20 07:00:00,0.872,0.874,0.867,0.868,168672.5,2025-02-20 07:59:59.999,146735.6323,698,61365.0,53422.3367
2025-02-20 08:00:00,0.868,0.871,0.866,0.868,84534.2,2025-02-20 08:59:59.999,73394.2968,703,47764.0,41461.5965
2025-02-20 09:00:00,0.868,0.87,0.866,0.867,61998.8,2025-02-20 09:59:59.999,53807.524,419,18778.6,16302.3585
2025-02-20 10:00:00,0.868,0.876,0.866,0.875,134942.3,2025-02-20 10:59:59.999,117455.2983,547,79504.4,69325.8298
2025-02-20 11:00:00,0.876,0.877,0.872,0.874,57585.6,2025-02-20 11:59:59.999,50348.0041,407,14971.2,13093.6283
2025-02-20 12:00:00,0.874,0.878,0.872,0.872,47471.8,2025-02-20 12:59:59.999,41545.8776,410,14807.3,12953.3693
2025-02-20 13:00:00,0.872,0.875,0.869,0.875,46059.4,2025-02-20 13:59:59.999,40137.6005,518,23198.5,20220.8448
2025-02-20 14:00:00,0.875,0.882,0.869,0.87,68460.4,2025-02-20 14:59:59.999,59948.1392,823,21180.4,18535.4504
2025-02-20 15:00:00,0.87,0.872,0.863,0.864,77448.7,2025-02-20 15:59:59.999,67288.6071,963,39404.3,34244.1111
2025-02-20 16:00:00,0.865,0.875,0.864,0.867,90926.6,2025-02-20 16:59:59.999,79136.6411,719,43797.0,38109.2526
2025-02-20 17:00:00,0.868,0.877,0.868,0.877,54454.4,2025-02-20 17:59:59.999,47532.359,442,32897.7,28695.5464
2025-02-20 18:00:00,0.877,0.886,0.876,0.883,138450.8,2025-02-20 18:59:59.999,122042.006,907,66038.0,58217.3669
2025-02-20 19:00:00,0.884,0.891,0.883,0.89,169545.5,2025-02-20 19:59:59.999,150499.5047,678,44557.0,39535.5511
2025-02-20 20:00:00,0.89,0.899,0.89,0.894,271952.5,2025-02-20 20:59:59.999,243382.2051,805,217247.6,194467.4118
2025-02-20 21:00:00,0.895,0.895,0.888,0.889,116361.3,2025-02-20 21:59:59.999,103661.5326,510,70811.5,63095.8178
2025-02-20 22:00:00,0.889,0.896,0.888,0.894,38421.2,2025-02-20 22:59:59.999,34246.1109,254,21255.0,18958.1353
2025-02-20 23:00:00,0.895,0.898,0.895,0.896,69836.3,2025-02-20 23:59:59.999,62636.7101,302,31463.9,28239.8981
2025-02-21 00:00:00,0.896,0.897,0.892,0.895,93916.8,2025-02-21 00:59:59.999,83997.3514,385,32922.8,29454.0128
2025-02-21 01:00:00,0.894,0.899,0.891,0.897,105865.9,2025-02-21 01:59:59.999,94670.19,762,68754.6,61467.811
2025-02-21 02:00:00,0.897,0.898,0.893,0.897,60989.0,2025-02-21 02:59:59.999,54599.273,411,31663.4,28342.3352
2025-02-21 03:00:00,0.896,0.898,0.89,0.891,66569.6,2025-02-21 03:59:59.999,59581.5443,366,32318.9,28928.0145
2025-02-21 04:00:00,0.891,0.894,0.891,0.893,126349.1,2025-02-21 04:59:59.999,112675.6424,436,90713.4,80866.1625
2025-02-21 05:00:00,0.893,0.899,0.893,0.897,50011.7,2025-02-21 05:59:59.999,44803.6782,421,27580.6,24709.8533
2025-02-21 06:00:00,0.897,0.9,0.895,0.897,56823.4,2025-02-21 06:59:59.999,50979.6703,456,19571.3,17560.1434
2025-02-21 07:00:00,0.897,0.9,0.896,0.897,50120.1,2025-02-21 07:59:59.999,45006.8636,396,22187.3,19929.0516
2025-02-21 08:00:00,0.898,0.9,0.896,0.898,114808.2,2025-02-21 08:59:59.999,103157.5776,414,80536.8,72373.3938
2025-02-21 09:00:00,0.898,0.911,0.897,0.905,237255.9,2025-02-21 09:59:59.999,214230.3223,1283,96222.4,86817.5263
2025-02-21 10:00:00,0.904,0.909,0.904,0.908,66147.8,2025-02-21 10:59:59.999,60012.0604,405,26660.4,24201.5369
2025-02-21 11:00:00,0.909,0.91,0.904,0.905,45132.3,2025-02-21 11:59:59.999,40943.0594,534,14592.1,13243.5871
2025-02-21 12:00:00,0.905,0.913,0.905,0.911,76750.4,2025-02-21 12:59:59.999,69782.5484,578,26995.8,24542.6353
2025-02-21 13:00:00,0.912,0.919,0.911,0.918,108418.8,2025-02-21 13:59:59.999,99298.8993,848,45550.6,41731.1302
2025-02-21 14:00:00,0.918,0.918,0.904,0.911,154790.1,2025-02-21 14:59:59.999,140965.1673,1052,94040.5,85628.808
2025-02-21 15:00:00,0.911,0.915,0.878,0.89,311991.6,2025-02-21 15:59:59.999,279636.6435,3983,156152.4,139797.4444
2025-02-21 16:00:00,0.89,0.903,0.887,0.895,180681.8,2025-02-21 16:59:59.999,161611.07,1556,94180.8,84331.6297
2025-02-21 17:00:00,0.895,0.898,0.873,0.873,171065.7,2025-02-21 17:59:59.999,150904.0847,1964,79952.0,70535.2597
2025-02-21 18:00:00,0.874,0.877,0.87,0.875,138737.9,2025-02-21 18:59:59.999,121242.302,1292,67022.6,58580.3534
2025-02-21 19:00:00,0.875,0.878,0.853,0.858,209114.5,2025-02-21 19:59:59.999,180585.2739,1862,112799.7,97427.6838
2025-02-21 20:00:00,0.857,0.871,0.856,0.866,112183.9,2025-02-21 20:59:59.999,97037.3386,1250,54977.4,47571.0618
2025-02-21 21:00:00,0.866,0.871,0.862,0.868,167740.0,2025-02-21 21:59:59.999,145217.8387,1180,88562.5,76685.4142
2025-02-21 22:00:00,0.867,0.871,0.864,0.869,74566.7,2025-02-21 22:59:59.999,64671.3066,529,46147.1,40031.4494
2025-02-21 23:00:00,0.869,0.873,0.864,0.872,77189.4,2025-02-21 23:59:59.999,67054.907,579,42021.2,36510.7846
2025-02-22 00:00:00,0.872,0.89,0.869,0.887,144627.8,2025-02-22 00:59:59.999,127112.14,1093,74142.3,65115.5466
2025-02-22 01:00:00,0.886,0.889,0.884,0.886,101649.0,2025-02-22 01:59:59.999,90064.3875,797,51818.3,45917.9509
2025-02-22 02:00:00,0.887,0.888,0.878,0.884,145104.8,2025-02-22 02:59:59.999,128078.4827,1107,68555.0,60508.1133
2025-02-22 03:00:00,0.884,0.886,0.879,0.882,157050.8,2025-02-22 03:59:59.999,138693.8425,922,63574.3,56126.8957
2025-02-22 04:00:00,0.882,0.894,0.88,0.894,77783.7,2025-02-22 04:59:59.999,69032.3755,637,34018.7,30190.2614
2025-02-22 05:00:00,0.893,0.893,0.889,0.889,51024.1,2025-02-22 05:59:59.999,45467.607,417,14373.2,12812.0886
2025-02-22 06:00:00,0.889,0.889,0.885,0.887,35507.6,2025-02-22 06:59:59.999,31491.7547,286,13049.9,11573.086
2025-02-22 07:00:00,0.887,0.888,0.885,0.885,31838.5,2025-02-22 07:59:59.999,28242.9785,174,12849.1,11403.5106
2025-02-22 08:00:00,0.885,0.889,0.883,0.888,56584.8,2025-02-22 08:59:59.999,50091.4606,371,16912.5,14970.691
2025-02-22 09:00:00,0.887,0.89,0.886,0.889,34715.2,2025-02-22 09:59:59.999,30834.4813,325,12021.1,10678.5732
2025-02-22 10:00:00,0.889,0.894,0.887,0.89,46696.8,2025-02-22 10:59:59.999,41621.8575,467,18382.5,16389.3947
2025-02-22 11:00:00,0.891,0.891,0.888,0.89,33455.1,2025-02-22 11:59:59.999,29772.3094,262,13359.0,11891.9341
2025-02-22 12:00:00,0.89,0.892,0.888,0.89,36083.5,2025-02-22 12:59:59.999,32101.1961,328,13613.3,12113.8648
2025-02-22 13:00:00,0.891,0.893,0.885,0.886,38417.5,2025-02-22 13:59:59.999,34148.051,300,14483.0,12873.9777
2025-02-22 14:00:00,0.886,0.899,0.886,0.89,619750.2,2025-02-22 14:59:59.999,553302.8348,1892,451993.6,403619.0537
2025-02-22 15:00:00,0.89,0.891,0.883,0.889,567957.4,2025-02-22 15:59:59.999,502808.3117,1635,126097.0,111782.9995
2025-02-22 16:00:00,0.89,0.893,0.889,0.89,65777.2,2025-02-22 16:59:59.999,58603.1428,423,27151.2,24191.2031
2025-02-22 17:00:00,0.89,0.898,0.889,0.897,27165.7,2025-02-22 17:59:59.999,24286.5879,250,12560.1,11228.256
2025-02-22 18:00:00,0.898,0.898,0.894,0.895,26271.6,2025-02-22 18:59:59.999,23541.2666,227,8372.1,7502.6326
2025-02-22 19:00:00,0.895,0.897,0.894,0.895,17946.5,2025-02-22 19:59:59.999,16057.9236,205,6248.7,5591.8926
2025-02-22 20:00:00,0.894,0.894,0.888,0.89,26056.0,2025-02-22 20:59:59.999,23222.5796,212,12294.5,10953.6967
2025-02-22 21:00:00,0.89,0.892,0.888,0.89,25826.9,2025-02-22 21:59:59.999,22978.3999,261,12096.5,10762.964
2025-02-22 22:00:00,0.89,0.894,0.889,0.893,13148.6,2025-02-22 22:59:59.999,11733.3705,89,3896.3,3478.0841
2025-02-22 23:00:00,0.892,0.897,0.891,0.894,44140.8,2025-02-22 23:59:59.999,39481.1652,264,12389.8,11075.4748
2025-02-23 00:00:00,0.894,0.896,0.888,0.893,154320.7,2025-02-23 00:59:59.999,137270.7121,527,31330.3,27885.7374
2025-02-23 01:00:00,0.893,0.893,0.886,0.89,40903.1,2025-02-23 01:59:59.999,36370.0374,242,16991.3,15100.5275
2025-02-23 02:00:00,0.889,0.89,0.885,0.885,61901.3,2025-02-23 02:59:59.999,54932.4507,479,36180.7,32112.7894
2025-02-23 03:00:00,0.885,0.888,0.882,0.885,105513.8,2025-02-23 03:59:59.999,93325.1713,654,39159.5,34644.3468
2025-02-23 04:00:00,0.885,0.885,0.881,0.885,47299.8,2025-02-23 04:59:59.999,41794.3362,301,23099.3,20414.372
2025-02-23 05:00:00,0.884,0.886,0.882,0.882,49792.9,2025-02-23 05:59:59.999,44048.6913,317,19959.2,17661.6587
2025-02-23 06:00:00,0.883,0.885,0.881,0.884,31865.4,2025-02-23 06:59:59.999,28146.2685,235,19196.2,16955.4521
2025-02-23 07:00:00,0.884,0.891,0.882,0.89,56605.9,2025-02-23 07:59:59.999,50185.2019,423,35511.2,31492.2708
2025-02-23 08:00:00,0.891,0.891,0.884,0.886,37774.1,2025-02-23 08:59:59.999,33518.8455,246,15749.4,13972.37
2025-02-23 09:00:00,0.886,0.887,0.88,0.883,44963.1,2025-02-23 09:59:59.999,39719.2564,343,23338.2,20614.7608
2025-02-23 10:00:00,0.883,0.885,0.883,0.884,24165.9,2025-02-23 10:59:59.999,21348.6682,139,10620.6,9387.5154
2025-02-23 11:00:00,0.884,0.887,0.88,0.88,48061.8,2025-02-23 11:59:59.999,42399.7362,401,20418.1,18027.1254
2025-02-23 12:00:00,0.88,0.882,0.874,0.875,87910.5,2025-02-23 12:59:59.999,77054.8588,805,50461.7,44226.0605
2025-02-23 13:00:00,0.875,0.881,0.875,0.877,55698.2,2025-02-23 13:59:59.999,48880.4194,502,32663.2,28666.9711
2025-02-23 14:00:00,0.877,0.879,0.872,0.874,70559.4,2025-02-23 14:59:59.999,61770.8629,420,36772.7,32187.3666
2025-02-23 15:00:00,0.874,0.876,0.864,0.865,132991.4,2025-02-23 15:59:59.999,115797.4909,718,54716.6,47609.5605
2025-02-23 16:00:00,0.865,0.869,0.864,0.865,103507.2,2025-02-23 16:59:59.999,89712.069,575,61564.9,53370.3849
2025-02-23 17:00:00,0.865,0.87,0.865,0.869,41005.8,2025-02-23 17:59:59.999,35564.7729,234,28641.4,24836.3551
2025-02-23 18:00:00,0.869,0.873,0.868,0.868,64028.6,2025-02-23 18:59:59.999,55713.2709,322,25737.2,22406.3041
2025-02-23 19:00:00,0.869,0.87,0.866,0.867,38194.1,2025-02-23 19:59:59.999,33164.598,198,24850.0,21580.8835
2025-02-23 20:00:00,0.867,0.867,0.863,0.865,26199.5,2025-02-23 20:59:59.999,22658.8612,174,16147.7,13966.7836
2025-02-23 21:00:00,0.865,0.867,0.861,0.867,35212.7,2025-02-23 21:59:59.999,30388.1019,172,21573.0,18627.7931
2025-02-23 22:00:00,0.866,0.866,0.859,0.862,48455.1,2025-02-23 22:59:59.999,41786.4381,281,18902.6,16291.3715
2025-02-23 23:00:00,0.863,0.872,0.862,0.865,71880.1,2025-02-23 23:59:59.999,62297.4143,719,37230.9,32270.3878
2025-02-24 00:00:00,0.866,0.867,0.858,0.858,119348.1,2025-02-24 00:59:59.999,102912.907,932,55591.1,47932.2771
2025-02-24 01:00:00,0.857,0.859,0.845,0.847,243097.5,2025-02-24 01:59:59.999,207116.3762,1281,94695.8,80847.6097
2025-02-24 02:00:00,0.846,0.85,0.842,0.843,161569.4,2025-02-24 02:59:59.999,136492.8512,1021,74151.5,62672.4745
2025-02-24 03:00:00,0.842,0.842,0.829,0.829,267985.3,2025-02-24 03:59:59.999,223735.5462,1784,127939.6,106891.1469
2025-02-24 04:00:00,0.829,0.833,0.821,0.831,248612.4,2025-02-24 04:59:59.999,205594.7936,1480,113566.7,93966.5731
2025-02-24 05:00:00,0.83,0.84,0.829,0.839,57483.6,2025-02-24 05:59:59.999,48057.5869,401,34724.2,29029.8208
2025-02-24 06:00:00,0.839,0.842,0.835,0.842,132164.6,2025-02-24 06:59:59.999,110887.4354,586,60336.8,50669.9453
2025-02-24 07:00:00,0.842,0.843,0.838,0.84,92080.3,2025-02-24 07:59:59.999,77365.2777,503,35552.4,29879.6022
2025-02-24 08:00:00,0.84,0.843,0.828,0.829,220425.1,2025-02-24 08:59:59.999,184339.892,1203,95269.4,79654.7797
2025-02-24 09:00:00,0.829,0.839,0.829,0.832,91374.3,2025-02-24 09:59:59.999,76198.8191,850,53045.1,44234.8968
2025-02-24 10:00:00,0.831,0.832,0.822,0.829,89742.7,2025-02-24 10:59:59.999,74196.7381,878,55613.5,45994.358
2025-02-24 11:00:00,0.828,0.836,0.824,0.835,57051.1,2025-02-24 11:59:59.999,47326.5059,565,30454.3,25268.5068
2025-02-24 12:00:00,0.835,0.841,0.832,0.835,105578.5,2025-02-24 12:59:59.999,88267.5725,762,47030.7,39313.0212
2025-02-24 13:00:00,0.834,0.842,0.829,0.832,161984.3,2025-02-24 13:59:59.999,135216.4888,1393,75117.3,62729.0373
2025-02-24 14:00:00,0.832,0.834,0.818,0.819,208575.3,2025-02-24 14:59:59.999,172103.7156,1711,100257.9,82778.5997
2025-02-24 15:00:00,0.819,0.826,0.814,0.823,253622.3,2025-02-24 15:59:59.999,207730.762,2173,152069.0,124544.9779
2025-02-24 16:00:00,0.822,0.829,0.819,0.82,112259.7,2025-02-24 16:59:59.999,92486.3115,731,58956.2,48591.1104
2025-02-24 17:00:00,0.821,0.828,0.82,0.821,97115.0,2025-02-24 17:59:59.999,80003.5723,749,53473.3,44056.1464
2025-02-24 18:00:00,0.821,0.822,0.811,0.812,135160.1,2025-02-24 18:59:59.999,110384.5163,837,54946.0,44904.221
2025-02-24 19:00:00,0.812,0.816,0.801,0.805,259811.6,2025-02-24 19:59:59.999,209823.6849,1814,118692.9,95891.186
2025-02-24 20:00:00,0.805,0.815,0.803,0.804,202161.0,2025-02-24 20:59:59.999,163488.9979,1212,103695.5,83863.0439
2025-02-24 21:00:00,0.805,0.811,0.8,0.8,118713.0,2025-02-24 21:59:59.999,95480.5665,1076,55479.1,44627.4248
2025-02-24 22:00:00,0.799,0.799,0.763,0.769,961810.1,2025-02-24 22:59:59.999,750399.9748,5978,471988.3,368566.5547
2025-02-24 23:00:00,0.77,0.782,0.769,0.774,272927.2,2025-02-24 23:59:59.999,211542.0411,1378,166844.5,129277.9371
2025-02-25 00:00:00,0.774,0.783,0.758,0.771,418992.3,2025-02-25 00:59:59.999,323624.8132,2605,236919.2,182994.8909
2025-02-25 01:00:00,0.77,0.775,0.758,0.763,335690.9,2025-02-25 01:59:59.999,257549.9716,2393,166755.6,127983.1349
2025-02-25 02:00:00,0.763,0.778,0.756,0.776,275283.3,2025-02-25 02:59:59.999,210780.365,1875,146833.3,112330.2564
2025-02-25 03:00:00,0.775,0.78,0.767,0.767,199547.4,2025-02-25 03:59:59.999,154132.9616,1177,102281.0,79018.2056
2025-02-25 04:00:00,0.767,0.771,0.757,0.764,288630.5,2025-02-25 04:59:59.999,220503.2852,1999,158973.4,121382.9305
2025-02-25 05:00:00,0.763,0.777,0.761,0.776,273304.0,2025-02-25 05:59:59.999,210664.6376,1908,137971.5,106289.5076
2025-02-25 06:00:00,0.776,0.778,0.762,0.763,216730.2,2025-02-25 06:59:59.999,166570.1162,1372,111738.0,85885.1217
2025-02-25 07:00:00,0.763,0.763,0.726,0.747,878791.1,2025-02-25 07:59:59.999,653021.8267,6626,392333.8,291868.6344
2025-02-25 08:00:00,0.746,0.76,0.744,0.755,247653.0,2025-02-25 08:59:59.999,186939.3093,1927,111841.1,84461.7677
2025-02-25 09:00:00,0.755,0.756,0.742,0.746,245292.0,2025-02-25 09:59:59.999,183650.0201,1333,109765.3,82167.6201
2025-02-25 10:00:00,0.746,0.756,0.73,0.752,423876.1,2025-02-25 10:59:59.999,315733.3717,3492,219275.1,163409.3892
2025-02-25 11:00:00,0.751,0.772,0.74,0.769,319157.1,2025-02-25 11:59:59.999,241048.3537,2161,162401.1,122424.5133
2025-02-25 12:00:00,0.769,0.785,0.766,0.781,368494.5,2025-02-25 12:59:59.999,285641.7009,1801,174062.8,134813.7176
2025-02-25 13:00:00,0.781,0.786,0.771,0.773,172567.4,2025-02-25 13:59:59.999,134000.0981,1106,74630.1,57954.1376
2025-02-25 14:00:00,0.773,0.779,0.757,0.762,221135.5,2025-02-25 14:59:59.999,169788.8452,2062,116719.9,89620.9447
2025-02-25 15:00:00,0.761,0.777,0.753,0.772,447895.5,2025-02-25 15:59:59.999,342047.7767,4068,215244.4,164547.7348
2025-02-25 16:00:00,0.772,0.781,0.762,0.775,172301.0,2025-02-25 16:59:59.999,132734.4835,1947,92529.4,71256.0183
2025-02-25 17:00:00,0.774,0.78,0.77,0.773,118372.3,2025-02-25 17:59:59.999,91623.1533,1534,59846.0,46316.7278
2025-02-25 18:00:00,0.774,0.778,0.766,0.77,94779.8,2025-02-25 18:59:59.999,73164.3714,1149,41513.6,32042.7678
2025-02-25 19:00:00,0.77,0.779,0.762,0.779,150246.7,2025-02-25 19:59:59.999,115539.11,1555,77277.8,59432.8972
2025-02-25 20:00:00,0.779,0.79,0.775,0.783,153273.8,2025-02-25 20:59:59.999,120099.6274,1859,79459.1,62309.8445
2025-02-25 21:00:00,0.783,0.788,0.78,0.786,177980.1,2025-02-25 21:59:59.999,139419.5146,924,113740.7,89153.7526
2025-02-25 22:00:00,0.787,0.793,0.781,0.783,138312.5,2025-02-25 22:59:59.999,108550.0809,815,88029.5,69079.6198
2025-02-25 23:00:00,0.784,0.787,0.776,0.778,61493.3,2025-02-25 23:59:59.999,48047.865,438,34008.8,26578.5765
2025-02-26 00:00:00,0.778,0.781,0.772,0.773,74752.1,2025-02-26 00:59:59.999,58016.2014,488,41587.8,32274.6419
2025-02-26 01:00:00,0.773,0.779,0.772,0.778,78612.2,2025-02-26 01:59:59.999,61014.3845,453,30905.7,23992.3919
2025-02-26 02:00:00,0.778,0.786,0.774,0.784,125872.8,2025-02-26 02:59:59.999,98035.6984,505,55550.0,43219.9233
2025-02-26 03:00:00,0.784,0.789,0.783,0.784,119756.4,2025-02-26 03:59:59.999,94120.5408,418,45032.6,35391.2584
2025-02-26 04:00:00,0.784,0.79,0.782,0.782,65811.0,2025-02-26 04:59:59.999,51808.4976,425,44397.5,34963.7123
2025-02-26 05:00:00,0.783,0.784,0.778,0.778,41352.4,2025-02-26 05:59:59.999,32307.77,351,21060.1,16457.4837
2025-02-26 06:00:00,0.778,0.785,0.777,0.783,53645.9,2025-02-26 06:59:59.999,41910.4733,386,30513.1,23848.4293
2025-02-26 07:00:00,0.784,0.785,0.774,0.779,71141.1,2025-02-26 07:59:59.999,55464.6881,435,30608.4,23885.4338
2025-02-26 08:00:00,0.779,0.78,0.772,0.776,163847.1,2025-02-26 08:59:59.999,126859.1791,850,75478.4,58448.93
2025-02-26 09:00:00,0.775,0.785,0.775,0.785,87286.5,2025-02-26 09:59:59.999,68186.2043,502,62926.9,49190.8633
2025-02-26 10:00:00,0.784,0.789,0.781,0.788,98285.2,2025-02-26 10:59:59.999,77097.8699,593,67603.5,53058.6612
2025-02-26 11:00:00,0.788,0.789,0.779,0.779,105139.2,2025-02-26 11:59:59.999,82498.6031,636,48926.3,38394.4818
2025-02-26 12:00:00,0.78,0.781,0.767,0.769,132565.9,2025-02-26 12:59:59.999,102910.6368,785,79872.3,61995.6284
2025-02-26 13:00:00,0.77,0.77,0.764,0.765,101067.0,2025-02-26 13:59:59.999,77592.8555,772,55029.7,42253.8715
2025-02-26 14:00:00,0.766,0.778,0.756,0.778,248176.6,2025-02-26 14:59:59.999,189551.5444,1984,140386.6,107236.6782
2025-02-26 15:00:00,0.778,0.788,0.778,0.783,175105.2,2025-02-26 15:59:59.999,137074.051,1387,64616.9,50597.6134
2025-02-26 16:00:00,0.783,0.785,0.774,0.782,177795.7,2025-02-26 16:59:59.999,138486.7695,1024,63047.1,49127.9763
2025-02-26 17:00:00,0.782,0.783,0.764,0.765,101329.7,2025-02-26 17:59:59.999,78279.1171,657,64711.0,49933.9684
2025-02-26 18:00:00,0.766,0.77,0.749,0.759,735393.8,2025-02-26 18:59:59.999,557230.6867,5524,454414.5,344128.5812
2025-02-26 19:00:00,0.758,0.761,0.747,0.751,455897.8,2025-02-26 19:59:59.999,343785.4745,2196,267398.5,201788.3553
2025-02-26 20:00:00,0.75,0.765,0.742,0.764,356739.1,2025-02-26 20:59:59.999,268210.7352,2647,197450.0,148631.1216
2025-02-26 21:00:00,0.764,0.769,0.758,0.769,178574.7,2025-02-26 21:59:59.999,136491.6886,1780,78023.0,59648.9451
2025-02-26 22:00:00,0.77,0.778,0.769,0.77,94935.5,2025-02-26 22:59:59.999,73426.3187,822,44624.7,34514.243
2025-02-26 23:00:00,0.77,0.772,0.758,0.761,89383.8,2025-02-26 23:59:59.999,68191.9322,564,40182.8,30680.7052
2025-02-27 00:00:00,0.761,0.767,0.756,0.761,163574.4,2025-02-27 00:59:59.999,124545.3404,1063,79621.4,60577.8116
2025-02-27 01:00:00,0.76,0.772,0.755,0.767,284537.6,2025-02-27 01:59:59.999,218096.2361,1387,137175.8,105112.1698
2025-02-27 02:00:00,0.766,0.773,0.762,0.763,106644.7,2025-02-27 02:59:59.999,81833.5301,1193,58310.8,44733.3639
2025-02-27 03:00:00,0.764,0.774,0.762,0.773,185976.4,2025-02-27 03:59:59.999,143032.6156,1059,107464.7,82620.2598
2025-02-27 04:00:00,0.773,0.775,0.765,0.771,73138.9,2025-02-27 04:59:59.999,56235.7314,662,35563.8,27324.952
2025-02-27 05:00:00,0.771,0.778,0.771,0.778,66490.2,2025-02-27 05:59:59.999,51525.3769,615,38718.4,30009.3654
2025-02-27 06:00:00,0.778,0.783,0.775,0.78,108498.2,2025-02-27 06:59:59.999,84415.5238,1006,63201.1,49173.7787
2025-02-27 07:00:00,0.781,0.784,0.78,0.78,78308.6,2025-02-27 07:59:59.999,61214.8546,641,29866.6,23358.0324
2025-02-27 08:00:00,0.78,0.782,0.778,0.779,50412.7,2025-02-27 08:59:59.999,39315.4603,391,22882.8,17847.3156
2025-02-27 09:00:00,0.78,0.784,0.779,0.782,59779.8,2025-02-27 09:59:59.999,46746.1205,452,26827.4,20984.8101
2025-02-27 10:00:00,0.781,0.787,0.781,0.785,77839.9,2025-02-27 10:59:59.999,61092.8476,718,47241.5,37078.19
2025-02-27 11:00:00,0.785,0.786,0.78,0.782,62876.8,2025-02-27 11:59:59.999,49266.3005,373,30023.3,23528.8026
2025-02-27 12:00:00,0.782,0.784,0.778,0.78,51191.5,2025-02-27 12:59:59.999,39997.6155,388,19341.8,15111.5341
2025-02-27 13:00:00,0.78,0.783,0.777,0.779,83971.0,2025-02-27 13:59:59.999,65481.9308,876,43495.3,33909.4936
2025-02-27 14:00:00,0.78,0.782,0.767,0.767,170190.3,2025-02-27 14:59:59.999,131556.3872,1261,73832.9,57060.3222
2025-02-27 15:00:00,0.767,0.774,0.764,0.771,221815.7,2025-02-27 15:59:59.999,170737.2568,1670,122590.6,94350.0828
2025-02-27 16:00:00,0.771,0.774,0.762,0.762,108806.6,2025-02-27 16:59:59.999,83756.0589,889,52410.7,40330.9082
2025-02-27 17:00:00,0.763,0.767,0.761,0.766,82391.4,2025-02-27 17:59:59.999,62914.3196,817,43723.5,33394.586
2025-02-27 18:00:00,0.766,0.768,0.764,0.764,44454.1,2025-02-27 18:59:59.999,34048.473,443,18020.1,13803.2451
2025-02-27 19:00:00,0.764,0.764,0.752,0.754,106414.9,2025-02-27 19:59:59.999,80533.7941,754,40727.2,30812.348
2025-02-27 20:00:00,0.754,0.754,0.743,0.747,162545.5,2025-02-27 20:59:59.999,121425.6101,1292,95278.4,71188.6664
2025-02-27 21:00:00,0.747,0.756,0.74,0.755,192776.6,2025-02-27 21:59:59.999,144133.7156,1174,110832.7,82849.4733
2025-02-27 22:00:00,0.755,0.76,0.75,0.759,50825.6,2025-02-27 22:59:59.999,38370.7862,398,20530.2,15492.322
2025-02-27 23:00:00,0.759,0.763,0.758,0.762,29533.3,2025-02-27 23:59:59.999,22444.3552,313,8256.5,6279.7683
2025-02-28 00:00:00,0.762,0.763,0.756,0.756,65321.9,2025-02-28 00:59:59.999,49630.3436,529,29512.3,22430.3869
2025-02-28 01:00:00,0.756,0.758,0.73,0.731,504024.9,2025-02-28 01:59:59.999,372810.3209,3968,247771.9,183443.7379
2025-02-28 02:00:00,0.73,0.737,0.715,0.724,507235.5,2025-02-28 02:59:59.999,367681.1395,4136,254821.7,184645.7468
2025-02-28 03:00:00,0.724,0.731,0.713,0.714,223395.5,2025-02-28 03:59:59.999,161306.979,1925,121174.7,87467.9794
2025-02-28 04:00:00,0.714,0.719,0.705,0.714,334262.6,2025-02-28 04:59:59.999,237879.8678,2377,165112.3,117510.112
2025-02-28 05:00:00,0.714,0.716,0.703,0.712,239292.2,2025-02-28 05:59:59.999,169928.3947,1872,135073.7,95922.2567
2025-02-28 06:00:00,0.712,0.714,0.701,0.707,306607.3,2025-02-28 06:59:59.999,216545.7537,2493,151729.5,107158.6141
2025-02-28 07:00:00,0.706,0.716,0.703,0.706,166075.1,2025-02-28 07:59:59.999,117681.0855,1224,80776.5,57185.5245
2025-02-28 08:00:00,0.706,0.713,0.698,0.712,453659.3,2025-02-28 08:59:59.999,319944.4653,2336,238248.8,168070.8084
2025-02-28 09:00:00,0.712,0.726,0.712,0.725,173067.8,2025-02-28 09:59:59.999,124612.9201,1160,95091.9,68489.5268
2025-02-28 10:00:00,0.725,0.727,0.716,0.719,116563.0,2025-02-28 10:59:59.999,84006.992,643,61634.8,44418.0609
2025-02-28 11:00:00,0.718,0.725,0.718,0.72,157038.8,2025-02-28 11:59:59.999,113407.3541,810,79127.4,57186.4393
2025-02-28 12:00:00,0.72,0.725,0.715,0.723,251190.6,2025-02-28 12:59:59.999,180669.6196,1014,166026.3,119333.9084
2025-02-28 13:00:00,0.723,0.745,0.722,0.737,399300.8,2025-02-28 13:59:59.999,293440.7229,2097,156010.3,114754.7606
2025-02-28 14:00:00,0.738,0.746,0.735,0.742,268064.5,2025-02-28 14:59:59.999,198614.058,1540,147971.0,109622.7701
2025-02-28 15:00:00,0.743,0.759,0.742,0.756,170615.1,2025-02-28 15:59:59.999,128414.4946,1082,83845.9,63121.5631
2025-02-28 16:00:00,0.756,0.762,0.751,0.757,102338.9,2025-02-28 16:59:59.999,77406.2652,586,47753.1,36135.8555
2025-02-28 17:00:00,0.758,0.765,0.758,0.762,186781.5,2025-02-28 17:59:59.999,142169.5562,793,109002.7,82949.3738
2025-02-28 18:00:00,0.762,0.774,0.76,0.769,141981.4,2025-02-28 18:59:59.999,108942.5825,847,62858.3,48220.8306
2025-02-28 19:00:00,0.77,0.772,0.768,0.77,88786.2,2025-02-28 19:59:59.999,68351.1624,535,43054.2,33148.9222
2025-02-28 20:00:00,0.77,0.772,0.763,0.766,128488.1,2025-02-28 20:59:59.999,98549.3988,811,61380.3,47065.7271
2025-02-28 21:00:00,0.765,0.769,0.763,0.766,99732.1,2025-02-28 21:59:59.999,76364.3536,750,54237.6,41531.6139
2025-02-28 22:00:00,0.766,0.768,0.763,0.765,79404.0,2025-02-28 22:59:59.999,60726.2364,611,53304.9,40772.1018
2025-02-28 23:00:00,0.765,0.768,0.764,0.767,32762.0,2025-02-28 23:59:59.999,25079.1864,223,24673.4,18885.3518
2025-03-01 00:00:00,0.766,0.77,0.76,0.76,59281.5,2025-03-01 00:59:59.999,45361.8177,438,27524.2,21069.9759
2025-03-01 01:00:00,0.76,0.772,0.759,0.771,95232.4,2025-03-01 01:59:59.999,72581.7813,610,44916.1,34278.8153
2025-03-01 02:00:00,0.77,0.772,0.765,0.77,110668.8,2025-03-01 02:59:59.999,85057.6628,699,62011.9,47673.7586
2025-03-01 03:00:00,0.77,0.771,0.766,0.766,83795.9,2025-03-01 03:59:59.999,64420.1538,493,39329.7,30242.8968
2025-03-01 04:00:00,0.765,0.773,0.765,0.772,137032.8,2025-03-01 04:59:59.999,105460.2877,561,79514.6,61197.8213
2025-03-01 05:00:00,0.772,0.772,0.768,0.768,82352.9,2025-03-01 05:59:59.999,63413.7791,253,34198.5,26334.0624
2025-03-01 06:00:00,0.769,0.77,0.763,0.765,87462.5,2025-03-01 06:59:59.999,67001.7914,390,54255.1,41577.6911
2025-03-01 07:00:00,0.765,0.765,0.758,0.758,70735.9,2025-03-01 07:59:59.999,53798.6264,217,41198.5,31325.2463
2025-03-01 08:00:00,0.759,0.764,0.758,0.762,131040.9,2025-03-01 08:59:59.999,99739.1507,323,105133.3,80000.743
2025-03-01 09:00:00,0.762,0.765,0.755,0.758,54101.2,2025-03-01 09:59:59.999,41106.112,215,34452.4,26170.033
2025-03-01 10:00:00,0.758,0.758,0.749,0.75,135209.4,2025-03-01 10:59:59.999,101670.9227,1144,80809.9,60743.1387
2025-03-01 11:00:00,0.75,0.75,0.742,0.745,136252.0,2025-03-01 11:59:59.999,101566.0225,797,83102.0,61965.2968
2025-03-01 12:00:00,0.746,0.75,0.744,0.748,92086.0,2025-03-01 12:59:59.999,68723.9948,428,64021.4,47784.0824
2025-03-01 13:00:00,0.749,0.75,0.737,0.739,85419.3,2025-03-01 13:59:59.999,63370.5112,631,32531.7,24102.0938
2025-03-01 14:00:00,0.739,0.746,0.739,0.745,78414.6,2025-03-01 14:59:59.999,58185.1389,508,51939.0,38518.4843
2025-03-01 15:00:00,0.745,0.748,0.742,0.744,99151.9,2025-03-01 15:59:59.999,73788.7367,449,54728.5,40730.7777
2025-03-01 16:00:00,0.744,0.748,0.742,0.748,87698.7,2025-03-01 16:59:59.999,65346.7915,588,30235.0,22529.3552
2025-03-01 17:00:00,0.748,0.748,0.743,0.746,46692.2,2025-03-01 17:59:59.999,34818.293,350,20210.0,15074.8661
2025-03-01 18:00:00,0.745,0.748,0.743,0.747,41517.3,2025-03-01 18:59:59.999,30949.8067,293,12966.5,9678.0922
2025-03-01 19:00:00,0.746,0.752,0.745,0.751,57864.3,2025-03-01 19:59:59.999,43420.5936,315,29440.3,22092.0742
2025-03-01 20:00:00,0.75,0.751,0.748,0.75,57062.8,2025-03-01 20:59:59.999,42814.3459,206,41554.3,31188.1259
2025-03-01 21:00:00,0.751,0.763,0.749,0.761,84226.9,2025-03-01 21:59:59.999,63615.7229,425,45345.7,34266.7433
2025-03-01 22:00:00,0.762,0.769,0.76,0.768,93654.6,2025-03-01 22:59:59.999,71482.559,457,51408.0,39222.7059
2025-03-01 23:00:00,0.768,0.769,0.759,0.764,37717.0,2025-03-01 23:59:59.999,28769.2142,246,14003.5,10680.5996
2025-03-02 00:00:00,0.764,0.764,0.755,0.761,69504.0,2025-03-02 00:59:59.999,52897.8411,468,32447.8,24681.7863
2025-03-02 01:00:00,0.761,0.765,0.759,0.763,52271.7,2025-03-02 01:59:59.999,39851.8182,371,26615.7,20301.6686
2025-03-02 02:00:00,0.763,0.767,0.759,0.762,73216.8,2025-03-02 02:59:59.999,55862.2768,464,29666.0,22633.3033
2025-03-02 03:00:00,0.763,0.766,0.762,0.763,65436.8,2025-03-02 03:59:59.999,49959.2867,393,30323.3,23146.6624
2025-03-02 04:00:00,0.762,0.766,0.761,0.764,49285.7,2025-03-02 04:59:59.999,37624.2537,249,23834.0,18190.6862
2025-03-02 05:00:00,0.763,0.766,0.762,0.762,32235.7,2025-03-02 05:59:59.999,24610.0967,251,16018.0,12231.3247
2025-03-02 06:00:00,0.762,0.767,0.76,0.763,47841.0,2025-03-02 06:59:59.999,36550.4937,394,26233.3,20048.4416
2025-03-02 07:00:00,0.763,0.765,0.76,0.76,24797.3,2025-03-02 07:59:59.999,18905.1194,194,10386.2,7918.8655
2025-03-02 08:00:00,0.76,0.761,0.757,0.76,63843.2,2025-03-02 08:59:59.999,48449.2844,246,24758.4,18788.426
2025-03-02 09:00:00,0.76,0.767,0.76,0.765,70371.0,2025-03-02 09:59:59.999,53730.3584,383,30598.5,23379.5106
2025-03-02 10:00:00,0.764,0.767,0.764,0.764,61674.5,2025-03-02 10:59:59.999,47178.1999,398,31237.7,23899.003
2025-03-02 11:00:00,0.764,0.765,0.763,0.764,39525.1,2025-03-02 11:59:59.999,30211.0199,289,23908.3,18277.8608
2025-03-02 12:00:00,0.764,0.764,0.76,0.764,47071.0,2025-03-02 12:59:59.999,35897.2069,195,16715.5,12745.3454
2025-03-02 13:00:00,0.763,0.763,0.756,0.758,31528.5,2025-03-02 13:59:59.999,23924.6547,250,13250.6,10051.0213
2025-03-02 14:00:00,0.757,0.758,0.751,0.754,83453.9,2025-03-02 14:59:59.999,62907.1588,441,46308.8,34906.868
2025-03-02 15:00:00,0.754,0.793,0.752,0.776,751206.6,2025-03-02 15:59:59.999,581919.8532,5938,432895.3,334914.854
2025-03-02 16:00:00,0.778,0.834,0.778,0.83,1415822.3,2025-03-02 16:59:59.999,1149115.3754,9334,826160.3,670053.6343
2025-03-02 17:00:00,0.831,0.854,0.823,0.843,674983.6,2025-03-02 17:59:59.999,565420.2283,4231,320444.5,268208.2068
2025-03-02 18:00:00,0.843,0.846,0.828,0.83,181927.5,2025-03-02 18:59:59.999,152163.7928,1492,60162.2,50344.7355
2025-03-02 19:00:00,0.83,0.844,0.83,0.843,129614.2,2025-03-02 19:59:59.999,108443.3031,752,80172.5,67111.0762
2025-03-02 20:00:00,0.844,0.855,0.84,0.854,145661.0,2025-03-02 20:59:59.999,123210.3815,1027,85098.2,71990.2382
2025-03-02 21:00:00,0.854,0.857,0.847,0.855,307916.5,2025-03-02 21:59:59.999,262488.752,1742,164353.8,140251.3896
2025-03-02 22:00:00,0.855,0.86,0.851,0.86,130970.6,2025-03-02 22:59:59.999,111902.4316,690,82208.2,70276.0764
2025-03-02 23:00:00,0.86,0.862,0.855,0.859,128584.8,2025-03-02 23:59:59.999,110345.0791,1036,44656.7,38330.9235
2025-03-03 00:00:00,0.858,0.87,0.852,0.863,320717.9,2025-03-03 00:59:59.999,276130.7277,1982,105683.8,91039.8348
2025-03-03 01:00:00,0.862,0.865,0.853,0.855,239310.0,2025-03-03 01:59:59.999,205358.4613,1515,119640.4,102629.1203
2025-03-03 02:00:00,0.856,0.857,0.84,0.847,197241.8,2025-03-03 02:59:59.999,166899.138,1242,115163.7,97433.529
2025-03-03 03:00:00,0.847,0.85,0.836,0.843,112348.3,2025-03-03 03:59:59.999,94507.8088,1039,61973.0,52152.0252
2025-03-03 04:00:00,0.843,0.847,0.84,0.845,82591.2,2025-03-03 04:59:59.999,69578.245,466,44325.3,37352.792
2025-03-03 05:00:00,0.845,0.849,0.842,0.848,96240.1,2025-03-03 05:59:59.999,81357.3978,578,46218.3,39074.0318
2025-03-03 06:00:00,0.848,0.848,0.817,0.822,140657.4,2025-03-03 06:59:59.999,116743.0806,1412,60934.1,50479.2577
2025-03-03 07:00:00,0.823,0.825,0.815,0.824,179450.0,2025-03-03 07:59:59.999,147004.526,1867,91450.4,74897.2938
2025-03-03 08:00:00,0.823,0.824,0.803,0.806,159555.9,2025-03-03 08:59:59.999,129783.9612,1317,63366.8,51567.8367
2025-03-03 09:00:00,0.807,0.812,0.802,0.809,187305.2,2025-03-03 09:59:59.999,151376.4145,1861,86718.5,70073.8674
2025-03-03 10:00:00,0.808,0.818,0.807,0.817,155806.3,2025-03-03 10:59:59.999,126769.9228,1118,77971.4,63459.8696
2025-03-03 11:00:00,0.817,0.817,0.809,0.814,80146.7,2025-03-03 11:59:59.999,65204.1362,741,37407.5,30431.5879
2025-03-03 12:00:00,0.815,0.821,0.81,0.82,118372.4,2025-03-03 12:59:59.999,96686.2543,1232,39259.2,32037.8814
2025-03-03 13:00:00,0.819,0.826,0.816,0.822,103154.0,2025-03-03 13:59:59.999,84621.9025,1022,55645.3,45658.5255
2025-03-03 14:00:00,0.823,0.823,0.789,0.79,445993.5,2025-03-03 14:59:59.999,360399.6971,3908,228380.6,184700.0115
2025-03-03 15:00:00,0.79,0.808,0.79,0.799,298449.8,2025-03-03 15:59:59.999,238400.3731,3599,141232.6,112845.1969
2025-03-03 16:00:00,0.799,0.804,0.795,0.8,89696.7,2025-03-03 16:59:59.999,71762.2818,1142,44896.2,35927.3892
2025-03-03 17:00:00,0.8,0.805,0.795,0.797,114939.0,2025-03-03 17:59:59.999,91856.473,1255,52733.7,42164.509
2025-03-03 18:00:00,0.796,0.797,0.763,0.769,537217.5,2025-03-03 18:59:59.999,416415.7227,5169,228470.2,176838.2533
2025-03-03 19:00:00,0.768,0.773,0.742,0.745,700521.9,2025-03-03 19:59:59.999,529217.7453,6385,312615.3,236173.9609
2025-03-03 20:00:00,0.745,0.753,0.738,0.748,270954.6,2025-03-03 20:59:59.999,202329.1037,3069,140761.3,105129.9799
2025-03-03 21:00:00,0.747,0.752,0.733,0.735,137414.6,2025-03-03 21:59:59.999,102136.2168,1141,71336.8,53018.5773
2025-03-03 22:00:00,0.735,0.752,0.735,0.749,94868.8,2025-03-03 22:59:59.999,70440.7769,1023,50670.1,37631.7612
2025-03-03 23:00:00,0.748,0.75,0.741,0.742,70828.4,2025-03-03 23:59:59.999,52776.7534,605,34825.4,25960.8097
2025-03-04 00:00:00,0.742,0.747,0.735,0.735,184448.9,2025-03-04 00:59:59.999,136561.3764,1991,97611.6,72277.4107
2025-03-04 01:00:00,0.735,0.738,0.706,0.709,503421.8,2025-03-04 01:59:59.999,361983.1982,4981,228650.0,164503.8485
2025-03-04 02:00:00,0.708,0.722,0.695,0.717,461204.8,2025-03-04 02:59:59.999,324766.8974,4632,209215.4,147145.3817
2025-03-04 03:00:00,0.717,0.723,0.712,0.716,154645.3,2025-03-04 03:59:59.999,110790.8105,1624,70724.7,50655.6
2025-03-04 04:00:00,0.716,0.723,0.714,0.715,116735.2,2025-03-04 04:59:59.999,83796.7922,1474,58342.0,41895.5879
2025-03-04 05:00:00,0.715,0.727,0.714,0.724,115448.1,2025-03-04 05:59:59.999,83380.8632,1600,53686.0,38781.9468
2025-03-04 06:00:00,0.724,0.725,0.719,0.721,92768.0,2025-03-04 06:59:59.999,66974.2934,1085,43775.6,31609.5258
2025-03-04 07:00:00,0.721,0.723,0.715,0.717,101987.2,2025-03-04 07:59:59.999,73272.7238,811,50194.5,36088.2294
2025-03-04 08:00:00,0.717,0.724,0.714,0.721,121368.1,2025-03-04 08:59:59.999,87141.0046,912,58105.9,41749.4757
2025-03-04 09:00:00,0.72,0.721,0.713,0.715,138247.5,2025-03-04 09:59:59.999,99153.4343,1137,61559.5,44170.4542
2025-03-04 10:00:00,0.715,0.717,0.71,0.715,229143.0,2025-03-04 10:59:59.999,163614.7143,1615,103207.7,73715.2217
2025-03-04 11:00:00,0.715,0.72,0.713,0.715,154449.4,2025-03-04 11:59:59.999,110597.7654,1271,79651.8,57041.4606
2025-03-04 12:00:00,0.714,0.716,0.705,0.712,231325.3,2025-03-04 12:59:59.999,164407.8948,1547,101380.8,72114.4386
2025-03-04 13:00:00,0.712,0.712,0.696,0.7,409447.7,2025-03-04 13:59:59.999,286961.773,2960,190371.4,133526.673
2025-03-04 14:00:00,0.7,0.73,0.698,0.707,964907.8,2025-03-04 14:59:59.999,689434.8774,8148,498839.4,356323.2378
2025-03-04 15:00:00,0.706,0.713,0.691,0.712,430119.1,2025-03-04 15:59:59.999,301950.2456,5785,218495.1,153572.4037
2025-03-04 16:00:00,0.712,0.713,0.68,0.703,509645.4,2025-03-04 16:59:59.999,352461.385,5344,260434.0,180211.209
2025-03-04 17:00:00,0.703,0.722,0.703,0.717,263470.4,2025-03-04 17:59:59.999,187853.5065,2571,104581.1,74654.3894
2025-03-04 18:00:00,0.717,0.73,0.715,0.729,160009.9,2025-03-04 18:59:59.999,115465.8104,1391,111345.9,80374.9264
2025-03-04 19:00:00,0.728,0.739,0.726,0.738,193336.1,2025-03-04 19:59:59.999,141973.8269,1250,120125.6,88233.6922
2025-03-04 20:00:00,0.737,0.739,0.725,0.727,193890.8,2025-03-04 20:59:59.999,142349.1408,1383,99617.3,73241.1097
2025-03-04 21:00:00,0.727,0.745,0.725,0.738,187236.2,2025-03-04 21:59:59.999,138149.8952,1904,98904.2,72923.1762
2025-03-04 22:00:00,0.737,0.741,0.735,0.735,84547.5,2025-03-04 22:59:59.999,62404.1977,692,50315.5,37137.2049
2025-03-04 23:00:00,0.735,0.738,0.732,0.736,29102.1,2025-03-04 23:59:59.999,21387.7494,565,14526.4,10678.1077
2025-03-05 00:00:00,0.735,0.74,0.732,0.735,88138.6,2025-03-05 00:59:59.999,64823.9158,982,33910.2,24960.7204
2025-03-05 01:00:00,0.735,0.744,0.732,0.744,94151.7,2025-03-05 01:59:59.999,69565.7881,881,53792.9,39779.7623
2025-03-05 02:00:00,0.744,0.75,0.74,0.746,349629.3,2025-03-05 02:59:59.999,260488.455,1207,137213.0,102143.4793
2025-03-05 03:00:00,0.746,0.751,0.739,0.74,288978.7,2025-03-05 03:59:59.999,215544.7673,1009,125700.4,93821.8059
2025-03-05 04:00:00,0.739,0.741,0.736,0.74,142804.5,2025-03-05 04:59:59.999,105538.2917,1167,53928.4,39865.7936
2025-03-05 05:00:00,0.74,0.744,0.739,0.741,88445.6,2025-03-05 05:59:59.999,65544.0205,667,42293.3,31349.9213
2025-03-05 06:00:00,0.741,0.746,0.738,0.745,99665.2,2025-03-05 06:59:59.999,74006.4033,592,58458.8,43446.8214
2025-03-05 07:00:00,0.745,0.747,0.741,0.747,90204.9,2025-03-05 07:59:59.999,67173.8767,554,48221.6,35919.7942
2025-03-05 08:00:00,0.747,0.753,0.747,0.75,166490.0,2025-03-05 08:59:59.999,125048.6966,800,112380.6,84439.9027
2025-03-05 09:00:00,0.75,0.762,0.75,0.758,167738.3,2025-03-05 09:59:59.999,126981.7853,1132,110334.4,83544.6806
2025-03-05 10:00:00,0.758,0.769,0.757,0.766,169174.9,2025-03-05 10:59:59.999,129333.0012,1176,81408.1,62182.9799
2025-03-05 11:00:00,0.766,0.768,0.759,0.759,133585.4,2025-03-05 11:59:59.999,102132.2816,998,65371.2,49982.896
2025-03-05 12:00:00,0.76,0.766,0.76,0.764,173745.2,2025-03-05 12:59:59.999,132548.1813,1425,71697.6,54689.9423
2025-03-05 13:00:00,0.764,0.767,0.756,0.758,88503.1,2025-03-05 13:59:59.999,67335.1726,1280,42753.3,32529.4137
2025-03-05 14:00:00,0.758,0.759,0.75,0.751,175358.2,2025-03-05 14:59:59.999,132263.5119,1814,93338.2,70411.7299
2025-03-05 15:00:00,0.751,0.762,0.746,0.753,278005.2,2025-03-05 15:59:59.999,209693.735,1974,151518.8,114375.3355
2025-03-05 16:00:00,0.752,0.756,0.745,0.753,176039.0,2025-03-05 16:59:59.999,132088.7418,1343,91189.3,68470.0392
2025-03-05 17:00:00,0.753,0.766,0.752,0.761,132444.9,2025-03-05 17:59:59.999,100488.3993,1036,70808.9,53700.9543
2025-03-05 18:00:00,0.76,0.764,0.757,0.764,73498.6,2025-03-05 18:59:59.999,55869.4345,983,33344.6,25343.0982
2025-03-05 19:00:00,0.764,0.768,0.763,0.767,57300.1,2025-03-05 19:59:59.999,43885.6695,441,29033.7,22237.4112
2025-03-05 20:00:00,0.767,0.775,0.767,0.771,124823.7,2025-03-05 20:59:59.999,96244.5551,570,59617.4,45972.4978
2025-03-05 21:00:00,0.772,0.775,0.77,0.774,52354.5,2025-03-05 21:59:59.999,40451.4107,632,23866.0,18433.9063
2025-03-05 22:00:00,0.774,0.775,0.771,0.775,41291.8,2025-03-05 22:59:59.999,31917.0942,307,12320.1,9529.1944
2025-03-05 23:00:00,0.775,0.778,0.774,0.776,40243.1,2025-03-05 23:59:59.999,31236.1294,407,12301.8,9551.3763
2025-03-06 00:00:00,0.775,0.779,0.774,0.774,71903.5,2025-03-06 00:59:59.999,55852.0586,685,31982.0,24848.8252
2025-03-06 01:00:00,0.774,0.785,0.769,0.779,86160.0,2025-03-06 01:59:59.999,66952.2625,1358,34657.4,26935.6813
2025-03-06 02:00:00,0.779,0.784,0.777,0.783,81322.1,2025-03-06 02:59:59.999,63437.0886,1221,32464.3,25332.3872
2025-03-06 03:00:00,0.783,0.787,0.782,0.787,66314.9,2025-03-06 03:59:59.999,52033.537,924,27337.0,21456.7306
2025-03-06 04:00:00,0.787,0.793,0.783,0.792,62809.6,2025-03-06 04:59:59.999,49432.651,658,32234.2,25359.7229
2025-03-06 05:00:00,0.791,0.799,0.791,0.795,250234.9,2025-03-06 05:59:59.999,199180.3659,1262,102624.3,81712.3313
2025-03-06 06:00:00,0.795,0.795,0.788,0.788,112213.1,2025-03-06 06:59:59.999,88730.6333,584,54490.3,43100.8458
2025-03-06 07:00:00,0.789,0.791,0.783,0.784,86317.9,2025-03-06 07:59:59.999,67820.1127,556,42097.6,33095.0313
2025-03-06 08:00:00,0.784,0.79,0.784,0.788,95130.5,2025-03-06 08:59:59.999,74861.1967,762,44970.5,35392.9985
2025-03-06 09:00:00,0.787,0.788,0.782,0.785,103026.4,2025-03-06 09:59:59.999,80948.0786,734,55021.6,43245.6332
2025-03-06 10:00:00,0.785,0.796,0.784,0.792,81024.7,2025-03-06 10:59:59.999,64071.4149,701,39987.8,31634.4169
2025-03-06 11:00:00,0.793,0.795,0.79,0.794,49025.2,2025-03-06 11:59:59.999,38880.1393,301,26301.5,20863.3623
2025-03-06 12:00:00,0.794,0.795,0.782,0.785,212597.8,2025-03-06 12:59:59.999,167673.8248,896,92388.3,72711.3515
2025-03-06 13:00:00,0.785,0.788,0.778,0.779,123109.3,2025-03-06 13:59:59.999,96386.0976,783,60710.8,47522.0422
2025-03-06 14:00:00,0.778,0.783,0.773,0.779,119528.9,2025-03-06 14:59:59.999,93016.9885,1580,63617.2,49513.6724
2025-03-06 15:00:00,0.78,0.794,0.78,0.789,157769.4,2025-03-06 15:59:59.999,124305.4558,1167,82696.4,65145.3437
2025-03-06 16:00:00,0.79,0.791,0.775,0.775,145500.4,2025-03-06 16:59:59.999,114012.5048,1433,64531.0,50576.2741
2025-03-06 17:00:00,0.775,0.775,0.762,0.766,184345.3,2025-03-06 17:59:59.999,141614.0024,1553,105993.7,81431.8862
2025-03-06 18:00:00,0.766,0.768,0.76,0.762,64147.4,2025-03-06 18:59:59.999,49068.465,745,36865.4,28201.41
2025-03-06 19:00:00,0.763,0.77,0.758,0.763,84257.1,2025-03-06 19:59:59.999,64360.2365,775,32643.5,24924.8219
2025-03-06 20:00:00,0.763,0.77,0.763,0.768,102938.1,2025-03-06 20:59:59.999,78973.1923,652,60372.9,46308.2838
2025-03-06 21:00:00,0.767,0.774,0.766,0.771,48548.1,2025-03-06 21:59:59.999,37421.4737,572,24254.5,18683.3585
2025-03-06 22:00:00,0.772,0.779,0.769,0.77,67359.8,2025-03-06 22:59:59.999,52171.2151,609,43540.5,33730.6616
2025-03-06 23:00:00,0.77,0.771,0.765,0.766,44450.1,2025-03-06 23:59:59.999,34178.4459,506,28780.4,22130.9849
2025-03-07 00:00:00,0.766,0.773,0.727,0.73,595495.9,2025-03-07 00:59:59.999,444638.314,5125,299838.3,223906.161
2025-03-07 01:00:00,0.73,0.76,0.727,0.758,216852.9,2025-03-07 01:59:59.999,162053.7809,2553,115182.4,86028.8109
2025-03-07 02:00:00,0.758,0.765,0.756,0.757,91828.1,2025-03-07 02:59:59.999,69724.9531,876,26672.8,20254.1803
2025-03-07 03:00:00,0.757,0.761,0.755,0.755,67605.3,2025-03-07 03:59:59.999,51248.7798,774,33122.1,25108.0987
2025-03-07 04:00:00,0.754,0.761,0.753,0.756,50233.7,2025-03-07 04:59:59.999,38045.8681,580,32195.0,24385.4409
2025-03-07 05:00:00,0.757,0.766,0.757,0.762,57386.8,2025-03-07 05:59:59.999,43708.9446,701,29014.5,22082.4547
2025-03-07 06:00:00,0.762,0.766,0.757,0.764,65601.3,2025-03-07 06:59:59.999,49847.4617,733,30588.1,23242.6259
2025-03-07 07:00:00,0.763,0.77,0.763,0.77,65917.1,2025-03-07 07:59:59.999,50545.8602,632,28729.8,22033.5421
2025-03-07 08:00:00,0.77,0.77,0.765,0.77,67036.3,2025-03-07 08:59:59.999,51458.6774,610,33907.7,26019.6709
2025-03-07 09:00:00,0.77,0.783,0.77,0.78,161446.1,2025-03-07 09:59:59.999,125635.8211,1353,80349.5,62568.5615
2025-03-07 10:00:00,0.779,0.783,0.776,0.782,64004.8,2025-03-07 10:59:59.999,49847.6688,375,27221.4,21199.4579
2025-03-07 11:00:00,0.781,0.783,0.779,0.78,59843.4,2025-03-07 11:59:59.999,46739.8424,505,32948.4,25738.2662
2025-03-07 12:00:00,0.78,0.783,0.773,0.776,77376.4,2025-03-07 12:59:59.999,60218.25,696,46211.4,35967.5187
2025-03-07 13:00:00,0.777,0.799,0.775,0.78,349609.8,2025-03-07 13:59:59.999,274965.6768,3006,190641.5,149966.5288
2025-03-07 14:00:00,0.78,0.792,0.775,0.786,141031.1,2025-03-07 14:59:59.999,110772.364,2194,70067.3,55026.9203
2025-03-07 15:00:00,0.785,0.789,0.771,0.776,193301.8,2025-03-07 15:59:59.999,150692.3976,1908,84148.7,65524.1686
2025-03-07 16:00:00,0.776,0.779,0.756,0.76,140637.8,2025-03-07 16:59:59.999,107864.8776,2173,77827.5,59658.0867
2025-03-07 17:00:00,0.76,0.773,0.758,0.768,117562.0,2025-03-07 17:59:59.999,89780.7801,1237,54616.5,41724.8194
2025-03-07 18:00:00,0.768,0.783,0.767,0.782,84563.5,2025-03-07 18:59:59.999,65700.7427,1039,40147.0,31195.3758
2025-03-07 19:00:00,0.782,0.785,0.774,0.777,47212.9,2025-03-07 19:59:59.999,36835.5303,640,24638.6,19211.7083
2025-03-07 20:00:00,0.777,0.782,0.768,0.773,135143.7,2025-03-07 20:59:59.999,104702.4364,1471,66627.5,51661.4072
2025-03-07 21:00:00,0.773,0.773,0.759,0.764,266093.5,2025-03-07 21:59:59.999,203308.1738,1940,112926.2,86348.075
2025-03-07 22:00:00,0.764,0.769,0.755,0.767,90238.2,2025-03-07 22:59:59.999,68930.0159,731,57056.6,43666.4824
2025-03-07 23:00:00,0.766,0.768,0.757,0.762,61800.6,2025-03-07 23:59:59.999,46982.5751,609,39052.3,29693.9072
2025-03-08 00:00:00,0.762,0.765,0.757,0.765,80264.0,2025-03-08 00:59:59.999,61067.7051,846,45683.4,34763.3837
2025-03-08 01:00:00,0.765,0.766,0.749,0.755,127369.8,2025-03-08 01:59:59.999,95981.4981,1076,67803.7,51096.3087
2025-03-08 02:00:00,0.755,0.758,0.753,0.757,67528.8,2025-03-08 02:59:59.999,50989.4861,662,42291.9,31934.375
2025-03-08 03:00:00,0.757,0.757,0.749,0.754,60213.5,2025-03-08 03:59:59.999,45375.3032,543,35952.3,27100.0789
2025-03-08 04:00:00,0.754,0.761,0.751,0.761,56890.3,2025-03-08 04:59:59.999,42944.4721,529,37234.5,28116.0808
2025-03-08 05:00:00,0.76,0.76,0.751,0.752,54100.1,2025-03-08 05:59:59.999,40793.3524,653,27463.5,20704.3606
2025-03-08 06:00:00,0.751,0.754,0.747,0.749,46819.8,2025-03-08 06:59:59.999,35134.3513,664,25235.8,18941.1628
2025-03-08 07:00:00,0.749,0.754,0.746,0.747,64765.1,2025-03-08 07:59:59.999,48550.2777,718,37786.7,28326.2082
2025-03-08 08:00:00,0.748,0.75,0.744,0.744,63956.5,2025-03-08 08:59:59.999,47732.3986,659,34789.7,25969.258
2025-03-08 09:00:00,0.744,0.751,0.741,0.742,76001.8,2025-03-08 09:59:59.999,56657.9941,569,48013.6,35791.2913
2025-03-08 10:00:00,0.742,0.749,0.741,0.747,62799.2,2025-03-08 10:59:59.999,46771.878,542,44587.1,33208.011
2025-03-08 11:00:00,0.746,0.746,0.736,0.741,105767.7,2025-03-08 11:59:59.999,78315.8223,924,49760.8,36841.5415
2025-03-08 12:00:00,0.74,0.746,0.738,0.745,56032.9,2025-03-08 12:59:59.999,41599.7616,717,36490.0,27085.2256
2025-03-08 13:00:00,0.744,0.749,0.741,0.748,67758.8,2025-03-08 13:59:59.999,50531.1065,782,43500.4,32450.2143
2025-03-08 14:00:00,0.748,0.75,0.743,0.744,68563.5,2025-03-08 14:59:59.999,51200.9954,643,41533.4,31014.099
2025-03-08 15:00:00,0.744,0.746,0.741,0.742,74286.6,2025-03-08 15:59:59.999,55217.3788,568,47331.7,35184.0687
2025-03-08 16:00:00,0.742,0.743,0.733,0.741,92070.4,2025-03-08 16:59:59.999,68002.3378,1191,67939.1,50197.4451
2025-03-08 17:00:00,0.741,0.746,0.736,0.743,67695.5,2025-03-08 17:59:59.999,50207.0731,855,31395.7,23266.6368
2025-03-08 18:00:00,0.743,0.746,0.742,0.745,29568.4,2025-03-08 18:59:59.999,22010.9697,496,18204.6,13556.5084
2025-03-08 19:00:00,0.746,0.751,0.743,0.75,54041.7,2025-03-08 19:59:59.999,40395.8552,800,27658.8,20667.4631
2025-03-08 20:00:00,0.75,0.75,0.746,0.747,32684.8,2025-03-08 20:59:59.999,24450.5007,508,18722.0,14007.5193
2025-03-08 21:00:00,0.747,0.75,0.745,0.746,32714.1,2025-03-08 21:59:59.999,24466.1822,397,19404.5,14519.1673
2025-03-08 22:00:00,0.745,0.746,0.738,0.742,70869.1,2025-03-08 22:59:59.999,52572.1538,511,35281.7,26162.726
2025-03-08 23:00:00,0.743,0.745,0.738,0.742,35420.2,2025-03-08 23:59:59.999,26269.4967,349,24519.1,18190.8496
2025-03-09 00:00:00,0.741,0.746,0.739,0.742,39118.6,2025-03-09 00:59:59.999,29066.5114,500,24300.8,18058.8896
2025-03-09 01:00:00,0.742,0.743,0.736,0.738,65668.9,2025-03-09 01:59:59.999,48608.5887,431,36994.4,27389.0431
2025-03-09 02:00:00,0.737,0.738,0.732,0.733,74147.3,2025-03-09 02:59:59.999,54483.0795,456,48931.0,35953.4964
2025-03-09 03:00:00,0.733,0.736,0.731,0.735,67140.4,2025-03-09 03:59:59.999,49248.0351,458,36714.4,26921.1985
2025-03-09 04:00:00,0.734,0.735,0.731,0.733,84853.4,2025-03-09 04:59:59.999,62130.5355,468,14960.6,10963.2878
2025-03-09 05:00:00,0.733,0.734,0.728,0.728,49787.2,2025-03-09 05:59:59.999,36402.7619,462,35870.1,26230.9132
2025-03-09 06:00:00,0.729,0.73,0.724,0.728,49716.0,2025-03-09 06:59:59.999,36110.2925,482,33987.6,24681.5295
2025-03-09 07:00:00,0.728,0.733,0.727,0.731,73760.2,2025-03-09 07:59:59.999,53926.8929,623,47344.3,34623.5902
2025-03-09 08:00:00,0.731,0.732,0.727,0.727,50799.2,2025-03-09 08:59:59.999,37027.5174,563,29037.3,21170.62
2025-03-09 09:00:00,0.727,0.729,0.724,0.725,37230.0,2025-03-09 09:59:59.999,27043.2889,449,18858.3,13704.3284
2025-03-09 10:00:00,0.726,0.726,0.716,0.718,81706.1,2025-03-09 10:59:59.999,58962.8433,937,38116.7,27502.8339
2025-03-09 11:00:00,0.718,0.719,0.715,0.718,86898.0,2025-03-09 11:59:59.999,62287.6436,617,50215.5,35989.742
2025-03-09 12:00:00,0.717,0.72,0.711,0.719,72700.8,2025-03-09 12:59:59.999,52049.9448,426,42524.8,30456.3978
2025-03-09 13:00:00,0.718,0.724,0.711,0.711,105727.2,2025-03-09 13:59:59.999,75916.5115,882,43187.6,31065.0229
2025-03-09 14:00:00,0.71,0.714,0.707,0.712,168535.2,2025-03-09 14:59:59.999,119758.0194,1292,73359.2,52129.4066
2025-03-09 15:00:00,0.712,0.715,0.703,0.704,199262.5,2025-03-09 15:59:59.999,141009.421,828,126911.1,89760.0313
2025-03-09 16:00:00,0.705,0.708,0.69,0.69,163009.2,2025-03-09 16:59:59.999,113747.7594,1858,85475.7,59648.8322
2025-03-09 17:00:00,0.69,0.695,0.681,0.682,130097.0,2025-03-09 17:59:59.999,89586.1333,1790,56932.7,39216.4269
2025-03-09 18:00:00,0.682,0.691,0.675,0.685,203274.3,2025-03-09 18:59:59.999,138758.2489,2071,119035.5,81255.6177
2025-03-09 19:00:00,0.685,0.694,0.685,0.692,71093.1,2025-03-09 19:59:59.999,48992.4594,1291,31448.1,21680.2433
2025-03-09 20:00:00,0.691,0.698,0.69,0.692,63448.9,2025-03-09 20:59:59.999,44007.5616,943,36260.1,25155.384
2025-03-09 21:00:00,0.691,0.692,0.679,0.684,62731.3,2025-03-09 21:59:59.999,42980.315,684,32754.2,22459.1655
2025-03-09 22:00:00,0.683,0.684,0.675,0.676,124676.0,2025-03-09 22:59:59.999,84738.124,1019,46160.1,31389.1577
2025-03-09 23:00:00,0.677,0.684,0.673,0.68,108560.6,2025-03-09 23:59:59.999,73600.4152,1284,62909.4,42660.6413
2025-03-10 00:00:00,0.68,0.686,0.669,0.685,269981.0,2025-03-10 00:59:59.999,182406.5214,2252,127282.2,86071.1084
2025-03-10 01:00:00,0.684,0.689,0.68,0.683,145812.1,2025-03-10 01:59:59.999,99764.8391,1231,81645.1,55877.3114
2025-03-10 02:00:00,0.682,0.692,0.681,0.688,138918.3,2025-03-10 02:59:59.999,95425.9674,1016,75859.8,52156.0973
2025-03-10 03:00:00,0.688,0.696,0.684,0.69,260281.9,2025-03-10 03:59:59.999,180031.6813,1332,176012.1,121779.2295
2025-03-10 04:00:00,0.69,0.699,0.689,0.698,97328.8,2025-03-10 04:59:59.999,67686.7294,719,54554.9,37923.1866
2025-03-10 05:00:00,0.699,0.701,0.694,0.696,65088.3,2025-03-10 05:59:59.999,45359.454,438,33696.3,23473.7497
2025-03-10 06:00:00,0.696,0.697,0.693,0.696,46450.8,2025-03-10 06:59:59.999,32288.8051,392,23187.0,16126.0692
2025-03-10 07:00:00,0.696,0.702,0.696,0.701,54617.6,2025-03-10 07:59:59.999,38140.8193,533,26702.0,18640.4123
2025-03-10 08:00:00,0.7,0.7,0.69,0.692,186645.6,2025-03-10 08:59:59.999,129445.4401,692,64080.1,44440.808
2025-03-10 09:00:00,0.692,0.721,0.692,0.708,957157.5,2025-03-10 09:59:59.999,678429.5777,3836,621047.4,439771.7238
2025-03-10 10:00:00,0.708,0.711,0.703,0.708,102779.6,2025-03-10 10:59:59.999,72720.2629,1171,50947.5,36056.2107
2025-03-10 11:00:00,0.709,0.72,0.705,0.718,67675.4,2025-03-10 11:59:59.999,48224.524,940,39340.0,28012.2317
2025-03-10 12:00:00,0.718,0.727,0.717,0.725,99154.9,2025-03-10 12:59:59.999,71634.3346,1094,47505.6,34295.8956
2025-03-10 13:00:00,0.725,0.727,0.707,0.708,137936.4,2025-03-10 13:59:59.999,98699.0217,1393,63774.8,45633.5479
2025-03-10 14:00:00,0.708,0.708,0.68,0.684,413305.3,2025-03-10 14:59:59.999,285686.4445,3609,199881.1,138179.4508
2025-03-10 15:00:00,0.685,0.698,0.682,0.689,211885.5,2025-03-10 15:59:59.999,146175.9918,2052,109564.1,75527.7378
2025-03-10 16:00:00,0.689,0.69,0.676,0.678,114828.6,2025-03-10 16:59:59.999,78414.6929,1721,64374.7,43978.2527
2025-03-10 17:00:00,0.678,0.68,0.658,0.66,298695.1,2025-03-10 17:59:59.999,199574.4716,3060,155023.3,103562.3442
2025-03-10 18:00:00,0.66,0.668,0.64,0.641,875834.7,2025-03-10 18:59:59.999,574156.848,3526,486938.1,320122.7853
2025-03-10 19:00:00,0.642,0.661,0.64,0.658,1073403.3,2025-03-10 19:59:59.999,700853.3286,3409,768634.1,502157.5222
2025-03-10 20:00:00,0.658,0.66,0.646,0.653,477282.6,2025-03-10 20:59:59.999,311161.7956,1933,281464.9,183758.0567
2025-03-10 21:00:00,0.653,0.658,0.649,0.651,125810.8,2025-03-10 21:59:59.999,82201.1233,1351,68536.6,44773.0031
2025-03-10 22:00:00,0.651,0.653,0.643,0.646,145638.5,2025-03-10 22:59:59.999,94141.1198,1280,81829.4,52912.47
2025-03-10 23:00:00,0.646,0.65,0.638,0.639,149900.5,2025-03-10 23:59:59.999,96641.6767,1743,74739.9,48172.8197
2025-03-11 00:00:00,0.64,0.647,0.608,0.622,634778.7,2025-03-11 00:59:59.999,395311.4983,5394,291376.7,181552.6886
2025-03-11 01:00:00,0.622,0.643,0.611,0.643,340474.8,2025-03-11 01:59:59.999,213289.2336,3617,161269.5,101025.7177
2025-03-11 02:00:00,0.644,0.65,0.641,0.648,160657.5,2025-03-11 02:59:59.999,103754.9197,1133,58294.1,37647.7082
2025-03-11 03:00:00,0.648,0.653,0.643,0.644,130374.9,2025-03-11 03:59:59.999,84525.3668,987,63734.5,41329.8348
2025-03-11 04:00:00,0.644,0.65,0.642,0.644,101801.7,2025-03-11 04:59:59.999,65699.8171,1060,45745.5,29539.5687
2025-03-11 05:00:00,0.644,0.657,0.644,0.652,152978.9,2025-03-11 05:59:59.999,99794.1946,1269,73413.3,47850.5613
2025-03-11 06:00:00,0.652,0.656,0.649,0.649,124250.9,2025-03-11 06:59:59.999,81102.3726,1002,48352.3,31609.7673
2025-03-11 07:00:00,0.649,0.658,0.649,0.651,282038.9,2025-03-11 07:59:59.999,183950.0378,1013,74996.9,48940.5775
2025-03-11 08:00:00,0.651,0.658,0.649,0.654,184845.1,2025-03-11 08:59:59.999,120660.7245,1272,107174.3,69959.7402
2025-03-11 09:00:00,0.655,0.661,0.654,0.656,146045.2,2025-03-11 09:59:59.999,95949.2078,880,71700.4,47104.6097
2025-03-11 10:00:00,0.655,0.663,0.654,0.661,142498.6,2025-03-11 10:59:59.999,94005.3071,920,84244.8,55598.1475
2025-03-11 11:00:00,0.661,0.673,0.657,0.668,214637.2,2025-03-11 11:59:59.999,142648.6294,1086,121184.5,80560.6019
2025-03-11 12:00:00,0.668,0.669,0.661,0.663,150769.0,2025-03-11 12:59:59.999,100183.716,931,60265.5,40073.5921
2025-03-11 13:00:00,0.662,0.68,0.657,0.673,628236.7,2025-03-11 13:59:59.999,422138.4316,3047,324396.8,218246.1996
2025-03-11 14:00:00,0.673,0.676,0.649,0.652,425553.0,2025-03-11 14:59:59.999,281603.3986,4679,231613.8,153186.4642
2025-03-11 15:00:00,0.651,0.672,0.651,0.67,364755.6,2025-03-11 15:59:59.999,242014.8652,3195,193650.4,128650.8261
2025-03-11 16:00:00,0.67,0.678,0.665,0.671,361435.9,2025-03-11 16:59:59.999,242938.6881,3177,182615.7,122731.34
2025-03-11 17:00:00,0.67,0.671,0.66,0.664,129815.4,2025-03-11 17:59:59.999,86477.7048,895,84909.7,56541.3734
2025-03-11 18:00:00,0.664,0.689,0.664,0.686,646594.0,2025-03-11 18:59:59.999,438926.3636,2062,491795.7,333642.5354
2025-03-11 19:00:00,0.686,0.691,0.684,0.687,125207.7,2025-03-11 19:59:59.999,86027.1375,976,63821.4,43884.8486
2025-03-11 20:00:00,0.687,0.688,0.68,0.68,83620.8,2025-03-11 20:59:59.999,57181.7381,556,30193.8,20663.5422
2025-03-11 21:00:00,0.681,0.684,0.678,0.68,45163.2,2025-03-11 21:59:59.999,30781.5327,428,19649.8,13398.9143
2025-03-11 22:00:00,0.68,0.684,0.678,0.682,93040.1,2025-03-11 22:59:59.999,63389.3549,700,63441.0,43261.0603
2025-03-11 23:00:00,0.682,0.684,0.673,0.675,90939.6,2025-03-11 23:59:59.999,61563.7236,699,40960.7,27729.7733
2025-03-12 00:00:00,0.676,0.677,0.67,0.673,125215.5,2025-03-12 00:59:59.999,84374.8082,1208,66100.4,44538.6324
2025-03-12 01:00:00,0.673,0.686,0.672,0.682,123618.1,2025-03-12 01:59:59.999,84070.021,1076,72547.0,49314.5981
2025-03-12 02:00:00,0.681,0.684,0.672,0.673,245640.8,2025-03-12 02:59:59.999,166436.636,1129,89516.6,60696.9155
2025-03-12 03:00:00,0.673,0.676,0.663,0.663,90627.0,2025-03-12 03:59:59.999,60670.5012,573,46158.7,30894.4999
2025-03-12 04:00:00,0.663,0.666,0.658,0.662,117133.5,2025-03-12 04:59:59.999,77519.5428,757,57898.1,38317.5236
2025-03-12 05:00:00,0.662,0.668,0.662,0.667,66193.9,2025-03-12 05:59:59.999,44006.7217,485,30275.4,20137.5129
2025-03-12 06:00:00,0.666,0.67,0.664,0.667,81439.9,2025-03-12 06:59:59.999,54269.4207,473,34589.5,23030.9236
2025-03-12 07:00:00,0.666,0.68,0.666,0.678,96506.8,2025-03-12 07:59:59.999,65125.1108,918,39680.1,26813.6278
2025-03-12 08:00:00,0.678,0.69,0.676,0.688,139521.1,2025-03-12 08:59:59.999,95238.8813,1447,67113.0,45862.9352
2025-03-12 09:00:00,0.688,0.694,0.68,0.685,132320.7,2025-03-12 09:59:59.999,90869.9192,1423,70054.8,48114.214
2025-03-12 10:00:00,0.685,0.687,0.68,0.685,73734.5,2025-03-12 10:59:59.999,50373.7397,1001,32836.1,22443.6378
2025-03-12 11:00:00,0.686,0.69,0.685,0.69,133279.0,2025-03-12 11:59:59.999,91721.8787,830,46145.8,31768.6138
2025-03-12 12:00:00,0.69,0.707,0.687,0.702,365130.7,2025-03-12 12:59:59.999,255694.471,2989,174040.2,121906.6896
2025-03-12 13:00:00,0.703,0.703,0.683,0.685,260217.2,2025-03-12 13:59:59.999,180733.0212,2110,104180.1,72219.318
2025-03-12 14:00:00,0.685,0.685,0.675,0.675,156778.7,2025-03-12 14:59:59.999,106738.9441,1759,87319.0,59475.1999
2025-03-12 15:00:00,0.675,0.676,0.667,0.675,144680.5,2025-03-12 15:59:59.999,97202.216,1549,70111.1,47101.6526
2025-03-12 16:00:00,0.675,0.685,0.674,0.68,123510.6,2025-03-12 16:59:59.999,83973.7728,886,55206.5,37518.2666
2025-03-12 17:00:00,0.679,0.687,0.677,0.678,115450.0,2025-03-12 17:59:59.999,78840.3957,1196,66291.7,45279.1071
2025-03-12 18:00:00,0.678,0.689,0.677,0.685,96537.5,2025-03-12 18:59:59.999,66140.3167,814,64897.4,44507.2036
2025-03-12 19:00:00,0.685,0.689,0.682,0.685,85123.1,2025-03-12 19:59:59.999,58360.5725,1157,40490.0,27772.7679
2025-03-12 20:00:00,0.685,0.688,0.684,0.687,54180.8,2025-03-12 20:59:59.999,37204.6571,694,34324.6,23576.3458
2025-03-12 21:00:00,0.688,0.691,0.683,0.685,72200.9,2025-03-12 21:59:59.999,49665.1519,710,39755.7,27353.7907
2025-03-12 22:00:00,0.685,0.691,0.684,0.69,69162.8,2025-03-12 22:59:59.999,47615.7799,895,37025.0,25488.4888
2025-03-12 23:00:00,0.69,0.69,0.686,0.687,115469.5,2025-03-12 23:59:59.999,79464.5136,1121,32261.1,22208.4052
2025-03-13 00:00:00,0.687,0.69,0.681,0.681,125990.1,2025-03-13 00:59:59.999,86398.7754,1207,59230.8,40643.3336
2025-03-13 01:00:00,0.682,0.686,0.679,0.684,121855.1,2025-03-13 01:59:59.999,83130.4337,1010,60735.0,41452.4217
2025-03-13 02:00:00,0.684,0.688,0.681,0.681,143577.1,2025-03-13 02:59:59.999,98416.534,984,72081.9,49438.6186
2025-03-13 03:00:00,0.682,0.687,0.68,0.683,92416.8,2025-03-13 03:59:59.999,63243.1079,783,48505.9,33195.7428
2025-03-13 04:00:00,0.683,0.686,0.678,0.68,68349.2,2025-03-13 04:59:59.999,46683.4564,796,30852.2,21082.6378
2025-03-13 05:00:00,0.68,0.685,0.676,0.677,131598.1,2025-03-13 05:59:59.999,89589.8889,1006,69125.0,47091.832
2025-03-13 06:00:00,0.678,0.681,0.674,0.679,139635.7,2025-03-13 06:59:59.999,94570.4962,957,81359.7,55114.1485
2025-03-13 07:00:00,0.679,0.684,0.678,0.679,119652.8,2025-03-13 07:59:59.999,81434.1069,941,55663.8,37867.904
2025-03-13 08:00:00,0.679,0.682,0.674,0.68,174466.0,2025-03-13 08:59:59.999,118452.4536,1318,91544.9,62171.4706
2025-03-13 09:00:00,0.681,0.692,0.68,0.691,175681.9,2025-03-13 09:59:59.999,120465.1078,1553,97643.1,66958.5639
2025-03-13 10:00:00,0.69,0.694,0.686,0.692,147193.3,2025-03-13 10:59:59.999,101612.5703,1442,75281.3,51960.0904
2025-03-13 11:00:00,0.692,0.693,0.686,0.69,99947.5,2025-03-13 11:59:59.999,68865.0822,1252,36681.7,25282.8703
2025-03-13 12:00:00,0.691,0.701,0.686,0.687,184907.8,2025-03-13 12:59:59.999,128054.1552,2210,89771.4,62185.0345
2025-03-13 13:00:00,0.687,0.693,0.677,0.68,183020.8,2025-03-13 13:59:59.999,125592.6947,2105,78223.5,53702.3245
2025-03-13 14:00:00,0.679,0.686,0.677,0.682,175149.0,2025-03-13 14:59:59.999,119538.9158,1797,95772.3,65363.4442
2025-03-13 15:00:00,0.683,0.683,0.676,0.677,157687.6,2025-03-13 15:59:59.999,107060.079,1733,92048.8,62494.9796
2025-03-13 16:00:00,0.678,0.679,0.669,0.67,152238.9,2025-03-13 16:59:59.999,102512.5089,1255,75153.2,50613.6813
2025-03-13 17:00:00,0.671,0.672,0.664,0.665,93835.4,2025-03-13 17:59:59.999,62760.7308,912,31920.8,21347.4851
2025-03-13 18:00:00,0.666,0.674,0.665,0.67,54264.0,2025-03-13 18:59:59.999,36404.2776,463,18520.8,12421.7451
2025-03-13 19:00:00,0.67,0.672,0.665,0.668,75692.3,2025-03-13 19:59:59.999,50592.147,791,39244.3,26223.5838
2025-03-13 20:00:00,0.669,0.67,0.662,0.663,83521.7,2025-03-13 20:59:59.999,55657.9888,631,40742.1,27149.6573
2025-03-13 21:00:00,0.663,0.669,0.662,0.669,53351.3,2025-03-13 21:59:59.999,35508.3861,518,30133.8,20059.687
2025-03-13 22:00:00,0.669,0.677,0.668,0.676,50988.8,2025-03-13 22:59:59.999,34277.6042,304,26581.5,17880.0899
2025-03-13 23:00:00,0.676,0.679,0.675,0.676,130803.8,2025-03-13 23:59:59.999,88526.0125,816,41164.0,27873.9846
2025-03-14 00:00:00,0.677,0.683,0.674,0.68,126398.6,2025-03-14 00:59:59.999,85730.6455,1111,57969.9,39333.1341
2025-03-14 01:00:00,0.68,0.683,0.676,0.68,108820.3,2025-03-14 01:59:59.999,73965.4706,1217,57058.0,38778.828
2025-03-14 02:00:00,0.68,0.689,0.68,0.688,89172.9,2025-03-14 02:59:59.999,61117.9232,840,54875.0,37624.6476
2025-03-14 03:00:00,0.689,0.689,0.683,0.686,63240.9,2025-03-14 03:59:59.999,43367.0551,575,22460.4,15402.6365
2025-03-14 04:00:00,0.687,0.688,0.684,0.685,47597.8,2025-03-14 04:59:59.999,32664.9016,422,13417.4,9210.184
2025-03-14 05:00:00,0.685,0.688,0.683,0.687,55665.1,2025-03-14 05:59:59.999,38192.2011,816,24356.6,16716.5142
2025-03-14 06:00:00,0.687,0.688,0.683,0.686,41821.5,2025-03-14 06:59:59.999,28661.7632,578,18412.6,12617.425
2025-03-14 07:00:00,0.686,0.691,0.685,0.689,46932.2,2025-03-14 07:59:59.999,32244.3286,604,19000.5,13056.2348
2025-03-14 08:00:00,0.689,0.696,0.689,0.693,112117.7,2025-03-14 08:59:59.999,77593.576,1122,57974.0,40127.4211
2025-03-14 09:00:00,0.694,0.696,0.692,0.693,78032.2,2025-03-14 09:59:59.999,54132.0729,755,31402.3,21785.2668
2025-03-14 10:00:00,0.693,0.698,0.69,0.695,96556.3,2025-03-14 10:59:59.999,67068.8973,925,33006.7,22927.1499
2025-03-14 11:00:00,0.695,0.697,0.694,0.695,100731.8,2025-03-14 11:59:59.999,70087.6209,739,46448.3,32307.2882
2025-03-14 12:00:00,0.695,0.698,0.692,0.694,72049.5,2025-03-14 12:59:59.999,50098.0631,548,21331.1,14839.4018
2025-03-14 13:00:00,0.694,0.698,0.692,0.696,191714.2,2025-03-14 13:59:59.999,133272.2461,1458,63234.7,43947.1147
2025-03-14 14:00:00,0.696,0.699,0.691,0.697,283707.9,2025-03-14 14:59:59.999,197176.6871,2926,107909.1,75036.3607
2025-03-14 15:00:00,0.698,0.708,0.697,0.702,126009.7,2025-03-14 15:59:59.999,88691.6229,1673,60863.7,42849.6013
2025-03-14 16:00:00,0.703,0.705,0.699,0.704,81447.8,2025-03-14 16:59:59.999,57175.3449,862,32250.3,22656.7501
2025-03-14 17:00:00,0.704,0.704,0.699,0.7,69538.0,2025-03-14 17:59:59.999,48750.1692,938,20633.8,14473.6765
2025-03-14 18:00:00,0.701,0.703,0.698,0.702,29760.9,2025-03-14 18:59:59.999,20850.3195,419,11079.3,7768.3192
2025-03-14 19:00:00,0.702,0.707,0.702,0.705,81315.1,2025-03-14 19:59:59.999,57317.0956,446,23756.8,16753.6828
2025-03-14 20:00:00,0.705,0.707,0.702,0.707,58417.1,2025-03-14 20:59:59.999,41172.3422,389,18293.7,12911.168
2025-03-14 21:00:00,0.707,0.709,0.704,0.709,57434.7,2025-03-14 21:59:59.999,40593.0204,410,30506.1,21569.7904
2025-03-14 22:00:00,0.71,0.715,0.709,0.714,160180.0,2025-03-14 22:59:59.999,114174.2409,855,82439.4,58780.1189
2025-03-14 23:00:00,0.715,0.715,0.707,0.709,58418.5,2025-03-14 23:59:59.999,41518.418,289,21158.4,15037.6313
2025-03-15 00:00:00,0.708,0.711,0.707,0.708,26123.5,2025-03-15 00:59:59.999,18534.7197,431,11586.1,8220.9334
2025-03-15 01:00:00,0.708,0.708,0.7,0.704,53604.7,2025-03-15 01:59:59.999,37742.8341,469,29281.3,20630.4749
2025-03-15 02:00:00,0.704,0.705,0.7,0.702,90019.5,2025-03-15 02:59:59.999,63179.478,809,51783.9,36338.5232
2025-03-15 03:00:00,0.701,0.705,0.701,0.703,50003.6,2025-03-15 03:59:59.999,35160.8612,692,27951.0,19664.1464
2025-03-15 04:00:00,0.703,0.708,0.701,0.706,55897.8,2025-03-15 04:59:59.999,39396.3506,770,37299.1,26301.7301
2025-03-15 05:00:00,0.707,0.707,0.703,0.706,35160.8,2025-03-15 05:59:59.999,24787.1781,539,15783.9,11134.5948
2025-03-15 06:00:00,0.706,0.707,0.704,0.705,33685.5,2025-03-15 06:59:59.999,23776.4771,684,21199.0,14966.214
2025-03-15 07:00:00,0.706,0.706,0.702,0.705,50879.2,2025-03-15 07:59:59.999,35816.9661,653,22766.3,16011.6863
2025-03-15 08:00:00,0.706,0.707,0.702,0.706,66470.8,2025-03-15 08:59:59.999,46858.0602,1130,42881.1,30228.151
2025-03-15 09:00:00,0.706,0.707,0.704,0.706,42817.6,2025-03-15 09:59:59.999,30219.7966,464,23913.0,16881.0059
2025-03-15 10:00:00,0.706,0.706,0.704,0.706,44814.1,2025-03-15 10:59:59.999,31594.4619,473,33090.1,23331.2745
2025-03-15 11:00:00,0.705,0.707,0.704,0.707,28774.0,2025-03-15 11:59:59.999,20304.3625,333,11641.3,8218.5
2025-03-15 12:00:00,0.706,0.709,0.706,0.707,29968.1,2025-03-15 12:59:59.999,21190.9093,255,17071.6,12075.2948
2025-03-15 13:00:00,0.707,0.712,0.706,0.711,27477.5,2025-03-15 13:59:59.999,19489.1925,402,17541.3,12437.5732
2025-03-15 14:00:00,0.711,0.711,0.708,0.708,36228.7,2025-03-15 14:59:59.999,25690.5131,430,12621.1,8949.8373
2025-03-15 15:00:00,0.709,0.711,0.709,0.711,30834.1,2025-03-15 15:59:59.999,21887.0009,450,12501.1,8876.2905
2025-03-15 16:00:00,0.711,0.713,0.708,0.71,35829.7,2025-03-15 16:59:59.999,25435.5821,398,21923.5,15564.781
2025-03-15 17:00:00,0.71,0.712,0.709,0.711,42294.8,2025-03-15 17:59:59.999,30071.3076,425,30022.0,21346.4429
2025-03-15 18:00:00,0.712,0.714,0.709,0.711,87245.0,2025-03-15 18:59:59.999,62093.6025,402,65416.9,46577.6297
2025-03-15 19:00:00,0.71,0.712,0.71,0.712,40517.5,2025-03-15 19:59:59.999,28803.1512,368,29758.4,21151.6315
2025-03-15 20:00:00,0.712,0.717,0.712,0.713,56866.0,2025-03-15 20:59:59.999,40640.4014,343,38978.6,27869.4549
2025-03-15 21:00:00,0.712,0.717,0.712,0.715,94110.6,2025-03-15 21:59:59.999,67204.0319,403,67584.0,48264.6537
2025-03-15 22:00:00,0.715,0.715,0.711,0.712,30750.6,2025-03-15 22:59:59.999,21928.2927,252,21350.9,15231.3717
2025-03-15 23:00:00,0.712,0.713,0.711,0.712,42458.0,2025-03-15 23:59:59.999,30220.6311,344,33655.8,23957.5574
2025-03-16 00:00:00,0.712,0.713,0.709,0.71,95977.1,2025-03-16 00:59:59.999,68218.9664,799,45354.5,32235.9211
2025-03-16 01:00:00,0.71,0.711,0.706,0.706,57800.4,2025-03-16 01:59:59.999,40920.4948,524,26867.0,19003.2907
2025-03-16 02:00:00,0.706,0.709,0.704,0.707,96041.5,2025-03-16 02:59:59.999,67767.2999,714,49253.4,34767.547
2025-03-16 03:00:00,0.706,0.712,0.706,0.712,29371.2,2025-03-16 03:59:59.999,20852.061,340,16815.5,11932.3021
2025-03-16 04:00:00,0.712,0.715,0.711,0.714,45418.7,2025-03-16 04:59:59.999,32395.3533,421,16626.4,11859.9557
2025-03-16 05:00:00,0.714,0.718,0.714,0.717,60485.4,2025-03-16 05:59:59.999,43328.7291,438,24791.1,17760.8531
2025-03-16 06:00:00,0.718,0.718,0.715,0.716,20371.7,2025-03-16 06:59:59.999,14595.3412,132,6812.8,4882.8858
2025-03-16 07:00:00,0.716,0.716,0.711,0.715,28748.7,2025-03-16 07:59:59.999,20529.4857,318,20379.4,14551.6094
2025-03-16 08:00:00,0.715,0.716,0.712,0.713,18661.6,2025-03-16 08:59:59.999,13309.76,232,8109.1,5782.754
2025-03-16 09:00:00,0.713,0.713,0.704,0.707,66947.7,2025-03-16 09:59:59.999,47365.1578,521,24120.9,17080.0565
2025-03-16 10:00:00,0.706,0.708,0.701,0.702,65036.9,2025-03-16 10:59:59.999,45768.1152,505,50791.8,35738.6078
2025-03-16 11:00:00,0.702,0.702,0.689,0.69,96576.2,2025-03-16 11:59:59.999,67197.5737,1101,66018.2,45961.9471
2025-03-16 12:00:00,0.689,0.694,0.687,0.687,306769.0,2025-03-16 12:59:59.999,211719.4363,972,195077.4,134608.9517
2025-03-16 13:00:00,0.687,0.692,0.681,0.683,75878.9,2025-03-16 13:59:59.999,52082.79,1056,30727.2,21114.7384
2025-03-16 14:00:00,0.682,0.689,0.682,0.689,60234.2,2025-03-16 14:59:59.999,41243.9046,666,39662.8,27157.5729
2025-03-16 15:00:00,0.689,0.689,0.683,0.688,78204.8,2025-03-16 15:59:59.999,53671.3921,967,18076.7,12400.8261
2025-03-16 16:00:00,0.687,0.7,0.687,0.694,118486.4,2025-03-16 16:59:59.999,82431.7605,1873,52546.2,36560.4603
2025-03-16 17:00:00,0.694,0.697,0.689,0.694,102603.8,2025-03-16 17:59:59.999,71150.9984,1182,46018.6,31917.1923
2025-03-16 18:00:00,0.694,0.695,0.69,0.691,87936.4,2025-03-16 18:59:59.999,60888.3865,978,47446.2,32848.1513
2025-03-16 19:00:00,0.691,0.691,0.682,0.682,62764.5,2025-03-16 19:59:59.999,43010.7427,1064,28471.8,19525.0262
2025-03-16 20:00:00,0.683,0.685,0.68,0.684,74031.8,2025-03-16 20:59:59.999,50551.8909,756,41252.6,28169.4613
2025-03-16 21:00:00,0.684,0.685,0.681,0.682,20945.4,2025-03-16 21:59:59.999,14302.9285,289,9330.6,6371.9167
2025-03-16 22:00:00,0.683,0.683,0.678,0.678,38490.3,2025-03-16 22:59:59.999,26178.3196,636,31688.6,21551.984
2025-03-16 23:00:00,0.678,0.681,0.676,0.681,67935.3,2025-03-16 23:59:59.999,46111.046,783,38986.6,26463.6495
2025-03-17 00:00:00,0.681,0.69,0.68,0.689,93617.9,2025-03-17 00:59:59.999,64133.7417,853,65044.0,44557.3148
2025-03-17 01:00:00,0.689,0.694,0.688,0.693,57810.5,2025-03-17 01:59:59.999,39903.4013,741,27570.3,19036.7687
2025-03-17 02:00:00,0.693,0.695,0.691,0.694,51526.9,2025-03-17 02:59:59.999,35717.6785,580,28547.3,19793.101
2025-03-17 03:00:00,0.694,0.696,0.693,0.696,69757.0,2025-03-17 03:59:59.999,48468.4,739,40361.0,28044.2752
2025-03-17 04:00:00,0.696,0.698,0.695,0.698,70627.7,2025-03-17 04:59:59.999,49213.7783,567,33402.8,23285.2708
2025-03-17 05:00:00,0.697,0.697,0.691,0.691,94351.8,2025-03-17 05:59:59.999,65510.9081,767,43045.1,29882.3704
2025-03-17 06:00:00,0.691,0.694,0.687,0.693,48247.6,2025-03-17 06:59:59.999,33345.8078,557,23366.0,16143.5959
2025-03-17 07:00:00,0.693,0.7,0.692,0.699,63408.1,2025-03-17 07:59:59.999,44187.4792,786,38013.4,26496.8097
2025-03-17 08:00:00,0.699,0.7,0.694,0.699,76763.1,2025-03-17 08:59:59.999,53573.7351,610,31793.6,22189.3925
2025-03-17 09:00:00,0.699,0.704,0.699,0.701,70285.3,2025-03-17 09:59:59.999,49317.8575,783,26709.9,18741.3148
2025-03-17 10:00:00,0.702,0.705,0.7,0.705,60490.4,2025-03-17 10:59:59.999,42503.6191,588,35578.9,25003.0104
2025-03-17 11:00:00,0.704,0.706,0.701,0.704,43570.3,2025-03-17 11:59:59.999,30698.4569,476,14331.5,10099.4264
2025-03-17 12:00:00,0.704,0.714,0.703,0.704,281015.1,2025-03-17 12:59:59.999,198774.402,2278,180207.5,127442.9653
2025-03-17 13:00:00,0.704,0.705,0.697,0.699,205394.8,2025-03-17 13:59:59.999,143968.9562,1449,156646.3,109836.6592
2025-03-17 14:00:00,0.698,0.703,0.695,0.7,94178.5,2025-03-17 14:59:59.999,65740.768,1105,44648.7,31174.4136
2025-03-17 15:00:00,0.7,0.711,0.696,0.709,132897.6,2025-03-17 15:59:59.999,93699.5469,803,75688.2,53392.4541
2025-03-17 16:00:00,0.709,0.715,0.709,0.713,84115.6,2025-03-17 16:59:59.999,59883.9779,699,41152.0,29309.9422
2025-03-17 17:00:00,0.713,0.717,0.712,0.715,47693.1,2025-03-17 17:59:59.999,34080.5159,292,24302.2,17373.3982
2025-03-17 18:00:00,0.715,0.718,0.712,0.717,15363.4,2025-03-17 18:59:59.999,10977.2952,229,6938.7,4964.0068
2025-03-17 19:00:00,0.716,0.717,0.711,0.712,52205.5,2025-03-17 19:59:59.999,37276.4943,236,35820.0,25579.9791
2025-03-17 20:00:00,0.712,0.714,0.71,0.711,35557.3,2025-03-17 20:59:59.999,25319.3797,228,24664.0,17562.0715
2025-03-17 21:00:00,0.711,0.717,0.711,0.716,44334.0,2025-03-17 21:59:59.999,31625.8608,240,19388.0,13836.317
2025-03-17 22:00:00,0.716,0.717,0.715,0.716,14404.4,2025-03-17 22:59:59.999,10314.5901,240,7789.2,5579.6497
2025-03-17 23:00:00,0.715,0.717,0.713,0.717,19930.9,2025-03-17 23:59:59.999,14261.7905,254,11894.5,8515.8013
2025-03-18 00:00:00,0.716,0.718,0.712,0.713,59107.8,2025-03-18 00:59:59.999,42324.9269,427,29001.6,20766.1143
2025-03-18 01:00:00,0.713,0.714,0.705,0.707,131816.7,2025-03-18 01:59:59.999,93574.5881,1138,49419.8,35095.8508
2025-03-18 02:00:00,0.707,0.711,0.705,0.71,117747.6,2025-03-18 02:59:59.999,83429.9941,828,76774.6,54432.5391
2025-03-18 03:00:00,0.709,0.711,0.705,0.706,62242.9,2025-03-18 03:59:59.999,44054.3625,588,8998.9,6368.8404
2025-03-18 04:00:00,0.706,0.708,0.704,0.706,36937.1,2025-03-18 04:59:59.999,26079.3149,397,27912.1,19710.3433
2025-03-18 05:00:00,0.706,0.711,0.705,0.71,38313.4,2025-03-18 05:59:59.999,27134.4461,405,20740.5,14684.5737
2025-03-18 06:00:00,0.71,0.71,0.697,0.698,84306.1,2025-03-18 06:59:59.999,59145.9879,724,48603.4,34052.3938
2025-03-18 07:00:00,0.697,0.707,0.697,0.707,124342.3,2025-03-18 07:59:59.999,87447.3585,835,68723.6,48332.8548
2025-03-18 08:00:00,0.707,0.712,0.706,0.711,72613.0,2025-03-18 08:59:59.999,51429.6373,534,47960.9,33973.6816
2025-03-18 09:00:00,0.711,0.713,0.709,0.709,69646.7,2025-03-18 09:59:59.999,49566.9019,669,37397.6,26621.7458
2025-03-18 10:00:00,0.709,0.71,0.706,0.706,71227.4,2025-03-18 10:59:59.999,50367.9324,629,17594.2,12450.752
2025-03-18 11:00:00,0.707,0.707,0.699,0.7,88441.4,2025-03-18 11:59:59.999,62056.6203,583,24794.7,17440.6233
2025-03-18 12:00:00,0.7,0.703,0.698,0.699,52588.1,2025-03-18 12:59:59.999,36802.931,452,30910.3,21641.7684
2025-03-18 13:00:00,0.699,0.703,0.687,0.689,171674.7,2025-03-18 13:59:59.999,119219.9673,1369,105050.5,72991.9924
2025-03-18 14:00:00,0.688,0.693,0.687,0.691,66182.7,2025-03-18 14:59:59.999,45632.5635,715,33288.6,22965.1655
2025-03-18 15:00:00,0.691,0.691,0.684,0.685,77969.9,2025-03-18 15:59:59.999,53663.1866,1047,41863.2,28828.0353
2025-03-18 16:00:00,0.685,0.691,0.683,0.687,70176.9,2025-03-18 16:59:59.999,48189.3279,843,44560.3,30614.3301
2025-03-18 17:00:00,0.687,0.687,0.681,0.683,53001.7,2025-03-18 17:59:59.999,36224.3156,590,28534.8,19508.9967
2025-03-18 18:00:00,0.682,0.686,0.679,0.684,52506.7,2025-03-18 18:59:59.999,35864.5953,619,33269.7,22731.6641
2025-03-18 19:00:00,0.685,0.691,0.683,0.689,52055.3,2025-03-18 19:59:59.999,35719.7508,650,28972.1,19886.7589
2025-03-18 20:00:00,0.69,0.694,0.687,0.694,44328.1,2025-03-18 20:59:59.999,30593.7631,379,25144.6,17364.1737
2025-03-18 21:00:00,0.694,0.699,0.694,0.695,54469.3,2025-03-18 21:59:59.999,37907.7708,639,30653.6,21335.2105
2025-03-18 22:00:00,0.696,0.703,0.695,0.702,61661.8,2025-03-18 22:59:59.999,43143.4021,532,40947.1,28641.8082
2025-03-18 23:00:00,0.702,0.709,0.702,0.709,57609.3,2025-03-18 23:59:59.999,40680.3403,753,34567.5,24397.3551
2025-03-19 00:00:00,0.709,0.717,0.709,0.717,150313.2,2025-03-19 00:59:59.999,107282.7273,868,86454.3,61714.2572
2025-03-19 01:00:00,0.717,0.723,0.717,0.718,145188.6,2025-03-19 01:59:59.999,104595.2766,908,63215.0,45550.1233
2025-03-19 02:00:00,0.718,0.721,0.716,0.72,33882.5,2025-03-19 02:59:59.999,24357.9148,429,19216.7,13820.1394
2025-03-19 03:00:00,0.721,0.724,0.719,0.724,37670.4,2025-03-19 03:59:59.999,27177.698,448,20881.7,15072.6733
2025-03-19 04:00:00,0.725,0.725,0.721,0.721,49228.3,2025-03-19 04:59:59.999,35567.5773,322,24854.8,17970.987
2025-03-19 05:00:00,0.722,0.723,0.72,0.722,46714.2,2025-03-19 05:59:59.999,33678.408,239,14069.3,10151.0556
2025-03-19 06:00:00,0.721,0.722,0.719,0.721,69004.1,2025-03-19 06:59:59.999,49692.5822,350,19334.1,13927.9896
2025-03-19 07:00:00,0.722,0.722,0.715,0.716,57734.3,2025-03-19 07:59:59.999,41461.1719,320,23359.3,16770.0188
2025-03-19 08:00:00,0.716,0.726,0.716,0.72,140132.8,2025-03-19 08:59:59.999,101071.8662,786,87617.0,63192.5207
2025-03-19 09:00:00,0.719,0.719,0.711,0.711,269128.4,2025-03-19 09:59:59.999,192440.6626,813,75862.2,54183.3898
2025-03-19 10:00:00,0.712,0.719,0.709,0.714,196065.6,2025-03-19 10:59:59.999,139899.9265,1060,135803.6,96906.8392
2025-03-19 11:00:00,0.713,0.724,0.712,0.717,300210.6,2025-03-19 11:59:59.999,216354.7865,1100,132304.9,95276.7418
2025-03-19 12:00:00,0.718,0.719,0.712,0.715,95156.6,2025-03-19 12:59:59.999,67987.4596,828,45687.0,32642.5315
2025-03-19 13:00:00,0.715,0.725,0.714,0.722,289594.0,2025-03-19 13:59:59.999,208639.0592,2754,163316.4,117611.5662
2025-03-19 14:00:00,0.721,0.727,0.719,0.722,118919.8,2025-03-19 14:59:59.999,85936.9842,1255,44737.7,32352.5697
2025-03-19 15:00:00,0.722,0.728,0.72,0.726,56636.8,2025-03-19 15:59:59.999,40986.2509,580,34495.6,24954.856
2025-03-19 16:00:00,0.727,0.727,0.72,0.721,177852.0,2025-03-19 16:59:59.999,128601.2191,805,75279.7,54535.3779
2025-03-19 17:00:00,0.721,0.721,0.713,0.716,104216.2,2025-03-19 17:59:59.999,74632.9399,877,62037.9,44418.667
2025-03-19 18:00:00,0.716,0.725,0.712,0.724,280008.1,2025-03-19 18:59:59.999,201078.5403,2218,149904.2,107728.3287
2025-03-19 19:00:00,0.724,0.727,0.721,0.722,84123.4,2025-03-19 19:59:59.999,60871.6427,1395,35733.3,25868.6624
2025-03-19 20:00:00,0.723,0.728,0.722,0.723,34340.9,2025-03-19 20:59:59.999,24886.541,486,22574.5,16365.0252
2025-03-19 21:00:00,0.723,0.726,0.722,0.723,26278.7,2025-03-19 21:59:59.999,19026.4296,277,9127.6,6611.5807
2025-03-19 22:00:00,0.724,0.729,0.723,0.726,41839.8,2025-03-19 22:59:59.999,30346.6879,401,23387.9,16964.3707
2025-03-19 23:00:00,0.727,0.73,0.726,0.729,31707.7,2025-03-19 23:59:59.999,23086.1025,316,12066.0,8787.8044
2025-03-20 00:00:00,0.73,0.733,0.724,0.726,101534.9,2025-03-20 00:59:59.999,73995.9683,684,50672.2,36944.3272
2025-03-20 01:00:00,0.725,0.728,0.724,0.726,66666.3,2025-03-20 01:59:59.999,48372.9361,445,35633.9,25861.2105
2025-03-20 02:00:00,0.726,0.727,0.724,0.726,44892.5,2025-03-20 02:59:59.999,32555.9249,362,21344.8,15477.4934
2025-03-20 03:00:00,0.727,0.727,0.725,0.725,34412.8,2025-03-20 03:59:59.999,25002.4525,160,10681.4,7757.873
2025-03-20 04:00:00,0.725,0.728,0.725,0.728,42919.0,2025-03-20 04:59:59.999,31199.8775,293,21314.4,15494.3658
2025-03-20 05:00:00,0.728,0.729,0.725,0.728,35415.0,2025-03-20 05:59:59.999,25745.5111,275,23460.7,17058.4879
2025-03-20 06:00:00,0.728,0.729,0.723,0.725,215964.6,2025-03-20 06:59:59.999,156364.8615,313,104055.7,75291.1476
2025-03-20 07:00:00,0.725,0.725,0.721,0.724,257527.5,2025-03-20 07:59:59.999,185960.6852,506,146982.8,106120.166
2025-03-20 08:00:00,0.723,0.728,0.722,0.728,49690.5,2025-03-20 08:59:59.999,36055.6617,318,19907.0,14454.8845
2025-03-20 09:00:00,0.728,0.728,0.723,0.723,31673.4,2025-03-20 09:59:59.999,22980.3167,194,10674.3,7739.0324
2025-03-20 10:00:00,0.724,0.724,0.712,0.714,101597.2,2025-03-20 10:59:59.999,72734.4779,700,43218.6,30918.9567
2025-03-20 11:00:00,0.714,0.715,0.713,0.713,116533.8,2025-03-20 11:59:59.999,83127.6658,512,56688.7,40446.8044
2025-03-20 12:00:00,0.712,0.716,0.711,0.716,79565.0,2025-03-20 12:59:59.999,56683.519,456,61665.2,43931.2505
2025-03-20 13:00:00,0.715,0.717,0.711,0.714,117038.4,2025-03-20 13:59:59.999,83478.7872,841,68481.9,48852.4239
2025-03-20 14:00:00,0.715,0.725,0.715,0.724,107405.4,2025-03-20 14:59:59.999,77384.1695,768,55214.7,39751.4936
2025-03-20 15:00:00,0.724,0.724,0.714,0.715,77544.9,2025-03-20 15:59:59.999,55763.0027,762,30369.8,21846.9699
2025-03-20 16:00:00,0.715,0.718,0.705,0.707,165594.3,2025-03-20 16:59:59.999,117877.2588,1245,70837.1,50350.6418
2025-03-20 17:00:00,0.706,0.712,0.706,0.709,48838.9,2025-03-20 17:59:59.999,34621.5416,608,30289.2,21482.9795
2025-03-20 18:00:00,0.71,0.712,0.708,0.708,110245.5,2025-03-20 18:59:59.999,78250.0844,617,75227.8,53413.7209
2025-03-20 19:00:00,0.709,0.711,0.707,0.708,36922.3,2025-03-20 19:59:59.999,26208.7601,365,17263.5,12258.1006
2025-03-20 20:00:00,0.709,0.711,0.707,0.709,38928.8,2025-03-20 20:59:59.999,27644.6858,200,21789.8,15474.861
2025-03-20 21:00:00,0.709,0.71,0.703,0.704,38965.1,2025-03-20 21:59:59.999,27538.2582,260,7455.2,5272.9344
2025-03-20 22:00:00,0.704,0.707,0.702,0.705,39691.4,2025-03-20 22:59:59.999,27956.0264,414,24344.8,17157.1973
2025-03-20 23:00:00,0.705,0.709,0.703,0.709,25184.5,2025-03-20 23:59:59.999,17778.2189,261,16108.5,11371.6051
2025-03-21 00:00:00,0.709,0.713,0.708,0.711,71097.7,2025-03-21 00:59:59.999,50566.1613,489,44244.4,31478.0121
2025-03-21 01:00:00,0.711,0.712,0.707,0.709,33272.7,2025-03-21 01:59:59.999,23589.8525,244,15899.1,11263.1218
2025-03-21 02:00:00,0.709,0.71,0.705,0.707,45872.5,2025-03-21 02:59:59.999,32445.6267,376,19428.6,13747.3811
2025-03-21 03:00:00,0.707,0.707,0.703,0.703,44805.5,2025-03-21 03:59:59.999,31579.7806,324,15771.5,11119.9857
2025-03-21 04:00:00,0.703,0.707,0.703,0.706,54939.8,2025-03-21 04:59:59.999,38735.5473,232,37511.0,26448.7013
2025-03-21 05:00:00,0.706,0.706,0.702,0.705,59651.8,2025-03-21 05:59:59.999,41973.8652,453,28136.5,19797.1064
2025-03-21 06:00:00,0.704,0.704,0.701,0.703,101681.9,2025-03-21 06:59:59.999,71419.9779,518,40338.5,28347.0324
2025-03-21 07:00:00,0.703,0.703,0.696,0.697,147332.5,2025-03-21 07:59:59.999,102913.5474,467,35853.2,25054.6215
2025-03-21 08:00:00,0.697,0.699,0.694,0.696,63531.5,2025-03-21 08:59:59.999,44208.6182,475,34993.2,24345.625
2025-03-21 09:00:00,0.696,0.699,0.694,0.695,93175.4,2025-03-21 09:59:59.999,64849.9145,563,55477.3,38625.0687
2025-03-21 10:00:00,0.695,0.696,0.69,0.693,77496.7,2025-03-21 10:59:59.999,53720.5464,734,35755.1,24782.6573
2025-03-21 11:00:00,0.693,0.694,0.689,0.692,52230.0,2025-03-21 11:59:59.999,36083.3213,413,29523.6,20407.7529
2025-03-21 12:00:00,0.693,0.694,0.685,0.686,129585.3,2025-03-21 12:59:59.999,89317.6779,608,42574.6,29389.7714
2025-03-21 13:00:00,0.685,0.69,0.682,0.689,90542.8,2025-03-21 13:59:59.999,62122.071,857,56687.0,38889.2723
2025-03-21 14:00:00,0.688,0.692,0.685,0.692,73895.1,2025-03-21 14:59:59.999,50928.494,580,37837.5,26083.5957
2025-03-21 15:00:00,0.692,0.692,0.686,0.687,49004.5,2025-03-21 15:59:59.999,33820.4136,421,23693.1,16359.6532
2025-03-21 16:00:00,0.687,0.691,0.684,0.691,66553.7,2025-03-21 16:59:59.999,45706.6288,502,33875.0,23280.2888
2025-03-21 17:00:00,0.691,0.691,0.687,0.689,21478.4,2025-03-21 17:59:59.999,14800.2367,209,8101.7,5584.4034
2025-03-21 18:00:00,0.688,0.692,0.686,0.69,142553.2,2025-03-21 18:59:59.999,98118.5092,785,73161.7,50379.5199
2025-03-21 19:00:00,0.69,0.691,0.688,0.688,30690.4,2025-03-21 19:59:59.999,21157.1505,268,8899.2,6137.5688
2025-03-21 20:00:00,0.688,0.689,0.686,0.688,53089.5,2025-03-21 20:59:59.999,36476.1833,174,25831.2,17750.2304
2025-03-21 21:00:00,0.687,0.689,0.685,0.686,38698.1,2025-03-21 21:59:59.999,26608.1295,308,20955.4,14410.2997
2025-03-21 22:00:00,0.686,0.686,0.684,0.686,92600.2,2025-03-21 22:59:59.999,63441.4148,426,38812.0,26609.6538
2025-03-21 23:00:00,0.685,0.686,0.684,0.685,21171.5,2025-03-21 23:59:59.999,14515.5996,193,9558.3,6553.4998
2025-03-22 00:00:00,0.686,0.687,0.682,0.682,243119.6,2025-03-22 00:59:59.999,166192.4512,684,117340.2,80256.4507
2025-03-22 01:00:00,0.682,0.685,0.68,0.68,217221.5,2025-03-22 01:59:59.999,148142.992,531,133639.0,91173.0716
2025-03-22 02:00:00,0.679,0.687,0.679,0.686,100548.1,2025-03-22 02:59:59.999,68715.5193,297,74997.0,51282.1717
2025-03-22 03:00:00,0.686,0.692,0.684,0.691,68133.2,2025-03-22 03:59:59.999,46950.4234,274,48019.3,33097.6291
2025-03-22 04:00:00,0.691,0.693,0.69,0.692,36344.8,2025-03-22 04:59:59.999,25164.3082,211,27972.8,19370.3749
2025-03-22 05:00:00,0.693,0.694,0.689,0.692,192779.6,2025-03-22 05:59:59.999,133356.8977,371,70701.4,48991.5903
2025-03-22 06:00:00,0.692,0.695,0.691,0.694,107861.7,2025-03-22 06:59:59.999,74764.338,321,65259.4,45254.2133
2025-03-22 07:00:00,0.694,0.697,0.693,0.694,72650.7,2025-03-22 07:59:59.999,50492.2866,262,38237.6,26589.1961
2025-03-22 08:00:00,0.694,0.699,0.694,0.698,31311.7,2025-03-22 08:59:59.999,21818.064,226,11494.0,8013.268
2025-03-22 09:00:00,0.699,0.707,0.698,0.706,103730.6,2025-03-22 09:59:59.999,73060.8221,903,62472.6,44003.8142
2025-03-22 10:00:00,0.706,0.709,0.706,0.709,79103.5,2025-03-22 10:59:59.999,56038.1052,463,37676.6,26686.8137
2025-03-22 11:00:00,0.708,0.711,0.706,0.707,177621.6,2025-03-22 11:59:59.999,125680.5584,581,70035.5,49591.6186
2025-03-22 12:00:00,0.707,0.709,0.703,0.705,87732.8,2025-03-22 12:59:59.999,62012.1273,425,38967.8,27550.106
2025-03-22 13:00:00,0.705,0.706,0.699,0.701,42267.1,2025-03-22 13:59:59.999,29644.1577,231,12126.7,8511.7932
2025-03-22 14:00:00,0.701,0.701,0.696,0.697,48621.0,2025-03-22 14:59:59.999,33973.4798,404,20782.4,14525.5424
2025-03-22 15:00:00,0.696,0.702,0.696,0.702,43174.6,2025-03-22 15:59:59.999,30173.4228,197,34887.5,24382.9405
2025-03-22 16:00:00,0.702,0.705,0.701,0.704,26756.6,2025-03-22 16:59:59.999,18810.1007,230,10865.1,7640.865
2025-03-22 17:00:00,0.705,0.708,0.704,0.708,22840.6,2025-03-22 17:59:59.999,16120.1753,154,13648.6,9630.5585
2025-03-22 18:00:00,0.708,0.71,0.707,0.708,30511.7,2025-03-22 18:59:59.999,21614.5293,217,11331.2,8032.3266
2025-03-22 19:00:00,0.707,0.709,0.705,0.706,53388.0,2025-03-22 19:59:59.999,37742.169,358,20397.6,14424.7621
2025-03-22 20:00:00,0.706,0.708,0.702,0.702,39157.6,2025-03-22 20:59:59.999,27604.0574,194,18152.6,12824.0288
2025-03-22 21:00:00,0.702,0.707,0.7,0.702,123107.9,2025-03-22 21:59:59.999,86551.8838,815,67405.9,47399.6287
2025-03-22 22:00:00,0.701,0.702,0.694,0.695,65421.4,2025-03-22 22:59:59.999,45689.7866,468,18911.4,13192.2277
2025-03-22 23:00:00,0.695,0.695,0.691,0.692,32802.0,2025-03-22 23:59:59.999,22722.0799,449,24625.9,17060.9741
2025-03-23 00:00:00,0.692,0.695,0.69,0.693,70621.6,2025-03-23 00:59:59.999,48940.29,350,32158.6,22273.4099
2025-03-23 01:00:00,0.693,0.695,0.69,0.695,80929.5,2025-03-23 01:59:59.999,55995.6157,314,30059.8,20813.41
2025-03-23 02:00:00,0.694,0.7,0.692,0.7,57712.2,2025-03-23 02:59:59.999,40256.5094,303,39899.5,27859.5154
2025-03-23 03:00:00,0.701,0.702,0.698,0.699,41423.0,2025-03-23 03:59:59.999,28965.1329,262,22341.2,15619.8801
2025-03-23 04:00:00,0.699,0.7,0.695,0.696,21369.0,2025-03-23 04:59:59.999,14892.1531,99,3921.8,2734.8589
2025-03-23 05:00:00,0.696,0.696,0.69,0.693,27577.1,2025-03-23 05:59:59.999,19085.8726,182,12004.3,8308.675
2025-03-23 06:00:00,0.693,0.693,0.689,0.691,49187.6,2025-03-23 06:59:59.999,33970.1641,313,20368.9,14058.2771
2025-03-23 07:00:00,0.691,0.693,0.69,0.691,45695.9,2025-03-23 07:59:59.999,31573.6876,381,35734.0,24693.3267
2025-03-23 08:00:00,0.692,0.693,0.691,0.692,31647.5,2025-03-23 08:59:59.999,21914.4009,232,17685.6,12249.9869
2025-03-23 09:00:00,0.692,0.692,0.69,0.691,36659.7,2025-03-23 09:59:59.999,25318.9344,196,16145.0,11150.0996
2025-03-23 10:00:00,0.691,0.692,0.689,0.689,22254.4,2025-03-23 10:59:59.999,15364.8937,155,11376.2,7860.8499
2025-03-23 11:00:00,0.689,0.692,0.689,0.69,34716.9,2025-03-23 11:59:59.999,23973.2553,287,19795.3,13673.8554
2025-03-23 12:00:00,0.69,0.693,0.686,0.686,101312.4,2025-03-23 12:59:59.999,69707.3942,608,38577.0,26529.5737
2025-03-23 13:00:00,0.687,0.688,0.684,0.686,150200.2,2025-03-23 13:59:59.999,103043.0806,518,60956.9,41845.5571
2025-03-23 14:00:00,0.686,0.687,0.682,0.683,68296.9,2025-03-23 14:59:59.999,46726.4981,421,31492.4,21543.0129
2025-03-23 15:00:00,0.683,0.687,0.683,0.686,43806.4,2025-03-23 15:59:59.999,30014.1797,400,33833.4,23181.8925
2025-03-23 16:00:00,0.687,0.688,0.684,0.686,70878.7,2025-03-23 16:59:59.999,48642.5179,521,44605.4,30624.9886
2025-03-23 17:00:00,0.686,0.687,0.681,0.683,77548.2,2025-03-23 17:59:59.999,53041.876,449,35453.1,24216.2768
2025-03-23 18:00:00,0.683,0.685,0.682,0.685,55172.6,2025-03-23 18:59:59.999,37696.2401,512,30767.0,21027.4393
2025-03-23 19:00:00,0.684,0.687,0.683,0.686,20686.0,2025-03-23 19:59:59.999,14164.4595,106,15243.7,10439.6445
2025-03-23 20:00:00,0.687,0.688,0.686,0.686,14185.9,2025-03-23 20:59:59.999,9740.5304,95,9469.7,6503.6545
2025-03-23 21:00:00,0.686,0.688,0.686,0.688,15622.0,2025-03-23 21:59:59.999,10722.8061,154,9802.3,6730.1857
2025-03-23 22:00:00,0.688,0.692,0.688,0.692,33875.1,2025-03-23 22:59:59.999,23382.6238,244,15120.1,10430.3935
2025-03-23 23:00:00,0.691,0.695,0.69,0.695,53943.4,2025-03-23 23:59:59.999,37378.7045,199,23094.2,16022.5876
2025-03-24 00:00:00,0.695,0.697,0.693,0.693,64394.0,2025-03-24 00:59:59.999,44767.2247,404,41414.2,28796.8833
2025-03-24 01:00:00,0.693,0.693,0.686,0.686,61374.5,2025-03-24 01:59:59.999,42309.8443,429,28042.3,19329.1716
2025-03-24 02:00:00,0.686,0.686,0.682,0.684,39109.9,2025-03-24 02:59:59.999,26732.5093,529,22481.4,15367.2105
2025-03-24 03:00:00,0.684,0.695,0.684,0.695,49914.2,2025-03-24 03:59:59.999,34384.3087,380,21432.8,14767.0174
2025-03-24 04:00:00,0.695,0.704,0.695,0.704,50406.5,2025-03-24 04:59:59.999,35305.6691,358,25654.0,17982.2857
2025-03-24 05:00:00,0.703,0.708,0.703,0.707,109973.0,2025-03-24 05:59:59.999,77644.3874,618,66724.6,47097.3619
2025-03-24 06:00:00,0.708,0.715,0.707,0.714,67539.2,2025-03-24 06:59:59.999,48009.1503,448,33414.3,23743.0966
2025-03-24 07:00:00,0.714,0.716,0.71,0.711,89377.4,2025-03-24 07:59:59.999,63667.1077,317,52345.8,37282.954
2025-03-24 08:00:00,0.712,0.717,0.712,0.715,45853.3,2025-03-24 08:59:59.999,32794.2788,391,27735.7,19841.6802
2025-03-24 09:00:00,0.715,0.715,0.712,0.714,31536.5,2025-03-24 09:59:59.999,22507.525,164,10366.0,7396.8018
2025-03-24 10:00:00,0.714,0.716,0.712,0.713,23608.4,2025-03-24 10:59:59.999,16854.4901,110,7449.0,5317.0062
2025-03-24 11:00:00,0.714,0.714,0.71,0.711,62309.2,2025-03-24 11:59:59.999,44347.9262,335,34816.0,24786.336
2025-03-24 12:00:00,0.712,0.713,0.71,0.711,71240.4,2025-03-24 12:59:59.999,50683.1075,328,43183.7,30726.0046
2025-03-24 13:00:00,0.712,0.712,0.707,0.712,94345.1,2025-03-24 13:59:59.999,66895.0614,541,55629.3,39442.2219
2025-03-24 14:00:00,0.711,0.719,0.711,0.712,123810.5,2025-03-24 14:59:59.999,88435.6578,864,84400.7,60311.4176
2025-03-24 15:00:00,0.712,0.713,0.709,0.713,140954.2,2025-03-24 15:59:59.999,100288.9176,714,114680.0,81603.8096
2025-03-24 16:00:00,0.713,0.714,0.709,0.711,52992.9,2025-03-24 16:59:59.999,37669.17,415,29697.2,21105.3884
2025-03-24 17:00:00,0.711,0.716,0.711,0.714,23902.9,2025-03-24 17:59:59.999,17075.6827,236,15405.1,11006.7103
2025-03-24 18:00:00,0.714,0.716,0.712,0.715,22872.3,2025-03-24 18:59:59.999,16349.1163,303,16590.6,11866.7235
2025-03-24 19:00:00,0.716,0.718,0.715,0.718,31630.2,2025-03-24 19:59:59.999,22681.7007,268,21770.8,15613.7567
2025-03-24 20:00:00,0.718,0.722,0.717,0.718,54199.6,2025-03-24 20:59:59.999,39037.8327,452,32076.6,23104.9791
2025-03-24 21:00:00,0.719,0.723,0.718,0.721,64635.7,2025-03-24 21:59:59.999,46525.9916,474,35456.1,25515.758
2025-03-24 22:00:00,0.721,0.731,0.717,0.731,321277.5,2025-03-24 22:59:59.999,232942.1627,1586,196692.4,142778.7535
2025-03-24 23:00:00,0.731,0.731,0.719,0.723,164289.7,2025-03-24 23:59:59.999,119028.0991,1052,74121.3,53706.2368
2025-03-25 00:00:00,0.722,0.729,0.722,0.725,108390.1,2025-03-25 00:59:59.999,78701.1573,538,60770.7,44136.2904
2025-03-25 01:00:00,0.725,0.725,0.717,0.72,67611.0,2025-03-25 01:59:59.999,48752.0737,659,32051.9,23128.8796
2025-03-25 02:00:00,0.721,0.725,0.72,0.721,41991.4,2025-03-25 02:59:59.999,30319.7106,270,13542.5,9786.8927
2025-03-25 03:00:00,0.721,0.722,0.713,0.715,42560.8,2025-03-25 03:59:59.999,30497.3833,524,21319.3,15262.2098
2025-03-25 04:00:00,0.715,0.717,0.711,0.714,40332.9,2025-03-25 04:59:59.999,28773.6298,366,19301.9,13771.6884
2025-03-25 05:00:00,0.714,0.716,0.712,0.715,41881.0,2025-03-25 05:59:59.999,29881.9947,415,24926.8,17790.3559
2025-03-25 06:00:00,0.715,0.72,0.713,0.719,61610.8,2025-03-25 06:59:59.999,44241.4138,364,40228.1,28899.484
2025-03-25 07:00:00,0.719,0.722,0.715,0.717,56892.6,2025-03-25 07:59:59.999,40754.8653,302,34949.2,25017.9412
2025-03-25 08:00:00,0.718,0.722,0.718,0.719,71421.4,2025-03-25 08:59:59.999,51433.8095,489,36361.2,26191.8036
2025-03-25 09:00:00,0.719,0.725,0.717,0.723,61280.8,2025-03-25 09:59:59.999,44184.2135,423,33701.5,24286.5416
2025-03-25 10:00:00,0.723,0.726,0.721,0.726,65329.1,2025-03-25 10:59:59.999,47277.5408,368,34278.0,24825.1243
2025-03-25 11:00:00,0.726,0.729,0.726,0.728,38234.6,2025-03-25 11:59:59.999,27804.8117,262,15806.9,11490.4637
2025-03-25 12:00:00,0.728,0.729,0.721,0.722,70847.0,2025-03-25 12:59:59.999,51432.261,365,33995.9,24679.2553
2025-03-25 13:00:00,0.722,0.725,0.717,0.719,92427.8,2025-03-25 13:59:59.999,66673.4114,574,37121.3,26828.851
2025-03-25 14:00:00,0.719,0.724,0.716,0.722,57998.7,2025-03-25 14:59:59.999,41782.0093,781,37784.6,27208.3793
2025-03-25 15:00:00,0.723,0.725,0.721,0.722,43499.3,2025-03-25 15:59:59.999,31453.2669,431,30685.6,22181.8468
2025-03-25 16:00:00,0.722,0.725,0.719,0.721,50733.2,2025-03-25 16:59:59.999,36625.9021,404,29987.6,21655.9612
2025-03-25 17:00:00,0.722,0.724,0.721,0.723,40152.0,2025-03-25 17:59:59.999,29000.3155,358,18592.8,13426.4444
2025-03-25 18:00:00,0.723,0.725,0.719,0.72,41778.4,2025-03-25 18:59:59.999,30169.6417,408,14991.5,10823.9283
2025-03-25 19:00:00,0.72,0.726,0.72,0.725,41826.0,2025-03-25 19:59:59.999,30237.7421,423,24546.9,17743.2899
2025-03-25 20:00:00,0.725,0.73,0.724,0.728,142843.1,2025-03-25 20:59:59.999,103931.487,1021,104068.5,75729.3955
2025-03-25 21:00:00,0.728,0.732,0.728,0.728,53602.7,2025-03-25 21:59:59.999,39137.8432,341,26384.1,19269.7127
2025-03-25 22:00:00,0.728,0.731,0.726,0.73,89128.6,2025-03-25 22:59:59.999,64883.7766,531,56121.4,40863.4655
2025-03-25 23:00:00,0.731,0.732,0.728,0.732,90579.7,2025-03-25 23:59:59.999,66191.2009,506,40477.4,29566.8003
2025-03-26 00:00:00,0.732,0.732,0.728,0.731,86299.0,2025-03-26 00:59:59.999,62970.1034,458,32498.5,23725.1159
2025-03-26 01:00:00,0.73,0.735,0.73,0.734,69190.0,2025-03-26 01:59:59.999,50708.5205,322,47449.9,34791.3438
2025-03-26 02:00:00,0.734,0.734,0.722,0.722,145275.6,2025-03-26 02:59:59.999,105583.9933,1007,22077.9,16055.1387
2025-03-26 03:00:00,0.722,0.725,0.72,0.721,48377.5,2025-03-26 03:59:59.999,34926.3143,301,25126.0,18144.7731
2025-03-26 04:00:00,0.721,0.723,0.72,0.722,46120.7,2025-03-26 04:59:59.999,33273.5065,176,25000.4,18033.0545
2025-03-26 05:00:00,0.722,0.726,0.721,0.725,21047.8,2025-03-26 05:59:59.999,15222.4214,113,12637.1,9140.6049
2025-03-26 06:00:00,0.725,0.734,0.723,0.734,54194.1,2025-03-26 06:59:59.999,39485.1955,242,30265.9,22068.5009
2025-03-26 07:00:00,0.733,0.737,0.733,0.737,94731.0,2025-03-26 07:59:59.999,69594.7232,440,35358.4,25997.1583
2025-03-26 08:00:00,0.737,0.74,0.736,0.736,81068.5,2025-03-26 08:59:59.999,59756.7674,595,42042.2,30998.6442
2025-03-26 09:00:00,0.736,0.736,0.734,0.735,47043.8,2025-03-26 09:59:59.999,34586.3382,229,22113.0,16258.7067
2025-03-26 10:00:00,0.736,0.742,0.734,0.74,286063.0,2025-03-26 10:59:59.999,211573.9806,907,237923.3,176039.0135
2025-03-26 11:00:00,0.741,0.749,0.741,0.748,254757.6,2025-03-26 11:59:59.999,189944.9109,1033,158444.6,118152.9255
2025-03-26 12:00:00,0.748,0.749,0.743,0.745,93351.5,2025-03-26 12:59:59.999,69612.0867,386,38169.3,28467.8271
2025-03-26 13:00:00,0.745,0.745,0.731,0.731,87127.3,2025-03-26 13:59:59.999,64187.0869,767,39264.3,28956.2682
2025-03-26 14:00:00,0.73,0.733,0.722,0.728,73352.1,2025-03-26 14:59:59.999,53278.7612,938,30695.8,22298.3559
2025-03-26 15:00:00,0.727,0.734,0.727,0.732,32179.8,2025-03-26 15:59:59.999,23496.5751,518,14343.8,10476.7161
2025-03-26 16:00:00,0.732,0.735,0.727,0.727,67689.6,2025-03-26 16:59:59.999,49553.7725,519,26101.8,19093.2403
2025-03-26 17:00:00,0.728,0.728,0.724,0.725,48354.2,2025-03-26 17:59:59.999,35130.7885,589,25929.5,18835.9406
2025-03-26 18:00:00,0.724,0.728,0.719,0.72,145341.9,2025-03-26 18:59:59.999,105110.0667,974,117927.8,85276.987
2025-03-26 19:00:00,0.719,0.721,0.712,0.718,141640.9,2025-03-26 19:59:59.999,101435.9489,661,98477.8,70506.5672
2025-03-26 20:00:00,0.718,0.723,0.717,0.721,227578.4,2025-03-26 20:59:59.999,164163.9711,365,78561.3,56639.0575
2025-03-26 21:00:00,0.721,0.729,0.718,0.725,90705.9,2025-03-26 21:59:59.999,65742.7572,440,56666.3,41059.0748
2025-03-26 22:00:00,0.724,0.724,0.718,0.722,95493.8,2025-03-26 22:59:59.999,68808.4438,444,35043.6,25240.0634
2025-03-26 23:00:00,0.722,0.722,0.718,0.722,44597.1,2025-03-26 23:59:59.999,32147.2631,313,16021.7,11551.4302
2025-03-27 00:00:00,0.722,0.728,0.719,0.728,43447.8,2025-03-27 00:59:59.999,31387.9247,491,20256.7,14632.0226
2025-03-27 01:00:00,0.728,0.732,0.728,0.731,41453.4,2025-03-27 01:59:59.999,30239.9636,393,14011.8,10228.7691
2025-03-27 02:00:00,0.73,0.735,0.73,0.734,27077.6,2025-03-27 02:59:59.999,19844.4911,229,14092.8,10331.1881
2025-03-27 03:00:00,0.734,0.739,0.734,0.738,65560.2,2025-03-27 03:59:59.999,48205.4421,341,42204.9,31031.0168
2025-03-27 04:00:00,0.738,0.738,0.735,0.737,23128.9,2025-03-27 04:59:59.999,17041.6117,160,5912.8,4356.5134
2025-03-27 05:00:00,0.737,0.738,0.733,0.734,26690.5,2025-03-27 05:59:59.999,19626.2017,148,7583.3,5582.1806
2025-03-27 06:00:00,0.734,0.739,0.733,0.736,18528.1,2025-03-27 06:59:59.999,13639.6491,140,8165.8,6008.2879
2025-03-27 07:00:00,0.735,0.736,0.729,0.731,40440.0,2025-03-27 07:59:59.999,29615.1717,221,10577.9,7753.392
2025-03-27 08:00:00,0.731,0.734,0.729,0.733,56770.3,2025-03-27 08:59:59.999,41550.5519,378,44191.0,32354.2609
2025-03-27 09:00:00,0.733,0.734,0.728,0.728,59709.1,2025-03-27 09:59:59.999,43653.8711,348,25652.8,18768.7073
2025-03-27 10:00:00,0.728,0.734,0.726,0.727,155177.7,2025-03-27 10:59:59.999,113423.4765,529,115229.5,84296.3172
2025-03-27 11:00:00,0.727,0.731,0.723,0.725,35961.1,2025-03-27 11:59:59.999,26088.0279,326,15743.1,11425.6636
2025-03-27 12:00:00,0.725,0.728,0.723,0.724,99023.6,2025-03-27 12:59:59.999,71875.7618,685,38844.1,28184.724
2025-03-27 13:00:00,0.724,0.728,0.715,0.722,102996.6,2025-03-27 13:59:59.999,74346.0218,1272,53886.5,38879.9676
2025-03-27 14:00:00,0.721,0.734,0.72,0.733,46151.8,2025-03-27 14:59:59.999,33545.6173,751,24390.1,17728.2881
2025-03-27 15:00:00,0.734,0.736,0.729,0.732,48369.3,2025-03-27 15:59:59.999,35430.6571,524,22983.0,16835.3715
2025-03-27 16:00:00,0.732,0.734,0.726,0.726,68021.6,2025-03-27 16:59:59.999,49704.9292,467,31845.4,23278.3094
2025-03-27 17:00:00,0.726,0.727,0.72,0.72,86636.9,2025-03-27 17:59:59.999,62715.0964,508,56418.7,40818.5294
2025-03-27 18:00:00,0.719,0.727,0.719,0.726,32870.6,2025-03-27 18:59:59.999,23749.2387,308,13722.8,9907.2106
2025-03-27 19:00:00,0.726,0.727,0.724,0.725,22538.6,2025-03-27 19:59:59.999,16362.7373,260,11209.1,8139.4536
2025-03-27 20:00:00,0.725,0.728,0.723,0.728,64776.8,2025-03-27 20:59:59.999,47059.6897,478,42376.6,30784.8971
2025-03-27 21:00:00,0.727,0.733,0.726,0.733,44407.4,2025-03-27 21:59:59.999,32446.4468,326,23462.9,17140.5298
2025-03-27 22:00:00,0.734,0.735,0.732,0.732,37436.1,2025-03-27 22:59:59.999,27484.9902,180,15490.8,11377.9988
2025-03-27 23:00:00,0.733,0.734,0.73,0.73,29750.0,2025-03-27 23:59:59.999,21756.1112,225,8894.3,6505.9577
2025-03-28 00:00:00,0.73,0.73,0.724,0.729,41224.4,2025-03-28 00:59:59.999,29992.0128,433,20171.7,14678.4912
2025-03-28 01:00:00,0.729,0.733,0.726,0.73,29647.8,2025-03-28 01:59:59.999,21643.1521,349,16414.2,11977.7791
2025-03-28 02:00:00,0.73,0.733,0.728,0.728,92602.2,2025-03-28 02:59:59.999,67763.3263,338,53992.5,39520.9434
2025-03-28 03:00:00,0.728,0.729,0.72,0.722,51657.8,2025-03-28 03:59:59.999,37269.3204,429,34452.7,24854.6946
2025-03-28 04:00:00,0.721,0.722,0.704,0.706,185896.6,2025-03-28 04:59:59.999,131944.9067,1620,78235.1,55538.6878
2025-03-28 05:00:00,0.706,0.706,0.699,0.699,55535.4,2025-03-28 05:59:59.999,38976.1943,860,23036.3,16178.8937
2025-03-28 06:00:00,0.699,0.702,0.694,0.694,46754.9,2025-03-28 06:59:59.999,32583.8893,371,29805.6,20772.3874
2025-03-28 07:00:00,0.694,0.695,0.69,0.691,42103.3,2025-03-28 07:59:59.999,29154.1204,468,15296.0,10589.5022
2025-03-28 08:00:00,0.691,0.694,0.689,0.689,33742.8,2025-03-28 08:59:59.999,23326.0289,395,19634.0,13574.7107
2025-03-28 09:00:00,0.689,0.691,0.687,0.687,36534.3,2025-03-28 09:59:59.999,25173.8273,302,21660.1,14929.6639
2025-03-28 10:00:00,0.687,0.689,0.684,0.684,27330.3,2025-03-28 10:59:59.999,18763.3982,241,9359.9,6428.6348
2025-03-28 11:00:00,0.684,0.69,0.682,0.69,86043.6,2025-03-28 11:59:59.999,59020.8613,712,31671.1,21719.4878
2025-03-28 12:00:00,0.69,0.69,0.682,0.683,106443.5,2025-03-28 12:59:59.999,73123.5933,962,43851.0,30151.9587
2025-03-28 13:00:00,0.683,0.69,0.681,0.681,110535.4,2025-03-28 13:59:59.999,75735.2749,1006,40687.3,27881.0775
2025-03-28 14:00:00,0.681,0.683,0.678,0.68,80338.4,2025-03-28 14:59:59.999,54698.6935,802,26683.5,18177.3247
2025-03-28 15:00:00,0.68,0.681,0.677,0.677,44232.9,2025-03-28 15:59:59.999,30031.8803,577,21406.6,14538.9485
2025-03-28 16:00:00,0.677,0.679,0.672,0.673,72220.5,2025-03-28 16:59:59.999,48829.9196,707,39484.4,26709.3359
2025-03-28 17:00:00,0.673,0.677,0.673,0.676,58070.2,2025-03-28 17:59:59.999,39182.5353,566,34078.0,22995.1689
2025-03-28 18:00:00,0.676,0.677,0.674,0.676,39935.5,2025-03-28 18:59:59.999,26981.6202,434,18167.0,12275.1675
2025-03-28 19:00:00,0.676,0.676,0.673,0.674,25641.7,2025-03-28 19:59:59.999,17296.6442,259,14088.8,9499.0591
2025-03-28 20:00:00,0.674,0.678,0.673,0.673,38672.8,2025-03-28 20:59:59.999,26130.2662,475,22026.5,14884.1882
2025-03-28 21:00:00,0.672,0.676,0.672,0.675,61434.1,2025-03-28 21:59:59.999,41351.1517,446,25966.6,17485.7316
2025-03-28 22:00:00,0.675,0.68,0.675,0.68,29665.7,2025-03-28 22:59:59.999,20098.1691,283,17628.1,11941.107
2025-03-28 23:00:00,0.68,0.68,0.677,0.679,25114.2,2025-03-28 23:59:59.999,17028.601,189,11649.9,7902.0285
2025-03-29 00:00:00,0.678,0.68,0.676,0.677,25377.4,2025-03-29 00:59:59.999,17217.0194,264,10744.3,7290.4404
2025-03-29 01:00:00,0.676,0.679,0.676,0.678,94857.5,2025-03-29 01:59:59.999,64322.9459,363,45730.1,31006.3078
2025-03-29 02:00:00,0.678,0.68,0.671,0.672,44655.4,2025-03-29 02:59:59.999,30187.8007,361,11711.9,7919.8991
2025-03-29 03:00:00,0.671,0.68,0.668,0.678,94575.1,2025-03-29 03:59:59.999,63923.593,571,68627.8,46430.2603
2025-03-29 04:00:00,0.679,0.682,0.676,0.679,157362.9,2025-03-29 04:59:59.999,106886.5565,544,108700.3,73873.6053
2025-03-29 05:00:00,0.679,0.685,0.673,0.674,1123347.3,2025-03-29 05:59:59.999,762846.2212,3127,497367.1,337618.2174
2025-03-29 06:00:00,0.674,0.674,0.658,0.664,816503.6,2025-03-29 06:59:59.999,541880.4715,2199,225109.4,149282.5963
2025-03-29 07:00:00,0.663,0.666,0.659,0.663,100375.3,2025-03-29 07:59:59.999,66507.7257,733,51486.5,34118.6935
2025-03-29 08:00:00,0.662,0.668,0.661,0.668,101397.1,2025-03-29 08:59:59.999,67515.9042,925,61371.3,40876.6442
2025-03-29 09:00:00,0.668,0.669,0.658,0.662,64008.3,2025-03-29 09:59:59.999,42323.385,565,32702.2,21630.5506
2025-03-29 10:00:00,0.662,0.665,0.66,0.661,56840.6,2025-03-29 10:59:59.999,37647.4257,589,24751.4,16394.4553
2025-03-29 11:00:00,0.66,0.661,0.652,0.654,137797.2,2025-03-29 11:59:59.999,90397.6018,1094,68601.1,45017.9522
2025-03-29 12:00:00,0.655,0.66,0.653,0.659,37193.3,2025-03-29 12:59:59.999,24473.3933,364,16741.3,11018.1963
2025-03-29 13:00:00,0.66,0.664,0.66,0.664,50314.9,2025-03-29 13:59:59.999,33322.4676,403,28419.4,18830.2839
2025-03-29 14:00:00,0.663,0.663,0.656,0.657,52569.5,2025-03-29 14:59:59.999,34634.8097,351,18458.9,12158.7667
2025-03-29 15:00:00,0.656,0.658,0.655,0.656,20109.1,2025-03-29 15:59:59.999,13206.5087,219,10428.4,6849.3695
2025-03-29 16:00:00,0.656,0.657,0.647,0.648,114539.3,2025-03-29 16:59:59.999,74716.7716,916,52607.8,34306.8658
2025-03-29 17:00:00,0.648,0.654,0.643,0.649,82980.4,2025-03-29 17:59:59.999,53649.2516,1018,44515.4,28774.0676
2025-03-29 18:00:00,0.65,0.657,0.648,0.654,77890.0,2025-03-29 18:59:59.999,50887.0538,630,52586.7,34365.7484
2025-03-29 19:00:00,0.654,0.654,0.651,0.654,90495.1,2025-03-29 19:59:59.999,59069.2186,588,24920.5,16265.6875
2025-03-29 20:00:00,0.654,0.654,0.646,0.647,119207.1,2025-03-29 20:59:59.999,77350.9116,909,56568.8,36739.4453
2025-03-29 21:00:00,0.647,0.649,0.646,0.649,30579.2,2025-03-29 21:59:59.999,19815.0043,231,13355.3,8656.9035
2025-03-29 22:00:00,0.649,0.652,0.647,0.649,38265.4,2025-03-29 22:59:59.999,24826.4202,232,16777.6,10887.9475
2025-03-29 23:00:00,0.649,0.653,0.647,0.652,19556.2,2025-03-29 23:59:59.999,12693.0888,121,12414.5,8062.0925
2025-03-30 00:00:00,0.652,0.652,0.644,0.65,50549.4,2025-03-30 00:59:59.999,32794.3678,434,21677.0,14065.7907
2025-03-30 01:00:00,0.651,0.66,0.651,0.658,74657.5,2025-03-30 01:59:59.999,49031.5931,497,40602.5,26697.9514
2025-03-30 02:00:00,0.659,0.664,0.659,0.663,40581.6,2025-03-30 02:59:59.999,26841.9846,272,13069.2,8643.829
2025-03-30 03:00:00,0.663,0.663,0.658,0.658,34889.6,2025-03-30 03:59:59.999,23051.5462,223,17656.9,11671.7185
2025-03-30 04:00:00,0.658,0.661,0.657,0.66,24672.9,2025-03-30 04:59:59.999,16271.7443,187,15742.4,10376.4888
2025-03-30 05:00:00,0.659,0.661,0.658,0.658,17101.2,2025-03-30 05:59:59.999,11277.5647,165,7663.6,5053.3097
2025-03-30 06:00:00,0.658,0.662,0.656,0.66,23240.2,2025-03-30 06:59:59.999,15309.1059,207,8414.8,5540.2276
2025-03-30 07:00:00,0.66,0.661,0.659,0.659,15962.2,2025-03-30 07:59:59.999,10534.7154,116,6683.7,4414.0673
2025-03-30 08:00:00,0.66,0.662,0.659,0.662,34033.2,2025-03-30 08:59:59.999,22475.2635,295,20059.5,13249.8661
2025-03-30 09:00:00,0.662,0.662,0.658,0.66,21030.0,2025-03-30 09:59:59.999,13880.6932,226,9697.1,6402.2316
2025-03-30 10:00:00,0.659,0.661,0.656,0.657,34055.7,2025-03-30 10:59:59.999,22392.8548,239,14994.1,9856.3218
2025-03-30 11:00:00,0.657,0.659,0.655,0.657,24015.5,2025-03-30 11:59:59.999,15776.8484,189,14344.1,9423.2504
2025-03-30 12:00:00,0.658,0.659,0.655,0.659,17862.6,2025-03-30 12:59:59.999,11751.9132,175,10558.3,6946.6301
2025-03-30 13:00:00,0.659,0.66,0.652,0.653,56968.0,2025-03-30 13:59:59.999,37310.882,511,25167.9,16488.4036
2025-03-30 14:00:00,0.653,0.656,0.65,0.653,37960.7,2025-03-30 14:59:59.999,24794.324,574,26107.1,17052.9934
2025-03-30 15:00:00,0.653,0.657,0.653,0.654,20575.1,2025-03-30 15:59:59.999,13466.5003,223,7574.9,4954.0148
2025-03-30 16:00:00,0.655,0.656,0.647,0.648,53924.9,2025-03-30 16:59:59.999,35100.8565,503,25432.1,16531.6441
2025-03-30 17:00:00,0.647,0.652,0.645,0.65,41096.4,2025-03-30 17:59:59.999,26637.4757,590,19784.7,12810.4896
2025-03-30 18:00:00,0.651,0.658,0.651,0.658,31370.9,2025-03-30 18:59:59.999,20557.5674,289,14323.9,9385.6484
2025-03-30 19:00:00,0.659,0.66,0.656,0.656,18510.8,2025-03-30 19:59:59.999,12171.1675,101,6637.0,4364.6681
2025-03-30 20:00:00,0.656,0.658,0.655,0.656,14537.6,2025-03-30 20:59:59.999,9538.9573,161,9828.3,6448.1885
2025-03-30 21:00:00,0.656,0.658,0.649,0.652,72153.4,2025-03-30 21:59:59.999,46977.6591,348,45811.7,29805.0151
2025-03-30 22:00:00,0.651,0.656,0.642,0.654,64264.0,2025-03-30 22:59:59.999,41683.8373,804,27343.1,17729.9413
2025-03-30 23:00:00,0.654,0.655,0.649,0.654,44329.0,2025-03-30 23:59:59.999,28888.7659,600,11136.2,7270.0948
2025-03-31 00:00:00,0.655,0.655,0.643,0.645,118713.2,2025-03-31 00:59:59.999,77070.234,1860,68023.0,44130.959
2025-03-31 01:00:00,0.645,0.657,0.645,0.657,95269.9,2025-03-31 01:59:59.999,62183.9916,1739,52023.0,33967.3861
2025-03-31 02:00:00,0.656,0.658,0.652,0.654,46724.1,2025-03-31 02:59:59.999,30596.4976,663,17373.1,11385.7703
2025-03-31 03:00:00,0.654,0.656,0.645,0.645,99717.0,2025-03-31 03:59:59.999,64710.4258,727,40858.4,26522.2268
2025-03-31 04:00:00,0.645,0.649,0.64,0.649,115349.0,2025-03-31 04:59:59.999,74271.5539,840,42274.0,27246.0922
2025-03-31 05:00:00,0.649,0.653,0.649,0.65,34949.3,2025-03-31 05:59:59.999,22745.6012,468,15439.3,10048.781
2025-03-31 06:00:00,0.651,0.651,0.644,0.644,39360.1,2025-03-31 06:59:59.999,25476.1981,546,21606.0,13986.6456
2025-03-31 07:00:00,0.645,0.648,0.636,0.641,65329.3,2025-03-31 07:59:59.999,41836.0842,714,25618.1,16442.8229
2025-03-31 08:00:00,0.641,0.645,0.638,0.638,60603.5,2025-03-31 08:59:59.999,38962.0254,813,26585.6,17100.5394
2025-03-31 09:00:00,0.639,0.645,0.633,0.635,144752.6,2025-03-31 09:59:59.999,92488.6824,1325,82887.7,53056.9264
2025-03-31 10:00:00,0.635,0.646,0.632,0.646,80984.3,2025-03-31 10:59:59.999,51710.0507,891,40515.0,25880.4642
2025-03-31 11:00:00,0.646,0.649,0.642,0.647,67597.1,2025-03-31 11:59:59.999,43574.9231,645,35116.2,22620.8056
2025-03-31 12:00:00,0.647,0.657,0.644,0.655,87151.7,2025-03-31 12:59:59.999,56709.1894,939,39426.3,25620.1449
2025-03-31 13:00:00,0.655,0.655,0.645,0.649,80563.0,2025-03-31 13:59:59.999,52383.9122,921,43794.0,28486.3834
2025-03-31 14:00:00,0.651,0.664,0.651,0.662,352047.7,2025-03-31 14:59:59.999,232089.6724,1548,133835.1,88205.3044
2025-03-31 15:00:00,0.663,0.665,0.66,0.66,154323.2,2025-03-31 15:59:59.999,102417.5977,1176,61428.7,40782.6056
2025-03-31 16:00:00,0.66,0.663,0.658,0.658,29575.3,2025-03-31 16:59:59.999,19526.0665,501,14273.5,9425.1447
2025-03-31 17:00:00,0.658,0.662,0.649,0.652,125918.0,2025-03-31 17:59:59.999,82537.1567,901,47925.0,31450.8426
2025-03-31 18:00:00,0.651,0.658,0.651,0.656,43763.6,2025-03-31 18:59:59.999,28725.4667,394,13938.7,9142.4281
2025-03-31 19:00:00,0.656,0.661,0.654,0.654,66123.5,2025-03-31 19:59:59.999,43538.3675,480,47839.3,31504.8871
2025-03-31 20:00:00,0.654,0.658,0.651,0.652,37043.3,2025-03-31 20:59:59.999,24280.1607,396,17466.7,11454.4796
2025-03-31 21:00:00,0.652,0.654,0.651,0.652,32574.4,2025-03-31 21:59:59.999,21253.4112,283,16541.9,10794.1822
2025-03-31 22:00:00,0.651,0.653,0.649,0.653,43826.8,2025-03-31 22:59:59.999,28513.3369,325,23445.3,15254.7918
2025-03-31 23:00:00,0.653,0.655,0.652,0.653,32804.3,2025-03-31 23:59:59.999,21436.7972,323,16185.8,10577.7879
2025-04-01 00:00:00,0.653,0.656,0.652,0.654,38739.0,2025-04-01 00:59:59.999,25372.4024,417,20680.3,13552.7555
2025-04-01 01:00:00,0.655,0.655,0.649,0.65,64919.4,2025-04-01 01:59:59.999,42236.818,549,16140.7,10512.6233
2025-04-01 02:00:00,0.65,0.659,0.65,0.659,40841.5,2025-04-01 02:59:59.999,26759.3461,325,31138.1,20397.6475
2025-04-01 03:00:00,0.659,0.661,0.658,0.66,51913.1,2025-04-01 03:59:59.999,34236.3633,289,30686.6,20240.2021
2025-04-01 04:00:00,0.661,0.662,0.66,0.661,16821.9,2025-04-01 04:59:59.999,11120.0715,175,10681.2,7063.3169
2025-04-01 05:00:00,0.661,0.664,0.659,0.659,69793.9,2025-04-01 05:59:59.999,46102.202,271,49635.4,32774.3922
2025-04-01 06:00:00,0.66,0.668,0.658,0.666,38096.7,2025-04-01 06:59:59.999,25282.9219,260,24691.2,16375.9966
2025-04-01 07:00:00,0.665,0.667,0.664,0.665,27349.8,2025-04-01 07:59:59.999,18197.4225,237,7893.6,5253.6647
2025-04-01 08:00:00,0.665,0.675,0.665,0.675,92347.7,2025-04-01 08:59:59.999,61887.9711,724,32885.4,22070.4913
2025-04-01 09:00:00,0.675,0.678,0.674,0.677,41700.5,2025-04-01 09:59:59.999,28202.1756,428,19345.7,13087.0969
2025-04-01 10:00:00,0.676,0.678,0.666,0.668,51052.1,2025-04-01 10:59:59.999,34283.1291,578,17354.4,11667.6189
2025-04-01 11:00:00,0.667,0.667,0.662,0.664,46271.2,2025-04-01 11:59:59.999,30788.7159,459,27372.1,18211.3197
2025-04-01 12:00:00,0.665,0.666,0.661,0.662,35708.4,2025-04-01 12:59:59.999,23688.804,383,18934.3,12557.463
2025-04-01 13:00:00,0.663,0.667,0.662,0.665,51242.0,2025-04-01 13:59:59.999,34057.262,502,26194.3,17404.8863
2025-04-01 14:00:00,0.665,0.67,0.654,0.668,54459.3,2025-04-01 14:59:59.999,36030.0385,869,30264.6,20020.861
2025-04-01 15:00:00,0.669,0.678,0.668,0.676,65734.9,2025-04-01 15:59:59.999,44356.9168,929,35790.1,24141.7117
2025-04-01 16:00:00,0.676,0.679,0.67,0.671,45587.0,2025-04-01 16:59:59.999,30682.1167,683,15752.8,10605.5684
2025-04-01 17:00:00,0.671,0.671,0.668,0.668,22458.3,2025-04-01 17:59:59.999,15045.2612,343,8009.9,5364.7076
2025-04-01 18:00:00,0.668,0.668,0.662,0.663,31959.3,2025-04-01 18:59:59.999,21235.4391,358,16874.4,11213.6584
2025-04-01 19:00:00,0.663,0.664,0.66,0.661,30902.8,2025-04-01 19:59:59.999,20439.3871,305,16999.8,11246.0078
2025-04-01 20:00:00,0.661,0.662,0.657,0.662,45860.4,2025-04-01 20:59:59.999,30262.9383,432,37932.9,25034.1657
2025-04-01 21:00:00,0.662,0.668,0.662,0.664,20542.9,2025-04-01 21:59:59.999,13663.5995,264,8307.5,5524.8184
2025-04-01 22:00:00,0.664,0.667,0.664,0.664,33142.9,2025-04-01 22:59:59.999,22060.7789,202,13939.7,9277.3168
2025-04-01 23:00:00,0.664,0.666,0.661,0.662,30856.4,2025-04-01 23:59:59.999,20454.4096,210,15155.1,10040.9908
2025-04-02 00:00:00,0.662,0.662,0.653,0.653,43683.2,2025-04-02 00:59:59.999,28707.1991,521,17476.0,11486.8023
2025-04-02 01:00:00,0.652,0.654,0.65,0.652,61562.9,2025-04-02 01:59:59.999,40145.5588,625,34623.7,22582.3048
2025-04-02 02:00:00,0.652,0.653,0.641,0.642,75386.7,2025-04-02 02:59:59.999,48675.6665,594,45056.3,29104.9801
2025-04-02 03:00:00,0.642,0.651,0.642,0.65,61416.7,2025-04-02 03:59:59.999,39817.5474,652,25154.0,16304.5558
2025-04-02 04:00:00,0.651,0.652,0.648,0.65,86256.7,2025-04-02 04:59:59.999,56127.8166,482,68045.3,44277.9482
2025-04-02 05:00:00,0.649,0.649,0.641,0.642,41532.0,2025-04-02 05:59:59.999,26780.0247,526,14326.5,9232.8555
2025-04-02 06:00:00,0.641,0.644,0.64,0.641,49355.4,2025-04-02 06:59:59.999,31718.5911,526,21050.9,13528.5515
2025-04-02 07:00:00,0.641,0.694,0.641,0.642,649438.5,2025-04-02 07:59:59.999,424397.4502,2897,323889.2,211334.7556
2025-04-02 08:00:00,0.642,0.646,0.641,0.644,124134.7,2025-04-02 08:59:59.999,79902.0772,898,70133.4,45112.4406
2025-04-02 09:00:00,0.645,0.654,0.645,0.653,61433.0,2025-04-02 09:59:59.999,40038.3865,564,33417.9,21760.047
2025-04-02 10:00:00,0.654,0.656,0.651,0.652,51681.7,2025-04-02 10:59:59.999,33778.4777,386,34363.2,22465.8681
2025-04-02 11:00:00,0.653,0.655,0.652,0.652,19074.2,2025-04-02 11:59:59.999,12468.2645,279,7393.8,4834.3803
2025-04-02 12:00:00,0.652,0.653,0.648,0.651,61986.6,2025-04-02 12:59:59.999,40280.8303,528,29415.3,19106.9078
2025-04-02 13:00:00,0.651,0.656,0.644,0.651,105531.7,2025-04-02 13:59:59.999,68635.665,928,54441.2,35432.8975
2025-04-02 14:00:00,0.65,0.653,0.648,0.652,97636.7,2025-04-02 14:59:59.999,63513.1995,839,36449.8,23727.2546
2025-04-02 15:00:00,0.652,0.672,0.652,0.667,173430.9,2025-04-02 15:59:59.999,115390.453,1848,89920.4,59818.8872
2025-04-02 16:00:00,0.667,0.671,0.666,0.668,53034.2,2025-04-02 16:59:59.999,35484.8152,595,32647.4,21856.1246
2025-04-02 17:00:00,0.668,0.671,0.659,0.663,60095.6,2025-04-02 17:59:59.999,40006.6643,558,23109.4,15418.7707
2025-04-02 18:00:00,0.663,0.667,0.662,0.666,39818.0,2025-04-02 18:59:59.999,26439.3657,512,21214.5,14083.7413
2025-04-02 19:00:00,0.666,0.674,0.665,0.673,146281.5,2025-04-02 19:59:59.999,97996.2051,670,39701.0,26585.2584
2025-04-02 20:00:00,0.673,0.694,0.667,0.676,783346.9,2025-04-02 20:59:59.999,532640.5172,5751,320949.9,218291.1867
2025-04-02 21:00:00,0.677,0.679,0.665,0.672,132689.5,2025-04-02 21:59:59.999,89031.2816,1376,66693.1,44770.8619
2025-04-02 22:00:00,0.672,0.672,0.645,0.648,144492.9,2025-04-02 22:59:59.999,94893.8467,1794,59419.8,38942.8511
2025-04-02 23:00:00,0.647,0.652,0.637,0.637,381572.8,2025-04-02 23:59:59.999,245585.4117,1116,104975.5,67625.8714
2025-04-03 00:00:00,0.637,0.644,0.633,0.644,463457.5,2025-04-03 00:59:59.999,296107.1556,2227,371223.1,237210.5206
2025-04-03 01:00:00,0.645,0.665,0.644,0.662,410449.2,2025-04-03 01:59:59.999,268419.0313,2186,311587.7,203713.9567
2025-04-03 02:00:00,0.662,0.674,0.662,0.674,286312.4,2025-04-03 02:59:59.999,191268.6185,1410,182265.1,121804.6224
2025-04-03 03:00:00,0.674,0.683,0.664,0.667,1350591.7,2025-04-03 03:59:59.999,909401.5561,5421,548346.0,369744.6894
2025-04-03 04:00:00,0.667,0.679,0.646,0.658,1903372.1,2025-04-03 04:59:59.999,1245171.3266,5330,962225.8,629201.9521
2025-04-03 05:00:00,0.659,0.66,0.651,0.651,66850.9,2025-04-03 05:59:59.999,43779.7864,542,13090.3,8582.4372
2025-04-03 06:00:00,0.65,0.653,0.648,0.648,83110.7,2025-04-03 06:59:59.999,54045.1056,583,29979.0,19492.0788
2025-04-03 07:00:00,0.647,0.649,0.644,0.647,84430.4,2025-04-03 07:59:59.999,54597.6195,845,58570.2,37885.8825
2025-04-03 08:00:00,0.647,0.65,0.646,0.646,102489.0,2025-04-03 08:59:59.999,66431.6796,874,64410.1,41759.3467
2025-04-03 09:00:00,0.647,0.648,0.644,0.645,50932.0,2025-04-03 09:59:59.999,32886.8501,670,26835.5,17335.9244
2025-04-03 10:00:00,0.645,0.645,0.631,0.631,79327.7,2025-04-03 10:59:59.999,50554.9224,835,34314.7,21897.4308
2025-04-03 11:00:00,0.631,0.636,0.628,0.628,105015.1,2025-04-03 11:59:59.999,66414.7983,1065,58668.4,37114.5951
2025-04-03 12:00:00,0.627,0.638,0.621,0.625,364700.6,2025-04-03 12:59:59.999,228839.8961,1887,244057.6,152890.1207
2025-04-03 13:00:00,0.625,0.635,0.624,0.634,179219.5,2025-04-03 13:59:59.999,112869.9095,1537,126134.4,79452.6404
2025-04-03 14:00:00,0.634,0.635,0.623,0.623,100730.3,2025-04-03 14:59:59.999,63451.9675,1423,49265.0,31050.2339
2025-04-03 15:00:00,0.623,0.635,0.623,0.634,42439.8,2025-04-03 15:59:59.999,26697.6117,603,23932.5,15063.6054
2025-04-03 16:00:00,0.635,0.638,0.633,0.635,56137.0,2025-04-03 16:59:59.999,35673.7892,557,18350.9,11658.6639
2025-04-03 17:00:00,0.635,0.641,0.635,0.64,37860.7,2025-04-03 17:59:59.999,24154.1079,462,20979.0,13384.6731
2025-04-03 18:00:00,0.64,0.647,0.636,0.644,54735.2,2025-04-03 18:59:59.999,35088.9523,532,27638.1,17737.1485
2025-04-03 19:00:00,0.644,0.646,0.643,0.644,10113.8,2025-04-03 19:59:59.999,6518.177,262,4016.2,2588.7446
2025-04-03 20:00:00,0.645,0.649,0.643,0.646,20595.3,2025-04-03 20:59:59.999,13290.8386,256,6658.1,4295.8897
2025-04-03 21:00:00,0.646,0.649,0.643,0.647,21329.1,2025-04-03 21:59:59.999,13757.0269,223,8999.7,5806.9277
2025-04-03 22:00:00,0.647,0.65,0.646,0.647,24914.9,2025-04-03 22:59:59.999,16135.3987,264,10893.8,7059.9802
2025-04-03 23:00:00,0.648,0.65,0.645,0.65,27734.4,2025-04-03 23:59:59.999,17960.4259,306,11811.3,7658.0713
2025-04-04 00:00:00,0.65,0.655,0.647,0.648,349018.9,2025-04-04 00:59:59.999,227492.01,2279,239593.4,156165.7894
2025-04-04 01:00:00,0.649,0.652,0.645,0.646,41746.0,2025-04-04 01:59:59.999,27079.7933,563,21864.7,14184.8465
2025-04-04 02:00:00,0.645,0.655,0.645,0.65,48095.9,2025-04-04 02:59:59.999,31346.708,533,21577.1,14054.9471
2025-04-04 03:00:00,0.651,0.652,0.648,0.648,42260.5,2025-04-04 03:59:59.999,27451.6157,473,22622.3,14698.8394
2025-04-04 04:00:00,0.648,0.649,0.644,0.645,14853.2,2025-04-04 04:59:59.999,9590.3696,217,5461.2,3525.9739
2025-04-04 05:00:00,0.645,0.653,0.644,0.652,27492.7,2025-04-04 05:59:59.999,17841.6448,321,14563.1,9460.7869
2025-04-04 06:00:00,0.653,0.653,0.649,0.649,25060.5,2025-04-04 06:59:59.999,16305.2949,205,14116.6,9189.4695
2025-04-04 07:00:00,0.649,0.655,0.648,0.654,90567.3,2025-04-04 07:59:59.999,59157.6738,683,48272.5,31527.3425
2025-04-04 08:00:00,0.655,0.657,0.654,0.655,98528.4,2025-04-04 08:59:59.999,64557.0464,628,50611.2,33159.5951
2025-04-04 09:00:00,0.655,0.657,0.654,0.656,26473.0,2025-04-04 09:59:59.999,17351.2589,245,9525.2,6240.4486
2025-04-04 10:00:00,0.656,0.656,0.638,0.638,105700.8,2025-04-04 10:59:59.999,68174.4072,1298,50100.9,32285.547
2025-04-04 11:00:00,0.639,0.64,0.63,0.636,122141.5,2025-04-04 11:59:59.999,77543.2036,1166,56283.5,35729.8142
2025-04-04 12:00:00,0.636,0.646,0.634,0.643,180530.3,2025-04-04 12:59:59.999,115421.6909,1875,115277.3,73725.9202
2025-04-04 13:00:00,0.644,0.651,0.638,0.65,147269.8,2025-04-04 13:59:59.999,94864.6871,1452,76349.1,49171.8562
2025-04-04 14:00:00,0.65,0.651,0.643,0.649,139429.7,2025-04-04 14:59:59.999,90023.6769,1469,78063.4,50380.993
2025-04-04 15:00:00,0.65,0.658,0.648,0.649,128782.7,2025-04-04 15:59:59.999,84125.7372,1863,67730.2,44242.4215
2025-04-04 16:00:00,0.65,0.653,0.647,0.651,80294.4,2025-04-04 16:59:59.999,52203.6938,970,46229.2,30062.9268
2025-04-04 17:00:00,0.652,0.659,0.646,0.657,68549.0,2025-04-04 17:59:59.999,44619.8102,778,29010.0,18905.9998
2025-04-04 18:00:00,0.658,0.658,0.653,0.655,48702.0,2025-04-04 18:59:59.999,31921.1753,685,19109.5,12525.6201
2025-04-04 19:00:00,0.655,0.661,0.652,0.653,178879.0,2025-04-04 19:59:59.999,117493.1671,1264,99449.6,65381.6536
2025-04-04 20:00:00,0.653,0.655,0.651,0.654,50015.6,2025-04-04 20:59:59.999,32619.5196,448,20949.8,13666.09
2025-04-04 21:00:00,0.654,0.66,0.654,0.658,47711.1,2025-04-04 21:59:59.999,31323.694,353,22594.6,14845.5061
2025-04-04 22:00:00,0.659,0.659,0.657,0.657,17395.1,2025-04-04 22:59:59.999,11445.9326,175,5517.8,3632.7771
2025-04-04 23:00:00,0.657,0.657,0.654,0.655,10527.0,2025-04-04 23:59:59.999,6895.9733,91,5503.4,3603.2198
2025-04-05 00:00:00,0.654,0.657,0.653,0.657,27403.4,2025-04-05 00:59:59.999,17940.6098,277,14668.1,9603.7251
2025-04-05 01:00:00,0.658,0.661,0.657,0.659,20939.8,2025-04-05 01:59:59.999,13797.481,239,6498.0,4282.0496
2025-04-05 02:00:00,0.659,0.659,0.657,0.657,18429.5,2025-04-05 02:59:59.999,12128.2448,303,10151.6,6681.7903
2025-04-05 03:00:00,0.657,0.657,0.656,0.656,20762.7,2025-04-05 03:59:59.999,13626.0326,271,9456.5,6205.0519
2025-04-05 04:00:00,0.657,0.659,0.656,0.657,15889.7,2025-04-05 04:59:59.999,10450.1558,169,9015.5,5929.5613
2025-04-05 05:00:00,0.658,0.659,0.657,0.658,18094.6,2025-04-05 05:59:59.999,11908.6823,170,7982.1,5252.828
2025-04-05 06:00:00,0.658,0.658,0.655,0.657,21613.1,2025-04-05 06:59:59.999,14192.2051,199,10758.0,7066.216
2025-04-05 07:00:00,0.657,0.661,0.655,0.661,22535.3,2025-04-05 07:59:59.999,14826.412,197,15973.6,10514.4725
2025-04-05 08:00:00,0.661,0.662,0.66,0.662,20353.4,2025-04-05 08:59:59.999,13463.8876,215,9791.0,6476.0234
2025-04-05 09:00:00,0.662,0.665,0.661,0.662,70106.9,2025-04-05 09:59:59.999,46465.2127,379,25007.6,16583.1086
2025-04-05 10:00:00,0.662,0.663,0.66,0.662,13600.4,2025-04-05 10:59:59.999,9004.1631,167,8809.3,5832.3356
2025-04-05 11:00:00,0.662,0.663,0.659,0.659,20841.4,2025-04-05 11:59:59.999,13771.2666,248,14428.6,9535.9848
2025-04-05 12:00:00,0.659,0.661,0.654,0.656,65184.9,2025-04-05 12:59:59.999,42888.8085,421,25875.6,17030.1624
2025-04-05 13:00:00,0.655,0.655,0.65,0.652,69290.4,2025-04-05 13:59:59.999,45209.6979,575,22303.2,14548.96
2025-04-05 14:00:00,0.652,0.656,0.652,0.654,53589.8,2025-04-05 14:59:59.999,35047.778,552,38738.2,25334.1958
2025-04-05 15:00:00,0.654,0.654,0.649,0.651,32798.9,2025-04-05 15:59:59.999,21397.9925,403,15301.2,9978.629
2025-04-05 16:00:00,0.652,0.653,0.65,0.651,26166.2,2025-04-05 16:59:59.999,17054.4536,288,10699.1,6978.4092
2025-04-05 17:00:00,0.65,0.654,0.65,0.653,18035.9,2025-04-05 17:59:59.999,11761.9246,123,10988.3,7162.9408
2025-04-05 18:00:00,0.653,0.655,0.652,0.653,24103.5,2025-04-05 18:59:59.999,15751.1993,225,16560.9,10821.9154
2025-04-05 19:00:00,0.654,0.654,0.652,0.652,18531.9,2025-04-05 19:59:59.999,12092.2475,141,10351.4,6755.2716
2025-04-05 20:00:00,0.653,0.654,0.651,0.653,32794.2,2025-04-05 20:59:59.999,21376.2243,326,9442.3,6160.6346
2025-04-05 21:00:00,0.652,0.652,0.65,0.652,17612.9,2025-04-05 21:59:59.999,11477.8519,183,9006.7,5869.2867
2025-04-05 22:00:00,0.652,0.652,0.651,0.652,3976.6,2025-04-05 22:59:59.999,2592.3713,35,3594.1,2343.3532
2025-04-05 23:00:00,0.653,0.656,0.652,0.656,36055.6,2025-04-05 23:59:59.999,23613.6684,252,15115.5,9899.8744
2025-04-06 00:00:00,0.656,0.656,0.654,0.655,40650.9,2025-04-06 00:59:59.999,26656.765,312,20434.1,13401.689
2025-04-06 01:00:00,0.655,0.657,0.653,0.653,20213.7,2025-04-06 01:59:59.999,13241.4569,126,9265.2,6071.345
2025-04-06 02:00:00,0.653,0.654,0.65,0.651,34285.3,2025-04-06 02:59:59.999,22327.2714,238,9874.1,6439.0961
2025-04-06 03:00:00,0.65,0.651,0.649,0.651,10111.8,2025-04-06 03:59:59.999,6576.2517,59,6424.9,4178.8846
2025-04-06 04:00:00,0.65,0.651,0.648,0.649,11872.2,2025-04-06 04:59:59.999,7708.4169,108,7559.1,4908.27
2025-04-06 05:00:00,0.65,0.654,0.65,0.654,26393.3,2025-04-06 05:59:59.999,17188.9022,168,14728.4,9592.3034
2025-04-06 06:00:00,0.653,0.653,0.648,0.648,24508.9,2025-04-06 06:59:59.999,15928.5421,209,4896.9,3184.5169
2025-04-06 07:00:00,0.648,0.648,0.646,0.647,19476.6,2025-04-06 07:59:59.999,12595.8677,180,11086.3,7172.2019
2025-04-06 08:00:00,0.647,0.649,0.645,0.649,21270.9,2025-04-06 08:59:59.999,13749.4882,154,10564.4,6825.59
2025-04-06 09:00:00,0.649,0.651,0.648,0.65,14320.7,2025-04-06 09:59:59.999,9297.697,85,6325.4,4105.9711
2025-04-06 10:00:00,0.649,0.649,0.645,0.646,17351.8,2025-04-06 10:59:59.999,11201.9961,122,9267.4,5980.3177
2025-04-06 11:00:00,0.646,0.646,0.642,0.644,27440.7,2025-04-06 11:59:59.999,17662.3025,197,13360.9,8598.8165
2025-04-06 12:00:00,0.644,0.645,0.638,0.639,54962.4,2025-04-06 12:59:59.999,35250.3884,417,26165.4,16775.609
2025-04-06 13:00:00,0.639,0.641,0.631,0.631,81670.8,2025-04-06 13:59:59.999,51969.5533,865,53303.3,33934.5549
2025-04-06 14:00:00,0.631,0.638,0.63,0.638,61798.3,2025-04-06 14:59:59.999,39181.1008,879,38047.7,24121.3556
2025-04-06 15:00:00,0.638,0.638,0.634,0.635,68570.6,2025-04-06 15:59:59.999,43609.2934,440,35599.9,22639.8785
2025-04-06 16:00:00,0.635,0.635,0.627,0.627,47138.2,2025-04-06 16:59:59.999,29695.9458,424,20824.3,13127.0146
2025-04-06 17:00:00,0.627,0.627,0.612,0.613,113559.6,2025-04-06 17:59:59.999,70216.3364,1287,47412.9,29321.2634
2025-04-06 18:00:00,0.612,0.613,0.593,0.595,227030.7,2025-04-06 18:59:59.999,136617.0231,2586,110334.7,66406.2479
2025-04-06 19:00:00,0.594,0.599,0.589,0.596,165589.7,2025-04-06 19:59:59.999,98166.0006,1705,78134.1,46339.2653
2025-04-06 20:00:00,0.594,0.598,0.581,0.584,288781.3,2025-04-06 20:59:59.999,169564.3952,1915,137053.2,80484.4031
2025-04-06 21:00:00,0.584,0.591,0.584,0.585,180549.9,2025-04-06 21:59:59.999,106205.8494,895,108413.8,63798.3935
2025-04-06 22:00:00,0.584,0.59,0.579,0.58,294993.3,2025-04-06 22:59:59.999,171891.2795,1458,112616.3,65707.7591
2025-04-06 23:00:00,0.58,0.584,0.57,0.582,119900.7,2025-04-06 23:59:59.999,69207.0496,1220,57021.6,32928.094
2025-04-07 00:00:00,0.582,0.583,0.574,0.579,114699.0,2025-04-07 00:59:59.999,66343.4324,827,62050.4,35915.1714
2025-04-07 01:00:00,0.58,0.595,0.58,0.589,159419.8,2025-04-07 01:59:59.999,93649.5687,1261,96644.7,56690.1934
2025-04-07 02:00:00,0.589,0.591,0.583,0.584,64417.3,2025-04-07 02:59:59.999,37832.9738,516,29964.5,17597.3617
2025-04-07 03:00:00,0.584,0.584,0.562,0.569,228576.9,2025-04-07 03:59:59.999,130801.4122,1768,107029.7,61216.0587
2025-04-07 04:00:00,0.569,0.574,0.566,0.57,115396.6,2025-04-07 04:59:59.999,65750.2104,1111,56877.2,32424.801
2025-04-07 05:00:00,0.57,0.574,0.565,0.566,97884.2,2025-04-07 05:59:59.999,55767.0739,1022,43743.1,24923.7772
2025-04-07 06:00:00,0.567,0.569,0.531,0.534,587295.2,2025-04-07 06:59:59.999,319182.698,4474,271946.7,147780.2144
2025-04-07 07:00:00,0.534,0.549,0.532,0.542,1035481.7,2025-04-07 07:59:59.999,560908.74,4467,570208.8,308502.2337
2025-04-07 08:00:00,0.543,0.567,0.541,0.563,326665.7,2025-04-07 08:59:59.999,180695.7464,1904,176149.7,97109.4631
2025-04-07 09:00:00,0.563,0.567,0.559,0.56,131910.3,2025-04-07 09:59:59.999,74267.7104,1285,69633.1,39210.2281
2025-04-07 10:00:00,0.56,0.578,0.557,0.564,2457678.2,2025-04-07 10:59:59.999,1396448.6373,9743,1176503.6,669254.0032
2025-04-07 11:00:00,0.564,0.569,0.551,0.555,2161901.0,2025-04-07 11:59:59.999,1213308.5417,8662,1036390.6,582928.4005
2025-04-07 12:00:00,0.554,0.576,0.553,0.574,902315.4,2025-04-07 12:59:59.999,504587.8155,4439,492160.6,275235.9233
2025-04-07 13:00:00,0.574,0.589,0.564,0.587,456193.2,2025-04-07 13:59:59.999,263076.6713,2926,253050.0,145885.6334
2025-04-07 14:00:00,0.587,0.611,0.581,0.589,909969.1,2025-04-07 14:59:59.999,540081.8393,6908,490334.8,290728.0595
2025-04-07 15:00:00,0.588,0.591,0.577,0.585,260537.3,2025-04-07 15:59:59.999,151910.4329,2102,131312.5,76579.3114
2025-04-07 16:00:00,0.586,0.586,0.574,0.575,109575.5,2025-04-07 16:59:59.999,63560.3297,1004,66089.0,38348.5791
2025-04-07 17:00:00,0.575,0.598,0.575,0.597,309643.0,2025-04-07 17:59:59.999,182358.8086,1966,178935.7,105394.7969
2025-04-07 18:00:00,0.597,0.6,0.593,0.593,126311.9,2025-04-07 18:59:59.999,75362.7743,1160,55742.5,33234.8112
2025-04-07 19:00:00,0.593,0.597,0.589,0.589,92492.7,2025-04-07 19:59:59.999,54775.9193,724,38144.0,22572.2932
2025-04-07 20:00:00,0.589,0.601,0.589,0.597,120451.3,2025-04-07 20:59:59.999,71801.8919,1145,69314.5,41329.9847
2025-04-07 21:00:00,0.597,0.601,0.594,0.599,65699.9,2025-04-07 21:59:59.999,39235.5333,449,31542.4,18826.8441
2025-04-07 22:00:00,0.599,0.602,0.598,0.6,72216.8,2025-04-07 22:59:59.999,43383.292,400,36573.4,21968.2418
2025-04-07 23:00:00,0.6,0.601,0.594,0.595,64134.8,2025-04-07 23:59:59.999,38301.102,535,33613.5,20081.7635
2025-04-08 00:00:00,0.594,0.596,0.592,0.592,63206.6,2025-04-08 00:59:59.999,37543.4616,510,30244.6,17964.2156
2025-04-08 01:00:00,0.591,0.609,0.59,0.609,122209.7,2025-04-08 01:59:59.999,73209.2649,1163,63917.0,38263.6348
2025-04-08 02:00:00,0.608,0.614,0.605,0.606,74030.8,2025-04-08 02:59:59.999,45117.8738,681,32423.6,19764.145
2025-04-08 03:00:00,0.606,0.607,0.6,0.601,45285.7,2025-04-08 03:59:59.999,27382.5078,373,22569.7,13642.3626
2025-04-08 04:00:00,0.602,0.605,0.602,0.605,54211.3,2025-04-08 04:59:59.999,32735.0015,397,23127.8,13962.7479
2025-04-08 05:00:00,0.605,0.605,0.598,0.601,100613.1,2025-04-08 05:59:59.999,60498.4351,528,26799.5,16100.7855
2025-04-08 06:00:00,0.602,0.603,0.6,0.6,119288.1,2025-04-08 06:59:59.999,71640.8394,469,37933.4,22790.7514
2025-04-08 07:00:00,0.6,0.602,0.599,0.602,56942.9,2025-04-08 07:59:59.999,34193.9604,359,35172.8,21127.4514
2025-04-08 08:00:00,0.602,0.602,0.596,0.598,122799.1,2025-04-08 08:59:59.999,73489.5284,604,50735.8,30377.5382
2025-04-08 09:00:00,0.598,0.601,0.596,0.598,66812.4,2025-04-08 09:59:59.999,39968.7535,692,33318.8,19932.3449
2025-04-08 10:00:00,0.598,0.599,0.596,0.596,50342.4,2025-04-08 10:59:59.999,30078.4092,582,32404.6,19362.2338
2025-04-08 11:00:00,0.597,0.61,0.596,0.61,87697.0,2025-04-08 11:59:59.999,52836.3662,1310,51373.7,30929.6721
2025-04-08 12:00:00,0.61,0.613,0.602,0.604,166761.9,2025-04-08 12:59:59.999,101277.4926,1211,75225.5,45730.0349
2025-04-08 13:00:00,0.604,0.61,0.603,0.608,165294.0,2025-04-08 13:59:59.999,100278.0524,1833,100592.8,61026.2956
2025-04-08 14:00:00,0.607,0.609,0.595,0.595,124278.1,2025-04-08 14:59:59.999,74813.8466,972,46231.4,27822.0465
2025-04-08 15:00:00,0.595,0.596,0.591,0.593,67270.8,2025-04-08 15:59:59.999,39886.6591,482,36883.0,21880.9437
2025-04-08 16:00:00,0.593,0.593,0.581,0.582,115190.0,2025-04-08 16:59:59.999,67582.0924,976,61265.2,35947.7468
2025-04-08 17:00:00,0.582,0.583,0.572,0.582,179169.6,2025-04-08 17:59:59.999,103480.3437,1218,85991.3,49686.5656
2025-04-08 18:00:00,0.582,0.588,0.58,0.583,99735.5,2025-04-08 18:59:59.999,58275.1803,722,47125.3,27558.6868
2025-04-08 19:00:00,0.583,0.584,0.575,0.576,104614.7,2025-04-08 19:59:59.999,60509.6449,733,44452.8,25711.0822
2025-04-08 20:00:00,0.577,0.58,0.573,0.578,144564.7,2025-04-08 20:59:59.999,83432.0024,594,100792.3,58204.3254
2025-04-08 21:00:00,0.579,0.579,0.573,0.578,65830.7,2025-04-08 21:59:59.999,37900.2964,323,27279.0,15700.8085
2025-04-08 22:00:00,0.577,0.577,0.57,0.574,136191.8,2025-04-08 22:59:59.999,78141.2618,666,77246.1,44335.8209
2025-04-08 23:00:00,0.575,0.575,0.572,0.575,49781.8,2025-04-08 23:59:59.999,28548.3026,381,20752.8,11902.163
2025-04-09 00:00:00,0.576,0.579,0.571,0.572,234615.2,2025-04-09 00:59:59.999,135069.7924,1297,96032.9,55233.3248
2025-04-09 01:00:00,0.572,0.574,0.552,0.574,205014.2,2025-04-09 01:59:59.999,115317.9943,1975,92454.2,51996.3559
2025-04-09 02:00:00,0.574,0.58,0.572,0.572,67391.1,2025-04-09 02:59:59.999,38809.9857,716,34768.0,20005.2865
2025-04-09 03:00:00,0.572,0.574,0.568,0.57,91492.6,2025-04-09 03:59:59.999,52255.0481,702,50901.7,29072.2018
2025-04-09 04:00:00,0.57,0.582,0.57,0.577,111713.2,2025-04-09 04:59:59.999,64401.7414,1082,59840.3,34498.7229
2025-04-09 05:00:00,0.578,0.583,0.577,0.582,59672.8,2025-04-09 05:59:59.999,34570.9158,465,29233.7,16947.4365
2025-04-09 06:00:00,0.583,0.588,0.582,0.583,123439.3,2025-04-09 06:59:59.999,72227.1134,706,41397.6,24210.2519
2025-04-09 07:00:00,0.584,0.592,0.584,0.591,130807.3,2025-04-09 07:59:59.999,77093.8246,1101,69496.3,40950.2493
2025-04-09 08:00:00,0.592,0.592,0.587,0.59,53128.3,2025-04-09 08:59:59.999,31305.6465,474,17228.2,10156.2307
2025-04-09 09:00:00,0.591,0.591,0.587,0.589,40574.8,2025-04-09 09:59:59.999,23901.5289,308,20678.1,12184.426
2025-04-09 10:00:00,0.588,0.592,0.584,0.59,72248.6,2025-04-09 10:59:59.999,42476.1544,690,37534.4,22087.3241
2025-04-09 11:00:00,0.589,0.59,0.578,0.581,171482.5,2025-04-09 11:59:59.999,99926.43,1633,67454.4,39293.7081
2025-04-09 12:00:00,0.581,0.586,0.576,0.584,152151.0,2025-04-09 12:59:59.999,88265.778,1133,77987.7,45228.6502
2025-04-09 13:00:00,0.584,0.595,0.583,0.593,153654.0,2025-04-09 13:59:59.999,90540.1637,1205,81250.1,47845.0484
2025-04-09 14:00:00,0.593,0.597,0.589,0.589,58635.9,2025-04-09 14:59:59.999,34768.021,968,30802.8,18261.1871
2025-04-09 15:00:00,0.589,0.594,0.588,0.59,75538.1,2025-04-09 15:59:59.999,44648.4507,553,25763.4,15231.3756
2025-04-09 16:00:00,0.59,0.597,0.59,0.596,80986.9,2025-04-09 16:59:59.999,48087.4119,589,44967.6,26699.2161
2025-04-09 17:00:00,0.596,0.62,0.592,0.618,740440.4,2025-04-09 17:59:59.999,451916.9903,4347,402248.6,245686.047
2025-04-09 18:00:00,0.618,0.621,0.597,0.598,1275387.7,2025-04-09 18:59:59.999,777793.3502,4597,596997.6,364084.5986
2025-04-09 19:00:00,0.598,0.602,0.596,0.599,482998.3,2025-04-09 19:59:59.999,289479.3833,3215,267584.2,160410.8587
2025-04-09 20:00:00,0.599,0.607,0.596,0.605,491069.5,2025-04-09 20:59:59.999,294551.5345,1974,286417.6,171933.8495
2025-04-09 21:00:00,0.605,0.607,0.599,0.601,426113.0,2025-04-09 21:59:59.999,256381.8182,2620,212375.5,127820.2649
2025-04-09 22:00:00,0.6,0.604,0.598,0.603,213447.0,2025-04-09 22:59:59.999,128284.2976,1222,148327.6,89167.5799
2025-04-09 23:00:00,0.604,0.606,0.6,0.605,186526.4,2025-04-09 23:59:59.999,112545.5046,909,100702.9,60809.5158
2025-04-10 00:00:00,0.605,0.605,0.595,0.598,152109.8,2025-04-10 00:59:59.999,91285.8421,613,97903.6,58742.0855
2025-04-10 01:00:00,0.598,0.599,0.59,0.593,156971.8,2025-04-10 01:59:59.999,93187.0959,779,90331.8,53646.6071
2025-04-10 02:00:00,0.592,0.593,0.589,0.589,169423.0,2025-04-10 02:59:59.999,100095.9674,998,87161.4,51491.5599
2025-04-10 03:00:00,0.589,0.589,0.58,0.582,194802.2,2025-04-10 03:59:59.999,113835.1406,1031,93768.3,54777.6595
2025-04-10 04:00:00,0.582,0.582,0.577,0.581,138486.5,2025-04-10 04:59:59.999,80363.3591,702,97670.9,56692.3717
2025-04-10 05:00:00,0.582,0.583,0.58,0.582,214843.7,2025-04-10 05:59:59.999,124916.1865,679,141774.6,82466.1297
2025-04-10 06:00:00,0.581,0.583,0.579,0.581,161994.4,2025-04-10 06:59:59.999,94040.3877,587,83694.5,48593.0989
2025-04-10 07:00:00,0.581,0.581,0.573,0.575,418144.5,2025-04-10 07:59:59.999,241593.3476,1083,180774.1,104483.1469
2025-04-10 08:00:00,0.575,0.576,0.57,0.571,143066.3,2025-04-10 08:59:59.999,81974.1449,617,87739.5,50269.1713
2025-04-10 09:00:00,0.571,0.575,0.57,0.572,355756.1,2025-04-10 09:59:59.999,203391.9396,1029,180085.3,103010.3069
2025-04-10 10:00:00,0.572,0.574,0.568,0.569,153979.0,2025-04-10 10:59:59.999,87886.9227,523,77688.6,44368.2302
2025-04-10 11:00:00,0.569,0.57,0.564,0.567,246433.2,2025-04-10 11:59:59.999,139502.8539,788,160981.4,91169.9527
2025-04-10 12:00:00,0.566,0.578,0.565,0.567,403397.0,2025-04-10 12:59:59.999,230383.5579,1926,206395.2,117884.7067
2025-04-10 13:00:00,0.566,0.567,0.552,0.555,502029.3,2025-04-10 13:59:59.999,280979.3485,1847,231754.3,129565.4738
2025-04-10 14:00:00,0.555,0.556,0.545,0.552,996288.5,2025-04-10 14:59:59.999,549612.3605,2457,539180.8,297502.5446
2025-04-10 15:00:00,0.552,0.553,0.53,0.534,1614147.0,2025-04-10 15:59:59.999,870010.4106,4553,763254.2,410856.4151
2025-04-10 16:00:00,0.534,0.54,0.531,0.537,278870.5,2025-04-10 16:59:59.999,149115.4655,967,180454.0,96507.2435
2025-04-10 17:00:00,0.537,0.541,0.531,0.54,352590.5,2025-04-10 17:59:59.999,189111.1097,1249,165808.4,88929.4055
2025-04-10 18:00:00,0.54,0.544,0.539,0.543,270774.7,2025-04-10 18:59:59.999,146793.9516,827,132163.0,71640.6108
2025-04-10 19:00:00,0.543,0.545,0.54,0.543,282419.9,2025-04-10 19:59:59.999,153009.4436,627,152048.5,82410.064
2025-04-10 20:00:00,0.542,0.545,0.542,0.544,146215.5,2025-04-10 20:59:59.999,79442.8767,435,90465.6,49153.4782
2025-04-10 21:00:00,0.544,0.546,0.54,0.541,115976.5,2025-04-10 21:59:59.999,62912.6453,407,42159.3,22885.1836
2025-04-10 22:00:00,0.541,0.543,0.541,0.542,135033.0,2025-04-10 22:59:59.999,73150.7997,506,80306.0,43507.6743
2025-04-10 23:00:00,0.541,0.544,0.538,0.543,249357.8,2025-04-10 23:59:59.999,135021.6864,542,110885.5,60048.0847
2025-04-11 00:00:00,0.543,0.544,0.534,0.534,208776.5,2025-04-11 00:59:59.999,112233.1406,799,98144.6,52780.1866
2025-04-11 01:00:00,0.534,0.544,0.534,0.544,327696.6,2025-04-11 01:59:59.999,176694.7611,1086,133064.6,71697.3987
2025-04-11 02:00:00,0.544,0.549,0.542,0.547,300838.2,2025-04-11 02:59:59.999,164158.7129,1067,157783.9,86116.9416
2025-04-11 03:00:00,0.548,0.548,0.543,0.544,203802.2,2025-04-11 03:59:59.999,111170.6102,663,73688.3,40197.4541
2025-04-11 04:00:00,0.543,0.545,0.54,0.54,179328.3,2025-04-11 04:59:59.999,97237.4818,738,104982.2,56916.9788
2025-04-11 05:00:00,0.54,0.543,0.539,0.542,223023.9,2025-04-11 05:59:59.999,120723.6481,658,127469.6,69014.9213
2025-04-11 06:00:00,0.542,0.546,0.542,0.546,187946.9,2025-04-11 06:59:59.999,102289.9672,572,87306.0,47527.0971
2025-04-11 07:00:00,0.546,0.548,0.543,0.545,250593.3,2025-04-11 07:59:59.999,136470.487,757,140178.8,76325.8691
2025-04-11 08:00:00,0.546,0.548,0.542,0.544,306439.9,2025-04-11 08:59:59.999,166896.8145,1054,128994.4,70282.1955
2025-04-11 09:00:00,0.543,0.547,0.541,0.546,156556.0,2025-04-11 09:59:59.999,85222.1392,544,79198.0,43110.2745
2025-04-11 10:00:00,0.546,0.555,0.543,0.552,379585.5,2025-04-11 10:59:59.999,208599.4505,1177,179900.2,98821.1411
2025-04-11 11:00:00,0.553,0.553,0.543,0.544,337114.0,2025-04-11 11:59:59.999,184248.5616,756,106005.5,58000.4601
2025-04-11 12:00:00,0.545,0.552,0.54,0.542,327776.5,2025-04-11 12:59:59.999,178727.7612,1053,175779.0,95799.1084
2025-04-11 13:00:00,0.542,0.548,0.539,0.546,238038.5,2025-04-11 13:59:59.999,129269.1204,935,141793.5,77041.6161
2025-04-11 14:00:00,0.545,0.549,0.539,0.542,451194.1,2025-04-11 14:59:59.999,245274.4286,1504,231348.4,125808.5001
2025-04-11 15:00:00,0.542,0.544,0.539,0.542,171178.0,2025-04-11 15:59:59.999,92668.8727,813,93679.9,50726.2674
2025-04-11 16:00:00,0.542,0.549,0.539,0.547,357765.7,2025-04-11 16:59:59.999,194603.0853,1211,226596.9,123279.5128
2025-04-11 17:00:00,0.546,0.554,0.546,0.552,550485.8,2025-04-11 17:59:59.999,302783.8683,2123,271878.3,149665.1516
2025-04-11 18:00:00,0.553,0.557,0.551,0.553,540721.5,2025-04-11 18:59:59.999,299309.1035,1487,267242.0,148063.9624
2025-04-11 19:00:00,0.553,0.557,0.55,0.551,267907.7,2025-04-11 19:59:59.999,148358.9639,812,136439.3,75682.2075
2025-04-11 20:00:00,0.551,0.551,0.547,0.548,163902.9,2025-04-11 20:59:59.999,90027.7052,482,74860.3,41139.0467
2025-04-11 21:00:00,0.548,0.549,0.545,0.546,129622.4,2025-04-11 21:59:59.999,70919.2175,441,65738.4,35992.9826
2025-04-11 22:00:00,0.547,0.547,0.543,0.543,84833.2,2025-04-11 22:59:59.999,46171.0173,262,40953.0,22287.1072
2025-04-11 23:00:00,0.543,0.544,0.541,0.543,133574.0,2025-04-11 23:59:59.999,72432.471,374,60242.0,32670.0125
2025-04-12 00:00:00,0.542,0.542,0.538,0.538,276044.2,2025-04-12 00:59:59.999,149198.5501,943,139125.5,75234.5028
2025-04-12 01:00:00,0.538,0.538,0.535,0.538,177618.7,2025-04-12 01:59:59.999,95256.4327,695,66594.2,35736.1617
2025-04-12 02:00:00,0.538,0.538,0.532,0.534,245196.9,2025-04-12 02:59:59.999,131175.6156,513,83426.5,44598.9628
2025-04-12 03:00:00,0.534,0.538,0.533,0.536,97861.9,2025-04-12 03:59:59.999,52389.1929,327,40838.4,21871.8764
2025-04-12 04:00:00,0.535,0.538,0.533,0.537,210915.0,2025-04-12 04:59:59.999,112805.6654,766,85566.1,45781.9484
2025-04-12 05:00:00,0.538,0.539,0.537,0.538,141849.5,2025-04-12 05:59:59.999,76293.6597,593,43448.4,23369.2081
2025-04-12 06:00:00,0.537,0.54,0.537,0.537,166821.7,2025-04-12 06:59:59.999,89862.7376,713,57844.7,31165.8642
2025-04-12 07:00:00,0.536,0.538,0.535,0.536,131283.7,2025-04-12 07:59:59.999,70399.785,658,63835.7,34247.5661
2025-04-12 08:00:00,0.536,0.542,0.536,0.538,251062.2,2025-04-12 08:59:59.999,135585.2421,1036,87482.4,47268.8835
2025-04-12 09:00:00,0.538,0.539,0.536,0.537,103372.6,2025-04-12 09:59:59.999,55573.0841,481,52636.5,28298.617
2025-04-12 10:00:00,0.537,0.537,0.535,0.537,92315.5,2025-04-12 10:59:59.999,49497.9944,501,48825.2,26183.2036
2025-04-12 11:00:00,0.537,0.541,0.536,0.538,164077.8,2025-04-12 11:59:59.999,88402.5206,713,73549.5,39639.9187
2025-04-12 12:00:00,0.537,0.542,0.537,0.54,278355.6,2025-04-12 12:59:59.999,150086.3608,1126,183925.2,99203.7895
2025-04-12 13:00:00,0.539,0.545,0.538,0.544,252672.2,2025-04-12 13:59:59.999,136872.4537,1326,110585.1,59888.5659
2025-04-12 14:00:00,0.544,0.552,0.543,0.551,510749.2,2025-04-12 14:59:59.999,279893.866,2171,210786.2,115418.7693
2025-04-12 15:00:00,0.551,0.554,0.55,0.55,376718.7,2025-04-12 15:59:59.999,208076.6833,1588,186911.9,103309.3049
2025-04-12 16:00:00,0.55,0.554,0.548,0.549,273323.7,2025-04-12 16:59:59.999,150537.0799,1140,146515.1,80721.8298
2025-04-12 17:00:00,0.548,0.55,0.546,0.548,160931.8,2025-04-12 17:59:59.999,88195.939,665,85102.2,46653.9651
2025-04-12 18:00:00,0.548,0.55,0.547,0.549,124489.3,2025-04-12 18:59:59.999,68368.8031,431,43790.6,24043.7887
2025-04-12 19:00:00,0.55,0.55,0.546,0.547,118741.6,2025-04-12 19:59:59.999,65121.3249,630,51022.2,27971.8686
2025-04-12 20:00:00,0.548,0.552,0.545,0.55,234137.1,2025-04-12 20:59:59.999,128322.0267,837,104052.1,57081.3241
2025-04-12 21:00:00,0.551,0.553,0.55,0.552,167742.1,2025-04-12 21:59:59.999,92527.3995,862,79934.9,44104.3536
2025-04-12 22:00:00,0.553,0.558,0.553,0.554,318525.1,2025-04-12 22:59:59.999,176841.8177,1221,114143.6,63392.4546
2025-04-12 23:00:00,0.554,0.558,0.551,0.558,374551.5,2025-04-12 23:59:59.999,207484.4597,1032,157112.5,87052.1061
2025-04-13 00:00:00,0.557,0.56,0.55,0.55,317786.3,2025-04-13 00:59:59.999,176632.5726,1110,92699.7,51543.461
2025-04-13 01:00:00,0.551,0.553,0.546,0.547,406280.9,2025-04-13 01:59:59.999,223642.3772,2066,152508.0,83863.0308
2025-04-13 02:00:00,0.547,0.547,0.543,0.545,237267.4,2025-04-13 02:59:59.999,129236.542,887,85251.7,46424.3553
2025-04-13 03:00:00,0.545,0.546,0.543,0.543,184298.0,2025-04-13 03:59:59.999,100385.0188,645,88272.8,48084.316
2025-04-13 04:00:00,0.543,0.543,0.536,0.538,226243.3,2025-04-13 04:59:59.999,122023.2807,921,101331.7,54690.9677
2025-04-13 05:00:00,0.537,0.539,0.534,0.535,155249.3,2025-04-13 05:59:59.999,83211.8102,553,77176.9,41384.9063
2025-04-13 06:00:00,0.535,0.539,0.534,0.536,265833.4,2025-04-13 06:59:59.999,142463.8478,850,139672.9,74853.2212
2025-04-13 07:00:00,0.535,0.536,0.531,0.533,228180.8,2025-04-13 07:59:59.999,121691.3818,830,117297.0,62560.3019
2025-04-13 08:00:00,0.532,0.537,0.531,0.536,179037.3,2025-04-13 08:59:59.999,95569.1217,884,99555.5,53098.7076
2025-04-13 09:00:00,0.536,0.538,0.535,0.537,121746.4,2025-04-13 09:59:59.999,65315.8699,453,74540.1,40002.7654
2025-04-13 10:00:00,0.538,0.538,0.534,0.535,213784.4,2025-04-13 10:59:59.999,114572.5156,770,108762.7,58297.0039
2025-04-13 11:00:00,0.535,0.537,0.532,0.534,287456.1,2025-04-13 11:59:59.999,153634.2014,1022,106571.8,56981.0009
2025-04-13 12:00:00,0.534,0.535,0.531,0.534,225702.2,2025-04-13 12:59:59.999,120263.6651,1091,103899.0,55347.1256
2025-04-13 13:00:00,0.533,0.536,0.525,0.526,367016.8,2025-04-13 13:59:59.999,194662.6466,1208,116628.7,61928.7043
2025-04-13 14:00:00,0.526,0.529,0.524,0.527,547380.4,2025-04-13 14:59:59.999,287572.1523,1474,276037.5,144989.3517
2025-04-13 15:00:00,0.527,0.527,0.521,0.526,248922.4,2025-04-13 15:59:59.999,130479.871,1077,131149.8,68729.0389
2025-04-13 16:00:00,0.526,0.527,0.525,0.525,237855.5,2025-04-13 16:59:59.999,125095.9123,892,145131.8,76342.4935
2025-04-13 17:00:00,0.526,0.538,0.525,0.536,394229.7,2025-04-13 17:59:59.999,208957.0743,1039,277266.6,146628.2683
2025-04-13 18:00:00,0.537,0.537,0.527,0.527,215387.4,2025-04-13 18:59:59.999,114593.5551,998,77832.7,41461.2582
2025-04-13 19:00:00,0.527,0.528,0.504,0.507,955686.9,2025-04-13 19:59:59.999,490615.3128,3219,498564.9,255714.1562
2025-04-13 20:00:00,0.507,0.51,0.498,0.502,544356.8,2025-04-13 20:59:59.999,274579.7256,2486,266434.6,134500.1646
2025-04-13 21:00:00,0.503,0.505,0.494,0.503,453217.3,2025-04-13 21:59:59.999,226928.7681,1751,228954.1,114652.2051
2025-04-13 22:00:00,0.502,0.504,0.499,0.501,163450.7,2025-04-13 22:59:59.999,81897.4317,787,59460.7,29794.4413
2025-04-13 23:00:00,0.501,0.506,0.501,0.504,248537.2,2025-04-13 23:59:59.999,125291.3359,1027,121518.8,61249.2373
2025-04-14 00:00:00,0.503,0.514,0.503,0.506,398560.0,2025-04-14 00:59:59.999,202901.3095,2081,181883.1,92594.8956
2025-04-14 01:00:00,0.506,0.507,0.501,0.502,200104.1,2025-04-14 01:59:59.999,100939.3461,1314,93190.5,47024.3176
2025-04-14 02:00:00,0.502,0.515,0.501,0.509,256976.6,2025-04-14 02:59:59.999,130677.5495,1549,101423.1,51503.2796
2025-04-14 03:00:00,0.508,0.508,0.5,0.501,244903.5,2025-04-14 03:59:59.999,123340.3857,1203,117248.3,59032.1287
2025-04-14 04:00:00,0.501,0.508,0.5,0.506,101397.8,2025-04-14 04:59:59.999,51047.8358,725,50063.0,25172.5304
2025-04-14 05:00:00,0.505,0.507,0.499,0.501,244054.4,2025-04-14 05:59:59.999,122778.7425,1128,83611.0,42047.0809
2025-04-14 06:00:00,0.501,0.502,0.498,0.5,287792.6,2025-04-14 06:59:59.999,143900.6957,687,142460.3,71224.5395
2025-04-14 07:00:00,0.5,0.502,0.498,0.501,284598.7,2025-04-14 07:59:59.999,142217.4186,1750,169663.8,84789.6788
2025-04-14 08:00:00,0.502,0.503,0.499,0.502,163000.9,2025-04-14 08:59:59.999,81689.6793,1037,86587.5,43409.0811
2025-04-14 09:00:00,0.502,0.503,0.498,0.5,206493.0,2025-04-14 09:59:59.999,103396.2213,952,94912.8,47515.1642
2025-04-14 10:00:00,0.5,0.51,0.5,0.508,281374.7,2025-04-14 10:59:59.999,142163.2209,1664,121445.8,61416.6315
2025-04-14 11:00:00,0.508,0.509,0.505,0.506,232719.8,2025-04-14 11:59:59.999,117995.3505,1252,102417.9,51924.3676
2025-04-14 12:00:00,0.506,0.507,0.504,0.506,226605.9,2025-04-14 12:59:59.999,114576.5169,1378,100347.9,50744.3959
2025-04-14 13:00:00,0.506,0.507,0.497,0.5,438075.9,2025-04-14 13:59:59.999,219473.458,1760,189192.4,94733.0213
2025-04-14 14:00:00,0.499,0.51,0.499,0.508,325400.4,2025-04-14 14:59:59.999,164150.5046,1376,157979.3,79511.0029
2025-04-14 15:00:00,0.507,0.507,0.495,0.497,402750.2,2025-04-14 15:59:59.999,201380.8593,1630,200200.9,99999.5506
2025-04-14 16:00:00,0.497,0.503,0.495,0.498,457465.2,2025-04-14 16:59:59.999,228046.2165,2016,271402.3,135217.5444
2025-04-14 17:00:00,0.498,0.503,0.498,0.502,269695.7,2025-04-14 17:59:59.999,135242.849,1250,132519.9,66450.012
2025-04-14 18:00:00,0.502,0.508,0.502,0.503,279163.2,2025-04-14 18:59:59.999,140795.8842,1436,153770.3,77612.8213
2025-04-14 19:00:00,0.503,0.504,0.497,0.498,449233.8,2025-04-14 19:59:59.999,224635.0223,1594,246695.0,123351.412
2025-04-14 20:00:00,0.497,0.498,0.493,0.495,162565.3,2025-04-14 20:59:59.999,80526.9942,591,32630.9,16170.6637
2025-04-14 21:00:00,0.495,0.495,0.49,0.494,257010.6,2025-04-14 21:59:59.999,126705.671,786,106632.7,52597.6368
2025-04-14 22:00:00,0.494,0.497,0.493,0.495,274472.7,2025-04-14 22:59:59.999,136041.4976,1054,91194.4,45216.0897
2025-04-14 23:00:00,0.496,0.496,0.493,0.494,236495.6,2025-04-14 23:59:59.999,117102.3161,610,63473.2,31449.5267
2025-04-15 00:00:00,0.495,0.497,0.49,0.493,540178.5,2025-04-15 00:59:59.999,266738.0363,2115,224382.9,110868.4038
2025-04-15 01:00:00,0.493,0.497,0.49,0.496,466380.8,2025-04-15 01:59:59.999,230336.9391,1392,249148.1,123192.417
2025-04-15 02:00:00,0.496,0.496,0.49,0.491,513911.8,2025-04-15 02:59:59.999,252604.0207,1172,144461.7,71112.0194
2025-04-15 03:00:00,0.492,0.495,0.49,0.495,296825.2,2025-04-15 03:59:59.999,146123.2892,871,150650.4,74199.0461
2025-04-15 04:00:00,0.495,0.523,0.493,0.513,918067.9,2025-04-15 04:59:59.999,469042.3955,3247,527251.1,269146.5877
2025-04-15 05:00:00,0.513,0.526,0.509,0.51,708225.3,2025-04-15 05:59:59.999,365764.3216,2196,323084.3,166774.0635
2025-04-15 06:00:00,0.509,0.512,0.494,0.498,454530.5,2025-04-15 06:59:59.999,228462.64,1603,241383.9,121176.3034
2025-04-15 07:00:00,0.498,0.502,0.497,0.502,233745.8,2025-04-15 07:59:59.999,116893.8613,733,110722.0,55404.6536
2025-04-15 08:00:00,0.502,0.504,0.5,0.502,150201.7,2025-04-15 08:59:59.999,75397.645,520,73870.7,37105.6359
2025-04-15 09:00:00,0.501,0.508,0.501,0.504,166059.8,2025-04-15 09:59:59.999,83764.6547,943,95402.5,48135.6674
2025-04-15 10:00:00,0.504,0.505,0.499,0.501,147370.3,2025-04-15 10:59:59.999,73913.4506,742,67661.4,33953.974
2025-04-15 11:00:00,0.501,0.502,0.498,0.501,108860.7,2025-04-15 11:59:59.999,54434.4006,574,51005.8,25512.0869
2025-04-15 12:00:00,0.5,0.502,0.499,0.502,159470.0,2025-04-15 12:59:59.999,79803.7255,824,92838.9,46444.7336
2025-04-15 13:00:00,0.503,0.507,0.501,0.501,186767.1,2025-04-15 13:59:59.999,94014.0931,1424,97501.9,49110.1589
2025-04-15 14:00:00,0.501,0.504,0.492,0.496,366470.0,2025-04-15 14:59:59.999,181890.8895,1610,171793.7,85230.8687
2025-04-15 15:00:00,0.496,0.5,0.494,0.496,140256.0,2025-04-15 15:59:59.999,69736.7546,730,71782.5,35690.214
2025-04-15 16:00:00,0.496,0.497,0.494,0.494,133591.9,2025-04-15 16:59:59.999,66205.342,673,73103.7,36231.3769
2025-04-15 17:00:00,0.494,0.496,0.489,0.491,524521.2,2025-04-15 17:59:59.999,257564.884,1899,284834.8,139874.7355
2025-04-15 18:00:00,0.492,0.496,0.491,0.494,153179.9,2025-04-15 18:59:59.999,75570.2971,964,90487.9,44655.9476
2025-04-15 19:00:00,0.493,0.495,0.492,0.493,125433.5,2025-04-15 19:59:59.999,61841.6205,655,57433.7,28316.3939
2025-04-15 20:00:00,0.493,0.495,0.491,0.492,112022.1,2025-04-15 20:59:59.999,55215.6892,518,38991.0,19213.7656
2025-04-15 21:00:00,0.492,0.496,0.49,0.495,110049.9,2025-04-15 21:59:59.999,54237.5452,559,62518.3,30828.6091
2025-04-15 22:00:00,0.494,0.494,0.49,0.492,112299.5,2025-04-15 22:59:59.999,55250.3258,562,54838.8,26977.8893
2025-04-15 23:00:00,0.492,0.496,0.491,0.494,222420.9,2025-04-15 23:59:59.999,109678.4195,809,150501.2,74226.8911
2025-04-16 00:00:00,0.494,0.498,0.491,0.495,226746.9,2025-04-16 00:59:59.999,112023.805,1082,112881.8,55783.5895
2025-04-16 01:00:00,0.495,0.505,0.494,0.504,161661.4,2025-04-16 01:59:59.999,81038.7285,822,71141.2,35669.8954
2025-04-16 02:00:00,0.505,0.508,0.504,0.506,195534.1,2025-04-16 02:59:59.999,98860.2343,629,92544.6,46811.8886
2025-04-16 03:00:00,0.506,0.506,0.499,0.499,134297.1,2025-04-16 03:59:59.999,67560.2302,434,52197.6,26283.7923
2025-04-16 04:00:00,0.499,0.5,0.496,0.5,71467.2,2025-04-16 04:59:59.999,35590.0373,263,44824.5,22326.1223
2025-04-16 05:00:00,0.501,0.506,0.499,0.504,158581.0,2025-04-16 05:59:59.999,79634.8611,843,85308.6,42804.1139
2025-04-16 06:00:00,0.504,0.509,0.504,0.508,123047.6,2025-04-16 06:59:59.999,62268.3578,580,60941.5,30832.0352
2025-04-16 07:00:00,0.508,0.508,0.498,0.5,199056.0,2025-04-16 07:59:59.999,99780.6155,843,95816.7,47958.6612
2025-04-16 08:00:00,0.5,0.506,0.497,0.502,381213.6,2025-04-16 08:59:59.999,191468.9699,1234,263421.6,132366.0884
2025-04-16 09:00:00,0.502,0.503,0.498,0.5,189749.0,2025-04-16 09:59:59.999,94995.2216,805,122679.8,61430.8006
2025-04-16 10:00:00,0.5,0.514,0.5,0.511,475364.0,2025-04-16 10:59:59.999,242182.6338,1995,262508.4,133652.8906
2025-04-16 11:00:00,0.511,0.513,0.507,0.512,308326.1,2025-04-16 11:59:59.999,157307.103,1261,147667.6,75337.4678
2025-04-16 12:00:00,0.512,0.512,0.5,0.5,338936.9,2025-04-16 12:59:59.999,171386.5173,1161,139751.8,70639.5066
2025-04-16 13:00:00,0.5,0.506,0.5,0.503,182029.5,2025-04-16 13:59:59.999,91592.6183,823,120999.9,60862.6856
2025-04-16 14:00:00,0.502,0.512,0.502,0.507,273257.4,2025-04-16 14:59:59.999,138710.7877,1198,158082.0,80314.4642
2025-04-16 15:00:00,0.507,0.513,0.505,0.505,136578.2,2025-04-16 15:59:59.999,69450.7575,967,58705.7,29871.7954
2025-04-16 16:00:00,0.504,0.506,0.499,0.501,254647.0,2025-04-16 16:59:59.999,127800.9913,833,139738.8,70125.6785
2025-04-16 17:00:00,0.501,0.512,0.491,0.492,611763.3,2025-04-16 17:59:59.999,306044.9912,2591,257580.0,129154.5345
2025-04-16 18:00:00,0.492,0.505,0.492,0.5,276480.4,2025-04-16 18:59:59.999,137979.4662,1525,167688.4,83628.7613
2025-04-16 19:00:00,0.5,0.502,0.493,0.501,200515.6,2025-04-16 19:59:59.999,99829.0646,1281,101610.0,50568.7321
2025-04-16 20:00:00,0.501,0.504,0.494,0.495,127752.4,2025-04-16 20:59:59.999,63748.2648,703,90428.6,45114.3364
2025-04-16 21:00:00,0.495,0.498,0.493,0.494,273395.3,2025-04-16 21:59:59.999,135377.931,915,133305.1,66069.5564
2025-04-16 22:00:00,0.493,0.496,0.492,0.494,63101.7,2025-04-16 22:59:59.999,31156.2294,377,33227.6,16409.9307
2025-04-16 23:00:00,0.494,0.494,0.491,0.492,134635.1,2025-04-16 23:59:59.999,66159.848,482,67564.8,33196.1928
2025-04-17 00:00:00,0.492,0.493,0.49,0.491,174374.9,2025-04-17 00:59:59.999,85678.5228,592,108589.5,53364.6751
2025-04-17 01:00:00,0.491,0.494,0.488,0.489,101661.9,2025-04-17 01:59:59.999,49926.8106,318,66234.3,32532.5621
2025-04-17 02:00:00,0.49,0.49,0.487,0.489,223467.4,2025-04-17 02:59:59.999,109145.6776,828,131697.1,64322.3225
2025-04-17 03:00:00,0.49,0.49,0.486,0.488,97228.0,2025-04-17 03:59:59.999,47442.2184,429,61025.6,29764.8068
2025-04-17 04:00:00,0.488,0.49,0.486,0.49,91384.4,2025-04-17 04:59:59.999,44569.6444,328,56871.2,27744.3417
2025-04-17 05:00:00,0.49,0.496,0.49,0.494,182006.7,2025-04-17 05:59:59.999,89808.5007,578,105029.3,51852.9099
2025-04-17 06:00:00,0.494,0.496,0.493,0.494,212008.4,2025-04-17 06:59:59.999,104718.447,796,115678.3,57144.7514
2025-04-17 07:00:00,0.494,0.496,0.492,0.494,76559.1,2025-04-17 07:59:59.999,37836.4213,388,35925.6,17746.8951
2025-04-17 08:00:00,0.493,0.495,0.489,0.491,115341.3,2025-04-17 08:59:59.999,56730.2657,321,50961.9,25092.2209
2025-04-17 09:00:00,0.491,0.492,0.49,0.491,95327.8,2025-04-17 09:59:59.999,46819.4443,353,58763.8,28863.2196
2025-04-17 10:00:00,0.491,0.491,0.488,0.49,99497.1,2025-04-17 10:59:59.999,48732.2393,207,53317.4,26117.8754
2025-04-17 11:00:00,0.491,0.496,0.491,0.493,318677.7,2025-04-17 11:59:59.999,157294.3862,1106,206366.2,101864.1616
2025-04-17 12:00:00,0.493,0.494,0.492,0.494,83252.6,2025-04-17 12:59:59.999,41055.7995,328,39090.3,19283.8272
2025-04-17 13:00:00,0.493,0.494,0.492,0.493,101690.3,2025-04-17 13:59:59.999,50162.3296,461,55777.3,27513.9804
2025-04-17 14:00:00,0.493,0.494,0.487,0.489,145250.5,2025-04-17 14:59:59.999,71223.6812,759,82738.7,40585.8818
2025-04-17 15:00:00,0.488,0.493,0.488,0.492,208145.4,2025-04-17 15:59:59.999,102362.4669,874,112497.1,55306.5959
2025-04-17 16:00:00,0.493,0.506,0.491,0.501,591342.8,2025-04-17 16:59:59.999,295731.331,1976,340948.8,170453.3974
2025-04-17 17:00:00,0.502,0.503,0.5,0.5,117783.4,2025-04-17 17:59:59.999,59020.822,548,48322.1,24231.814
2025-04-17 18:00:00,0.5,0.503,0.498,0.498,143234.8,2025-04-17 18:59:59.999,71734.5332,391,65729.0,32928.1562
2025-04-17 19:00:00,0.497,0.498,0.488,0.49,601593.8,2025-04-17 19:59:59.999,295941.3791,2395,339708.2,167037.6182
2025-04-17 20:00:00,0.491,0.497,0.49,0.495,265308.7,2025-04-17 20:59:59.999,131283.2792,916,132257.4,65417.8875
2025-04-17 21:00:00,0.495,0.497,0.493,0.496,71392.6,2025-04-17 21:59:59.999,35343.481,309,38392.2,19003.2338
2025-04-17 22:00:00,0.496,0.496,0.493,0.494,83178.7,2025-04-17 22:59:59.999,41194.4764,346,45854.6,22704.3704
2025-04-17 23:00:00,0.494,0.499,0.494,0.498,124572.8,2025-04-17 23:59:59.999,61865.3955,370,83910.0,41653.7208
2025-04-18 00:00:00,0.499,0.5,0.49,0.491,84890.8,2025-04-18 00:59:59.999,42106.988,443,41392.0,20506.8778
2025-04-18 01:00:00,0.491,0.497,0.489,0.495,225834.6,2025-04-18 01:59:59.999,111272.5886,647,81079.0,40027.7528
2025-04-18 02:00:00,0.495,0.496,0.493,0.495,68499.6,2025-04-18 02:59:59.999,33863.5057,372,31721.3,15687.5433
2025-04-18 03:00:00,0.494,0.498,0.492,0.496,53684.5,2025-04-18 03:59:59.999,26623.4519,246,36390.1,18061.6369
2025-04-18 04:00:00,0.497,0.497,0.495,0.496,54814.3,2025-04-18 04:59:59.999,27172.1943,207,26787.6,13281.7918
2025-04-18 05:00:00,0.496,0.498,0.495,0.497,65067.0,2025-04-18 05:59:59.999,32280.031,351,30214.5,14990.8147
2025-04-18 06:00:00,0.498,0.499,0.497,0.498,72011.6,2025-04-18 06:59:59.999,35844.6791,227,41742.7,20776.3063
2025-04-18 07:00:00,0.498,0.5,0.497,0.498,105621.4,2025-04-18 07:59:59.999,52647.6753,393,72614.5,36194.5076
2025-04-18 08:00:00,0.498,0.502,0.498,0.499,111737.7,2025-04-18 08:59:59.999,55852.6518,369,63430.6,31702.7341
2025-04-18 09:00:00,0.499,0.501,0.498,0.499,73997.7,2025-04-18 09:59:59.999,36966.0845,275,36681.9,18330.6057
2025-04-18 10:00:00,0.5,0.501,0.497,0.497,46216.8,2025-04-18 10:59:59.999,23069.2365,248,19517.1,9749.9781
2025-04-18 11:00:00,0.498,0.5,0.497,0.499,105134.0,2025-04-18 11:59:59.999,52438.3196,357,67998.9,33927.6143
2025-04-18 12:00:00,0.499,0.504,0.498,0.504,85531.9,2025-04-18 12:59:59.999,42916.8601,338,54830.6,27499.3832
2025-04-18 13:00:00,0.503,0.504,0.501,0.503,110089.1,2025-04-18 13:59:59.999,55351.7412,534,50542.5,25422.9127
2025-04-18 14:00:00,0.504,0.505,0.5,0.5,67323.2,2025-04-18 14:59:59.999,33781.8613,325,37754.8,18934.4265
2025-04-18 15:00:00,0.501,0.501,0.498,0.499,124425.8,2025-04-18 15:59:59.999,62170.6225,388,59600.2,29775.951
2025-04-18 16:00:00,0.499,0.5,0.497,0.499,63147.8,2025-04-18 16:59:59.999,31489.2289,262,24281.2,12116.1177
2025-04-18 17:00:00,0.5,0.502,0.5,0.501,93400.5,2025-04-18 17:59:59.999,46744.4863,329,67352.4,33708.4488
2025-04-18 18:00:00,0.5,0.503,0.5,0.502,64122.6,2025-04-18 18:59:59.999,32145.1961,352,38042.2,19077.6073
2025-04-18 19:00:00,0.501,0.502,0.499,0.5,71576.4,2025-04-18 19:59:59.999,35851.5452,269,35805.5,17941.9378
2025-04-18 20:00:00,0.499,0.5,0.497,0.498,68701.3,2025-04-18 20:59:59.999,34249.5048,246,29731.2,14826.709
2025-04-18 21:00:00,0.498,0.5,0.498,0.5,78658.1,2025-04-18 21:59:59.999,39242.4179,282,40631.1,20264.7885
2025-04-18 22:00:00,0.499,0.499,0.497,0.498,104309.8,2025-04-18 22:59:59.999,51989.6113,302,52848.1,26353.7129
2025-04-18 23:00:00,0.498,0.5,0.497,0.5,95951.0,2025-04-18 23:59:59.999,47833.004,272,52370.4,26125.0842
2025-04-19 00:00:00,0.5,0.502,0.499,0.5,159134.5,2025-04-19 00:59:59.999,79552.8184,473,84880.3,42443.8036
2025-04-19 01:00:00,0.5,0.503,0.5,0.502,154160.0,2025-04-19 01:59:59.999,77382.5315,511,112793.7,56620.8195
2025-04-19 02:00:00,0.502,0.505,0.501,0.504,61589.2,2025-04-19 02:59:59.999,31028.3408,320,43512.6,21921.6938
2025-04-19 03:00:00,0.503,0.506,0.503,0.505,91981.5,2025-04-19 03:59:59.999,46409.6969,280,48546.0,24486.1742
2025-04-19 04:00:00,0.504,0.507,0.503,0.505,168387.7,2025-04-19 04:59:59.999,85023.3042,411,97660.2,49349.9124
2025-04-19 05:00:00,0.505,0.506,0.503,0.503,140229.3,2025-04-19 05:59:59.999,70683.6127,165,39645.4,19987.5572
2025-04-19 06:00:00,0.503,0.504,0.501,0.503,47859.3,2025-04-19 06:59:59.999,24043.4046,246,17406.2,8747.0865
2025-04-19 07:00:00,0.503,0.507,0.503,0.507,106820.1,2025-04-19 07:59:59.999,53920.7302,321,66575.3,33624.3893
2025-04-19 08:00:00,0.507,0.507,0.502,0.503,49284.8,2025-04-19 08:59:59.999,24855.8939,166,16038.9,8087.1078
2025-04-19 09:00:00,0.502,0.503,0.5,0.502,126426.1,2025-04-19 09:59:59.999,63322.8535,276,40152.7,20148.5688
2025-04-19 10:00:00,0.501,0.503,0.501,0.501,91446.9,2025-04-19 10:59:59.999,45925.405,297,42269.7,21232.4297
2025-04-19 11:00:00,0.501,0.504,0.501,0.503,137017.1,2025-04-19 11:59:59.999,68869.4646,336,111801.9,56209.4716
2025-04-19 12:00:00,0.503,0.503,0.501,0.502,22071.9,2025-04-19 12:59:59.999,11071.6349,65,2083.5,1047.1847
2025-04-19 13:00:00,0.501,0.503,0.501,0.502,36675.3,2025-04-19 13:59:59.999,18396.7073,123,13775.9,6913.1069
2025-04-19 14:00:00,0.502,0.502,0.5,0.502,131533.9,2025-04-19 14:59:59.999,65908.5545,275,66189.6,33202.6103
2025-04-19 15:00:00,0.502,0.505,0.501,0.503,49108.2,2025-04-19 15:59:59.999,24706.2459,287,8326.7,4189.8212
2025-04-19 16:00:00,0.503,0.505,0.499,0.5,190029.1,2025-04-19 16:59:59.999,95184.9046,406,26893.6,13486.3308
2025-04-19 17:00:00,0.5,0.504,0.498,0.504,113862.6,2025-04-19 17:59:59.999,57136.1717,466,62486.8,31377.4503
2025-04-19 18:00:00,0.504,0.506,0.501,0.502,142339.1,2025-04-19 18:59:59.999,71799.8823,488,63996.4,32305.1622
2025-04-19 19:00:00,0.502,0.504,0.501,0.501,159565.3,2025-04-19 19:59:59.999,80114.4894,539,68743.3,34547.227
2025-04-19 20:00:00,0.501,0.502,0.499,0.5,54431.8,2025-04-19 20:59:59.999,27223.2028,179,33151.7,16583.1261
2025-04-19 21:00:00,0.5,0.503,0.499,0.502,93505.1,2025-04-19 21:59:59.999,46879.0683,302,64632.0,32404.0723
2025-04-19 22:00:00,0.503,0.506,0.502,0.505,96609.8,2025-04-19 22:59:59.999,48641.8954,219,60428.4,30412.0849
2025-04-19 23:00:00,0.504,0.505,0.503,0.505,39899.4,2025-04-19 23:59:59.999,20123.6919,176,19143.4,9662.7114
2025-04-20 00:00:00,0.505,0.507,0.504,0.506,117939.8,2025-04-20 00:59:59.999,59632.7259,333,64040.6,32372.0428
2025-04-20 01:00:00,0.505,0.509,0.505,0.507,89303.4,2025-04-20 01:59:59.999,45310.6235,205,56056.1,28451.5771
2025-04-20 02:00:00,0.508,0.508,0.506,0.507,77389.9,2025-04-20 02:59:59.999,39236.5619,177,42649.6,21623.2038
2025-04-20 03:00:00,0.506,0.508,0.506,0.507,80463.9,2025-04-20 03:59:59.999,40783.0329,189,36295.7,18394.6274
2025-04-20 04:00:00,0.507,0.509,0.506,0.508,66007.6,2025-04-20 04:59:59.999,33521.155,223,42993.6,21838.8833
2025-04-20 05:00:00,0.509,0.511,0.507,0.507,111335.2,2025-04-20 05:59:59.999,56635.9711,371,32396.8,16476.8687
2025-04-20 06:00:00,0.507,0.508,0.504,0.505,181387.3,2025-04-20 06:59:59.999,91891.2991,559,66889.6,33872.5126
2025-04-20 07:00:00,0.505,0.506,0.502,0.504,125852.1,2025-04-20 07:59:59.999,63343.9501,583,53619.3,26982.0776
2025-04-20 08:00:00,0.504,0.505,0.497,0.498,142054.0,2025-04-20 08:59:59.999,71224.6027,599,44885.3,22508.6916
2025-04-20 09:00:00,0.498,0.499,0.494,0.496,157855.8,2025-04-20 09:59:59.999,78390.7799,475,50439.8,25077.088
2025-04-20 10:00:00,0.497,0.497,0.488,0.49,234616.7,2025-04-20 10:59:59.999,115504.2915,921,95896.6,47215.7019
2025-04-20 11:00:00,0.489,0.491,0.485,0.489,292862.6,2025-04-20 11:59:59.999,142754.6653,1429,172765.9,84186.9664
2025-04-20 12:00:00,0.489,0.491,0.488,0.489,204222.9,2025-04-20 12:59:59.999,100012.11,726,101121.9,49530.8505
2025-04-20 13:00:00,0.489,0.492,0.489,0.491,171812.1,2025-04-20 13:59:59.999,84298.3687,418,81257.8,39882.7535
2025-04-20 14:00:00,0.49,0.493,0.49,0.492,132516.8,2025-04-20 14:59:59.999,65144.1226,432,63095.6,31026.2651
2025-04-20 15:00:00,0.491,0.492,0.489,0.491,182411.0,2025-04-20 15:59:59.999,89418.6647,237,54115.7,26548.4294
2025-04-20 16:00:00,0.491,0.493,0.49,0.492,95996.5,2025-04-20 16:59:59.999,47152.321,283,54095.7,26569.5766
2025-04-20 17:00:00,0.492,0.492,0.489,0.491,54223.8,2025-04-20 17:59:59.999,26609.9383,218,36823.1,18072.3525
2025-04-20 18:00:00,0.491,0.492,0.49,0.491,51340.0,2025-04-20 18:59:59.999,25201.3066,142,22394.9,10992.1432
2025-04-20 19:00:00,0.491,0.495,0.491,0.494,52551.8,2025-04-20 19:59:59.999,25922.0927,179,32998.0,16276.3086
2025-04-20 20:00:00,0.494,0.499,0.493,0.495,124847.8,2025-04-20 20:59:59.999,61920.82,587,59183.8,29353.0137
2025-04-20 21:00:00,0.495,0.495,0.492,0.493,74949.2,2025-04-20 21:59:59.999,36990.4254,370,30273.7,14952.8738
2025-04-20 22:00:00,0.493,0.494,0.492,0.493,84464.3,2025-04-20 22:59:59.999,41651.5401,211,45156.6,22270.3624
2025-04-20 23:00:00,0.494,0.496,0.493,0.495,67542.5,2025-04-20 23:59:59.999,33418.9737,233,36259.7,17937.9107
2025-04-21 00:00:00,0.495,0.506,0.493,0.503,286748.2,2025-04-21 00:59:59.999,143708.3417,1161,142082.9,71068.6949
2025-04-21 01:00:00,0.503,0.508,0.503,0.507,302782.3,2025-04-21 01:59:59.999,152973.8858,1174,173399.3,87553.0695
2025-04-21 02:00:00,0.508,0.509,0.503,0.504,140742.8,2025-04-21 02:59:59.999,71379.3655,621,58946.4,29917.4764
2025-04-21 03:00:00,0.504,0.505,0.503,0.503,83565.9,2025-04-21 03:59:59.999,42104.5916,351,31822.3,16036.1498
2025-04-21 04:00:00,0.504,0.507,0.504,0.507,114910.7,2025-04-21 04:59:59.999,58094.4713,441,61628.5,31169.1207
2025-04-21 05:00:00,0.507,0.51,0.506,0.508,151427.5,2025-04-21 05:59:59.999,76866.5642,621,74296.4,37721.4743
2025-04-21 06:00:00,0.508,0.512,0.508,0.51,142466.1,2025-04-21 06:59:59.999,72624.1691,482,89764.8,45732.8139
2025-04-21 07:00:00,0.509,0.512,0.508,0.512,165880.5,2025-04-21 07:59:59.999,84635.8088,594,81030.1,41392.0797
2025-04-21 08:00:00,0.512,0.513,0.51,0.51,148122.2,2025-04-21 08:59:59.999,75705.5559,506,50215.8,25694.3809
2025-04-21 09:00:00,0.51,0.51,0.506,0.508,118594.5,2025-04-21 09:59:59.999,60226.6983,384,65384.0,33216.5159
2025-04-21 10:00:00,0.509,0.518,0.507,0.515,451106.8,2025-04-21 10:59:59.999,231250.8611,1207,226213.6,115999.0431
2025-04-21 11:00:00,0.515,0.515,0.508,0.51,332480.6,2025-04-21 11:59:59.999,169702.2736,942,64102.7,32697.271
2025-04-21 12:00:00,0.51,0.513,0.508,0.509,171344.8,2025-04-21 12:59:59.999,87565.2382,573,59429.0,30403.952
2025-04-21 13:00:00,0.508,0.511,0.507,0.507,133386.6,2025-04-21 13:59:59.999,67844.7855,631,71227.4,36262.8388
2025-04-21 14:00:00,0.506,0.514,0.506,0.512,226253.5,2025-04-21 14:59:59.999,115742.7662,1122,104495.2,53426.109
2025-04-21 15:00:00,0.512,0.513,0.509,0.51,177801.3,2025-04-21 15:59:59.999,90874.6252,669,87500.8,44747.4467
2025-04-21 16:00:00,0.51,0.513,0.503,0.504,321474.2,2025-04-21 16:59:59.999,163640.5211,1119,124768.2,63624.4625
2025-04-21 17:00:00,0.504,0.504,0.498,0.502,397246.1,2025-04-21 17:59:59.999,198856.4459,1269,212760.5,106436.5102
2025-04-21 18:00:00,0.503,0.504,0.5,0.5,274792.3,2025-04-21 18:59:59.999,138020.3611,1137,124502.3,62584.2704
2025-04-21 19:00:00,0.5,0.504,0.5,0.502,148569.9,2025-04-21 19:59:59.999,74558.0226,743,63717.3,31993.4972
2025-04-21 20:00:00,0.503,0.503,0.499,0.501,123513.0,2025-04-21 20:59:59.999,61823.1136,431,45152.2,22600.9209
2025-04-21 21:00:00,0.5,0.5,0.496,0.498,152066.7,2025-04-21 21:59:59.999,75723.7412,429,91686.1,45654.0529
2025-04-21 22:00:00,0.497,0.499,0.495,0.499,110401.0,2025-04-21 22:59:59.999,54842.6112,345,53805.7,26731.3887
2025-04-21 23:00:00,0.498,0.502,0.497,0.501,197485.8,2025-04-21 23:59:59.999,98578.923,465,115776.7,57776.3959
2025-04-22 00:00:00,0.501,0.501,0.492,0.499,216540.2,2025-04-22 00:59:59.999,107671.8502,827,124761.0,62021.2551
2025-04-22 01:00:00,0.498,0.507,0.497,0.506,131373.7,2025-04-22 01:59:59.999,66146.6957,741,95282.6,48010.4811
2025-04-22 02:00:00,0.506,0.508,0.504,0.508,294884.4,2025-04-22 02:59:59.999,149406.9143,1200,183391.8,92941.6292
2025-04-22 03:00:00,0.508,0.508,0.504,0.508,101189.4,2025-04-22 03:59:59.999,51252.3681,502,49995.3,25314.7945
2025-04-22 04:00:00,0.509,0.51,0.504,0.504,204087.6,2025-04-22 04:59:59.999,103502.8878,622,82171.0,41692.1668
2025-04-22 05:00:00,0.504,0.504,0.501,0.501,142566.7,2025-04-22 05:59:59.999,71624.3717,492,60518.3,30410.3656
2025-04-22 06:00:00,0.501,0.502,0.496,0.5,188801.7,2025-04-22 06:59:59.999,94151.4859,570,97788.4,48753.1857
2025-04-22 07:00:00,0.501,0.509,0.5,0.508,186670.7,2025-04-22 07:59:59.999,94283.9921,792,79501.4,40063.6699
2025-04-22 08:00:00,0.508,0.509,0.505,0.507,84713.0,2025-04-22 08:59:59.999,42966.782,448,33315.5,16904.1626
2025-04-22 09:00:00,0.507,0.509,0.506,0.506,97370.4,2025-04-22 09:59:59.999,49415.2372,294,41678.0,21162.1838
2025-04-22 10:00:00,0.506,0.508,0.505,0.507,116882.6,2025-04-22 10:59:59.999,59230.4393,354,51407.6,26054.1236
2025-04-22 11:00:00,0.507,0.509,0.505,0.507,119715.6,2025-04-22 11:59:59.999,60664.3268,368,65875.6,33399.7312
2025-04-22 12:00:00,0.508,0.511,0.506,0.509,200157.7,2025-04-22 12:59:59.999,101839.3949,651,97870.3,49819.7563
2025-04-22 13:00:00,0.51,0.518,0.51,0.516,463301.4,2025-04-22 13:59:59.999,238113.2553,1894,240768.6,123771.5157
2025-04-22 14:00:00,0.517,0.52,0.514,0.519,433984.5,2025-04-22 14:59:59.999,224239.4719,1547,165876.8,85773.1269
2025-04-22 15:00:00,0.52,0.525,0.514,0.519,698276.4,2025-04-22 15:59:59.999,362927.2195,2333,275194.1,143084.2285
2025-04-22 16:00:00,0.52,0.521,0.517,0.519,189000.4,2025-04-22 16:59:59.999,98041.056,846,99251.2,51479.0941
2025-04-22 17:00:00,0.519,0.524,0.518,0.522,250316.5,2025-04-22 17:59:59.999,130429.9434,930,140792.3,73346.0982
2025-04-22 18:00:00,0.522,0.525,0.52,0.525,189132.5,2025-04-22 18:59:59.999,98960.5427,592,112121.0,58663.4231
2025-04-22 19:00:00,0.525,0.526,0.522,0.525,205362.8,2025-04-22 19:59:59.999,107718.0639,829,105507.5,55368.4353
2025-04-22 20:00:00,0.526,0.526,0.523,0.523,39769.0,2025-04-22 20:59:59.999,20855.9881,191,10153.4,5330.2453
2025-04-22 21:00:00,0.523,0.539,0.522,0.535,346988.2,2025-04-22 21:59:59.999,184039.6987,1615,191541.0,101615.9272
2025-04-22 22:00:00,0.536,0.538,0.531,0.534,263081.4,2025-04-22 22:59:59.999,140357.7368,837,120958.2,64578.9479
2025-04-22 23:00:00,0.535,0.539,0.534,0.534,355767.1,2025-04-22 23:59:59.999,190881.5267,1433,204216.0,109640.4127
2025-04-23 00:00:00,0.535,0.537,0.532,0.533,415630.9,2025-04-23 00:59:59.999,222092.2141,1204,201609.3,107754.1848
2025-04-23 01:00:00,0.534,0.54,0.533,0.534,252432.6,2025-04-23 01:59:59.999,135597.6768,977,112989.9,60680.1683
2025-04-23 02:00:00,0.535,0.54,0.534,0.539,175496.3,2025-04-23 02:59:59.999,94469.7579,736,102315.1,55067.1578
2025-04-23 03:00:00,0.539,0.544,0.537,0.543,224458.9,2025-04-23 03:59:59.999,121126.3904,812,127313.6,68713.6025
2025-04-23 04:00:00,0.543,0.549,0.542,0.549,229725.6,2025-04-23 04:59:59.999,125244.6251,965,98324.3,53638.3888
2025-04-23 05:00:00,0.549,0.55,0.543,0.544,160418.0,2025-04-23 05:59:59.999,87552.8242,734,60940.1,33297.1568
2025-04-23 06:00:00,0.545,0.545,0.541,0.543,176289.3,2025-04-23 06:59:59.999,95758.8795,655,108526.7,58954.7171
2025-04-23 07:00:00,0.542,0.544,0.54,0.543,160226.6,2025-04-23 07:59:59.999,86795.1167,547,77691.4,42051.6811
2025-04-23 08:00:00,0.543,0.545,0.541,0.544,248227.8,2025-04-23 08:59:59.999,134754.4226,869,137901.8,74912.2471
2025-04-23 09:00:00,0.544,0.547,0.543,0.543,99910.3,2025-04-23 09:59:59.999,54442.3989,405,42843.6,23360.9459
2025-04-23 10:00:00,0.542,0.543,0.536,0.542,292381.2,2025-04-23 10:59:59.999,157591.0356,1502,88307.5,47629.3791
2025-04-23 11:00:00,0.542,0.545,0.539,0.54,559208.3,2025-04-23 11:59:59.999,303019.882,810,341379.7,185308.8289
2025-04-23 12:00:00,0.541,0.545,0.54,0.544,128458.8,2025-04-23 12:59:59.999,69735.4026,728,37612.4,20438.3036
2025-04-23 13:00:00,0.544,0.546,0.534,0.534,604842.4,2025-04-23 13:59:59.999,327695.8253,3009,309900.6,168067.1978
2025-04-23 14:00:00,0.535,0.541,0.533,0.537,338061.1,2025-04-23 14:59:59.999,181386.3361,2392,140518.0,75391.1013
2025-04-23 15:00:00,0.536,0.537,0.528,0.536,364315.6,2025-04-23 15:59:59.999,194096.0875,2219,155422.2,82805.2239
2025-04-23 16:00:00,0.536,0.537,0.531,0.537,179919.9,2025-04-23 16:59:59.999,96116.6846,1266,68552.6,36669.1609
2025-04-23 17:00:00,0.536,0.54,0.535,0.539,179366.4,2025-04-23 17:59:59.999,96468.4891,1243,98445.1,52967.0489
2025-04-23 18:00:00,0.539,0.542,0.538,0.538,90192.4,2025-04-23 18:59:59.999,48719.1257,615,55245.9,29842.9478
2025-04-23 19:00:00,0.538,0.539,0.532,0.534,73615.6,2025-04-23 19:59:59.999,39380.6565,673,32135.8,17162.1957
2025-04-23 20:00:00,0.534,0.538,0.534,0.536,41820.3,2025-04-23 20:59:59.999,22403.7897,341,20140.3,10793.5786
2025-04-23 21:00:00,0.536,0.537,0.532,0.533,54810.7,2025-04-23 21:59:59.999,29311.5988,459,34411.4,18406.4043
2025-04-23 22:00:00,0.533,0.539,0.532,0.539,165678.7,2025-04-23 22:59:59.999,88877.9406,567,101029.6,54200.0059
2025-04-23 23:00:00,0.539,0.543,0.539,0.541,128088.4,2025-04-23 23:59:59.999,69292.3906,379,92015.3,49791.4565
2025-04-24 00:00:00,0.542,0.543,0.538,0.539,183566.1,2025-04-24 00:59:59.999,99148.2539,744,103904.0,56084.3127
2025-04-24 01:00:00,0.54,0.543,0.534,0.542,108806.7,2025-04-24 01:59:59.999,58634.542,918,55597.6,29956.8497
2025-04-24 02:00:00,0.541,0.55,0.535,0.535,1251774.0,2025-04-24 02:59:59.999,681608.3639,4464,683879.4,373130.133
2025-04-24 03:00:00,0.536,0.544,0.53,0.531,1304856.8,2025-04-24 03:59:59.999,700084.3054,4144,599212.6,322533.1367
2025-04-24 04:00:00,0.531,0.54,0.527,0.532,1669158.7,2025-04-24 04:59:59.999,889457.1636,7585,724445.6,386680.8355
2025-04-24 05:00:00,0.532,0.535,0.531,0.532,119089.3,2025-04-24 05:59:59.999,63524.6629,831,47647.7,25426.1627
2025-04-24 06:00:00,0.532,0.536,0.53,0.53,126923.0,2025-04-24 06:59:59.999,67612.444,712,63561.5,33878.865
2025-04-24 07:00:00,0.53,0.533,0.525,0.526,184454.4,2025-04-24 07:59:59.999,97572.354,1290,87742.8,46479.5448
2025-04-24 08:00:00,0.526,0.528,0.519,0.522,264621.5,2025-04-24 08:59:59.999,138373.6021,1992,124416.2,65038.2295
2025-04-24 09:00:00,0.521,0.528,0.521,0.528,109133.6,2025-04-24 09:59:59.999,57277.5501,869,55135.4,28938.9078
2025-04-24 10:00:00,0.527,0.532,0.526,0.528,2437816.7,2025-04-24 10:59:59.999,1289575.347,7328,1140476.4,603805.1008
2025-04-24 11:00:00,0.528,0.532,0.525,0.531,67809.9,2025-04-24 11:59:59.999,35796.1342,322,41414.8,21876.6999
2025-04-24 12:00:00,0.531,0.536,0.529,0.535,249242.1,2025-04-24 12:59:59.999,132457.5092,800,136505.8,72674.9363
2025-04-24 13:00:00,0.536,0.541,0.535,0.54,276267.7,2025-04-24 13:59:59.999,148595.8273,1337,143932.3,77429.7967
2025-04-24 14:00:00,0.54,0.547,0.539,0.546,361967.5,2025-04-24 14:59:59.999,196663.1392,2500,176244.3,95759.682
2025-04-24 15:00:00,0.545,0.552,0.543,0.545,287940.1,2025-04-24 15:59:59.999,157633.6629,2194,124735.8,68252.2631
2025-04-24 16:00:00,0.545,0.55,0.543,0.55,165101.6,2025-04-24 16:59:59.999,90308.8421,1029,82508.1,45161.8211
2025-04-24 17:00:00,0.549,0.551,0.541,0.545,203829.2,2025-04-24 17:59:59.999,111327.9066,1459,88842.5,48488.8933
2025-04-24 18:00:00,0.545,0.55,0.545,0.546,197013.6,2025-04-24 18:59:59.999,107720.8946,1119,112806.1,61698.0133
2025-04-24 19:00:00,0.546,0.548,0.543,0.547,119227.8,2025-04-24 19:59:59.999,65086.3729,837,81401.2,44451.0846
2025-04-24 20:00:00,0.546,0.55,0.546,0.549,96451.0,2025-04-24 20:59:59.999,52829.1023,672,42271.0,23152.735
2025-04-24 21:00:00,0.549,0.552,0.548,0.551,133212.4,2025-04-24 21:59:59.999,73143.9984,862,51488.1,28276.0368
2025-04-24 22:00:00,0.552,0.555,0.549,0.549,458117.4,2025-04-24 22:59:59.999,252402.816,926,139488.2,76843.6369
2025-04-24 23:00:00,0.55,0.554,0.549,0.553,133781.1,2025-04-24 23:59:59.999,73805.322,507,101571.0,56018.1251
2025-04-25 00:00:00,0.552,0.558,0.55,0.558,136820.4,2025-04-25 00:59:59.999,75835.705,1139,77743.1,43105.919
2025-04-25 01:00:00,0.558,0.561,0.555,0.558,169708.9,2025-04-25 01:59:59.999,94611.6156,1330,103878.6,57936.0301
2025-04-25 02:00:00,0.558,0.558,0.546,0.548,141332.0,2025-04-25 02:59:59.999,78078.8838,910,88719.0,48998.5446
2025-04-25 03:00:00,0.548,0.553,0.547,0.552,59741.5,2025-04-25 03:59:59.999,32851.4788,521,36732.8,20197.8356
2025-04-25 04:00:00,0.552,0.556,0.55,0.553,193121.1,2025-04-25 04:59:59.999,106944.6912,1032,78410.0,43407.3762
2025-04-25 05:00:00,0.553,0.558,0.552,0.557,97510.9,2025-04-25 05:59:59.999,54199.0638,439,53990.0,30013.7161
2025-04-25 06:00:00,0.557,0.562,0.557,0.561,163226.8,2025-04-25 06:59:59.999,91236.3281,809,112139.1,62710.7303
2025-04-25 07:00:00,0.561,0.563,0.558,0.562,175316.5,2025-04-25 07:59:59.999,98332.1191,754,101903.3,57161.5089
2025-04-25 08:00:00,0.562,0.563,0.56,0.563,193799.1,2025-04-25 08:59:59.999,108868.2739,1111,106928.7,60083.4477
2025-04-25 09:00:00,0.563,0.563,0.559,0.563,98763.6,2025-04-25 09:59:59.999,55355.9737,854,45706.4,25620.0863
2025-04-25 10:00:00,0.563,0.563,0.556,0.557,152129.8,2025-04-25 10:59:59.999,85129.0196,986,85374.4,47803.5099
2025-04-25 11:00:00,0.557,0.561,0.557,0.561,121527.4,2025-04-25 11:59:59.999,68003.9733,585,64362.7,36042.3045
2025-04-25 12:00:00,0.561,0.564,0.556,0.557,286401.8,2025-04-25 12:59:59.999,160446.072,1374,152797.2,85635.4585
2025-04-25 13:00:00,0.558,0.56,0.553,0.558,169858.0,2025-04-25 13:59:59.999,94731.6211,1518,106166.0,59246.3664
2025-04-25 14:00:00,0.558,0.564,0.557,0.562,333314.5,2025-04-25 14:59:59.999,186876.7941,2529,199678.3,111939.699
2025-04-25 15:00:00,0.562,0.567,0.557,0.558,527595.2,2025-04-25 15:59:59.999,296490.3267,2751,271491.0,152634.4674
2025-04-25 16:00:00,0.558,0.56,0.552,0.56,137486.7,2025-04-25 16:59:59.999,76417.3631,721,81294.2,45188.9393
2025-04-25 17:00:00,0.561,0.564,0.556,0.557,172077.5,2025-04-25 17:59:59.999,96424.5924,1331,86237.6,48350.4607
2025-04-25 18:00:00,0.557,0.562,0.557,0.559,72516.2,2025-04-25 18:59:59.999,40639.1674,639,35713.2,20016.4543
2025-04-25 19:00:00,0.559,0.561,0.556,0.561,103971.2,2025-04-25 19:59:59.999,58083.3127,951,50134.6,28013.4482
2025-04-25 20:00:00,0.561,0.564,0.56,0.563,49933.2,2025-04-25 20:59:59.999,28059.6515,442,22076.0,12402.1394
2025-04-25 21:00:00,0.563,0.564,0.558,0.559,127665.9,2025-04-25 21:59:59.999,71802.2107,775,41100.7,23126.9748
2025-04-25 22:00:00,0.56,0.566,0.558,0.564,90239.8,2025-04-25 22:59:59.999,50786.1396,472,51474.2,28960.4032
2025-04-25 23:00:00,0.564,0.566,0.562,0.566,132301.7,2025-04-25 23:59:59.999,74553.6527,812,58578.2,33006.4921
2025-04-26 00:00:00,0.566,0.576,0.566,0.576,248932.9,2025-04-26 00:59:59.999,142031.023,1406,136189.5,77767.5608
2025-04-26 01:00:00,0.575,0.585,0.573,0.583,246918.5,2025-04-26 01:59:59.999,143179.29,2167,99713.9,57845.5766
2025-04-26 02:00:00,0.583,0.584,0.577,0.58,332014.4,2025-04-26 02:59:59.999,192445.3246,1490,87834.3,50921.6079
2025-04-26 03:00:00,0.58,0.584,0.578,0.579,238370.0,2025-04-26 03:59:59.999,138515.4617,1854,79290.2,46070.8724
2025-04-26 04:00:00,0.579,0.58,0.575,0.575,132578.4,2025-04-26 04:59:59.999,76560.9484,701,52017.7,30031.992
2025-04-26 05:00:00,0.575,0.577,0.573,0.576,101940.8,2025-04-26 05:59:59.999,58613.9175,995,49372.9,28387.3925
2025-04-26 06:00:00,0.576,0.58,0.575,0.578,125738.0,2025-04-26 06:59:59.999,72532.968,906,53982.9,31159.216
2025-04-26 07:00:00,0.579,0.581,0.575,0.575,77830.6,2025-04-26 07:59:59.999,45074.0895,556,35516.6,20587.955
2025-04-26 08:00:00,0.575,0.579,0.57,0.571,164291.3,2025-04-26 08:59:59.999,94308.9876,1397,77261.8,44388.0314
2025-04-26 09:00:00,0.571,0.573,0.566,0.568,138115.9,2025-04-26 09:59:59.999,78556.8868,1040,56647.8,32270.0544
2025-04-26 10:00:00,0.568,0.573,0.567,0.571,79140.8,2025-04-26 10:59:59.999,45134.5581,636,39170.9,22353.0662
2025-04-26 11:00:00,0.57,0.571,0.561,0.563,112883.6,2025-04-26 11:59:59.999,63822.6314,988,51160.2,28902.872
2025-04-26 12:00:00,0.563,0.565,0.561,0.561,191154.6,2025-04-26 12:59:59.999,107630.5991,1217,68008.9,38309.2612
2025-04-26 13:00:00,0.561,0.564,0.556,0.561,158494.7,2025-04-26 13:59:59.999,88781.2203,1516,57269.7,32048.1008
2025-04-26 14:00:00,0.561,0.565,0.559,0.563,86285.1,2025-04-26 14:59:59.999,48443.8668,658,33259.1,18676.8662
2025-04-26 15:00:00,0.563,0.568,0.563,0.567,142591.3,2025-04-26 15:59:59.999,80752.5717,756,58072.1,32861.7966
2025-04-26 16:00:00,0.567,0.567,0.56,0.562,140472.7,2025-04-26 16:59:59.999,79183.5625,1101,58887.1,33171.5782
2025-04-26 17:00:00,0.563,0.564,0.561,0.562,49914.1,2025-04-26 17:59:59.999,28080.7676,359,28729.4,16165.6784
2025-04-26 18:00:00,0.561,0.566,0.561,0.563,125425.1,2025-04-26 18:59:59.999,70703.283,762,84083.3,47396.0264
2025-04-26 19:00:00,0.563,0.565,0.562,0.565,70665.1,2025-04-26 19:59:59.999,39833.848,402,57402.5,32364.6641
2025-04-26 20:00:00,0.565,0.567,0.564,0.564,89564.3,2025-04-26 20:59:59.999,50589.6794,298,26950.7,15231.8218
2025-04-26 21:00:00,0.563,0.57,0.563,0.567,106796.2,2025-04-26 21:59:59.999,60456.2961,472,46993.6,26622.0989
2025-04-26 22:00:00,0.567,0.572,0.567,0.57,63218.4,2025-04-26 22:59:59.999,36057.2514,392,34975.1,19942.2646
2025-04-26 23:00:00,0.57,0.572,0.569,0.572,30262.9,2025-04-26 23:59:59.999,17265.5456,144,21559.5,12303.7874
2025-04-27 00:00:00,0.572,0.578,0.571,0.575,297139.6,2025-04-27 00:59:59.999,170539.7456,1566,121223.3,69552.6647
2025-04-27 01:00:00,0.575,0.576,0.558,0.558,559723.3,2025-04-27 01:59:59.999,317528.7364,3875,193095.4,109231.4981
2025-04-27 02:00:00,0.558,0.563,0.558,0.562,143594.4,2025-04-27 02:59:59.999,80628.7608,896,57233.2,32159.86
2025-04-27 03:00:00,0.562,0.564,0.56,0.562,85843.9,2025-04-27 03:59:59.999,48293.895,543,35942.0,20227.8622
2025-04-27 04:00:00,0.562,0.563,0.555,0.557,160855.0,2025-04-27 04:59:59.999,89856.9988,882,76667.7,42825.769
2025-04-27 05:00:00,0.556,0.559,0.552,0.556,170847.2,2025-04-27 05:59:59.999,94919.1827,1085,74738.9,41533.2024
2025-04-27 06:00:00,0.556,0.557,0.553,0.554,89191.7,2025-04-27 06:59:59.999,49545.138,543,38377.2,21322.2376
2025-04-27 07:00:00,0.554,0.556,0.552,0.555,100964.8,2025-04-27 07:59:59.999,55927.1528,559,45438.2,25181.9139
2025-04-27 08:00:00,0.555,0.557,0.554,0.556,79627.8,2025-04-27 08:59:59.999,44233.8729,550,33773.9,18770.5858
2025-04-27 09:00:00,0.556,0.556,0.553,0.555,135119.7,2025-04-27 09:59:59.999,74932.1055,669,38920.3,21577.1172
2025-04-27 10:00:00,0.555,0.557,0.553,0.556,146151.4,2025-04-27 10:59:59.999,81080.5815,666,60562.5,33647.0839
2025-04-27 11:00:00,0.556,0.56,0.556,0.558,185289.1,2025-04-27 11:59:59.999,103350.6423,708,105263.8,58719.006
2025-04-27 12:00:00,0.558,0.56,0.552,0.553,269415.2,2025-04-27 12:59:59.999,149779.4787,1382,121932.8,67853.282
2025-04-27 13:00:00,0.553,0.555,0.547,0.554,262078.1,2025-04-27 13:59:59.999,144267.2325,1441,95948.6,52878.0763
2025-04-27 14:00:00,0.554,0.556,0.552,0.554,121450.5,2025-04-27 14:59:59.999,67271.9537,697,65410.0,36224.5691
2025-04-27 15:00:00,0.553,0.554,0.55,0.55,72464.7,2025-04-27 15:59:59.999,39979.0608,447,38845.2,21424.9358
2025-04-27 16:00:00,0.551,0.552,0.545,0.545,164712.5,2025-04-27 16:59:59.999,90192.7798,867,68144.0,37346.1442
2025-04-27 17:00:00,0.545,0.55,0.544,0.548,58947.5,2025-04-27 17:59:59.999,32256.2924,575,26680.2,14601.5306
2025-04-27 18:00:00,0.548,0.553,0.548,0.552,37737.4,2025-04-27 18:59:59.999,20811.3456,368,21073.9,11620.903
2025-04-27 19:00:00,0.551,0.557,0.551,0.556,108457.6,2025-04-27 19:59:59.999,59951.0523,580,81745.2,45164.6625
2025-04-27 20:00:00,0.556,0.556,0.552,0.552,119663.5,2025-04-27 20:59:59.999,66274.1628,561,36103.2,20001.4556
2025-04-27 21:00:00,0.552,0.554,0.548,0.553,96014.2,2025-04-27 21:59:59.999,52906.3338,566,47398.8,26145.4658
2025-04-27 22:00:00,0.553,0.554,0.548,0.552,75540.1,2025-04-27 22:59:59.999,41635.4883,539,46701.4,25741.213
2025-04-27 23:00:00,0.552,0.552,0.549,0.55,80234.0,2025-04-27 23:59:59.999,44175.8773,532,44168.6,24324.215
2025-04-28 00:00:00,0.551,0.552,0.546,0.548,200041.4,2025-04-28 00:59:59.999,109831.3632,1564,96701.8,53102.3961
2025-04-28 01:00:00,0.548,0.548,0.534,0.538,463383.4,2025-04-28 01:59:59.999,249924.6593,2461,176495.8,95257.2472
2025-04-28 02:00:00,0.537,0.547,0.537,0.546,154266.2,2025-04-28 02:59:59.999,83637.1567,948,83284.7,45097.0503
2025-04-28 03:00:00,0.546,0.553,0.545,0.551,204621.3,2025-04-28 03:59:59.999,112487.7096,1704,129341.1,71095.1563
2025-04-28 04:00:00,0.551,0.554,0.551,0.552,37164.3,2025-04-28 04:59:59.999,20509.4063,223,18195.4,10045.3104
2025-04-28 05:00:00,0.552,0.554,0.549,0.551,168884.9,2025-04-28 05:59:59.999,93013.7655,357,60936.3,33565.517
2025-04-28 06:00:00,0.551,0.555,0.55,0.554,144167.1,2025-04-28 06:59:59.999,79635.0095,975,81376.7,44977.8351
2025-04-28 07:00:00,0.553,0.557,0.551,0.557,62369.3,2025-04-28 07:59:59.999,34568.8668,488,38809.8,21524.9221
2025-04-28 08:00:00,0.557,0.56,0.556,0.559,109283.1,2025-04-28 08:59:59.999,60995.8748,615,64396.4,35970.9404
2025-04-28 09:00:00,0.559,0.561,0.557,0.558,92673.8,2025-04-28 09:59:59.999,51805.3611,378,15048.3,8415.6423
2025-04-28 10:00:00,0.558,0.565,0.553,0.562,178166.3,2025-04-28 10:59:59.999,99606.355,2396,90405.8,50523.1915
2025-04-28 11:00:00,0.562,0.566,0.561,0.565,104121.8,2025-04-28 11:59:59.999,58681.5395,1268,65386.8,36844.3392
2025-04-28 12:00:00,0.566,0.567,0.562,0.563,84020.0,2025-04-28 12:59:59.999,47411.1518,763,55983.7,31608.0988
2025-04-28 13:00:00,0.563,0.563,0.551,0.552,175403.3,2025-04-28 13:59:59.999,97993.2304,2284,77140.8,43092.3143
2025-04-28 14:00:00,0.551,0.559,0.55,0.552,394181.2,2025-04-28 14:59:59.999,218842.782,4060,174491.9,96989.0377
2025-04-28 15:00:00,0.551,0.553,0.539,0.54,246326.7,2025-04-28 15:59:59.999,134086.2979,3150,105725.3,57630.5106
2025-04-28 16:00:00,0.54,0.544,0.534,0.542,323368.2,2025-04-28 16:59:59.999,174342.2807,3244,117383.5,63274.127
2025-04-28 17:00:00,0.541,0.55,0.541,0.549,111643.9,2025-04-28 17:59:59.999,60838.3192,1160,53629.2,29233.084
2025-04-28 18:00:00,0.549,0.551,0.546,0.55,131778.8,2025-04-28 18:59:59.999,72260.4051,854,88289.6,48425.4327
2025-04-28 19:00:00,0.55,0.556,0.549,0.554,91961.0,2025-04-28 19:59:59.999,50862.0372,1062,51583.5,28545.2595
2025-04-28 20:00:00,0.554,0.555,0.55,0.551,117684.3,2025-04-28 20:59:59.999,65085.0385,983,41123.9,22734.6024
2025-04-28 21:00:00,0.551,0.552,0.549,0.551,85620.1,2025-04-28 21:59:59.999,47141.3488,604,46492.8,25619.3232
2025-04-28 22:00:00,0.551,0.555,0.55,0.553,91366.4,2025-04-28 22:59:59.999,50439.5057,674,47634.2,26279.4693
2025-04-28 23:00:00,0.554,0.555,0.551,0.555,69629.5,2025-04-28 23:59:59.999,38504.9924,493,28593.6,15805.16
2025-04-29 00:00:00,0.554,0.559,0.553,0.558,111251.4,2025-04-29 00:59:59.999,61826.0383,987,69182.9,38454.0011
2025-04-29 01:00:00,0.558,0.563,0.558,0.559,127327.5,2025-04-29 01:59:59.999,71362.3891,992,84892.4,47611.9578
2025-04-29 02:00:00,0.559,0.561,0.557,0.56,118954.6,2025-04-29 02:59:59.999,66435.5754,1080,73316.3,40943.9933
2025-04-29 03:00:00,0.561,0.564,0.56,0.564,89619.8,2025-04-29 03:59:59.999,50350.6249,569,56647.1,31831.9053
2025-04-29 04:00:00,0.563,0.575,0.559,0.562,651800.4,2025-04-29 04:59:59.999,368481.1823,1979,354256.9,200598.1127
2025-04-29 05:00:00,0.562,0.564,0.56,0.561,101912.0,2025-04-29 05:59:59.999,57270.7273,816,45003.2,25301.5986
2025-04-29 06:00:00,0.56,0.568,0.56,0.566,181171.2,2025-04-29 06:59:59.999,102465.6922,1294,70920.7,40135.2734
2025-04-29 07:00:00,0.567,0.567,0.565,0.566,120673.5,2025-04-29 07:59:59.999,68270.6599,767,46369.1,26243.8825
2025-04-29 08:00:00,0.567,0.569,0.564,0.565,122295.2,2025-04-29 08:59:59.999,69221.8052,769,33395.8,18926.7751
2025-04-29 09:00:00,0.566,0.566,0.559,0.562,64756.4,2025-04-29 09:59:59.999,36383.5071,619,30742.6,17266.9935
2025-04-29 10:00:00,0.561,0.563,0.555,0.556,125665.5,2025-04-29 10:59:59.999,70147.5741,986,55946.4,31276.0486
2025-04-29 11:00:00,0.557,0.56,0.556,0.558,74413.7,2025-04-29 11:59:59.999,41539.1289,669,52499.8,29321.1836
2025-04-29 12:00:00,0.559,0.559,0.552,0.555,133094.4,2025-04-29 12:59:59.999,73838.3065,1040,75449.0,41849.003
2025-04-29 13:00:00,0.554,0.562,0.551,0.56,137225.6,2025-04-29 13:59:59.999,76528.9111,966,107058.2,59731.0057
2025-04-29 14:00:00,0.56,0.567,0.558,0.565,141891.8,2025-04-29 14:59:59.999,79924.1137,1249,86852.6,48971.6412
2025-04-29 15:00:00,0.565,0.565,0.56,0.562,52586.2,2025-04-29 15:59:59.999,29537.1008,511,26374.4,14815.69
2025-04-29 16:00:00,0.563,0.567,0.561,0.562,110056.9,2025-04-29 16:59:59.999,62127.5354,666,71933.4,40620.6512
2025-04-29 17:00:00,0.563,0.567,0.559,0.565,108120.3,2025-04-29 17:59:59.999,60808.6018,1009,43892.0,24685.9882
2025-04-29 18:00:00,0.565,0.57,0.564,0.567,221670.7,2025-04-29 18:59:59.999,125731.7401,991,102116.7,57931.4108
2025-04-29 19:00:00,0.567,0.568,0.564,0.565,98366.5,2025-04-29 19:59:59.999,55658.3293,475,44188.5,25021.1678
2025-04-29 20:00:00,0.565,0.565,0.561,0.563,129817.9,2025-04-29 20:59:59.999,73007.4589,670,39753.9,22372.0479
2025-04-29 21:00:00,0.562,0.562,0.552,0.555,187906.1,2025-04-29 21:59:59.999,104678.8413,1362,86661.5,48367.4591
2025-04-29 22:00:00,0.555,0.556,0.551,0.551,76097.2,2025-04-29 22:59:59.999,42118.3338,524,51369.8,28435.4538
2025-04-29 23:00:00,0.552,0.555,0.547,0.555,185077.8,2025-04-29 23:59:59.999,101734.2636,1331,132964.4,73122.61
2025-04-30 00:00:00,0.555,0.556,0.55,0.55,123131.0,2025-04-30 00:59:59.999,68066.7601,916,37380.3,20668.3819
2025-04-30 01:00:00,0.55,0.554,0.548,0.553,95140.9,2025-04-30 01:59:59.999,52468.9615,710,59300.4,32705.531
2025-04-30 02:00:00,0.553,0.556,0.552,0.554,38338.7,2025-04-30 02:59:59.999,21253.2124,462,15284.7,8474.2223
2025-04-30 03:00:00,0.554,0.559,0.552,0.557,89110.5,2025-04-30 03:59:59.999,49457.4868,374,46167.1,25661.8551
2025-04-30 04:00:00,0.557,0.56,0.555,0.559,154335.6,2025-04-30 04:59:59.999,86153.9929,412,114290.7,63810.0129
2025-04-30 05:00:00,0.559,0.559,0.555,0.556,48151.2,2025-04-30 05:59:59.999,26824.6785,570,19739.3,10991.4541
2025-04-30 06:00:00,0.557,0.559,0.555,0.558,32459.9,2025-04-30 06:59:59.999,18081.8552,437,13199.4,7353.2999
2025-04-30 07:00:00,0.557,0.558,0.552,0.554,80761.5,2025-04-30 07:59:59.999,44849.3033,505,51619.0,28698.3826
2025-04-30 08:00:00,0.553,0.556,0.552,0.555,146343.6,2025-04-30 08:59:59.999,81046.1007,884,76464.6,42347.4084
2025-04-30 09:00:00,0.554,0.56,0.554,0.56,50981.9,2025-04-30 09:59:59.999,28460.2044,383,26885.8,15014.7626
2025-04-30 10:00:00,0.56,0.561,0.558,0.56,104067.3,2025-04-30 10:59:59.999,58196.3759,396,54258.2,30342.9591
2025-04-30 11:00:00,0.56,0.563,0.559,0.562,116759.6,2025-04-30 11:59:59.999,65499.4699,647,65009.7,36487.7746
2025-04-30 12:00:00,0.562,0.563,0.55,0.553,177135.9,2025-04-30 12:59:59.999,98363.4032,1834,68201.5,37896.9067
2025-04-30 13:00:00,0.552,0.555,0.533,0.534,3021986.7,2025-04-30 13:59:59.999,1656954.6736,11278,1489882.9,818940.6227
2025-04-30 14:00:00,0.534,0.547,0.533,0.544,376596.4,2025-04-30 14:59:59.999,204026.1103,2654,199930.5,108448.9167
2025-04-30 15:00:00,0.543,0.548,0.543,0.545,78842.6,2025-04-30 15:59:59.999,43042.0235,656,37441.8,20425.0816
2025-04-30 16:00:00,0.545,0.546,0.54,0.546,99002.1,2025-04-30 16:59:59.999,53762.502,902,55047.9,29911.7095
2025-04-30 17:00:00,0.545,0.55,0.543,0.549,79637.6,2025-04-30 17:59:59.999,43539.8793,658,37473.1,20530.6563
2025-04-30 18:00:00,0.548,0.554,0.548,0.549,181613.7,2025-04-30 18:59:59.999,100113.0865,1136,59389.8,32771.6545
2025-04-30 19:00:00,0.549,0.55,0.545,0.548,226420.3,2025-04-30 19:59:59.999,123777.7454,873,37952.6,20781.8393
2025-04-30 20:00:00,0.549,0.554,0.549,0.551,96196.4,2025-04-30 20:59:59.999,53044.7843,675,60110.5,33164.8655
2025-04-30 21:00:00,0.55,0.552,0.548,0.549,108025.6,2025-04-30 21:59:59.999,59385.2406,572,26048.4,14335.9543
2025-04-30 22:00:00,0.549,0.552,0.549,0.552,100264.8,2025-04-30 22:59:59.999,55237.6818,576,35020.6,19300.5357
2025-04-30 23:00:00,0.552,0.554,0.55,0.552,66804.2,2025-04-30 23:59:59.999,36912.4565,598,46946.1,25946.9309
2025-05-01 00:00:00,0.552,0.554,0.55,0.554,77230.8,2025-05-01 00:59:59.999,42639.5735,328,37725.7,20838.441
2025-05-01 01:00:00,0.553,0.558,0.553,0.557,58065.8,2025-05-01 01:59:59.999,32297.7229,323,38307.9,21300.3245
2025-05-01 02:00:00,0.556,0.558,0.554,0.554,106413.9,2025-05-01 02:59:59.999,59218.8051,475,46012.5,25635.2022
2025-05-01 03:00:00,0.555,0.558,0.552,0.552,35239.5,2025-05-01 03:59:59.999,19577.4943,451,24959.6,13869.6653
2025-05-01 04:00:00,0.552,0.555,0.552,0.554,73446.9,2025-05-01 04:59:59.999,40596.8142,220,48225.1,26671.3086
2025-05-01 05:00:00,0.554,0.556,0.553,0.556,63908.8,2025-05-01 05:59:59.999,35478.5939,260,38433.5,21333.9771
2025-05-01 06:00:00,0.555,0.559,0.554,0.558,206593.8,2025-05-01 06:59:59.999,115027.8186,549,43493.8,24213.3092
2025-05-01 07:00:00,0.558,0.562,0.557,0.561,307223.0,2025-05-01 07:59:59.999,172112.0129,891,149625.9,83790.9108
2025-05-01 08:00:00,0.56,0.564,0.559,0.563,149548.0,2025-05-01 08:59:59.999,83932.4868,655,82100.7,46093.7019
2025-05-01 09:00:00,0.564,0.566,0.563,0.565,136157.7,2025-05-01 09:59:59.999,76894.6666,675,44660.5,25221.9975
2025-05-01 10:00:00,0.564,0.567,0.562,0.565,145670.6,2025-05-01 10:59:59.999,82209.5261,1031,51973.6,29347.8032
2025-05-01 11:00:00,0.566,0.566,0.562,0.565,69192.9,2025-05-01 11:59:59.999,39028.5269,471,22929.7,12938.2304
2025-05-01 12:00:00,0.564,0.566,0.562,0.565,112452.7,2025-05-01 12:59:59.999,63443.9615,482,57775.1,32626.9198
2025-05-01 13:00:00,0.565,0.569,0.56,0.56,253131.5,2025-05-01 13:59:59.999,142823.6836,1491,128258.9,72428.9834
2025-05-01 14:00:00,0.56,0.567,0.56,0.567,153289.4,2025-05-01 14:59:59.999,86300.625,948,89354.9,50302.3033
2025-05-01 15:00:00,0.567,0.57,0.565,0.565,288810.8,2025-05-01 15:59:59.999,164057.9821,1458,151629.0,86207.7236
2025-05-01 16:00:00,0.566,0.569,0.566,0.566,191772.9,2025-05-01 16:59:59.999,108830.5064,1000,37006.0,20996.4041
2025-05-01 17:00:00,0.567,0.569,0.563,0.566,93108.1,2025-05-01 17:59:59.999,52702.1679,356,43211.1,24482.2982
2025-05-01 18:00:00,0.566,0.569,0.564,0.568,91894.7,2025-05-01 18:59:59.999,52048.8885,600,56145.3,31802.9428
2025-05-01 19:00:00,0.568,0.57,0.565,0.566,185907.2,2025-05-01 19:59:59.999,105664.5857,647,92427.4,52563.8484
2025-05-01 20:00:00,0.566,0.57,0.564,0.565,749633.6,2025-05-01 20:59:59.999,424449.8898,3769,590073.9,334108.0856
2025-05-01 21:00:00,0.565,0.568,0.565,0.565,48688.2,2025-05-01 21:59:59.999,27576.593,308,18697.4,10595.5241
2025-05-01 22:00:00,0.566,0.567,0.564,0.566,63427.1,2025-05-01 22:59:59.999,35869.4823,388,20049.6,11343.0784
2025-05-01 23:00:00,0.565,0.567,0.562,0.565,191869.7,2025-05-01 23:59:59.999,108333.1287,584,99572.1,56223.249
2025-05-02 00:00:00,0.565,0.568,0.563,0.568,104157.0,2025-05-02 00:59:59.999,58941.8929,660,48464.4,27403.2277
2025-05-02 01:00:00,0.569,0.569,0.565,0.568,103709.5,2025-05-02 01:59:59.999,58866.4812,739,48821.6,27706.3449
2025-05-02 02:00:00,0.568,0.57,0.566,0.57,44958.2,2025-05-02 02:59:59.999,25555.398,292,27106.8,15405.3377
2025-05-02 03:00:00,0.569,0.57,0.567,0.568,92898.3,2025-05-02 03:59:59.999,52825.2621,391,32504.3,18491.9693
2025-05-02 04:00:00,0.569,0.57,0.564,0.564,129096.4,2025-05-02 04:59:59.999,73040.7322,978,58103.7,32874.4011
2025-05-02 05:00:00,0.565,0.566,0.562,0.564,105367.9,2025-05-02 05:59:59.999,59459.3352,469,26216.1,14805.9034
2025-05-02 06:00:00,0.564,0.567,0.562,0.563,78905.0,2025-05-02 06:59:59.999,44506.2442,689,42127.9,23773.1661
2025-05-02 07:00:00,0.563,0.564,0.56,0.56,118483.7,2025-05-02 07:59:59.999,66468.0985,1247,56186.4,31529.6539
2025-05-02 08:00:00,0.56,0.565,0.559,0.563,113386.0,2025-05-02 08:59:59.999,63698.7913,670,48493.2,27277.6959
2025-05-02 09:00:00,0.564,0.566,0.562,0.562,291002.7,2025-05-02 09:59:59.999,164253.6571,509,86299.5,48686.9613
2025-05-02 10:00:00,0.563,0.564,0.56,0.56,105025.8,2025-05-02 10:59:59.999,59036.8919,282,43935.1,24700.2414
2025-05-02 11:00:00,0.561,0.563,0.559,0.56,103655.7,2025-05-02 11:59:59.999,58175.6165,554,64570.2,36239.407
2025-05-02 12:00:00,0.561,0.565,0.557,0.565,184887.9,2025-05-02 12:59:59.999,103572.2205,1110,108738.4,60919.2367
2025-05-02 13:00:00,0.565,0.568,0.563,0.563,293247.5,2025-05-02 13:59:59.999,165663.3284,1363,135347.5,76508.7862
2025-05-02 14:00:00,0.564,0.573,0.564,0.571,134689.5,2025-05-02 14:59:59.999,76516.6075,1205,46790.5,26568.9836
2025-05-02 15:00:00,0.572,0.573,0.566,0.568,280968.0,2025-05-02 15:59:59.999,160017.1209,983,127322.1,72521.4591
2025-05-02 16:00:00,0.569,0.573,0.568,0.568,131570.0,2025-05-02 16:59:59.999,75018.8871,502,65149.4,37143.9185
2025-05-02 17:00:00,0.569,0.57,0.567,0.57,111313.0,2025-05-02 17:59:59.999,63274.1333,463,79878.8,45406.271
2025-05-02 18:00:00,0.57,0.571,0.568,0.569,134123.8,2025-05-02 18:59:59.999,76428.989,534,52477.9,29925.3704
2025-05-02 19:00:00,0.569,0.569,0.562,0.563,134797.3,2025-05-02 19:59:59.999,76063.4967,627,58798.3,33144.7256
2025-05-02 20:00:00,0.562,0.565,0.562,0.565,56288.6,2025-05-02 20:59:59.999,31724.2251,334,32489.7,18313.7223
2025-05-02 21:00:00,0.565,0.568,0.564,0.566,90300.2,2025-05-02 21:59:59.999,51057.0087,272,27085.2,15324.0361
2025-05-02 22:00:00,0.565,0.568,0.564,0.567,58289.3,2025-05-02 22:59:59.999,33007.3531,213,33031.1,18704.9508
2025-05-02 23:00:00,0.568,0.572,0.567,0.571,89554.5,2025-05-02 23:59:59.999,51051.7482,270,55744.8,31788.0299
2025-05-03 00:00:00,0.571,0.576,0.57,0.571,199470.1,2025-05-03 00:59:59.999,114184.2885,850,99059.2,56695.818
2025-05-03 01:00:00,0.57,0.57,0.566,0.567,97122.6,2025-05-03 01:59:59.999,55180.9248,369,49978.1,28393.7356
2025-05-03 02:00:00,0.567,0.569,0.566,0.568,56125.8,2025-05-03 02:59:59.999,31810.4461,202,28525.3,16163.9024
2025-05-03 03:00:00,0.568,0.568,0.566,0.567,40531.3,2025-05-03 03:59:59.999,23005.6014,147,12361.9,7018.3743
2025-05-03 04:00:00,0.566,0.568,0.564,0.565,49013.0,2025-05-03 04:59:59.999,27733.3185,223,16840.6,9542.4741
2025-05-03 05:00:00,0.564,0.565,0.562,0.564,80477.0,2025-05-03 05:59:59.999,45330.1654,183,43823.8,24685.7903
2025-05-03 06:00:00,0.564,0.564,0.561,0.563,44712.3,2025-05-03 06:59:59.999,25143.2359,221,13463.6,7568.8212
2025-05-03 07:00:00,0.563,0.564,0.559,0.56,78960.3,2025-05-03 07:59:59.999,44304.9285,317,38610.6,21648.0389
2025-05-03 08:00:00,0.559,0.562,0.557,0.56,92138.0,2025-05-03 08:59:59.999,51462.7901,343,33466.6,18677.7551
2025-05-03 09:00:00,0.56,0.561,0.56,0.56,124234.8,2025-05-03 09:59:59.999,69638.4887,300,38400.8,21542.8488
2025-05-03 10:00:00,0.56,0.561,0.553,0.553,429485.2,2025-05-03 10:59:59.999,239713.7768,596,130556.0,72649.5365
2025-05-03 11:00:00,0.554,0.556,0.552,0.553,159959.1,2025-05-03 11:59:59.999,88698.503,494,81579.8,45240.037
2025-05-03 12:00:00,0.553,0.557,0.553,0.555,93318.4,2025-05-03 12:59:59.999,51748.0073,285,61590.4,34166.4692
2025-05-03 13:00:00,0.555,0.559,0.555,0.559,73650.3,2025-05-03 13:59:59.999,41070.1222,279,22840.3,12740.3089
2025-05-03 14:00:00,0.559,0.559,0.557,0.557,40797.6,2025-05-03 14:59:59.999,22766.1563,175,18480.8,10312.3909
2025-05-03 15:00:00,0.558,0.559,0.556,0.557,33261.3,2025-05-03 15:59:59.999,18540.3443,109,6925.5,3865.1917
2025-05-03 16:00:00,0.556,0.557,0.549,0.55,742946.8,2025-05-03 16:59:59.999,410645.2099,784,134125.0,74040.7543
2025-05-03 17:00:00,0.55,0.555,0.544,0.554,251063.3,2025-05-03 17:59:59.999,137672.3693,860,115689.3,63599.8102
2025-05-03 18:00:00,0.553,0.556,0.551,0.552,210699.0,2025-05-03 18:59:59.999,116540.7834,740,59958.1,33155.0244
2025-05-03 19:00:00,0.552,0.557,0.551,0.557,74924.5,2025-05-03 19:59:59.999,41421.1257,269,44091.1,24379.5346
2025-05-03 20:00:00,0.556,0.557,0.554,0.555,63513.6,2025-05-03 20:59:59.999,35294.5739,193,28814.7,16004.8247
2025-05-03 21:00:00,0.556,0.559,0.553,0.556,96004.9,2025-05-03 21:59:59.999,53276.4036,464,50802.5,28198.4552
2025-05-03 22:00:00,0.555,0.558,0.554,0.557,68931.6,2025-05-03 22:59:59.999,38343.5761,311,47208.1,26256.6489
2025-05-03 23:00:00,0.557,0.558,0.555,0.557,71791.2,2025-05-03 23:59:59.999,39985.9263,224,24577.6,13682.9997
2025-05-04 00:00:00,0.556,0.559,0.55,0.551,214069.2,2025-05-04 00:59:59.999,118371.4901,840,109478.9,60504.3345
2025-05-04 01:00:00,0.551,0.556,0.551,0.555,150114.9,2025-05-04 01:59:59.999,83020.0763,854,73652.3,40723.7983
2025-05-04 02:00:00,0.555,0.561,0.555,0.557,121630.0,2025-05-04 02:59:59.999,67894.9089,684,58968.0,32911.0282
2025-05-04 03:00:00,0.557,0.557,0.552,0.554,156336.8,2025-05-04 03:59:59.999,86769.5648,628,82967.0,46059.2371
2025-05-04 04:00:00,0.553,0.556,0.553,0.555,257101.9,2025-05-04 04:59:59.999,142531.8998,816,147212.2,81611.382
2025-05-04 05:00:00,0.555,0.558,0.553,0.557,161123.2,2025-05-04 05:59:59.999,89552.2199,591,89906.0,49960.3766
2025-05-04 06:00:00,0.556,0.558,0.553,0.554,140213.5,2025-05-04 06:59:59.999,77866.3298,782,76689.2,42597.2528
2025-05-04 07:00:00,0.554,0.556,0.552,0.556,119249.2,2025-05-04 07:59:59.999,66061.6518,347,72343.9,40089.8904
2025-05-04 08:00:00,0.556,0.556,0.547,0.549,706181.9,2025-05-04 08:59:59.999,388288.6866,1456,136698.6,75245.6197
2025-05-04 09:00:00,0.549,0.549,0.545,0.548,308935.4,2025-05-04 09:59:59.999,169126.3264,802,181481.3,99448.5578
2025-05-04 10:00:00,0.548,0.553,0.548,0.549,104854.1,2025-05-04 10:59:59.999,57704.099,409,44552.0,24536.9412
2025-05-04 11:00:00,0.55,0.553,0.549,0.552,109827.1,2025-05-04 11:59:59.999,60561.0568,319,62621.7,34507.2515
2025-05-04 12:00:00,0.552,0.554,0.55,0.551,54454.1,2025-05-04 12:59:59.999,30033.8815,207,25791.7,14223.5405
2025-05-04 13:00:00,0.55,0.551,0.544,0.546,128830.7,2025-05-04 13:59:59.999,70320.829,505,58045.4,31671.8194
2025-05-04 14:00:00,0.546,0.549,0.545,0.548,33451.7,2025-05-04 14:59:59.999,18293.6031,143,19783.5,10812.8741
2025-05-04 15:00:00,0.548,0.549,0.542,0.543,173489.5,2025-05-04 15:59:59.999,94365.5754,527,79496.1,43264.0295
2025-05-04 16:00:00,0.543,0.545,0.541,0.542,49236.6,2025-05-04 16:59:59.999,26719.4643,320,25904.5,14052.5091
2025-05-04 17:00:00,0.542,0.544,0.539,0.543,417815.1,2025-05-04 17:59:59.999,225816.4881,582,63879.4,34563.8595
2025-05-04 18:00:00,0.543,0.544,0.539,0.54,109821.1,2025-05-04 18:59:59.999,59439.7152,383,44871.1,24301.5811
2025-05-04 19:00:00,0.54,0.541,0.538,0.539,46374.0,2025-05-04 19:59:59.999,25005.5516,137,22595.2,12186.2547
2025-05-04 20:00:00,0.539,0.543,0.539,0.543,51652.4,2025-05-04 20:59:59.999,27979.0506,230,25508.1,13811.8957
2025-05-04 21:00:00,0.543,0.545,0.541,0.544,81957.6,2025-05-04 21:59:59.999,44519.8618,511,27922.1,15156.8221
2025-05-04 22:00:00,0.544,0.544,0.538,0.539,163777.0,2025-05-04 22:59:59.999,88401.5139,738,92037.6,49682.3827
2025-05-04 23:00:00,0.539,0.539,0.534,0.536,159862.4,2025-05-04 23:59:59.999,85725.6376,574,91819.3,49227.9816
2025-05-05 00:00:00,0.536,0.541,0.535,0.54,173618.1,2025-05-05 00:59:59.999,93212.7392,617,70125.9,37653.7344
2025-05-05 01:00:00,0.539,0.54,0.53,0.531,157995.6,2025-05-05 01:59:59.999,84286.2306,873,42283.5,22630.547
2025-05-05 02:00:00,0.531,0.54,0.529,0.537,159497.5,2025-05-05 02:59:59.999,85333.0203,828,64080.5,34295.0563
2025-05-05 03:00:00,0.537,0.538,0.534,0.535,62242.3,2025-05-05 03:59:59.999,33356.4874,272,28343.7,15189.6649
2025-05-05 04:00:00,0.535,0.54,0.535,0.54,52905.9,2025-05-05 04:59:59.999,28419.4057,230,29085.9,15637.226
2025-05-05 05:00:00,0.539,0.542,0.538,0.541,61899.0,2025-05-05 05:59:59.999,33390.798,255,26280.5,14185.7646
2025-05-05 06:00:00,0.542,0.543,0.539,0.54,55006.5,2025-05-05 06:59:59.999,29721.4349,195,23807.2,12863.0994
2025-05-05 07:00:00,0.539,0.54,0.538,0.54,81780.3,2025-05-05 07:59:59.999,44098.118,273,38515.1,20769.7172
2025-05-05 08:00:00,0.54,0.542,0.54,0.541,49109.3,2025-05-05 08:59:59.999,26570.4954,253,24062.8,13017.3516
2025-05-05 09:00:00,0.54,0.543,0.539,0.539,55875.8,2025-05-05 09:59:59.999,30245.3098,187,13348.7,7226.2053
2025-05-05 10:00:00,0.539,0.539,0.529,0.532,148550.4,2025-05-05 10:59:59.999,79230.937,552,85670.4,45662.9796
2025-05-05 11:00:00,0.532,0.534,0.53,0.534,143184.3,2025-05-05 11:59:59.999,76236.1501,678,66491.6,35429.3075
2025-05-05 12:00:00,0.533,0.536,0.532,0.533,197780.4,2025-05-05 12:59:59.999,105605.481,734,76180.0,40700.3943
2025-05-05 13:00:00,0.533,0.535,0.53,0.534,143767.8,2025-05-05 13:59:59.999,76541.8876,912,56346.0,29991.4445
2025-05-05 14:00:00,0.535,0.538,0.534,0.537,206926.0,2025-05-05 14:59:59.999,110772.9822,938,101821.6,54526.1101
2025-05-05 15:00:00,0.536,0.538,0.532,0.535,337139.7,2025-05-05 15:59:59.999,180355.9027,1192,125512.0,67185.6067
2025-05-05 16:00:00,0.535,0.538,0.535,0.536,107195.3,2025-05-05 16:59:59.999,57494.9651,647,54246.1,29092.8488
2025-05-05 17:00:00,0.536,0.539,0.534,0.538,75219.4,2025-05-05 17:59:59.999,40373.7841,459,41337.5,22170.6165
2025-05-05 18:00:00,0.538,0.545,0.538,0.542,76972.3,2025-05-05 18:59:59.999,41740.0578,315,28815.9,15606.0892
2025-05-05 19:00:00,0.542,0.543,0.536,0.536,83972.2,2025-05-05 19:59:59.999,45374.9746,402,31465.1,17003.3296
2025-05-05 20:00:00,0.536,0.537,0.529,0.534,134979.1,2025-05-05 20:59:59.999,72075.3378,688,76298.1,40749.8631
2025-05-05 21:00:00,0.533,0.539,0.533,0.538,92150.6,2025-05-05 21:59:59.999,49496.8885,438,48034.3,25778.5646
2025-05-05 22:00:00,0.539,0.544,0.539,0.542,106909.7,2025-05-05 22:59:59.999,57925.8549,540,57241.1,31017.0806
2025-05-05 23:00:00,0.542,0.543,0.54,0.54,38965.4,2025-05-05 23:59:59.999,21090.3055,184,18693.4,10108.6509
2025-05-06 00:00:00,0.54,0.542,0.538,0.539,117475.1,2025-05-06 00:59:59.999,63519.9152,533,50055.0,27061.5592
2025-05-06 01:00:00,0.54,0.543,0.538,0.539,136374.2,2025-05-06 01:59:59.999,73689.076,1024,76828.6,41551.7028
2025-05-06 02:00:00,0.539,0.541,0.535,0.539,79642.3,2025-05-06 02:59:59.999,42804.6294,559,30270.6,16285.4173
2025-05-06 03:00:00,0.54,0.543,0.539,0.542,44595.9,2025-05-06 03:59:59.999,24103.7268,220,21123.7,11415.2885
2025-05-06 04:00:00,0.543,0.544,0.541,0.543,23440.2,2025-05-06 04:59:59.999,12715.2774,157,12141.5,6585.1985
2025-05-06 05:00:00,0.544,0.544,0.538,0.538,49828.9,2025-05-06 05:59:59.999,26953.465,294,18471.8,9988.2184
2025-05-06 06:00:00,0.539,0.54,0.536,0.538,102999.7,2025-05-06 06:59:59.999,55380.769,434,37453.2,20136.2024
2025-05-06 07:00:00,0.537,0.539,0.536,0.536,59252.6,2025-05-06 07:59:59.999,31835.7434,336,25768.2,13847.8521
2025-05-06 08:00:00,0.536,0.536,0.528,0.533,141027.1,2025-05-06 08:59:59.999,75071.535,746,86507.3,46024.4104
2025-05-06 09:00:00,0.533,0.533,0.526,0.529,184084.9,2025-05-06 09:59:59.999,97455.45,827,63013.7,33379.3701
2025-05-06 10:00:00,0.528,0.528,0.519,0.522,332481.2,2025-05-06 10:59:59.999,174101.2823,1530,113263.2,59305.0869
2025-05-06 11:00:00,0.522,0.525,0.515,0.518,182118.6,2025-05-06 11:59:59.999,94748.3513,992,56936.8,29656.1324
2025-05-06 12:00:00,0.519,0.521,0.516,0.52,104986.6,2025-05-06 12:59:59.999,54444.4905,854,51584.7,26757.1949
2025-05-06 13:00:00,0.52,0.52,0.514,0.517,215472.2,2025-05-06 13:59:59.999,111421.5952,1413,107263.5,55518.1787
2025-05-06 14:00:00,0.517,0.527,0.517,0.521,151020.2,2025-05-06 14:59:59.999,78899.8403,1170,91103.6,47572.9943
2025-05-06 15:00:00,0.522,0.524,0.517,0.518,145535.4,2025-05-06 15:59:59.999,75860.1111,930,72983.4,38109.6156
2025-05-06 16:00:00,0.518,0.519,0.514,0.514,150670.1,2025-05-06 16:59:59.999,77810.5871,917,59049.8,30494.2167
2025-05-06 17:00:00,0.514,0.524,0.514,0.52,103011.0,2025-05-06 17:59:59.999,53560.131,742,63204.6,32872.569
2025-05-06 18:00:00,0.519,0.528,0.519,0.527,108976.7,2025-05-06 18:59:59.999,57005.1549,664,67031.0,35042.1777
2025-05-06 19:00:00,0.528,0.528,0.525,0.527,84771.0,2025-05-06 19:59:59.999,44626.3977,295,48801.2,25704.8902
2025-05-06 20:00:00,0.526,0.527,0.519,0.521,417103.5,2025-05-06 20:59:59.999,219002.9169,715,62723.3,32779.1283
2025-05-06 21:00:00,0.521,0.524,0.515,0.52,143372.0,2025-05-06 21:59:59.999,74412.6819,819,82334.4,42748.4503
2025-05-06 22:00:00,0.521,0.532,0.521,0.531,218178.7,2025-05-06 22:59:59.999,115388.965,1203,123157.1,65204.1621
2025-05-06 23:00:00,0.531,0.537,0.53,0.536,149212.6,2025-05-06 23:59:59.999,79621.8915,758,84283.1,44976.9543
2025-05-07 00:00:00,0.536,0.542,0.534,0.539,265294.6,2025-05-07 00:59:59.999,142735.9822,1142,154974.4,83303.2806
2025-05-07 01:00:00,0.54,0.542,0.538,0.541,101901.5,2025-05-07 01:59:59.999,55060.846,595,47578.4,25700.4402
2025-05-07 02:00:00,0.541,0.541,0.535,0.536,124602.0,2025-05-07 02:59:59.999,67071.7138,776,66305.2,35685.0695
2025-05-07 03:00:00,0.535,0.538,0.533,0.537,60110.2,2025-05-07 03:59:59.999,32201.1026,331,33353.5,17859.4571
2025-05-07 04:00:00,0.537,0.539,0.537,0.538,38391.9,2025-05-07 04:59:59.999,20627.4242,230,19735.2,10601.6217
2025-05-07 05:00:00,0.538,0.538,0.532,0.534,62112.4,2025-05-07 05:59:59.999,33271.3347,290,23887.9,12813.6091
2025-05-07 06:00:00,0.534,0.539,0.533,0.538,134952.1,2025-05-07 06:59:59.999,72508.1248,554,66229.8,35565.5107
2025-05-07 07:00:00,0.538,0.542,0.538,0.542,80652.0,2025-05-07 07:59:59.999,43609.8301,274,39753.5,21490.4471
2025-05-07 08:00:00,0.542,0.546,0.54,0.544,108184.8,2025-05-07 08:59:59.999,58771.271,549,46773.6,25407.3393
2025-05-07 09:00:00,0.544,0.545,0.54,0.541,72167.3,2025-05-07 09:59:59.999,39163.6454,308,31827.8,17285.1717
2025-05-07 10:00:00,0.541,0.543,0.539,0.541,130309.5,2025-05-07 10:59:59.999,70465.6332,492,42515.1,22986.7265
2025-05-07 11:00:00,0.541,0.543,0.54,0.542,56965.5,2025-05-07 11:59:59.999,30834.825,300,22069.8,11948.7066
2025-05-07 12:00:00,0.543,0.543,0.539,0.542,60897.2,2025-05-07 12:59:59.999,32952.1972,351,27063.7,14636.8116
2025-05-07 13:00:00,0.541,0.547,0.536,0.539,928700.9,2025-05-07 13:59:59.999,502758.0389,2739,440567.1,238768.4809
2025-05-07 14:00:00,0.539,0.541,0.535,0.538,120117.5,2025-05-07 14:59:59.999,64688.8145,645,82065.7,44205.8572
2025-05-07 15:00:00,0.537,0.537,0.534,0.535,118018.1,2025-05-07 15:59:59.999,63238.2405,559,67791.4,36327.1724
2025-05-07 16:00:00,0.535,0.535,0.529,0.534,129905.1,2025-05-07 16:59:59.999,69111.0676,521,57682.7,30681.7847
2025-05-07 17:00:00,0.534,0.534,0.53,0.532,78330.7,2025-05-07 17:59:59.999,41671.9038,470,44902.7,23889.8771
2025-05-07 18:00:00,0.532,0.538,0.529,0.535,234796.9,2025-05-07 18:59:59.999,124946.6602,1531,103700.5,55240.0836
2025-05-07 19:00:00,0.535,0.535,0.528,0.531,139312.4,2025-05-07 19:59:59.999,73969.9717,1119,64091.1,34054.1503
2025-05-07 20:00:00,0.531,0.533,0.53,0.532,111449.9,2025-05-07 20:59:59.999,59206.5582,627,58099.2,30860.58
2025-05-07 21:00:00,0.532,0.537,0.531,0.536,69409.2,2025-05-07 21:59:59.999,37095.1357,402,41259.6,22057.7201
2025-05-07 22:00:00,0.535,0.542,0.535,0.541,88046.6,2025-05-07 22:59:59.999,47442.9094,338,43697.4,23544.7132
2025-05-07 23:00:00,0.541,0.543,0.538,0.541,76174.6,2025-05-07 23:59:59.999,41207.1076,489,39301.6,21263.1227
2025-05-08 00:00:00,0.541,0.544,0.538,0.544,78817.1,2025-05-08 00:59:59.999,42589.2947,455,35494.5,19165.5367
2025-05-08 01:00:00,0.544,0.547,0.543,0.547,146966.8,2025-05-08 01:59:59.999,80162.6855,1111,70558.1,38489.8514
2025-05-08 02:00:00,0.548,0.555,0.547,0.553,84483.8,2025-05-08 02:59:59.999,46542.0492,549,38738.0,21361.8456
2025-05-08 03:00:00,0.553,0.56,0.552,0.559,100159.0,2025-05-08 03:59:59.999,55698.5716,722,58305.2,32420.325
2025-05-08 04:00:00,0.56,0.563,0.559,0.561,92166.6,2025-05-08 04:59:59.999,51700.5996,654,36082.0,20243.4639
2025-05-08 05:00:00,0.562,0.564,0.559,0.559,88437.8,2025-05-08 05:59:59.999,49653.5814,560,27374.1,15367.4015
2025-05-08 06:00:00,0.56,0.564,0.56,0.564,124919.6,2025-05-08 06:59:59.999,70171.8183,620,57599.7,32373.9502
2025-05-08 07:00:00,0.564,0.568,0.564,0.566,111434.3,2025-05-08 07:59:59.999,63082.2298,869,63143.3,35763.4393
2025-05-08 08:00:00,0.566,0.571,0.566,0.569,127808.4,2025-05-08 08:59:59.999,72693.1506,801,74297.7,42282.8699
2025-05-08 09:00:00,0.569,0.57,0.567,0.57,63038.4,2025-05-08 09:59:59.999,35851.7212,459,33025.5,18788.3486
2025-05-08 10:00:00,0.569,0.571,0.568,0.569,107776.0,2025-05-08 10:59:59.999,61357.1686,620,59674.5,33978.239
2025-05-08 11:00:00,0.569,0.57,0.565,0.569,160266.9,2025-05-08 11:59:59.999,90893.1194,574,86626.9,49134.5969
2025-05-08 12:00:00,0.569,0.571,0.565,0.566,76119.0,2025-05-08 12:59:59.999,43221.5711,595,27454.5,15602.9486
2025-05-08 13:00:00,0.566,0.572,0.563,0.565,1145823.8,2025-05-08 13:59:59.999,649858.5885,4043,543355.1,308676.5238
2025-05-08 14:00:00,0.565,0.576,0.564,0.571,287298.3,2025-05-08 14:59:59.999,163854.9363,2104,182212.6,103976.3628
2025-05-08 15:00:00,0.572,0.584,0.571,0.579,217242.7,2025-05-08 15:59:59.999,125535.6735,2316,110328.9,63726.153
2025-05-08 16:00:00,0.58,0.584,0.578,0.582,272468.6,2025-05-08 16:59:59.999,158153.6506,1582,166997.8,96916.5117
2025-05-08 17:00:00,0.582,0.583,0.578,0.581,96656.4,2025-05-08 17:59:59.999,56159.4238,779,44666.6,25954.3795
2025-05-08 18:00:00,0.581,0.582,0.579,0.58,165607.8,2025-05-08 18:59:59.999,96096.0579,984,81241.5,47145.712
2025-05-08 19:00:00,0.58,0.588,0.579,0.585,130157.1,2025-05-08 19:59:59.999,75850.8744,1266,64453.0,37598.2845
2025-05-08 20:00:00,0.586,0.597,0.583,0.595,206180.3,2025-05-08 20:59:59.999,121779.6566,1915,105837.2,62518.5745
2025-05-08 21:00:00,0.595,0.602,0.592,0.596,257478.5,2025-05-08 21:59:59.999,153618.46,2302,126971.0,75739.2609
2025-05-08 22:00:00,0.596,0.597,0.59,0.592,183182.0,2025-05-08 22:59:59.999,108670.5434,1374,56808.7,33752.9046
2025-05-08 23:00:00,0.592,0.597,0.592,0.597,147893.0,2025-05-08 23:59:59.999,87968.2106,1329,67768.8,40325.2749
2025-05-09 00:00:00,0.597,0.597,0.592,0.594,147096.2,2025-05-09 00:59:59.999,87382.0524,1407,60588.9,36002.2606
2025-05-09 01:00:00,0.595,0.6,0.594,0.598,151494.0,2025-05-09 01:59:59.999,90419.6147,1189,64803.1,38682.2908
2025-05-09 02:00:00,0.599,0.599,0.597,0.597,45808.9,2025-05-09 02:59:59.999,27375.1064,519,11884.0,7106.6512
2025-05-09 03:00:00,0.598,0.601,0.591,0.593,186362.0,2025-05-09 03:59:59.999,111405.4899,1529,96641.7,57821.1141
2025-05-09 04:00:00,0.594,0.598,0.593,0.595,80102.7,2025-05-09 04:59:59.999,47706.9054,810,33074.7,19702.4349
2025-05-09 05:00:00,0.596,0.6,0.596,0.599,92676.9,2025-05-09 05:59:59.999,55423.0666,859,40879.6,24448.2545
2025-05-09 06:00:00,0.6,0.605,0.599,0.605,158603.4,2025-05-09 06:59:59.999,95331.8558,1484,77560.3,46640.7434
2025-05-09 07:00:00,0.605,0.614,0.604,0.61,368748.3,2025-05-09 07:59:59.999,224613.4919,3046,166206.7,101244.7064
2025-05-09 08:00:00,0.61,0.625,0.604,0.612,529576.8,2025-05-09 08:59:59.999,325274.0739,4846,232680.1,142736.7034
2025-05-09 09:00:00,0.612,0.617,0.603,0.613,198303.9,2025-05-09 09:59:59.999,120842.8656,2700,103020.4,62782.4036
2025-05-09 10:00:00,0.612,0.62,0.611,0.62,113593.2,2025-05-09 10:59:59.999,69934.9612,1478,53393.4,32861.0571
2025-05-09 11:00:00,0.621,0.626,0.614,0.619,225063.6,2025-05-09 11:59:59.999,139614.7808,2307,92726.3,57544.4441
2025-05-09 12:00:00,0.619,0.621,0.614,0.617,131447.5,2025-05-09 12:59:59.999,81191.4301,1702,70765.4,43712.5055
2025-05-09 13:00:00,0.618,0.626,0.616,0.623,134638.8,2025-05-09 13:59:59.999,83507.466,1745,53893.4,33436.2807
2025-05-09 14:00:00,0.622,0.625,0.608,0.615,309764.4,2025-05-09 14:59:59.999,190534.0216,2983,153842.5,94592.7288
2025-05-09 15:00:00,0.615,0.618,0.612,0.617,99805.9,2025-05-09 15:59:59.999,61389.5902,1490,46277.4,28461.5385
2025-05-09 16:00:00,0.617,0.62,0.611,0.614,117633.6,2025-05-09 16:59:59.999,72529.4054,1378,57220.2,35293.2611
2025-05-09 17:00:00,0.613,0.625,0.612,0.624,118449.5,2025-05-09 17:59:59.999,73484.3083,1187,69410.3,43046.7593
2025-05-09 18:00:00,0.624,0.625,0.622,0.622,52638.9,2025-05-09 18:59:59.999,32795.4603,514,20574.2,12821.5257
2025-05-09 19:00:00,0.622,0.626,0.621,0.622,115095.8,2025-05-09 19:59:59.999,71770.5876,1044,59335.9,36997.7336
2025-05-09 20:00:00,0.622,0.629,0.62,0.629,131534.5,2025-05-09 20:59:59.999,82171.3496,861,70030.8,43690.5953
2025-05-09 21:00:00,0.629,0.636,0.628,0.632,200384.0,2025-05-09 21:59:59.999,126457.3139,1220,83508.9,52726.6159
2025-05-09 22:00:00,0.631,0.634,0.625,0.626,123824.5,2025-05-09 22:59:59.999,78029.7741,1061,61893.4,39020.0468
2025-05-09 23:00:00,0.625,0.632,0.625,0.631,118627.3,2025-05-09 23:59:59.999,74683.9795,750,55984.5,35217.5812
2025-05-10 00:00:00,0.631,0.641,0.625,0.628,384171.7,2025-05-10 00:59:59.999,242991.1865,2459,209741.7,132550.4173
2025-05-10 01:00:00,0.629,0.644,0.629,0.633,376018.6,2025-05-10 01:59:59.999,239287.8129,2601,169592.1,107896.0945
2025-05-10 02:00:00,0.633,0.639,0.633,0.637,95100.7,2025-05-10 02:59:59.999,60453.7025,1367,42780.7,27189.1341
2025-05-10 03:00:00,0.637,0.639,0.633,0.638,84243.3,2025-05-10 03:59:59.999,53483.7903,999,41503.2,26352.986
2025-05-10 04:00:00,0.637,0.639,0.634,0.638,89251.5,2025-05-10 04:59:59.999,56813.151,964,40253.0,25636.4046
2025-05-10 05:00:00,0.639,0.642,0.634,0.641,95996.8,2025-05-10 05:59:59.999,61211.9808,964,57207.7,36472.2809
2025-05-10 06:00:00,0.641,0.646,0.638,0.646,136050.2,2025-05-10 06:59:59.999,87481.089,1315,66602.8,42842.141
2025-05-10 07:00:00,0.645,0.651,0.642,0.649,230525.0,2025-05-10 07:59:59.999,149185.3862,1499,141182.3,91375.3831
2025-05-10 08:00:00,0.649,0.653,0.643,0.647,216550.0,2025-05-10 08:59:59.999,140581.2972,1956,110351.7,71627.2891
2025-05-10 09:00:00,0.648,0.651,0.643,0.65,113212.5,2025-05-10 09:59:59.999,73189.2121,1410,65521.5,42358.582
2025-05-10 10:00:00,0.65,0.654,0.645,0.645,115479.7,2025-05-10 10:59:59.999,75125.6711,1278,53603.3,34889.8789
2025-05-10 11:00:00,0.645,0.648,0.637,0.64,186931.7,2025-05-10 11:59:59.999,120103.2127,2122,86802.3,55799.2372
2025-05-10 12:00:00,0.64,0.643,0.636,0.64,280348.5,2025-05-10 12:59:59.999,179366.6162,1979,118943.4,76152.2049
2025-05-10 13:00:00,0.641,0.649,0.639,0.647,145581.8,2025-05-10 13:59:59.999,93574.443,1454,70182.5,45132.0754
2025-05-10 14:00:00,0.647,0.65,0.644,0.649,62215.2,2025-05-10 14:59:59.999,40280.2914,1071,24567.8,15904.6348
2025-05-10 15:00:00,0.648,0.649,0.642,0.643,167834.7,2025-05-10 15:59:59.999,108290.7863,1415,102407.1,66098.3364
2025-05-10 16:00:00,0.643,0.659,0.64,0.657,217783.2,2025-05-10 16:59:59.999,142066.7678,2115,103967.2,67881.6667
2025-05-10 17:00:00,0.658,0.661,0.653,0.655,207757.7,2025-05-10 17:59:59.999,136490.3006,2009,96398.5,63367.3152
2025-05-10 18:00:00,0.655,0.658,0.651,0.656,96238.1,2025-05-10 18:59:59.999,62993.8768,1329,45894.8,30045.4391
2025-05-10 19:00:00,0.656,0.657,0.652,0.655,60338.7,2025-05-10 19:59:59.999,39540.823,550,33861.1,22210.1284
2025-05-10 20:00:00,0.655,0.658,0.651,0.657,67552.6,2025-05-10 20:59:59.999,44251.7145,742,44015.1,28827.8627
2025-05-10 21:00:00,0.657,0.668,0.656,0.667,213694.2,2025-05-10 21:59:59.999,141526.2322,1592,95881.7,63505.7636
2025-05-10 22:00:00,0.667,0.68,0.667,0.679,385131.0,2025-05-10 22:59:59.999,259206.6084,2856,125381.7,84442.2805
2025-05-10 23:00:00,0.679,0.69,0.677,0.69,433034.4,2025-05-10 23:59:59.999,296448.6498,3106,214789.3,147042.1388
2025-05-11 00:00:00,0.69,0.697,0.67,0.679,528865.1,2025-05-11 00:59:59.999,361941.722,4807,201987.4,138336.2869
2025-05-11 01:00:00,0.68,0.684,0.671,0.674,153754.7,2025-05-11 01:59:59.999,104303.4268,1948,81241.5,55130.3043
2025-05-11 02:00:00,0.673,0.683,0.67,0.674,161013.2,2025-05-11 02:59:59.999,108678.7675,1854,85085.9,57356.7155
2025-05-11 03:00:00,0.674,0.685,0.672,0.679,78598.1,2025-05-11 03:59:59.999,53516.0167,1300,39117.7,26619.4082
2025-05-11 04:00:00,0.679,0.682,0.675,0.681,76908.6,2025-05-11 04:59:59.999,52236.1839,993,35334.8,23976.4531
2025-05-11 05:00:00,0.681,0.682,0.672,0.674,53077.4,2025-05-11 05:59:59.999,35911.9268,689,21451.9,14522.3464
2025-05-11 06:00:00,0.673,0.675,0.664,0.667,159795.5,2025-05-11 06:59:59.999,106919.3105,1864,70744.5,47353.3926
2025-05-11 07:00:00,0.667,0.667,0.651,0.656,311478.5,2025-05-11 07:59:59.999,205013.4231,3198,151465.3,99775.8752
2025-05-11 08:00:00,0.656,0.663,0.654,0.657,110956.5,2025-05-11 08:59:59.999,73111.1187,1445,39604.3,26082.421
2025-05-11 09:00:00,0.657,0.666,0.656,0.664,89223.8,2025-05-11 09:59:59.999,59133.2674,1014,32832.9,21739.6086
2025-05-11 10:00:00,0.663,0.667,0.66,0.666,59980.2,2025-05-11 10:59:59.999,39831.4614,832,35244.0,23411.4326
2025-05-11 11:00:00,0.667,0.671,0.665,0.671,62141.4,2025-05-11 11:59:59.999,41518.8633,755,24868.8,16612.7145
2025-05-11 12:00:00,0.67,0.673,0.668,0.671,49294.6,2025-05-11 12:59:59.999,33033.0882,656,19964.7,13379.8325
2025-05-11 13:00:00,0.671,0.673,0.659,0.659,83828.1,2025-05-11 13:59:59.999,55777.293,1383,44967.1,29938.6707
2025-05-11 14:00:00,0.659,0.666,0.659,0.665,65337.0,2025-05-11 14:59:59.999,43314.16,1284,26665.3,17676.4802
2025-05-11 15:00:00,0.665,0.671,0.654,0.66,109141.8,2025-05-11 15:59:59.999,72340.9195,1623,51770.2,34295.9787
2025-05-11 16:00:00,0.659,0.66,0.651,0.659,275429.8,2025-05-11 16:59:59.999,180620.0852,1955,97180.9,63762.5289
2025-05-11 17:00:00,0.658,0.665,0.657,0.663,67972.7,2025-05-11 17:59:59.999,44939.9622,995,36961.4,24451.2343
2025-05-11 18:00:00,0.663,0.672,0.66,0.669,155339.6,2025-05-11 18:59:59.999,103195.6949,1803,89897.2,59735.0891
2025-05-11 19:00:00,0.669,0.671,0.668,0.669,49506.2,2025-05-11 19:59:59.999,33167.5218,815,23867.5,15993.6256
2025-05-11 20:00:00,0.668,0.67,0.664,0.666,59481.7,2025-05-11 20:59:59.999,39663.7402,792,34213.8,22815.8697
2025-05-11 21:00:00,0.666,0.671,0.664,0.671,65467.5,2025-05-11 21:59:59.999,43742.4043,583,51174.8,34216.9826
2025-05-11 22:00:00,0.672,0.674,0.665,0.668,53238.2,2025-05-11 22:59:59.999,35660.6939,1097,18998.3,12709.2249
2025-05-11 23:00:00,0.668,0.673,0.666,0.667,47775.2,2025-05-11 23:59:59.999,31981.8415,647,18549.9,12427.7146
2025-05-12 00:00:00,0.667,0.676,0.667,0.674,59433.4,2025-05-12 00:59:59.999,39940.9528,964,23096.6,15511.7954
2025-05-12 01:00:00,0.674,0.676,0.659,0.67,135934.2,2025-05-12 01:59:59.999,90855.4486,1686,68120.3,45513.4125
2025-05-12 02:00:00,0.67,0.677,0.669,0.675,210853.4,2025-05-12 02:59:59.999,141925.9172,1596,109981.2,74074.2629
2025-05-12 03:00:00,0.675,0.677,0.671,0.675,109138.0,2025-05-12 03:59:59.999,73549.3134,1250,54229.1,36575.6284
2025-05-12 04:00:00,0.675,0.678,0.671,0.678,109488.7,2025-05-12 04:59:59.999,73915.1548,1327,57154.0,38589.0959
2025-05-12 05:00:00,0.678,0.678,0.668,0.673,102548.7,2025-05-12 05:59:59.999,69065.4265,1191,59184.3,39868.9175
2025-05-12 06:00:00,0.673,0.681,0.672,0.681,255377.3,2025-05-12 06:59:59.999,173013.1159,2509,119852.3,81179.3425
2025-05-12 07:00:00,0.681,0.7,0.681,0.693,872925.8,2025-05-12 07:59:59.999,605132.2901,7037,431983.3,299662.4431
2025-05-12 08:00:00,0.693,0.697,0.683,0.696,466497.9,2025-05-12 08:59:59.999,321357.692,4271,192997.8,133305.551
2025-05-12 09:00:00,0.697,0.698,0.688,0.689,169647.1,2025-05-12 09:59:59.999,117766.6539,2036,82919.8,57552.1559
2025-05-12 10:00:00,0.688,0.694,0.685,0.694,216572.9,2025-05-12 10:59:59.999,149516.6229,2235,90282.0,62331.544
2025-05-12 11:00:00,0.693,0.697,0.682,0.686,163842.2,2025-05-12 11:59:59.999,113090.1974,1807,75881.1,52372.5919
2025-05-12 12:00:00,0.685,0.696,0.684,0.694,191953.4,2025-05-12 12:59:59.999,132261.7052,2492,104193.6,71842.0549
2025-05-12 13:00:00,0.695,0.702,0.685,0.696,423404.9,2025-05-12 13:59:59.999,294099.4854,4405,222253.9,154493.3639
2025-05-12 14:00:00,0.695,0.697,0.671,0.676,445535.2,2025-05-12 14:59:59.999,304312.8692,5678,181364.3,123592.8471
2025-05-12 15:00:00,0.676,0.68,0.666,0.672,401835.6,2025-05-12 15:59:59.999,270362.2575,4692,202596.0,136328.7361
2025-05-12 16:00:00,0.673,0.682,0.669,0.679,164275.5,2025-05-12 16:59:59.999,110972.221,2565,49162.1,33236.092
2025-05-12 17:00:00,0.679,0.684,0.671,0.673,213910.7,2025-05-12 17:59:59.999,145287.2513,2016,117998.8,80109.5448
2025-05-12 18:00:00,0.673,0.676,0.644,0.654,677149.7,2025-05-12 18:59:59.999,445552.1417,6571,288539.7,189315.5518
2025-05-12 19:00:00,0.654,0.668,0.654,0.668,307654.9,2025-05-12 19:59:59.999,203919.9047,3265,179485.6,118960.3725
2025-05-12 20:00:00,0.668,0.678,0.666,0.676,208622.5,2025-05-12 20:59:59.999,140300.9034,1672,94153.6,63358.544
2025-05-12 21:00:00,0.675,0.68,0.675,0.68,148289.2,2025-05-12 21:59:59.999,100477.415,930,76169.5,51606.0518
2025-05-12 22:00:00,0.68,0.682,0.677,0.68,111565.9,2025-05-12 22:59:59.999,75804.3805,813,52967.1,35993.57
2025-05-12 23:00:00,0.68,0.685,0.679,0.683,91701.2,2025-05-12 23:59:59.999,62604.523,731,49678.1,33922.679
2025-05-13 00:00:00,0.683,0.684,0.672,0.673,279950.8,2025-05-13 00:59:59.999,189661.1638,2064,105539.9,71488.9298
2025-05-13 01:00:00,0.673,0.675,0.658,0.663,236460.6,2025-05-13 01:59:59.999,157670.0572,2814,117411.9,78295.1727
2025-05-13 02:00:00,0.663,0.666,0.652,0.657,215308.5,2025-05-13 02:59:59.999,141941.0079,3208,120028.0,79114.8496
2025-05-13 03:00:00,0.657,0.659,0.647,0.651,166550.9,2025-05-13 03:59:59.999,108440.8752,1397,72910.1,47448.2898
2025-05-13 04:00:00,0.65,0.664,0.649,0.664,99233.5,2025-05-13 04:59:59.999,65017.3175,960,46099.5,30181.6817
2025-05-13 05:00:00,0.663,0.664,0.658,0.662,115654.6,2025-05-13 05:59:59.999,76567.7946,782,61953.0,41030.6766
2025-05-13 06:00:00,0.661,0.666,0.66,0.661,106145.7,2025-05-13 06:59:59.999,70456.6847,707,50913.0,33796.2263
2025-05-13 07:00:00,0.661,0.666,0.661,0.662,162694.4,2025-05-13 07:59:59.999,107896.621,1028,84985.4,56338.0618
2025-05-13 08:00:00,0.662,0.665,0.659,0.662,90553.9,2025-05-13 08:59:59.999,59896.2669,846,44691.7,29556.2221
2025-05-13 09:00:00,0.661,0.672,0.661,0.671,60575.1,2025-05-13 09:59:59.999,40461.9984,1039,35336.0,23613.0117
2025-05-13 10:00:00,0.671,0.671,0.665,0.668,54232.5,2025-05-13 10:59:59.999,36204.692,696,28463.0,19009.5209
2025-05-13 11:00:00,0.667,0.672,0.665,0.669,46124.9,2025-05-13 11:59:59.999,30829.7371,661,22074.6,14756.2895
2025-05-13 12:00:00,0.669,0.675,0.663,0.672,237010.0,2025-05-13 12:59:59.999,158788.3839,2015,102828.3,68896.5872
2025-05-13 13:00:00,0.672,0.675,0.669,0.673,118460.6,2025-05-13 13:59:59.999,79659.8524,1520,61138.6,41121.0294
2025-05-13 14:00:00,0.672,0.672,0.662,0.666,140125.0,2025-05-13 14:59:59.999,93577.1883,2507,75834.2,50649.2476
2025-05-13 15:00:00,0.666,0.677,0.665,0.676,143162.6,2025-05-13 15:59:59.999,96210.328,1328,72868.5,48985.9849
2025-05-13 16:00:00,0.676,0.689,0.675,0.684,303360.3,2025-05-13 16:59:59.999,207676.07,2013,168484.6,115496.395
2025-05-13 17:00:00,0.684,0.689,0.683,0.687,131205.2,2025-05-13 17:59:59.999,90073.2787,1271,59572.3,40909.5016
2025-05-13 18:00:00,0.687,0.694,0.687,0.692,98066.6,2025-05-13 18:59:59.999,67601.3418,901,45034.3,31045.3051
2025-05-13 19:00:00,0.692,0.702,0.689,0.701,216438.1,2025-05-13 19:59:59.999,150921.6971,1929,94188.1,65705.2601
2025-05-13 20:00:00,0.701,0.702,0.695,0.696,136145.8,2025-05-13 20:59:59.999,94957.4688,1568,57663.2,40235.4384
2025-05-13 21:00:00,0.696,0.698,0.692,0.695,43770.5,2025-05-13 21:59:59.999,30402.5793,487,21861.8,15189.6905
2025-05-13 22:00:00,0.696,0.698,0.692,0.695,106739.9,2025-05-13 22:59:59.999,74129.0384,957,43069.8,29919.8013
2025-05-13 23:00:00,0.695,0.698,0.691,0.694,142362.0,2025-05-13 23:59:59.999,98886.6392,1320,61548.7,42793.5485
2025-05-14 00:00:00,0.693,0.697,0.69,0.697,159414.8,2025-05-14 00:59:59.999,110620.3449,1269,77599.2,53855.9924
2025-05-14 01:00:00,0.696,0.701,0.693,0.695,150388.0,2025-05-14 01:59:59.999,104791.314,1557,58317.9,40638.0993
2025-05-14 02:00:00,0.695,0.697,0.687,0.694,133512.5,2025-05-14 02:59:59.999,92455.5502,1306,55498.3,38471.2599
2025-05-14 03:00:00,0.694,0.695,0.69,0.692,69811.0,2025-05-14 03:59:59.999,48311.9709,668,39606.1,27414.4195
2025-05-14 04:00:00,0.691,0.696,0.689,0.694,84732.4,2025-05-14 04:59:59.999,58628.1912,486,41932.3,29038.8303
2025-05-14 05:00:00,0.694,0.699,0.693,0.696,64554.0,2025-05-14 05:59:59.999,44876.2332,565,31608.0,21974.4243
2025-05-14 06:00:00,0.696,0.699,0.694,0.696,83632.9,2025-05-14 06:59:59.999,58179.8913,777,34478.3,23991.6801
2025-05-14 07:00:00,0.696,0.696,0.689,0.69,131997.1,2025-05-14 07:59:59.999,91391.6354,1185,80567.4,55822.598
2025-05-14 08:00:00,0.691,0.692,0.671,0.672,454542.3,2025-05-14 08:59:59.999,309813.4295,3194,195536.7,133044.7739
2025-05-14 09:00:00,0.672,0.683,0.671,0.681,162943.7,2025-05-14 09:59:59.999,110470.7341,1840,89602.2,60784.7846
2025-05-14 10:00:00,0.682,0.687,0.681,0.685,91895.3,2025-05-14 10:59:59.999,62883.6685,753,41972.0,28752.9853
2025-05-14 11:00:00,0.686,0.69,0.686,0.687,108611.9,2025-05-14 11:59:59.999,74724.6282,739,50619.7,34833.5162
2025-05-14 12:00:00,0.687,0.689,0.68,0.681,69485.9,2025-05-14 12:59:59.999,47596.5528,581,37562.3,25694.4326
2025-05-14 13:00:00,0.681,0.685,0.669,0.678,190846.6,2025-05-14 13:59:59.999,129192.8445,2798,89745.8,60846.9798
2025-05-14 14:00:00,0.678,0.678,0.666,0.671,148206.9,2025-05-14 14:59:59.999,99441.6929,1537,64897.4,43622.9509
2025-05-14 15:00:00,0.67,0.671,0.665,0.671,128158.4,2025-05-14 15:59:59.999,85624.9371,1197,47100.4,31468.3759
2025-05-14 16:00:00,0.672,0.673,0.665,0.669,118248.0,2025-05-14 16:59:59.999,79208.7655,1324,46665.8,31244.3775
2025-05-14 17:00:00,0.669,0.672,0.662,0.671,127515.9,2025-05-14 17:59:59.999,84950.7345,1208,65434.9,43661.639
2025-05-14 18:00:00,0.671,0.675,0.668,0.671,138816.2,2025-05-14 18:59:59.999,93170.4801,1051,78622.9,52820.5175
2025-05-14 19:00:00,0.671,0.673,0.669,0.671,29152.3,2025-05-14 19:59:59.999,19570.6759,645,15049.3,10104.0838
2025-05-14 20:00:00,0.672,0.675,0.672,0.672,47743.4,2025-05-14 20:59:59.999,32159.2807,514,22293.2,15022.7376
2025-05-14 21:00:00,0.673,0.673,0.667,0.673,84237.0,2025-05-14 21:59:59.999,56351.8656,547,36127.2,24176.2929
2025-05-14 22:00:00,0.673,0.675,0.67,0.671,107391.1,2025-05-14 22:59:59.999,72216.8295,705,67522.4,45392.2127
2025-05-14 23:00:00,0.672,0.673,0.668,0.671,58027.3,2025-05-14 23:59:59.999,38912.7957,492,28421.1,19066.9082
2025-05-15 00:00:00,0.671,0.679,0.67,0.676,58543.1,2025-05-15 00:59:59.999,39466.7404,686,27579.0,18579.7342
2025-05-15 01:00:00,0.676,0.677,0.658,0.66,117215.0,2025-05-15 01:59:59.999,78015.4667,1841,46804.3,31091.1343
2025-05-15 02:00:00,0.66,0.666,0.659,0.664,114350.6,2025-05-15 02:59:59.999,75720.9452,1231,43917.3,29094.9649
2025-05-15 03:00:00,0.664,0.667,0.659,0.661,80225.1,2025-05-15 03:59:59.999,53231.55,957,39827.6,26421.1864
2025-05-15 04:00:00,0.66,0.664,0.659,0.662,161992.0,2025-05-15 04:59:59.999,107158.2655,1318,109035.9,72133.9665
2025-05-15 05:00:00,0.661,0.662,0.649,0.651,144622.3,2025-05-15 05:59:59.999,94656.559,1412,52853.2,34636.158
2025-05-15 06:00:00,0.651,0.655,0.645,0.649,105286.0,2025-05-15 06:59:59.999,68468.3426,1457,46375.3,30156.6136
2025-05-15 07:00:00,0.649,0.652,0.635,0.636,255581.6,2025-05-15 07:59:59.999,164259.2944,2069,107590.5,69316.7364
2025-05-15 08:00:00,0.637,0.65,0.637,0.647,259615.8,2025-05-15 08:59:59.999,167284.4125,1652,111050.5,71599.0065
2025-05-15 09:00:00,0.648,0.648,0.635,0.64,213916.7,2025-05-15 09:59:59.999,136993.0423,1707,77381.5,49537.2817
2025-05-15 10:00:00,0.64,0.64,0.632,0.636,177351.2,2025-05-15 10:59:59.999,112602.6696,1176,55648.8,35376.9264
2025-05-15 11:00:00,0.636,0.643,0.635,0.641,118268.7,2025-05-15 11:59:59.999,75704.8548,1267,65905.9,42176.6783
2025-05-15 12:00:00,0.641,0.646,0.637,0.64,290386.8,2025-05-15 12:59:59.999,186106.7319,2991,162052.9,103885.3835
2025-05-15 13:00:00,0.64,0.642,0.628,0.633,215389.7,2025-05-15 13:59:59.999,136811.4046,2013,108230.7,68797.8154
2025-05-15 14:00:00,0.633,0.635,0.624,0.63,178539.2,2025-05-15 14:59:59.999,112174.2802,2485,80345.7,50485.8959
2025-05-15 15:00:00,0.63,0.648,0.63,0.647,276254.5,2025-05-15 15:59:59.999,176452.4443,2252,94749.8,60531.5369
2025-05-15 16:00:00,0.648,0.651,0.642,0.651,99810.9,2025-05-15 16:59:59.999,64530.3868,1267,51829.2,33543.1826
2025-05-15 17:00:00,0.651,0.658,0.65,0.654,116963.4,2025-05-15 17:59:59.999,76525.7783,1361,45043.1,29485.3294
2025-05-15 18:00:00,0.654,0.655,0.636,0.638,328065.9,2025-05-15 18:59:59.999,211042.1344,1971,184940.9,118898.6174
2025-05-15 19:00:00,0.639,0.643,0.635,0.642,99731.6,2025-05-15 19:59:59.999,63836.4844,1186,48762.0,31219.732
2025-05-15 20:00:00,0.642,0.645,0.635,0.639,191832.4,2025-05-15 20:59:59.999,122830.5747,1886,104086.2,66662.5891
2025-05-15 21:00:00,0.64,0.64,0.627,0.638,98755.5,2025-05-15 21:59:59.999,62656.1794,1063,51577.6,32740.1679
2025-05-15 22:00:00,0.638,0.644,0.637,0.637,96284.9,2025-05-15 22:59:59.999,61778.6666,914,52635.7,33789.0967
2025-05-15 23:00:00,0.637,0.64,0.63,0.639,124230.4,2025-05-15 23:59:59.999,78910.4975,1456,63491.8,40287.4303
2025-05-16 00:00:00,0.64,0.645,0.638,0.64,164222.3,2025-05-16 00:59:59.999,105307.7374,1400,89631.5,57524.7137
2025-05-16 01:00:00,0.64,0.645,0.634,0.643,85542.3,2025-05-16 01:59:59.999,54749.5718,1614,33051.3,21141.6931
2025-05-16 02:00:00,0.644,0.649,0.642,0.647,135716.1,2025-05-16 02:59:59.999,87535.4834,1436,51791.0,33438.2377
2025-05-16 03:00:00,0.646,0.648,0.644,0.648,73684.4,2025-05-16 03:59:59.999,47632.7494,848,44711.8,28910.4073
2025-05-16 04:00:00,0.648,0.65,0.641,0.643,51458.4,2025-05-16 04:59:59.999,33219.793,813,21454.7,13842.3024
2025-05-16 05:00:00,0.644,0.6499,0.644,0.6481,108523.0,2025-05-16 05:59:59.999,70372.36924,449,62623.4,40608.1926
2025-05-16 06:00:00,0.648,0.6509,0.6462,0.6488,108804.6,2025-05-16 06:59:59.999,70581.44914,627,45738.7,29664.72045
2025-05-16 07:00:00,0.6489,0.6532,0.6458,0.6504,181731.9,2025-05-16 07:59:59.999,117796.03055,744,84359.2,54698.21479
2025-05-16 08:00:00,0.6509,0.652,0.6394,0.6439,179268.6,2025-05-16 08:59:59.999,115624.16371,458,51679.3,33331.09835
2025-05-16 09:00:00,0.6442,0.6552,0.6439,0.6552,118187.4,2025-05-16 09:59:59.999,76853.53215,502,60136.2,39117.41192
2025-05-16 10:00:00,0.6552,0.6658,0.6543,0.6654,474814.4,2025-05-16 10:59:59.999,313761.56276,1620,206711.8,136670.8137
2025-05-16 11:00:00,0.6654,0.6693,0.6591,0.6593,363025.8,2025-05-16 11:59:59.999,241962.72698,1307,164745.9,109761.98847
2025-05-16 12:00:00,0.6595,0.663,0.6568,0.6569,113570.5,2025-05-16 12:59:59.999,74955.98956,816,57955.0,38256.58452
2025-05-16 13:00:00,0.657,0.6666,0.6563,0.6612,210564.2,2025-05-16 13:59:59.999,139307.01626,1280,103045.7,68175.27109
2025-05-16 14:00:00,0.661,0.661,0.6461,0.6504,277834.6,2025-05-16 14:59:59.999,181830.204,2289,147495.0,96425.29123
2025-05-16 15:00:00,0.6508,0.6556,0.6505,0.6538,89460.0,2025-05-16 15:59:59.999,58390.34507,809,41625.3,27162.11729
2025-05-16 16:00:00,0.6548,0.657,0.6456,0.6511,105784.2,2025-05-16 16:59:59.999,68730.04663,830,49808.4,32308.60346
2025-05-16 17:00:00,0.6507,0.6518,0.6415,0.6436,130077.6,2025-05-16 17:59:59.999,84107.57796,767,60671.7,39252.27395
2025-05-16 18:00:00,0.6435,0.6474,0.6432,0.6455,102101.8,2025-05-16 18:59:59.999,65876.77641,931,55937.1,36103.49675
2025-05-16 19:00:00,0.6445,0.6492,0.6436,0.6487,121261.6,2025-05-16 19:59:59.999,78368.43928,1015,59127.9,38212.79707
2025-05-16 20:00:00,0.6482,0.6484,0.6393,0.6429,176500.8,2025-05-16 20:59:59.999,113369.20709,999,91599.5,58848.0899
2025-05-16 21:00:00,0.6425,0.6454,0.6405,0.6414,116036.1,2025-05-16 21:59:59.999,74599.46024,1111,61621.3,39617.95417
2025-05-16 22:00:00,0.6418,0.6419,0.6301,0.6338,114598.4,2025-05-16 22:59:59.999,72829.94844,1412,71515.0,45418.90267
2025-05-16 23:00:00,0.6339,0.6396,0.6339,0.6354,109252.1,2025-05-16 23:59:59.999,69567.6895,934,59392.5,37810.79806
2025-05-17 00:00:00,0.6353,0.6377,0.6246,0.6269,269084.5,2025-05-17 00:59:59.999,169471.7862,1808,121454.4,76450.29457
2025-05-17 01:00:00,0.6265,0.6265,0.614,0.6182,459062.6,2025-05-17 01:59:59.999,284458.92654,2845,231080.3,143171.94083
2025-05-17 02:00:00,0.6183,0.6247,0.6138,0.6204,350086.3,2025-05-17 02:59:59.999,216675.453,1397,171134.6,105900.58386
2025-05-17 03:00:00,0.6211,0.6247,0.6164,0.6246,129165.9,2025-05-17 03:59:59.999,80071.67454,587,90757.3,56270.16512
2025-05-17 04:00:00,0.6247,0.628,0.6226,0.6254,70185.4,2025-05-17 04:59:59.999,43879.85298,336,26340.1,16470.76589
2025-05-17 05:00:00,0.6255,0.6259,0.6181,0.6185,48404.3,2025-05-17 05:59:59.999,30075.91805,328,26787.6,16617.60641
2025-05-17 06:00:00,0.6188,0.6231,0.6174,0.6216,73292.5,2025-05-17 06:59:59.999,45450.03333,563,37850.0,23468.01461
2025-05-17 07:00:00,0.6212,0.624,0.6169,0.619,53802.3,2025-05-17 07:59:59.999,33305.72389,274,25293.5,15657.86094
2025-05-17 08:00:00,0.6201,0.6224,0.6139,0.614,95976.3,2025-05-17 08:59:59.999,59348.52497,1011,45328.8,28020.11337
2025-05-17 09:00:00,0.6139,0.617,0.6117,0.6158,112120.0,2025-05-17 09:59:59.999,68888.19056,431,51920.6,31915.92433
2025-05-17 10:00:00,0.6152,0.6203,0.6143,0.6162,48358.7,2025-05-17 10:59:59.999,29859.88841,215,27425.0,16940.31022
2025-05-17 11:00:00,0.6164,0.618,0.6107,0.6144,77115.0,2025-05-17 11:59:59.999,47435.91036,318,46844.9,28826.83999
2025-05-17 12:00:00,0.6142,0.6164,0.611,0.6113,75669.3,2025-05-17 12:59:59.999,46471.43706,385,44032.0,27049.28757
2025-05-17 13:00:00,0.6115,0.6152,0.6052,0.609,123437.9,2025-05-17 13:59:59.999,75082.78622,522,50097.4,30483.76505
2025-05-17 14:00:00,0.6087,0.6171,0.6087,0.6163,63947.6,2025-05-17 14:59:59.999,39227.75565,272,29576.0,18127.31209
2025-05-17 15:00:00,0.6167,0.6177,0.6126,0.6126,28200.2,2025-05-17 15:59:59.999,17362.19423,196,12589.3,7751.88466
2025-05-17 16:00:00,0.6126,0.6156,0.6044,0.6116,100053.6,2025-05-17 16:59:59.999,60897.81281,522,57184.8,34836.62818
2025-05-17 17:00:00,0.6116,0.6154,0.6096,0.6096,88527.0,2025-05-17 17:59:59.999,54225.30912,268,44979.3,27565.14376
2025-05-17 18:00:00,0.6094,0.6154,0.6061,0.6062,318489.8,2025-05-17 18:59:59.999,194757.40783,1003,176805.1,108128.27641
2025-05-17 19:00:00,0.606,0.6127,0.6043,0.608,144931.3,2025-05-17 19:59:59.999,88209.11919,387,54435.2,33128.7696
2025-05-17 20:00:00,0.608,0.6172,0.6063,0.616,168467.6,2025-05-17 20:59:59.999,103058.02542,594,82493.1,50472.65435
2025-05-17 21:00:00,0.6163,0.6169,0.6118,0.6133,78975.9,2025-05-17 21:59:59.999,48496.69127,333,34838.3,21390.09777
2025-05-17 22:00:00,0.6143,0.6144,0.6059,0.6091,73352.2,2025-05-17 22:59:59.999,44711.22395,281,38290.7,23328.78139
2025-05-17 23:00:00,0.6093,0.6143,0.6091,0.6121,38246.3,2025-05-17 23:59:59.999,23399.62197,188,15147.6,9266.97697
2025-05-18 00:00:00,0.6123,0.6142,0.609,0.6132,87703.4,2025-05-18 00:59:59.999,53660.14049,306,34956.6,21400.31461
2025-05-18 01:00:00,0.6139,0.6176,0.6113,0.6146,81806.7,2025-05-18 01:59:59.999,50301.26049,306,37116.8,22833.8848
2025-05-18 02:00:00,0.6146,0.6159,0.6115,0.6123,41231.3,2025-05-18 02:59:59.999,25318.22778,210,12534.2,7696.73144
2025-05-18 03:00:00,0.6121,0.6133,0.6076,0.611,85406.7,2025-05-18 03:59:59.999,52196.75488,414,31452.8,19206.41935
2025-05-18 04:00:00,0.6104,0.6144,0.6097,0.6137,34764.9,2025-05-18 04:59:59.999,21293.19372,225,24488.3,14995.07121
2025-05-18 05:00:00,0.6138,0.6239,0.6138,0.6237,60087.8,2025-05-18 05:59:59.999,37212.95124,337,33990.5,21057.10048
2025-05-18 06:00:00,0.6238,0.6238,0.6172,0.6204,66329.7,2025-05-18 06:59:59.999,41080.79844,258,42748.2,26465.74293
2025-05-18 07:00:00,0.6205,0.6251,0.6182,0.6245,64305.8,2025-05-18 07:59:59.999,39996.53372,269,44063.4,27437.3628
2025-05-18 08:00:00,0.6251,0.6295,0.6244,0.627,88080.9,2025-05-18 08:59:59.999,55224.35717,487,48231.8,30233.64503
2025-05-18 09:00:00,0.6279,0.6293,0.6231,0.6243,71348.9,2025-05-18 09:59:59.999,44590.86445,351,35579.0,22232.96621
2025-05-18 10:00:00,0.6246,0.6255,0.622,0.6232,42741.7,2025-05-18 10:59:59.999,26636.18167,183,17564.2,10946.94965
2025-05-18 11:00:00,0.6231,0.6244,0.6185,0.6187,35717.5,2025-05-18 11:59:59.999,22167.7746,162,14158.9,8780.35861
2025-05-18 12:00:00,0.6187,0.622,0.6163,0.6219,57710.0,2025-05-18 12:59:59.999,35697.50375,368,29051.1,17968.84931
2025-05-18 13:00:00,0.6219,0.629,0.6207,0.6288,71878.8,2025-05-18 13:59:59.999,44900.37868,413,42604.1,26639.98554
2025-05-18 14:00:00,0.629,0.6399,0.6264,0.6368,176664.4,2025-05-18 14:59:59.999,111665.29936,700,75343.4,47642.76961
2025-05-18 15:00:00,0.6376,0.6442,0.6348,0.6429,123262.0,2025-05-18 15:59:59.999,78923.94201,539,46636.3,29878.14419
2025-05-18 16:00:00,0.6439,0.6447,0.6387,0.6428,189742.4,2025-05-18 16:59:59.999,121722.77569,458,85328.1,54746.63928
2025-05-18 17:00:00,0.6421,0.6421,0.6248,0.6249,178372.2,2025-05-18 17:59:59.999,112824.79324,843,98306.0,62172.22418
2025-05-18 18:00:00,0.6252,0.6252,0.613,0.6182,232891.3,2025-05-18 18:59:59.999,144036.09127,1058,84809.4,52467.54276
2025-05-18 19:00:00,0.6178,0.6209,0.6079,0.608,119945.3,2025-05-18 19:59:59.999,73599.43197,548,39911.2,24483.30449
2025-05-18 20:00:00,0.607,0.6118,0.5992,0.6116,218521.6,2025-05-18 20:59:59.999,131850.73807,782,120706.3,72830.78709
2025-05-18 21:00:00,0.6116,0.619,0.6116,0.6143,77274.3,2025-05-18 21:59:59.999,47585.76317,369,27287.4,16798.54979
2025-05-18 22:00:00,0.6144,0.6245,0.6104,0.6242,137632.9,2025-05-18 22:59:59.999,84945.08338,525,80776.3,49839.84368
2025-05-18 23:00:00,0.6238,0.6386,0.62,0.6356,123521.5,2025-05-18 23:59:59.999,77803.64584,560,53119.1,33385.65218
2025-05-19 00:00:00,0.6364,0.6371,0.6211,0.6225,118715.2,2025-05-19 00:59:59.999,74830.92899,515,50004.9,31493.04749
2025-05-19 01:00:00,0.6221,0.6241,0.618,0.6189,104909.0,2025-05-19 01:59:59.999,65120.06508,375,78223.0,48560.15825
2025-05-19 02:00:00,0.6185,0.6204,0.6126,0.613,63014.7,2025-05-19 02:59:59.999,38819.73183,262,30448.0,18748.72437
2025-05-19 03:00:00,0.6127,0.6134,0.6066,0.608,85782.8,2025-05-19 03:59:59.999,52352.42874,357,40407.3,24678.10028
2025-05-19 04:00:00,0.608,0.611,0.5967,0.5988,177047.9,2025-05-19 04:59:59.999,106661.23072,687,82421.7,49668.72676
2025-05-19 05:00:00,0.5986,0.6032,0.5965,0.602,228751.6,2025-05-19 05:59:59.999,137172.419,779,164062.0,98397.51278
2025-05-19 06:00:00,0.6021,0.6061,0.5933,0.5938,134670.2,2025-05-19 06:59:59.999,80680.31751,500,52897.6,31722.59696
2025-05-19 07:00:00,0.5942,0.6049,0.5938,0.6023,140958.7,2025-05-19 07:59:59.999,84755.44841,479,65871.6,39555.77167
2025-05-19 08:00:00,0.6021,0.604,0.5968,0.5993,133473.5,2025-05-19 08:59:59.999,80108.35701,410,57520.2,34541.57217
2025-05-19 09:00:00,0.5992,0.602,0.5963,0.5983,153145.8,2025-05-19 09:59:59.999,91854.13916,458,70138.4,42084.69522
2025-05-19 10:00:00,0.5983,0.6015,0.5952,0.598,75063.6,2025-05-19 10:59:59.999,44878.59812,297,35773.8,21407.41239
2025-05-19 11:00:00,0.5978,0.6013,0.5975,0.5996,72461.5,2025-05-19 11:59:59.999,43387.82958,256,38213.8,22872.36267
2025-05-19 12:00:00,0.5993,0.5994,0.5908,0.5934,140857.5,2025-05-19 12:59:59.999,83797.73851,578,68141.0,40562.78409
2025-05-19 13:00:00,0.5934,0.6061,0.5922,0.6027,257923.2,2025-05-19 13:59:59.999,154577.77248,804,124871.6,74855.89162
2025-05-19 14:00:00,0.6025,0.6091,0.6005,0.6078,156497.3,2025-05-19 14:59:59.999,94632.33781,422,68369.7,41378.63166
2025-05-19 15:00:00,0.6074,0.6132,0.6073,0.6125,100768.6,2025-05-19 15:59:59.999,61547.54873,424,56822.7,34708.32922
2025-05-19 16:00:00,0.6129,0.6187,0.6083,0.6187,148438.3,2025-05-19 16:59:59.999,90995.20312,485,73918.0,45313.60125
2025-05-19 17:00:00,0.6187,0.6221,0.6146,0.6157,153572.9,2025-05-19 17:59:59.999,95057.62328,546,83712.5,51821.00606
2025-05-19 18:00:00,0.6155,0.6165,0.6082,0.6109,105648.2,2025-05-19 18:59:59.999,64541.38138,343,59934.0,36591.08711
2025-05-19 19:00:00,0.6113,0.6155,0.6097,0.6136,69137.1,2025-05-19 19:59:59.999,42351.08342,226,37770.9,23135.72716
2025-05-19 20:00:00,0.6136,0.6174,0.6126,0.6134,76117.7,2025-05-19 20:59:59.999,46761.24175,263,36038.2,22143.40964
2025-05-19 21:00:00,0.6133,0.6136,0.6091,0.6131,87667.9,2025-05-19 21:59:59.999,53575.18872,286,59335.4,36250.73643
2025-05-19 22:00:00,0.6132,0.6136,0.6097,0.6113,42078.0,2025-05-19 22:59:59.999,25718.96175,139,23560.8,14409.29324
2025-05-19 23:00:00,0.6111,0.617,0.6111,0.6154,49574.1,2025-05-19 23:59:59.999,30427.57803,243,28329.7,17390.59333
2025-05-20 00:00:00,0.6153,0.6234,0.6145,0.615,148058.2,2025-05-20 00:59:59.999,91490.71741,601,78254.1,48403.69672
2025-05-20 01:00:00,0.615,0.626,0.614,0.6235,94524.0,2025-05-20 01:59:59.999,58620.67787,479,51650.3,31991.06576
2025-05-20 02:00:00,0.6235,0.6331,0.6235,0.6256,159971.4,2025-05-20 02:59:59.999,100643.27156,695,80288.0,50537.11275
2025-05-20 03:00:00,0.6266,0.6267,0.6209,0.6236,74137.2,2025-05-20 03:59:59.999,46268.61468,419,33876.1,21141.69672
2025-05-20 04:00:00,0.624,0.6268,0.6206,0.626,54062.4,2025-05-20 04:59:59.999,33678.40764,246,29398.1,18310.61851
2025-05-20 05:00:00,0.6262,0.6286,0.6248,0.6262,30652.3,2025-05-20 05:59:59.999,19218.17412,188,14755.1,9259.25639
2025-05-20 06:00:00,0.6265,0.6278,0.62,0.6243,54703.1,2025-05-20 06:59:59.999,34095.79638,289,22428.4,13981.74624
2025-05-20 07:00:00,0.6242,0.6248,0.617,0.6181,77230.8,2025-05-20 07:59:59.999,47950.96605,393,36730.3,22816.42146
2025-05-20 08:00:00,0.6189,0.6204,0.6135,0.6159,109023.8,2025-05-20 08:59:59.999,67182.65835,483,53664.7,33087.02189
2025-05-20 09:00:00,0.6156,0.6181,0.613,0.6132,98369.1,2025-05-20 09:59:59.999,60524.64452,410,38100.4,23457.86978
2025-05-20 10:00:00,0.6133,0.6152,0.6087,0.6105,58212.2,2025-05-20 10:59:59.999,35596.53897,315,34690.2,21215.60378
2025-05-20 11:00:00,0.6099,0.6119,0.6051,0.6105,66371.5,2025-05-20 11:59:59.999,40378.49951,326,24026.1,14616.50014
2025-05-20 12:00:00,0.6103,0.6103,0.6022,0.6055,70262.8,2025-05-20 12:59:59.999,42532.42904,272,44291.4,26799.59266
2025-05-20 13:00:00,0.6058,0.6076,0.6027,0.6052,113552.9,2025-05-20 13:59:59.999,68742.92325,438,50268.4,30438.22926
2025-05-20 14:00:00,0.605,0.6095,0.6031,0.6052,89015.5,2025-05-20 14:59:59.999,53936.60445,382,42325.9,25655.28624
2025-05-20 15:00:00,0.6053,0.6115,0.6051,0.6101,77585.3,2025-05-20 15:59:59.999,47132.9257,330,42168.0,25611.04436
2025-05-20 16:00:00,0.61,0.6116,0.6058,0.6061,103394.2,2025-05-20 16:59:59.999,62963.73766,409,56452.6,34382.18121
2025-05-20 17:00:00,0.6066,0.6161,0.6057,0.6128,68758.3,2025-05-20 17:59:59.999,42123.31896,342,39149.1,23982.70373
2025-05-20 18:00:00,0.6128,0.6141,0.6012,0.6021,195439.4,2025-05-20 18:59:59.999,118768.19878,677,67995.4,41351.89481
2025-05-20 19:00:00,0.602,0.617,0.6013,0.6148,91230.7,2025-05-20 19:59:59.999,55513.73525,429,32062.1,19533.51408
2025-05-20 20:00:00,0.6149,0.622,0.6122,0.6196,112520.8,2025-05-20 20:59:59.999,69366.91058,494,74193.9,45718.04548
2025-05-20 21:00:00,0.6201,0.623,0.6165,0.6218,75433.8,2025-05-20 21:59:59.999,46798.55905,328,22342.4,13866.02145
2025-05-20 22:00:00,0.6229,0.6233,0.6141,0.619,49781.4,2025-05-20 22:59:59.999,30723.9939,259,25316.0,15616.22266
2025-05-20 23:00:00,0.6189,0.6274,0.6184,0.6244,168921.3,2025-05-20 23:59:59.999,105350.49563,603,63958.5,39898.18305
2025-05-21 00:00:00,0.6249,0.6268,0.619,0.6195,115668.0,2025-05-21 00:59:59.999,72064.57971,530,41997.7,26162.14083
2025-05-21 01:00:00,0.6201,0.6234,0.6184,0.6186,83945.2,2025-05-21 01:59:59.999,52071.39295,415,44408.1,27543.85497
2025-05-21 02:00:00,0.6187,0.6237,0.6142,0.6233,85592.4,2025-05-21 02:59:59.999,52895.39715,335,49109.2,30357.18896
2025-05-21 03:00:00,0.6235,0.6269,0.6224,0.6255,85456.2,2025-05-21 03:59:59.999,53415.11147,385,56483.7,35306.87923
2025-05-21 04:00:00,0.6254,0.6295,0.6223,0.6255,80153.4,2025-05-21 04:59:59.999,50175.41103,431,47031.9,29435.29564
2025-05-21 05:00:00,0.6256,0.6299,0.6245,0.6289,56363.1,2025-05-21 05:59:59.999,35383.60149,334,26925.5,16913.37728
2025-05-21 06:00:00,0.6294,0.6319,0.6263,0.63,82114.8,2025-05-21 06:59:59.999,51721.5542,348,40110.6,25264.93839
2025-05-21 07:00:00,0.6298,0.6308,0.6192,0.621,123871.7,2025-05-21 07:59:59.999,77022.39154,638,57756.2,35929.83908
2025-05-21 08:00:00,0.6213,0.6229,0.6182,0.6184,52074.2,2025-05-21 08:59:59.999,32313.42915,313,21048.6,13070.23655
2025-05-21 09:00:00,0.6185,0.6187,0.6126,0.6138,131253.1,2025-05-21 09:59:59.999,80795.71047,593,68702.3,42302.24601
2025-05-21 10:00:00,0.6141,0.618,0.6134,0.6171,105810.9,2025-05-21 10:59:59.999,65188.66912,397,52193.6,32170.54718
2025-05-21 11:00:00,0.6171,0.6238,0.6162,0.6201,83304.8,2025-05-21 11:59:59.999,51701.69592,324,41482.5,25716.38792
2025-05-21 12:00:00,0.6203,0.6237,0.619,0.6213,53579.2,2025-05-21 12:59:59.999,33305.55618,276,26490.0,16470.81109
2025-05-21 13:00:00,0.6213,0.6254,0.6183,0.6227,101002.3,2025-05-21 13:59:59.999,62800.2111,558,30809.9,19141.76319
2025-05-21 14:00:00,0.6229,0.6312,0.6199,0.6312,163238.2,2025-05-21 14:59:59.999,102214.313,963,70829.4,44378.04624
2025-05-21 15:00:00,0.6315,0.6349,0.628,0.6333,203414.4,2025-05-21 15:59:59.999,128632.50109,1130,91030.2,57557.00864
2025-05-21 16:00:00,0.6335,0.6455,0.6324,0.6392,158059.3,2025-05-21 16:59:59.999,101085.78208,897,88191.7,56399.8613
2025-05-21 17:00:00,0.6393,0.6418,0.612,0.6175,432893.2,2025-05-21 17:59:59.999,270242.8877,1955,213783.3,133481.60416
2025-05-21 18:00:00,0.6175,0.6263,0.6142,0.6213,143661.0,2025-05-21 18:59:59.999,89347.76687,701,68249.0,42437.20441
2025-05-21 19:00:00,0.6212,0.6303,0.6186,0.6298,126555.8,2025-05-21 19:59:59.999,79104.05406,622,72962.5,45632.39467
2025-05-21 20:00:00,0.6292,0.6301,0.6236,0.6274,62242.6,2025-05-21 20:59:59.999,39069.33029,325,32573.6,20439.55601
2025-05-21 21:00:00,0.6275,0.6284,0.6236,0.624,55287.9,2025-05-21 21:59:59.999,34577.04964,287,34143.2,21338.79189
2025-05-21 22:00:00,0.6235,0.6298,0.6234,0.6295,64290.3,2025-05-21 22:59:59.999,40284.20101,332,36016.7,22566.95639
2025-05-21 23:00:00,0.6296,0.64,0.6279,0.6352,161469.2,2025-05-21 23:59:59.999,102620.60115,957,92373.1,58690.9673
2025-05-22 00:00:00,0.6355,0.6429,0.6344,0.6427,105991.4,2025-05-22 00:59:59.999,67582.36811,512,54525.7,34768.93123
2025-05-22 01:00:00,0.6429,0.6453,0.6378,0.6388,67488.9,2025-05-22 01:59:59.999,43367.45483,497,35521.6,22843.33111
2025-05-22 02:00:00,0.6395,0.643,0.6374,0.6418,74468.5,2025-05-22 02:59:59.999,47700.31193,387,37871.1,24272.33395
2025-05-22 03:00:00,0.6417,0.6508,0.6409,0.6485,125127.9,2025-05-22 03:59:59.999,80914.62137,539,45500.3,29405.85274
2025-05-22 04:00:00,0.6488,0.65,0.6463,0.6493,47217.0,2025-05-22 04:59:59.999,30590.14704,287,20807.8,13479.78903
2025-05-22 05:00:00,0.6496,0.6502,0.645,0.6451,111764.3,2025-05-22 05:59:59.999,72469.91591,493,65795.3,42677.28797
2025-05-22 06:00:00,0.6445,0.6456,0.6427,0.6432,47868.0,2025-05-22 06:59:59.999,30841.44764,328,24646.2,15885.05375
2025-05-22 07:00:00,0.6435,0.649,0.6424,0.6486,67851.3,2025-05-22 07:59:59.999,43825.54309,392,28491.6,18397.88551
2025-05-22 08:00:00,0.649,0.6526,0.6479,0.6512,195789.9,2025-05-22 08:59:59.999,127399.53195,1100,90405.3,58822.69216
2025-05-22 09:00:00,0.6512,0.6561,0.6507,0.6522,105951.2,2025-05-22 09:59:59.999,69235.19701,679,36891.0,24125.56188
2025-05-22 10:00:00,0.6521,0.6532,0.6504,0.6509,54781.7,2025-05-22 10:59:59.999,35694.94746,377,27707.9,18048.85015
2025-05-22 11:00:00,0.6507,0.6513,0.645,0.6497,229319.1,2025-05-22 11:59:59.999,148662.09736,1167,71003.5,46014.78168
2025-05-22 12:00:00,0.6497,0.6506,0.6461,0.6503,90084.2,2025-05-22 12:59:59.999,58455.82887,551,45621.5,29615.30508
2025-05-22 13:00:00,0.6503,0.6504,0.6431,0.6453,157501.0,2025-05-22 13:59:59.999,101777.78005,1047,66026.8,42670.15585
2025-05-22 14:00:00,0.6455,0.6548,0.6455,0.6538,61616.6,2025-05-22 14:59:59.999,40143.55843,523,30638.7,19963.70331
2025-05-22 15:00:00,0.6539,0.6604,0.6536,0.6552,153295.1,2025-05-22 15:59:59.999,100695.07617,817,63998.0,42032.54509
2025-05-22 16:00:00,0.6557,0.6609,0.6548,0.6567,97557.0,2025-05-22 16:59:59.999,64185.84006,532,40886.3,26896.59729
2025-05-22 17:00:00,0.657,0.661,0.6551,0.6596,109273.6,2025-05-22 17:59:59.999,71997.23993,558,60409.9,39808.09804
2025-05-22 18:00:00,0.6595,0.6616,0.6588,0.6599,81640.2,2025-05-22 18:59:59.999,53869.99586,378,52250.1,34479.33015
2025-05-22 19:00:00,0.6605,0.6606,0.6551,0.6564,74967.1,2025-05-22 19:59:59.999,49348.73723,446,40892.2,26921.91811
2025-05-22 20:00:00,0.6564,0.6593,0.6543,0.6546,51539.6,2025-05-22 20:59:59.999,33839.57126,340,22272.6,14620.78516
2025-05-22 21:00:00,0.6551,0.6551,0.6481,0.6522,167636.6,2025-05-22 21:59:59.999,109193.72417,711,92924.6,60532.85249
2025-05-22 22:00:00,0.6525,0.6581,0.6519,0.6536,73564.9,2025-05-22 22:59:59.999,48155.08791,487,34609.7,22659.92913
2025-05-22 23:00:00,0.6538,0.6588,0.6529,0.6569,91070.0,2025-05-22 23:59:59.999,59774.63764,450,59955.7,39348.60752
2025-05-23 00:00:00,0.6574,0.6592,0.6532,0.6554,77752.4,2025-05-23 00:59:59.999,51078.29905,612,38859.6,25543.79064
2025-05-23 01:00:00,0.6561,0.6643,0.6538,0.6614,89321.0,2025-05-23 01:59:59.999,58947.13749,750,42912.6,28326.42457
2025-05-23 02:00:00,0.6615,0.674,0.6611,0.6697,164489.5,2025-05-23 02:59:59.999,110119.44719,1249,74339.7,49730.38703
2025-05-23 03:00:00,0.6699,0.6716,0.6667,0.6714,144420.8,2025-05-23 03:59:59.999,96616.91727,855,97011.5,64886.26837
2025-05-23 04:00:00,0.6715,0.6745,0.6607,0.6644,127493.4,2025-05-23 04:59:59.999,85276.09001,933,62254.3,41674.54111
2025-05-23 05:00:00,0.6642,0.6645,0.6578,0.6628,101235.6,2025-05-23 05:59:59.999,66889.29607,742,48604.0,32114.31836
2025-05-23 06:00:00,0.6623,0.6629,0.6501,0.6527,132759.0,2025-05-23 06:59:59.999,87130.12332,1003,38629.7,25308.96586
2025-05-23 07:00:00,0.6533,0.6602,0.6529,0.6548,94699.2,2025-05-23 07:59:59.999,62253.0904,557,44983.5,29570.89772
2025-05-23 08:00:00,0.6558,0.6642,0.6549,0.6625,57321.9,2025-05-23 08:59:59.999,37797.65079,400,33282.3,21907.74644
2025-05-23 09:00:00,0.6624,0.6682,0.6615,0.6673,77703.2,2025-05-23 09:59:59.999,51763.13402,581,41232.4,27474.598
2025-05-23 10:00:00,0.6676,0.6676,0.661,0.6626,63521.9,2025-05-23 10:59:59.999,42118.34409,416,35124.7,23299.36751
2025-05-23 11:00:00,0.662,0.6624,0.6303,0.6342,408360.6,2025-05-23 11:59:59.999,262849.85103,2408,185351.3,119228.74696
2025-05-23 12:00:00,0.6345,0.6356,0.6193,0.6312,487369.6,2025-05-23 12:59:59.999,306828.39988,2559,240081.7,151276.47412
2025-05-23 13:00:00,0.6313,0.6441,0.629,0.6438,175383.4,2025-05-23 13:59:59.999,111676.74812,1384,96080.4,61186.88718
2025-05-23 14:00:00,0.6443,0.6463,0.6411,0.6445,147835.2,2025-05-23 14:59:59.999,95136.06121,585,91875.0,59111.4305
2025-05-23 15:00:00,0.6436,0.6467,0.6398,0.6402,99645.0,2025-05-23 15:59:59.999,64080.77228,556,50141.3,32253.02991
2025-05-23 16:00:00,0.6405,0.6426,0.6347,0.6405,92851.0,2025-05-23 16:59:59.999,59268.62459,661,42843.1,27352.76607
2025-05-23 17:00:00,0.6404,0.6451,0.6404,0.6425,58045.0,2025-05-23 17:59:59.999,37294.0065,304,27462.7,17643.6049
2025-05-23 18:00:00,0.6426,0.6437,0.635,0.6362,70427.2,2025-05-23 18:59:59.999,44901.28739,339,31091.0,19841.923
2025-05-23 19:00:00,0.6361,0.6396,0.6352,0.6357,38199.3,2025-05-23 19:59:59.999,24350.50406,243,21070.4,13433.29349
2025-05-23 20:00:00,0.6354,0.6354,0.6286,0.6291,82307.9,2025-05-23 20:59:59.999,51997.69723,536,40427.1,25534.54994
2025-05-23 21:00:00,0.6284,0.6312,0.6264,0.627,82613.9,2025-05-23 21:59:59.999,51978.78127,428,33701.1,21215.08914
2025-05-23 22:00:00,0.627,0.631,0.6238,0.6241,50583.3,2025-05-23 22:59:59.999,31739.1065,278,26739.3,16771.99629
2025-05-23 23:00:00,0.6238,0.6247,0.6136,0.6166,206265.2,2025-05-23 23:59:59.999,127577.36248,1059,102661.5,63546.10385
2025-05-24 00:00:00,0.6165,0.6242,0.6135,0.6191,167627.9,2025-05-24 00:59:59.999,104099.42732,822,59453.8,36887.46894
2025-05-24 01:00:00,0.6187,0.6236,0.618,0.6183,41916.2,2025-05-24 01:59:59.999,26030.20817,309,18889.7,11728.71248
2025-05-24 02:00:00,0.618,0.6253,0.617,0.6252,31083.9,2025-05-24 02:59:59.999,19356.00419,236,19356.4,12051.97853
2025-05-24 03:00:00,0.625,0.6293,0.6247,0.6275,40978.6,2025-05-24 03:59:59.999,25713.10637,270,19320.2,12117.77348
2025-05-24 04:00:00,0.6284,0.6319,0.6268,0.6311,36152.5,2025-05-24 04:59:59.999,22761.81793,294,13478.0,8488.12789
2025-05-24 05:00:00,0.6311,0.6311,0.6254,0.6268,34427.1,2025-05-24 05:59:59.999,21628.65179,218,12996.5,8161.29244
2025-05-24 06:00:00,0.6267,0.629,0.6238,0.627,56636.0,2025-05-24 06:59:59.999,35466.91398,185,26323.8,16474.8895
2025-05-24 07:00:00,0.6273,0.6296,0.6255,0.6264,40364.5,2025-05-24 07:59:59.999,25342.68134,220,21522.4,13506.74263
2025-05-24 08:00:00,0.6265,0.6291,0.6239,0.6289,52647.1,2025-05-24 08:59:59.999,32971.28936,267,26867.9,16818.64788
2025-05-24 09:00:00,0.6288,0.6304,0.6269,0.6273,35539.9,2025-05-24 09:59:59.999,22341.62616,311,17128.9,10769.49044
2025-05-24 10:00:00,0.6275,0.634,0.6265,0.6331,123345.1,2025-05-24 10:59:59.999,77827.02186,518,79289.5,50016.00653
2025-05-24 11:00:00,0.6334,0.6349,0.63,0.63,99806.2,2025-05-24 11:59:59.999,63165.10089,420,41320.6,26152.81411
2025-05-24 12:00:00,0.6298,0.6315,0.628,0.6313,46717.6,2025-05-24 12:59:59.999,29440.3397,271,20678.6,13028.1573
2025-05-24 13:00:00,0.6311,0.6315,0.6266,0.6268,54387.6,2025-05-24 13:59:59.999,34217.82556,284,19896.6,12508.73035
2025-05-24 14:00:00,0.6261,0.6314,0.626,0.6312,56811.9,2025-05-24 14:59:59.999,35699.17206,375,29498.6,18520.33966
2025-05-24 15:00:00,0.6314,0.632,0.628,0.6293,60519.0,2025-05-24 15:59:59.999,38108.81758,326,29215.4,18396.31432
2025-05-24 16:00:00,0.6289,0.6306,0.6256,0.6294,44238.1,2025-05-24 16:59:59.999,27769.28246,369,18968.4,11909.64009
2025-05-24 17:00:00,0.629,0.6317,0.6266,0.6268,48521.4,2025-05-24 17:59:59.999,30510.0514,374,22393.0,14077.12145
2025-05-24 18:00:00,0.6272,0.6276,0.6219,0.6224,52199.2,2025-05-24 18:59:59.999,32629.55726,358,29919.8,18701.12174
2025-05-24 19:00:00,0.6221,0.6251,0.6219,0.6233,44073.7,2025-05-24 19:59:59.999,27491.42872,353,27872.0,17387.57173
2025-05-24 20:00:00,0.6233,0.6237,0.6214,0.6215,44226.3,2025-05-24 20:59:59.999,27540.92022,262,21877.8,13621.66174
2025-05-24 21:00:00,0.6213,0.6215,0.6169,0.62,57959.5,2025-05-24 21:59:59.999,35870.69212,291,24310.7,15049.57799
2025-05-24 22:00:00,0.62,0.62,0.613,0.6156,152200.4,2025-05-24 22:59:59.999,93671.74657,715,51415.6,31643.093
2025-05-24 23:00:00,0.6155,0.6181,0.6131,0.6157,79554.3,2025-05-24 23:59:59.999,48975.43933,460,41068.9,25285.6055
2025-05-25 00:00:00,0.6152,0.6177,0.6054,0.6069,146118.3,2025-05-25 00:59:59.999,89309.93863,870,55617.7,34033.60901
2025-05-25 01:00:00,0.6066,0.6106,0.6044,0.6079,98207.8,2025-05-25 01:59:59.999,59678.53744,865,63213.8,38410.37086
2025-05-25 02:00:00,0.6085,0.6127,0.6055,0.6117,50962.0,2025-05-25 02:59:59.999,31078.89842,332,24602.2,15001.90337
2025-05-25 03:00:00,0.6119,0.6148,0.6119,0.6136,58039.1,2025-05-25 03:59:59.999,35586.44342,245,17338.2,10623.50163
2025-05-25 04:00:00,0.6133,0.6139,0.6118,0.6126,40757.9,2025-05-25 04:59:59.999,24971.1945,227,26741.8,16380.71875
2025-05-25 05:00:00,0.6126,0.6142,0.6114,0.6142,37543.2,2025-05-25 05:59:59.999,23000.66639,200,25047.0,15345.0335
2025-05-25 06:00:00,0.6142,0.6144,0.6098,0.6113,39839.2,2025-05-25 06:59:59.999,24358.85757,238,23491.8,14367.27938
2025-05-25 07:00:00,0.6111,0.6111,0.6067,0.6095,67604.4,2025-05-25 07:59:59.999,41171.07738,380,53388.6,32514.84906
2025-05-25 08:00:00,0.6091,0.6092,0.6008,0.6029,75390.0,2025-05-25 08:59:59.999,45607.66093,510,40245.6,24363.11389
2025-05-25 09:00:00,0.6028,0.6054,0.6003,0.6054,73926.2,2025-05-25 09:59:59.999,44548.39556,455,28725.4,17328.7234
2025-05-25 10:00:00,0.6049,0.6062,0.603,0.6035,57395.8,2025-05-25 10:59:59.999,34707.32352,311,34846.3,21066.4529
2025-05-25 11:00:00,0.6032,0.6047,0.6014,0.6029,69045.8,2025-05-25 11:59:59.999,41668.9097,259,52749.0,31829.79928
2025-05-25 12:00:00,0.6029,0.6073,0.6015,0.6067,80053.6,2025-05-25 12:59:59.999,48426.03854,435,33868.9,20510.03534
2025-05-25 13:00:00,0.6061,0.6086,0.6035,0.6061,32290.3,2025-05-25 13:59:59.999,19589.93432,204,14513.8,8808.2907
2025-05-25 14:00:00,0.6061,0.607,0.601,0.6032,33275.4,2025-05-25 14:59:59.999,20099.42283,220,14990.7,9056.63566
2025-05-25 15:00:00,0.6032,0.6037,0.5952,0.6027,233430.7,2025-05-25 15:59:59.999,139960.75277,1111,93788.4,56241.96476
2025-05-25 16:00:00,0.6019,0.6027,0.5967,0.6019,57027.8,2025-05-25 16:59:59.999,34200.61603,480,27527.1,16520.63193
2025-05-25 17:00:00,0.6018,0.603,0.6003,0.6026,22352.0,2025-05-25 17:59:59.999,13450.66352,139,13408.4,8070.19852
2025-05-25 18:00:00,0.6019,0.605,0.6019,0.6043,14622.8,2025-05-25 18:59:59.999,8826.49128,127,6457.3,3895.50746
2025-05-25 19:00:00,0.6035,0.6067,0.6032,0.6044,41146.9,2025-05-25 19:59:59.999,24891.67068,243,17242.0,10428.6197
2025-05-25 20:00:00,0.6043,0.6045,0.601,0.603,35686.5,2025-05-25 20:59:59.999,21516.34383,228,13573.4,8183.62967
2025-05-25 21:00:00,0.6029,0.6049,0.5991,0.6018,25769.7,2025-05-25 21:59:59.999,15509.05529,202,9648.6,5812.5786
2025-05-25 22:00:00,0.6014,0.6186,0.6008,0.6181,183491.2,2025-05-25 22:59:59.999,112176.68431,874,105713.0,64623.01875
2025-05-25 23:00:00,0.6184,0.6194,0.6135,0.6192,55685.0,2025-05-25 23:59:59.999,34358.35693,290,23829.1,14697.13644
2025-05-26 00:00:00,0.6194,0.6236,0.6151,0.6234,63697.7,2025-05-26 00:59:59.999,39449.76698,412,28510.7,17649.14421
2025-05-26 01:00:00,0.6234,0.6247,0.6192,0.6212,33708.3,2025-05-26 01:59:59.999,20954.45749,240,18323.1,11397.25183
2025-05-26 02:00:00,0.6208,0.6217,0.6176,0.6177,31037.4,2025-05-26 02:59:59.999,19241.91022,192,19070.3,11819.25682
2025-05-26 03:00:00,0.6181,0.62,0.6172,0.6185,21391.8,2025-05-26 03:59:59.999,13240.72031,157,12583.0,7787.55947
2025-05-26 04:00:00,0.6185,0.6199,0.6171,0.6191,48612.8,2025-05-26 04:59:59.999,30079.89326,379,35743.4,22114.33768
2025-05-26 05:00:00,0.6191,0.6218,0.6183,0.6214,31113.8,2025-05-26 05:59:59.999,19306.04051,339,22417.1,13907.87275
2025-05-26 06:00:00,0.6213,0.6221,0.6173,0.6217,182441.2,2025-05-26 06:59:59.999,113147.25861,809,57873.7,35880.68317
2025-05-26 07:00:00,0.6214,0.6254,0.6212,0.6239,109855.2,2025-05-26 07:59:59.999,68495.61858,544,39158.2,24410.77449
2025-05-26 08:00:00,0.6244,0.6247,0.6155,0.6174,132813.6,2025-05-26 08:59:59.999,82192.1419,635,70846.1,43832.31702
2025-05-26 09:00:00,0.6173,0.6191,0.6149,0.6168,84134.8,2025-05-26 09:59:59.999,51929.77614,431,42990.2,26532.29028
2025-05-26 10:00:00,0.6169,0.6193,0.6143,0.6161,69589.4,2025-05-26 10:59:59.999,42948.71776,340,38189.6,23566.84427
2025-05-26 11:00:00,0.6163,0.6189,0.6159,0.6171,55866.8,2025-05-26 11:59:59.999,34502.93761,317,28148.9,17378.90726
2025-05-26 12:00:00,0.6172,0.6198,0.615,0.6187,40292.5,2025-05-26 12:59:59.999,24869.76649,319,27669.1,17077.37961
2025-05-26 13:00:00,0.6184,0.6186,0.6111,0.6131,110180.3,2025-05-26 13:59:59.999,67753.48628,553,58485.6,35984.98342
2025-05-26 14:00:00,0.6122,0.6141,0.6084,0.6113,73164.2,2025-05-26 14:59:59.999,44712.14679,473,36001.5,22016.06967
2025-05-26 15:00:00,0.6119,0.6193,0.6102,0.6171,75231.1,2025-05-26 15:59:59.999,46285.00268,469,48719.2,29941.27429
2025-05-26 16:00:00,0.617,0.6192,0.609,0.6119,56579.7,2025-05-26 16:59:59.999,34735.75844,498,24772.7,15212.89783
2025-05-26 17:00:00,0.6124,0.6137,0.6047,0.6069,54077.2,2025-05-26 17:59:59.999,32831.02415,386,14922.2,9060.52925
2025-05-26 18:00:00,0.6061,0.6102,0.6051,0.6068,41866.6,2025-05-26 18:59:59.999,25452.53597,208,25137.9,15271.87319
2025-05-26 19:00:00,0.6064,0.6091,0.6048,0.6074,38392.1,2025-05-26 19:59:59.999,23303.6812,207,25545.6,15502.51671
2025-05-26 20:00:00,0.6068,0.6111,0.6056,0.6111,35295.9,2025-05-26 20:59:59.999,21456.24564,270,17265.1,10493.00155
2025-05-26 21:00:00,0.611,0.6111,0.6073,0.6098,30142.1,2025-05-26 21:59:59.999,18350.93081,153,14221.0,8658.59411
2025-05-26 22:00:00,0.6097,0.6151,0.608,0.6084,52545.4,2025-05-26 22:59:59.999,32072.8008,235,26266.6,16042.46102
2025-05-26 23:00:00,0.6083,0.611,0.6075,0.611,48440.4,2025-05-26 23:59:59.999,29494.46179,235,26986.1,16435.49447
2025-05-27 00:00:00,0.6113,0.6126,0.6065,0.6073,73055.6,2025-05-27 00:59:59.999,44468.32289,447,38828.9,23620.0481
2025-05-27 01:00:00,0.607,0.6071,0.5966,0.6017,281681.5,2025-05-27 01:59:59.999,169168.99875,1762,165546.4,99386.3888
2025-05-27 02:00:00,0.6015,0.6068,0.6015,0.6053,92778.6,2025-05-27 02:59:59.999,56046.4238,707,43631.6,26364.61898
2025-05-27 03:00:00,0.6053,0.6123,0.6053,0.6084,78048.0,2025-05-27 03:59:59.999,47594.97294,745,24697.2,15054.70667
2025-05-27 04:00:00,0.6085,0.611,0.6072,0.6076,134724.4,2025-05-27 04:59:59.999,82095.41711,905,78422.1,47794.2981
2025-05-27 05:00:00,0.6075,0.61,0.6047,0.6092,34332.8,2025-05-27 05:59:59.999,20840.16728,293,13766.0,8349.01559
2025-05-27 06:00:00,0.6094,0.6162,0.6093,0.6112,83428.7,2025-05-27 06:59:59.999,51148.06967,608,32874.6,20165.52786
2025-05-27 07:00:00,0.6109,0.6156,0.6109,0.6138,91215.7,2025-05-27 07:59:59.999,55969.90903,522,41952.8,25734.75394
2025-05-27 08:00:00,0.6139,0.6197,0.6139,0.6196,99828.0,2025-05-27 08:59:59.999,61629.22276,538,58637.7,36182.79316
2025-05-27 09:00:00,0.6198,0.6202,0.6163,0.6196,93755.6,2025-05-27 09:59:59.999,57978.13763,648,42026.3,25996.83982
2025-05-27 10:00:00,0.6197,0.6209,0.6173,0.6204,91370.8,2025-05-27 10:59:59.999,56597.97507,415,45965.5,28476.13987
2025-05-27 11:00:00,0.62,0.6217,0.6176,0.6214,103189.3,2025-05-27 11:59:59.999,63990.63976,527,42440.5,26295.93954
2025-05-27 12:00:00,0.6213,0.6228,0.619,0.6211,75977.9,2025-05-27 12:59:59.999,47181.45264,367,35879.3,22277.66265
2025-05-27 13:00:00,0.6214,0.6285,0.6191,0.6196,233894.3,2025-05-27 13:59:59.999,145943.71604,1307,116260.6,72528.13347
2025-05-27 14:00:00,0.6194,0.6215,0.6124,0.6176,127096.2,2025-05-27 14:59:59.999,78458.88874,586,56132.9,34670.81961
2025-05-27 15:00:00,0.6179,0.6221,0.6155,0.6208,80391.2,2025-05-27 15:59:59.999,49741.26762,471,36726.5,22742.7576
2025-05-27 16:00:00,0.6208,0.6276,0.6191,0.626,128769.7,2025-05-27 16:59:59.999,80389.07271,572,66262.3,41385.06902
2025-05-27 17:00:00,0.6257,0.6284,0.6229,0.6246,105508.1,2025-05-27 17:59:59.999,66014.90685,532,51748.4,32367.45391
2025-05-27 18:00:00,0.6248,0.6265,0.6224,0.6226,63445.3,2025-05-27 18:59:59.999,39611.08323,292,33629.9,20997.98951
2025-05-27 19:00:00,0.6228,0.6246,0.6204,0.6229,99472.0,2025-05-27 19:59:59.999,61972.33059,498,50560.3,31506.26109
2025-05-27 20:00:00,0.6228,0.6269,0.6224,0.626,25557.9,2025-05-27 20:59:59.999,15990.5242,191,15543.1,9724.20751
2025-05-27 21:00:00,0.626,0.6273,0.6211,0.6215,79305.9,2025-05-27 21:59:59.999,49494.76918,390,34447.5,21490.4823
2025-05-27 22:00:00,0.6213,0.6226,0.6176,0.6216,90094.2,2025-05-27 22:59:59.999,55919.32023,351,45598.9,28301.48212
2025-05-27 23:00:00,0.6222,0.6226,0.6186,0.6215,39336.3,2025-05-27 23:59:59.999,24425.54551,203,16057.9,9970.29894
2025-05-28 00:00:00,0.6214,0.6265,0.6181,0.626,85301.3,2025-05-28 00:59:59.999,52999.78504,464,46136.0,28698.31656
2025-05-28 01:00:00,0.6263,0.6267,0.6221,0.6226,56572.2,2025-05-28 01:59:59.999,35319.28959,246,33322.4,20807.73436
2025-05-28 02:00:00,0.622,0.6247,0.6196,0.6235,43546.1,2025-05-28 02:59:59.999,27117.35397,307,27526.7,17141.12018
2025-05-28 03:00:00,0.6228,0.6275,0.6227,0.6271,48004.2,2025-05-28 03:59:59.999,29951.64792,157,39414.8,24588.90979
2025-05-28 04:00:00,0.6269,0.6297,0.623,0.6276,116269.8,2025-05-28 04:59:59.999,72842.2654,482,42364.5,26547.36455
2025-05-28 05:00:00,0.6278,0.6303,0.6254,0.6293,107128.1,2025-05-28 05:59:59.999,67270.43585,495,40575.8,25486.07976
2025-05-28 06:00:00,0.629,0.6297,0.6255,0.6271,131052.4,2025-05-28 06:59:59.999,82327.3436,557,39541.7,24840.51505
2025-05-28 07:00:00,0.6266,0.6306,0.6251,0.6287,100844.6,2025-05-28 07:59:59.999,63379.16802,513,53707.1,33751.21597
2025-05-28 08:00:00,0.629,0.6323,0.6262,0.6304,147474.9,2025-05-28 08:59:59.999,92783.76131,616,85953.9,54069.7007
2025-05-28 09:00:00,0.6305,0.6309,0.6222,0.6232,106976.5,2025-05-28 09:59:59.999,66964.77575,458,50346.2,31517.05474
2025-05-28 10:00:00,0.6231,0.6281,0.6184,0.6281,126244.3,2025-05-28 10:59:59.999,78599.54003,564,63639.4,39616.10069
2025-05-28 11:00:00,0.6282,0.6343,0.6282,0.6336,135598.5,2025-05-28 11:59:59.999,85446.17523,461,80162.6,50489.35735
2025-05-28 12:00:00,0.6338,0.6427,0.6317,0.6371,309752.0,2025-05-28 12:59:59.999,197334.39398,1163,145986.7,92964.69553
2025-05-28 13:00:00,0.6372,0.6382,0.6316,0.6326,208262.1,2025-05-28 13:59:59.999,132198.65198,1005,106432.7,67535.88841
2025-05-28 14:00:00,0.6321,0.6342,0.6237,0.6242,223572.8,2025-05-28 14:59:59.999,140450.48994,958,124833.4,78412.35268
2025-05-28 15:00:00,0.6238,0.6258,0.6184,0.6189,144488.3,2025-05-28 15:59:59.999,89889.93761,749,95895.8,59701.15416
2025-05-28 16:00:00,0.6192,0.6242,0.6184,0.6233,118645.4,2025-05-28 16:59:59.999,73820.74804,524,77268.9,48078.49216
2025-05-28 17:00:00,0.6242,0.6291,0.6212,0.623,159841.5,2025-05-28 17:59:59.999,99914.20236,635,92038.5,57516.22655
2025-05-28 18:00:00,0.6234,0.6259,0.6195,0.6196,38934.3,2025-05-28 18:59:59.999,24244.45005,226,17945.4,11183.4292
2025-05-28 19:00:00,0.6197,0.623,0.614,0.6151,57676.0,2025-05-28 19:59:59.999,35611.08614,393,33086.7,20426.24631
2025-05-28 20:00:00,0.6143,0.6227,0.6142,0.6224,68316.0,2025-05-28 20:59:59.999,42222.772,409,47571.4,29419.56014
2025-05-28 21:00:00,0.6224,0.6289,0.619,0.6287,172615.6,2025-05-28 21:59:59.999,107783.99533,691,87147.9,54448.92073
2025-05-28 22:00:00,0.6286,0.6299,0.6244,0.6275,98466.7,2025-05-28 22:59:59.999,61725.13628,556,50157.8,31435.52701
2025-05-28 23:00:00,0.6276,0.6461,0.6272,0.6444,448021.7,2025-05-28 23:59:59.999,286815.96858,1961,244901.7,156842.27485
2025-05-29 00:00:00,0.6444,0.6574,0.6409,0.6562,381578.5,2025-05-29 00:59:59.999,247350.12796,1518,167878.6,108838.69356
2025-05-29 01:00:00,0.6559,0.656,0.6457,0.6478,257717.9,2025-05-29 01:59:59.999,167578.74577,913,96962.4,63112.73002
2025-05-29 02:00:00,0.648,0.6556,0.644,0.6555,177962.8,2025-05-29 02:59:59.999,115621.52512,859,103591.6,67249.39581
2025-05-29 03:00:00,0.6557,0.656,0.6486,0.6529,286499.2,2025-05-29 03:59:59.999,186760.63885,995,163898.8,106804.49808
2025-05-29 04:00:00,0.653,0.6579,0.6393,0.6409,1998084.3,2025-05-29 04:59:59.999,1292420.84471,6897,1050158.8,679283.12381
2025-05-29 05:00:00,0.6408,0.643,0.6384,0.6389,99531.8,2025-05-29 05:59:59.999,63801.14763,496,42531.7,27270.46019
2025-05-29 06:00:00,0.639,0.6441,0.6383,0.6402,110611.7,2025-05-29 06:59:59.999,70961.5287,478,57421.9,36847.2376
2025-05-29 07:00:00,0.64,0.6429,0.6374,0.6404,90070.3,2025-05-29 07:59:59.999,57658.04893,506,59682.1,38212.42116
2025-05-29 08:00:00,0.6402,0.6434,0.6381,0.6413,110542.1,2025-05-29 08:59:59.999,70824.9255,566,62118.6,39805.20079
2025-05-29 09:00:00,0.6409,0.641,0.6383,0.639,54604.8,2025-05-29 09:59:59.999,34907.92122,331,18827.1,12033.2508
2025-05-29 10:00:00,0.6393,0.6419,0.6366,0.6411,70096.6,2025-05-29 10:59:59.999,44802.67662,438,42244.2,26997.70906
2025-05-29 11:00:00,0.6412,0.6419,0.6381,0.6399,56863.8,2025-05-29 11:59:59.999,36392.21593,368,25453.8,16296.7333
2025-05-29 12:00:00,0.6399,0.6405,0.6338,0.6357,197546.6,2025-05-29 12:59:59.999,125931.34735,1018,87964.0,56086.84725
2025-05-29 13:00:00,0.6362,0.6387,0.6284,0.6298,130392.6,2025-05-29 13:59:59.999,82694.89432,812,56924.0,36077.30412
2025-05-29 14:00:00,0.6302,0.634,0.623,0.632,213654.9,2025-05-29 14:59:59.999,134145.12685,1120,113166.4,71099.50979
2025-05-29 15:00:00,0.6319,0.6335,0.6256,0.6258,78653.6,2025-05-29 15:59:59.999,49573.78563,488,34355.1,21633.69271
2025-05-29 16:00:00,0.6263,0.6284,0.6227,0.6234,106463.0,2025-05-29 16:59:59.999,66625.03081,556,54605.9,34175.76648
2025-05-29 17:00:00,0.623,0.6286,0.6217,0.6251,96083.8,2025-05-29 17:59:59.999,60118.82237,544,58705.3,36749.14633
2025-05-29 18:00:00,0.6247,0.6291,0.621,0.6215,114341.6,2025-05-29 18:59:59.999,71443.77471,436,45960.0,28678.84462
2025-05-29 19:00:00,0.6214,0.6227,0.6164,0.6188,112304.1,2025-05-29 19:59:59.999,69432.07496,579,50745.8,31387.85814
2025-05-29 20:00:00,0.6189,0.6215,0.6169,0.6179,73138.5,2025-05-29 20:59:59.999,45346.82524,353,43631.8,27056.20092
2025-05-29 21:00:00,0.6179,0.6238,0.6178,0.6236,63770.6,2025-05-29 21:59:59.999,39641.3302,317,27884.0,17331.49255
2025-05-29 22:00:00,0.6235,0.6252,0.6197,0.6197,60921.5,2025-05-29 22:59:59.999,37953.25227,246,14189.7,8840.56798
2025-05-29 23:00:00,0.62,0.6212,0.6126,0.6164,130794.0,2025-05-29 23:59:59.999,80570.32198,515,53551.5,32988.55629
2025-05-30 00:00:00,0.6164,0.6213,0.5903,0.5956,556727.2,2025-05-30 00:59:59.999,337141.83816,2311,273602.0,165929.99016
2025-05-30 01:00:00,0.5949,0.6068,0.5946,0.602,254164.9,2025-05-30 01:59:59.999,152819.50247,1046,108697.8,65339.21866
2025-05-30 02:00:00,0.6019,0.606,0.6014,0.602,134531.2,2025-05-30 02:59:59.999,81195.32047,575,45119.9,27213.44986
2025-05-30 03:00:00,0.6019,0.6033,0.5987,0.6001,54699.0,2025-05-30 03:59:59.999,32883.05433,309,18320.2,11005.65165
2025-05-30 04:00:00,0.6001,0.6041,0.598,0.6026,139722.9,2025-05-30 04:59:59.999,83926.57537,466,56117.4,33712.90765
2025-05-30 05:00:00,0.6026,0.604,0.5991,0.6012,33852.9,2025-05-30 05:59:59.999,20359.41202,225,13321.1,8023.26327
2025-05-30 06:00:00,0.6011,0.6011,0.589,0.592,156841.0,2025-05-30 06:59:59.999,93039.22199,680,77936.6,46204.82888
2025-05-30 07:00:00,0.5921,0.597,0.5905,0.5933,129833.4,2025-05-30 07:59:59.999,77174.70718,605,71108.0,42262.51921
2025-05-30 08:00:00,0.5934,0.5946,0.5892,0.5917,142669.7,2025-05-30 08:59:59.999,84439.22114,574,57871.9,34238.80574
2025-05-30 09:00:00,0.5911,0.5949,0.5857,0.5947,178265.5,2025-05-30 09:59:59.999,105174.50731,784,114842.5,67730.64763
2025-05-30 10:00:00,0.5941,0.5953,0.5901,0.5948,85556.5,2025-05-30 10:59:59.999,50740.7485,486,41330.5,24510.3694
2025-05-30 11:00:00,0.5947,0.5969,0.5935,0.5957,174862.6,2025-05-30 11:59:59.999,103958.70517,484,61034.0,36273.90931
2025-05-30 12:00:00,0.5955,0.5966,0.5871,0.5945,140712.7,2025-05-30 12:59:59.999,83218.39745,638,69362.6,41015.37082
2025-05-30 13:00:00,0.5939,0.595,0.5885,0.5899,100162.6,2025-05-30 13:59:59.999,59264.74998,545,39483.9,23384.57187
2025-05-30 14:00:00,0.5892,0.5927,0.5864,0.5918,66713.5,2025-05-30 14:59:59.999,39346.39991,451,37868.5,22327.65971
2025-05-30 15:00:00,0.5916,0.594,0.5873,0.5874,55859.7,2025-05-30 15:59:59.999,33018.9586,377,27809.5,16444.95356
2025-05-30 16:00:00,0.5872,0.589,0.5697,0.5741,561200.7,2025-05-30 16:59:59.999,323298.18678,2170,287243.5,165329.65068
2025-05-30 17:00:00,0.5739,0.5816,0.5733,0.5792,1226120.1,2025-05-30 17:59:59.999,707326.61607,3341,556542.2,321218.867
2025-05-30 18:00:00,0.5794,0.5858,0.5772,0.5855,75204.0,2025-05-30 18:59:59.999,43719.22148,403,28728.0,16703.68205
2025-05-30 19:00:00,0.5851,0.5892,0.5845,0.5863,74480.8,2025-05-30 19:59:59.999,43739.81609,401,34632.6,20341.84488
2025-05-30 20:00:00,0.5863,0.5871,0.5827,0.583,52003.0,2025-05-30 20:59:59.999,30403.67147,376,13828.6,8086.20397
2025-05-30 21:00:00,0.5829,0.5853,0.5788,0.5797,48945.5,2025-05-30 21:59:59.999,28532.28374,269,20653.3,12032.51749
2025-05-30 22:00:00,0.5796,0.5799,0.5653,0.5655,209148.3,2025-05-30 22:59:59.999,119651.80888,1764,80200.5,45910.34603
2025-05-30 23:00:00,0.5653,0.5701,0.5604,0.5633,324196.2,2025-05-30 23:59:59.999,183155.62286,3550,166277.2,93961.15893
2025-05-31 00:00:00,0.5632,0.5644,0.5498,0.5521,394500.4,2025-05-31 00:59:59.999,219643.20782,3625,189570.0,105525.55154
2025-05-31 01:00:00,0.552,0.5588,0.5463,0.5519,346106.0,2025-05-31 01:59:59.999,191235.33897,3948,179947.0,99400.28796
2025-05-31 02:00:00,0.5518,0.5569,0.5485,0.5487,238832.1,2025-05-31 02:59:59.999,132048.04554,1846,109456.9,60493.00775
2025-05-31 03:00:00,0.5488,0.556,0.5458,0.5541,221643.5,2025-05-31 03:59:59.999,122011.8932,1741,86405.9,47557.90315
2025-05-31 04:00:00,0.5542,0.5585,0.5505,0.5567,96987.1,2025-05-31 04:59:59.999,53841.62869,1117,37007.0,20516.36104
2025-05-31 05:00:00,0.5565,0.5578,0.5529,0.5548,107679.7,2025-05-31 05:59:59.999,59808.43932,768,47824.3,26577.70596
2025-05-31 06:00:00,0.5549,0.5642,0.5546,0.5606,202372.3,2025-05-31 06:59:59.999,113291.35406,1098,128695.4,71934.80493
2025-05-31 07:00:00,0.5606,0.563,0.5598,0.5609,80788.2,2025-05-31 07:59:59.999,45358.04758,634,32738.9,18373.67109
2025-05-31 08:00:00,0.5609,0.5617,0.5535,0.5557,177219.4,2025-05-31 08:59:59.999,98907.85738,1151,70834.1,39512.2247
2025-05-31 09:00:00,0.556,0.5579,0.5524,0.557,125903.5,2025-05-31 09:59:59.999,69962.57507,945,62137.2,34533.99223
2025-05-31 10:00:00,0.5569,0.561,0.5536,0.5585,100130.6,2025-05-31 10:59:59.999,55808.03092,1116,51804.9,28855.8095
2025-05-31 11:00:00,0.5584,0.5602,0.5567,0.5593,96205.3,2025-05-31 11:59:59.999,53766.81877,743,41603.3,23256.23304
2025-05-31 12:00:00,0.5592,0.5687,0.5587,0.5683,95318.5,2025-05-31 12:59:59.999,53784.21279,855,34492.7,19453.32678
2025-05-31 13:00:00,0.5682,0.5726,0.5651,0.5653,126395.3,2025-05-31 13:59:59.999,71915.42762,1317,53949.7,30700.8831
2025-05-31 14:00:00,0.5651,0.5699,0.5649,0.5686,103640.8,2025-05-31 14:59:59.999,58813.01296,864,50357.4,28564.9636
2025-05-31 15:00:00,0.5685,0.5706,0.5648,0.5661,113402.9,2025-05-31 15:59:59.999,64409.34387,921,49739.5,28262.29899
2025-05-31 16:00:00,0.5662,0.572,0.5649,0.5714,72973.9,2025-05-31 16:59:59.999,41560.36165,677,44508.4,25346.96205
2025-05-31 17:00:00,0.5713,0.5732,0.5663,0.5663,131054.6,2025-05-31 17:59:59.999,74849.98113,791,87230.8,49836.76159
2025-05-31 18:00:00,0.5663,0.5706,0.5663,0.5706,34261.3,2025-05-31 18:59:59.999,19483.61977,349,20780.0,11817.26167
2025-05-31 19:00:00,0.5707,0.5733,0.5706,0.5713,57621.7,2025-05-31 19:59:59.999,32945.06494,635,29612.3,16929.64276
2025-05-31 20:00:00,0.5715,0.5729,0.5695,0.5728,28979.3,2025-05-31 20:59:59.999,16564.94671,367,14153.6,8092.20723
2025-05-31 21:00:00,0.5727,0.575,0.5715,0.5723,191292.5,2025-05-31 21:59:59.999,109764.92271,734,81338.8,46649.07397
2025-05-31 22:00:00,0.5731,0.5733,0.5699,0.5705,35518.0,2025-05-31 22:59:59.999,20281.37634,309,17253.7,9849.51623
2025-05-31 23:00:00,0.5704,0.5739,0.5693,0.571,53047.8,2025-05-31 23:59:59.999,30322.51484,452,32377.1,18505.13437
2025-06-01 00:00:00,0.5715,0.5715,0.5663,0.5693,77215.9,2025-06-01 00:59:59.999,43899.68848,794,51415.9,29230.83031
2025-06-01 01:00:00,0.5693,0.5707,0.5634,0.5657,88468.4,2025-06-01 01:59:59.999,50178.51622,710,40582.0,23010.38327
2025-06-01 02:00:00,0.5645,0.569,0.5621,0.5679,34348.9,2025-06-01 02:59:59.999,19410.66559,305,20485.5,11576.87434
2025-06-01 03:00:00,0.5678,0.5686,0.5637,0.5675,22366.2,2025-06-01 03:59:59.999,12666.95516,203,7872.6,4462.90007
2025-06-01 04:00:00,0.5675,0.5718,0.5662,0.5702,68078.8,2025-06-01 04:59:59.999,38764.93302,407,55473.8,31585.59448
2025-06-01 05:00:00,0.5701,0.5714,0.5687,0.57,90851.6,2025-06-01 05:59:59.999,51766.47892,465,22828.0,13017.94699
2025-06-01 06:00:00,0.5696,0.5698,0.5664,0.5664,34068.6,2025-06-01 06:59:59.999,19351.68618,260,10037.8,5699.8521
2025-06-01 07:00:00,0.5662,0.5681,0.5658,0.5675,17959.2,2025-06-01 07:59:59.999,10184.82419,209,7047.5,3996.33317
2025-06-01 08:00:00,0.5676,0.5678,0.5638,0.5653,39018.6,2025-06-01 08:59:59.999,22056.78573,403,19192.1,10847.88425
2025-06-01 09:00:00,0.5656,0.5664,0.5567,0.5591,103688.0,2025-06-01 09:59:59.999,58163.42887,673,45553.0,25517.47996
2025-06-01 10:00:00,0.5598,0.5616,0.5565,0.5616,135113.8,2025-06-01 10:59:59.999,75582.81692,552,79914.7,44690.81927
2025-06-01 11:00:00,0.5615,0.5633,0.5597,0.5616,34835.9,2025-06-01 11:59:59.999,19556.0373,332,17793.1,9986.31723
2025-06-01 12:00:00,0.5617,0.5625,0.5561,0.5584,66063.2,2025-06-01 12:59:59.999,36928.89081,390,19860.1,11098.88628
2025-06-01 13:00:00,0.5589,0.5643,0.5584,0.562,71559.9,2025-06-01 13:59:59.999,40209.67737,360,26803.8,15065.63018
2025-06-01 14:00:00,0.5622,0.5696,0.5621,0.567,67469.0,2025-06-01 14:59:59.999,38273.95158,460,29341.8,16643.98825
2025-06-01 15:00:00,0.567,0.5683,0.5648,0.5673,49777.2,2025-06-01 15:59:59.999,28205.62584,357,21153.8,11986.54116
2025-06-01 16:00:00,0.5673,0.5727,0.5667,0.5701,67646.4,2025-06-01 16:59:59.999,38621.47772,541,27534.7,15730.88712
2025-06-01 17:00:00,0.5703,0.5726,0.5688,0.5698,58614.5,2025-06-01 17:59:59.999,33466.07741,370,19594.8,11187.29597
2025-06-01 18:00:00,0.5699,0.57,0.5617,0.5659,141337.9,2025-06-01 18:59:59.999,79909.60415,841,70753.2,40041.92043
2025-06-01 19:00:00,0.566,0.5685,0.5658,0.5685,49340.8,2025-06-01 19:59:59.999,27990.0214,387,18790.3,10657.44872
2025-06-01 20:00:00,0.5684,0.5706,0.5665,0.5693,40425.7,2025-06-01 20:59:59.999,22983.13682,385,18060.3,10262.0761
2025-06-01 21:00:00,0.5695,0.5721,0.5692,0.5716,45577.5,2025-06-01 21:59:59.999,26010.11985,329,23763.9,13566.29822
2025-06-01 22:00:00,0.5721,0.5756,0.5694,0.5716,65217.5,2025-06-01 22:59:59.999,37350.99249,418,25646.9,14697.25321
2025-06-01 23:00:00,0.5716,0.575,0.5698,0.5711,142179.8,2025-06-01 23:59:59.999,81325.98737,796,68181.3,39033.58149
2025-06-02 00:00:00,0.5715,0.5715,0.5674,0.5678,50763.0,2025-06-02 00:59:59.999,28894.41312,525,12213.6,6948.0102
2025-06-02 01:00:00,0.5684,0.5708,0.5674,0.5678,36080.8,2025-06-02 01:59:59.999,20528.08905,264,17686.8,10061.93748
2025-06-02 02:00:00,0.5678,0.5687,0.5641,0.5651,50546.9,2025-06-02 02:59:59.999,28649.90568,472,29882.5,16955.66647
2025-06-02 03:00:00,0.5653,0.5653,0.5621,0.5621,37171.3,2025-06-02 03:59:59.999,20938.26256,433,20388.3,11488.44904
2025-06-02 04:00:00,0.5621,0.5637,0.561,0.5613,36669.3,2025-06-02 04:59:59.999,20628.50902,436,20759.9,11675.37622
2025-06-02 05:00:00,0.5613,0.5636,0.56,0.5614,89245.5,2025-06-02 05:59:59.999,50095.62686,592,44431.2,24946.14099
2025-06-02 06:00:00,0.5615,0.5674,0.5604,0.5655,44870.2,2025-06-02 06:59:59.999,25290.34923,389,24678.4,13906.81774
2025-06-02 07:00:00,0.5655,0.5695,0.5655,0.5672,42444.5,2025-06-02 07:59:59.999,24086.04296,326,25556.6,14496.39669
2025-06-02 08:00:00,0.5672,0.5695,0.5635,0.5642,52764.4,2025-06-02 08:59:59.999,29921.63242,403,29326.1,16633.83944
2025-06-02 09:00:00,0.5643,0.5644,0.559,0.5621,114338.3,2025-06-02 09:59:59.999,64220.34985,812,72721.2,40841.70615
2025-06-02 10:00:00,0.5621,0.5635,0.559,0.561,108338.4,2025-06-02 10:59:59.999,60801.16369,736,55060.2,30917.12686
2025-06-02 11:00:00,0.5611,0.5653,0.5599,0.5631,431497.4,2025-06-02 11:59:59.999,242976.55346,1911,257760.2,145143.96998
2025-06-02 12:00:00,0.5636,0.5656,0.5595,0.5652,542216.8,2025-06-02 12:59:59.999,304609.79548,1608,237755.2,133574.92306
2025-06-02 13:00:00,0.5654,0.5692,0.5625,0.5629,99670.1,2025-06-02 13:59:59.999,56363.77778,1148,59166.4,33482.69448
2025-06-02 14:00:00,0.5628,0.57,0.5618,0.566,105978.5,2025-06-02 14:59:59.999,59981.26063,764,47544.4,26918.8774
2025-06-02 15:00:00,0.5665,0.5699,0.5634,0.5682,89185.2,2025-06-02 15:59:59.999,50611.38477,642,43729.0,24809.83189
2025-06-02 16:00:00,0.5682,0.5685,0.564,0.5674,63598.3,2025-06-02 16:59:59.999,36004.80463,454,22189.9,12575.99056
2025-06-02 17:00:00,0.567,0.5683,0.5645,0.5677,40777.1,2025-06-02 17:59:59.999,23106.14196,377,14568.3,8259.90993
2025-06-02 18:00:00,0.5679,0.5705,0.565,0.5652,57626.7,2025-06-02 18:59:59.999,32713.76672,570,23984.4,13614.12385
2025-06-02 19:00:00,0.5653,0.5674,0.5602,0.5634,59521.9,2025-06-02 19:59:59.999,33606.65786,325,24418.4,13778.37603
2025-06-02 20:00:00,0.5635,0.5719,0.5634,0.5719,73294.8,2025-06-02 20:59:59.999,41777.79773,446,34620.9,19720.10296
2025-06-02 21:00:00,0.5719,0.5753,0.5711,0.5745,71305.2,2025-06-02 21:59:59.999,40883.9118,431,45089.6,25854.16503
2025-06-02 22:00:00,0.5747,0.5805,0.5747,0.5788,105060.9,2025-06-02 22:59:59.999,60791.35832,696,59041.4,34170.06499
2025-06-02 23:00:00,0.5792,0.5814,0.5787,0.5805,73684.7,2025-06-02 23:59:59.999,42747.63138,686,25728.7,14931.02651
2025-06-03 00:00:00,0.5805,0.5884,0.5798,0.5873,324020.0,2025-06-03 00:59:59.999,189804.12416,1696,95494.6,55827.17948
2025-06-03 01:00:00,0.5878,0.5957,0.5874,0.5953,103111.9,2025-06-03 01:59:59.999,61017.13228,834,56203.3,33246.59169
2025-06-03 02:00:00,0.5954,0.5964,0.5897,0.5899,197179.1,2025-06-03 02:59:59.999,116781.64523,978,141182.5,83578.25093
2025-06-03 03:00:00,0.5897,0.5902,0.5841,0.5853,71211.2,2025-06-03 03:59:59.999,41817.97559,360,31039.8,18235.2849
2025-06-03 04:00:00,0.5853,0.5865,0.5825,0.583,91428.2,2025-06-03 04:59:59.999,53427.92746,475,57951.5,33865.32506
2025-06-03 05:00:00,0.5836,0.5904,0.5836,0.5897,112956.2,2025-06-03 05:59:59.999,66320.68698,412,86593.3,50842.20919
2025-06-03 06:00:00,0.5897,0.5907,0.5875,0.5906,31530.6,2025-06-03 06:59:59.999,18587.85677,201,16022.7,9443.98082
2025-06-03 07:00:00,0.5902,0.5908,0.5876,0.5878,28096.2,2025-06-03 07:59:59.999,16551.93298,178,11831.3,6973.95153
2025-06-03 08:00:00,0.5879,0.5889,0.5837,0.5871,65400.5,2025-06-03 08:59:59.999,38317.04009,429,27039.6,15840.56141
2025-06-03 09:00:00,0.587,0.5899,0.5856,0.5885,85462.7,2025-06-03 09:59:59.999,50260.99507,306,23575.7,13867.93241
2025-06-03 10:00:00,0.5885,0.5899,0.5869,0.5889,27957.8,2025-06-03 10:59:59.999,16463.72098,202,14525.2,8551.992
2025-06-03 11:00:00,0.589,0.5904,0.587,0.5873,31050.7,2025-06-03 11:59:59.999,18286.89605,246,10136.1,5971.94667
2025-06-03 12:00:00,0.5875,0.5895,0.5863,0.5885,31093.4,2025-06-03 12:59:59.999,18292.77727,237,16802.8,9886.27095
2025-06-03 13:00:00,0.5885,0.5921,0.5867,0.5896,77870.9,2025-06-03 13:59:59.999,45929.05469,461,31843.8,18780.62689
2025-06-03 14:00:00,0.59,0.5938,0.5854,0.592,52047.1,2025-06-03 14:59:59.999,30739.10763,413,30387.5,17943.41969
2025-06-03 15:00:00,0.592,0.5924,0.5875,0.5884,116822.2,2025-06-03 15:59:59.999,68899.95963,585,38917.5,22942.99263
2025-06-03 16:00:00,0.5887,0.592,0.587,0.5875,104536.8,2025-06-03 16:59:59.999,61629.35058,501,49680.0,29299.26553
2025-06-03 17:00:00,0.587,0.5899,0.5866,0.5883,57443.9,2025-06-03 17:59:59.999,33778.32759,342,37256.9,21907.36908
2025-06-03 18:00:00,0.5887,0.5887,0.5859,0.5874,33776.7,2025-06-03 18:59:59.999,19835.54192,210,19082.2,11209.13718
2025-06-03 19:00:00,0.5875,0.5912,0.5875,0.5902,30100.4,2025-06-03 19:59:59.999,17745.4904,246,11422.2,6737.27583
2025-06-03 20:00:00,0.5904,0.5913,0.582,0.5857,78105.1,2025-06-03 20:59:59.999,45861.54234,435,31119.7,18289.12461
2025-06-03 21:00:00,0.5859,0.5873,0.5798,0.5829,79879.6,2025-06-03 21:59:59.999,46611.1063,411,34366.1,20078.59759
2025-06-03 22:00:00,0.5829,0.5895,0.5824,0.5883,43725.1,2025-06-03 22:59:59.999,25574.22637,300,17412.1,10207.5506
2025-06-03 23:00:00,0.5883,0.5903,0.5847,0.5862,65575.9,2025-06-03 23:59:59.999,38550.77418,536,33044.5,19410.55237
2025-06-04 00:00:00,0.5862,0.5895,0.5831,0.5891,69010.9,2025-06-04 00:59:59.999,40467.96705,709,38423.1,22547.7517
2025-06-04 01:00:00,0.589,0.5938,0.589,0.5899,60958.8,2025-06-04 01:59:59.999,36076.71262,539,30954.7,18308.23985
2025-06-04 02:00:00,0.5898,0.5928,0.5881,0.5885,22687.0,2025-06-04 02:59:59.999,13396.70199,393,17490.3,10327.29926
2025-06-04 03:00:00,0.5885,0.5925,0.5885,0.5901,41031.7,2025-06-04 03:59:59.999,24256.73195,345,25462.7,15045.75805
2025-06-04 04:00:00,0.5901,0.592,0.5895,0.5913,28673.6,2025-06-04 04:59:59.999,16942.04859,217,15358.0,9075.88389
2025-06-04 05:00:00,0.5913,0.5925,0.5888,0.589,25117.7,2025-06-04 05:59:59.999,14842.06993,164,16642.1,9835.20806
2025-06-04 06:00:00,0.589,0.5909,0.5862,0.59,61506.7,2025-06-04 06:59:59.999,36265.6914,420,13464.9,7933.77574
2025-06-04 07:00:00,0.5901,0.5913,0.5881,0.5887,50066.5,2025-06-04 07:59:59.999,29507.45127,318,24935.4,14684.84296
2025-06-04 08:00:00,0.5887,0.5913,0.5881,0.5897,36371.2,2025-06-04 08:59:59.999,21462.75911,275,11655.0,6874.99342
2025-06-04 09:00:00,0.5898,0.5902,0.5857,0.5893,59707.0,2025-06-04 09:59:59.999,35132.42889,377,20424.6,12023.55907
2025-06-04 10:00:00,0.5892,0.5912,0.5866,0.5866,26222.3,2025-06-04 10:59:59.999,15435.87292,300,17268.1,10164.62399
2025-06-04 11:00:00,0.5863,0.587,0.5833,0.5833,41600.3,2025-06-04 11:59:59.999,24314.15639,333,22257.8,13012.28918
2025-06-04 12:00:00,0.5835,0.585,0.58,0.5812,58369.7,2025-06-04 12:59:59.999,33968.77696,422,23540.0,13704.88518
2025-06-04 13:00:00,0.5807,0.5826,0.578,0.5791,66518.5,2025-06-04 13:59:59.999,38579.7687,548,36838.9,21358.83793
2025-06-04 14:00:00,0.5788,0.5809,0.5746,0.5809,171307.6,2025-06-04 14:59:59.999,98831.81818,1013,130862.8,75506.71745
2025-06-04 15:00:00,0.5812,0.5871,0.5804,0.5864,82862.7,2025-06-04 15:59:59.999,48431.86205,532,27256.5,15934.8305
2025-06-04 16:00:00,0.5864,0.5867,0.5828,0.5841,25206.5,2025-06-04 16:59:59.999,14735.66088,247,17730.0,10363.65619
2025-06-04 17:00:00,0.5843,0.5845,0.5774,0.579,163134.1,2025-06-04 17:59:59.999,94435.15008,1132,45480.1,26336.87076
2025-06-04 18:00:00,0.5797,0.5807,0.578,0.5784,25847.5,2025-06-04 18:59:59.999,14994.70329,199,15239.6,8841.66582
2025-06-04 19:00:00,0.5781,0.5793,0.5759,0.5759,51158.3,2025-06-04 19:59:59.999,29566.47462,456,33244.0,19213.61414
2025-06-04 20:00:00,0.5756,0.5759,0.5689,0.5725,90534.6,2025-06-04 20:59:59.999,51829.89442,549,51891.6,29709.38581
2025-06-04 21:00:00,0.5725,0.577,0.5691,0.5762,48548.5,2025-06-04 21:59:59.999,27796.10486,254,31557.2,18068.61322
2025-06-04 22:00:00,0.576,0.5774,0.5743,0.5756,29603.6,2025-06-04 22:59:59.999,17041.89014,188,11287.6,6496.96784
2025-06-04 23:00:00,0.5748,0.577,0.5741,0.5757,33656.2,2025-06-04 23:59:59.999,19385.40286,368,22440.9,12924.93739
2025-06-05 00:00:00,0.5752,0.5776,0.5736,0.5773,61653.2,2025-06-05 00:59:59.999,35478.74206,330,24899.2,14322.92439
2025-06-05 01:00:00,0.5771,0.58,0.5764,0.5769,47825.7,2025-06-05 01:59:59.999,27633.65062,290,25105.6,14503.53876
2025-06-05 02:00:00,0.5774,0.581,0.5774,0.5777,82918.1,2025-06-05 02:59:59.999,48001.06638,297,47980.0,27785.59864
2025-06-05 03:00:00,0.5774,0.5784,0.5764,0.578,53612.4,2025-06-05 03:59:59.999,30960.03244,307,34398.5,19862.01537
2025-06-05 04:00:00,0.5782,0.58,0.5779,0.5799,32998.9,2025-06-05 04:59:59.999,19097.26958,169,12913.6,7474.97709
2025-06-05 05:00:00,0.58,0.5803,0.5729,0.5738,40459.8,2025-06-05 05:59:59.999,23304.0084,270,8728.4,5035.20244
2025-06-05 06:00:00,0.5739,0.5757,0.57,0.5714,85154.6,2025-06-05 06:59:59.999,48805.08036,462,38084.0,21826.5135
2025-06-05 07:00:00,0.572,0.5823,0.5719,0.5776,105558.4,2025-06-05 07:59:59.999,60978.39895,528,43434.1,25111.93036
2025-06-05 08:00:00,0.5773,0.5785,0.5742,0.5756,131065.2,2025-06-05 08:59:59.999,75478.84421,580,61887.5,35632.52692
2025-06-05 09:00:00,0.5752,0.578,0.5729,0.5746,77593.2,2025-06-05 09:59:59.999,44663.6328,502,27064.6,15569.25131
2025-06-05 10:00:00,0.5747,0.5753,0.5692,0.5717,112738.3,2025-06-05 10:59:59.999,64395.64691,518,64797.1,36992.14498
2025-06-05 11:00:00,0.5717,0.5743,0.5702,0.5743,77446.1,2025-06-05 11:59:59.999,44323.0408,471,34409.9,19688.74194
2025-06-05 12:00:00,0.574,0.5828,0.5738,0.581,96809.3,2025-06-05 12:59:59.999,56077.69352,702,46068.2,26717.25722
2025-06-05 13:00:00,0.5803,0.5819,0.5701,0.5713,88157.6,2025-06-05 13:59:59.999,50820.06665,685,27603.3,15903.2633
2025-06-05 14:00:00,0.5712,0.5763,0.5657,0.5734,151159.4,2025-06-05 14:59:59.999,86224.8196,1012,60563.8,34575.19453
2025-06-05 15:00:00,0.5734,0.5764,0.5714,0.574,49030.7,2025-06-05 15:59:59.999,28119.19974,344,21303.8,12223.76199
2025-06-05 16:00:00,0.5741,0.5741,0.5635,0.5659,131767.1,2025-06-05 16:59:59.999,74841.28365,837,59055.6,33482.4335
2025-06-05 17:00:00,0.5661,0.5691,0.5649,0.5668,26519.7,2025-06-05 17:59:59.999,15036.25567,387,13438.0,7619.70736
2025-06-05 18:00:00,0.5666,0.5673,0.5592,0.5617,167814.0,2025-06-05 18:59:59.999,94421.27208,892,45041.2,25359.06503
2025-06-05 19:00:00,0.5613,0.5624,0.545,0.5511,370335.2,2025-06-05 19:59:59.999,204224.19757,1928,193622.3,106849.74369
2025-06-05 20:00:00,0.5517,0.5529,0.5333,0.534,323851.4,2025-06-05 20:59:59.999,174905.74105,2113,158002.2,85371.28856
2025-06-05 21:00:00,0.5345,0.5454,0.5334,0.5453,306374.7,2025-06-05 21:59:59.999,164794.98383,1431,136000.7,73089.51678
2025-06-05 22:00:00,0.5453,0.5457,0.5401,0.5427,218640.6,2025-06-05 22:59:59.999,118659.97212,1191,102889.6,55882.95221
2025-06-05 23:00:00,0.5428,0.5441,0.5399,0.5404,102435.4,2025-06-05 23:59:59.999,55491.40283,652,62195.5,33680.90919
2025-06-06 00:00:00,0.5404,0.5455,0.5387,0.5438,77427.3,2025-06-06 00:59:59.999,41935.17482,657,40293.4,21812.50208
2025-06-06 01:00:00,0.544,0.5456,0.5427,0.545,46797.7,2025-06-06 01:59:59.999,25465.2783,401,21438.6,11667.04493
2025-06-06 02:00:00,0.5448,0.5488,0.5436,0.5485,40052.0,2025-06-06 02:59:59.999,21830.00764,309,14757.2,8051.47283
2025-06-06 03:00:00,0.5483,0.5519,0.5467,0.5517,27589.9,2025-06-06 03:59:59.999,15155.74408,290,10646.5,5844.39663
2025-06-06 04:00:00,0.5507,0.5524,0.5493,0.5517,76942.9,2025-06-06 04:59:59.999,42406.88894,606,60177.4,33164.80092
2025-06-06 05:00:00,0.5517,0.5523,0.5507,0.552,24765.2,2025-06-06 05:59:59.999,13660.13664,238,11030.0,6084.84936
2025-06-06 06:00:00,0.5514,0.5544,0.5506,0.5527,43446.0,2025-06-06 06:59:59.999,24016.81577,513,28275.7,15634.98938
2025-06-06 07:00:00,0.5526,0.5529,0.5491,0.5494,125489.0,2025-06-06 07:59:59.999,69149.51829,720,97552.0,53758.28631
2025-06-06 08:00:00,0.5496,0.5511,0.5491,0.5491,66677.6,2025-06-06 08:59:59.999,36651.63282,428,31356.7,17239.04839
2025-06-06 09:00:00,0.5496,0.5513,0.5487,0.5495,56786.1,2025-06-06 09:59:59.999,31249.18715,388,37673.5,20728.88375
2025-06-06 10:00:00,0.5495,0.5518,0.5491,0.5496,33128.3,2025-06-06 10:59:59.999,18229.5501,243,16452.5,9056.33751
2025-06-06 11:00:00,0.5493,0.5521,0.5491,0.5512,34046.4,2025-06-06 11:59:59.999,18749.29733,287,17504.9,9638.4607
2025-06-06 12:00:00,0.5514,0.5571,0.5498,0.5523,140876.4,2025-06-06 12:59:59.999,77918.3356,756,68914.6,38120.84611
2025-06-06 13:00:00,0.5524,0.5619,0.5524,0.56,146789.3,2025-06-06 13:59:59.999,81865.8673,985,103563.0,57726.45506
2025-06-06 14:00:00,0.56,0.5626,0.5593,0.5623,49779.3,2025-06-06 14:59:59.999,27928.35915,381,31620.6,17737.98008
2025-06-06 15:00:00,0.5624,0.5654,0.5585,0.5616,110175.7,2025-06-06 15:59:59.999,61924.46128,698,44524.1,25029.00274
2025-06-06 16:00:00,0.5612,0.5648,0.5584,0.5599,96939.0,2025-06-06 16:59:59.999,54514.02002,571,33779.8,18995.13112
2025-06-06 17:00:00,0.5595,0.5597,0.5549,0.5586,74597.3,2025-06-06 17:59:59.999,41522.76,492,47707.0,26548.48606
2025-06-06 18:00:00,0.5586,0.559,0.5526,0.5546,185212.3,2025-06-06 18:59:59.999,102791.31853,742,97998.1,54409.58409
2025-06-06 19:00:00,0.5547,0.557,0.5536,0.5559,126226.1,2025-06-06 19:59:59.999,70094.63288,527,45196.1,25095.23904
2025-06-06 20:00:00,0.5566,0.5618,0.555,0.5579,155682.5,2025-06-06 20:59:59.999,86961.22802,741,70248.7,39220.37534
2025-06-06 21:00:00,0.5576,0.5576,0.5552,0.5569,47479.2,2025-06-06 21:59:59.999,26405.47908,347,22378.9,12446.9193
2025-06-06 22:00:00,0.5572,0.5576,0.5548,0.5566,99283.9,2025-06-06 22:59:59.999,55228.97482,584,47374.2,26356.41111
2025-06-06 23:00:00,0.557,0.557,0.5543,0.5551,20953.6,2025-06-06 23:59:59.999,11630.94731,200,11246.1,6242.38228
2025-06-07 00:00:00,0.5553,0.5605,0.5536,0.5605,83095.7,2025-06-07 00:59:59.999,46211.61259,575,50925.7,28343.04726
2025-06-07 01:00:00,0.5607,0.5614,0.5568,0.5593,41078.1,2025-06-07 01:59:59.999,22944.42658,312,16920.9,9459.96593
2025-06-07 02:00:00,0.5591,0.562,0.5578,0.5617,20681.1,2025-06-07 02:59:59.999,11581.74436,329,9889.8,5541.84925
2025-06-07 03:00:00,0.5613,0.5634,0.5612,0.5626,66236.9,2025-06-07 03:59:59.999,37242.18565,529,51078.5,28718.11612
2025-06-07 04:00:00,0.5626,0.5634,0.5604,0.5634,41899.7,2025-06-07 04:59:59.999,23531.97337,325,10390.0,5839.62122
2025-06-07 05:00:00,0.5635,0.5669,0.5631,0.5663,37341.4,2025-06-07 05:59:59.999,21091.47079,475,23005.3,12999.25595
2025-06-07 06:00:00,0.5666,0.569,0.5655,0.569,27719.8,2025-06-07 06:59:59.999,15720.50418,278,13087.5,7425.88857
2025-06-07 07:00:00,0.5688,0.569,0.5668,0.5669,16725.5,2025-06-07 07:59:59.999,9494.32481,221,5052.0,2868.42283
2025-06-07 08:00:00,0.567,0.5684,0.5667,0.5674,43183.7,2025-06-07 08:59:59.999,24514.03516,357,20761.2,11786.56096
2025-06-07 09:00:00,0.5674,0.569,0.5654,0.5658,33424.8,2025-06-07 09:59:59.999,18975.3759,300,22197.0,12605.35562
2025-06-07 10:00:00,0.566,0.5687,0.5656,0.5683,14645.4,2025-06-07 10:59:59.999,8310.28527,189,7483.7,4246.08455
2025-06-07 11:00:00,0.5684,0.5696,0.5675,0.5683,20681.7,2025-06-07 11:59:59.999,11761.83475,199,12943.9,7361.43357
2025-06-07 12:00:00,0.5683,0.5713,0.5681,0.5689,28844.2,2025-06-07 12:59:59.999,16424.35898,349,13785.1,7854.01218
2025-06-07 13:00:00,0.5689,0.5698,0.5672,0.5686,36289.4,2025-06-07 13:59:59.999,20632.97453,369,19314.6,10983.27108
2025-06-07 14:00:00,0.5686,0.5691,0.5661,0.5668,38755.3,2025-06-07 14:59:59.999,21990.44208,228,14429.4,8190.55606
2025-06-07 15:00:00,0.5661,0.5672,0.5639,0.567,28831.1,2025-06-07 15:59:59.999,16315.74282,367,15264.0,8639.72698
2025-06-07 16:00:00,0.567,0.5698,0.5648,0.5648,32750.4,2025-06-07 16:59:59.999,18594.34287,303,16897.7,9594.50295
2025-06-07 17:00:00,0.5649,0.5653,0.562,0.5627,22525.6,2025-06-07 17:59:59.999,12691.29149,227,13779.7,7765.44619
2025-06-07 18:00:00,0.5628,0.5655,0.5625,0.5647,61844.1,2025-06-07 18:59:59.999,34883.4071,432,43171.8,24345.26378
2025-06-07 19:00:00,0.5648,0.5665,0.5648,0.5653,39227.3,2025-06-07 19:59:59.999,22197.99552,255,14688.3,8312.72161
2025-06-07 20:00:00,0.5653,0.5673,0.5653,0.567,43840.8,2025-06-07 20:59:59.999,24838.20834,323,19879.3,11259.598
2025-06-07 21:00:00,0.5671,0.5693,0.5671,0.569,46856.4,2025-06-07 21:59:59.999,26624.8133,280,31903.4,18120.06218
2025-06-07 22:00:00,0.5691,0.5724,0.5691,0.5708,156554.6,2025-06-07 22:59:59.999,89369.8254,740,82175.9,46893.07328
2025-06-07 23:00:00,0.5705,0.5706,0.5677,0.5705,109205.6,2025-06-07 23:59:59.999,62182.13879,536,55414.1,31559.586
2025-06-08 00:00:00,0.5706,0.5711,0.5686,0.5702,80996.0,2025-06-08 00:59:59.999,46209.5823,512,37416.9,21344.35592
2025-06-08 01:00:00,0.5703,0.5717,0.569,0.5717,64036.2,2025-06-08 01:59:59.999,36529.43886,413,54445.1,31061.5144
2025-06-08 02:00:00,0.5717,0.5724,0.5686,0.5695,66150.8,2025-06-08 02:59:59.999,37692.66559,344,29368.9,16723.5306
2025-06-08 03:00:00,0.5691,0.571,0.5687,0.5688,38403.9,2025-06-08 03:59:59.999,21883.52675,302,8912.9,5076.11398
2025-06-08 04:00:00,0.5689,0.5696,0.5665,0.5694,78762.6,2025-06-08 04:59:59.999,44701.12873,526,26641.6,15138.30419
2025-06-08 05:00:00,0.5694,0.5702,0.5676,0.5685,54018.8,2025-06-08 05:59:59.999,30733.38395,368,23196.2,13201.43346
2025-06-08 06:00:00,0.5682,0.5715,0.5672,0.5678,90180.0,2025-06-08 06:59:59.999,51363.14926,513,53550.3,30497.16387
2025-06-08 07:00:00,0.5678,0.5698,0.5659,0.5662,78144.6,2025-06-08 07:59:59.999,44410.75404,490,34400.5,19540.85814
2025-06-08 08:00:00,0.5665,0.5698,0.5665,0.5692,93129.0,2025-06-08 08:59:59.999,52904.28594,460,53535.3,30389.21341
2025-06-08 09:00:00,0.5693,0.5694,0.5642,0.5649,107969.0,2025-06-08 09:59:59.999,61095.7322,721,41899.8,23695.99698
2025-06-08 10:00:00,0.565,0.5673,0.5632,0.5663,119693.3,2025-06-08 10:59:59.999,67632.65969,486,59832.9,33814.73699
2025-06-08 11:00:00,0.5662,0.5709,0.566,0.57,58584.0,2025-06-08 11:59:59.999,33303.29963,500,28384.9,16150.22434
2025-06-08 12:00:00,0.5702,0.5722,0.5682,0.571,89390.4,2025-06-08 12:59:59.999,50971.02172,414,53871.5,30693.41401
2025-06-08 13:00:00,0.5711,0.576,0.5696,0.5698,79110.7,2025-06-08 13:59:59.999,45299.39013,710,19070.6,10927.07167
2025-06-08 14:00:00,0.5696,0.5729,0.5696,0.5728,37682.7,2025-06-08 14:59:59.999,21541.38728,479,17173.0,9817.47381
2025-06-08 15:00:00,0.5726,0.5774,0.5722,0.5759,336898.2,2025-06-08 15:59:59.999,193941.55852,1309,204816.4,117889.09834
2025-06-08 16:00:00,0.5759,0.58,0.5759,0.5797,70766.5,2025-06-08 16:59:59.999,40932.56652,578,30813.1,17819.81315
2025-06-08 17:00:00,0.5798,0.5806,0.5776,0.5782,74126.8,2025-06-08 17:59:59.999,42945.74473,424,28869.4,16734.4167
2025-06-08 18:00:00,0.5785,0.5807,0.5754,0.5805,123428.1,2025-06-08 18:59:59.999,71305.09895,438,50731.0,29291.04335
2025-06-08 19:00:00,0.5807,0.5816,0.5787,0.5792,82305.9,2025-06-08 19:59:59.999,47728.16545,566,58734.7,34051.33764
2025-06-08 20:00:00,0.5793,0.5804,0.5766,0.5772,102788.3,2025-06-08 20:59:59.999,59534.63911,688,56019.3,32445.04544
2025-06-08 21:00:00,0.5774,0.5804,0.5774,0.5802,85528.3,2025-06-08 21:59:59.999,49554.04061,556,41029.2,23759.59289
2025-06-08 22:00:00,0.5802,0.5802,0.5728,0.573,188922.6,2025-06-08 22:59:59.999,108886.65378,949,92536.8,53246.59293
2025-06-08 23:00:00,0.5731,0.5733,0.571,0.5718,80550.3,2025-06-08 23:59:59.999,46076.80123,607,44985.6,25728.96967
2025-06-09 00:00:00,0.5716,0.5729,0.5697,0.572,50431.1,2025-06-09 00:59:59.999,28802.48497,563,19969.7,11401.68816
2025-06-09 01:00:00,0.5721,0.5724,0.5689,0.5692,37319.1,2025-06-09 01:59:59.999,21298.75186,438,12780.5,7291.60986
2025-06-09 02:00:00,0.5691,0.5718,0.5684,0.5695,72659.9,2025-06-09 02:59:59.999,41438.96743,616,29350.2,16729.36227
2025-06-09 03:00:00,0.5691,0.5699,0.567,0.5696,95002.0,2025-06-09 03:59:59.999,54002.30504,621,47663.9,27106.93672
2025-06-09 04:00:00,0.5695,0.5713,0.5669,0.5673,81058.3,2025-06-09 04:59:59.999,46156.18267,569,34356.7,19542.52187
2025-06-09 05:00:00,0.5673,0.5673,0.5569,0.5597,419244.1,2025-06-09 05:59:59.999,235357.24943,2609,150922.9,84623.87329
2025-06-09 06:00:00,0.5599,0.5641,0.558,0.5641,154692.7,2025-06-09 06:59:59.999,86724.54767,898,85141.1,47761.04794
2025-06-09 07:00:00,0.5638,0.564,0.5591,0.5627,280034.7,2025-06-09 07:59:59.999,157310.66869,1261,94850.7,53283.48048
2025-06-09 08:00:00,0.5628,0.5633,0.56,0.563,66992.0,2025-06-09 08:59:59.999,37644.3754,354,49317.1,27710.06619
2025-06-09 09:00:00,0.563,0.5692,0.5613,0.5669,87074.0,2025-06-09 09:59:59.999,49192.86728,710,28246.0,15960.77099
2025-06-09 10:00:00,0.567,0.5726,0.5661,0.5703,170417.8,2025-06-09 10:59:59.999,97198.50952,1133,86958.6,49614.19624
2025-06-09 11:00:00,0.5707,0.5742,0.5695,0.5735,91137.7,2025-06-09 11:59:59.999,52066.7313,584,45949.3,26245.91035
2025-06-09 12:00:00,0.5735,0.5748,0.5719,0.5745,29087.8,2025-06-09 12:59:59.999,16680.21913,314,11301.4,6479.97076
2025-06-09 13:00:00,0.5742,0.5751,0.5676,0.5688,227291.0,2025-06-09 13:59:59.999,129879.35182,1089,87935.5,50197.61151
2025-06-09 14:00:00,0.569,0.5742,0.569,0.5718,162423.3,2025-06-09 14:59:59.999,92946.39495,801,67052.8,38367.08157
2025-06-09 15:00:00,0.5721,0.5758,0.5718,0.5747,110614.7,2025-06-09 15:59:59.999,63526.54274,527,67732.4,38876.37024
2025-06-09 16:00:00,0.5751,0.58,0.5751,0.5776,113452.1,2025-06-09 16:59:59.999,65511.64283,935,56655.5,32684.81268
2025-06-09 17:00:00,0.5779,0.5814,0.5777,0.5797,103027.5,2025-06-09 17:59:59.999,59742.01818,589,43184.9,25042.71131
2025-06-09 18:00:00,0.5799,0.5804,0.5779,0.58,69257.7,2025-06-09 18:59:59.999,40110.03124,486,15088.4,8741.20878
2025-06-09 19:00:00,0.58,0.5808,0.5778,0.5789,77648.0,2025-06-09 19:59:59.999,44980.40155,567,34902.4,20203.45222
2025-06-09 20:00:00,0.5786,0.5804,0.5783,0.5789,161840.1,2025-06-09 20:59:59.999,93755.18423,459,76918.2,44575.7405
2025-06-09 21:00:00,0.5794,0.5916,0.5794,0.5897,244347.0,2025-06-09 21:59:59.999,143357.53148,1208,130082.5,76202.07732
2025-06-09 22:00:00,0.5901,0.5938,0.5885,0.5935,228168.0,2025-06-09 22:59:59.999,134879.10612,1307,118333.0,69929.36031
2025-06-09 23:00:00,0.5935,0.5939,0.59,0.5932,136087.8,2025-06-09 23:59:59.999,80575.39977,904,71723.9,42449.85202
2025-06-10 00:00:00,0.5934,0.5983,0.592,0.5974,223944.7,2025-06-10 00:59:59.999,133456.90474,1768,91547.2,54567.48397
2025-06-10 01:00:00,0.5973,0.6011,0.596,0.5993,180818.4,2025-06-10 01:59:59.999,108279.26701,1196,78990.1,47268.61716
2025-06-10 02:00:00,0.5994,0.5998,0.596,0.5978,185323.7,2025-06-10 02:59:59.999,110842.92034,697,86979.6,52004.60347
2025-06-10 03:00:00,0.5979,0.5987,0.5955,0.5972,98110.1,2025-06-10 03:59:59.999,58590.99575,509,49626.8,29634.86431
2025-06-10 04:00:00,0.5973,0.598,0.5936,0.5954,70423.7,2025-06-10 04:59:59.999,41920.62342,611,42611.5,25348.7863
2025-06-10 05:00:00,0.5955,0.5988,0.5905,0.5952,327598.2,2025-06-10 05:59:59.999,194732.12326,1473,123780.9,73511.02337
2025-06-10 06:00:00,0.5952,0.5985,0.5919,0.5973,149239.3,2025-06-10 06:59:59.999,88807.03155,949,72043.4,42842.82305
2025-06-10 07:00:00,0.5972,0.5996,0.5947,0.5985,188754.4,2025-06-10 07:59:59.999,112765.6595,934,89924.5,53706.64084
2025-06-10 08:00:00,0.5985,0.5992,0.5942,0.5964,213413.3,2025-06-10 08:59:59.999,127410.27577,1426,116481.6,69525.13132
2025-06-10 09:00:00,0.5965,0.6039,0.5965,0.6039,218554.8,2025-06-10 09:59:59.999,131325.58922,1503,116048.3,69750.1131
2025-06-10 10:00:00,0.6038,0.606,0.6005,0.6058,235223.4,2025-06-10 10:59:59.999,141903.13016,1559,103293.7,62362.72796
2025-06-10 11:00:00,0.6057,0.6132,0.6025,0.6132,290636.0,2025-06-10 11:59:59.999,176788.57695,2540,145462.4,88389.12809
2025-06-10 12:00:00,0.6134,0.6185,0.6116,0.6185,251282.0,2025-06-10 12:59:59.999,154901.49486,1897,117076.9,72144.37831
2025-06-10 13:00:00,0.6185,0.6191,0.6063,0.6107,226566.2,2025-06-10 13:59:59.999,138598.53208,2127,138689.8,84859.83164
2025-06-10 14:00:00,0.6106,0.6111,0.6018,0.6036,215583.9,2025-06-10 14:59:59.999,130783.41783,2449,122376.4,74224.39438
2025-06-10 15:00:00,0.6035,0.6082,0.5992,0.6081,174976.2,2025-06-10 15:59:59.999,105826.28898,1974,96451.2,58363.50359
2025-06-10 16:00:00,0.6082,0.6113,0.6058,0.6061,70335.8,2025-06-10 16:59:59.999,42816.96905,945,37681.6,22927.52697
2025-06-10 17:00:00,0.606,0.6112,0.6059,0.6072,176099.5,2025-06-10 17:59:59.999,107192.19663,1324,70439.0,42891.7574
2025-06-10 18:00:00,0.6073,0.6158,0.6069,0.6146,97516.3,2025-06-10 18:59:59.999,59514.9368,1136,42106.3,25680.81128
2025-06-10 19:00:00,0.6147,0.6202,0.6128,0.6152,135367.6,2025-06-10 19:59:59.999,83454.03767,1357,47571.9,29349.33619
2025-06-10 20:00:00,0.6151,0.618,0.6101,0.6177,90339.0,2025-06-10 20:59:59.999,55427.38141,932,61224.1,37576.91991
2025-06-10 21:00:00,0.6177,0.6201,0.6148,0.6181,129978.6,2025-06-10 21:59:59.999,80196.30945,1002,63606.1,39247.00466
2025-06-10 22:00:00,0.6182,0.6252,0.6181,0.6215,125880.4,2025-06-10 22:59:59.999,78303.52308,867,71866.0,44683.79466
2025-06-10 23:00:00,0.6215,0.6226,0.6184,0.6225,62842.7,2025-06-10 23:59:59.999,38969.10942,705,36818.2,22825.42326
2025-06-11 00:00:00,0.6223,0.6247,0.6187,0.6189,130205.4,2025-06-11 00:59:59.999,80861.59375,905,50801.5,31546.68808
2025-06-11 01:00:00,0.6192,0.6207,0.6163,0.6184,66070.2,2025-06-11 01:59:59.999,40876.16501,659,30229.8,18698.19907
2025-06-11 02:00:00,0.6191,0.6211,0.6154,0.617,34533.3,2025-06-11 02:59:59.999,21320.65323,343,21684.1,13385.36252
2025-06-11 03:00:00,0.6171,0.6218,0.6168,0.6197,64430.5,2025-06-11 03:59:59.999,39940.21543,652,33951.0,21047.89201
2025-06-11 04:00:00,0.6196,0.6207,0.6172,0.6203,44543.1,2025-06-11 04:59:59.999,27552.20728,396,25027.1,15487.24905
2025-06-11 05:00:00,0.6201,0.6243,0.6195,0.623,155621.9,2025-06-11 05:59:59.999,96826.98982,926,76230.0,47429.27542
2025-06-11 06:00:00,0.6232,0.6283,0.6232,0.6255,154612.4,2025-06-11 06:59:59.999,96774.18944,1028,59211.0,37061.24726
2025-06-11 07:00:00,0.6257,0.6271,0.624,0.6253,87042.3,2025-06-11 07:59:59.999,54443.27495,733,30302.1,18946.54744
2025-06-11 08:00:00,0.6253,0.6282,0.6197,0.6211,118951.6,2025-06-11 08:59:59.999,74150.04418,789,60846.5,37934.27688
2025-06-11 09:00:00,0.6213,0.6224,0.6173,0.6187,208742.9,2025-06-11 09:59:59.999,129495.55591,970,104626.3,64898.93883
2025-06-11 10:00:00,0.6188,0.6263,0.617,0.6228,369080.4,2025-06-11 10:59:59.999,229567.80188,1854,224832.4,139721.74501
2025-06-11 11:00:00,0.6228,0.6254,0.6172,0.6241,321238.3,2025-06-11 11:59:59.999,199666.22788,1239,187731.3,116635.39464
2025-06-11 12:00:00,0.624,0.626,0.6156,0.6216,365451.4,2025-06-11 12:59:59.999,226832.67675,1958,169043.7,104890.07731
2025-06-11 13:00:00,0.6223,0.6268,0.62,0.6212,114952.2,2025-06-11 13:59:59.999,71601.95401,712,49356.9,30742.74796
2025-06-11 14:00:00,0.6215,0.6331,0.6201,0.6331,473298.7,2025-06-11 14:59:59.999,297355.30202,1526,229789.3,144299.75814
2025-06-11 15:00:00,0.6331,0.6378,0.6304,0.6343,538541.1,2025-06-11 15:59:59.999,341587.04108,1624,263332.6,166923.68143
2025-06-11 16:00:00,0.635,0.6357,0.6292,0.631,179932.2,2025-06-11 16:59:59.999,113720.79071,923,62704.4,39612.60053
2025-06-11 17:00:00,0.6308,0.6309,0.6215,0.6217,247562.8,2025-06-11 17:59:59.999,154670.4064,1039,110508.2,68961.27248
2025-06-11 18:00:00,0.6222,0.6235,0.6167,0.6184,278108.8,2025-06-11 18:59:59.999,172447.86752,1159,140045.6,86857.00899
2025-06-11 19:00:00,0.6191,0.6191,0.6152,0.6165,117544.0,2025-06-11 19:59:59.999,72545.11336,616,66737.4,41187.683
2025-06-11 20:00:00,0.6164,0.6213,0.6123,0.6179,284995.4,2025-06-11 20:59:59.999,175815.59502,847,145619.1,89779.51038
2025-06-11 21:00:00,0.6186,0.6231,0.6084,0.6088,262746.5,2025-06-11 21:59:59.999,161486.66344,1085,124404.6,76321.12685
2025-06-11 22:00:00,0.6084,0.6098,0.603,0.6069,526756.6,2025-06-11 22:59:59.999,319089.87733,1861,270675.8,163884.22488
2025-06-11 23:00:00,0.6068,0.6139,0.6068,0.6129,240229.5,2025-06-11 23:59:59.999,146854.24319,779,119896.6,73249.81993
2025-06-12 00:00:00,0.6128,0.616,0.6062,0.6107,403032.8,2025-06-12 00:59:59.999,246286.37931,1271,221234.1,135180.73293
2025-06-12 01:00:00,0.6107,0.6127,0.6072,0.6121,368420.4,2025-06-12 01:59:59.999,224905.01013,1322,187650.1,114536.36912
2025-06-12 02:00:00,0.6115,0.6137,0.6067,0.6076,227282.4,2025-06-12 02:59:59.999,138672.91049,859,84927.7,51838.0951
2025-06-12 03:00:00,0.6075,0.6108,0.603,0.6075,286713.7,2025-06-12 03:59:59.999,173985.92001,1268,121916.8,73951.96927
2025-06-12 04:00:00,0.6072,0.6103,0.606,0.6095,179189.8,2025-06-12 04:59:59.999,108987.73118,1273,65276.4,39698.19904
2025-06-12 05:00:00,0.6094,0.6108,0.6057,0.6097,216802.4,2025-06-12 05:59:59.999,132012.04122,1330,82399.3,50204.30777
2025-06-12 06:00:00,0.6097,0.6097,0.6035,0.604,178610.6,2025-06-12 06:59:59.999,108218.24222,1395,80238.6,48582.13716
2025-06-12 07:00:00,0.6039,0.6077,0.6031,0.6052,425159.3,2025-06-12 07:59:59.999,257254.5515,1648,176083.7,106518.71224
2025-06-12 08:00:00,0.6047,0.6053,0.6011,0.6035,294184.1,2025-06-12 08:59:59.999,177504.21187,1360,128206.9,77365.73194
2025-06-12 09:00:00,0.6037,0.607,0.6026,0.6044,247408.5,2025-06-12 09:59:59.999,149477.88948,863,153118.7,92509.56415
2025-06-12 10:00:00,0.6039,0.6041,0.5981,0.6008,197365.1,2025-06-12 10:59:59.999,118433.31258,969,92711.1,55653.89585
2025-06-12 11:00:00,0.6006,0.6011,0.5948,0.5958,253185.6,2025-06-12 11:59:59.999,151309.39351,935,148060.8,88459.50886
2025-06-12 12:00:00,0.5957,0.6049,0.5955,0.6027,202345.9,2025-06-12 12:59:59.999,121575.8649,1037,97951.7,58815.39093
2025-06-12 13:00:00,0.6025,0.6064,0.6015,0.6041,298498.8,2025-06-12 13:59:59.999,180339.34992,1249,137093.2,82824.98149
2025-06-12 14:00:00,0.6048,0.609,0.6047,0.6069,158202.6,2025-06-12 14:59:59.999,95996.36809,719,79037.0,47935.58082
2025-06-12 15:00:00,0.6072,0.6089,0.5969,0.5978,265756.9,2025-06-12 15:59:59.999,160149.76437,1405,136848.2,82525.90227
2025-06-12 16:00:00,0.5974,0.6063,0.5972,0.6063,230945.7,2025-06-12 16:59:59.999,139131.01107,1377,136932.6,82454.99077
2025-06-12 17:00:00,0.6065,0.6116,0.6062,0.6088,259568.5,2025-06-12 17:59:59.999,158237.26685,1035,102428.4,62417.55802
2025-06-12 18:00:00,0.6087,0.6087,0.5997,0.6034,263802.4,2025-06-12 18:59:59.999,159339.78253,1254,139590.3,84189.23052
2025-06-12 19:00:00,0.6034,0.6047,0.5929,0.595,323104.1,2025-06-12 19:59:59.999,193966.55579,1218,137109.3,82240.69358
2025-06-12 20:00:00,0.5942,0.597,0.587,0.5898,635207.3,2025-06-12 20:59:59.999,376319.48345,2895,321164.5,190150.95848
2025-06-12 21:00:00,0.5891,0.5964,0.5886,0.5916,359199.2,2025-06-12 21:59:59.999,212597.19881,1810,175196.3,103622.8785
2025-06-12 22:00:00,0.5915,0.5955,0.5896,0.59,491743.5,2025-06-12 22:59:59.999,291510.74628,2067,250724.4,148570.21709
2025-06-12 23:00:00,0.5898,0.5932,0.5876,0.5877,278025.1,2025-06-12 23:59:59.999,164264.2755,1359,138038.2,81550.99647
2025-06-13 00:00:00,0.5877,0.5878,0.5591,0.564,878269.1,2025-06-13 00:59:59.999,501693.18716,8530,453061.4,258580.7876
2025-06-13 01:00:00,0.5639,0.5641,0.5521,0.5565,505136.6,2025-06-13 01:59:59.999,281682.799,5876,231842.8,129225.40288
2025-06-13 02:00:00,0.5565,0.5574,0.5492,0.5537,389128.8,2025-06-13 02:59:59.999,215762.74299,3139,175680.8,97434.1811
2025-06-13 03:00:00,0.5537,0.565,0.5532,0.5627,326787.5,2025-06-13 03:59:59.999,182957.26313,2078,177746.5,99547.09196
2025-06-13 04:00:00,0.5625,0.5625,0.5561,0.5582,159964.7,2025-06-13 04:59:59.999,89354.00074,1568,76079.6,42475.93682
2025-06-13 05:00:00,0.5581,0.56,0.5548,0.5548,109488.3,2025-06-13 05:59:59.999,61094.92606,1351,38960.8,21739.10294
2025-06-13 06:00:00,0.5546,0.5558,0.5488,0.5557,187769.2,2025-06-13 06:59:59.999,103820.213,1804,106109.2,58688.77475
2025-06-13 07:00:00,0.5557,0.5573,0.5513,0.5538,144874.4,2025-06-13 07:59:59.999,80313.68315,2261,39082.1,21662.02284
2025-06-13 08:00:00,0.5539,0.5603,0.5512,0.553,122767.5,2025-06-13 08:59:59.999,68143.31374,1948,60170.4,33400.40808
2025-06-13 09:00:00,0.5529,0.5548,0.5501,0.5535,99277.3,2025-06-13 09:59:59.999,54819.74488,1643,53311.8,29435.48994
2025-06-13 10:00:00,0.5535,0.557,0.5504,0.5566,269860.1,2025-06-13 10:59:59.999,149487.32495,1840,124035.0,68711.35309
2025-06-13 11:00:00,0.5565,0.5586,0.5528,0.5581,50244.3,2025-06-13 11:59:59.999,27918.72111,1030,23742.8,13198.45602
2025-06-13 12:00:00,0.5582,0.5608,0.5541,0.5543,90051.6,2025-06-13 12:59:59.999,50215.36767,1168,33809.4,18856.52039
2025-06-13 13:00:00,0.5542,0.5591,0.5514,0.5549,84708.3,2025-06-13 13:59:59.999,46977.07496,1474,44625.6,24733.25915
2025-06-13 14:00:00,0.5552,0.5586,0.5507,0.5575,128895.9,2025-06-13 14:59:59.999,71530.24782,1866,55729.8,30921.68285
2025-06-13 15:00:00,0.5575,0.5646,0.5564,0.5617,130253.9,2025-06-13 15:59:59.999,73104.34992,1660,61997.2,34786.78852
2025-06-13 16:00:00,0.5619,0.5685,0.5601,0.5683,126901.7,2025-06-13 16:59:59.999,71743.6832,1269,56145.2,31759.5831
2025-06-13 17:00:00,0.5682,0.5692,0.5616,0.5666,171858.4,2025-06-13 17:59:59.999,97235.92476,1685,82924.4,46928.97966
2025-06-13 18:00:00,0.5666,0.5671,0.5576,0.5599,100003.3,2025-06-13 18:59:59.999,56143.50534,1477,44169.4,24806.19272
2025-06-13 19:00:00,0.5599,0.5634,0.5585,0.5616,42907.9,2025-06-13 19:59:59.999,24062.79123,987,17416.1,9771.50576
2025-06-13 20:00:00,0.5619,0.568,0.5599,0.5653,94338.6,2025-06-13 20:59:59.999,53255.84808,1156,36416.4,20558.12228
2025-06-13 21:00:00,0.5653,0.5682,0.563,0.566,66232.1,2025-06-13 21:59:59.999,37465.85778,565,17073.9,9656.59223
2025-06-13 22:00:00,0.566,0.5695,0.566,0.5679,75155.7,2025-06-13 22:59:59.999,42670.40211,854,22790.8,12938.98203
2025-06-13 23:00:00,0.5679,0.5717,0.5674,0.5714,67670.3,2025-06-13 23:59:59.999,38538.04171,850,45768.2,26059.37092
2025-06-14 00:00:00,0.5714,0.5717,0.5677,0.5677,108998.6,2025-06-14 00:59:59.999,62054.48672,1029,52448.6,29858.57816
2025-06-14 01:00:00,0.5673,0.5673,0.5646,0.5651,47019.5,2025-06-14 01:59:59.999,26608.94305,505,25266.7,14298.09584
2025-06-14 02:00:00,0.565,0.5689,0.5647,0.5678,39576.3,2025-06-14 02:59:59.999,22465.10479,416,23988.5,13614.44335
2025-06-14 03:00:00,0.5678,0.569,0.5659,0.5661,25077.4,2025-06-14 03:59:59.999,14242.34668,329,9256.8,5258.42118
2025-06-14 04:00:00,0.566,0.5686,0.5653,0.5673,39844.9,2025-06-14 04:59:59.999,22580.59068,459,18985.9,10763.89267
2025-06-14 05:00:00,0.5673,0.569,0.5657,0.5681,40582.5,2025-06-14 05:59:59.999,23030.7131,401,18759.8,10647.15785
2025-06-14 06:00:00,0.5681,0.5694,0.5655,0.5663,64220.7,2025-06-14 06:59:59.999,36435.39242,577,28207.6,15999.84708
2025-06-14 07:00:00,0.5662,0.569,0.5629,0.568,55850.3,2025-06-14 07:59:59.999,31606.78851,535,32728.2,18516.14478
2025-06-14 08:00:00,0.5679,0.5681,0.5632,0.5653,50151.6,2025-06-14 08:59:59.999,28366.01713,479,20191.2,11415.08706
2025-06-14 09:00:00,0.5652,0.5657,0.5633,0.5633,24146.2,2025-06-14 09:59:59.999,13631.50459,373,11866.4,6699.52445
2025-06-14 10:00:00,0.5634,0.5668,0.5633,0.5658,59988.7,2025-06-14 10:59:59.999,33862.56158,418,47174.8,26625.61333
2025-06-14 11:00:00,0.5659,0.5695,0.5656,0.5693,55643.9,2025-06-14 11:59:59.999,31605.97268,469,33996.9,19303.35143
2025-06-14 12:00:00,0.5694,0.5706,0.5672,0.5703,40986.2,2025-06-14 12:59:59.999,23322.6435,425,15919.0,9054.7635
2025-06-14 13:00:00,0.5702,0.574,0.5682,0.5697,198084.6,2025-06-14 13:59:59.999,113170.19409,1471,84641.8,48342.51851
2025-06-14 14:00:00,0.5698,0.5703,0.5662,0.5664,55661.5,2025-06-14 14:59:59.999,31629.02676,589,28383.2,16128.13969
2025-06-14 15:00:00,0.5664,0.5677,0.5606,0.5626,111851.1,2025-06-14 15:59:59.999,62947.99673,1108,44210.0,24881.78134
2025-06-14 16:00:00,0.5625,0.5635,0.5528,0.5536,168448.5,2025-06-14 16:59:59.999,93841.3097,1650,77007.6,42842.76508
2025-06-14 17:00:00,0.5535,0.5599,0.5533,0.5585,76201.2,2025-06-14 17:59:59.999,42494.35096,968,27395.6,15294.63913
2025-06-14 18:00:00,0.5586,0.5611,0.5522,0.556,95397.5,2025-06-14 18:59:59.999,53096.85282,1258,47484.4,26452.68835
2025-06-14 19:00:00,0.556,0.5602,0.5547,0.5563,52907.4,2025-06-14 19:59:59.999,29501.45377,1094,20161.1,11245.61151
2025-06-14 20:00:00,0.5563,0.5587,0.5527,0.5578,65564.1,2025-06-14 20:59:59.999,36411.3463,901,30479.0,16917.1265
2025-06-14 21:00:00,0.5579,0.5627,0.5574,0.5613,143166.2,2025-06-14 21:59:59.999,80307.45031,810,107716.7,60430.20911
2025-06-14 22:00:00,0.5614,0.5624,0.5597,0.5605,39149.0,2025-06-14 22:59:59.999,21963.26648,313,9890.1,5551.1261
2025-06-14 23:00:00,0.5604,0.5612,0.5597,0.5597,31568.9,2025-06-14 23:59:59.999,17700.19345,243,9122.9,5113.32528
2025-06-15 00:00:00,0.5597,0.561,0.5586,0.5608,33448.5,2025-06-15 00:59:59.999,18722.52529,318,12897.5,7220.52728
2025-06-15 01:00:00,0.561,0.561,0.5571,0.5574,26335.4,2025-06-15 01:59:59.999,14714.26639,256,9542.1,5332.2032
2025-06-15 02:00:00,0.5575,0.5594,0.5573,0.5576,22113.3,2025-06-15 02:59:59.999,12348.93293,215,7215.2,4028.10019
2025-06-15 03:00:00,0.5576,0.5581,0.5567,0.557,22154.0,2025-06-15 03:59:59.999,12349.66577,223,10303.2,5744.87478
2025-06-15 04:00:00,0.5571,0.5599,0.5571,0.5595,21307.2,2025-06-15 04:59:59.999,11907.51174,201,10975.0,6132.69887
2025-06-15 05:00:00,0.5595,0.5625,0.5575,0.5623,24907.9,2025-06-15 05:59:59.999,13949.37422,254,13409.3,7509.85239
2025-06-15 06:00:00,0.5624,0.563,0.5577,0.5577,30825.0,2025-06-15 06:59:59.999,17284.98378,269,10728.9,6018.27952
2025-06-15 07:00:00,0.5575,0.5575,0.5531,0.5572,98569.1,2025-06-15 07:59:59.999,54759.97602,578,45506.9,25286.28225
2025-06-15 08:00:00,0.5573,0.5576,0.5556,0.5574,33330.0,2025-06-15 08:59:59.999,18551.54942,335,10584.4,5892.33567
2025-06-15 09:00:00,0.5572,0.5572,0.5548,0.5556,28678.5,2025-06-15 09:59:59.999,15941.28375,280,18938.4,10525.94154
2025-06-15 10:00:00,0.5557,0.5579,0.5554,0.5574,28319.3,2025-06-15 10:59:59.999,15759.21684,290,6187.7,3445.77302
2025-06-15 11:00:00,0.5574,0.558,0.5544,0.5564,30983.7,2025-06-15 11:59:59.999,17221.09208,337,14931.9,8294.00326
2025-06-15 12:00:00,0.5565,0.5598,0.5559,0.5595,40517.2,2025-06-15 12:59:59.999,22588.61981,382,18505.6,10320.94593
2025-06-15 13:00:00,0.5595,0.561,0.5576,0.5602,47809.1,2025-06-15 13:59:59.999,26749.0116,467,36709.7,20538.631
2025-06-15 14:00:00,0.5603,0.5638,0.5551,0.5617,85861.3,2025-06-15 14:59:59.999,47987.55237,786,49250.1,27515.38222
2025-06-15 15:00:00,0.5621,0.5624,0.5577,0.558,58137.5,2025-06-15 15:59:59.999,32579.91865,638,23794.1,13334.69986
2025-06-15 16:00:00,0.5582,0.56,0.5562,0.5589,45123.5,2025-06-15 16:59:59.999,25173.46364,374,35069.4,19559.81786
2025-06-15 17:00:00,0.5588,0.5595,0.5558,0.5579,37813.2,2025-06-15 17:59:59.999,21092.43967,431,18308.2,10213.60179
2025-06-15 18:00:00,0.5579,0.5579,0.5545,0.556,30581.1,2025-06-15 18:59:59.999,16995.74956,310,18829.6,10462.65386
2025-06-15 19:00:00,0.556,0.5577,0.5526,0.5541,77985.2,2025-06-15 19:59:59.999,43283.35832,642,46279.5,25693.78083
2025-06-15 20:00:00,0.5541,0.5545,0.5482,0.5502,120028.5,2025-06-15 20:59:59.999,66078.8345,1051,70266.6,38685.02643
2025-06-15 21:00:00,0.5501,0.5523,0.547,0.5523,86020.9,2025-06-15 21:59:59.999,47284.18227,543,40545.2,22294.84928
2025-06-15 22:00:00,0.5521,0.5599,0.5521,0.5583,99651.1,2025-06-15 22:59:59.999,55521.638,677,46541.3,25944.72711
2025-06-15 23:00:00,0.5584,0.5613,0.5582,0.5613,31550.2,2025-06-15 23:59:59.999,17663.3538,225,9340.0,5229.90233
2025-06-16 00:00:00,0.5614,0.5618,0.5562,0.5581,101653.7,2025-06-16 00:59:59.999,56817.1747,961,50530.0,28233.13663
2025-06-16 01:00:00,0.5582,0.5616,0.5535,0.5614,149071.2,2025-06-16 01:59:59.999,83096.47921,1443,81808.6,45606.43202
2025-06-16 02:00:00,0.5613,0.5675,0.5613,0.5641,445132.8,2025-06-16 02:59:59.999,251341.05613,2354,181208.9,102278.42109
2025-06-16 03:00:00,0.5641,0.5644,0.5588,0.5591,205402.9,2025-06-16 03:59:59.999,115349.89222,1205,115323.2,64760.80612
2025-06-16 04:00:00,0.5591,0.5648,0.5589,0.5618,122121.8,2025-06-16 04:59:59.999,68586.14395,841,78679.2,44197.06758
2025-06-16 05:00:00,0.562,0.5681,0.5618,0.5663,63110.5,2025-06-16 05:59:59.999,35692.88716,470,34099.9,19289.26435
2025-06-16 06:00:00,0.5664,0.5687,0.5663,0.5676,53453.4,2025-06-16 06:59:59.999,30321.34331,359,17450.2,9893.027
2025-06-16 07:00:00,0.5675,0.5724,0.5675,0.5719,64452.1,2025-06-16 07:59:59.999,36744.25378,422,29884.0,17036.97673
2025-06-16 08:00:00,0.5722,0.5733,0.5698,0.5725,74962.1,2025-06-16 08:59:59.999,42847.92197,433,31383.9,17934.36624
2025-06-16 09:00:00,0.5722,0.5748,0.5719,0.573,65310.9,2025-06-16 09:59:59.999,37442.43096,420,31455.2,18030.8657
2025-06-16 10:00:00,0.573,0.5743,0.5687,0.5705,54950.6,2025-06-16 10:59:59.999,31460.18677,265,36020.1,20630.44177
2025-06-16 11:00:00,0.5704,0.5722,0.5676,0.5709,42837.7,2025-06-16 11:59:59.999,24409.9697,327,29013.4,16527.36674
2025-06-16 12:00:00,0.5712,0.5721,0.5677,0.5709,42061.0,2025-06-16 12:59:59.999,23969.28681,337,22767.5,12972.54369
2025-06-16 13:00:00,0.5711,0.5761,0.5706,0.5759,60301.9,2025-06-16 13:59:59.999,34567.16461,517,24452.5,14020.00397
2025-06-16 14:00:00,0.5761,0.5806,0.5746,0.5769,152361.2,2025-06-16 14:59:59.999,88154.95693,844,55941.1,32337.43843
2025-06-16 15:00:00,0.5775,0.5803,0.576,0.5779,92222.9,2025-06-16 15:59:59.999,53341.13751,586,51963.8,30060.38672
2025-06-16 16:00:00,0.578,0.5826,0.5769,0.5798,60906.4,2025-06-16 16:59:59.999,35336.26301,377,36581.3,21228.21119
2025-06-16 17:00:00,0.5795,0.581,0.578,0.5791,32770.0,2025-06-16 17:59:59.999,18994.48608,230,12343.7,7157.08044
2025-06-16 18:00:00,0.5789,0.5809,0.5775,0.5804,69732.2,2025-06-16 18:59:59.999,40379.17061,408,26043.2,15082.70107
2025-06-16 19:00:00,0.5805,0.5816,0.5781,0.5799,47948.9,2025-06-16 19:59:59.999,27799.62128,369,26853.2,15569.77623
2025-06-16 20:00:00,0.5798,0.5825,0.5781,0.5811,55228.2,2025-06-16 20:59:59.999,32052.50415,428,31877.1,18502.65295
2025-06-16 21:00:00,0.5814,0.5822,0.5787,0.5807,42236.8,2025-06-16 21:59:59.999,24530.1012,255,13983.4,8124.63285
2025-06-16 22:00:00,0.5807,0.5819,0.5627,0.5681,485259.8,2025-06-16 22:59:59.999,275853.56083,1777,266198.7,151367.56014
2025-06-16 23:00:00,0.5682,0.5723,0.5611,0.5628,218300.1,2025-06-16 23:59:59.999,123440.905,1179,127132.8,71833.66554
2025-06-17 00:00:00,0.5628,0.5677,0.5534,0.5676,223419.5,2025-06-17 00:59:59.999,125137.68353,1204,111730.6,62590.12088
2025-06-17 01:00:00,0.5676,0.5683,0.563,0.563,83782.9,2025-06-17 01:59:59.999,47428.02995,461,26502.7,15001.04879
2025-06-17 02:00:00,0.5635,0.5671,0.5603,0.5665,48937.1,2025-06-17 02:59:59.999,27540.45023,341,23197.8,13041.28137
2025-06-17 03:00:00,0.5665,0.568,0.5653,0.567,55484.2,2025-06-17 03:59:59.999,31442.53793,541,9647.0,5465.94268
2025-06-17 04:00:00,0.5675,0.5691,0.5649,0.566,72785.3,2025-06-17 04:59:59.999,41271.32533,716,39586.5,22445.01687
2025-06-17 05:00:00,0.5658,0.566,0.562,0.5631,80857.8,2025-06-17 05:59:59.999,45675.29446,491,32162.9,18159.58654
2025-06-17 06:00:00,0.5631,0.5645,0.5602,0.5617,22320.1,2025-06-17 06:59:59.999,12537.88609,214,10310.5,5792.24
2025-06-17 07:00:00,0.5614,0.5627,0.5602,0.5604,28819.8,2025-06-17 07:59:59.999,16170.03094,155,14654.0,8223.6188
2025-06-17 08:00:00,0.5604,0.5604,0.5549,0.5552,96219.1,2025-06-17 08:59:59.999,53670.28396,577,51025.1,28454.74386
2025-06-17 09:00:00,0.5556,0.5572,0.5532,0.5554,52877.8,2025-06-17 09:59:59.999,29349.01808,331,24290.7,13476.11301
2025-06-17 10:00:00,0.5553,0.5565,0.5518,0.5555,56831.0,2025-06-17 10:59:59.999,31473.16132,296,23443.3,12995.50333
2025-06-17 11:00:00,0.5552,0.5555,0.5516,0.5531,29798.7,2025-06-17 11:59:59.999,16479.80762,163,11830.8,6539.32911
2025-06-17 12:00:00,0.5524,0.5549,0.5517,0.5526,22887.9,2025-06-17 12:59:59.999,12658.5274,157,8985.5,4973.05916
2025-06-17 13:00:00,0.5528,0.5559,0.5517,0.5534,57475.6,2025-06-17 13:59:59.999,31816.63855,300,30521.4,16906.93605
2025-06-17 14:00:00,0.5536,0.5579,0.5493,0.5497,79827.0,2025-06-17 14:59:59.999,44227.40445,446,34068.1,18882.03586
2025-06-17 15:00:00,0.5496,0.5497,0.5422,0.5426,210540.1,2025-06-17 15:59:59.999,114839.30309,1021,115886.0,63166.60083
2025-06-17 16:00:00,0.5425,0.5427,0.5333,0.5335,218294.4,2025-06-17 16:59:59.999,117624.80078,1051,89667.7,48355.61558
2025-06-17 17:00:00,0.5333,0.5394,0.5324,0.5363,124977.8,2025-06-17 17:59:59.999,66978.65875,712,58009.1,31106.69917
2025-06-17 18:00:00,0.5355,0.5424,0.5347,0.5424,54426.7,2025-06-17 18:59:59.999,29268.38351,337,25730.9,13813.71693
2025-06-17 19:00:00,0.5425,0.5497,0.5421,0.5459,148315.2,2025-06-17 19:59:59.999,81061.869,616,93630.2,51146.52191
2025-06-17 20:00:00,0.5458,0.547,0.5421,0.5422,56598.0,2025-06-17 20:59:59.999,30837.20509,319,25351.1,13800.23752
2025-06-17 21:00:00,0.5421,0.5437,0.5379,0.5398,92577.2,2025-06-17 21:59:59.999,50053.14812,484,42721.5,23087.9178
2025-06-17 22:00:00,0.5397,0.54,0.535,0.5353,63832.2,2025-06-17 22:59:59.999,34325.86289,412,31742.7,17085.86754
2025-06-17 23:00:00,0.5354,0.5411,0.5354,0.5395,40264.7,2025-06-17 23:59:59.999,21684.99178,280,26000.4,14007.57549
2025-06-18 00:00:00,0.54,0.5432,0.5379,0.5427,46400.9,2025-06-18 00:59:59.999,25122.43677,298,26070.4,14117.3027
2025-06-18 01:00:00,0.5428,0.5454,0.5408,0.5411,36251.5,2025-06-18 01:59:59.999,19699.67234,237,14776.1,8034.06071
2025-06-18 02:00:00,0.5411,0.542,0.5386,0.5386,57869.2,2025-06-18 02:59:59.999,31270.51914,642,33657.9,18195.47558
2025-06-18 03:00:00,0.5386,0.5419,0.5384,0.5412,41208.4,2025-06-18 03:59:59.999,22251.80874,538,26282.7,14194.68611
2025-06-18 04:00:00,0.5412,0.546,0.5406,0.5453,62102.2,2025-06-18 04:59:59.999,33683.55595,456,32469.8,17615.72569
2025-06-18 05:00:00,0.5454,0.5458,0.5441,0.5441,28126.2,2025-06-18 05:59:59.999,15331.54062,167,11648.4,6350.65502
2025-06-18 06:00:00,0.5441,0.5445,0.5409,0.5425,41009.4,2025-06-18 06:59:59.999,22256.2743,213,21254.0,11523.55221
2025-06-18 07:00:00,0.5423,0.5425,0.5402,0.5419,43748.8,2025-06-18 07:59:59.999,23667.30528,268,16532.5,8945.39231
2025-06-18 08:00:00,0.5423,0.5446,0.5384,0.5401,136628.5,2025-06-18 08:59:59.999,73906.37329,820,63973.9,34597.48319
2025-06-18 09:00:00,0.5402,0.5429,0.535,0.5357,154708.3,2025-06-18 09:59:59.999,83350.51035,787,74060.1,39915.04964
2025-06-18 10:00:00,0.5358,0.5358,0.5274,0.5281,433616.3,2025-06-18 10:59:59.999,231210.736,1402,171417.5,91348.58539
2025-06-18 11:00:00,0.528,0.5317,0.5263,0.5312,35176.8,2025-06-18 11:59:59.999,18601.62865,306,19173.7,10140.6208
2025-06-18 12:00:00,0.5312,0.5319,0.5275,0.5278,35733.3,2025-06-18 12:59:59.999,18921.82011,392,18912.9,10013.21134
2025-06-18 13:00:00,0.5281,0.5304,0.5214,0.53,224481.3,2025-06-18 13:59:59.999,117812.56393,1364,151197.2,79331.65851
2025-06-18 14:00:00,0.5301,0.5377,0.5287,0.5331,144170.9,2025-06-18 14:59:59.999,77079.12705,1168,54869.2,29325.22323
2025-06-18 15:00:00,0.533,0.5366,0.5307,0.5344,71191.1,2025-06-18 15:59:59.999,38039.79502,521,37585.4,20070.42288
2025-06-18 16:00:00,0.5341,0.5343,0.5296,0.5314,49207.9,2025-06-18 16:59:59.999,26161.77976,398,24122.0,12829.47745
2025-06-18 17:00:00,0.5311,0.5348,0.5282,0.5343,122616.4,2025-06-18 17:59:59.999,65038.11879,730,49401.4,26223.63611
2025-06-18 18:00:00,0.5343,0.5374,0.5267,0.5273,129302.2,2025-06-18 18:59:59.999,68921.82436,1058,62786.4,33485.79771
2025-06-18 19:00:00,0.5266,0.5333,0.5261,0.5282,187813.3,2025-06-18 19:59:59.999,99502.60108,1185,97745.0,51803.86855
2025-06-18 20:00:00,0.5281,0.5416,0.5265,0.5407,142579.4,2025-06-18 20:59:59.999,76178.57216,850,55252.3,29543.14213
2025-06-18 21:00:00,0.5409,0.5414,0.5376,0.5403,95676.2,2025-06-18 21:59:59.999,51664.26015,557,52438.4,28313.78379
2025-06-18 22:00:00,0.5397,0.5403,0.5371,0.5387,64810.1,2025-06-18 22:59:59.999,34937.46631,288,37245.5,20080.80762
2025-06-18 23:00:00,0.5386,0.5409,0.5346,0.537,48018.3,2025-06-18 23:59:59.999,25810.89684,296,20149.2,10837.86133
2025-06-19 00:00:00,0.5371,0.5428,0.5361,0.5373,89542.7,2025-06-19 00:59:59.999,48284.7655,456,61183.8,32989.98948
2025-06-19 01:00:00,0.5374,0.5382,0.5341,0.5349,65086.0,2025-06-19 01:59:59.999,34856.45058,340,40461.0,21670.22428
2025-06-19 02:00:00,0.5349,0.5373,0.5336,0.5346,33421.8,2025-06-19 02:59:59.999,17885.22178,196,23193.5,12412.35492
2025-06-19 03:00:00,0.5346,0.5382,0.5345,0.5377,74436.6,2025-06-19 03:59:59.999,39919.92278,260,45586.5,24456.98651
2025-06-19 04:00:00,0.5374,0.5375,0.5345,0.5374,51816.0,2025-06-19 04:59:59.999,27788.64523,254,12726.7,6825.51811
2025-06-19 05:00:00,0.5372,0.5392,0.5347,0.5348,49627.4,2025-06-19 05:59:59.999,26690.39508,237,28720.7,15456.24753
2025-06-19 06:00:00,0.535,0.5361,0.5326,0.5334,30249.7,2025-06-19 06:59:59.999,16145.40587,197,12886.3,6878.52697
2025-06-19 07:00:00,0.5336,0.5358,0.5332,0.5332,46749.9,2025-06-19 07:59:59.999,25005.43217,233,32777.3,17532.57005
2025-06-19 08:00:00,0.5334,0.5353,0.5328,0.5328,60576.0,2025-06-19 08:59:59.999,32359.98571,322,36762.1,19637.03492
2025-06-19 09:00:00,0.5325,0.5368,0.5323,0.5353,68178.1,2025-06-19 09:59:59.999,36446.1641,334,43098.5,23048.24849
2025-06-19 10:00:00,0.5355,0.5357,0.5333,0.534,46204.4,2025-06-19 10:59:59.999,24705.57324,287,21858.0,11687.34596
2025-06-19 11:00:00,0.5339,0.5342,0.5309,0.5319,64581.6,2025-06-19 11:59:59.999,34399.77488,271,37874.6,20175.87486
2025-06-19 12:00:00,0.5317,0.5333,0.5298,0.5315,337984.8,2025-06-19 12:59:59.999,179638.52585,1016,210318.3,111808.48582
2025-06-19 13:00:00,0.5318,0.533,0.5282,0.5289,97658.4,2025-06-19 13:59:59.999,51722.48139,329,74691.0,39543.41198
2025-06-19 14:00:00,0.5287,0.5311,0.5256,0.5263,72135.7,2025-06-19 14:59:59.999,38090.26364,380,29291.3,15473.90019
2025-06-19 15:00:00,0.5263,0.5294,0.5263,0.5275,74566.8,2025-06-19 15:59:59.999,39349.91668,450,55237.3,29142.53169
2025-06-19 16:00:00,0.5278,0.53,0.5248,0.5251,98317.2,2025-06-19 16:59:59.999,51872.80373,446,45202.3,23866.14018
2025-06-19 17:00:00,0.5255,0.5339,0.5247,0.5318,85765.6,2025-06-19 17:59:59.999,45474.12016,407,61333.1,32498.96925
2025-06-19 18:00:00,0.5317,0.5352,0.5302,0.5322,78384.8,2025-06-19 18:59:59.999,41756.52706,323,34253.9,18245.73004
2025-06-19 19:00:00,0.5323,0.5341,0.531,0.5315,57130.6,2025-06-19 19:59:59.999,30413.3675,238,31831.8,16943.00199
2025-06-19 20:00:00,0.5313,0.5326,0.5292,0.5301,117265.0,2025-06-19 20:59:59.999,62294.24753,471,51151.3,27183.74127
2025-06-19 21:00:00,0.5302,0.5319,0.5296,0.5306,98639.1,2025-06-19 21:59:59.999,52335.4544,351,55299.6,29340.19763
2025-06-19 22:00:00,0.5306,0.5338,0.5306,0.5322,91589.6,2025-06-19 22:59:59.999,48760.65675,511,45116.9,24024.24858
2025-06-19 23:00:00,0.5321,0.5331,0.531,0.5324,25232.5,2025-06-19 23:59:59.999,13433.0682,225,15060.3,8016.64794
2025-06-20 00:00:00,0.5325,0.535,0.5324,0.5337,64344.9,2025-06-20 00:59:59.999,34350.76341,341,20540.3,10963.52487
2025-06-20 01:00:00,0.5333,0.5335,0.5308,0.5332,52754.5,2025-06-20 01:59:59.999,28067.76435,287,22453.1,11945.4575
2025-06-20 02:00:00,0.5332,0.5333,0.5306,0.5314,40310.0,2025-06-20 02:59:59.999,21439.62834,201,21339.4,11347.93735
2025-06-20 03:00:00,0.5312,0.5316,0.5297,0.5311,33834.9,2025-06-20 03:59:59.999,17948.59717,244,16845.1,8936.95183
2025-06-20 04:00:00,0.531,0.5318,0.5263,0.5265,107348.2,2025-06-20 04:59:59.999,56799.6255,707,69434.6,36751.87408
2025-06-20 05:00:00,0.5265,0.5291,0.5251,0.5287,82985.7,2025-06-20 05:59:59.999,43738.92818,421,47292.6,24916.04735
2025-06-20 06:00:00,0.5287,0.5291,0.5275,0.5288,63424.8,2025-06-20 06:59:59.999,33499.15033,311,29189.5,15420.8026
2025-06-20 07:00:00,0.5287,0.5357,0.5285,0.5351,138552.9,2025-06-20 07:59:59.999,73896.8845,640,76795.3,40956.15832
2025-06-20 08:00:00,0.5355,0.5388,0.5344,0.5368,177844.1,2025-06-20 08:59:59.999,95534.52458,682,97226.4,52212.66813
2025-06-20 09:00:00,0.5365,0.5376,0.5352,0.5361,61688.6,2025-06-20 09:59:59.999,33079.37231,278,24808.1,13304.53788
2025-06-20 10:00:00,0.5362,0.5376,0.535,0.5362,70301.4,2025-06-20 10:59:59.999,37688.24909,318,24928.9,13359.44007
2025-06-20 11:00:00,0.5363,0.538,0.5352,0.5371,56956.6,2025-06-20 11:59:59.999,30548.92306,299,33576.7,18011.6859
2025-06-20 12:00:00,0.537,0.5379,0.5361,0.5363,38725.8,2025-06-20 12:59:59.999,20789.86527,205,18505.9,9934.06314
2025-06-20 13:00:00,0.5365,0.5375,0.5315,0.5338,101561.4,2025-06-20 13:59:59.999,54277.87287,486,36080.1,19263.55371
2025-06-20 14:00:00,0.5337,0.5352,0.5228,0.5234,204079.5,2025-06-20 14:59:59.999,108129.84938,926,100311.8,53094.59429
2025-06-20 15:00:00,0.5232,0.5271,0.522,0.523,192586.9,2025-06-20 15:59:59.999,101009.2336,828,82295.0,43164.90633
2025-06-20 16:00:00,0.5232,0.5271,0.5163,0.5165,547254.5,2025-06-20 16:59:59.999,285296.05528,2042,261117.5,136095.00927
2025-06-20 17:00:00,0.5166,0.5175,0.5049,0.5157,399946.8,2025-06-20 17:59:59.999,204137.98419,1984,212459.0,108544.05125
2025-06-20 18:00:00,0.5153,0.5188,0.5143,0.5179,83672.0,2025-06-20 18:59:59.999,43243.70043,504,37856.7,19556.42007
2025-06-20 19:00:00,0.5178,0.5183,0.515,0.5178,77733.4,2025-06-20 19:59:59.999,40156.1039,325,24874.2,12853.04997
2025-06-20 20:00:00,0.5176,0.5219,0.5173,0.519,62528.7,2025-06-20 20:59:59.999,32529.7713,371,27310.6,14207.44711
2025-06-20 21:00:00,0.5192,0.5192,0.5156,0.5161,44497.2,2025-06-20 21:59:59.999,23010.64915,270,26852.1,13883.20745
2025-06-20 22:00:00,0.5159,0.5159,0.5097,0.5127,137714.8,2025-06-20 22:59:59.999,70465.88628,569,45882.7,23496.9043
2025-06-20 23:00:00,0.5128,0.5168,0.5122,0.5168,83965.9,2025-06-20 23:59:59.999,43203.61322,430,62793.7,32316.58351
2025-06-21 00:00:00,0.5168,0.5185,0.515,0.5171,47644.3,2025-06-21 00:59:59.999,24619.39904,280,27601.8,14261.43779
2025-06-21 01:00:00,0.5173,0.5206,0.5173,0.5197,54133.4,2025-06-21 01:59:59.999,28133.78107,236,32574.8,16927.10006
2025-06-21 02:00:00,0.5197,0.5213,0.5196,0.5206,33206.5,2025-06-21 02:59:59.999,17282.46036,166,17134.7,8917.52039
2025-06-21 03:00:00,0.5207,0.523,0.5207,0.5223,26836.7,2025-06-21 03:59:59.999,14004.89589,140,13446.2,7015.71162
2025-06-21 04:00:00,0.5224,0.5226,0.5215,0.5221,25513.2,2025-06-21 04:59:59.999,13322.93835,111,11092.8,5792.1472
2025-06-21 05:00:00,0.5225,0.5246,0.5223,0.5242,16375.0,2025-06-21 05:59:59.999,8569.76404,95,8755.8,4582.11709
2025-06-21 06:00:00,0.5244,0.5244,0.523,0.5238,19989.0,2025-06-21 06:59:59.999,10469.49697,77,6945.6,3636.60701
2025-06-21 07:00:00,0.524,0.5254,0.5224,0.5245,38199.0,2025-06-21 07:59:59.999,20022.97625,173,17456.0,9151.6693
2025-06-21 08:00:00,0.5248,0.5252,0.5221,0.5247,48831.5,2025-06-21 08:59:59.999,25571.99811,225,21878.9,11457.91833
2025-06-21 09:00:00,0.5246,0.5246,0.5227,0.5231,31344.9,2025-06-21 09:59:59.999,16408.52842,186,17821.8,9329.73074
2025-06-21 10:00:00,0.5234,0.5241,0.52,0.521,60799.0,2025-06-21 10:59:59.999,31738.26345,279,27155.4,14176.65964
2025-06-21 11:00:00,0.5204,0.5217,0.5198,0.5204,52430.3,2025-06-21 11:59:59.999,27294.59231,305,16271.6,8468.39241
2025-06-21 12:00:00,0.5205,0.5213,0.5166,0.5169,32984.7,2025-06-21 12:59:59.999,17129.61946,235,15625.3,8112.52717
2025-06-21 13:00:00,0.5168,0.5182,0.5122,0.5126,60530.6,2025-06-21 13:59:59.999,31187.18989,413,34653.5,17862.04319
2025-06-21 14:00:00,0.5126,0.5155,0.5112,0.5145,124256.2,2025-06-21 14:59:59.999,63754.51976,587,73817.1,37879.6725
2025-06-21 15:00:00,0.5146,0.5164,0.5109,0.5141,126688.4,2025-06-21 15:59:59.999,65093.93199,610,59768.0,30721.33061
2025-06-21 16:00:00,0.514,0.5158,0.5121,0.5127,53722.2,2025-06-21 16:59:59.999,27595.49048,295,19959.2,10260.69709
2025-06-21 17:00:00,0.5124,0.5142,0.5066,0.5082,136568.4,2025-06-21 17:59:59.999,69584.36914,717,72342.8,36848.73931
2025-06-21 18:00:00,0.5082,0.5103,0.5054,0.5067,82896.9,2025-06-21 18:59:59.999,42077.31122,612,54042.3,27443.76077
2025-06-21 19:00:00,0.5067,0.5072,0.5034,0.504,110114.5,2025-06-21 19:59:59.999,55684.12134,693,69814.7,35314.25912
2025-06-21 20:00:00,0.504,0.5087,0.5034,0.5077,78706.4,2025-06-21 20:59:59.999,39855.06546,490,53605.1,27140.60312
2025-06-21 21:00:00,0.508,0.5082,0.491,0.4988,402655.4,2025-06-21 21:59:59.999,200572.86882,1887,217647.0,108308.65137
2025-06-21 22:00:00,0.4988,0.5031,0.4981,0.5026,99504.1,2025-06-21 22:59:59.999,49863.31122,568,60186.4,30159.85622
2025-06-21 23:00:00,0.5027,0.5061,0.4954,0.5055,508775.0,2025-06-21 23:59:59.999,254774.91381,1807,304714.4,152667.38133
2025-06-22 00:00:00,0.5057,0.509,0.501,0.5063,290861.3,2025-06-22 00:59:59.999,147063.45103,2210,171926.8,86954.40336
2025-06-22 01:00:00,0.5065,0.5071,0.4993,0.4994,230742.7,2025-06-22 01:59:59.999,116252.26675,2558,179473.8,90473.60123
2025-06-22 02:00:00,0.4994,0.5015,0.4939,0.4971,204777.8,2025-06-22 02:59:59.999,101778.99124,1124,120326.9,59812.31904
2025-06-22 03:00:00,0.497,0.4985,0.4937,0.4962,76198.8,2025-06-22 03:59:59.999,37800.77882,456,39578.8,19630.7555
2025-06-22 04:00:00,0.4962,0.5001,0.4947,0.4991,38083.1,2025-06-22 04:59:59.999,18975.34047,295,19046.5,9487.79059
2025-06-22 05:00:00,0.4994,0.5022,0.4985,0.5018,94652.9,2025-06-22 05:59:59.999,47324.78316,403,42399.2,21209.88241
2025-06-22 06:00:00,0.5018,0.5041,0.5006,0.5031,94668.6,2025-06-22 06:59:59.999,47614.08135,347,60119.5,30221.32465
2025-06-22 07:00:00,0.5034,0.5039,0.4981,0.4989,96653.3,2025-06-22 07:59:59.999,48397.79612,391,39228.9,19651.54098
2025-06-22 08:00:00,0.4993,0.4997,0.4967,0.4979,71325.0,2025-06-22 08:59:59.999,35522.2345,362,33977.7,16925.14102
2025-06-22 09:00:00,0.4978,0.4989,0.4923,0.4935,211944.8,2025-06-22 09:59:59.999,104847.31039,901,115388.0,57107.65015
2025-06-22 10:00:00,0.4934,0.4985,0.493,0.4973,115750.6,2025-06-22 10:59:59.999,57384.06794,536,70033.7,34725.70773
2025-06-22 11:00:00,0.4974,0.5015,0.4969,0.4985,40176.1,2025-06-22 11:59:59.999,20059.42864,284,22121.9,11046.80103
2025-06-22 12:00:00,0.4985,0.5008,0.4941,0.4995,95563.9,2025-06-22 12:59:59.999,47500.62023,487,54008.2,26832.0157
2025-06-22 13:00:00,0.4995,0.5004,0.4832,0.4885,457458.3,2025-06-22 13:59:59.999,223249.38548,2064,230058.7,112298.32826
2025-06-22 14:00:00,0.4884,0.4906,0.4806,0.4902,504281.6,2025-06-22 14:59:59.999,245073.84117,2191,191290.0,92957.93415
2025-06-22 15:00:00,0.4894,0.4927,0.4832,0.4839,446556.1,2025-06-22 15:59:59.999,218370.18434,1711,234700.4,114849.90288
2025-06-22 16:00:00,0.4842,0.4858,0.4812,0.485,219171.1,2025-06-22 16:59:59.999,106003.31888,940,126699.4,61327.44449
2025-06-22 17:00:00,0.4848,0.4901,0.4826,0.4884,130481.9,2025-06-22 17:59:59.999,63463.6016,638,64833.7,31537.25189
2025-06-22 18:00:00,0.4879,0.489,0.4837,0.4837,67994.7,2025-06-22 18:59:59.999,33070.1,367,36222.8,17612.51028
2025-06-22 19:00:00,0.484,0.4854,0.4821,0.4833,80968.4,2025-06-22 19:59:59.999,39154.67237,454,56512.0,27331.15011
2025-06-22 20:00:00,0.4834,0.4894,0.472,0.4874,384458.0,2025-06-22 20:59:59.999,184244.49238,1677,194025.5,93042.59705
2025-06-22 21:00:00,0.4873,0.4899,0.4823,0.4841,143278.9,2025-06-22 21:59:59.999,69738.18223,701,64638.2,31471.63757
2025-06-22 22:00:00,0.4846,0.4926,0.4838,0.4926,161053.5,2025-06-22 22:59:59.999,78627.08195,782,69633.5,33947.14425
2025-06-22 23:00:00,0.4926,0.4958,0.4915,0.4955,86116.8,2025-06-22 23:59:59.999,42501.82824,541,55431.5,27355.08251
2025-06-23 00:00:00,0.4955,0.4957,0.4919,0.4921,147237.2,2025-06-23 00:59:59.999,72748.70831,712,70855.9,35014.90905
2025-06-23 01:00:00,0.4922,0.4939,0.4896,0.4939,27266.9,2025-06-23 01:59:59.999,13392.80717,158,11641.8,5720.38429
2025-06-23 02:00:00,0.4939,0.4949,0.4934,0.4942,62087.6,2025-06-23 02:59:59.999,30677.95338,303,40691.2,20107.32066
2025-06-23 03:00:00,0.4941,0.4956,0.4931,0.4939,56972.5,2025-06-23 03:59:59.999,28170.59095,340,31303.9,15482.07606
2025-06-23 04:00:00,0.4939,0.4969,0.4934,0.496,59001.0,2025-06-23 04:59:59.999,29230.80893,274,25339.3,12552.89068
2025-06-23 05:00:00,0.4962,0.5009,0.4962,0.4999,95473.3,2025-06-23 05:59:59.999,47626.56875,571,54172.2,27025.92404
2025-06-23 06:00:00,0.4998,0.5006,0.4979,0.5006,58202.8,2025-06-23 06:59:59.999,29054.86091,384,23602.6,11777.40615
2025-06-23 07:00:00,0.5008,0.5029,0.4984,0.4999,131953.4,2025-06-23 07:59:59.999,65966.19787,539,41793.6,20918.98577
2025-06-23 08:00:00,0.4998,0.5008,0.4983,0.4995,58927.1,2025-06-23 08:59:59.999,29438.2065,346,33645.3,16806.60338
2025-06-23 09:00:00,0.4994,0.4994,0.4951,0.4974,140723.4,2025-06-23 09:59:59.999,69932.23414,703,59599.6,29597.03735
2025-06-23 10:00:00,0.4974,0.4977,0.4934,0.4939,202869.6,2025-06-23 10:59:59.999,100524.15069,787,63751.8,31585.9944
2025-06-23 11:00:00,0.494,0.4949,0.492,0.4943,112232.4,2025-06-23 11:59:59.999,55383.78655,450,57705.4,28474.97482
2025-06-23 12:00:00,0.4943,0.4983,0.4927,0.4983,115676.2,2025-06-23 12:59:59.999,57340.28755,585,54452.0,26972.02611
2025-06-23 13:00:00,0.4984,0.5055,0.4917,0.5045,347863.1,2025-06-23 13:59:59.999,173426.09952,1577,163415.4,81419.56483
2025-06-23 14:00:00,0.5057,0.5077,0.5011,0.5014,202141.1,2025-06-23 14:59:59.999,102002.46877,955,100938.1,50951.75335
2025-06-23 15:00:00,0.5014,0.5052,0.4981,0.4984,174450.4,2025-06-23 15:59:59.999,87541.32306,826,96329.0,48300.72959
2025-06-23 16:00:00,0.4985,0.4991,0.4884,0.4917,299670.7,2025-06-23 16:59:59.999,147772.27676,1219,176178.7,86891.01148
2025-06-23 17:00:00,0.4919,0.5068,0.4907,0.5056,299518.7,2025-06-23 17:59:59.999,150102.21542,1364,155975.8,78074.04152
2025-06-23 18:00:00,0.5055,0.5127,0.5055,0.5114,187690.7,2025-06-23 18:59:59.999,95838.84839,817,108197.8,55247.43925
2025-06-23 19:00:00,0.5115,0.5144,0.51,0.5129,132768.7,2025-06-23 19:59:59.999,67972.31346,581,73268.3,37507.47986
2025-06-23 20:00:00,0.5132,0.5214,0.5118,0.5199,203045.8,2025-06-23 20:59:59.999,105239.53228,892,120325.2,62396.33751
2025-06-23 21:00:00,0.5202,0.5233,0.519,0.5193,111745.7,2025-06-23 21:59:59.999,58235.14936,486,59263.8,30899.70802
2025-06-23 22:00:00,0.5194,0.534,0.5194,0.5332,367554.8,2025-06-23 22:59:59.999,194678.8578,1533,175259.0,92755.48525
2025-06-23 23:00:00,0.5333,0.5345,0.5315,0.5327,192891.4,2025-06-23 23:59:59.999,102785.62243,918,108683.5,57923.64739
2025-06-24 00:00:00,0.5328,0.5354,0.5322,0.5333,144905.2,2025-06-24 00:59:59.999,77349.40148,778,64803.3,34594.40192
2025-06-24 01:00:00,0.5334,0.5355,0.5329,0.5345,78988.1,2025-06-24 01:59:59.999,42171.16899,428,41402.8,22103.07971
2025-06-24 02:00:00,0.5344,0.5344,0.531,0.5323,59351.4,2025-06-24 02:59:59.999,31585.56701,446,21113.7,11238.07845
2025-06-24 03:00:00,0.5323,0.5335,0.5315,0.5322,56162.9,2025-06-24 03:59:59.999,29893.71117,329,20097.6,10699.16379
2025-06-24 04:00:00,0.5323,0.533,0.5312,0.5323,33001.4,2025-06-24 04:59:59.999,17554.55248,222,20093.0,10687.56923
2025-06-24 05:00:00,0.5323,0.5376,0.532,0.5375,138778.1,2025-06-24 05:59:59.999,74389.72409,497,83301.1,44644.4355
2025-06-24 06:00:00,0.5374,0.541,0.5373,0.5396,147620.2,2025-06-24 06:59:59.999,79591.51845,706,84596.0,45617.1469
2025-06-24 07:00:00,0.5391,0.5402,0.5332,0.5337,128413.9,2025-06-24 07:59:59.999,68929.45764,677,44767.7,24004.49351
2025-06-24 08:00:00,0.5341,0.5341,0.5299,0.5311,175486.5,2025-06-24 08:59:59.999,93323.48936,706,105233.0,55929.98118
2025-06-24 09:00:00,0.5312,0.5366,0.5307,0.5329,114606.3,2025-06-24 09:59:59.999,61199.81498,493,66713.9,35639.58261
2025-06-24 10:00:00,0.5331,0.536,0.5325,0.5339,144689.1,2025-06-24 10:59:59.999,77355.03877,528,53977.8,28833.32547
2025-06-24 11:00:00,0.5339,0.5343,0.5308,0.5329,91627.3,2025-06-24 11:59:59.999,48806.66309,432,33713.8,17959.30806
2025-06-24 12:00:00,0.5327,0.5351,0.5321,0.5336,46426.5,2025-06-24 12:59:59.999,24771.65167,283,28653.4,15287.63871
2025-06-24 13:00:00,0.5337,0.5358,0.531,0.533,239047.6,2025-06-24 13:59:59.999,127491.81856,1002,119887.5,63948.23892
2025-06-24 14:00:00,0.533,0.5359,0.5317,0.5346,594801.2,2025-06-24 14:59:59.999,317531.46198,2324,353100.1,188498.1131
2025-06-24 15:00:00,0.5346,0.5361,0.5284,0.5306,330673.3,2025-06-24 15:59:59.999,175875.32784,1332,212203.8,112873.0782
2025-06-24 16:00:00,0.5307,0.5381,0.5299,0.5381,413987.1,2025-06-24 16:59:59.999,221276.99158,1596,278066.4,148617.09339
2025-06-24 17:00:00,0.538,0.538,0.5301,0.5319,222230.7,2025-06-24 17:59:59.999,118599.98344,924,104975.4,56049.03736
2025-06-24 18:00:00,0.5323,0.5336,0.5288,0.5304,159309.0,2025-06-24 18:59:59.999,84566.65623,645,71305.0,37864.11048
2025-06-24 19:00:00,0.5301,0.5315,0.5276,0.5309,114842.9,2025-06-24 19:59:59.999,60897.74642,576,48037.7,25463.42402
2025-06-24 20:00:00,0.5307,0.5332,0.5293,0.533,46937.0,2025-06-24 20:59:59.999,24905.31787,239,27423.6,14545.36879
2025-06-24 21:00:00,0.5328,0.5353,0.5317,0.5353,102967.8,2025-06-24 21:59:59.999,54927.84438,540,30045.5,16036.05225
2025-06-24 22:00:00,0.535,0.5354,0.5331,0.5353,48959.3,2025-06-24 22:59:59.999,26164.92585,283,18931.3,10117.15378
2025-06-24 23:00:00,0.5353,0.5363,0.5325,0.5363,45320.3,2025-06-24 23:59:59.999,24220.11413,243,14856.2,7939.39115
2025-06-25 00:00:00,0.5364,0.5389,0.5354,0.5382,52066.4,2025-06-25 00:59:59.999,27957.08649,267,23985.4,12876.47653
2025-06-25 01:00:00,0.5381,0.5392,0.5358,0.537,65993.2,2025-06-25 01:59:59.999,35459.44397,309,20879.2,11217.98478
2025-06-25 02:00:00,0.5372,0.5403,0.5369,0.5379,66498.6,2025-06-25 02:59:59.999,35819.71163,313,28437.6,15321.22167
2025-06-25 03:00:00,0.5381,0.5413,0.5368,0.5391,67214.9,2025-06-25 03:59:59.999,36280.96764,286,33706.5,18192.93895
2025-06-25 04:00:00,0.5391,0.5404,0.5371,0.539,74685.7,2025-06-25 04:59:59.999,40242.53918,336,51314.1,27658.11817
2025-06-25 05:00:00,0.539,0.5399,0.5356,0.5371,131667.7,2025-06-25 05:59:59.999,70805.58406,549,35251.9,18953.83176
2025-06-25 06:00:00,0.5369,0.5374,0.5342,0.5374,62562.9,2025-06-25 06:59:59.999,33503.73461,289,34454.3,18451.18336
2025-06-25 07:00:00,0.5374,0.5407,0.5368,0.5394,56637.7,2025-06-25 07:59:59.999,30531.30969,364,32337.2,17427.14513
2025-06-25 08:00:00,0.5394,0.5404,0.5355,0.538,125080.8,2025-06-25 08:59:59.999,67275.80299,500,77876.9,41896.75058
2025-06-25 09:00:00,0.5382,0.54,0.5342,0.5352,82465.0,2025-06-25 09:59:59.999,44254.18353,423,52413.6,28105.00538
2025-06-25 10:00:00,0.5353,0.5367,0.5337,0.5356,102441.2,2025-06-25 10:59:59.999,54811.03511,464,33993.4,18184.16856
2025-06-25 11:00:00,0.5359,0.5374,0.5336,0.5372,63166.8,2025-06-25 11:59:59.999,33826.54861,359,22282.5,11934.43499
2025-06-25 12:00:00,0.5372,0.5393,0.536,0.5387,180069.7,2025-06-25 12:59:59.999,96779.036,716,59346.4,31910.80143
2025-06-25 13:00:00,0.5387,0.5437,0.5378,0.5411,361936.7,2025-06-25 13:59:59.999,195869.02098,1108,180987.2,97941.5262
2025-06-25 14:00:00,0.5412,0.5414,0.5303,0.5313,477527.0,2025-06-25 14:59:59.999,255411.82379,1587,199232.9,106457.45262
2025-06-25 15:00:00,0.5311,0.5313,0.5238,0.5244,161922.6,2025-06-25 15:59:59.999,85310.92974,667,73414.5,38673.16187
2025-06-25 16:00:00,0.5247,0.5271,0.523,0.5257,120899.8,2025-06-25 16:59:59.999,63471.61104,546,81103.7,42571.74624
2025-06-25 17:00:00,0.5251,0.5325,0.5251,0.5302,137646.5,2025-06-25 17:59:59.999,72794.77909,607,58271.9,30834.87452
2025-06-25 18:00:00,0.5299,0.5316,0.5292,0.5304,63848.4,2025-06-25 18:59:59.999,33854.34025,354,31270.3,16579.81158
2025-06-25 19:00:00,0.5304,0.5325,0.5294,0.5315,87563.6,2025-06-25 19:59:59.999,46509.80868,400,40785.0,21673.65806
2025-06-25 20:00:00,0.5313,0.5331,0.5304,0.5331,37759.4,2025-06-25 20:59:59.999,20088.37518,217,18666.4,9929.93362
2025-06-25 21:00:00,0.533,0.535,0.53,0.5304,78732.1,2025-06-25 21:59:59.999,41876.90329,436,42603.7,22662.07459
2025-06-25 22:00:00,0.5301,0.5301,0.5261,0.5271,81196.0,2025-06-25 22:59:59.999,42903.39957,402,46502.5,24568.33338
2025-06-25 23:00:00,0.5268,0.5279,0.5251,0.5277,40335.3,2025-06-25 23:59:59.999,21236.78588,283,21282.0,11205.26712
2025-06-26 00:00:00,0.5277,0.5302,0.5274,0.5293,46367.5,2025-06-26 00:59:59.999,24509.27832,302,27293.7,14420.47131
2025-06-26 01:00:00,0.5289,0.5362,0.527,0.5324,113130.6,2025-06-26 01:59:59.999,60249.34662,575,53617.3,28534.6639
2025-06-26 02:00:00,0.5325,0.5371,0.5313,0.5361,108734.4,2025-06-26 02:59:59.999,58126.99184,483,50645.3,27071.91627
2025-06-26 03:00:00,0.5365,0.5398,0.5317,0.5326,97782.6,2025-06-26 03:59:59.999,52427.50321,608,38424.0,20587.21503
2025-06-26 04:00:00,0.5327,0.5331,0.5289,0.5303,130896.3,2025-06-26 04:59:59.999,69589.90737,560,84189.2,44767.35467
2025-06-26 05:00:00,0.5301,0.5304,0.5263,0.5273,48409.2,2025-06-26 05:59:59.999,25566.03551,342,27511.8,14530.15735
2025-06-26 06:00:00,0.5272,0.531,0.5268,0.5306,49318.4,2025-06-26 06:59:59.999,26107.27313,286,23330.9,12351.26793
2025-06-26 07:00:00,0.5306,0.5358,0.5303,0.5333,50879.7,2025-06-26 07:59:59.999,27169.03246,356,20025.6,10685.60504
2025-06-26 08:00:00,0.5333,0.5362,0.5318,0.532,46771.1,2025-06-26 08:59:59.999,24992.40692,276,24590.5,13133.9625
2025-06-26 09:00:00,0.5316,0.5325,0.5271,0.5292,60483.4,2025-06-26 09:59:59.999,32021.70816,308,25241.7,13360.10816
2025-06-26 10:00:00,0.5291,0.5311,0.5283,0.5294,44399.4,2025-06-26 10:59:59.999,23518.94688,285,25834.4,13685.84304
2025-06-26 11:00:00,0.5291,0.5294,0.5271,0.5278,44564.2,2025-06-26 11:59:59.999,23551.46533,246,27367.1,14464.25873
2025-06-26 12:00:00,0.5276,0.528,0.5221,0.5224,72715.8,2025-06-26 12:59:59.999,38164.28965,334,31668.6,16618.90429
2025-06-26 13:00:00,0.5224,0.5224,0.5166,0.5177,101644.3,2025-06-26 13:59:59.999,52844.05637,500,49088.0,25523.68854
2025-06-26 14:00:00,0.5179,0.5266,0.5176,0.5247,173616.6,2025-06-26 14:59:59.999,90859.00381,723,106971.7,56000.54871
2025-06-26 15:00:00,0.5243,0.527,0.5204,0.5243,103064.0,2025-06-26 15:59:59.999,53942.52234,416,43990.9,23032.29241
2025-06-26 16:00:00,0.524,0.524,0.5184,0.5188,99298.0,2025-06-26 16:59:59.999,51794.94614,386,33207.1,17320.61062
2025-06-26 17:00:00,0.5192,0.5218,0.5182,0.5183,39346.8,2025-06-26 17:59:59.999,20471.90058,213,19104.5,9942.2023
2025-06-26 18:00:00,0.518,0.5216,0.5171,0.5193,51687.4,2025-06-26 18:59:59.999,26836.98073,260,28689.6,14899.98705
2025-06-26 19:00:00,0.5193,0.5251,0.5191,0.5239,63145.5,2025-06-26 19:59:59.999,33025.47665,292,33613.2,17575.49963
2025-06-26 20:00:00,0.5236,0.5303,0.5229,0.527,79502.6,2025-06-26 20:59:59.999,41934.54539,447,36194.4,19062.4813
2025-06-26 21:00:00,0.527,0.5284,0.5209,0.5256,139156.0,2025-06-26 21:59:59.999,73014.68258,574,79068.0,41495.9605
2025-06-26 22:00:00,0.5251,0.5276,0.5222,0.5224,52189.1,2025-06-26 22:59:59.999,27412.04889,214,35481.0,18642.85635
2025-06-26 23:00:00,0.522,0.5233,0.5216,0.5233,35041.6,2025-06-26 23:59:59.999,18304.32117,234,13567.7,7086.66745
2025-06-27 00:00:00,0.5233,0.5266,0.5222,0.5231,104191.1,2025-06-27 00:59:59.999,54610.17542,591,51244.4,26865.08562
2025-06-27 01:00:00,0.523,0.5287,0.5204,0.5279,126441.4,2025-06-27 01:59:59.999,66310.27979,781,44123.4,23160.46542
2025-06-27 02:00:00,0.528,0.53,0.5271,0.5287,43600.4,2025-06-27 02:59:59.999,23067.68154,202,28267.1,14954.37944
2025-06-27 03:00:00,0.5292,0.5297,0.5268,0.5291,21482.9,2025-06-27 03:59:59.999,11357.99036,160,11328.8,5992.47741
2025-06-27 04:00:00,0.5291,0.5292,0.5276,0.5281,25226.2,2025-06-27 04:59:59.999,13330.08749,157,11865.9,6268.11487
2025-06-27 05:00:00,0.5278,0.5316,0.5257,0.5259,51077.2,2025-06-27 05:59:59.999,26994.05176,302,25063.8,13251.42618
2025-06-27 06:00:00,0.5257,0.527,0.5247,0.5264,104877.8,2025-06-27 06:59:59.999,55193.47955,345,20778.8,10929.679
2025-06-27 07:00:00,0.5266,0.5299,0.5256,0.5264,88904.5,2025-06-27 07:59:59.999,46824.94649,406,23629.6,12455.97758
2025-06-27 08:00:00,0.5263,0.5315,0.5262,0.5301,91720.3,2025-06-27 08:59:59.999,48439.62049,348,41950.2,22149.70603
2025-06-27 09:00:00,0.5304,0.531,0.5274,0.5288,62375.7,2025-06-27 09:59:59.999,32958.50779,286,19597.0,10359.76551
2025-06-27 10:00:00,0.529,0.5291,0.5265,0.5267,40579.4,2025-06-27 10:59:59.999,21400.13924,334,12807.4,6752.04199
2025-06-27 11:00:00,0.5268,0.5276,0.5251,0.5265,99464.9,2025-06-27 11:59:59.999,52364.12499,562,51104.8,26900.37962
2025-06-27 12:00:00,0.5267,0.5295,0.5257,0.5262,113574.2,2025-06-27 12:59:59.999,59897.98599,693,35847.3,18912.92567
2025-06-27 13:00:00,0.5263,0.5311,0.5259,0.5306,89835.6,2025-06-27 13:59:59.999,47457.35311,846,33438.6,17681.0298
2025-06-27 14:00:00,0.5309,0.5335,0.5269,0.5287,192874.7,2025-06-27 14:59:59.999,102147.45991,1351,46414.8,24595.53618
2025-06-27 15:00:00,0.5285,0.5337,0.5273,0.533,56172.0,2025-06-27 15:59:59.999,29762.64461,301,39934.5,21161.65251
2025-06-27 16:00:00,0.533,0.5369,0.5312,0.5337,147797.9,2025-06-27 16:59:59.999,78985.12881,718,53096.9,28377.38598
2025-06-27 17:00:00,0.5334,0.5341,0.5233,0.5272,179056.9,2025-06-27 17:59:59.999,94480.0924,952,97066.5,51266.47308
2025-06-27 18:00:00,0.5272,0.5281,0.5199,0.5206,106465.2,2025-06-27 18:59:59.999,55774.98803,620,62507.2,32761.16402
2025-06-27 19:00:00,0.5208,0.5237,0.5202,0.5234,39522.4,2025-06-27 19:59:59.999,20635.15431,303,21594.6,11275.64303
2025-06-27 20:00:00,0.523,0.5275,0.5226,0.5268,48043.9,2025-06-27 20:59:59.999,25237.15278,310,31415.1,16506.84623
2025-06-27 21:00:00,0.5276,0.5304,0.5268,0.5293,47051.0,2025-06-27 21:59:59.999,24889.68132,249,22667.7,11993.38559
2025-06-27 22:00:00,0.5292,0.5306,0.5284,0.5302,25786.2,2025-06-27 22:59:59.999,13658.60227,147,15082.9,7989.79896
2025-06-27 23:00:00,0.53,0.53,0.5271,0.528,19245.6,2025-06-27 23:59:59.999,10166.42518,213,15044.1,7947.30316
2025-06-28 00:00:00,0.5281,0.5284,0.5257,0.5257,50267.6,2025-06-28 00:59:59.999,26504.09739,433,29862.0,15750.56379
2025-06-28 01:00:00,0.5254,0.5258,0.5226,0.5255,51723.8,2025-06-28 01:59:59.999,27118.32876,558,35807.9,18774.27313
2025-06-28 02:00:00,0.5255,0.5271,0.5246,0.5248,203829.4,2025-06-28 02:59:59.999,107278.0291,793,66071.9,34784.32098
2025-06-28 03:00:00,0.5245,0.526,0.5245,0.5254,23095.2,2025-06-28 03:59:59.999,12136.00397,68,11235.5,5903.81309
2025-06-28 04:00:00,0.5253,0.5253,0.5225,0.5233,17475.6,2025-06-28 04:59:59.999,9158.0096,84,10118.3,5301.95636
2025-06-28 05:00:00,0.5233,0.5261,0.5231,0.5241,18050.4,2025-06-28 05:59:59.999,9469.11396,111,7642.5,4008.71001
2025-06-28 06:00:00,0.5238,0.5252,0.5237,0.5249,14341.3,2025-06-28 06:59:59.999,7523.61033,107,12184.9,6392.12228
2025-06-28 07:00:00,0.5255,0.5271,0.5246,0.5266,17430.6,2025-06-28 07:59:59.999,9165.95341,94,12479.3,6562.74943
2025-06-28 08:00:00,0.5266,0.5269,0.5236,0.5236,12275.9,2025-06-28 08:59:59.999,6447.25096,109,5850.8,3072.37783
2025-06-28 09:00:00,0.5237,0.5262,0.5232,0.5257,23767.0,2025-06-28 09:59:59.999,12469.79484,219,16736.4,8784.3331
2025-06-28 10:00:00,0.5255,0.5262,0.5246,0.5251,14187.6,2025-06-28 10:59:59.999,7456.1788,176,10916.0,5737.56942
2025-06-28 11:00:00,0.5253,0.5259,0.5246,0.5248,24035.3,2025-06-28 11:59:59.999,12624.73135,221,9482.8,4981.0449
2025-06-28 12:00:00,0.525,0.5251,0.5233,0.5248,26060.9,2025-06-28 12:59:59.999,13658.31749,93,19209.5,10064.8741
2025-06-28 13:00:00,0.5244,0.5247,0.5217,0.5219,10332.2,2025-06-28 13:59:59.999,5402.03952,81,4002.0,2091.87647
2025-06-28 14:00:00,0.522,0.5236,0.5219,0.5233,24592.8,2025-06-28 14:59:59.999,12854.86245,110,11775.5,6154.69816
2025-06-28 15:00:00,0.5233,0.5287,0.5233,0.5284,25058.3,2025-06-28 15:59:59.999,13155.40212,163,17884.8,9392.0001
2025-06-28 16:00:00,0.5287,0.5308,0.5273,0.5276,69587.3,2025-06-28 16:59:59.999,36835.79863,336,30142.6,15953.44462
2025-06-28 17:00:00,0.5278,0.5333,0.5276,0.5331,42165.0,2025-06-28 17:59:59.999,22364.91642,199,17974.9,9535.12916
2025-06-28 18:00:00,0.5332,0.5332,0.5307,0.533,34370.8,2025-06-28 18:59:59.999,18276.06685,161,13000.3,6909.38882
2025-06-28 19:00:00,0.5337,0.5349,0.5323,0.5323,29836.3,2025-06-28 19:59:59.999,15919.5333,164,12456.5,6647.66121
2025-06-28 20:00:00,0.5326,0.5326,0.5298,0.5303,51165.1,2025-06-28 20:59:59.999,27155.35458,215,23984.3,12732.52823
2025-06-28 21:00:00,0.5301,0.5331,0.5296,0.533,23197.8,2025-06-28 21:59:59.999,12317.59489,127,11317.8,6010.58477
2025-06-28 22:00:00,0.5329,0.5365,0.5322,0.536,40561.8,2025-06-28 22:59:59.999,21725.7851,184,10934.2,5855.85634
2025-06-28 23:00:00,0.5361,0.5364,0.534,0.5352,29280.4,2025-06-28 23:59:59.999,15668.24662,200,15198.7,8128.59768
2025-06-29 00:00:00,0.5353,0.5358,0.5332,0.5344,33135.1,2025-06-29 00:59:59.999,17714.75143,289,18409.9,9842.46001
2025-06-29 01:00:00,0.5345,0.5347,0.5308,0.5311,29042.4,2025-06-29 01:59:59.999,15478.81105,256,20121.4,10722.66685
2025-06-29 02:00:00,0.5308,0.5317,0.5294,0.531,37611.1,2025-06-29 02:59:59.999,19947.77831,301,21736.9,11532.58864
2025-06-29 03:00:00,0.5311,0.5317,0.5287,0.5287,27152.7,2025-06-29 03:59:59.999,14393.90643,193,16907.6,8958.5084
2025-06-29 04:00:00,0.5286,0.5303,0.5284,0.5294,29993.1,2025-06-29 04:59:59.999,15882.44791,162,16686.1,8835.38964
2025-06-29 05:00:00,0.5291,0.5304,0.5284,0.5301,25164.1,2025-06-29 05:59:59.999,13318.66253,100,16416.9,8686.14236
2025-06-29 06:00:00,0.53,0.5322,0.5297,0.532,26498.2,2025-06-29 06:59:59.999,14069.42271,140,11892.1,6314.49375
2025-06-29 07:00:00,0.5319,0.5343,0.5316,0.5343,35749.2,2025-06-29 07:59:59.999,19055.64057,144,22020.9,11736.08749
2025-06-29 08:00:00,0.5345,0.536,0.533,0.5357,81381.2,2025-06-29 08:59:59.999,43503.85509,301,35538.2,19006.93409
2025-06-29 09:00:00,0.5357,0.5372,0.5344,0.5355,102667.3,2025-06-29 09:59:59.999,55052.64149,369,68267.0,36612.29377
2025-06-29 10:00:00,0.5359,0.5371,0.5342,0.5359,39685.3,2025-06-29 10:59:59.999,21271.10915,233,16857.9,9032.72737
2025-06-29 11:00:00,0.5357,0.5358,0.5343,0.5347,38125.6,2025-06-29 11:59:59.999,20406.44725,243,20517.1,10980.68991
2025-06-29 12:00:00,0.5348,0.5357,0.5331,0.535,16880.2,2025-06-29 12:59:59.999,9021.73575,154,5912.4,3158.42694
2025-06-29 13:00:00,0.5352,0.5361,0.5326,0.5331,30369.8,2025-06-29 13:59:59.999,16224.15455,180,8176.9,4369.69481
2025-06-29 14:00:00,0.5331,0.5339,0.5301,0.5307,41175.5,2025-06-29 14:59:59.999,21921.30638,233,19827.6,10558.12131
2025-06-29 15:00:00,0.5304,0.5309,0.5281,0.5297,52258.8,2025-06-29 15:59:59.999,27673.12985,228,31420.6,16638.41603
2025-06-29 16:00:00,0.5298,0.5319,0.5291,0.5318,32559.4,2025-06-29 16:59:59.999,17264.15032,204,18910.1,10024.23356
2025-06-29 17:00:00,0.532,0.5343,0.5318,0.534,25973.9,2025-06-29 17:59:59.999,13837.19945,177,13743.8,7325.30446
2025-06-29 18:00:00,0.5335,0.5362,0.5328,0.5362,28677.9,2025-06-29 18:59:59.999,15331.22467,252,17513.7,9365.03607
2025-06-29 19:00:00,0.5364,0.5384,0.5357,0.5364,80144.5,2025-06-29 19:59:59.999,43033.9216,397,38595.7,20730.40086
2025-06-29 20:00:00,0.5371,0.5373,0.5343,0.5348,90030.7,2025-06-29 20:59:59.999,48212.76821,522,19467.1,10422.66528
2025-06-29 21:00:00,0.5349,0.5368,0.5325,0.5364,88765.0,2025-06-29 21:59:59.999,47442.53438,548,41492.2,22167.52483
2025-06-29 22:00:00,0.5366,0.5504,0.5366,0.5496,355483.0,2025-06-29 22:59:59.999,193999.42493,1477,229627.2,125316.27158
2025-06-29 23:00:00,0.5496,0.55,0.5479,0.5497,122699.7,2025-06-29 23:59:59.999,67361.52257,728,60831.3,33396.67882
2025-06-30 00:00:00,0.5499,0.5507,0.5455,0.5461,162124.3,2025-06-30 00:59:59.999,88906.87225,740,93716.0,51430.18981
2025-06-30 01:00:00,0.5463,0.5468,0.5429,0.5429,49501.4,2025-06-30 01:59:59.999,26964.40293,344,23941.5,13033.09505
2025-06-30 02:00:00,0.5428,0.5438,0.5415,0.5416,18973.7,2025-06-30 02:59:59.999,10294.20715,108,12795.0,6943.76222
2025-06-30 03:00:00,0.5414,0.5429,0.5408,0.5415,30846.8,2025-06-30 03:59:59.999,16709.76826,168,18208.3,9862.25901
2025-06-30 04:00:00,0.5417,0.5423,0.5393,0.5399,36028.1,2025-06-30 04:59:59.999,19495.04456,208,22953.1,12424.46597
2025-06-30 05:00:00,0.54,0.5412,0.539,0.541,30034.2,2025-06-30 05:59:59.999,16215.49099,191,12023.0,6490.65365
2025-06-30 06:00:00,0.541,0.5423,0.5342,0.5374,68847.5,2025-06-30 06:59:59.999,37069.8504,440,37794.4,20344.58663
2025-06-30 07:00:00,0.5373,0.5411,0.5362,0.5407,35369.9,2025-06-30 07:59:59.999,19066.1832,198,14466.6,7800.7614
2025-06-30 08:00:00,0.5405,0.541,0.5362,0.5364,33372.6,2025-06-30 08:59:59.999,17985.06168,284,12180.1,6569.7275
2025-06-30 09:00:00,0.5366,0.5382,0.5353,0.5355,36909.9,2025-06-30 09:59:59.999,19810.55094,338,16709.5,8969.19154
2025-06-30 10:00:00,0.5352,0.5369,0.535,0.5362,79775.7,2025-06-30 10:59:59.999,42752.34944,344,50735.0,27189.70383
2025-06-30 11:00:00,0.5362,0.5391,0.5362,0.5369,48596.0,2025-06-30 11:59:59.999,26125.49788,245,25653.7,13799.07389
2025-06-30 12:00:00,0.5367,0.5382,0.5331,0.5345,59291.7,2025-06-30 12:59:59.999,31759.77248,258,35664.6,19106.08234
2025-06-30 13:00:00,0.5345,0.5377,0.5318,0.5325,73664.8,2025-06-30 13:59:59.999,39373.12848,377,46996.2,25115.26039
2025-06-30 14:00:00,0.5328,0.5358,0.5305,0.5311,111549.3,2025-06-30 14:59:59.999,59459.9742,497,53815.6,28693.56315
2025-06-30 15:00:00,0.5314,0.5392,0.5301,0.5354,223890.8,2025-06-30 15:59:59.999,119745.62836,856,122991.5,65755.40884
2025-06-30 16:00:00,0.5356,0.5385,0.5346,0.5379,53331.1,2025-06-30 16:59:59.999,28605.30921,298,23988.9,12864.98187
2025-06-30 17:00:00,0.5379,0.5394,0.5354,0.5363,41817.2,2025-06-30 17:59:59.999,22478.16828,276,23012.5,12367.59856
2025-06-30 18:00:00,0.536,0.5383,0.5334,0.535,46415.0,2025-06-30 18:59:59.999,24846.40274,252,27358.8,14636.60326
2025-06-30 19:00:00,0.5352,0.5417,0.5351,0.5412,84305.8,2025-06-30 19:59:59.999,45454.28346,450,46534.7,25095.34241
2025-06-30 20:00:00,0.5407,0.5417,0.5384,0.5385,93467.3,2025-06-30 20:59:59.999,50464.063,424,44109.7,23815.65393
2025-06-30 21:00:00,0.5387,0.5409,0.5366,0.5384,67041.3,2025-06-30 21:59:59.999,36152.31294,321,25011.6,13490.63533
2025-06-30 22:00:00,0.5386,0.5405,0.538,0.5381,68078.4,2025-06-30 22:59:59.999,36705.21598,257,23220.7,12514.48034
2025-06-30 23:00:00,0.5383,0.5401,0.5372,0.5384,48640.1,2025-06-30 23:59:59.999,26180.5969,310,16031.4,8636.80416
2025-07-01 00:00:00,0.5385,0.5415,0.5374,0.5395,59459.5,2025-07-01 00:59:59.999,32054.96603,529,12520.3,6750.00941
2025-07-01 01:00:00,0.5397,0.5423,0.5385,0.5389,79631.0,2025-07-01 01:59:59.999,43032.69637,589,41730.9,22552.00925
2025-07-01 02:00:00,0.539,0.5393,0.5347,0.5363,291928.4,2025-07-01 02:59:59.999,156754.56002,1151,175294.1,94117.53018
2025-07-01 03:00:00,0.5365,0.5389,0.5363,0.5375,69024.8,2025-07-01 03:59:59.999,37117.36381,367,33368.9,17948.63649
2025-07-01 04:00:00,0.5374,0.5374,0.5316,0.5316,111582.6,2025-07-01 04:59:59.999,59612.98258,616,45870.0,24487.17778
2025-07-01 05:00:00,0.5315,0.532,0.5282,0.5314,113696.5,2025-07-01 05:59:59.999,60264.06062,854,54587.4,28934.74194
2025-07-01 06:00:00,0.5312,0.5312,0.5286,0.5295,110655.6,2025-07-01 06:59:59.999,58619.89539,459,37635.2,19941.25356
2025-07-01 07:00:00,0.5292,0.532,0.5253,0.5313,115359.5,2025-07-01 07:59:59.999,60954.67848,466,41196.5,21775.04056
2025-07-01 08:00:00,0.5314,0.5314,0.5262,0.5289,102786.0,2025-07-01 08:59:59.999,54291.5377,415,42968.4,22724.03317
2025-07-01 09:00:00,0.529,0.5308,0.5282,0.5292,41118.4,2025-07-01 09:59:59.999,21775.9697,204,16034.7,8491.30031
2025-07-01 10:00:00,0.5291,0.5299,0.528,0.5292,42515.3,2025-07-01 10:59:59.999,22476.97082,203,29437.9,15564.58978
2025-07-01 11:00:00,0.5292,0.5293,0.5241,0.5251,64335.3,2025-07-01 11:59:59.999,33848.84389,281,33375.0,17568.66685
2025-07-01 12:00:00,0.5251,0.5265,0.5233,0.5239,84507.9,2025-07-01 12:59:59.999,44322.20824,354,60014.7,31462.88998
2025-07-01 13:00:00,0.5236,0.5281,0.5211,0.5273,102793.6,2025-07-01 13:59:59.999,53866.98718,507,59169.7,31028.48122
2025-07-01 14:00:00,0.5273,0.5293,0.5222,0.526,190436.8,2025-07-01 14:59:59.999,100012.10637,880,108208.7,56825.94279
2025-07-01 15:00:00,0.5262,0.5264,0.5228,0.5242,66617.9,2025-07-01 15:59:59.999,34959.16959,307,34726.0,18220.47295
2025-07-01 16:00:00,0.524,0.5255,0.5214,0.5226,61127.0,2025-07-01 16:59:59.999,31992.21168,273,23344.1,12222.99126
2025-07-01 17:00:00,0.5225,0.5227,0.5201,0.5209,45210.9,2025-07-01 17:59:59.999,23570.43899,199,24842.5,12949.0002
2025-07-01 18:00:00,0.5213,0.5213,0.5155,0.5165,83267.8,2025-07-01 18:59:59.999,43109.44095,410,40423.2,20941.21953
2025-07-01 19:00:00,0.5165,0.5194,0.5156,0.5163,37627.7,2025-07-01 19:59:59.999,19470.83928,247,16527.2,8551.32718
2025-07-01 20:00:00,0.516,0.5192,0.5152,0.5191,44916.0,2025-07-01 20:59:59.999,23238.13967,225,14043.9,7261.4217
2025-07-01 21:00:00,0.5187,0.5211,0.5173,0.5188,46983.3,2025-07-01 21:59:59.999,24397.74503,254,30253.5,15703.59232
2025-07-01 22:00:00,0.5186,0.5192,0.5154,0.5154,50493.6,2025-07-01 22:59:59.999,26151.33231,242,36948.8,19136.88847
2025-07-01 23:00:00,0.5153,0.5164,0.5132,0.5163,145897.9,2025-07-01 23:59:59.999,75103.93916,769,72995.3,37572.94436
2025-07-02 00:00:00,0.5163,0.5175,0.5142,0.5172,155432.7,2025-07-02 00:59:59.999,80187.76459,804,67518.5,34828.76946
2025-07-02 01:00:00,0.5171,0.5195,0.5139,0.5187,137845.0,2025-07-02 01:59:59.999,71282.85562,641,44436.8,22962.31154
2025-07-02 02:00:00,0.5187,0.5191,0.5165,0.5186,22952.6,2025-07-02 02:59:59.999,11889.3494,200,13187.9,6832.98991
2025-07-02 03:00:00,0.5186,0.5215,0.5185,0.5191,46378.6,2025-07-02 03:59:59.999,24112.74841,261,15277.3,7944.36724
2025-07-02 04:00:00,0.5191,0.5249,0.5186,0.5241,50921.2,2025-07-02 04:59:59.999,26578.30843,327,20208.5,10550.18218
2025-07-02 05:00:00,0.5241,0.5254,0.5229,0.5252,32242.8,2025-07-02 05:59:59.999,16917.18356,262,16134.8,8464.61996
2025-07-02 06:00:00,0.5251,0.5271,0.5238,0.527,36528.6,2025-07-02 06:59:59.999,19203.71803,245,7985.2,4196.98696
2025-07-02 07:00:00,0.5267,0.5273,0.525,0.526,70364.7,2025-07-02 07:59:59.999,37008.37865,328,29941.7,15744.59509
2025-07-02 08:00:00,0.5264,0.527,0.5253,0.5262,55310.3,2025-07-02 08:59:59.999,29094.4627,282,22643.8,11911.06589
2025-07-02 09:00:00,0.5265,0.5268,0.5245,0.5249,17466.5,2025-07-02 09:59:59.999,9181.73637,109,7373.0,3874.25715
2025-07-02 10:00:00,0.525,0.5284,0.5244,0.5282,29944.7,2025-07-02 10:59:59.999,15765.09986,179,18992.6,9993.10323
2025-07-02 11:00:00,0.5281,0.5293,0.5264,0.5269,41485.4,2025-07-02 11:59:59.999,21894.79592,274,21879.3,11542.99751
2025-07-02 12:00:00,0.5269,0.5272,0.5252,0.527,64466.6,2025-07-02 12:59:59.999,33943.77849,487,37336.0,19660.66229
2025-07-02 13:00:00,0.5269,0.5314,0.5268,0.529,121557.1,2025-07-02 13:59:59.999,64395.12125,789,88025.4,46621.82281
2025-07-02 14:00:00,0.5291,0.5324,0.5291,0.532,136334.9,2025-07-02 14:59:59.999,72310.44972,809,92968.2,49300.78797
2025-07-02 15:00:00,0.5322,0.5382,0.5322,0.538,141459.5,2025-07-02 15:59:59.999,75778.16133,977,91793.7,49164.41623
2025-07-02 16:00:00,0.5381,0.5505,0.5381,0.5498,343176.8,2025-07-02 16:59:59.999,187552.23872,1828,203163.5,111108.89107
2025-07-02 17:00:00,0.5498,0.5518,0.5442,0.5484,238046.7,2025-07-02 17:59:59.999,130699.56692,1486,133825.6,73509.47028
2025-07-02 18:00:00,0.5486,0.5505,0.5483,0.5503,98515.5,2025-07-02 18:59:59.999,54153.16716,618,53234.9,29267.28031
2025-07-02 19:00:00,0.5503,0.5524,0.5482,0.552,152381.6,2025-07-02 19:59:59.999,83868.51402,900,90503.7,49818.73703
2025-07-02 20:00:00,0.5518,0.5552,0.5512,0.5529,369587.1,2025-07-02 20:59:59.999,204448.13482,1484,199906.0,110575.3418
2025-07-02 21:00:00,0.5529,0.556,0.5522,0.5543,63750.3,2025-07-02 21:59:59.999,35321.30086,453,29857.2,16552.74051
2025-07-02 22:00:00,0.5547,0.5557,0.5528,0.5542,136426.1,2025-07-02 22:59:59.999,75633.27211,660,35292.3,19569.06833
2025-07-02 23:00:00,0.5543,0.5555,0.549,0.5504,119693.1,2025-07-02 23:59:59.999,66133.34673,565,50034.0,27678.65738
2025-07-03 00:00:00,0.5509,0.5524,0.5484,0.5513,88924.8,2025-07-03 00:59:59.999,48977.91895,394,52716.0,29033.8543
2025-07-03 01:00:00,0.5512,0.5528,0.5495,0.5499,69618.1,2025-07-03 01:59:59.999,38368.50263,413,32475.6,17896.59741
2025-07-03 02:00:00,0.5499,0.5499,0.5481,0.5487,104814.2,2025-07-03 02:59:59.999,57530.72177,547,62730.1,34425.06154
2025-07-03 03:00:00,0.5493,0.5517,0.5479,0.5497,89786.6,2025-07-03 03:59:59.999,49403.85279,340,48815.3,26875.305
2025-07-03 04:00:00,0.5499,0.5533,0.5492,0.5532,79001.6,2025-07-03 04:59:59.999,43596.32518,376,46488.1,25640.84766
2025-07-03 05:00:00,0.5534,0.5569,0.5517,0.5562,79383.9,2025-07-03 05:59:59.999,44013.14877,571,37793.1,20948.09143
2025-07-03 06:00:00,0.5566,0.5584,0.5548,0.558,47576.3,2025-07-03 06:59:59.999,26458.17349,333,20566.9,11432.4306
2025-07-03 07:00:00,0.5576,0.5589,0.5562,0.5585,85983.6,2025-07-03 07:59:59.999,47953.66691,408,44794.4,24977.52706
2025-07-03 08:00:00,0.5586,0.559,0.5555,0.5555,57445.8,2025-07-03 08:59:59.999,32027.47378,289,19815.2,11042.81184
2025-07-03 09:00:00,0.5556,0.56,0.5552,0.5575,97881.1,2025-07-03 09:59:59.999,54605.87147,499,48392.7,26989.74129
2025-07-03 10:00:00,0.5577,0.5577,0.5535,0.5563,184176.3,2025-07-03 10:59:59.999,102341.10941,736,66456.4,36905.42998
2025-07-03 11:00:00,0.5562,0.5569,0.5533,0.554,74134.6,2025-07-03 11:59:59.999,41135.9689,309,39531.6,21932.65841
2025-07-03 12:00:00,0.5536,0.5602,0.5487,0.5536,185377.4,2025-07-03 12:59:59.999,102809.4034,935,105278.7,58402.8734
2025-07-03 13:00:00,0.5535,0.5598,0.5525,0.5587,118259.6,2025-07-03 13:59:59.999,65720.14975,658,54232.0,30160.70738
2025-07-03 14:00:00,0.5587,0.56,0.5527,0.5546,108937.7,2025-07-03 14:59:59.999,60503.89122,586,59200.3,32877.22165
2025-07-03 15:00:00,0.5547,0.5554,0.5477,0.549,172893.6,2025-07-03 15:59:59.999,95259.5734,896,92930.1,51194.2819
2025-07-03 16:00:00,0.5487,0.5526,0.5486,0.551,127983.4,2025-07-03 16:59:59.999,70474.55881,846,70558.5,38856.66102
2025-07-03 17:00:00,0.5516,0.5537,0.5513,0.5527,39228.6,2025-07-03 17:59:59.999,21668.97394,262,18366.5,10144.22249
2025-07-03 18:00:00,0.5527,0.5536,0.5514,0.5522,26427.5,2025-07-03 18:59:59.999,14605.43741,180,13991.2,7730.12373
2025-07-03 19:00:00,0.5523,0.5549,0.5523,0.5546,18645.0,2025-07-03 19:59:59.999,10326.31094,175,14544.3,8054.83099
2025-07-03 20:00:00,0.5547,0.5556,0.5525,0.5527,47191.2,2025-07-03 20:59:59.999,26146.38339,287,20057.1,11123.36914
2025-07-03 21:00:00,0.5528,0.5541,0.5526,0.5531,40678.1,2025-07-03 21:59:59.999,22505.63339,245,22464.6,12427.71502
2025-07-03 22:00:00,0.5531,0.5536,0.5524,0.5535,29796.0,2025-07-03 22:59:59.999,16477.84833,140,20256.5,11200.72866
2025-07-03 23:00:00,0.5534,0.5537,0.5511,0.5517,29575.4,2025-07-03 23:59:59.999,16325.28636,164,16075.1,8871.18115
2025-07-04 00:00:00,0.5517,0.5537,0.5509,0.5527,49241.1,2025-07-04 00:59:59.999,27173.2559,558,18066.1,9970.7267
2025-07-04 01:00:00,0.5526,0.555,0.5526,0.5529,55283.8,2025-07-04 01:59:59.999,30629.13912,471,16693.7,9249.45204
2025-07-04 02:00:00,0.5528,0.5536,0.548,0.5499,197135.4,2025-07-04 02:59:59.999,108657.39648,1054,129431.2,71357.78655
2025-07-04 03:00:00,0.5499,0.552,0.5493,0.5494,80822.8,2025-07-04 03:59:59.999,44502.7915,421,50082.4,27577.86065
2025-07-04 04:00:00,0.5495,0.5516,0.548,0.5482,154850.9,2025-07-04 04:59:59.999,85076.58876,724,82447.1,45310.99766
2025-07-04 05:00:00,0.5481,0.5502,0.5473,0.5477,67214.5,2025-07-04 05:59:59.999,36879.89294,435,36435.7,19998.10937
2025-07-04 06:00:00,0.5476,0.5476,0.5406,0.5422,174885.1,2025-07-04 06:59:59.999,94859.2084,440,37311.1,20293.07353
2025-07-04 07:00:00,0.5422,0.5429,0.5364,0.5376,122180.5,2025-07-04 07:59:59.999,65834.36622,527,68395.3,36874.87231
2025-07-04 08:00:00,0.5372,0.54,0.5349,0.539,106175.2,2025-07-04 08:59:59.999,57109.59537,535,50585.5,27212.19505
2025-07-04 09:00:00,0.5391,0.5402,0.5369,0.5371,48466.7,2025-07-04 09:59:59.999,26119.03051,263,15436.2,8321.20184
2025-07-04 10:00:00,0.5371,0.5381,0.5359,0.5359,48483.1,2025-07-04 10:59:59.999,26048.55443,189,18562.8,9972.12064
2025-07-04 11:00:00,0.5363,0.5385,0.5362,0.5378,54858.3,2025-07-04 11:59:59.999,29483.19954,217,41905.3,22520.70068
2025-07-04 12:00:00,0.5378,0.5382,0.5352,0.5361,47384.3,2025-07-04 12:59:59.999,25438.06544,201,21986.2,11808.53742
2025-07-04 13:00:00,0.5355,0.5369,0.5331,0.5331,88816.6,2025-07-04 13:59:59.999,47485.84998,368,45940.5,24565.58154
2025-07-04 14:00:00,0.5331,0.5337,0.5296,0.5315,142175.3,2025-07-04 14:59:59.999,75672.50977,625,70689.0,37611.74336
2025-07-04 15:00:00,0.5314,0.5315,0.5271,0.528,71687.2,2025-07-04 15:59:59.999,37916.80603,403,36104.9,19096.08558
2025-07-04 16:00:00,0.5279,0.529,0.5245,0.5279,95343.6,2025-07-04 16:59:59.999,50213.36972,499,49562.1,26110.33506
2025-07-04 17:00:00,0.5277,0.529,0.5262,0.5289,45222.2,2025-07-04 17:59:59.999,23869.03454,290,25946.5,13693.13638
2025-07-04 18:00:00,0.5287,0.5291,0.5262,0.5274,26001.2,2025-07-04 18:59:59.999,13721.11218,137,8748.1,4613.8413
2025-07-04 19:00:00,0.5274,0.528,0.5253,0.5267,20850.2,2025-07-04 19:59:59.999,10983.13137,126,12073.1,6359.98951
2025-07-04 20:00:00,0.5265,0.5287,0.5255,0.5282,30108.1,2025-07-04 20:59:59.999,15882.16504,157,12932.0,6823.02902
2025-07-04 21:00:00,0.5282,0.5282,0.526,0.527,31165.7,2025-07-04 21:59:59.999,16426.29858,136,19664.5,10362.05354
2025-07-04 22:00:00,0.5269,0.5317,0.5269,0.5309,49572.1,2025-07-04 22:59:59.999,26277.30399,238,25119.7,13315.80122
2025-07-04 23:00:00,0.5306,0.5307,0.5283,0.5303,63925.4,2025-07-04 23:59:59.999,33832.87202,239,45239.5,23935.77268
2025-07-05 00:00:00,0.5303,0.5328,0.5298,0.5313,89355.2,2025-07-05 00:59:59.999,47473.53296,423,31912.9,16954.66197
2025-07-05 01:00:00,0.5312,0.5312,0.5274,0.5287,37408.4,2025-07-05 01:59:59.999,19792.05543,213,20116.2,10641.76656
2025-07-05 02:00:00,0.5286,0.5308,0.5264,0.5303,24978.6,2025-07-05 02:59:59.999,13208.89329,139,9374.9,4958.23146
2025-07-05 03:00:00,0.5304,0.5321,0.5301,0.5302,44069.1,2025-07-05 03:59:59.999,23397.07682,172,21145.9,11227.13296
2025-07-05 04:00:00,0.53,0.5315,0.5282,0.5289,34253.7,2025-07-05 04:59:59.999,18146.59281,172,15185.0,8046.87294
2025-07-05 05:00:00,0.5288,0.531,0.5276,0.5308,50194.6,2025-07-05 05:59:59.999,26534.60776,309,17156.5,9074.99333
2025-07-05 06:00:00,0.5311,0.5339,0.5294,0.5328,57430.4,2025-07-05 06:59:59.999,30571.71373,237,26981.0,14352.61118
2025-07-05 07:00:00,0.5325,0.533,0.5295,0.5304,33755.7,2025-07-05 07:59:59.999,17923.48502,162,13971.7,7418.84902
2025-07-05 08:00:00,0.5305,0.5316,0.5292,0.5304,63037.7,2025-07-05 08:59:59.999,33442.01193,307,29612.7,15707.62339
2025-07-05 09:00:00,0.5301,0.5322,0.5286,0.5317,43938.4,2025-07-05 09:59:59.999,23277.74287,235,24853.2,13165.40324
2025-07-05 10:00:00,0.5315,0.5315,0.529,0.529,26472.6,2025-07-05 10:59:59.999,14035.24558,197,12685.8,6726.38245
2025-07-05 11:00:00,0.5291,0.5315,0.529,0.529,35813.6,2025-07-05 11:59:59.999,19001.16622,240,24016.9,12740.68139
2025-07-05 12:00:00,0.5291,0.5294,0.5259,0.5275,70261.0,2025-07-05 12:59:59.999,37052.57922,496,50028.4,26386.64786
2025-07-05 13:00:00,0.5274,0.5289,0.5258,0.5259,56562.8,2025-07-05 13:59:59.999,29830.38882,402,30186.2,15919.71955
2025-07-05 14:00:00,0.5259,0.5281,0.5253,0.5278,93245.2,2025-07-05 14:59:59.999,49131.42359,640,63631.3,33525.64245
2025-07-05 15:00:00,0.5274,0.5277,0.5241,0.5241,116560.1,2025-07-05 15:59:59.999,61257.89129,594,47691.9,25061.97048
2025-07-05 16:00:00,0.524,0.5251,0.5215,0.5235,76984.1,2025-07-05 16:59:59.999,40282.87815,671,50050.2,26193.28354
2025-07-05 17:00:00,0.5235,0.5245,0.5189,0.5219,89477.0,2025-07-05 17:59:59.999,46645.97128,742,47451.7,24735.59141
2025-07-05 18:00:00,0.522,0.5221,0.5177,0.5178,72044.5,2025-07-05 18:59:59.999,37394.03013,562,43596.2,22614.14824
2025-07-05 19:00:00,0.5178,0.5222,0.5176,0.5218,67545.9,2025-07-05 19:59:59.999,35081.93106,600,54327.6,28211.81004
2025-07-05 20:00:00,0.5219,0.5238,0.5217,0.5238,33753.6,2025-07-05 20:59:59.999,17645.23911,335,25841.1,13507.54343
2025-07-05 21:00:00,0.5232,0.5263,0.5232,0.5263,85727.6,2025-07-05 21:59:59.999,44964.74588,497,40508.6,21246.59083
2025-07-05 22:00:00,0.5264,0.5272,0.5255,0.5271,22628.5,2025-07-05 22:59:59.999,11907.61324,143,13726.1,7219.43223
2025-07-05 23:00:00,0.527,0.5284,0.5261,0.5271,37151.6,2025-07-05 23:59:59.999,19585.83311,203,21333.0,11249.76989
2025-07-06 00:00:00,0.527,0.527,0.5242,0.5253,57133.2,2025-07-06 00:59:59.999,30036.29871,265,29872.4,15706.59954
2025-07-06 01:00:00,0.5253,0.5256,0.5223,0.5227,27318.6,2025-07-06 01:59:59.999,14298.59311,153,13695.6,7168.06346
2025-07-06 02:00:00,0.5229,0.5235,0.5214,0.5215,22285.6,2025-07-06 02:59:59.999,11653.65221,110,11199.0,5858.67374
2025-07-06 03:00:00,0.5215,0.5215,0.5201,0.5201,25987.9,2025-07-06 03:59:59.999,13537.6216,144,15854.4,8260.13589
2025-07-06 04:00:00,0.52,0.5215,0.5198,0.5201,19341.3,2025-07-06 04:59:59.999,10063.614,115,11513.1,5989.43948
2025-07-06 05:00:00,0.52,0.5205,0.5199,0.52,15055.5,2025-07-06 05:59:59.999,7830.11008,60,4278.6,2225.39984
2025-07-06 06:00:00,0.52,0.5228,0.52,0.5211,23427.2,2025-07-06 06:59:59.999,12217.22956,155,15923.8,8304.09004
2025-07-06 07:00:00,0.5213,0.5226,0.5211,0.5212,39615.9,2025-07-06 07:59:59.999,20670.36823,210,24622.0,12846.5731
2025-07-06 08:00:00,0.521,0.5222,0.5179,0.5204,100407.3,2025-07-06 08:59:59.999,52216.86689,467,53181.5,27670.54824
2025-07-06 09:00:00,0.5203,0.5212,0.5188,0.5188,39651.5,2025-07-06 09:59:59.999,20635.3091,161,15339.2,7982.64857
2025-07-06 10:00:00,0.5189,0.5211,0.5185,0.5197,60404.0,2025-07-06 10:59:59.999,31383.75874,183,38678.9,20090.07577
2025-07-06 11:00:00,0.5197,0.5216,0.5188,0.5212,25536.5,2025-07-06 11:59:59.999,13275.56755,162,11559.8,6011.37508
2025-07-06 12:00:00,0.5212,0.5227,0.5201,0.5227,36128.8,2025-07-06 12:59:59.999,18841.42535,271,23768.9,12398.7346
2025-07-06 13:00:00,0.5227,0.5293,0.5217,0.5276,121123.8,2025-07-06 13:59:59.999,63747.14317,857,81037.3,42677.57164
2025-07-06 14:00:00,0.5276,0.5286,0.5231,0.5264,269608.3,2025-07-06 14:59:59.999,141666.1034,987,136099.3,71533.20524
2025-07-06 15:00:00,0.5264,0.5286,0.5257,0.528,211652.8,2025-07-06 15:59:59.999,111580.97067,668,108718.3,57314.91485
2025-07-06 16:00:00,0.5284,0.5297,0.5275,0.5295,64120.0,2025-07-06 16:59:59.999,33922.21021,401,42365.3,22414.73967
2025-07-06 17:00:00,0.5293,0.5295,0.5277,0.5288,21541.4,2025-07-06 17:59:59.999,11387.46677,111,8594.1,4544.26146
2025-07-06 18:00:00,0.5288,0.5289,0.5244,0.5263,40409.1,2025-07-06 18:59:59.999,21261.27505,231,14880.2,7833.34936
2025-07-06 19:00:00,0.5265,0.5278,0.5264,0.5278,19251.0,2025-07-06 19:59:59.999,10147.39928,96,11506.5,6065.49066
2025-07-06 20:00:00,0.5278,0.53,0.5278,0.5295,28119.8,2025-07-06 20:59:59.999,14885.70055,147,18789.2,9946.68191
2025-07-06 21:00:00,0.53,0.5358,0.5297,0.5331,91817.4,2025-07-06 21:59:59.999,48991.99656,499,53670.7,28652.60246
2025-07-06 22:00:00,0.5334,0.5369,0.5324,0.5324,83698.3,2025-07-06 22:59:59.999,44785.22427,408,39758.9,21285.16739
2025-07-06 23:00:00,0.5323,0.5324,0.5282,0.5295,68822.3,2025-07-06 23:59:59.999,36498.23675,408,33015.4,17514.60878
2025-07-07 00:00:00,0.5296,0.5306,0.5278,0.5289,35397.4,2025-07-07 00:59:59.999,18730.63998,206,15013.8,7948.68118
2025-07-07 01:00:00,0.5288,0.5306,0.5275,0.5295,43827.7,2025-07-07 01:59:59.999,23189.48388,226,31932.7,16898.4502
2025-07-07 02:00:00,0.5298,0.5346,0.5298,0.5332,51106.1,2025-07-07 02:59:59.999,27247.66599,264,26590.1,14170.03082
2025-07-07 03:00:00,0.533,0.5356,0.5312,0.5314,47256.3,2025-07-07 03:59:59.999,25215.27847,265,23994.0,12803.03636
2025-07-07 04:00:00,0.5316,0.5321,0.5309,0.5309,24965.4,2025-07-07 04:59:59.999,13270.90225,148,8830.1,4692.54099
2025-07-07 05:00:00,0.5315,0.5315,0.5289,0.5293,28268.5,2025-07-07 05:59:59.999,14982.27493,147,12027.2,6373.18476
2025-07-07 06:00:00,0.5295,0.5304,0.5274,0.5277,71968.3,2025-07-07 06:59:59.999,38048.66922,426,34092.3,18019.12427
2025-07-07 07:00:00,0.5277,0.5318,0.5269,0.5317,45681.4,2025-07-07 07:59:59.999,24161.72293,240,29338.3,15513.90331
2025-07-07 08:00:00,0.5315,0.5322,0.5301,0.5317,36266.1,2025-07-07 08:59:59.999,19273.74555,182,20965.9,11143.37948
2025-07-07 09:00:00,0.5313,0.5313,0.5288,0.5292,44678.2,2025-07-07 09:59:59.999,23673.67404,219,30842.6,16344.41002
2025-07-07 10:00:00,0.5291,0.5291,0.5273,0.5274,20117.1,2025-07-07 10:59:59.999,10621.59811,149,9189.6,4851.91349
2025-07-07 11:00:00,0.5275,0.5276,0.5255,0.5263,54489.9,2025-07-07 11:59:59.999,28697.36189,339,20227.7,10653.63669
2025-07-07 12:00:00,0.5266,0.5269,0.5239,0.5243,96721.8,2025-07-07 12:59:59.999,50813.06255,373,49672.7,26091.5129
2025-07-07 13:00:00,0.5243,0.5273,0.5226,0.5273,92416.0,2025-07-07 13:59:59.999,48488.95396,450,52328.0,27482.35506
2025-07-07 14:00:00,0.5267,0.5274,0.5207,0.5211,86477.3,2025-07-07 14:59:59.999,45228.47774,411,38309.9,20044.53149
2025-07-07 15:00:00,0.5215,0.5237,0.5206,0.5229,57913.9,2025-07-07 15:59:59.999,30225.68379,305,29239.3,15261.63266
2025-07-07 16:00:00,0.5228,0.524,0.5191,0.5209,95351.6,2025-07-07 16:59:59.999,49727.64074,708,49893.8,26027.67055
2025-07-07 17:00:00,0.5204,0.5227,0.519,0.5203,62398.4,2025-07-07 17:59:59.999,32484.4526,374,29245.3,15234.4623
2025-07-07 18:00:00,0.5208,0.5218,0.5166,0.5218,45746.1,2025-07-07 18:59:59.999,23751.37416,282,21767.4,11301.0103
2025-07-07 19:00:00,0.5219,0.5233,0.5184,0.5192,50940.0,2025-07-07 19:59:59.999,26527.46066,269,29257.8,15231.26821
2025-07-07 20:00:00,0.5188,0.5191,0.5144,0.5164,110570.0,2025-07-07 20:59:59.999,57160.49012,560,50213.6,25949.63434
2025-07-07 21:00:00,0.5162,0.5194,0.5154,0.5185,31950.3,2025-07-07 21:59:59.999,16538.84984,179,20007.7,10356.21624
2025-07-07 22:00:00,0.5187,0.5195,0.5167,0.5191,48850.7,2025-07-07 22:59:59.999,25331.7816,251,27426.2,14219.55991
2025-07-07 23:00:00,0.5193,0.523,0.5191,0.523,29312.1,2025-07-07 23:59:59.999,15290.666,196,15511.7,8092.35187
2025-07-08 00:00:00,0.5229,0.5244,0.5209,0.5209,111642.4,2025-07-08 00:59:59.999,58333.49885,686,36986.7,19319.93247
2025-07-08 01:00:00,0.5209,0.5209,0.518,0.5195,72392.5,2025-07-08 01:59:59.999,37592.49108,562,15035.4,7807.6106
2025-07-08 02:00:00,0.5194,0.5212,0.5178,0.5196,99368.0,2025-07-08 02:59:59.999,51615.91878,557,39645.6,20591.87314
2025-07-08 03:00:00,0.5193,0.522,0.5189,0.5214,81914.0,2025-07-08 03:59:59.999,42668.02026,379,42363.3,22064.51286
2025-07-08 04:00:00,0.5217,0.5224,0.5198,0.5224,43207.2,2025-07-08 04:59:59.999,22531.32821,439,19494.9,10173.93242
2025-07-08 05:00:00,0.5226,0.5226,0.5214,0.522,39828.8,2025-07-08 05:59:59.999,20787.42098,609,20093.3,10486.48352
2025-07-08 06:00:00,0.5225,0.5244,0.5223,0.5233,50289.3,2025-07-08 06:59:59.999,26323.32699,357,16456.7,8615.88411
2025-07-08 07:00:00,0.5231,0.5246,0.5214,0.5246,64015.5,2025-07-08 07:59:59.999,33457.00054,385,17471.0,9137.12343
2025-07-08 08:00:00,0.5248,0.5254,0.5236,0.5236,98884.4,2025-07-08 08:59:59.999,51861.8798,526,24905.3,13068.9814
2025-07-08 09:00:00,0.5235,0.5259,0.5231,0.5258,64044.5,2025-07-08 09:59:59.999,33595.96815,265,26462.2,13878.92375
2025-07-08 10:00:00,0.5254,0.5289,0.5253,0.5289,48250.2,2025-07-08 10:59:59.999,25453.83561,273,26487.8,13975.68739
2025-07-08 11:00:00,0.5289,0.5327,0.5289,0.5295,88333.6,2025-07-08 11:59:59.999,46874.59697,460,46019.8,24417.52375
2025-07-08 12:00:00,0.5296,0.5313,0.5276,0.5307,108691.4,2025-07-08 12:59:59.999,57548.21783,635,68501.1,36273.02768
2025-07-08 13:00:00,0.5305,0.531,0.5285,0.5303,75061.4,2025-07-08 13:59:59.999,39773.78692,560,29888.7,15834.96098
2025-07-08 14:00:00,0.5304,0.5309,0.5261,0.5267,115681.3,2025-07-08 14:59:59.999,61184.13379,688,57626.6,30479.45498
2025-07-08 15:00:00,0.5265,0.5284,0.5257,0.5274,107242.5,2025-07-08 15:59:59.999,56522.47292,563,53236.0,28047.2823
2025-07-08 16:00:00,0.5276,0.5309,0.5267,0.5299,100651.5,2025-07-08 16:59:59.999,53210.90435,525,61957.9,32750.96194
2025-07-08 17:00:00,0.53,0.5373,0.5299,0.5357,178885.1,2025-07-08 17:59:59.999,95710.55824,832,85672.0,45825.59339
2025-07-08 18:00:00,0.5361,0.5396,0.5355,0.5376,366508.9,2025-07-08 18:59:59.999,197036.60234,1056,198105.0,106597.21071
2025-07-08 19:00:00,0.5375,0.5378,0.5342,0.5363,89907.8,2025-07-08 19:59:59.999,48178.53477,383,41603.7,22293.61995
2025-07-08 20:00:00,0.5361,0.5364,0.533,0.533,99487.4,2025-07-08 20:59:59.999,53254.85176,457,40007.9,21419.96595
2025-07-08 21:00:00,0.5331,0.5382,0.533,0.5356,125984.3,2025-07-08 21:59:59.999,67413.29064,701,66312.3,35466.16616
2025-07-08 22:00:00,0.5357,0.5366,0.5334,0.5357,99746.5,2025-07-08 22:59:59.999,53377.62296,584,43189.5,23118.53575
2025-07-08 23:00:00,0.536,0.5361,0.5339,0.5356,88024.6,2025-07-08 23:59:59.999,47092.45826,475,38105.5,20385.17303
2025-07-09 00:00:00,0.5355,0.5362,0.5336,0.5356,83683.8,2025-07-09 00:59:59.999,44757.872,584,50934.3,27239.32141
2025-07-09 01:00:00,0.5355,0.5375,0.5327,0.5344,96270.6,2025-07-09 01:59:59.999,51491.36577,449,50943.2,27249.1321
2025-07-09 02:00:00,0.5343,0.5363,0.5337,0.536,82522.2,2025-07-09 02:59:59.999,44141.853,353,53419.9,28576.59056
2025-07-09 03:00:00,0.5362,0.5373,0.5346,0.5351,75784.4,2025-07-09 03:59:59.999,40583.60277,363,36075.7,19313.47263
2025-07-09 04:00:00,0.5352,0.5375,0.5334,0.537,70022.8,2025-07-09 04:59:59.999,37462.18405,532,35242.8,18862.10506
2025-07-09 05:00:00,0.537,0.5406,0.535,0.5391,187871.8,2025-07-09 05:59:59.999,101056.21403,838,90773.8,48804.98399
2025-07-09 06:00:00,0.5394,0.5418,0.5379,0.5418,116536.2,2025-07-09 06:59:59.999,62848.56298,526,54167.6,29208.23532
2025-07-09 07:00:00,0.5417,0.5426,0.5401,0.5422,60513.5,2025-07-09 07:59:59.999,32762.45248,442,45992.3,24899.27265
2025-07-09 08:00:00,0.5422,0.5453,0.541,0.5439,172195.4,2025-07-09 08:59:59.999,93549.72704,1252,95615.9,51944.37672
2025-07-09 09:00:00,0.5439,0.5446,0.5412,0.5427,58300.6,2025-07-09 09:59:59.999,31617.23915,503,41373.6,22438.90028
2025-07-09 10:00:00,0.5428,0.544,0.5419,0.5437,95557.2,2025-07-09 10:59:59.999,51878.46247,799,59770.0,32450.46238
2025-07-09 11:00:00,0.5439,0.5458,0.5431,0.5447,79732.9,2025-07-09 11:59:59.999,43431.56899,714,41918.5,22827.4645
2025-07-09 12:00:00,0.5448,0.5472,0.5446,0.5469,125542.7,2025-07-09 12:59:59.999,68566.40095,816,79588.9,43465.36882
2025-07-09 13:00:00,0.547,0.5479,0.5443,0.545,103571.5,2025-07-09 13:59:59.999,56587.0724,860,60094.8,32837.05348
2025-07-09 14:00:00,0.5452,0.5466,0.5409,0.5444,170932.4,2025-07-09 14:59:59.999,92935.4432,1183,96265.1,52331.65737
2025-07-09 15:00:00,0.5442,0.5484,0.5442,0.5484,75467.8,2025-07-09 15:59:59.999,41241.16964,421,47513.6,25968.61112
2025-07-09 16:00:00,0.5485,0.5503,0.5475,0.5497,110902.2,2025-07-09 16:59:59.999,60904.74899,531,54782.9,30078.28196
2025-07-09 17:00:00,0.5495,0.5495,0.5474,0.5487,85206.5,2025-07-09 17:59:59.999,46729.88723,469,56446.9,30958.72209
2025-07-09 18:00:00,0.549,0.553,0.549,0.5524,92346.0,2025-07-09 18:59:59.999,50965.13329,539,49975.4,27573.91254
2025-07-09 19:00:00,0.5525,0.5615,0.5524,0.5605,181561.0,2025-07-09 19:59:59.999,101135.50122,959,106190.2,59103.7764
2025-07-09 20:00:00,0.5611,0.5625,0.5582,0.5609,206997.9,2025-07-09 20:59:59.999,116028.08521,916,104607.0,58641.60251
2025-07-09 21:00:00,0.5608,0.5628,0.5605,0.5622,81828.1,2025-07-09 21:59:59.999,45987.83398,440,47683.0,26802.09529
2025-07-09 22:00:00,0.5626,0.5633,0.5595,0.5614,156603.5,2025-07-09 22:59:59.999,87895.09588,676,98127.6,55067.50665
2025-07-09 23:00:00,0.5617,0.5626,0.56,0.5602,91629.0,2025-07-09 23:59:59.999,51436.97121,421,42608.2,23916.44732
2025-07-10 00:00:00,0.5602,0.5608,0.5558,0.5558,93594.4,2025-07-10 00:59:59.999,52272.75682,451,57443.1,32081.88275
2025-07-10 01:00:00,0.5558,0.5604,0.5558,0.5599,75265.6,2025-07-10 01:59:59.999,42011.03561,374,50343.6,28099.59066
2025-07-10 02:00:00,0.56,0.5629,0.56,0.5629,90544.1,2025-07-10 02:59:59.999,50906.99684,436,59068.2,33209.51124
2025-07-10 03:00:00,0.563,0.5634,0.5613,0.5628,54984.0,2025-07-10 03:59:59.999,30921.12998,343,28091.2,15801.25792
2025-07-10 04:00:00,0.5627,0.5628,0.5601,0.5628,51671.8,2025-07-10 04:59:59.999,29002.58681,321,37744.3,21182.51721
2025-07-10 05:00:00,0.5628,0.5632,0.5608,0.5615,55098.6,2025-07-10 05:59:59.999,30974.77004,317,29526.6,16603.31442
2025-07-10 06:00:00,0.5617,0.5667,0.56,0.5663,75439.4,2025-07-10 06:59:59.999,42500.70981,414,53682.2,30238.63133
2025-07-10 07:00:00,0.5662,0.5692,0.5647,0.5672,180053.4,2025-07-10 07:59:59.999,102122.33867,764,60221.2,34149.10827
2025-07-10 08:00:00,0.5671,0.5696,0.566,0.5692,92001.1,2025-07-10 08:59:59.999,52210.68365,610,55809.0,31667.20092
2025-07-10 09:00:00,0.5692,0.5696,0.5677,0.5685,74214.8,2025-07-10 09:59:59.999,42189.16971,415,46380.1,26364.32793
2025-07-10 10:00:00,0.5687,0.5696,0.5667,0.5695,72085.1,2025-07-10 10:59:59.999,40965.44593,410,37457.3,21287.20823
2025-07-10 11:00:00,0.5694,0.5698,0.5661,0.5672,52775.5,2025-07-10 11:59:59.999,29963.56424,284,33485.7,19012.16569
2025-07-10 12:00:00,0.5671,0.5678,0.5642,0.5677,126077.0,2025-07-10 12:59:59.999,71382.66824,460,57607.9,32622.41359
2025-07-10 13:00:00,0.5678,0.5706,0.5663,0.5678,200033.2,2025-07-10 13:59:59.999,113725.40996,1139,73654.8,41872.72647
2025-07-10 14:00:00,0.5682,0.5682,0.562,0.5653,244532.2,2025-07-10 14:59:59.999,138074.49858,1188,128357.7,72492.88214
2025-07-10 15:00:00,0.5654,0.5657,0.5612,0.5629,66104.6,2025-07-10 15:59:59.999,37243.84186,327,27956.1,15745.54791
2025-07-10 16:00:00,0.5629,0.5707,0.5623,0.5705,182853.3,2025-07-10 16:59:59.999,103524.46252,823,106926.0,60500.32186
2025-07-10 17:00:00,0.5706,0.5779,0.5691,0.5777,215255.0,2025-07-10 17:59:59.999,123447.41849,1005,98383.7,56439.28279
2025-07-10 18:00:00,0.5774,0.5774,0.571,0.5743,151827.4,2025-07-10 18:59:59.999,87190.6967,598,61913.8,35539.89233
2025-07-10 19:00:00,0.5743,0.5751,0.5714,0.5733,81457.1,2025-07-10 19:59:59.999,46713.38598,374,49242.7,28239.8552
2025-07-10 20:00:00,0.5727,0.5772,0.5727,0.5762,330162.7,2025-07-10 20:59:59.999,189981.9606,1185,183921.8,105889.72247
2025-07-10 21:00:00,0.5759,0.59,0.5756,0.5878,457635.2,2025-07-10 21:59:59.999,267045.05565,2961,239263.1,139564.79684
2025-07-10 22:00:00,0.5876,0.5926,0.5876,0.5923,251528.8,2025-07-10 22:59:59.999,148461.38831,1037,143525.7,84700.93446
2025-07-10 23:00:00,0.5923,0.5928,0.5886,0.5927,98970.7,2025-07-10 23:59:59.999,58503.56901,464,50198.4,29679.09382
2025-07-11 00:00:00,0.5927,0.5936,0.5847,0.5878,193052.1,2025-07-11 00:59:59.999,113610.64406,821,96492.5,56805.71076
2025-07-11 01:00:00,0.5877,0.5954,0.5876,0.5951,137792.3,2025-07-11 01:59:59.999,81611.68187,726,63676.7,37694.36144
2025-07-11 02:00:00,0.5951,0.6011,0.5938,0.6,105574.3,2025-07-11 02:59:59.999,63138.12293,672,51973.3,31101.89135
2025-07-11 03:00:00,0.5998,0.6017,0.5978,0.5997,115610.7,2025-07-11 03:59:59.999,69336.59476,717,64937.4,38949.78261
2025-07-11 04:00:00,0.5995,0.6007,0.5974,0.6006,123477.0,2025-07-11 04:59:59.999,73999.1349,770,54363.5,32590.19337
2025-07-11 05:00:00,0.6006,0.6053,0.6003,0.602,444971.2,2025-07-11 05:59:59.999,268351.44256,3385,302139.5,182190.13678
2025-07-11 06:00:00,0.6021,0.6069,0.5959,0.5972,293726.7,2025-07-11 06:59:59.999,177196.5929,1776,172368.9,104008.93134
2025-07-11 07:00:00,0.5971,0.6024,0.594,0.5978,134269.8,2025-07-11 07:59:59.999,80282.66992,876,72631.0,43437.23926
2025-07-11 08:00:00,0.5979,0.6014,0.5972,0.6013,136308.2,2025-07-11 08:59:59.999,81686.07453,804,64751.5,38823.61433
2025-07-11 09:00:00,0.6014,0.6047,0.5996,0.5996,197079.0,2025-07-11 09:59:59.999,118737.87006,973,107740.6,64938.28356
2025-07-11 10:00:00,0.5996,0.6031,0.5993,0.6,125240.0,2025-07-11 10:59:59.999,75286.69047,817,54589.9,32825.29291
2025-07-11 11:00:00,0.5998,0.6005,0.5961,0.6004,169751.5,2025-07-11 11:59:59.999,101598.52599,1096,81867.9,49018.8479
2025-07-11 12:00:00,0.6005,0.6105,0.6005,0.6099,205094.7,2025-07-11 12:59:59.999,124227.16872,1515,112164.8,67848.79696
2025-07-11 13:00:00,0.6102,0.6126,0.6025,0.6112,343522.5,2025-07-11 13:59:59.999,209123.12598,2438,159321.7,96979.92747
2025-07-11 14:00:00,0.6115,0.6174,0.6094,0.6148,422670.9,2025-07-11 14:59:59.999,259269.40259,2448,151770.0,93081.3039
2025-07-11 15:00:00,0.6146,0.6208,0.6023,0.6049,564284.1,2025-07-11 15:59:59.999,346443.18954,4064,224314.0,137388.49861
2025-07-11 16:00:00,0.6052,0.6111,0.5999,0.6103,420099.2,2025-07-11 16:59:59.999,254282.40151,2787,203576.6,123219.26581
2025-07-11 17:00:00,0.6102,0.6156,0.6089,0.615,126078.8,2025-07-11 17:59:59.999,77272.65779,779,70174.1,43017.66225
2025-07-11 18:00:00,0.6149,0.6149,0.6091,0.612,104070.0,2025-07-11 18:59:59.999,63624.84633,502,57512.5,35129.19832
2025-07-11 19:00:00,0.6122,0.6166,0.6086,0.6163,116669.8,2025-07-11 19:59:59.999,71597.58969,686,68818.4,42237.9338
2025-07-11 20:00:00,0.6162,0.6172,0.6087,0.6089,90902.8,2025-07-11 20:59:59.999,55768.64181,695,46015.3,28215.75875
2025-07-11 21:00:00,0.609,0.6107,0.5986,0.6028,253995.9,2025-07-11 21:59:59.999,153643.82054,1230,128746.1,77839.928
2025-07-11 22:00:00,0.603,0.6039,0.589,0.5949,258573.1,2025-07-11 22:59:59.999,153697.41273,1323,112600.6,66969.44895
2025-07-11 23:00:00,0.5949,0.6005,0.5942,0.5993,122196.3,2025-07-11 23:59:59.999,73102.51884,629,44915.9,26853.21338
2025-07-12 00:00:00,0.5992,0.6006,0.591,0.5975,127206.6,2025-07-12 00:59:59.999,75776.52403,747,52630.8,31355.09224
2025-07-12 01:00:00,0.5973,0.6071,0.5973,0.6063,164520.6,2025-07-12 01:59:59.999,99411.45349,938,84086.9,50810.22783
2025-07-12 02:00:00,0.6063,0.6109,0.6054,0.6077,100445.5,2025-07-12 02:59:59.999,61141.6132,602,32666.4,19893.04723
2025-07-12 03:00:00,0.6076,0.6127,0.6069,0.6111,84961.5,2025-07-12 03:59:59.999,51892.79272,556,40184.0,24534.90051
2025-07-12 04:00:00,0.6113,0.6125,0.6027,0.6042,108622.9,2025-07-12 04:59:59.999,65840.62998,597,41195.8,25000.4114
2025-07-12 05:00:00,0.6043,0.6217,0.6021,0.6164,459073.7,2025-07-12 05:59:59.999,282003.89145,2060,267285.8,164214.13617
2025-07-12 06:00:00,0.6167,0.6348,0.6161,0.6287,786776.9,2025-07-12 06:59:59.999,493717.2054,2883,451006.3,283176.54257
2025-07-12 07:00:00,0.6287,0.6367,0.6228,0.6323,953050.9,2025-07-12 07:59:59.999,600987.95058,2905,459139.1,289995.19244
2025-07-12 08:00:00,0.6323,0.6359,0.6213,0.6222,321130.6,2025-07-12 08:59:59.999,201893.09502,1306,170024.0,106740.0794
2025-07-12 09:00:00,0.6224,0.6303,0.6207,0.6301,174058.7,2025-07-12 09:59:59.999,108788.29552,895,101845.5,63697.59118
2025-07-12 10:00:00,0.6297,0.6367,0.6242,0.6349,268030.4,2025-07-12 10:59:59.999,169262.54183,1269,125016.6,78900.16078
2025-07-12 11:00:00,0.6352,0.65,0.6257,0.6266,1930254.4,2025-07-12 11:59:59.999,1230053.57254,8162,1072449.9,684115.49565
2025-07-12 12:00:00,0.6267,0.6291,0.6076,0.6125,760445.5,2025-07-12 12:59:59.999,469587.86164,3666,354386.0,218757.13474
2025-07-12 13:00:00,0.6122,0.6127,0.6022,0.6068,439760.7,2025-07-12 13:59:59.999,267298.55763,2415,222738.8,135393.39613
2025-07-12 14:00:00,0.6079,0.6104,0.6025,0.6031,250218.5,2025-07-12 14:59:59.999,151744.62519,1542,100881.1,61194.46076
2025-07-12 15:00:00,0.603,0.6037,0.5959,0.5986,264056.6,2025-07-12 15:59:59.999,158312.74701,2030,127111.6,76181.70749
2025-07-12 16:00:00,0.5988,0.6084,0.5963,0.6046,143971.3,2025-07-12 16:59:59.999,87036.98314,927,76903.3,46481.34791
2025-07-12 17:00:00,0.6048,0.6125,0.6038,0.6119,72625.8,2025-07-12 17:59:59.999,44284.98907,492,32484.5,19816.54222
2025-07-12 18:00:00,0.6112,0.6144,0.61,0.614,84928.0,2025-07-12 18:59:59.999,52017.5753,535,44412.5,27187.25829
2025-07-12 19:00:00,0.6139,0.6152,0.6117,0.615,61629.7,2025-07-12 19:59:59.999,37827.13574,405,44540.3,27336.99333
2025-07-12 20:00:00,0.615,0.615,0.6058,0.6064,163798.9,2025-07-12 20:59:59.999,100106.9398,881,85140.5,52058.85873
2025-07-12 21:00:00,0.6066,0.6168,0.6065,0.6158,404254.5,2025-07-12 21:59:59.999,247920.68525,1394,299926.7,184042.0258
2025-07-12 22:00:00,0.6159,0.6196,0.6118,0.6174,189314.2,2025-07-12 22:59:59.999,116626.12964,1105,80387.0,49536.5625
2025-07-12 23:00:00,0.6176,0.6237,0.6153,0.6232,213192.2,2025-07-12 23:59:59.999,132098.19273,1492,85884.7,53208.40332
2025-07-13 00:00:00,0.6231,0.6239,0.6175,0.6228,186678.5,2025-07-13 00:59:59.999,116003.39715,1887,64884.6,40317.97092
2025-07-13 01:00:00,0.6231,0.6254,0.6195,0.6214,230253.5,2025-07-13 01:59:59.999,143330.47532,3943,124153.5,77272.94386
2025-07-13 02:00:00,0.621,0.6229,0.6158,0.6215,223041.3,2025-07-13 02:59:59.999,137882.32766,2762,115261.5,71255.71487
2025-07-13 03:00:00,0.6218,0.623,0.6184,0.6202,126550.7,2025-07-13 03:59:59.999,78518.29005,1856,54042.0,33528.36128
2025-07-13 04:00:00,0.6204,0.629,0.619,0.6284,89072.6,2025-07-13 04:59:59.999,55567.77489,1000,38874.9,24233.23856
2025-07-13 05:00:00,0.6287,0.6302,0.6254,0.6261,92503.1,2025-07-13 05:59:59.999,58085.86315,731,40964.6,25713.21787
2025-07-13 06:00:00,0.6253,0.6328,0.6253,0.6313,118634.0,2025-07-13 06:59:59.999,74793.49718,889,56442.3,35585.57021
2025-07-13 07:00:00,0.6313,0.6365,0.6309,0.6354,147650.6,2025-07-13 07:59:59.999,93640.3066,908,67156.8,42579.15437
2025-07-13 08:00:00,0.6355,0.6367,0.6294,0.6327,154242.3,2025-07-13 08:59:59.999,97704.69543,1051,75216.4,47631.64192
2025-07-13 09:00:00,0.6327,0.6341,0.6284,0.631,116599.9,2025-07-13 09:59:59.999,73553.97677,704,57261.8,36132.85917
2025-07-13 10:00:00,0.631,0.632,0.6261,0.629,170720.1,2025-07-13 10:59:59.999,107428.83845,1298,54622.0,34366.85566
2025-07-13 11:00:00,0.6291,0.6359,0.6288,0.6354,67574.6,2025-07-13 11:59:59.999,42825.59343,578,29283.7,18556.81736
2025-07-13 12:00:00,0.6349,0.6414,0.6321,0.6381,151900.9,2025-07-13 12:59:59.999,96889.34184,1113,79403.4,50618.90681
2025-07-13 13:00:00,0.6382,0.6437,0.6349,0.6423,209535.8,2025-07-13 13:59:59.999,133828.91986,1461,105221.6,67235.88152
2025-07-13 14:00:00,0.6424,0.648,0.6409,0.6463,339846.5,2025-07-13 14:59:59.999,219351.0592,2680,174614.0,112701.00262
2025-07-13 15:00:00,0.6465,0.6516,0.644,0.6465,258065.0,2025-07-13 15:59:59.999,167280.29143,1817,138542.9,89833.78238
2025-07-13 16:00:00,0.647,0.6529,0.6441,0.6462,270249.2,2025-07-13 16:59:59.999,175709.11482,1572,165129.9,107433.28034
2025-07-13 17:00:00,0.646,0.6515,0.6422,0.6479,159869.5,2025-07-13 17:59:59.999,103490.82181,1109,90531.5,58630.94006
2025-07-13 18:00:00,0.6484,0.6507,0.6437,0.6441,239421.6,2025-07-13 18:59:59.999,154717.14836,1230,71454.6,46218.84187
2025-07-13 19:00:00,0.6441,0.6476,0.6422,0.643,201905.2,2025-07-13 19:59:59.999,130181.85638,1010,69858.0,45037.622
2025-07-13 20:00:00,0.6429,0.6477,0.6403,0.6467,119047.4,2025-07-13 20:59:59.999,76665.73315,783,59715.4,38481.83393
2025-07-13 21:00:00,0.6464,0.6465,0.6339,0.6368,172688.5,2025-07-13 21:59:59.999,110376.2355,1045,79424.3,50798.56229
2025-07-13 22:00:00,0.637,0.6381,0.6307,0.6366,153007.5,2025-07-13 22:59:59.999,97156.40898,1883,79129.8,50243.79334
2025-07-13 23:00:00,0.6364,0.6441,0.6353,0.644,115909.6,2025-07-13 23:59:59.999,74148.51265,1347,76818.8,49148.82821
2025-07-14 00:00:00,0.6441,0.6494,0.641,0.6427,273518.5,2025-07-14 00:59:59.999,176185.82432,2600,148177.8,95451.75788
2025-07-14 01:00:00,0.6428,0.6488,0.642,0.6482,182559.5,2025-07-14 01:59:59.999,117926.91352,2691,88267.9,57015.83421
2025-07-14 02:00:00,0.6483,0.6513,0.6452,0.6478,226789.5,2025-07-14 02:59:59.999,147008.38592,2324,125638.7,81498.1943
2025-07-14 03:00:00,0.6478,0.6562,0.6478,0.652,274519.8,2025-07-14 03:59:59.999,179047.53066,2449,159514.4,104013.30934
2025-07-14 04:00:00,0.6519,0.6602,0.6504,0.6595,164316.1,2025-07-14 04:59:59.999,107784.06635,1677,85896.1,56382.21642
2025-07-14 05:00:00,0.6594,0.664,0.6489,0.6538,353628.3,2025-07-14 05:59:59.999,232561.52391,3417,169458.1,111449.6889
2025-07-14 06:00:00,0.6538,0.655,0.6485,0.6515,152780.8,2025-07-14 06:59:59.999,99549.35641,1848,72479.0,47220.15132
2025-07-14 07:00:00,0.6513,0.6607,0.6512,0.6598,99628.7,2025-07-14 07:59:59.999,65413.65406,1481,51863.5,34071.22871
2025-07-14 08:00:00,0.6599,0.6608,0.6495,0.6534,137709.0,2025-07-14 08:59:59.999,90035.22422,1809,71134.1,46477.00319
2025-07-14 09:00:00,0.6535,0.6613,0.6498,0.6588,493473.0,2025-07-14 09:59:59.999,324111.19593,3733,224013.8,147183.54299
2025-07-14 10:00:00,0.6589,0.6617,0.6537,0.6594,274668.8,2025-07-14 10:59:59.999,180905.58302,2127,107097.2,70485.98645
2025-07-14 11:00:00,0.6595,0.6595,0.6483,0.6511,420412.6,2025-07-14 11:59:59.999,274270.16685,2752,242438.5,158223.58943
2025-07-14 12:00:00,0.651,0.6525,0.6449,0.6508,331493.8,2025-07-14 12:59:59.999,214871.45798,2758,222033.3,143947.96861
2025-07-14 13:00:00,0.6513,0.6549,0.6448,0.6522,195068.3,2025-07-14 13:59:59.999,126708.25242,2485,95972.9,62362.20387
2025-07-14 14:00:00,0.6523,0.6537,0.6402,0.6461,274175.0,2025-07-14 14:59:59.999,177150.70718,3424,128744.4,83122.80087
2025-07-14 15:00:00,0.6461,0.6478,0.6372,0.6412,279234.3,2025-07-14 15:59:59.999,179412.71097,3138,142492.0,91603.74529
2025-07-14 16:00:00,0.6411,0.6499,0.6398,0.6488,184074.4,2025-07-14 16:59:59.999,118706.91605,2234,101507.2,65448.74034
2025-07-14 17:00:00,0.6483,0.6486,0.6387,0.641,131459.7,2025-07-14 17:59:59.999,84483.79876,1297,50345.5,32305.44118
2025-07-14 18:00:00,0.6411,0.6415,0.6358,0.6358,160204.2,2025-07-14 18:59:59.999,102292.27245,1463,65466.6,41839.95495
2025-07-14 19:00:00,0.6357,0.6386,0.6332,0.6352,199014.0,2025-07-14 19:59:59.999,126444.98168,1805,108738.1,69096.47668
2025-07-14 20:00:00,0.6353,0.6386,0.6275,0.6356,188313.8,2025-07-14 20:59:59.999,119172.18875,2011,92957.9,58894.34289
2025-07-14 21:00:00,0.6355,0.6412,0.6343,0.6397,108064.9,2025-07-14 21:59:59.999,69002.66288,734,45858.6,29283.32405
2025-07-14 22:00:00,0.6396,0.6416,0.6356,0.6394,123522.1,2025-07-14 22:59:59.999,78930.03031,999,69329.4,44323.23999
2025-07-14 23:00:00,0.6393,0.6405,0.6351,0.6385,104993.8,2025-07-14 23:59:59.999,66937.57831,938,52357.0,33372.35512
2025-07-15 00:00:00,0.6385,0.6428,0.6317,0.6329,112693.6,2025-07-15 00:59:59.999,71756.34748,1445,45307.3,28847.76948
2025-07-15 01:00:00,0.6328,0.6367,0.6251,0.6311,267753.0,2025-07-15 01:59:59.999,168587.27198,2531,106615.7,67130.99124
2025-07-15 02:00:00,0.6312,0.6337,0.6242,0.6277,175380.6,2025-07-15 02:59:59.999,110230.20272,2680,65901.0,41425.32573
2025-07-15 03:00:00,0.6277,0.6278,0.6187,0.6247,256371.8,2025-07-15 03:59:59.999,159673.7696,3314,90594.5,56432.87025
2025-07-15 04:00:00,0.6246,0.6308,0.6188,0.6296,166446.2,2025-07-15 04:59:59.999,104171.71044,1794,65046.4,40756.46088
2025-07-15 05:00:00,0.6297,0.6313,0.6285,0.6306,51653.8,2025-07-15 05:59:59.999,32545.24586,635,22446.2,14141.20831
2025-07-15 06:00:00,0.6306,0.6326,0.6244,0.6271,131360.3,2025-07-15 06:59:59.999,82509.49911,1237,57496.3,36118.5813
2025-07-15 07:00:00,0.6272,0.6297,0.6244,0.6248,93572.6,2025-07-15 07:59:59.999,58664.90111,887,45558.9,28564.1944
2025-07-15 08:00:00,0.6249,0.6271,0.62,0.6256,111627.0,2025-07-15 08:59:59.999,69574.61144,1053,56536.8,35247.04917
2025-07-15 09:00:00,0.6253,0.6306,0.6252,0.6277,77008.0,2025-07-15 09:59:59.999,48416.15241,585,38908.7,24468.14269
2025-07-15 10:00:00,0.6277,0.631,0.6272,0.6295,83846.6,2025-07-15 10:59:59.999,52779.59556,694,54213.1,34134.84656
2025-07-15 11:00:00,0.6294,0.6313,0.6244,0.6303,83467.5,2025-07-15 11:59:59.999,52329.01466,831,40396.3,25326.25281
2025-07-15 12:00:00,0.6304,0.6382,0.6259,0.6362,249343.6,2025-07-15 12:59:59.999,157837.00506,2150,137025.2,86781.73706
2025-07-15 13:00:00,0.6362,0.6426,0.6346,0.6399,166421.7,2025-07-15 13:59:59.999,106343.48827,1961,67096.1,42879.27136
2025-07-15 14:00:00,0.64,0.6425,0.6254,0.6276,274569.5,2025-07-15 14:59:59.999,173815.51593,2621,131290.1,83095.08667
2025-07-15 15:00:00,0.6276,0.6392,0.626,0.6381,162701.9,2025-07-15 15:59:59.999,102884.87318,1751,80477.4,50871.8354
2025-07-15 16:00:00,0.6381,0.6446,0.6374,0.642,150590.4,2025-07-15 16:59:59.999,96635.74665,1548,60472.1,38835.02338
2025-07-15 17:00:00,0.6424,0.6514,0.6423,0.6514,116230.3,2025-07-15 17:59:59.999,75182.33612,1260,58850.7,38082.3767
2025-07-15 18:00:00,0.6514,0.6545,0.6415,0.6469,212055.8,2025-07-15 18:59:59.999,137487.85801,2856,84163.9,54564.2358
2025-07-15 19:00:00,0.6468,0.6498,0.6368,0.6379,126727.7,2025-07-15 19:59:59.999,81533.33994,1621,62095.8,39944.16198
2025-07-15 20:00:00,0.6379,0.6431,0.6371,0.6408,91888.9,2025-07-15 20:59:59.999,58886.46492,1308,33531.7,21486.09066
2025-07-15 21:00:00,0.6406,0.6495,0.6404,0.6475,86914.9,2025-07-15 21:59:59.999,56091.23726,553,55694.2,35951.87755
2025-07-15 22:00:00,0.648,0.648,0.644,0.6475,50047.8,2025-07-15 22:59:59.999,32331.24591,488,19728.8,12743.80542
2025-07-15 23:00:00,0.6477,0.6529,0.6477,0.6513,137042.0,2025-07-15 23:59:59.999,89253.27273,1161,74131.8,48264.61714
2025-07-16 00:00:00,0.6513,0.6563,0.649,0.6551,126917.6,2025-07-16 00:59:59.999,82808.40422,1090,42373.0,27666.0583
2025-07-16 01:00:00,0.6549,0.6549,0.65,0.6515,85440.2,2025-07-16 01:59:59.999,55700.89397,724,38987.5,25404.93722
2025-07-16 02:00:00,0.6514,0.6516,0.6402,0.6434,91905.2,2025-07-16 02:59:59.999,59336.9805,749,38582.8,24905.36064
2025-07-16 03:00:00,0.6434,0.6475,0.6415,0.645,81731.1,2025-07-16 03:59:59.999,52678.23401,599,46632.9,30051.84623
2025-07-16 04:00:00,0.6456,0.6492,0.6417,0.6489,58235.8,2025-07-16 04:59:59.999,37596.28898,576,21439.9,13845.14709
2025-07-16 05:00:00,0.6489,0.6522,0.6483,0.6494,54619.5,2025-07-16 05:59:59.999,35525.59806,525,25055.2,16297.03887
2025-07-16 06:00:00,0.6494,0.6533,0.6471,0.6532,72612.4,2025-07-16 06:59:59.999,47197.33348,566,42083.9,27362.47782
2025-07-16 07:00:00,0.6534,0.6572,0.652,0.6551,77800.0,2025-07-16 07:59:59.999,50931.84911,579,35856.1,23483.29919
2025-07-16 08:00:00,0.6553,0.6553,0.6525,0.6547,62614.5,2025-07-16 08:59:59.999,40957.30983,544,31785.9,20790.9962
2025-07-16 09:00:00,0.6549,0.657,0.6501,0.652,103443.6,2025-07-16 09:59:59.999,67560.26883,891,52506.8,34312.20192
2025-07-16 10:00:00,0.6523,0.6524,0.648,0.6486,82374.8,2025-07-16 10:59:59.999,53537.93521,537,38840.8,25238.99541
2025-07-16 11:00:00,0.6489,0.6537,0.6489,0.6523,74626.3,2025-07-16 11:59:59.999,48672.06467,634,41909.6,27334.38923
2025-07-16 12:00:00,0.6523,0.6542,0.6479,0.6485,158584.7,2025-07-16 12:59:59.999,103039.92277,982,75983.5,49368.61116
2025-07-16 13:00:00,0.6484,0.6498,0.6448,0.6488,95950.1,2025-07-16 13:59:59.999,62145.9824,775,46669.6,30231.19722
2025-07-16 14:00:00,0.6488,0.657,0.644,0.6538,250088.8,2025-07-16 14:59:59.999,162910.58232,1904,132434.9,86272.1006
2025-07-16 15:00:00,0.6541,0.6554,0.6434,0.6478,244860.5,2025-07-16 15:59:59.999,158940.92293,1813,132233.3,85815.49154
2025-07-16 16:00:00,0.6479,0.6588,0.647,0.6586,191547.3,2025-07-16 16:59:59.999,125348.75892,1296,80507.1,52657.85619
2025-07-16 17:00:00,0.6587,0.6622,0.6581,0.6599,175450.0,2025-07-16 17:59:59.999,115746.55144,1129,83524.3,55095.38941
2025-07-16 18:00:00,0.66,0.664,0.6594,0.6603,161871.8,2025-07-16 18:59:59.999,107165.64466,1028,76361.4,50578.66317
2025-07-16 19:00:00,0.6608,0.6613,0.6546,0.6569,158838.6,2025-07-16 19:59:59.999,104460.56608,951,69595.2,45797.14255
2025-07-16 20:00:00,0.6569,0.6671,0.6568,0.6622,232096.4,2025-07-16 20:59:59.999,153770.64834,1430,124661.1,82570.16931
2025-07-16 21:00:00,0.6623,0.6723,0.6606,0.6682,208495.8,2025-07-16 21:59:59.999,139269.33729,1385,101254.0,67625.87408
2025-07-16 22:00:00,0.6683,0.6705,0.6576,0.6587,92886.8,2025-07-16 22:59:59.999,61701.69292,760,35880.4,23837.68861
2025-07-16 23:00:00,0.6592,0.6594,0.6519,0.6564,99866.3,2025-07-16 23:59:59.999,65466.78304,886,38549.3,25260.96538
2025-07-17 00:00:00,0.6566,0.6672,0.656,0.6583,201198.0,2025-07-17 00:59:59.999,133343.37165,1798,114183.5,75692.44907
2025-07-17 01:00:00,0.6583,0.6614,0.6454,0.6514,231567.5,2025-07-17 01:59:59.999,151057.26623,1877,117824.4,76924.89117
2025-07-17 02:00:00,0.6514,0.6574,0.6506,0.6564,93224.3,2025-07-17 02:59:59.999,61012.33731,716,37214.8,24357.25619
2025-07-17 03:00:00,0.6567,0.6567,0.6452,0.6489,78958.2,2025-07-17 03:59:59.999,51281.36386,816,35726.8,23188.38297
2025-07-17 04:00:00,0.6488,0.6554,0.647,0.6544,319542.3,2025-07-17 04:59:59.999,208234.93046,1284,190970.3,124546.10255
2025-07-17 05:00:00,0.6544,0.6572,0.6505,0.657,97913.0,2025-07-17 05:59:59.999,64011.23992,736,44554.8,29128.63202
2025-07-17 06:00:00,0.6568,0.6594,0.6478,0.6515,492722.3,2025-07-17 06:59:59.999,321245.99188,2571,205628.6,134132.05391
2025-07-17 07:00:00,0.6514,0.6545,0.6468,0.6539,234111.1,2025-07-17 07:59:59.999,152344.5064,1302,110791.9,72095.95004
2025-07-17 08:00:00,0.6539,0.6549,0.6499,0.6545,138239.9,2025-07-17 08:59:59.999,90217.21817,879,50212.7,32784.60681
2025-07-17 09:00:00,0.6545,0.6613,0.653,0.6584,189371.7,2025-07-17 09:59:59.999,124662.96483,1102,108101.4,71139.94363
2025-07-17 10:00:00,0.6585,0.6594,0.6517,0.6564,286774.0,2025-07-17 10:59:59.999,188059.84793,1359,110124.4,72154.01464
2025-07-17 11:00:00,0.6563,0.6591,0.6534,0.6541,226529.7,2025-07-17 11:59:59.999,148634.78212,1359,125167.9,82122.67135
2025-07-17 12:00:00,0.6547,0.6609,0.6503,0.6594,230342.4,2025-07-17 12:59:59.999,150907.10259,1300,112491.9,73743.82336
2025-07-17 13:00:00,0.6592,0.6619,0.6456,0.654,379659.6,2025-07-17 13:59:59.999,248173.42637,2110,163583.9,106949.64433
2025-07-17 14:00:00,0.654,0.6592,0.6513,0.6571,118247.5,2025-07-17 14:59:59.999,77522.98245,915,71807.6,47083.45326
2025-07-17 15:00:00,0.6575,0.6577,0.6485,0.6505,240609.4,2025-07-17 15:59:59.999,156891.3956,1309,126703.8,82599.65607
2025-07-17 16:00:00,0.6504,0.6533,0.6403,0.6439,414627.9,2025-07-17 16:59:59.999,268006.99884,2143,269695.9,174420.12066
2025-07-17 17:00:00,0.6441,0.6502,0.6419,0.6495,172904.6,2025-07-17 17:59:59.999,111835.69674,1083,72121.2,46652.89576
2025-07-17 18:00:00,0.65,0.6527,0.6486,0.6519,106281.7,2025-07-17 18:59:59.999,69145.70371,709,51934.4,33788.88348
2025-07-17 19:00:00,0.6523,0.6556,0.6409,0.6415,132524.4,2025-07-17 19:59:59.999,86105.82142,1038,62503.0,40605.17891
2025-07-17 20:00:00,0.6416,0.6481,0.6384,0.6471,234534.9,2025-07-17 20:59:59.999,150814.44577,1492,122855.4,78974.30155
2025-07-17 21:00:00,0.6472,0.6601,0.6467,0.6575,350267.0,2025-07-17 21:59:59.999,229243.50497,2089,159444.2,104446.10555
2025-07-17 22:00:00,0.6577,0.6764,0.6558,0.6717,702815.3,2025-07-17 22:59:59.999,469950.8391,3567,343724.2,229623.57579
2025-07-17 23:00:00,0.6718,0.6769,0.6667,0.6704,559378.7,2025-07-17 23:59:59.999,376235.23504,3306,295099.9,198357.85395
2025-07-18 00:00:00,0.6705,0.6776,0.6642,0.6774,385543.7,2025-07-18 00:59:59.999,258339.56757,2550,213779.4,143259.66958
2025-07-18 01:00:00,0.6776,0.6849,0.6757,0.6839,373474.3,2025-07-18 01:59:59.999,253956.20887,2407,187548.1,127584.64896
2025-07-18 02:00:00,0.6841,0.6868,0.6799,0.6863,192871.8,2025-07-18 02:59:59.999,131863.15798,1568,89503.0,61186.66477
2025-07-18 03:00:00,0.6864,0.6897,0.6825,0.6835,336087.3,2025-07-18 03:59:59.999,230786.90018,2118,168182.6,115531.24944
2025-07-18 04:00:00,0.6836,0.6979,0.6818,0.6972,281944.1,2025-07-18 04:59:59.999,194191.6,1660,186940.5,128686.27624
2025-07-18 05:00:00,0.6974,0.7269,0.696,0.7233,1262373.2,2025-07-18 05:59:59.999,898023.63193,6196,741420.3,527439.68805
2025-07-18 06:00:00,0.7228,0.7274,0.7151,0.723,870949.0,2025-07-18 06:59:59.999,627502.42653,4545,446448.2,321513.76203
2025-07-18 07:00:00,0.7236,0.7291,0.715,0.7168,652676.6,2025-07-18 07:59:59.999,471075.88282,3745,308387.6,222573.92876
2025-07-18 08:00:00,0.7171,0.7316,0.7157,0.724,844273.9,2025-07-18 08:59:59.999,612142.83031,5181,397688.0,288276.43681
2025-07-18 09:00:00,0.724,0.7345,0.7161,0.7318,701661.2,2025-07-18 09:59:59.999,508871.09188,4439,340135.3,246761.80515
2025-07-18 10:00:00,0.7318,0.7515,0.7247,0.7506,1860970.6,2025-07-18 10:59:59.999,1377415.11212,8442,1028901.3,762218.63933
2025-07-18 11:00:00,0.7507,0.7585,0.732,0.7397,1456973.6,2025-07-18 11:59:59.999,1083964.60151,7000,664731.7,494255.81011
2025-07-18 12:00:00,0.7397,0.743,0.7295,0.7317,1331398.9,2025-07-18 12:59:59.999,977885.63126,6249,510071.4,374688.00608
2025-07-18 13:00:00,0.7319,0.7321,0.7134,0.7251,1082175.9,2025-07-18 13:59:59.999,780482.34592,5923,408974.3,295179.01837
2025-07-18 14:00:00,0.7251,0.7291,0.7022,0.7125,2044348.6,2025-07-18 14:59:59.999,1455016.27037,12339,860143.7,612152.11557
2025-07-18 15:00:00,0.7123,0.7167,0.6962,0.6986,606317.7,2025-07-18 15:59:59.999,426732.30465,4060,275096.1,193805.80108
2025-07-18 16:00:00,0.6989,0.7089,0.6988,0.7024,351614.4,2025-07-18 16:59:59.999,247423.35338,2626,176942.9,124539.79181
2025-07-18 17:00:00,0.7025,0.7091,0.6971,0.7045,263826.9,2025-07-18 17:59:59.999,185413.23612,1531,144327.4,101406.09282
2025-07-18 18:00:00,0.7042,0.7062,0.6956,0.6979,217231.7,2025-07-18 18:59:59.999,152272.83985,1393,108084.9,75809.109
2025-07-18 19:00:00,0.6979,0.7036,0.6928,0.6973,193685.0,2025-07-18 19:59:59.999,135129.91412,1957,93154.3,65018.87335
2025-07-18 20:00:00,0.6978,0.6986,0.6801,0.6917,659582.4,2025-07-18 20:59:59.999,453283.32548,4665,303747.6,208714.59221
2025-07-18 21:00:00,0.6914,0.7031,0.6908,0.6972,264751.2,2025-07-18 21:59:59.999,184678.93563,1520,126805.1,88474.43119
2025-07-18 22:00:00,0.6974,0.7006,0.6883,0.6893,302605.6,2025-07-18 22:59:59.999,210266.25322,1898,144099.1,100094.07908
2025-07-18 23:00:00,0.6894,0.6969,0.6864,0.6966,139089.4,2025-07-18 23:59:59.999,96349.77877,996,87647.2,60739.46954
2025-07-19 00:00:00,0.6968,0.7019,0.6876,0.6876,245266.2,2025-07-19 00:59:59.999,170847.81944,1786,94769.5,66087.08666
2025-07-19 01:00:00,0.6875,0.7001,0.6833,0.6992,184539.5,2025-07-19 01:59:59.999,127978.41765,1695,87541.8,60733.66843
2025-07-19 02:00:00,0.6999,0.7022,0.6935,0.7009,114925.2,2025-07-19 02:59:59.999,80192.61898,1150,53373.6,37245.4482
2025-07-19 03:00:00,0.7011,0.7103,0.7009,0.7091,156227.0,2025-07-19 03:59:59.999,110190.6194,1094,66624.0,46999.33793
2025-07-19 04:00:00,0.7097,0.7297,0.7079,0.7264,1021298.2,2025-07-19 04:59:59.999,736406.00725,4507,448979.2,323645.36099
2025-07-19 05:00:00,0.7267,0.7543,0.7221,0.7491,3649506.8,2025-07-19 05:59:59.999,2694723.66667,20674,2120902.8,1566577.60833
2025-07-19 06:00:00,0.7488,0.815,0.7448,0.7935,8190147.3,2025-07-19 06:59:59.999,6453852.48433,44292,4195382.8,3302721.96217
2025-07-19 07:00:00,0.7935,0.805,0.7713,0.7972,3678184.4,2025-07-19 07:59:59.999,2910042.07357,17203,1830613.2,1447943.95337
2025-07-19 08:00:00,0.7972,0.8314,0.7707,0.7737,6291535.0,2025-07-19 08:59:59.999,5072471.50022,30827,3072630.1,2475326.91167
2025-07-19 09:00:00,0.7746,0.7907,0.7708,0.7818,2055964.5,2025-07-19 09:59:59.999,1604048.66329,8080,1041261.8,812083.77641
2025-07-19 10:00:00,0.7814,0.7903,0.7586,0.7592,1946787.2,2025-07-19 10:59:59.999,1495951.27385,9879,973602.9,747950.4099
2025-07-19 11:00:00,0.7593,0.7618,0.7482,0.7509,1372503.8,2025-07-19 11:59:59.999,1036803.81419,7086,675459.1,510329.98902
2025-07-19 12:00:00,0.7512,0.7585,0.7459,0.7584,1014348.5,2025-07-19 12:59:59.999,763194.26732,5206,449097.7,338060.76457
2025-07-19 13:00:00,0.7583,0.7784,0.7567,0.772,2251486.5,2025-07-19 13:59:59.999,1731832.63203,9931,1123836.1,864420.67641
2025-07-19 14:00:00,0.7723,0.812,0.7547,0.7737,6024685.6,2025-07-19 14:59:59.999,4696667.28405,25634,2869681.0,2236179.02826
2025-07-19 15:00:00,0.7735,0.859,0.7708,0.8416,6354496.6,2025-07-19 15:59:59.999,5200435.46503,24814,3220279.4,2638127.6155
2025-07-19 16:00:00,0.8409,0.88,0.8331,0.8518,6805728.2,2025-07-19 16:59:59.999,5795643.45549,28079,3607735.5,3073277.66601
2025-07-19 17:00:00,0.8522,1.066,0.8466,1.0559,14299906.1,2025-07-19 17:59:59.999,13654005.42529,57637,7559874.2,7223598.83195
2025-07-19 18:00:00,1.0559,1.17,0.964,1.0583,19788970.2,2025-07-19 18:59:59.999,20839383.76374,92990,10348887.5,10889996.96049
2025-07-19 19:00:00,1.0584,1.109,1.0,1.0245,12200287.8,2025-07-19 19:59:59.999,12700636.98127,44821,6111825.4,6366078.70962
2025-07-19 20:00:00,1.0245,1.0691,0.9932,1.0223,7729451.9,2025-07-19 20:59:59.999,7986349.57047,31023,3847926.0,3975414.69425
2025-07-19 21:00:00,1.0222,1.046,0.9739,0.9981,4115513.2,2025-07-19 21:59:59.999,4175045.00742,24390,1979283.5,2008224.63064
2025-07-19 22:00:00,0.998,1.0028,0.955,0.9764,4515952.7,2025-07-19 22:59:59.999,4404454.07916,30403,2311618.0,2254816.39573
2025-07-19 23:00:00,0.9769,1.0427,0.9707,1.0343,5445131.2,2025-07-19 23:59:59.999,5493051.87178,38260,2687458.7,2709447.24962
2025-07-20 00:00:00,1.0343,1.0426,0.9801,1.0009,8254781.5,2025-07-20 00:59:59.999,8328419.97379,60244,4120219.2,4159265.61308
2025-07-20 01:00:00,1.0007,1.0141,0.9824,1.002,4573414.1,2025-07-20 01:59:59.999,4564873.35314,36006,2435631.5,2430973.10609
2025-07-20 02:00:00,1.0019,1.0038,0.9675,0.9726,3228472.1,2025-07-20 02:59:59.999,3176658.83489,26864,1568563.9,1542993.37659
2025-07-20 03:00:00,0.9727,1.005,0.9579,0.9966,4059036.7,2025-07-20 03:59:59.999,3981397.73604,32659,2130756.6,2088405.88203
2025-07-20 04:00:00,0.9966,1.1874,0.9938,1.1143,20419578.4,2025-07-20 04:59:59.999,22343087.5928,174976,10864474.8,11876849.01064
2025-07-20 05:00:00,1.1144,1.2156,1.1126,1.1743,13866974.7,2025-07-20 05:59:59.999,16230436.02461,98997,7278048.4,8517334.70484
2025-07-20 06:00:00,1.1743,1.1933,1.0744,1.0875,7513374.1,2025-07-20 06:59:59.999,8593688.70166,43246,3995568.1,4571301.29553
2025-07-20 07:00:00,1.0873,1.1476,1.0849,1.1434,4891807.5,2025-07-20 07:59:59.999,5425215.33233,34361,2647681.6,2935662.46859
2025-07-20 08:00:00,1.143,1.1749,1.1242,1.13,6164586.3,2025-07-20 08:59:59.999,7080072.27032,38067,2965045.8,3408872.15343
2025-07-20 09:00:00,1.13,1.1492,1.0935,1.1161,5634736.6,2025-07-20 09:59:59.999,6265994.74168,31844,2612098.3,2906946.59713
2025-07-20 10:00:00,1.116,1.18,1.1081,1.1747,4720950.7,2025-07-20 10:59:59.999,5336645.49814,27525,2328634.5,2631635.16401
2025-07-20 11:00:00,1.1746,1.2294,1.1117,1.15,15393530.0,2025-07-20 11:59:59.999,17884277.98793,83265,7100048.4,8262184.69477
2025-07-20 12:00:00,1.1499,1.1903,1.1411,1.1781,6489636.3,2025-07-20 12:59:59.999,7583261.99909,34494,3096788.8,3619222.80769
2025-07-20 13:00:00,1.178,1.1967,1.145,1.1644,5463822.3,2025-07-20 13:59:59.999,6365748.05366,26469,2661082.2,3100962.3074
2025-07-20 14:00:00,1.1643,1.1698,1.1256,1.1622,4658406.3,2025-07-20 14:59:59.999,5355455.37249,24754,2483291.4,2854214.47917
2025-07-20 15:00:00,1.1623,1.1738,1.12,1.1396,5238037.8,2025-07-20 15:59:59.999,5988898.91632,30714,2740423.9,3133566.32473
2025-07-20 16:00:00,1.1397,1.1405,1.09,1.1216,5601043.9,2025-07-20 16:59:59.999,6244609.59678,30839,2961964.4,3302292.90256
2025-07-20 17:00:00,1.1214,1.1386,1.1033,1.1046,3407679.9,2025-07-20 17:59:59.999,3811587.65378,23930,1826549.9,2043865.52785
2025-07-20 18:00:00,1.1047,1.116,1.085,1.1135,3471534.2,2025-07-20 18:59:59.999,3824153.92008,19296,1876775.7,2067739.77376
2025-07-20 19:00:00,1.1134,1.1245,1.1056,1.1194,1637890.2,2025-07-20 19:59:59.999,1827374.18166,16343,1046341.9,1167345.27979
2025-07-20 20:00:00,1.1195,1.1244,1.0925,1.095,1468364.2,2025-07-20 20:59:59.999,1624575.51067,13335,799026.1,884866.30419
2025-07-20 21:00:00,1.095,1.1078,1.0914,1.1013,1040054.9,2025-07-20 21:59:59.999,1144379.81383,10007,679712.3,748025.15992
2025-07-20 22:00:00,1.1014,1.1032,1.055,1.0855,1893472.4,2025-07-20 22:59:59.999,2034869.52945,15835,1097759.2,1179286.30166
2025-07-20 23:00:00,1.0852,1.0852,1.0681,1.0727,1460004.7,2025-07-20 23:59:59.999,1567116.55999,13040,927049.3,994933.31712
2025-07-21 00:00:00,1.0727,1.0994,1.0486,1.0752,2872946.5,2025-07-21 00:59:59.999,3077122.04239,24397,1576295.1,1686611.99676
2025-07-21 01:00:00,1.0752,1.0868,1.049,1.0571,1333449.4,2025-07-21 01:59:59.999,1419768.71439,10621,725963.9,772988.00687
2025-07-21 02:00:00,1.0572,1.075,1.0519,1.0595,1115170.4,2025-07-21 02:59:59.999,1183518.36492,8750,627664.6,666013.15139
2025-07-21 03:00:00,1.0597,1.0853,1.0577,1.0822,1153790.4,2025-07-21 03:59:59.999,1238888.86593,11259,677963.0,727809.45005
2025-07-21 04:00:00,1.0823,1.0956,1.0746,1.0803,1076600.3,2025-07-21 04:59:59.999,1166199.81961,8937,617138.4,668141.71313
2025-07-21 05:00:00,1.0801,1.0953,1.0757,1.0876,936510.5,2025-07-21 05:59:59.999,1013940.94575,8598,470894.6,509864.09048
2025-07-21 06:00:00,1.0874,1.0991,1.077,1.0827,1340683.4,2025-07-21 06:59:59.999,1459025.25518,9497,681305.5,741401.90698
2025-07-21 07:00:00,1.0826,1.085,1.0698,1.0795,991204.1,2025-07-21 07:59:59.999,1066884.95198,7401,572532.8,616303.86495
2025-07-21 08:00:00,1.0794,1.0842,1.0639,1.0668,999039.8,2025-07-21 08:59:59.999,1070926.68533,7051,596391.7,638992.61571
2025-07-21 09:00:00,1.067,1.0753,1.0555,1.0635,984713.8,2025-07-21 09:59:59.999,1046783.51427,8023,473590.4,503156.04381
2025-07-21 10:00:00,1.0635,1.0702,1.0521,1.0679,783094.6,2025-07-21 10:59:59.999,831293.25045,8120,421969.4,447805.12726
2025-07-21 11:00:00,1.0676,1.09,1.0644,1.081,1237816.6,2025-07-21 11:59:59.999,1333663.90118,8978,650077.2,700651.24952
2025-07-21 12:00:00,1.081,1.0883,1.0578,1.0675,1231758.6,2025-07-21 12:59:59.999,1319191.94599,7695,711023.8,761912.45198
2025-07-21 13:00:00,1.0675,1.0733,1.0547,1.0621,887298.2,2025-07-21 13:59:59.999,942747.13143,6479,512182.7,544416.92345
2025-07-21 14:00:00,1.0621,1.089,1.0606,1.0644,1435496.7,2025-07-21 14:59:59.999,1536665.85254,10147,807960.3,864919.63663
2025-07-21 15:00:00,1.0643,1.0713,1.0321,1.0398,1428164.0,2025-07-21 15:59:59.999,1500228.02525,10026,674321.3,707398.20057
2025-07-21 16:00:00,1.0399,1.0484,1.0334,1.0378,1000227.8,2025-07-21 16:59:59.999,1039660.0753,7513,520831.7,541530.3897
2025-07-21 17:00:00,1.038,1.0406,1.0315,1.0353,603331.8,2025-07-21 17:59:59.999,624716.5328,4798,392140.4,406009.21409
2025-07-21 18:00:00,1.0356,1.039,1.0186,1.0222,605522.5,2025-07-21 18:59:59.999,623409.44926,5466,298160.3,306763.57207
2025-07-21 19:00:00,1.0221,1.0278,1.0115,1.0146,666553.4,2025-07-21 19:59:59.999,679538.58919,7585,379625.6,387213.52879
2025-07-21 20:00:00,1.0147,1.0212,1.004,1.0063,505551.4,2025-07-21 20:59:59.999,512464.18346,5976,223934.0,227057.37309
2025-07-21 21:00:00,1.0062,1.0091,1.0031,1.007,294919.4,2025-07-21 21:59:59.999,296753.86579,3886,173762.6,174854.14707
2025-07-21 22:00:00,1.0068,1.0108,0.9909,0.9987,1890674.0,2025-07-21 22:59:59.999,1891298.53717,12402,873591.5,873450.76311
2025-07-21 23:00:00,0.9988,1.0023,0.9905,0.9927,747429.2,2025-07-21 23:59:59.999,744592.80039,5861,359424.9,358064.50144
2025-07-22 00:00:00,0.9928,1.0007,0.9785,0.9792,1349954.3,2025-07-22 00:59:59.999,1334307.45868,10163,684956.9,677160.03899
2025-07-22 01:00:00,0.9793,0.991,0.9686,0.9858,1167556.6,2025-07-22 01:59:59.999,1141694.67581,9588,600980.0,587565.95282
2025-07-22 02:00:00,0.9858,0.9908,0.9731,0.9761,791513.6,2025-07-22 02:59:59.999,776975.01087,7105,429334.2,421429.32819
2025-07-22 03:00:00,0.9763,0.9774,0.9645,0.9727,734657.2,2025-07-22 03:59:59.999,713181.01395,6742,400161.9,388597.4509
2025-07-22 04:00:00,0.9725,0.9782,0.9594,0.9596,769987.6,2025-07-22 04:59:59.999,744881.32476,6896,395041.5,382020.67461
2025-07-22 05:00:00,0.9595,0.9851,0.9595,0.9728,1034251.8,2025-07-22 05:59:59.999,1008550.97473,8635,540043.9,526647.95548
2025-07-22 06:00:00,0.9725,0.9833,0.9713,0.975,536241.4,2025-07-22 06:59:59.999,524110.37397,4774,256051.3,250323.73762
2025-07-22 07:00:00,0.9751,0.9793,0.9631,0.9648,362456.3,2025-07-22 07:59:59.999,352228.98568,3912,209451.0,203499.6067
2025-07-22 08:00:00,0.9648,0.9652,0.9481,0.9531,707204.0,2025-07-22 08:59:59.999,674762.01444,7192,371971.5,354969.63188
2025-07-22 09:00:00,0.9531,0.9567,0.9362,0.9507,895236.0,2025-07-22 09:59:59.999,845805.00737,7053,418399.6,395415.58766
2025-07-22 10:00:00,0.9505,0.9596,0.9457,0.9571,690217.1,2025-07-22 10:59:59.999,656944.81321,4863,408026.7,388431.31985
2025-07-22 11:00:00,0.957,0.957,0.9461,0.9499,702383.2,2025-07-22 11:59:59.999,667530.43165,5469,408508.2,388251.75189
2025-07-22 12:00:00,0.9498,0.9629,0.9475,0.9495,843943.3,2025-07-22 12:59:59.999,805807.6454,5900,571107.4,545185.97803
2025-07-22 13:00:00,0.9496,0.9568,0.9393,0.946,1016662.8,2025-07-22 13:59:59.999,964706.51811,8604,642454.5,609651.5127
2025-07-22 14:00:00,0.9458,0.9564,0.9331,0.9556,862963.9,2025-07-22 14:59:59.999,812704.12895,8190,481369.2,453452.09372
2025-07-22 15:00:00,0.9556,0.9573,0.9483,0.9542,653795.0,2025-07-22 15:59:59.999,622832.74545,5755,315452.0,300578.24449
2025-07-22 16:00:00,0.9541,0.9594,0.9453,0.9484,423475.0,2025-07-22 16:59:59.999,403519.35969,4163,196773.8,187369.05681
2025-07-22 17:00:00,0.9485,0.9518,0.9396,0.9468,307344.8,2025-07-22 17:59:59.999,290303.92482,4027,187881.8,177444.67322
2025-07-22 18:00:00,0.9468,0.9556,0.9447,0.9496,432594.9,2025-07-22 18:59:59.999,410277.16074,5423,248082.4,235246.84707
2025-07-22 19:00:00,0.95,0.9513,0.9345,0.9368,347230.1,2025-07-22 19:59:59.999,327176.90692,4388,162603.9,153159.30227
2025-07-22 20:00:00,0.9367,0.9494,0.9305,0.9453,559811.9,2025-07-22 20:59:59.999,526524.3294,4305,298365.9,280662.83898
2025-07-22 21:00:00,0.9458,0.953,0.9418,0.9498,259146.7,2025-07-22 21:59:59.999,245856.32717,2351,137900.3,130800.64296
2025-07-22 22:00:00,0.9498,0.9551,0.9433,0.9522,358799.2,2025-07-22 22:59:59.999,340459.49277,3469,186273.3,176782.0244
2025-07-22 23:00:00,0.9521,0.9775,0.9512,0.9675,848437.3,2025-07-22 23:59:59.999,819914.77117,6673,485395.9,469157.27778
2025-07-23 00:00:00,0.9674,0.9704,0.9547,0.967,1042307.1,2025-07-23 00:59:59.999,1002096.24926,7940,551323.0,529916.58375
2025-07-23 01:00:00,0.9671,0.9941,0.9615,0.9885,1817258.8,2025-07-23 01:59:59.999,1779366.65368,12070,963308.1,942717.46427
2025-07-23 02:00:00,0.9884,1.0232,0.9652,0.976,3911412.9,2025-07-23 02:59:59.999,3894353.93988,22846,2027508.7,2020667.653
2025-07-23 03:00:00,0.9758,0.9781,0.9591,0.9599,862270.0,2025-07-23 03:59:59.999,836365.41594,6958,402967.7,391057.00134
2025-07-23 04:00:00,0.9599,0.9736,0.9561,0.9587,969816.9,2025-07-23 04:59:59.999,935126.42104,6885,507507.9,489408.88268
2025-07-23 05:00:00,0.9592,0.9617,0.949,0.9539,522094.1,2025-07-23 05:59:59.999,498582.83258,3996,256827.2,245224.39698
2025-07-23 06:00:00,0.9541,0.9621,0.951,0.9536,796519.2,2025-07-23 06:59:59.999,762074.39662,5223,499367.6,477969.88343
2025-07-23 07:00:00,0.9536,0.9543,0.9386,0.9418,625897.7,2025-07-23 07:59:59.999,592319.55262,4748,300910.7,284542.77043
2025-07-23 08:00:00,0.9417,0.9475,0.9389,0.9461,410605.6,2025-07-23 08:59:59.999,386968.01364,3728,187370.3,176606.28205
2025-07-23 09:00:00,0.9462,0.9509,0.938,0.9401,420162.4,2025-07-23 09:59:59.999,396229.09514,3921,205154.5,193432.2947
2025-07-23 10:00:00,0.9402,0.945,0.9311,0.9443,524274.9,2025-07-23 10:59:59.999,491182.06311,4621,281031.3,263248.77528
2025-07-23 11:00:00,0.9443,0.9443,0.9349,0.9413,469100.7,2025-07-23 11:59:59.999,440577.6987,4009,252416.5,237013.38197
2025-07-23 12:00:00,0.9413,0.9428,0.9076,0.9108,1075966.5,2025-07-23 12:59:59.999,993018.00892,8641,484369.7,446993.86735
2025-07-23 13:00:00,0.9108,0.9195,0.884,0.8933,1833170.2,2025-07-23 13:59:59.999,1650996.87158,17679,869729.3,783649.96184
2025-07-23 14:00:00,0.8932,0.905,0.8915,0.9033,759781.9,2025-07-23 14:59:59.999,683210.99014,6190,408083.9,367078.07756
2025-07-23 15:00:00,0.9034,0.9072,0.893,0.9055,514254.2,2025-07-23 15:59:59.999,462843.27804,6030,269921.9,242869.66922
2025-07-23 16:00:00,0.9051,0.9052,0.8868,0.8876,334064.9,2025-07-23 16:59:59.999,298737.85778,6498,163924.2,146595.25321
2025-07-23 17:00:00,0.8878,0.892,0.8741,0.884,793888.4,2025-07-23 17:59:59.999,699223.49954,9763,402533.0,354518.10417
2025-07-23 18:00:00,0.8841,0.8946,0.883,0.8935,285728.5,2025-07-23 18:59:59.999,253846.77324,4449,177908.9,158077.65886
2025-07-23 19:00:00,0.8935,0.895,0.8864,0.8894,260188.7,2025-07-23 19:59:59.999,231721.93754,3828,131545.2,117157.59677
2025-07-23 20:00:00,0.8894,0.8953,0.8692,0.8862,750634.7,2025-07-23 20:59:59.999,661261.20012,9048,421257.1,371025.9792
2025-07-23 21:00:00,0.8865,0.8906,0.8659,0.8883,451615.7,2025-07-23 21:59:59.999,397001.90418,5526,253350.3,222616.18712
2025-07-23 22:00:00,0.8881,0.891,0.8808,0.888,229552.3,2025-07-23 22:59:59.999,203624.27328,3137,122452.9,108614.19175
2025-07-23 23:00:00,0.8877,0.8897,0.8785,0.879,228718.6,2025-07-23 23:59:59.999,202019.25981,2449,121922.3,107634.52278
2025-07-24 00:00:00,0.8791,0.8921,0.8735,0.8893,785142.0,2025-07-24 00:59:59.999,694436.21215,6261,441777.9,390671.792
2025-07-24 01:00:00,0.8892,0.8937,0.8787,0.8928,270671.0,2025-07-24 01:59:59.999,239676.11557,3407,157782.2,139732.41047
2025-07-24 02:00:00,0.8928,0.8968,0.8851,0.8865,332575.1,2025-07-24 02:59:59.999,295817.09269,3371,180334.3,160365.11456
2025-07-24 03:00:00,0.8866,0.8982,0.8837,0.8867,279629.5,2025-07-24 03:59:59.999,249208.7593,3199,163387.7,145688.07405
2025-07-24 04:00:00,0.887,0.8948,0.8723,0.8739,316397.1,2025-07-24 04:59:59.999,279651.88318,3949,182042.4,160918.80563
2025-07-24 05:00:00,0.8739,0.877,0.8488,0.8531,541492.5,2025-07-24 05:59:59.999,467847.33383,6912,277184.8,239388.76508
2025-07-24 06:00:00,0.8532,0.8707,0.8427,0.854,650610.8,2025-07-24 06:59:59.999,556264.82255,8587,370137.8,316478.62011
2025-07-24 07:00:00,0.8536,0.8721,0.8468,0.8705,437273.2,2025-07-24 07:59:59.999,377862.90913,5341,226533.3,195722.22309
2025-07-24 08:00:00,0.8705,0.89,0.8673,0.8879,502156.5,2025-07-24 08:59:59.999,442380.28523,5328,234266.1,206376.02933
2025-07-24 09:00:00,0.8881,0.912,0.8877,0.9006,948393.7,2025-07-24 09:59:59.999,854489.60927,6715,503836.9,454128.74871
2025-07-24 10:00:00,0.9009,0.9159,0.8941,0.9095,683415.1,2025-07-24 10:59:59.999,618037.10371,6862,327964.5,296635.7021
2025-07-24 11:00:00,0.9094,1.0272,0.907,0.9841,6537319.2,2025-07-24 11:59:59.999,6404507.69796,43190,3901783.3,3824589.18376
2025-07-24 12:00:00,0.9838,0.9838,0.9157,0.9202,4259780.6,2025-07-24 12:59:59.999,4029473.94078,29102,2057693.4,1945260.5581
2025-07-24 13:00:00,0.9206,0.9433,0.911,0.9327,1779754.3,2025-07-24 13:59:59.999,1651214.5129,14600,942521.9,875249.83688
2025-07-24 14:00:00,0.9328,0.945,0.9163,0.9273,1535318.9,2025-07-24 14:59:59.999,1431644.44464,11914,775467.1,723350.44106
2025-07-24 15:00:00,0.9273,0.9306,0.9058,0.9125,1466968.4,2025-07-24 15:59:59.999,1346861.42915,10852,666154.3,611758.24169
2025-07-24 16:00:00,0.9125,0.9174,0.8921,0.8931,669939.7,2025-07-24 16:59:59.999,604852.65675,6269,318691.4,287654.3672
2025-07-24 17:00:00,0.8932,0.9108,0.8922,0.9068,376581.3,2025-07-24 17:59:59.999,340331.55175,4123,202638.2,183108.82552
2025-07-24 18:00:00,0.9067,0.9088,0.8952,0.8989,366046.4,2025-07-24 18:59:59.999,329922.04757,4001,191989.2,172974.52141
2025-07-24 19:00:00,0.8989,0.9027,0.8904,0.8905,229211.1,2025-07-24 19:59:59.999,205180.38895,2887,108482.8,97133.59301
2025-07-24 20:00:00,0.8905,0.9012,0.8897,0.8976,253626.7,2025-07-24 20:59:59.999,226793.67582,2866,146305.6,130819.3436
2025-07-24 21:00:00,0.8977,0.8981,0.8838,0.8878,305623.6,2025-07-24 21:59:59.999,271936.8658,2776,146156.0,130014.13485
2025-07-24 22:00:00,0.888,0.8887,0.8756,0.8808,269454.1,2025-07-24 22:59:59.999,237314.24787,2742,145990.0,128552.47748
2025-07-24 23:00:00,0.8807,0.8845,0.8692,0.8752,569805.4,2025-07-24 23:59:59.999,499078.28962,4926,315362.0,276261.0403
2025-07-25 00:00:00,0.8751,0.8751,0.8571,0.8602,463338.3,2025-07-25 00:59:59.999,400890.19268,4867,232766.5,201335.35985
2025-07-25 01:00:00,0.8601,0.8635,0.851,0.8622,362432.7,2025-07-25 01:59:59.999,310807.99354,4337,168803.7,144814.13749
2025-07-25 02:00:00,0.8622,0.869,0.8488,0.8495,397213.9,2025-07-25 02:59:59.999,341248.10443,4342,190110.1,163282.49038
2025-07-25 03:00:00,0.8495,0.8569,0.8416,0.8486,287221.7,2025-07-25 03:59:59.999,243440.50982,3886,140004.5,118705.25149
2025-07-25 04:00:00,0.8484,0.8563,0.8385,0.8548,369019.1,2025-07-25 04:59:59.999,312345.13051,4348,211814.0,179244.71344
2025-07-25 05:00:00,0.8547,0.8574,0.8413,0.8437,270894.2,2025-07-25 05:59:59.999,229713.90495,3437,146110.8,123872.23668
2025-07-25 06:00:00,0.8438,0.8558,0.8375,0.8522,382365.5,2025-07-25 06:59:59.999,323889.3129,3766,165350.9,140343.93283
2025-07-25 07:00:00,0.852,0.8603,0.844,0.8523,298874.8,2025-07-25 07:59:59.999,254429.22395,3142,140692.4,119792.17179
2025-07-25 08:00:00,0.852,0.8675,0.8518,0.862,494014.4,2025-07-25 08:59:59.999,425292.66333,4305,265054.6,228074.61703
2025-07-25 09:00:00,0.8619,0.882,0.8597,0.8818,284847.2,2025-07-25 09:59:59.999,248117.02312,3735,165378.2,144010.73875
2025-07-25 10:00:00,0.8816,0.9067,0.8811,0.897,821398.8,2025-07-25 10:59:59.999,735857.37321,7054,441918.5,396027.38015
2025-07-25 11:00:00,0.8972,0.9504,0.8913,0.9207,2636875.9,2025-07-25 11:59:59.999,2438721.08653,18280,1381304.4,1277331.2707
2025-07-25 12:00:00,0.9208,0.9272,0.8779,0.8837,1604530.2,2025-07-25 12:59:59.999,1438940.33635,10524,785008.3,703753.49367
2025-07-25 13:00:00,0.8838,0.8847,0.8746,0.8838,446039.1,2025-07-25 13:59:59.999,392546.92356,4103,210468.0,185194.12256
2025-07-25 14:00:00,0.8839,0.8891,0.8637,0.8654,467575.3,2025-07-25 14:59:59.999,408101.67553,5265,195509.1,170550.65727
2025-07-25 15:00:00,0.8653,0.8731,0.8523,0.868,391600.0,2025-07-25 15:59:59.999,337664.06431,4354,209467.4,180549.7357
2025-07-25 16:00:00,0.8681,0.872,0.8576,0.8702,302394.3,2025-07-25 16:59:59.999,261557.0748,3707,168289.4,145546.39001
2025-07-25 17:00:00,0.8698,0.8782,0.8674,0.8674,303671.7,2025-07-25 17:59:59.999,265156.18241,3337,139522.8,121847.15211
2025-07-25 18:00:00,0.8673,0.871,0.8602,0.8615,322775.8,2025-07-25 18:59:59.999,279168.40136,3181,125216.1,108300.94312
2025-07-25 19:00:00,0.8614,0.8678,0.859,0.8643,142951.2,2025-07-25 19:59:59.999,123485.37715,2013,83626.8,72235.2668
2025-07-25 20:00:00,0.8642,0.8832,0.8636,0.8811,303983.2,2025-07-25 20:59:59.999,265339.63433,2435,171172.6,149369.71166
2025-07-25 21:00:00,0.8812,0.8911,0.881,0.8884,224391.7,2025-07-25 21:59:59.999,198793.92384,2248,117441.6,104035.79637
2025-07-25 22:00:00,0.8885,0.9005,0.883,0.8911,455740.6,2025-07-25 22:59:59.999,406657.64719,3476,266861.3,238204.44299
2025-07-25 23:00:00,0.8916,0.8985,0.8871,0.8956,506494.3,2025-07-25 23:59:59.999,452599.55643,3330,236755.4,211478.57957
2025-07-26 00:00:00,0.8955,0.8955,0.8816,0.8942,408686.4,2025-07-26 00:59:59.999,363717.74885,3081,196924.6,175179.59786
2025-07-26 01:00:00,0.8942,0.9029,0.8891,0.8896,345392.0,2025-07-26 01:59:59.999,309403.49556,3026,184991.1,165752.81325
2025-07-26 02:00:00,0.8896,0.9052,0.8878,0.8951,293881.6,2025-07-26 02:59:59.999,263823.65747,2962,170254.2,152808.65568
2025-07-26 03:00:00,0.8951,0.8953,0.8867,0.8919,192689.7,2025-07-26 03:59:59.999,171554.92622,1692,102505.6,91251.84513
2025-07-26 04:00:00,0.8919,0.9045,0.8891,0.8914,310702.4,2025-07-26 04:59:59.999,278769.20217,2991,176017.3,158010.32542
2025-07-26 05:00:00,0.8917,0.8924,0.8866,0.8885,143821.2,2025-07-26 05:59:59.999,127986.07077,1348,74401.6,66214.79479
2025-07-26 06:00:00,0.8884,0.8884,0.8786,0.8797,241025.2,2025-07-26 06:59:59.999,212968.34057,1861,108307.6,95688.59865
2025-07-26 07:00:00,0.8796,0.8841,0.8787,0.879,165143.2,2025-07-26 07:59:59.999,145465.4968,1854,87848.6,77391.94639
2025-07-26 08:00:00,0.8788,0.8839,0.8764,0.8813,232414.9,2025-07-26 08:59:59.999,204571.72267,2214,109961.5,96749.23734
2025-07-26 09:00:00,0.8813,0.8818,0.8773,0.8787,160852.7,2025-07-26 09:59:59.999,141420.56257,1617,87397.2,76826.57811
2025-07-26 10:00:00,0.8787,0.9006,0.8786,0.8903,475560.7,2025-07-26 10:59:59.999,424028.22477,4653,237229.1,211452.69945
2025-07-26 11:00:00,0.8906,0.8993,0.8862,0.8963,446337.8,2025-07-26 11:59:59.999,398534.08896,3945,216790.3,193594.35303
2025-07-26 12:00:00,0.8962,0.8985,0.8866,0.8893,244856.5,2025-07-26 12:59:59.999,218346.97702,2343,119572.7,106604.54616
2025-07-26 13:00:00,0.8893,0.8979,0.8867,0.8934,232145.0,2025-07-26 13:59:59.999,206941.69154,2075,123826.0,110384.19835
2025-07-26 14:00:00,0.8935,0.9019,0.89,0.893,325070.8,2025-07-26 14:59:59.999,291088.72098,2971,147786.9,132390.90562
2025-07-26 15:00:00,0.8929,0.8983,0.8849,0.8937,171636.4,2025-07-26 15:59:59.999,152863.76877,2105,83262.7,74150.92468
2025-07-26 16:00:00,0.8938,0.9173,0.8912,0.8998,806395.8,2025-07-26 16:59:59.999,727662.64488,6626,399233.6,360057.46085
2025-07-26 17:00:00,0.9,0.9001,0.8916,0.8962,223877.2,2025-07-26 17:59:59.999,200328.42223,2269,113894.4,101910.84834
2025-07-26 18:00:00,0.8964,0.9075,0.8923,0.9036,389272.5,2025-07-26 18:59:59.999,350355.41426,2971,233109.1,209827.34777
2025-07-26 19:00:00,0.9035,0.9102,0.9002,0.905,246000.5,2025-07-26 19:59:59.999,222865.40223,2471,102673.7,92987.57683
2025-07-26 20:00:00,0.9052,0.9053,0.8982,0.8987,174242.2,2025-07-26 20:59:59.999,156988.2587,1623,73304.4,66049.55236
2025-07-26 21:00:00,0.8985,0.9054,0.895,0.9018,202974.5,2025-07-26 21:59:59.999,182681.11912,1693,93284.3,83985.14143
2025-07-26 22:00:00,0.9014,0.9054,0.8962,0.8984,127134.5,2025-07-26 22:59:59.999,114537.73078,1595,68969.2,62119.33719
2025-07-26 23:00:00,0.8985,0.9062,0.8981,0.8991,188998.1,2025-07-26 23:59:59.999,170468.17432,1987,130417.2,117618.39127
2025-07-27 00:00:00,0.8991,0.8997,0.8892,0.8948,265821.7,2025-07-27 00:59:59.999,237550.16168,2135,135319.4,120890.42882
2025-07-27 01:00:00,0.8948,0.9016,0.8907,0.9005,140865.2,2025-07-27 01:59:59.999,126531.38312,1834,59263.5,53238.82808
2025-07-27 02:00:00,0.9004,0.9065,0.8953,0.8996,189072.3,2025-07-27 02:59:59.999,170250.10109,2026,99570.7,89598.29346
2025-07-27 03:00:00,0.8994,0.9049,0.8955,0.8961,121798.4,2025-07-27 03:59:59.999,109588.20165,1415,61616.4,55436.77911
2025-07-27 04:00:00,0.8962,0.9029,0.8962,0.9001,160346.3,2025-07-27 04:59:59.999,144194.79931,1753,84606.8,76076.35214
2025-07-27 05:00:00,0.9,0.9017,0.895,0.8994,175463.0,2025-07-27 05:59:59.999,157486.13488,2073,86335.6,77513.42454
2025-07-27 06:00:00,0.8993,0.8993,0.8894,0.891,141778.2,2025-07-27 06:59:59.999,126533.84093,2373,84700.4,75571.02098
2025-07-27 07:00:00,0.8911,0.8918,0.8847,0.8867,232135.5,2025-07-27 07:59:59.999,206269.48004,1734,121921.1,108319.43312
2025-07-27 08:00:00,0.8868,0.8897,0.8808,0.8826,165487.1,2025-07-27 08:59:59.999,146213.02486,1527,88493.3,78175.91115
2025-07-27 09:00:00,0.8826,0.8826,0.8769,0.8784,200361.9,2025-07-27 09:59:59.999,176226.13736,2868,115746.3,101822.81876
2025-07-27 10:00:00,0.8785,0.8925,0.8785,0.8906,159811.4,2025-07-27 10:59:59.999,141833.49088,1662,67711.4,59992.70036
2025-07-27 11:00:00,0.8905,0.894,0.8855,0.8879,139147.7,2025-07-27 11:59:59.999,123886.21264,1636,52599.5,46817.4822
2025-07-27 12:00:00,0.8879,0.8883,0.8784,0.8871,268071.1,2025-07-27 12:59:59.999,236705.62712,2013,141360.9,124831.90912
2025-07-27 13:00:00,0.887,0.8893,0.8812,0.8846,143659.8,2025-07-27 13:59:59.999,127076.21057,2096,66043.6,58405.94124
2025-07-27 14:00:00,0.8844,0.896,0.8809,0.8844,221418.3,2025-07-27 14:59:59.999,196844.57571,2836,127859.0,113787.62177
2025-07-27 15:00:00,0.8841,0.8857,0.881,0.8854,85823.7,2025-07-27 15:59:59.999,75790.01751,1679,37972.4,33534.9171
2025-07-27 16:00:00,0.8856,0.9033,0.8852,0.8918,342916.8,2025-07-27 16:59:59.999,307615.73618,3466,170468.6,152884.13482
2025-07-27 17:00:00,0.892,0.8964,0.888,0.8952,100010.5,2025-07-27 17:59:59.999,89212.9388,1232,40015.0,35721.70225
2025-07-27 18:00:00,0.8953,0.9015,0.8938,0.8988,223461.2,2025-07-27 18:59:59.999,200691.86553,2266,110366.7,99120.31773
2025-07-27 19:00:00,0.8986,0.8995,0.887,0.8874,172091.0,2025-07-27 19:59:59.999,153516.67291,2222,37029.2,33066.53534
2025-07-27 20:00:00,0.8875,0.8995,0.8872,0.8931,128252.3,2025-07-27 20:59:59.999,114628.29442,1827,46215.8,41314.50229
2025-07-27 21:00:00,0.8932,0.8944,0.8878,0.8926,98808.1,2025-07-27 21:59:59.999,87964.23125,1250,49741.8,44284.77315
2025-07-27 22:00:00,0.893,0.9054,0.893,0.8999,315196.5,2025-07-27 22:59:59.999,284084.74078,2951,142326.2,128300.7508
2025-07-27 23:00:00,0.8999,0.9031,0.8918,0.9027,127611.7,2025-07-27 23:59:59.999,114498.69685,1877,60119.3,53919.39774
2025-07-28 00:00:00,0.9026,0.9077,0.8942,0.8957,343260.1,2025-07-28 00:59:59.999,309180.01008,4180,137220.0,123710.48871
2025-07-28 01:00:00,0.8959,0.8963,0.8845,0.8906,193792.7,2025-07-28 01:59:59.999,172418.23913,2799,88441.9,78687.30428
2025-07-28 02:00:00,0.8904,0.9144,0.889,0.9142,481000.6,2025-07-28 02:59:59.999,434845.74534,4821,233539.6,211287.14227
2025-07-28 03:00:00,0.9142,0.9182,0.9048,0.9136,342548.8,2025-07-28 03:59:59.999,312047.76426,3150,168381.6,153452.91085
2025-07-28 04:00:00,0.9135,0.9281,0.9114,0.9254,687139.4,2025-07-28 04:59:59.999,632342.21846,5262,349236.3,321396.07867
2025-07-28 05:00:00,0.9254,0.928,0.9182,0.9265,433474.3,2025-07-28 05:59:59.999,400236.56544,3513,209410.4,193397.74589
2025-07-28 06:00:00,0.9264,0.9265,0.9157,0.9183,262135.4,2025-07-28 06:59:59.999,241068.74434,2130,111625.3,102584.80145
2025-07-28 07:00:00,0.9183,0.9201,0.9042,0.9084,261371.4,2025-07-28 07:59:59.999,237828.48249,2876,123893.4,112686.56259
2025-07-28 08:00:00,0.9084,0.9148,0.9069,0.9126,161253.9,2025-07-28 08:59:59.999,147012.12599,2076,69278.2,63155.46333
2025-07-28 09:00:00,0.9126,0.9206,0.9101,0.9173,178243.7,2025-07-28 09:59:59.999,163152.00425,2283,78530.8,71888.62761
2025-07-28 10:00:00,0.9174,0.9178,0.9104,0.9125,237946.9,2025-07-28 10:59:59.999,217460.47751,2137,127507.5,116502.56549
2025-07-28 11:00:00,0.9124,0.9132,0.9022,0.9024,205844.2,2025-07-28 11:59:59.999,186560.58518,2369,85109.0,77086.98536
2025-07-28 12:00:00,0.9023,0.9034,0.8972,0.8986,157414.5,2025-07-28 12:59:59.999,141822.38759,2074,76047.0,68512.12519
2025-07-28 13:00:00,0.8989,0.8991,0.8775,0.8787,349111.4,2025-07-28 13:59:59.999,310337.51113,3661,188994.2,168015.36691
2025-07-28 14:00:00,0.8788,0.8898,0.8676,0.8726,467399.1,2025-07-28 14:59:59.999,408986.14659,4862,245552.7,214827.99881
2025-07-28 15:00:00,0.8726,0.8787,0.8642,0.8711,346534.9,2025-07-28 15:59:59.999,302830.16969,3488,184486.2,161243.04156
2025-07-28 16:00:00,0.871,0.8752,0.8645,0.8695,198332.9,2025-07-28 16:59:59.999,172591.64699,3108,93187.7,81087.2251
2025-07-28 17:00:00,0.8694,0.8725,0.8618,0.8655,145932.8,2025-07-28 17:59:59.999,126602.84962,2603,68254.6,59234.01791
2025-07-28 18:00:00,0.8655,0.8676,0.86,0.8624,211218.1,2025-07-28 18:59:59.999,182573.97415,3057,98725.2,85301.67491
2025-07-28 19:00:00,0.8623,0.8727,0.861,0.8663,146071.7,2025-07-28 19:59:59.999,126619.11733,2208,63101.8,54692.75268
2025-07-28 20:00:00,0.8664,0.868,0.858,0.8627,170358.6,2025-07-28 20:59:59.999,147034.49317,2401,71912.3,62121.70265
2025-07-28 21:00:00,0.8626,0.8722,0.8573,0.8678,161343.4,2025-07-28 21:59:59.999,139824.2541,1998,99536.7,86296.27628
2025-07-28 22:00:00,0.8678,0.8709,0.8551,0.8617,178333.7,2025-07-28 22:59:59.999,153847.99494,3419,81852.4,70578.87911
2025-07-28 23:00:00,0.8618,0.8664,0.856,0.8615,123421.2,2025-07-28 23:59:59.999,106349.96845,2695,61971.5,53448.34188
2025-07-29 00:00:00,0.8617,0.8726,0.8513,0.87,363983.8,2025-07-29 00:59:59.999,314492.23923,5397,157789.9,136351.46984
2025-07-29 01:00:00,0.8702,0.8976,0.8686,0.8774,1128066.4,2025-07-29 01:59:59.999,996351.00823,11793,527514.2,465777.84408
2025-07-29 02:00:00,0.8775,0.8972,0.8747,0.8905,848362.2,2025-07-29 02:59:59.999,752694.22241,11381,392427.2,348002.84283
2025-07-29 03:00:00,0.8905,0.9097,0.8742,0.908,1626556.9,2025-07-29 03:59:59.999,1455010.42291,15683,881398.5,788484.69845
2025-07-29 04:00:00,0.9079,0.9195,0.8825,0.8858,1740960.4,2025-07-29 04:59:59.999,1570462.66112,16496,867814.9,783094.80857
2025-07-29 05:00:00,0.8856,0.8892,0.8667,0.8722,792220.2,2025-07-29 05:59:59.999,693926.1353,7258,360866.2,316226.23111
2025-07-29 06:00:00,0.8724,0.8905,0.8676,0.8803,1027302.4,2025-07-29 06:59:59.999,903731.18412,8690,478858.9,420975.80897
2025-07-29 07:00:00,0.8803,0.8849,0.8726,0.8784,322252.4,2025-07-29 07:59:59.999,283103.00713,4365,179040.6,157303.59782
2025-07-29 08:00:00,0.8784,0.8797,0.8661,0.8733,782115.9,2025-07-29 08:59:59.999,681853.85584,5615,357228.4,311470.74472
2025-07-29 09:00:00,0.8734,0.8744,0.8644,0.8674,251663.3,2025-07-29 09:59:59.999,218585.60924,3153,121424.1,105461.55034
2025-07-29 10:00:00,0.8675,0.8688,0.8562,0.8599,297124.3,2025-07-29 10:59:59.999,256260.11784,4192,162195.9,139891.19079
2025-07-29 11:00:00,0.8598,0.8694,0.8578,0.8594,284530.5,2025-07-29 11:59:59.999,245362.27359,3235,163747.1,141232.28688
2025-07-29 12:00:00,0.8594,0.873,0.8594,0.8714,228072.0,2025-07-29 12:59:59.999,197801.04964,3056,114341.7,99123.44125
2025-07-29 13:00:00,0.8714,0.8777,0.8655,0.8683,366047.3,2025-07-29 13:59:59.999,319911.01485,5840,207658.6,181573.66178
2025-07-29 14:00:00,0.8686,0.8688,0.8467,0.8552,612833.3,2025-07-29 14:59:59.999,526729.99446,6979,394759.3,339551.54729
2025-07-29 15:00:00,0.8552,0.8589,0.8492,0.8531,261741.1,2025-07-29 15:59:59.999,223414.6084,5337,123924.0,105804.96396
2025-07-29 16:00:00,0.8532,0.8544,0.8417,0.8527,286944.6,2025-07-29 16:59:59.999,243451.43577,5083,123588.9,104886.77121
2025-07-29 17:00:00,0.8526,0.8589,0.8507,0.8524,152768.5,2025-07-29 17:59:59.999,130523.41756,2789,79738.4,68101.70304
2025-07-29 18:00:00,0.8524,0.8528,0.846,0.8481,136851.7,2025-07-29 18:59:59.999,116279.21137,2323,56939.2,48401.88648
2025-07-29 19:00:00,0.8481,0.8517,0.8389,0.839,182117.7,2025-07-29 19:59:59.999,153875.73724,2847,98077.5,82879.96808
2025-07-29 20:00:00,0.8388,0.8444,0.8302,0.8353,237340.9,2025-07-29 20:59:59.999,198505.91819,4341,125751.3,105211.50481
2025-07-29 21:00:00,0.8353,0.8497,0.8311,0.8457,202494.4,2025-07-29 21:59:59.999,169919.0538,2764,116288.6,97510.63154
2025-07-29 22:00:00,0.8456,0.8498,0.8383,0.8497,135701.3,2025-07-29 22:59:59.999,114517.77396,2294,77753.3,65620.00497
2025-07-29 23:00:00,0.8498,0.8534,0.8464,0.8513,110205.7,2025-07-29 23:59:59.999,93633.06366,2136,56409.8,47928.19217
2025-07-30 00:00:00,0.8515,0.8516,0.8353,0.8412,155767.8,2025-07-30 00:59:59.999,131189.01123,3292,77560.3,65285.23781
2025-07-30 01:00:00,0.8412,0.8623,0.8318,0.8558,268354.0,2025-07-30 01:59:59.999,227904.45565,4780,131107.0,111243.10452
2025-07-30 02:00:00,0.8557,0.8601,0.8473,0.8565,216486.1,2025-07-30 02:59:59.999,184803.82342,4154,124083.3,105914.80215
2025-07-30 03:00:00,0.8564,0.8616,0.8513,0.8541,122839.9,2025-07-30 03:59:59.999,105161.68217,3534,57992.9,49632.95173
2025-07-30 04:00:00,0.8541,0.8593,0.8435,0.8452,245803.6,2025-07-30 04:59:59.999,209205.34106,3513,94088.2,80221.22271
2025-07-30 05:00:00,0.8452,0.8519,0.8412,0.8471,208993.1,2025-07-30 05:59:59.999,176871.94809,3860,74277.2,62837.90872
2025-07-30 06:00:00,0.847,0.8506,0.8414,0.8468,111013.1,2025-07-30 06:59:59.999,93885.36394,2859,60840.9,51459.20914
2025-07-30 07:00:00,0.8467,0.8501,0.8386,0.8399,108226.2,2025-07-30 07:59:59.999,91315.80209,2946,61449.6,51819.79823
2025-07-30 08:00:00,0.8398,0.8475,0.8342,0.8427,210195.3,2025-07-30 08:59:59.999,176419.65165,3884,109327.2,91730.46682
2025-07-30 09:00:00,0.8426,0.8458,0.8331,0.8353,151450.1,2025-07-30 09:59:59.999,126872.60088,3677,73201.5,61287.08873
2025-07-30 10:00:00,0.8354,0.8419,0.8272,0.8295,182773.4,2025-07-30 10:59:59.999,152240.42662,3730,88538.4,73753.33848
2025-07-30 11:00:00,0.8296,0.834,0.8142,0.8183,291597.5,2025-07-30 11:59:59.999,239895.41569,5512,136587.8,112378.14689
2025-07-30 12:00:00,0.8184,0.8269,0.8141,0.821,291247.5,2025-07-30 12:59:59.999,238993.8232,5895,165448.1,135765.08919
2025-07-30 13:00:00,0.8209,0.8247,0.8156,0.8207,224490.7,2025-07-30 13:59:59.999,184061.73021,6023,116514.2,95515.02664
2025-07-30 14:00:00,0.8208,0.8377,0.8188,0.8357,215793.3,2025-07-30 14:59:59.999,178491.32135,5183,102454.5,84771.00261
2025-07-30 15:00:00,0.8357,0.8368,0.8265,0.8287,122517.1,2025-07-30 15:59:59.999,101940.59441,3589,46912.0,39012.07406
2025-07-30 16:00:00,0.8288,0.8395,0.8247,0.828,370131.8,2025-07-30 16:59:59.999,307808.36118,4309,158969.7,132113.40975
2025-07-30 17:00:00,0.828,0.8311,0.8252,0.8303,81102.1,2025-07-30 17:59:59.999,67168.9169,2397,41971.7,34774.65885
2025-07-30 18:00:00,0.8302,0.8365,0.8128,0.8137,313722.3,2025-07-30 18:59:59.999,259057.71964,7451,165574.9,136722.03488
2025-07-30 19:00:00,0.8136,0.8268,0.7903,0.8244,764038.2,2025-07-30 19:59:59.999,614495.09579,12428,391136.9,314686.74307
2025-07-30 20:00:00,0.8243,0.8371,0.8215,0.8235,301111.8,2025-07-30 20:59:59.999,249708.98144,5046,165558.3,137259.15845
2025-07-30 21:00:00,0.8235,0.8288,0.8158,0.8239,146062.6,2025-07-30 21:59:59.999,120264.53127,1951,77435.2,63770.78816
2025-07-30 22:00:00,0.8239,0.8275,0.8182,0.8215,91207.6,2025-07-30 22:59:59.999,74930.96885,2148,51341.8,42172.84854
2025-07-30 23:00:00,0.8214,0.8331,0.8213,0.8309,87732.2,2025-07-30 23:59:59.999,72666.36062,1880,50534.5,41839.17929
2025-07-31 00:00:00,0.831,0.839,0.8295,0.8357,158144.5,2025-07-31 00:59:59.999,131928.17386,2555,74203.4,61930.79281
2025-07-31 01:00:00,0.8357,0.8368,0.8302,0.831,120231.2,2025-07-31 01:59:59.999,100110.15701,1669,61179.7,50939.61234
2025-07-31 02:00:00,0.8309,0.8355,0.8297,0.8351,98780.1,2025-07-31 02:59:59.999,82252.06965,1482,65097.0,54201.26188
2025-07-31 03:00:00,0.835,0.8401,0.8339,0.837,106492.4,2025-07-31 03:59:59.999,89159.79612,1697,54203.7,45386.92148
2025-07-31 04:00:00,0.8371,0.8376,0.8319,0.8355,192740.7,2025-07-31 04:59:59.999,160741.59594,1857,60889.8,50780.20969
2025-07-31 05:00:00,0.8354,0.8362,0.8307,0.8317,125239.5,2025-07-31 05:59:59.999,104362.63896,1215,53750.1,44821.31287
2025-07-31 06:00:00,0.8317,0.8383,0.8276,0.8368,121351.5,2025-07-31 06:59:59.999,100949.06393,1664,69013.2,57395.12657
2025-07-31 07:00:00,0.8369,0.8371,0.8323,0.835,97858.2,2025-07-31 07:59:59.999,81653.1217,1669,55571.4,46358.3617
2025-07-31 08:00:00,0.8349,0.8369,0.832,0.8344,163022.7,2025-07-31 08:59:59.999,135983.91061,1671,67449.7,56271.3387
2025-07-31 09:00:00,0.8343,0.8381,0.8323,0.8365,68905.1,2025-07-31 09:59:59.999,57544.20908,940,36471.3,30461.8057
2025-07-31 10:00:00,0.8364,0.8367,0.8307,0.831,82416.0,2025-07-31 10:59:59.999,68751.98572,1064,30783.6,25690.53769
2025-07-31 11:00:00,0.8308,0.8323,0.8234,0.8262,98495.3,2025-07-31 11:59:59.999,81570.72507,1407,55325.5,45841.16095
2025-07-31 12:00:00,0.8263,0.8278,0.8191,0.8215,100759.0,2025-07-31 12:59:59.999,82964.28413,2121,58873.9,48476.10814
2025-07-31 13:00:00,0.8214,0.8214,0.8076,0.8134,235117.9,2025-07-31 13:59:59.999,190944.17733,4200,117969.0,95821.74324
2025-07-31 14:00:00,0.8135,0.8152,0.7995,0.8009,180583.4,2025-07-31 14:59:59.999,145325.04919,4442,87356.1,70257.26836
2025-07-31 15:00:00,0.8011,0.8091,0.7988,0.8061,103013.5,2025-07-31 15:59:59.999,82831.08157,3186,58659.8,47174.34226
2025-07-31 16:00:00,0.806,0.8256,0.8049,0.8168,211222.6,2025-07-31 16:59:59.999,172598.47775,3907,96089.0,78395.81498
2025-07-31 17:00:00,0.8169,0.8171,0.8041,0.8062,126885.0,2025-07-31 17:59:59.999,102789.55701,3781,59618.7,48292.43296
2025-07-31 18:00:00,0.806,0.809,0.7994,0.8044,94613.2,2025-07-31 18:59:59.999,76029.37947,3034,55656.4,44723.26239
2025-07-31 19:00:00,0.8045,0.8057,0.7971,0.7971,63218.7,2025-07-31 19:59:59.999,50590.91549,2342,37329.8,29866.7013
2025-07-31 20:00:00,0.7971,0.7992,0.7896,0.7936,514099.5,2025-07-31 20:59:59.999,408267.34123,5297,294212.4,233691.74702
2025-07-31 21:00:00,0.7935,0.7985,0.7825,0.789,228491.2,2025-07-31 21:59:59.999,180777.1185,2764,100487.2,79590.60675
2025-07-31 22:00:00,0.7892,0.7893,0.7759,0.7795,243344.3,2025-07-31 22:59:59.999,190051.98981,3665,108493.0,84739.17228
2025-07-31 23:00:00,0.7796,0.786,0.7722,0.7773,173847.6,2025-07-31 23:59:59.999,135238.65328,4386,91271.2,71009.03598
2025-08-01 00:00:00,0.7774,0.7787,0.7503,0.7661,712532.1,2025-08-01 00:59:59.999,544141.44485,10959,372449.4,285116.54926
2025-08-01 01:00:00,0.7661,0.7699,0.758,0.765,266222.8,2025-08-01 01:59:59.999,203273.53258,6539,134647.4,102784.78736
2025-08-01 02:00:00,0.7649,0.7754,0.7628,0.7714,121139.2,2025-08-01 02:59:59.999,93401.45331,3636,60076.6,46322.44438
2025-08-01 03:00:00,0.7714,0.7774,0.7701,0.7717,99057.9,2025-08-01 03:59:59.999,76586.61112,2497,57175.8,44178.02819
2025-08-01 04:00:00,0.7716,0.7723,0.7642,0.7656,114238.4,2025-08-01 04:59:59.999,87697.77273,3072,52556.1,40343.45022
2025-08-01 05:00:00,0.7656,0.7692,0.7595,0.763,172604.1,2025-08-01 05:59:59.999,131819.48321,3712,82061.7,62625.03311
2025-08-01 06:00:00,0.7628,0.7687,0.7587,0.7685,153135.5,2025-08-01 06:59:59.999,116828.53445,3816,78346.3,59763.9572
2025-08-01 07:00:00,0.7686,0.7738,0.7618,0.7663,181141.8,2025-08-01 07:59:59.999,139148.96824,3902,109846.4,84345.83793
2025-08-01 08:00:00,0.7662,0.7662,0.7491,0.7578,336388.5,2025-08-01 08:59:59.999,255249.62392,7086,164282.6,124742.05237
2025-08-01 09:00:00,0.7578,0.7674,0.7576,0.7595,314133.1,2025-08-01 09:59:59.999,239812.67103,4544,126285.0,96446.0063
2025-08-01 10:00:00,0.7594,0.7731,0.7588,0.7688,139770.2,2025-08-01 10:59:59.999,107393.29665,3274,68910.0,52921.15147
2025-08-01 11:00:00,0.7689,0.7772,0.7657,0.7766,131478.3,2025-08-01 11:59:59.999,101482.5195,2648,74305.8,57372.41751
2025-08-01 12:00:00,0.7765,0.7846,0.7715,0.7766,366536.7,2025-08-01 12:59:59.999,285432.03217,5138,137379.5,107000.61394
2025-08-01 13:00:00,0.7767,0.7778,0.7553,0.7585,286200.9,2025-08-01 13:59:59.999,219539.05107,6276,143168.4,109826.35754
2025-08-01 14:00:00,0.758,0.7791,0.7557,0.7759,274307.3,2025-08-01 14:59:59.999,211718.55256,6008,156568.5,120801.46201
2025-08-01 15:00:00,0.776,0.7776,0.7661,0.773,137473.8,2025-08-01 15:59:59.999,106064.53508,4419,66372.7,51208.15177
2025-08-01 16:00:00,0.7729,0.7789,0.7614,0.7637,326761.0,2025-08-01 16:59:59.999,251530.16669,4104,100428.9,77346.37563
2025-08-01 17:00:00,0.7636,0.7663,0.7559,0.7579,188138.5,2025-08-01 17:59:59.999,143042.5028,4355,101607.4,77258.72677
2025-08-01 18:00:00,0.7579,0.7669,0.7536,0.7603,173392.3,2025-08-01 18:59:59.999,131902.31883,5106,82323.7,62657.62192
2025-08-01 19:00:00,0.7602,0.7709,0.7586,0.7702,129526.0,2025-08-01 19:59:59.999,99091.77711,4607,58874.8,45040.3764
2025-08-01 20:00:00,0.7704,0.7726,0.7498,0.7638,413886.6,2025-08-01 20:59:59.999,313335.47766,6038,179700.4,136415.69689
2025-08-01 21:00:00,0.7637,0.7696,0.7597,0.7597,213947.0,2025-08-01 21:59:59.999,163810.81109,2391,124706.4,95506.63931
2025-08-01 22:00:00,0.7597,0.7601,0.7332,0.7456,634017.1,2025-08-01 22:59:59.999,470914.54571,9486,286855.9,213022.95346
2025-08-01 23:00:00,0.7456,0.757,0.742,0.7548,228440.3,2025-08-01 23:59:59.999,171414.83998,4037,99192.1,74363.43052
2025-08-02 00:00:00,0.7548,0.7612,0.7548,0.7577,119219.4,2025-08-02 00:59:59.999,90323.53683,2593,49662.1,37614.14749
2025-08-02 01:00:00,0.7575,0.7589,0.7518,0.7562,32203.1,2025-08-02 01:59:59.999,24324.29225,793,14380.9,10862.5626
2025-08-02 02:00:00,0.7561,0.7598,0.7554,0.7588,51140.3,2025-08-02 02:59:59.999,38741.27633,773,20789.7,15745.14302
2025-08-02 03:00:00,0.7589,0.7605,0.7541,0.7566,46680.7,2025-08-02 03:59:59.999,35355.45048,879,23051.3,17456.06566
2025-08-02 04:00:00,0.7567,0.7608,0.7549,0.7586,51266.9,2025-08-02 04:59:59.999,38851.77177,1073,22484.6,17031.78157
2025-08-02 05:00:00,0.7585,0.7587,0.7532,0.7541,51655.6,2025-08-02 05:59:59.999,39058.92846,855,22083.0,16691.75162
2025-08-02 06:00:00,0.7541,0.7552,0.7381,0.741,129555.4,2025-08-02 06:59:59.999,96316.47763,2845,58165.4,43209.67903
2025-08-02 07:00:00,0.7409,0.7542,0.7363,0.7525,179245.0,2025-08-02 07:59:59.999,134044.4141,3600,75566.8,56436.76676
2025-08-02 08:00:00,0.7524,0.7548,0.7431,0.7436,70315.5,2025-08-02 08:59:59.999,52693.57085,2288,34713.9,26015.50903
2025-08-02 09:00:00,0.7435,0.7483,0.741,0.7425,68378.1,2025-08-02 09:59:59.999,50874.15926,2410,37115.6,27600.98316
2025-08-02 10:00:00,0.7424,0.7436,0.7355,0.7407,150958.2,2025-08-02 10:59:59.999,111566.64839,3020,95758.5,70728.89248
2025-08-02 11:00:00,0.7408,0.748,0.7364,0.745,76389.0,2025-08-02 11:59:59.999,56787.16651,2212,41155.0,30578.79969
2025-08-02 12:00:00,0.7449,0.7455,0.7393,0.7453,73003.1,2025-08-02 12:59:59.999,54225.63903,1902,35257.7,26189.20183
2025-08-02 13:00:00,0.7455,0.7468,0.7389,0.7447,98500.6,2025-08-02 13:59:59.999,73177.72579,2765,47890.6,35590.64902
2025-08-02 14:00:00,0.7448,0.7456,0.7347,0.7368,136665.2,2025-08-02 14:59:59.999,100817.05879,2738,61317.0,45246.41479
2025-08-02 15:00:00,0.7367,0.7456,0.7307,0.7334,215041.6,2025-08-02 15:59:59.999,158199.46879,3412,125828.7,92470.66188
2025-08-02 16:00:00,0.7335,0.7401,0.7277,0.7353,253540.9,2025-08-02 16:59:59.999,185992.50509,4511,112209.0,82385.75989
2025-08-02 17:00:00,0.7352,0.7407,0.7244,0.7265,197578.3,2025-08-02 17:59:59.999,144497.31263,4146,83093.1,60829.79301
2025-08-02 18:00:00,0.7266,0.7317,0.719,0.7227,267804.7,2025-08-02 18:59:59.999,194372.06726,6504,134594.3,97652.31184
2025-08-02 19:00:00,0.7228,0.7376,0.7191,0.7282,258070.3,2025-08-02 19:59:59.999,188682.04743,4498,147059.0,107601.85905
2025-08-02 20:00:00,0.7283,0.7363,0.728,0.7344,111770.4,2025-08-02 20:59:59.999,81874.68108,3229,48108.6,35241.09205
2025-08-02 21:00:00,0.7345,0.7386,0.7305,0.7337,118647.0,2025-08-02 21:59:59.999,87309.10437,1663,43700.9,32095.73402
2025-08-02 22:00:00,0.7337,0.7401,0.7293,0.7401,107715.8,2025-08-02 22:59:59.999,79313.00247,1579,55932.5,41204.04068
2025-08-02 23:00:00,0.7402,0.7447,0.7358,0.7388,368116.2,2025-08-02 23:59:59.999,272435.88388,4455,163680.3,121065.04935
2025-08-03 00:00:00,0.7388,0.7427,0.7245,0.7418,169708.1,2025-08-03 00:59:59.999,124591.81061,3030,108488.2,79674.67468
2025-08-03 01:00:00,0.7417,0.7437,0.7374,0.7402,54416.5,2025-08-03 01:59:59.999,40293.74969,1736,25871.8,19156.98518
2025-08-03 02:00:00,0.7407,0.7474,0.7402,0.7466,65689.6,2025-08-03 02:59:59.999,48894.64594,1211,34090.4,25370.76188
2025-08-03 03:00:00,0.7465,0.7467,0.7427,0.7437,67842.0,2025-08-03 03:59:59.999,50511.93586,1253,33452.3,24914.01324
2025-08-03 04:00:00,0.7436,0.7465,0.7409,0.744,53592.7,2025-08-03 04:59:59.999,39864.52362,1225,27471.1,20431.96217
2025-08-03 05:00:00,0.7442,0.7489,0.7442,0.7461,54994.0,2025-08-03 05:59:59.999,41058.0874,1006,30099.5,22474.58458
2025-08-03 06:00:00,0.7461,0.7477,0.7426,0.7476,58106.9,2025-08-03 06:59:59.999,43335.25974,931,40456.1,30178.62544
2025-08-03 07:00:00,0.7474,0.7515,0.7474,0.7505,57061.1,2025-08-03 07:59:59.999,42774.2442,994,28083.1,21060.08349
2025-08-03 08:00:00,0.7507,0.7589,0.7504,0.7555,203652.5,2025-08-03 08:59:59.999,153648.29092,1976,129564.6,97736.47641
2025-08-03 09:00:00,0.7554,0.7554,0.7481,0.7522,91039.0,2025-08-03 09:59:59.999,68348.08079,1316,45167.9,33896.99491
2025-08-03 10:00:00,0.7521,0.7555,0.7516,0.7534,74467.0,2025-08-03 10:59:59.999,56133.26224,1084,40556.4,30572.0007
2025-08-03 11:00:00,0.7533,0.7601,0.7532,0.7558,168261.5,2025-08-03 11:59:59.999,127426.26801,1837,80026.5,60600.15512
2025-08-03 12:00:00,0.7557,0.7609,0.7533,0.7592,107432.2,2025-08-03 12:59:59.999,81442.61429,1827,64389.1,48805.43469
2025-08-03 13:00:00,0.7591,0.7612,0.754,0.7561,87069.7,2025-08-03 13:59:59.999,65972.33893,1926,41942.0,31775.48293
2025-08-03 14:00:00,0.7562,0.7583,0.7524,0.7559,77714.3,2025-08-03 14:59:59.999,58662.6011,2139,36495.7,27557.80718
2025-08-03 15:00:00,0.7558,0.7614,0.7537,0.7606,73197.7,2025-08-03 15:59:59.999,55528.40858,2052,46277.9,35108.8668
2025-08-03 16:00:00,0.7605,0.7641,0.7558,0.756,218473.0,2025-08-03 16:59:59.999,166120.91664,2041,67589.4,51411.19937
2025-08-03 17:00:00,0.756,0.7572,0.7529,0.7565,158715.3,2025-08-03 17:59:59.999,119793.38198,1728,71786.5,54173.93136
2025-08-03 18:00:00,0.7566,0.76,0.7536,0.7587,134009.2,2025-08-03 18:59:59.999,101433.46235,2021,67959.7,51438.5967
2025-08-03 19:00:00,0.7588,0.7629,0.7572,0.7581,80348.1,2025-08-03 19:59:59.999,61075.21769,1457,43022.7,32707.43657
2025-08-03 20:00:00,0.758,0.7612,0.756,0.7594,54476.9,2025-08-03 20:59:59.999,41323.8087,1101,27646.3,20966.74633
2025-08-03 21:00:00,0.7593,0.7639,0.7577,0.7637,79989.5,2025-08-03 21:59:59.999,60822.72228,840,29387.1,22358.0947
2025-08-03 22:00:00,0.7638,0.7667,0.7601,0.7632,89985.5,2025-08-03 22:59:59.999,68663.13046,1381,33490.7,25538.07087
2025-08-03 23:00:00,0.7633,0.766,0.7601,0.7606,164538.8,2025-08-03 23:59:59.999,125408.54394,1916,63767.4,48622.51331
2025-08-04 00:00:00,0.7608,0.7741,0.7597,0.7736,140424.1,2025-08-04 00:59:59.999,107719.73188,2085,72666.4,55749.62837
2025-08-04 01:00:00,0.7735,0.7755,0.7618,0.7628,152209.4,2025-08-04 01:59:59.999,116914.81459,2506,69294.8,53218.54749
2025-08-04 02:00:00,0.7629,0.7682,0.7619,0.7678,60751.9,2025-08-04 02:59:59.999,46461.06873,1103,42730.2,32674.31683
2025-08-04 03:00:00,0.7678,0.7692,0.7646,0.7656,59192.8,2025-08-04 03:59:59.999,45364.63367,866,34177.9,26184.89244
2025-08-04 04:00:00,0.7656,0.7675,0.7618,0.7625,81480.4,2025-08-04 04:59:59.999,62279.15885,1127,23172.1,17717.52729
2025-08-04 05:00:00,0.7625,0.7632,0.7577,0.7619,90637.3,2025-08-04 05:59:59.999,68906.79945,1363,33691.6,25634.96016
2025-08-04 06:00:00,0.7619,0.7619,0.7572,0.7605,46706.4,2025-08-04 06:59:59.999,35457.77633,1224,24506.3,18608.38815
2025-08-04 07:00:00,0.7605,0.7647,0.7584,0.7632,58573.7,2025-08-04 07:59:59.999,44602.09781,1192,35803.7,27261.93483
2025-08-04 08:00:00,0.7634,0.7663,0.7597,0.7604,56551.4,2025-08-04 08:59:59.999,43155.14117,1415,30431.4,23222.89462
2025-08-04 09:00:00,0.7605,0.7645,0.7584,0.7588,50254.9,2025-08-04 09:59:59.999,38272.39965,1252,30230.9,23024.93938
2025-08-04 10:00:00,0.7589,0.7614,0.7559,0.7589,59339.9,2025-08-04 10:59:59.999,45002.68689,1288,20071.9,15234.92287
2025-08-04 11:00:00,0.7588,0.7606,0.7541,0.7557,59664.8,2025-08-04 11:59:59.999,45134.29088,1317,25984.7,19655.5611
2025-08-04 12:00:00,0.7559,0.7599,0.7555,0.7595,77611.3,2025-08-04 12:59:59.999,58787.33859,1302,44860.8,33973.25203
2025-08-04 13:00:00,0.7595,0.7716,0.7558,0.7715,144682.9,2025-08-04 13:59:59.999,110497.92793,2874,69710.1,53243.13884
2025-08-04 14:00:00,0.7716,0.7782,0.7666,0.7678,158797.7,2025-08-04 14:59:59.999,122822.76626,3301,76836.9,59454.27978
2025-08-04 15:00:00,0.7678,0.7708,0.7655,0.7698,94172.5,2025-08-04 15:59:59.999,72351.53515,2568,43662.8,33538.31965
2025-08-04 16:00:00,0.7699,0.7804,0.7693,0.7804,103622.0,2025-08-04 16:59:59.999,80373.64776,2168,64766.5,50262.98075
2025-08-04 17:00:00,0.7805,0.7866,0.7794,0.7806,188943.6,2025-08-04 17:59:59.999,147989.9113,2870,102407.0,80198.80623
2025-08-04 18:00:00,0.7806,0.7893,0.7775,0.7893,253962.0,2025-08-04 18:59:59.999,199322.45736,3293,90319.3,70883.86918
2025-08-04 19:00:00,0.7892,0.7895,0.7782,0.7794,175287.9,2025-08-04 19:59:59.999,137344.33721,2649,59370.8,46519.00988
2025-08-04 20:00:00,0.7794,0.7846,0.7785,0.7826,109881.8,2025-08-04 20:59:59.999,85799.11876,2361,50691.0,39583.22866
2025-08-04 21:00:00,0.7825,0.793,0.7821,0.7893,96442.2,2025-08-04 21:59:59.999,75937.9862,1237,46122.9,36303.9294
2025-08-04 22:00:00,0.7896,0.792,0.7872,0.7888,67024.2,2025-08-04 22:59:59.999,52923.3543,1415,31630.8,24978.42496
2025-08-04 23:00:00,0.7887,0.7889,0.785,0.7882,53724.4,2025-08-04 23:59:59.999,42272.9465,1126,31068.4,24442.96585
2025-08-05 00:00:00,0.7882,0.7965,0.785,0.792,150096.4,2025-08-05 00:59:59.999,118935.73838,1811,50773.0,40183.63507
2025-08-05 01:00:00,0.7918,0.7983,0.7861,0.7875,150158.7,2025-08-05 01:59:59.999,118979.17949,2633,72404.0,57359.81679
2025-08-05 02:00:00,0.7876,0.8049,0.7873,0.7976,309425.8,2025-08-05 02:59:59.999,246985.04155,3833,139076.6,110963.99487
2025-08-05 03:00:00,0.7974,0.8035,0.7904,0.7988,819838.1,2025-08-05 03:59:59.999,655124.30109,6846,410404.0,327997.77699
2025-08-05 04:00:00,0.7986,0.8002,0.7821,0.7884,465371.5,2025-08-05 04:59:59.999,367248.70232,4634,223345.3,176219.54203
2025-08-05 05:00:00,0.7885,0.7911,0.7785,0.7803,319821.3,2025-08-05 05:59:59.999,250772.58082,2868,143748.1,112662.81705
2025-08-05 06:00:00,0.7802,0.7879,0.7773,0.7799,162609.2,2025-08-05 06:59:59.999,127137.15478,2259,98450.7,77024.66108
2025-08-05 07:00:00,0.7798,0.78,0.7681,0.7716,141958.9,2025-08-05 07:59:59.999,109953.49695,2709,75874.4,58720.03782
2025-08-05 08:00:00,0.7714,0.7774,0.7693,0.7718,102500.9,2025-08-05 08:59:59.999,79276.32145,1907,61012.2,47181.28995
2025-08-05 09:00:00,0.7717,0.7849,0.7711,0.784,65608.0,2025-08-05 09:59:59.999,50926.66953,1369,36863.2,28622.54736
2025-08-05 10:00:00,0.7839,0.7929,0.7802,0.7916,230117.0,2025-08-05 10:59:59.999,181087.79696,3084,115271.4,90790.84789
2025-08-05 11:00:00,0.7917,0.8105,0.7909,0.8093,409419.7,2025-08-05 11:59:59.999,328976.11733,4618,193173.3,155205.42183
2025-08-05 12:00:00,0.8093,0.8201,0.7973,0.8173,1112489.0,2025-08-05 12:59:59.999,899825.35555,12526,555470.9,449136.64659
2025-08-05 13:00:00,0.8172,0.8298,0.8013,0.8102,2006751.6,2025-08-05 13:59:59.999,1640544.48431,17563,1092343.6,892657.79756
2025-08-05 14:00:00,0.8102,0.813,0.7901,0.7915,607584.7,2025-08-05 14:59:59.999,483873.70935,10831,283723.8,225940.24026
2025-08-05 15:00:00,0.7914,0.7914,0.7716,0.7757,366338.6,2025-08-05 15:59:59.999,286014.44104,5957,183781.6,143410.19008
2025-08-05 16:00:00,0.7755,0.7825,0.7685,0.7707,280380.9,2025-08-05 16:59:59.999,217442.55062,5180,144806.1,112312.54697
2025-08-05 17:00:00,0.7706,0.7783,0.7671,0.7769,302827.1,2025-08-05 17:59:59.999,233826.76914,4177,172936.5,133513.76008
2025-08-05 18:00:00,0.7768,0.7834,0.7744,0.7785,192674.3,2025-08-05 18:59:59.999,149978.00133,3890,75727.0,58948.53447
2025-08-05 19:00:00,0.7786,0.7836,0.7672,0.7688,116855.5,2025-08-05 19:59:59.999,90425.82381,3455,64220.8,49709.32536
2025-08-05 20:00:00,0.7687,0.7774,0.7681,0.7685,124437.3,2025-08-05 20:59:59.999,96053.24169,2655,72384.0,55891.98089
2025-08-05 21:00:00,0.7685,0.7685,0.7596,0.7627,159229.6,2025-08-05 21:59:59.999,121695.26863,1695,72122.5,55128.9013
2025-08-05 22:00:00,0.7617,0.7691,0.7565,0.7685,227294.4,2025-08-05 22:59:59.999,173597.61234,3244,105219.6,80397.53734
2025-08-05 23:00:00,0.7685,0.7736,0.7661,0.7676,123425.4,2025-08-05 23:59:59.999,94954.14745,2965,61773.7,47527.8099
2025-08-06 00:00:00,0.7676,0.768,0.7532,0.7553,169507.7,2025-08-06 00:59:59.999,128974.9777,3226,90815.1,69126.57321
2025-08-06 01:00:00,0.7553,0.7609,0.7514,0.7608,133455.0,2025-08-06 01:59:59.999,100781.01442,3382,67859.9,51250.83798
2025-08-06 02:00:00,0.7607,0.7612,0.7535,0.7604,137518.2,2025-08-06 02:59:59.999,104226.55458,2269,72410.7,54860.27051
2025-08-06 03:00:00,0.7605,0.7608,0.753,0.7551,97627.6,2025-08-06 03:59:59.999,73823.88476,2167,53282.7,40280.79843
2025-08-06 04:00:00,0.755,0.7551,0.7468,0.7509,133806.2,2025-08-06 04:59:59.999,100515.31433,2077,56794.9,42666.18919
2025-08-06 05:00:00,0.7507,0.7689,0.7493,0.7605,219706.4,2025-08-06 05:59:59.999,167216.98346,4289,125371.0,95335.66817
2025-08-06 06:00:00,0.7601,0.7637,0.7551,0.7621,78061.9,2025-08-06 06:59:59.999,59298.16818,2073,40045.8,30425.00304
2025-08-06 07:00:00,0.7621,0.7677,0.7604,0.7636,104990.6,2025-08-06 07:59:59.999,80230.81165,2635,63733.5,48689.25626
2025-08-06 08:00:00,0.7636,0.7648,0.7562,0.7581,75909.2,2025-08-06 08:59:59.999,57726.92534,2541,46586.4,35422.69929
2025-08-06 09:00:00,0.758,0.7664,0.7562,0.7572,162588.2,2025-08-06 09:59:59.999,123702.93395,2670,81570.2,62050.12873
2025-08-06 10:00:00,0.7573,0.761,0.7525,0.7564,207501.4,2025-08-06 10:59:59.999,157205.24037,2732,112758.6,85418.20044
2025-08-06 11:00:00,0.7565,0.7635,0.7552,0.7613,97551.6,2025-08-06 11:59:59.999,73978.54586,1784,36630.3,27800.51966
2025-08-06 12:00:00,0.7613,0.7664,0.7553,0.756,91465.0,2025-08-06 12:59:59.999,69632.10635,3271,55881.5,42527.9482
2025-08-06 13:00:00,0.7561,0.7643,0.7532,0.7624,147144.9,2025-08-06 13:59:59.999,111608.5376,5099,82507.3,62579.1852
2025-08-06 14:00:00,0.7625,0.7751,0.7581,0.7741,199483.7,2025-08-06 14:59:59.999,152762.12272,6254,108678.5,83233.57371
2025-08-06 15:00:00,0.7743,0.7878,0.7725,0.7861,173568.9,2025-08-06 15:59:59.999,135088.5726,3923,94132.7,73306.54686
2025-08-06 16:00:00,0.7863,0.7876,0.7759,0.7798,125620.9,2025-08-06 16:59:59.999,98224.8799,2770,55005.1,42980.18524
2025-08-06 17:00:00,0.7798,0.7859,0.7756,0.7859,72856.8,2025-08-06 17:59:59.999,56829.18939,1952,39334.0,30684.53145
2025-08-06 18:00:00,0.7859,0.792,0.7844,0.7857,101683.8,2025-08-06 18:59:59.999,80181.38668,1917,39889.1,31453.89395
2025-08-06 19:00:00,0.7858,0.787,0.783,0.7869,64223.2,2025-08-06 19:59:59.999,50420.2148,1317,38604.2,30316.97804
2025-08-06 20:00:00,0.787,0.7871,0.7797,0.7805,35979.9,2025-08-06 20:59:59.999,28134.57075,1275,14647.8,11448.02014
2025-08-06 21:00:00,0.7804,0.7844,0.779,0.7844,59048.7,2025-08-06 21:59:59.999,46162.09105,1019,29574.6,23119.02228
2025-08-06 22:00:00,0.7845,0.7845,0.7805,0.7815,38076.2,2025-08-06 22:59:59.999,29781.04055,1205,16065.2,12567.71801
2025-08-06 23:00:00,0.7815,0.7817,0.7792,0.7801,33328.0,2025-08-06 23:59:59.999,25999.20186,856,21663.6,16900.40369
2025-08-07 00:00:00,0.78,0.7933,0.7799,0.7926,161651.8,2025-08-07 00:59:59.999,127331.44627,2296,77170.4,60752.0941
2025-08-07 01:00:00,0.7927,0.7937,0.7821,0.783,151474.8,2025-08-07 01:59:59.999,119312.33579,2656,71742.7,56478.81064
2025-08-07 02:00:00,0.7829,0.7862,0.7799,0.7809,53891.0,2025-08-07 02:59:59.999,42171.31286,1448,28645.9,22413.77826
2025-08-07 03:00:00,0.7809,0.788,0.7806,0.7827,94232.9,2025-08-07 03:59:59.999,73847.48421,1640,41776.2,32736.03275
2025-08-07 04:00:00,0.7827,0.787,0.7808,0.7823,76511.2,2025-08-07 04:59:59.999,59897.85933,1330,39399.1,30845.69409
2025-08-07 05:00:00,0.7821,0.7838,0.7788,0.7829,169981.8,2025-08-07 05:59:59.999,132797.9916,2069,73855.6,57709.29819
2025-08-07 06:00:00,0.7831,0.7868,0.7812,0.7821,128272.4,2025-08-07 06:59:59.999,100641.55714,2276,57093.4,44801.95344
2025-08-07 07:00:00,0.7822,0.7851,0.7792,0.7808,89335.1,2025-08-07 07:59:59.999,69864.31757,1784,37853.8,29604.38001
2025-08-07 08:00:00,0.7809,0.7905,0.7807,0.7833,74752.6,2025-08-07 08:59:59.999,58734.37425,1696,28648.1,22493.39846
2025-08-07 09:00:00,0.7833,0.7836,0.7789,0.7819,108280.0,2025-08-07 09:59:59.999,84497.6854,1560,44873.4,35041.72487
2025-08-07 10:00:00,0.7818,0.8001,0.7808,0.7998,256850.8,2025-08-07 10:59:59.999,203781.64413,3469,149138.2,118281.74782
2025-08-07 11:00:00,0.8,0.8048,0.7982,0.8041,231272.3,2025-08-07 11:59:59.999,185262.86275,2569,137398.6,110039.06215
2025-08-07 12:00:00,0.8042,0.8058,0.7951,0.7996,156125.0,2025-08-07 12:59:59.999,124915.05202,2329,62905.7,50305.05586
2025-08-07 13:00:00,0.7997,0.8044,0.7981,0.7998,114986.3,2025-08-07 13:59:59.999,92111.01886,2147,65375.3,52346.62449
2025-08-07 14:00:00,0.7999,0.8,0.784,0.785,235559.4,2025-08-07 14:59:59.999,186026.10506,2955,109062.4,86168.81858
2025-08-07 15:00:00,0.785,0.7934,0.7827,0.791,148027.8,2025-08-07 15:59:59.999,116658.32781,2267,68109.8,53691.33144
2025-08-07 16:00:00,0.7911,0.7912,0.774,0.7845,165831.7,2025-08-07 16:59:59.999,129874.08261,2880,79956.5,62610.13767
2025-08-07 17:00:00,0.7844,0.7849,0.7796,0.7811,101376.3,2025-08-07 17:59:59.999,79294.06708,2637,44514.9,34833.04418
2025-08-07 18:00:00,0.7812,0.7849,0.7787,0.7846,100572.0,2025-08-07 18:59:59.999,78594.44027,1746,67009.5,52374.86205
2025-08-07 19:00:00,0.7847,0.7953,0.7832,0.7944,155743.1,2025-08-07 19:59:59.999,122958.19695,2308,66488.3,52517.17461
2025-08-07 20:00:00,0.7945,0.7999,0.7939,0.7979,107021.9,2025-08-07 20:59:59.999,85342.49897,1923,44864.0,35778.93795
2025-08-07 21:00:00,0.798,0.8035,0.7927,0.799,167365.5,2025-08-07 21:59:59.999,133626.15431,1493,99455.9,79382.6506
2025-08-07 22:00:00,0.7991,0.8088,0.7965,0.8082,229498.1,2025-08-07 22:59:59.999,183898.30373,2724,110600.4,88680.54202
2025-08-07 23:00:00,0.8081,0.8097,0.8025,0.8081,86925.5,2025-08-07 23:59:59.999,70090.32131,1699,41857.9,33727.50708
2025-08-08 00:00:00,0.808,0.8279,0.7951,0.8068,1169238.6,2025-08-08 00:59:59.999,949255.25151,17512,618398.7,502233.37126
2025-08-08 01:00:00,0.8069,0.8185,0.797,0.8034,1470599.4,2025-08-08 01:59:59.999,1185791.19437,22566,713484.4,575545.26025
2025-08-08 02:00:00,0.8033,0.8054,0.7984,0.7994,172492.5,2025-08-08 02:59:59.999,138193.14508,3782,68205.4,54643.38808
2025-08-08 03:00:00,0.7995,0.8111,0.7984,0.8023,119679.2,2025-08-08 03:59:59.999,96423.81839,2868,58785.0,47353.60038
2025-08-08 04:00:00,0.8025,0.8095,0.7982,0.8019,302311.6,2025-08-08 04:59:59.999,243698.39045,2976,114093.0,91930.11635
2025-08-08 05:00:00,0.8019,0.806,0.7994,0.8002,100618.2,2025-08-08 05:59:59.999,80653.9014,2034,66397.1,53227.32702
2025-08-08 06:00:00,0.8002,0.8071,0.7985,0.8061,111235.0,2025-08-08 06:59:59.999,89087.41192,2025,40729.5,32641.75451
2025-08-08 07:00:00,0.806,0.8207,0.8014,0.8174,334112.7,2025-08-08 07:59:59.999,271870.13146,4824,177282.0,144173.21493
2025-08-08 08:00:00,0.8173,0.8227,0.8077,0.8087,162191.4,2025-08-08 08:59:59.999,132247.38065,3564,77504.2,63219.69894
2025-08-08 09:00:00,0.8088,0.8167,0.8084,0.8108,128491.3,2025-08-08 09:59:59.999,104288.67113,2712,70249.2,57002.27454
2025-08-08 10:00:00,0.8108,0.8185,0.8098,0.8168,109853.9,2025-08-08 10:59:59.999,89409.76877,2188,61263.8,49853.2089
2025-08-08 11:00:00,0.8168,0.824,0.8165,0.8201,135330.6,2025-08-08 11:59:59.999,111212.71141,2389,70171.1,57671.07047
2025-08-08 12:00:00,0.82,0.8224,0.8139,0.8147,164938.6,2025-08-08 12:59:59.999,134792.22712,2573,96160.8,78591.76895
2025-08-08 13:00:00,0.8146,0.832,0.8131,0.8312,527470.8,2025-08-08 13:59:59.999,433539.66243,5589,240794.3,198247.83813
2025-08-08 14:00:00,0.8312,0.8349,0.8102,0.8139,360724.7,2025-08-08 14:59:59.999,296395.9625,7061,178401.6,146431.70517
2025-08-08 15:00:00,0.814,0.8146,0.7968,0.8002,197518.3,2025-08-08 15:59:59.999,158635.06846,4241,84298.2,67695.10951
2025-08-08 16:00:00,0.8003,0.8082,0.8003,0.8071,152279.9,2025-08-08 16:59:59.999,122400.14062,3150,97125.2,78058.94119
2025-08-08 17:00:00,0.807,0.8224,0.807,0.8222,221834.4,2025-08-08 17:59:59.999,181003.81182,4767,96435.6,78707.46093
2025-08-08 18:00:00,0.8223,0.824,0.8161,0.8175,174711.8,2025-08-08 18:59:59.999,143310.62846,4237,82478.4,67650.12903
2025-08-08 19:00:00,0.8174,0.823,0.815,0.8226,95776.1,2025-08-08 19:59:59.999,78397.58667,2067,62389.0,51067.8344
2025-08-08 20:00:00,0.8226,0.8247,0.8174,0.8236,133674.2,2025-08-08 20:59:59.999,109864.98346,2101,60953.7,50103.82679
2025-08-08 21:00:00,0.8236,0.833,0.8233,0.8296,165253.0,2025-08-08 21:59:59.999,136800.74012,1754,105307.1,87138.70042
2025-08-08 22:00:00,0.8305,0.8325,0.8253,0.8268,204782.1,2025-08-08 22:59:59.999,169647.16025,1924,101853.3,84351.65021
2025-08-08 23:00:00,0.8266,0.8271,0.8201,0.823,116167.9,2025-08-08 23:59:59.999,95734.25395,1634,55879.2,46044.41594
2025-08-09 00:00:00,0.823,0.8301,0.823,0.8236,200183.0,2025-08-09 00:59:59.999,165391.43841,2613,118081.5,97482.77259
2025-08-09 01:00:00,0.8235,0.8293,0.8216,0.8286,68847.2,2025-08-09 01:59:59.999,56792.00038,1631,28969.1,23910.40402
2025-08-09 02:00:00,0.8286,0.833,0.8263,0.8274,111932.3,2025-08-09 02:59:59.999,92895.19914,1386,64634.9,53637.66707
2025-08-09 03:00:00,0.8273,0.8296,0.8251,0.8271,54439.7,2025-08-09 03:59:59.999,45037.57857,1375,23047.5,19062.98202
2025-08-09 04:00:00,0.8272,0.8312,0.8248,0.8295,103379.7,2025-08-09 04:59:59.999,85611.88195,1877,69111.9,57225.5799
2025-08-09 05:00:00,0.8294,0.856,0.8277,0.8528,349435.0,2025-08-09 05:59:59.999,295083.3885,5082,196166.5,165503.02629
2025-08-09 06:00:00,0.8527,0.8527,0.8408,0.8426,183870.0,2025-08-09 06:59:59.999,155384.15124,3464,92949.4,78526.59239
2025-08-09 07:00:00,0.8425,0.8548,0.8421,0.8516,199263.5,2025-08-09 07:59:59.999,169494.45614,2457,86734.3,73742.62057
2025-08-09 08:00:00,0.8515,0.8959,0.8513,0.8796,2635811.1,2025-08-09 08:59:59.999,2310776.13541,19047,1210666.5,1062109.58618
2025-08-09 09:00:00,0.8796,0.9115,0.8721,0.8839,2965350.4,2025-08-09 09:59:59.999,2650721.64743,26279,1671528.9,1493508.20337
2025-08-09 10:00:00,0.884,0.9342,0.884,0.9221,3394130.3,2025-08-09 10:59:59.999,3123848.78631,35189,1845474.5,1697280.34149
2025-08-09 11:00:00,0.922,0.9726,0.9169,0.9679,3720016.8,2025-08-09 11:59:59.999,3511441.39291,37078,1920170.7,1813221.42697
2025-08-09 12:00:00,0.9677,0.9995,0.9456,0.9485,4792416.2,2025-08-09 12:59:59.999,4666404.19342,53663,2337692.0,2275584.04568
2025-08-09 13:00:00,0.9486,0.9534,0.9283,0.9297,1655635.9,2025-08-09 13:59:59.999,1555799.44098,20583,920730.1,865205.34509
2025-08-09 14:00:00,0.9297,0.9375,0.9246,0.9333,840381.0,2025-08-09 14:59:59.999,782524.39391,9957,398523.8,371140.3184
2025-08-09 15:00:00,0.9332,0.9334,0.9192,0.9209,855547.3,2025-08-09 15:59:59.999,790978.74226,9824,478008.3,441889.97906
2025-08-09 16:00:00,0.9209,0.9328,0.9157,0.917,688051.7,2025-08-09 16:59:59.999,635310.52051,7060,377466.2,348216.88977
2025-08-09 17:00:00,0.9168,0.9253,0.9146,0.9238,592928.1,2025-08-09 17:59:59.999,545575.72561,5201,290894.0,267778.92067
2025-08-09 18:00:00,0.9236,0.9246,0.9167,0.9214,276973.8,2025-08-09 18:59:59.999,254933.25904,2534,128771.6,118531.37284
2025-08-09 19:00:00,0.9213,0.9292,0.9189,0.9226,289575.1,2025-08-09 19:59:59.999,267342.26588,3057,146204.3,134900.80054
2025-08-09 20:00:00,0.9227,0.9276,0.9181,0.9276,329471.4,2025-08-09 20:59:59.999,303843.77597,2631,162969.4,150289.57024
2025-08-09 21:00:00,0.9277,0.9282,0.909,0.9156,573764.5,2025-08-09 21:59:59.999,525687.23366,3136,239159.2,219196.97445
2025-08-09 22:00:00,0.9155,0.9208,0.9066,0.9121,456426.1,2025-08-09 22:59:59.999,417050.30806,4457,222547.1,203336.35206
2025-08-09 23:00:00,0.9123,0.9132,0.9046,0.9061,517390.4,2025-08-09 23:59:59.999,469386.56101,3968,279978.7,253935.4576
2025-08-10 00:00:00,0.9061,0.908,0.8989,0.9019,677835.6,2025-08-10 00:59:59.999,612250.47418,7684,297094.4,268261.88236
2025-08-10 01:00:00,0.9018,0.904,0.895,0.9003,491651.3,2025-08-10 01:59:59.999,442222.02687,4631,191769.1,172397.33731
2025-08-10 02:00:00,0.9002,0.9028,0.8888,0.889,215556.6,2025-08-10 02:59:59.999,192887.14863,2478,97058.8,86765.70374
2025-08-10 03:00:00,0.8889,0.8973,0.8861,0.8957,278424.0,2025-08-10 03:59:59.999,248348.64268,3292,161664.1,144255.99562
2025-08-10 04:00:00,0.8958,0.905,0.8951,0.9042,341332.7,2025-08-10 04:59:59.999,307440.02239,3054,179478.2,161671.85916
2025-08-10 05:00:00,0.9041,0.9051,0.8921,0.8921,477827.6,2025-08-10 05:59:59.999,430045.0825,3265,220245.5,198312.63228
2025-08-10 06:00:00,0.8921,0.8924,0.8827,0.8846,456644.6,2025-08-10 06:59:59.999,404634.92874,3182,207448.4,184001.85572
2025-08-10 07:00:00,0.8845,0.8881,0.8703,0.8716,441462.5,2025-08-10 07:59:59.999,387917.85291,3879,255198.1,224166.46896
2025-08-10 08:00:00,0.8716,0.8802,0.8635,0.8793,282356.5,2025-08-10 08:59:59.999,246258.41256,2672,129183.1,112799.04821
2025-08-10 09:00:00,0.8793,0.8812,0.8723,0.8735,257659.4,2025-08-10 09:59:59.999,225740.20395,2630,126236.8,110613.54838
2025-08-10 10:00:00,0.8735,0.8748,0.862,0.8662,321150.7,2025-08-10 10:59:59.999,278847.49208,3875,118323.9,102705.208
2025-08-10 11:00:00,0.8663,0.868,0.8602,0.861,249334.5,2025-08-10 11:59:59.999,215445.98547,3203,103831.6,89741.99797
2025-08-10 12:00:00,0.861,0.8741,0.8606,0.8735,324201.4,2025-08-10 12:59:59.999,281938.29336,4089,197287.3,171679.61448
2025-08-10 13:00:00,0.8734,0.8753,0.8698,0.8732,235905.2,2025-08-10 13:59:59.999,205841.66122,4714,140437.7,122517.97516
2025-08-10 14:00:00,0.8731,0.8942,0.8699,0.8912,795982.4,2025-08-10 14:59:59.999,704591.94717,7313,434503.2,384155.1112
2025-08-10 15:00:00,0.8913,0.8926,0.8843,0.8856,274979.9,2025-08-10 15:59:59.999,244184.29776,4957,136208.2,120932.13157
2025-08-10 16:00:00,0.8855,0.8871,0.8789,0.8807,135514.7,2025-08-10 16:59:59.999,119551.2401,3038,70578.5,62265.67169
2025-08-10 17:00:00,0.8806,0.8858,0.8786,0.881,119976.5,2025-08-10 17:59:59.999,105895.27773,2800,59485.4,52491.8919
2025-08-10 18:00:00,0.8809,0.8875,0.8805,0.8871,66978.3,2025-08-10 18:59:59.999,59278.41162,1529,40596.2,35933.44334
2025-08-10 19:00:00,0.887,0.889,0.8831,0.8834,301289.9,2025-08-10 19:59:59.999,266751.49952,2104,138881.5,122946.67471
2025-08-10 20:00:00,0.8833,0.8844,0.8765,0.8771,170411.0,2025-08-10 20:59:59.999,150067.95535,2289,88193.1,77657.41666
2025-08-10 21:00:00,0.8772,0.8777,0.8696,0.8766,147508.4,2025-08-10 21:59:59.999,128818.81932,1894,76988.9,67231.47907
2025-08-10 22:00:00,0.8767,0.877,0.8701,0.8747,133892.3,2025-08-10 22:59:59.999,116891.2301,2888,80559.2,70295.55793
2025-08-10 23:00:00,0.8748,0.8818,0.8723,0.881,86930.8,2025-08-10 23:59:59.999,76373.19215,2173,37427.8,32870.40346
2025-08-11 00:00:00,0.881,0.881,0.8706,0.8706,366522.7,2025-08-11 00:59:59.999,320452.46231,4326,127813.3,111688.74064
2025-08-11 01:00:00,0.8705,0.8844,0.87,0.8823,146930.7,2025-08-11 01:59:59.999,129025.30779,3686,70766.6,62073.73178
2025-08-11 02:00:00,0.8823,0.8925,0.8823,0.8902,221236.9,2025-08-11 02:59:59.999,196823.95046,4468,92363.1,82192.09234
2025-08-11 03:00:00,0.8902,0.8902,0.8814,0.8868,198041.5,2025-08-11 03:59:59.999,175533.86872,3827,72809.5,64526.35139
2025-08-11 04:00:00,0.8869,0.8973,0.8868,0.8906,264317.3,2025-08-11 04:59:59.999,235949.42412,4366,137011.4,122277.56328
2025-08-11 05:00:00,0.8905,0.8908,0.8852,0.8866,172784.7,2025-08-11 05:59:59.999,153435.39005,3474,68248.0,60622.4137
2025-08-11 06:00:00,0.8867,0.8872,0.878,0.8791,196383.1,2025-08-11 06:59:59.999,173267.45518,3228,102327.4,90289.30374
2025-08-11 07:00:00,0.8792,0.8807,0.8693,0.8712,142022.8,2025-08-11 07:59:59.999,124098.02929,2801,46070.9,40289.29846
2025-08-11 08:00:00,0.8711,0.8802,0.8688,0.8752,220400.8,2025-08-11 08:59:59.999,192953.89062,3319,101859.6,89096.85591
2025-08-11 09:00:00,0.8754,0.8885,0.8753,0.8799,518445.4,2025-08-11 09:59:59.999,457357.48602,4314,379608.6,334944.28025
2025-08-11 10:00:00,0.88,0.8889,0.8776,0.8846,228790.0,2025-08-11 10:59:59.999,202108.95601,4221,135085.2,119321.16118
2025-08-11 11:00:00,0.8847,0.8852,0.8638,0.8683,263495.2,2025-08-11 11:59:59.999,229752.3908,6622,107839.2,93906.83789
2025-08-11 12:00:00,0.8684,0.8743,0.8164,0.8285,2164658.7,2025-08-11 12:59:59.999,1812395.3827,21993,966631.3,808645.87253
2025-08-11 13:00:00,0.8286,0.8389,0.8252,0.8389,299729.9,2025-08-11 13:59:59.999,249041.91674,7345,158642.5,131809.26166
2025-08-11 14:00:00,0.839,0.8468,0.8351,0.8371,252095.0,2025-08-11 14:59:59.999,211903.23359,5060,122414.6,102896.16471
2025-08-11 15:00:00,0.8373,0.8394,0.8317,0.8359,137234.3,2025-08-11 15:59:59.999,114630.9057,4126,62801.5,52443.05901
2025-08-11 16:00:00,0.836,0.8487,0.8353,0.8415,298069.8,2025-08-11 16:59:59.999,251676.14212,6272,133257.1,112486.9437
2025-08-11 17:00:00,0.8414,0.8455,0.8332,0.8356,130253.0,2025-08-11 17:59:59.999,109162.62655,3961,70106.5,58741.47666
2025-08-11 18:00:00,0.8356,0.8411,0.8295,0.8369,138147.7,2025-08-11 18:59:59.999,115455.81332,3555,67163.2,56122.54794
2025-08-11 19:00:00,0.8368,0.8371,0.8227,0.831,174202.4,2025-08-11 19:59:59.999,144463.65191,3292,56184.0,46632.10633
2025-08-11 20:00:00,0.8309,0.831,0.8186,0.8232,391893.4,2025-08-11 20:59:59.999,322288.662,4236,154832.1,127272.96397
2025-08-11 21:00:00,0.8233,0.8299,0.8116,0.8169,222522.7,2025-08-11 21:59:59.999,182415.29999,2070,91473.2,75071.72318
2025-08-11 22:00:00,0.817,0.8179,0.8075,0.8167,188959.2,2025-08-11 22:59:59.999,153602.25783,3662,104838.2,85237.71983
2025-08-11 23:00:00,0.8166,0.8206,0.8154,0.8169,57968.0,2025-08-11 23:59:59.999,47459.62677,1839,32308.5,26456.06551
2025-08-12 00:00:00,0.8168,0.8223,0.8145,0.8191,223100.3,2025-08-12 00:59:59.999,182446.23216,3776,80756.3,66045.6913
2025-08-12 01:00:00,0.819,0.8246,0.8168,0.8224,108923.1,2025-08-12 01:59:59.999,89476.43583,2452,58579.8,48138.94527
2025-08-12 02:00:00,0.8224,0.8316,0.8214,0.8249,132093.1,2025-08-12 02:59:59.999,109171.8771,2229,71805.2,59312.34872
2025-08-12 03:00:00,0.8248,0.8271,0.8167,0.8168,103138.6,2025-08-12 03:59:59.999,84752.59074,2160,48990.6,40270.05185
2025-08-12 04:00:00,0.8167,0.824,0.8152,0.8188,89435.6,2025-08-12 04:59:59.999,73253.55079,1934,46834.4,38364.79022
2025-08-12 05:00:00,0.8187,0.8187,0.8102,0.8109,136507.1,2025-08-12 05:59:59.999,110971.23434,2408,64723.5,52622.74846
2025-08-12 06:00:00,0.8108,0.8153,0.8056,0.8098,208330.1,2025-08-12 06:59:59.999,168953.03727,2813,119094.8,96568.11259
2025-08-12 07:00:00,0.8097,0.8185,0.8097,0.8175,74118.5,2025-08-12 07:59:59.999,60456.42437,1692,42223.1,34442.4333
2025-08-12 08:00:00,0.8176,0.8176,0.8099,0.8099,213832.1,2025-08-12 08:59:59.999,173916.19694,2254,137666.6,111975.35376
2025-08-12 09:00:00,0.8098,0.8324,0.8058,0.8273,1075847.5,2025-08-12 09:59:59.999,882217.41212,8392,529042.0,433618.71616
2025-08-12 10:00:00,0.8272,0.8469,0.8232,0.8417,1720173.9,2025-08-12 10:59:59.999,1438960.27812,17481,959717.1,803225.40256
2025-08-12 11:00:00,0.8417,0.8815,0.8361,0.8781,2553300.9,2025-08-12 11:59:59.999,2195565.48323,26078,1273909.5,1096155.28213
2025-08-12 12:00:00,0.8779,0.9655,0.8704,0.9039,6234582.4,2025-08-12 12:59:59.999,5703844.27597,72360,3217192.7,2939788.03235
2025-08-12 13:00:00,0.904,0.9138,0.8796,0.8882,2901370.1,2025-08-12 13:59:59.999,2600454.57337,29821,1581368.5,1418919.30904
2025-08-12 14:00:00,0.8881,0.9078,0.8838,0.8871,1443192.7,2025-08-12 14:59:59.999,1289373.60533,13396,714516.5,638156.09046
2025-08-12 15:00:00,0.8872,0.898,0.8806,0.8975,992600.4,2025-08-12 15:59:59.999,883066.18232,10656,479198.6,426582.94904
2025-08-12 16:00:00,0.8976,0.8999,0.8655,0.8719,1582422.1,2025-08-12 16:59:59.999,1394961.69898,12016,551108.2,486192.10629
2025-08-12 17:00:00,0.8719,0.8821,0.8706,0.8785,411028.6,2025-08-12 17:59:59.999,360110.90571,3990,230939.7,202407.74757
2025-08-12 18:00:00,0.8786,0.8831,0.8721,0.8752,160838.0,2025-08-12 18:59:59.999,141241.66119,2069,81410.2,71476.60675
2025-08-12 19:00:00,0.8752,0.878,0.8701,0.8704,227648.4,2025-08-12 19:59:59.999,198751.5105,2139,138478.1,120906.05364
2025-08-12 20:00:00,0.8703,0.8773,0.8675,0.8768,305883.2,2025-08-12 20:59:59.999,267031.2063,2833,143646.8,125325.61165
2025-08-12 21:00:00,0.8768,0.8768,0.8632,0.8658,382460.4,2025-08-12 21:59:59.999,332829.73107,2997,203043.0,176582.35437
2025-08-12 22:00:00,0.8659,0.8673,0.8576,0.865,844189.1,2025-08-12 22:59:59.999,727437.86895,7873,295624.8,254782.30181
2025-08-12 23:00:00,0.8651,0.8691,0.8604,0.866,481450.3,2025-08-12 23:59:59.999,416909.67715,3286,227855.8,197315.29613
2025-08-13 00:00:00,0.8659,0.8687,0.8605,0.8633,533797.5,2025-08-13 00:59:59.999,461370.15651,4120,320717.8,277160.63687
2025-08-13 01:00:00,0.8633,0.8635,0.853,0.8564,281598.2,2025-08-13 01:59:59.999,241174.892,3116,153045.9,131093.06197
2025-08-13 02:00:00,0.8563,0.8586,0.8515,0.8582,127110.2,2025-08-13 02:59:59.999,108577.99753,1462,44692.7,38189.68639
2025-08-13 03:00:00,0.8583,0.8655,0.8563,0.8642,552959.2,2025-08-13 03:59:59.999,477191.81862,2901,169001.1,145737.95545
2025-08-13 04:00:00,0.8642,0.8685,0.8604,0.8635,410578.7,2025-08-13 04:59:59.999,354711.59263,3937,314119.5,271313.66889
2025-08-13 05:00:00,0.8636,0.8655,0.8532,0.8544,171245.5,2025-08-13 05:59:59.999,147317.98188,2290,44117.7,37902.00913
2025-08-13 06:00:00,0.8543,0.8582,0.85,0.8528,154861.5,2025-08-13 06:59:59.999,132268.19776,3362,68957.6,58882.02035
2025-08-13 07:00:00,0.8528,0.8609,0.8523,0.8605,175401.5,2025-08-13 07:59:59.999,150132.46664,2903,97142.2,83116.99065
2025-08-13 08:00:00,0.8604,0.8686,0.8583,0.8686,229512.2,2025-08-13 08:59:59.999,198435.12387,3027,139517.7,120635.45521
2025-08-13 09:00:00,0.8685,0.8851,0.8667,0.8837,462723.8,2025-08-13 09:59:59.999,405432.38744,5345,248276.3,217536.84023
2025-08-13 10:00:00,0.8838,0.8905,0.8816,0.8857,599982.3,2025-08-13 10:59:59.999,531878.28591,6697,353095.7,313010.71747
2025-08-13 11:00:00,0.8858,0.888,0.8801,0.8871,235544.4,2025-08-13 11:59:59.999,208240.66997,3298,103192.5,91216.73109
2025-08-13 12:00:00,0.8872,0.8878,0.8764,0.8777,471455.2,2025-08-13 12:59:59.999,415406.02033,4284,266256.6,234553.74188
2025-08-13 13:00:00,0.8778,0.8908,0.875,0.8831,402471.5,2025-08-13 13:59:59.999,355851.82863,5738,228091.8,201725.69681
2025-08-13 14:00:00,0.8832,0.8849,0.8713,0.8739,400371.5,2025-08-13 14:59:59.999,351031.25598,7694,204027.2,178907.17629
2025-08-13 15:00:00,0.874,0.8807,0.8645,0.8764,387000.0,2025-08-13 15:59:59.999,337970.80902,6525,153468.9,133988.24212
2025-08-13 16:00:00,0.8765,0.8839,0.873,0.8749,255778.3,2025-08-13 16:59:59.999,224453.29327,5179,110287.6,96810.59592
2025-08-13 17:00:00,0.8749,0.8815,0.8722,0.8791,162773.1,2025-08-13 17:59:59.999,142681.77498,2816,68196.0,59767.23987
2025-08-13 18:00:00,0.879,0.8798,0.8664,0.8731,206737.6,2025-08-13 18:59:59.999,180281.3614,4049,93837.7,81790.85116
2025-08-13 19:00:00,0.873,0.8814,0.8723,0.8814,91364.9,2025-08-13 19:59:59.999,80095.65086,2378,39118.7,34289.93341
2025-08-13 20:00:00,0.8814,0.8829,0.8758,0.8776,173289.5,2025-08-13 20:59:59.999,152366.45008,2632,97050.5,85381.11329
2025-08-13 21:00:00,0.8776,0.8816,0.8757,0.8778,138669.7,2025-08-13 21:59:59.999,121826.14081,1588,45125.5,39677.40245
2025-08-13 22:00:00,0.8778,0.8885,0.8769,0.8852,252891.8,2025-08-13 22:59:59.999,223055.95537,3227,155940.1,137588.93597
2025-08-13 23:00:00,0.8851,0.8898,0.8846,0.8873,132835.4,2025-08-13 23:59:59.999,117858.96289,2715,69499.3,61670.44766
2025-08-14 00:00:00,0.8873,0.8873,0.8737,0.8739,448852.0,2025-08-14 00:59:59.999,394563.50862,5414,225905.3,198381.82979
2025-08-14 01:00:00,0.8739,0.8843,0.8683,0.8826,444150.9,2025-08-14 01:59:59.999,388229.56714,5592,229502.0,200623.70176
2025-08-14 02:00:00,0.8826,0.8857,0.8758,0.8853,116212.4,2025-08-14 02:59:59.999,102390.76623,3440,51852.1,45689.22938
2025-08-14 03:00:00,0.8853,0.9002,0.884,0.891,314058.9,2025-08-14 03:59:59.999,280394.7069,4858,114745.7,102485.02308
2025-08-14 04:00:00,0.8911,0.8955,0.8865,0.8866,159413.1,2025-08-14 04:59:59.999,141987.92311,2899,65416.1,58264.42094
2025-08-14 05:00:00,0.8867,0.8911,0.8791,0.8813,163884.6,2025-08-14 05:59:59.999,144905.8239,2872,82978.1,73386.33349
2025-08-14 06:00:00,0.8812,0.8841,0.873,0.8835,213394.1,2025-08-14 06:59:59.999,187453.59352,4680,86585.1,76079.58545
2025-08-14 07:00:00,0.8834,0.8842,0.8726,0.8775,185452.0,2025-08-14 07:59:59.999,162632.45905,4141,80463.3,70538.26537
2025-08-14 08:00:00,0.8776,0.879,0.8696,0.8732,447692.0,2025-08-14 08:59:59.999,391385.71905,5883,186296.0,162849.0691
2025-08-14 09:00:00,0.8732,0.8845,0.8695,0.8815,401401.1,2025-08-14 09:59:59.999,352948.72596,4796,126034.4,110643.92544
2025-08-14 10:00:00,0.8814,0.8825,0.8657,0.8753,253919.6,2025-08-14 10:59:59.999,222080.66223,5315,130562.2,114313.00051
2025-08-14 11:00:00,0.8753,0.8769,0.8658,0.8676,129468.2,2025-08-14 11:59:59.999,112956.36207,3424,62572.7,54599.22474
2025-08-14 12:00:00,0.8676,0.8736,0.8233,0.8406,1295786.8,2025-08-14 12:59:59.999,1095254.79074,16243,604951.6,511306.2339
2025-08-14 13:00:00,0.8407,0.8628,0.8275,0.8559,1106944.9,2025-08-14 13:59:59.999,940076.46807,17274,421211.8,357204.99746
2025-08-14 14:00:00,0.8561,0.8617,0.8504,0.8528,402429.6,2025-08-14 14:59:59.999,343999.66536,6206,154839.4,132463.44127
2025-08-14 15:00:00,0.8534,0.8558,0.8448,0.8462,206333.9,2025-08-14 15:59:59.999,175409.20317,4524,104354.3,88682.25645
2025-08-14 16:00:00,0.8462,0.8462,0.8291,0.8328,466318.9,2025-08-14 16:59:59.999,390254.09997,7411,245113.8,205229.9388
2025-08-14 17:00:00,0.8328,0.8392,0.8259,0.8388,231561.0,2025-08-14 17:59:59.999,192739.32929,4806,97257.3,81002.70353
2025-08-14 18:00:00,0.8387,0.8468,0.8287,0.8446,189587.1,2025-08-14 18:59:59.999,158979.6307,4235,77439.9,64919.62505
2025-08-14 19:00:00,0.8447,0.8528,0.8447,0.8454,166982.9,2025-08-14 19:59:59.999,141810.3281,2584,88373.3,75048.69024
2025-08-14 20:00:00,0.8453,0.8454,0.8353,0.8418,163516.2,2025-08-14 20:59:59.999,137601.96878,3164,73379.5,61721.04462
2025-08-14 21:00:00,0.8417,0.8417,0.8236,0.8315,219605.5,2025-08-14 21:59:59.999,182521.21115,2586,94792.8,78701.66705
2025-08-14 22:00:00,0.8314,0.8373,0.8263,0.8354,116757.2,2025-08-14 22:59:59.999,97275.58401,2582,50266.1,41873.43627
2025-08-14 23:00:00,0.8353,0.8422,0.8332,0.8344,124356.7,2025-08-14 23:59:59.999,104280.98887,1779,50414.3,42270.20317
2025-08-15 00:00:00,0.8343,0.8391,0.8302,0.8339,82126.6,2025-08-15 00:59:59.999,68601.25772,2849,47007.1,39270.4147
2025-08-15 01:00:00,0.8338,0.845,0.8325,0.8428,88663.5,2025-08-15 01:59:59.999,74467.50816,2626,39267.0,32960.47294
2025-08-15 02:00:00,0.8427,0.8477,0.8406,0.8452,53876.7,2025-08-15 02:59:59.999,45537.14399,1467,20712.2,17503.96462
2025-08-15 03:00:00,0.8451,0.8541,0.8435,0.8501,73696.8,2025-08-15 03:59:59.999,62660.91003,1666,37022.9,31468.50215
2025-08-15 04:00:00,0.8501,0.8541,0.8442,0.8464,60777.2,2025-08-15 04:59:59.999,51582.51544,1806,33585.7,28503.74125
2025-08-15 05:00:00,0.8464,0.8491,0.8429,0.849,90680.5,2025-08-15 05:59:59.999,76675.03961,1414,41866.9,35418.76344
2025-08-15 06:00:00,0.8489,0.8578,0.8486,0.8568,114625.6,2025-08-15 06:59:59.999,97982.39801,1929,50462.5,43117.79105
2025-08-15 07:00:00,0.8567,0.8567,0.8509,0.8547,166299.6,2025-08-15 07:59:59.999,141868.87009,2336,82543.8,70425.03087
2025-08-15 08:00:00,0.8547,0.8561,0.8479,0.8494,201766.7,2025-08-15 08:59:59.999,171850.60628,2425,94228.9,80246.27234
2025-08-15 09:00:00,0.8493,0.8512,0.8388,0.8408,129921.0,2025-08-15 09:59:59.999,109742.73974,2436,47821.6,40381.82356
2025-08-15 10:00:00,0.8408,0.8458,0.838,0.8385,115173.4,2025-08-15 10:59:59.999,96929.94219,2454,58270.8,49037.42874
2025-08-15 11:00:00,0.8386,0.8403,0.8344,0.8376,111778.8,2025-08-15 11:59:59.999,93623.43856,2168,63996.3,53599.19559
2025-08-15 12:00:00,0.8376,0.8493,0.8321,0.8411,270703.9,2025-08-15 12:59:59.999,227726.30147,5912,129975.0,109383.45006
2025-08-15 13:00:00,0.841,0.8427,0.8308,0.8351,177513.3,2025-08-15 13:59:59.999,148458.55278,5302,95595.3,79933.54749
2025-08-15 14:00:00,0.8347,0.838,0.8252,0.8289,281204.0,2025-08-15 14:59:59.999,233553.56175,6111,130990.9,108830.4568
2025-08-15 15:00:00,0.8288,0.8297,0.8093,0.8127,322697.2,2025-08-15 15:59:59.999,264363.21251,7826,158226.1,129519.19243
2025-08-15 16:00:00,0.8126,0.8196,0.8053,0.8173,333383.5,2025-08-15 16:59:59.999,271254.92888,5174,207617.3,168912.33114
2025-08-15 17:00:00,0.8174,0.8235,0.8105,0.8191,107477.5,2025-08-15 17:59:59.999,87958.31355,3450,57934.5,47367.95077
2025-08-15 18:00:00,0.819,0.8229,0.8137,0.8186,168929.8,2025-08-15 18:59:59.999,138186.12986,3258,77725.8,63580.25391
2025-08-15 19:00:00,0.8188,0.8261,0.8167,0.8179,81135.9,2025-08-15 19:59:59.999,66545.85938,2445,35697.0,29287.83379
2025-08-15 20:00:00,0.818,0.8255,0.8156,0.8251,74203.2,2025-08-15 20:59:59.999,60930.05614,2333,33023.1,27118.291
2025-08-15 21:00:00,0.8251,0.828,0.82,0.8274,57703.8,2025-08-15 21:59:59.999,47590.70359,1339,26302.9,21690.5643
2025-08-15 22:00:00,0.8274,0.8342,0.8256,0.8341,31528.3,2025-08-15 22:59:59.999,26167.66841,945,12733.8,10573.31947
2025-08-15 23:00:00,0.8342,0.8369,0.8255,0.8331,70739.7,2025-08-15 23:59:59.999,58849.35053,1613,28668.4,23853.18115
2025-08-16 00:00:00,0.833,0.8437,0.832,0.8436,45110.7,2025-08-16 00:59:59.999,37768.25017,1540,22060.5,18468.31055
